track_id,Birds of Prey,Clutter,Cormorants,Ducks,Geese,Gulls,Pigeons,Songbirds,Waders,mean_RCS,cv_fold
2537685,0.0037599439978182234,5.190929997775471e-06,4.354062614692979e-05,1.488121602407402e-06,1.734211668100687e-05,0.9616201847594468,0.00011547207093293435,0.033074294315072535,0.0013625430623012578,-31.648780487804874,2
2538937,0.02802982978281105,4.479186620370928e-07,6.36127250251581e-07,3.1975546804162036e-07,1.0528764739106462e-06,0.9675966518305594,1.8382024585909197e-05,0.0030738127291761136,0.0012788669550131571,-30.642718446601943,3
2539560,0.0008371546410552483,1.672817731342952e-06,5.1502445216904924e-05,1.840930241496233e-06,2.516793572009721e-06,0.7407722406417443,1.325827220573498e-05,0.25823209248643714,8.772097179588714e-05,-27.4392,4
2541207,3.317555092462307e-05,2.668592130829864e-07,8.459251637916387e-07,6.488220306449058e-07,2.169170303783813e-06,0.006904385695816551,1.7895632558485612e-06,0.9929293132975222,0.00012740511576929465,-32.92413793103448,4
2541221,0.00023027295337017003,6.656638046329703e-07,1.314438995004431e-06,1.208363595120446e-06,4.114497708554555e-06,0.2603779193858332,3.8474406268684484e-05,0.7393268889380928,1.9141352331832223e-05,-31.893333333333327,4
2541333,0.0009394411906413953,2.1262533665350075e-06,6.209741144481698e-05,1.1917087414321412e-06,3.928343511900495e-06,0.5499037612218457,1.4074603921333707e-05,0.44885896591784996,0.00021441334867699298,-32.785714285714285,5
2541877,2.1608760092720962e-05,1.7209644030812435e-05,0.005621237099954315,0.001935036995167802,5.4515726915431435e-05,0.37253868747067675,0.012639737956636447,0.6058568078535195,0.0013151584930061796,-26.222727272727273,2
2543060,0.0003319267610639703,3.987720434454083e-05,0.002182517702664691,0.010636769800984103,7.5724070672435584e-06,0.73949950971973,9.77356434146277e-06,0.2402621441036273,0.007029908736176784,-24.55,5
2544666,0.0018224953623131083,4.0375132320192776e-07,4.511380810933403e-05,2.772927452824805e-07,5.520860334037876e-07,0.9865914044894718,7.635610465901617e-06,0.01150611025916587,2.600734037212496e-05,-28.880303030303033,4
2544721,0.222079728061668,1.0209733433168414e-06,6.502624826965114e-07,3.982637361870851e-06,2.4144961113574728e-06,0.7605360297158866,4.641572767290988e-06,0.017274123686515947,9.7408593862997e-05,-29.67428571428572,3
2545062,5.891593347361407e-05,4.264027198013027e-07,2.269554421735979e-07,1.7695626584165005e-07,4.121160869474048e-07,0.9996031719902246,1.0098946789688867e-06,0.0002797299651581363,5.592978594988677e-05,-29.982266009852214,5
2545789,0.0012887880277795798,2.042131243854625e-06,5.626842579917447e-07,2.4708204542072785e-07,3.144403638234254e-07,0.996933504375136,3.630993150844384e-06,0.0007834143140711667,0.000987495951951193,-30.14788732394366,5
2546005,1.4158916986085159e-05,3.253039295094553e-07,1.6884560746757048e-07,3.129244506081277e-07,2.84983579523185e-07,0.9983236551278832,5.077702947473367e-07,0.0016018334442484301,5.8752683020439655e-05,-30.111940298507463,5
2546959,0.002908665819812811,1.8156263033654697e-07,2.6887220161409776e-07,5.4192520346190585e-06,1.5328940010739927e-06,0.9961582577351817,2.628748960126205e-06,0.0006702137856600669,0.00025283132951742134,-31.171578947368413,2
2547633,0.08091121999141283,1.5574829503702213e-06,5.830109377507209e-07,4.1943756036836377e-07,8.264557888180251e-07,0.9105318747914793,3.1960996930513415e-06,0.004049263991886915,0.004501058738290395,-30.71764705882353,4
2547739,0.004513460263883573,0.0009174641259561764,0.0017521783601472905,2.0264138264992854e-06,5.179289841466907e-06,0.036992526495622895,2.8543003923760948e-05,0.9557156986599922,7.292338680619347e-05,-23.04444444444444,4
2547752,0.01147770570926328,3.978740937250625e-07,3.6462190271130895e-06,1.5022423008337663e-07,3.969173164601778e-07,0.9884053161934582,1.1225437195774206e-06,9.150538723078483e-05,1.97589316610029e-05,-29.336363636363636,3
2548671,0.22781569298575197,4.740384598599522e-06,1.153448910868249e-06,2.9035620960245493e-06,3.475309245173505e-06,0.6455214529714557,0.00010289856484915595,0.12553759124209193,0.0010100915310006224,-31.030232558139534,3
2550468,0.0004751118180097399,2.349460463204883e-06,4.737887601995882e-06,4.2762937879067523e-07,5.861546176546661e-07,0.9982654646147755,4.541719602145284e-06,0.00057662557496252,0.0006701551405882839,-30.666911764705887,5
2551038,0.02673824164721797,1.4932207898089e-06,5.035707216025983e-05,5.365761609800453e-07,6.842504025880052e-07,0.972584953010085,2.345573367934904e-06,0.0004961794228165597,0.00012520922699887804,-30.0609375,1
2551275,0.00015158985824548037,3.587836079707721e-07,2.541500435037463e-07,2.6134796094019197e-07,1.0110806074054615e-06,0.9653546193000457,2.0068158333551065e-05,0.03442647770894934,4.535961220608814e-05,-32.05416666666667,2
2554865,0.006546067259908219,4.0973629803186e-07,3.1114293024960777e-06,8.073329297443429e-07,4.4973846587126507e-07,0.9894736444902408,1.2418059452186817e-06,0.003943772574093746,3.049563281577384e-05,-32.05821917808219,1
2554897,0.00029887214810833863,1.3483928046219727e-06,1.303473393439636e-06,7.126023102205825e-07,1.8687255627637696e-07,0.9992565243968387,3.844950056872527e-07,0.00043275961594304186,7.908003039880193e-06,-28.803571428571427,2
2555581,0.001939970105134637,5.109597218813394e-07,9.118180077347797e-08,1.3605704582886874e-07,2.5723080015465924e-07,0.9973392518368075,1.1858866150162443e-05,0.0006400342171325347,6.788954540650479e-05,-30.385496183206108,2
2556706,0.010796801432349195,4.245587261769623e-06,5.066324864507584e-07,4.430357994542018e-07,2.1367604673746514e-06,0.9695639432202782,1.7769684847044555e-05,0.019526101988052103,8.805165845876906e-05,-31.099999999999998,2
2558952,0.0006802695904054957,1.5095622521722905e-06,1.2853615760172907e-06,5.210862257826461e-07,2.7297708488613023e-06,0.9545951959429468,1.950746755098689e-05,0.04310553051971144,0.001593450698482421,-28.258823529411764,3
2559234,0.0008891300403339201,1.5243902507726556e-06,2.8781850671214103e-06,2.807808844260482e-06,4.450419948030359e-06,0.8805592835978536,0.003061275866144871,0.11501856147061136,0.00046008822094586484,-28.626666666666665,4
2559314,0.0005628664174575311,2.9632980080154144e-06,4.402657158068589e-06,1.7590998478380048e-06,3.26934644988773e-05,0.8317411433315953,6.355481973443564e-05,0.16645531028309954,0.0011353066286003955,-26.87692307692308,3
2560009,0.038104425521947136,2.394777915457175e-06,2.134825076748751e-06,1.222036858356586e-06,7.920525829417908e-07,0.9591332818021315,1.0180161066631921e-05,0.0026476095971144963,9.795922530659183e-05,-30.912195121951218,1
2560243,0.005475923192986919,1.6766043522695933e-06,2.792112561806139e-05,2.914960944676841e-06,3.3724365180848306e-06,0.9698351631518913,0.00022341037715447977,0.024342216215225778,8.740193530837423e-05,-31.220149253731343,5
2561850,2.422047166758245e-05,2.2225264265103275e-07,4.15251527983637e-07,8.280526492419119e-07,4.575042667796652e-06,0.996658775900079,2.574661717284374e-06,0.0031615838661183185,0.0001468045009300713,-28.013286713286718,2
2562490,0.10261371373167935,3.20313296645144e-07,3.38781239329822e-07,2.6236002143437676e-07,6.444746351834298e-07,0.8936862207106475,1.8555269875610651e-06,0.003594715612765611,0.00010192848872739956,-29.21015625,5
2562695,8.412673832191134e-05,1.3639884663652062e-06,1.1460191604920214e-05,3.0775720093647185e-07,6.480543147431983e-07,0.9761085906141422,1.4708932883570864e-06,0.02350328227603902,0.00028874948662156085,-30.166666666666668,2
2563010,0.013262301690310207,1.0639259213772404e-05,2.180898697205986e-06,8.219858531172592e-06,1.0512889514676598e-05,0.8145012081570219,0.006172742858124804,0.16596077373651483,7.142065207150256e-05,-32.37377049180328,3
2563268,0.00011673816978454945,3.948612283787502e-06,5.610354327250995e-07,2.0607675562437413e-05,1.0192200870557313e-05,0.13209780660666792,3.063802222418337e-06,0.8628821237010145,0.004864958196161179,-29.540000000000003,2
2563532,0.0012512557986776353,2.2285403376419463e-05,3.6404036622639616e-07,3.493930087804461e-07,7.509374034071354e-07,0.9889601330368,5.436561064513955e-05,0.009294938819373535,0.000415556960349059,-30.414583333333336,2
2563760,0.009720994303862444,2.142154630906197e-06,2.790002164842856e-06,8.728656870200103e-07,1.751437713446781e-06,0.38088965806513503,0.0001192068558728474,0.6091543211278168,0.00010826318711676034,-31.84090909090909,1
2563806,0.00033569461156746734,4.108725180982579e-07,4.220341500619659e-07,2.9666684159038636e-07,2.151949335831848e-06,0.9792120756253448,1.9347051847643772e-05,0.0203851654223329,4.44357660614201e-05,-28.385,2
2563952,8.767597245309224e-06,1.7394878547511624e-06,6.355148414646533e-07,1.3502090939129464e-06,1.5289973013584035e-06,0.8494761782861241,0.0006534719606019147,0.1493135603265173,0.0005427676204199748,-29.079310344827594,1
2563954,0.0005592225362966416,1.6621079809754178e-06,6.066730426240598e-05,1.3196611115984164e-06,3.437885676585828e-06,0.902736597346566,2.825826895966874e-05,0.09557421417286384,0.0010346207162821703,-31.807692307692307,5
2564233,0.0010802092031767698,0.00017748838367782617,0.21163566513800908,0.005288003613380613,1.6637094771080625e-05,0.15381044769072236,4.950760692492015e-05,0.42900924364280707,0.19893279762653035,-27.416666666666668,5
2566102,1.508017358319927e-05,1.2787351149559115e-05,7.30368789745893e-05,1.6628589212134386e-05,5.2241465883497675e-06,0.9561023954777913,0.0016385173774518282,0.04200829668648143,0.00012803331876751667,-24.509999999999998,5
2567729,3.797519670512737e-05,9.843757152966737e-07,0.0001696418576635347,4.170532659548383e-07,3.360932196121821e-07,0.9928788525257185,2.881532034741289e-06,0.0068425614633986845,6.634990227856685e-05,-29.451351351351352,3
2568309,0.0748337787448016,8.378153770444574e-07,1.1507899075958262e-05,7.587797163454225e-07,1.1043390841276344e-06,0.9227123583352922,6.137329492251373e-06,0.0010425360160693565,0.0013909807410910449,-32.05882352941177,4
2568576,0.0017320366830476234,1.145851718338458e-05,5.019229445407064e-07,8.853495186223621e-06,1.0677619027767172e-06,0.24689631548585875,2.9422217833599436e-05,0.7512043535361466,0.00011599037989654992,-28.53214285714285,2
2568632,6.747040419932027e-05,3.06841232613291e-06,1.600584837398388e-06,4.81081836347872e-07,1.4455239736655195e-05,0.9683913139882488,4.606826902433662e-05,0.03122201010869564,0.0002535319110954121,-29.571052631578944,1
2568863,0.003295119054747699,2.121917540090008e-06,7.644044229988456e-07,9.970532975298192e-07,1.40716117670558e-06,0.2716778658212461,5.069095348806543e-06,0.7245897297994844,0.00042692569273562503,-31.023287671232875,1
2571739,0.7596888935605706,1.3791557858119254e-05,6.806871205256516e-05,2.3805139168718586e-06,1.4197904565675181e-05,0.13779152699454195,0.00020151698113960017,0.08018497961977088,0.022034644155583826,-28.7,1
2574423,8.689465646344011e-06,0.0055635970529351484,0.00010475819837878966,2.9958231812802424e-06,0.0002472515669962739,0.04390685135803312,3.5021857272491853e-06,0.9494916207362387,0.000670733612863132,-18.9,4
2574449,5.517781391904392e-05,0.05882336697839142,0.002006128160710804,4.274653155097788e-05,0.0007351725262447503,0.22260925909882498,0.04486693945800618,0.6692532221706498,0.0016079872617020834,-16.9875,1
2574463,2.316574313979185e-05,0.0017951857910866811,5.137940391796102e-05,1.3180334737011427e-05,0.0006190785878117275,0.006687390865861114,0.0001621601645783424,0.9906201801672156,2.8278941651820713e-05,-19.191666666666666,3
2574491,6.6440988526818455e-06,3.835426889638692e-06,1.1809287962363506e-06,0.00010392035569663792,2.8580540061002735e-05,0.004489942541043441,0.0006426517729710397,0.9946344673867403,8.877694894913354e-05,-19.654545454545453,3
2575828,1.3655156830300083e-05,0.00036491022521393954,0.00023735742170139898,0.0002748740103593425,0.5153878983039621,0.013426669911430614,0.46390471013045464,0.0055702707652715245,0.0008196540747760247,-16.179268292682927,2
2576295,7.847030203725067e-07,4.915040937853568e-05,7.85029875732738e-05,0.0005490459489052612,0.13514379971240362,0.0029601265966245163,0.8565546678418723,0.002590053427031911,0.002073868373190149,-17.003846153846155,1
2576961,0.00206394145180222,1.1679360480053653e-06,2.764881794291899e-05,5.439246573049533e-07,1.1755678055052511e-05,0.989539783026862,2.8604647731068316e-06,0.007892625752021527,0.0004596729478378172,-28.200000000000003,5
2577177,0.00041355290368800434,3.3567685758789214e-06,4.2001104563600174e-06,4.1712662964882123e-07,9.913315652297452e-07,0.9958838111707529,0.00022496241475915252,0.0033755815218329587,9.312665173998756e-05,-30.309999999999995,1
2577231,0.0335926996801159,1.2953403874167106e-05,1.2368154155493179e-06,1.6254880890572285e-06,2.3656953172767213e-06,0.9635565064594501,5.724954116224944e-06,0.0026320679987701053,0.00019481950485182947,-32.48928571428571,4
2577725,3.9840339815473596e-05,6.321310353146547e-07,1.1231222094613855e-05,4.553466010478916e-07,5.739860194003596e-07,0.9982417495292939,9.967714028206495e-06,0.00040619596365827653,0.0012893537674537536,-30.6103448275862,5
2579151,0.007167438975374393,1.4968774485263325e-06,2.5531875901854126e-06,6.986791634805712e-07,1.7628220193369207e-06,0.048072658685440174,3.096434570901257e-05,0.9445873872714914,0.0001350391557634516,-32.98823529411765,2
2579567,0.02461960589170817,4.72768680802379e-06,0.0031256999354202946,1.6283267520290935e-06,3.698383167858052e-06,0.9389891391392314,5.033488880382241e-05,0.03307834145379185,0.0001268242943165916,-31.583333333333332,3
2580224,4.447151972418629e-05,7.937322605561507e-06,2.4103541418728897e-06,6.185765619986329e-05,0.00012165366406678898,0.7562055211261571,0.00030393754639213304,0.23898315300973774,0.0042690578009745165,-27.87222222222222,3
2580240,2.539999799163265e-05,5.626233706004146e-07,1.6924337238318653e-06,6.498502211642631e-07,4.839041797622594e-06,0.98754447174514,1.6301852797229457e-06,0.012343248015063377,7.750610741185929e-05,-27.404761904761898,3
2580241,1.7191829452993027e-05,6.817105836462521e-07,1.3542887477537e-06,4.906522578481834e-07,1.138169570778456e-05,0.9903113000532517,1.5062673272626537e-06,0.009523523135022065,0.00013257036764896201,-27.28947368421052,1
2580309,2.827136281998391e-05,7.61193370166237e-07,1.2429760590054228e-05,9.388379848980843e-07,1.959040354850549e-06,0.973145597684563,6.659620524347544e-06,0.026379126644095408,0.0004242558556974227,-28.478571428571424,4
2580395,3.918301946322623e-06,1.4383144501797558e-05,5.501950339626067e-06,2.160251663352068e-06,4.962577044487734e-05,0.6281469193823749,1.8415688336125097e-05,0.3714402487178446,0.00031882679254833406,-24.123076923076926,1
2580449,4.642434546734709e-06,3.803059162501143e-07,1.2768236926880256e-06,2.611384869948362e-07,2.114117948645514e-06,0.998998296732975,7.901900051142426e-07,0.0005259098556780815,0.0004663284007501769,-25.906249999999996,5
2580712,2.39684968056798e-05,1.8105173969295923e-06,3.118976456656232e-06,5.846666186106302e-07,4.422968245483186e-06,0.9863025630391778,2.7904827561828028e-06,0.013517779663766286,0.00014296118877611696,-25.4,1
2581148,0.0003850672954262944,2.959074612146899e-06,3.2611265885603093e-07,1.3987777727152056e-07,2.225595416672522e-07,0.9981483647717602,2.6168659759778714e-06,0.0012372773942604892,0.00022302604798708688,-31.325641025641026,4
2581177,3.136885055404402e-05,3.5614686026887977e-07,2.71759373325412e-06,1.4019722150855611e-06,1.1195285984688143e-06,0.9873988161523017,7.334357855383194e-07,0.012533108938300964,3.0377381650418334e-05,-28.101754385964917,2
2581226,0.0018278368933555198,0.0008783690451207213,1.346972653315171e-06,1.0119507814114622e-06,1.0676138153211409e-06,0.9866455953920736,1.9635305754877232e-06,0.006816468333534451,0.00382634026808985,-31.220000000000002,4
2581473,0.0019190787740432434,8.790932672164976e-06,0.0001670108575255056,0.010664357859578713,1.7167363733889833e-05,0.833107626564693,0.00033182810889278335,0.14074029138140023,0.013043848157460592,-28.311111111111114,1
2581970,1.854641240302386e-06,3.5193287790214764e-07,6.517674316104245e-08,1.194591993903847e-07,4.791295751767813e-07,0.9995508317477925,9.164436670792568e-07,0.0004327699316610243,1.2611537243476608e-05,-29.29586776859504,1
2582361,0.0094373568264698,9.714467961049784e-07,6.705597464174828e-07,1.5961947419303504e-07,2.0839591133500255e-06,0.9901693307015743,6.230112772917823e-05,0.00015234701963752888,0.00017477873945906383,-29.20469798657718,1
2583904,0.08188574537957878,4.908181157293961e-06,6.237183880183098e-06,5.412577136825891e-06,2.280179194687682e-06,0.03159909978663004,9.958314409762923e-05,0.8852520242633745,0.001144709304950008,-34.52727272727273,2
2584941,0.0012185201142142048,4.939177881516751e-05,0.0005214120037085205,2.9010008948033448e-05,3.941712002783052e-05,0.7943157611562057,0.001654579598197257,0.2018545742922042,0.0003173339276791716,-25.08947368421052,2
2585144,0.009591475585569486,2.5542674928814285e-06,1.026995465891281e-06,2.433361789305379e-06,8.625819525271067e-06,0.9189511771702659,2.38589274092305e-05,0.06556661846452358,0.005852229407958515,-29.588461538461537,3
2585911,3.132290262034102e-05,1.1550260187518985e-06,8.267109107631834e-07,4.930311139728445e-07,8.001117884669301e-06,0.9923665720473885,3.390744041080864e-05,0.006657994709431572,0.0008997270142207236,-28.129545454545454,3
2585932,0.0001737456462166399,8.692653775439551e-07,7.929530787768691e-06,7.485796715383378e-07,1.2057861109729929e-06,0.9503798180638494,0.0002294378295243344,0.03972342335380795,0.009482821944653889,-28.538888888888884,3
2585936,2.9372682225985333e-06,6.415383989462067e-06,7.217151203373754e-06,2.472970730661491e-06,1.819258150230369e-05,0.7361187469696022,0.0073113061781404955,0.028927020068597438,0.2276056914280115,-28.129411764705882,4
2586046,1.1205824962059734e-06,1.119194413912463e-06,2.1735503784144223e-06,1.4255498817484554e-06,7.897259088071482e-07,0.983916391419605,0.012339159151494266,0.0029840327474597445,0.000753788078361987,-27.717241379310348,5
2586155,4.5090506555648736e-06,3.1879905286741534e-07,1.2934946753863252e-06,1.6083111254895753e-07,4.693988188545581e-07,0.999387832384236,3.973997757468839e-06,0.0005750222002766712,2.6419843414553427e-05,-27.236986301369864,4
2586523,8.914022130409958e-06,1.0107302571287535e-06,5.2445366324514705e-06,8.622865861671081e-07,0.012744238917150126,0.985734666099785,3.263149102813747e-05,0.0014300781540831978,4.2353762347417425e-05,-24.9009009009009,5
2586591,0.005420662003562731,1.6448572841189302e-06,8.743966877154797e-06,5.195059903750227e-06,2.6698475721780065e-06,0.27698613278946077,3.1187130155924956e-05,0.7175189542825782,2.4810062605133518e-05,-33.309090909090905,4
2586683,0.0017680543953185,1.9089158400841207e-05,0.032741570655177264,9.5506271882537e-07,5.66759192353714e-05,0.9422094062321376,0.00021984718105727463,0.020465700524864943,0.0025187008710892424,-29.623684210526317,3
2588248,1.933453245154112e-05,1.2614812617566515e-05,1.4717678563536184e-06,0.40970170518772414,8.908067699907772e-05,0.561439235501212,0.0006377512920814082,0.026727922317330323,0.0013708839117274577,-27.64166666666667,5
2588392,1.4777078037527137e-05,1.2746678193482126e-06,2.7721794226131943e-06,1.207024787898952e-06,8.717402733870901e-07,0.9736496964814649,0.023002160400850347,0.0021003750748493344,0.001226865352494633,-26.710526315789473,4
2588474,1.1831901001299673e-05,1.1466620351578571e-05,1.2128874654900622e-05,4.250246010911648e-06,3.673712785151735e-05,0.9671637173582917,0.0036466609864035126,0.02183893080331285,0.007274276082121883,-25.21111111111111,1
2588485,0.00021657384289353545,1.7223488390136394e-06,3.353126564246823e-06,4.163845990117493e-06,7.587620912695311e-06,0.9378243773379668,0.00029135955568975814,0.05260714580085617,0.009043716520287834,-28.770588235294117,3
2588549,1.5897021634961948e-06,6.403510923670826e-07,5.554214209464424e-07,5.665117703832267e-07,7.200920007659921e-07,0.9982903218359763,2.3681463002763434e-05,0.0012710185877644773,0.00041090603480852265,-27.75365853658537,5
2588599,4.143250974600342e-06,8.017352711096416e-07,7.031187380813578e-07,6.794830671516464e-07,9.671668640551451e-07,0.9994875538926542,1.3169833744823066e-05,0.00039341519446403823,9.856632422210391e-05,-25.47391304347826,3
2588601,7.599932192044669e-06,1.8868908261988527e-06,5.1322787213914e-06,2.321833006892362e-06,3.0951757978873333e-06,0.9258828032494832,0.0006236871697714184,0.06236804833442786,0.011105425135773082,-27.54736842105263,1
2589535,0.02299614491520859,3.403941285182146e-06,1.0787377907721233e-05,8.721903556446923e-07,2.5408724916432956e-06,0.7248627859080773,2.9922423238074198e-05,0.2518296794277176,0.000263862943718267,-29.936486486486483,4
2589713,0.0008081025325563514,8.581117324642297e-06,1.044679895627542e-05,4.128401459041664e-07,2.598185768863179e-06,0.9919565640031852,2.3299637364291758e-05,0.007144624477030002,4.5370407668575215e-05,-29.17078651685393,1
2590669,0.0005872038619819145,1.7525922132307178e-06,3.1669420726838184e-06,2.754116575313307e-06,6.369356221004387e-06,0.9573575253468578,4.882610518889437e-05,0.041954640146649395,3.776153223985168e-05,-29.955555555555552,1
2591527,0.008281316949547342,1.4070464841338023e-06,5.863337963979099e-06,1.0950416648716003e-06,1.6021671419498198e-06,0.000901431243306528,0.0007981127534953372,0.9899885758016163,2.059565877975579e-05,-33.45238095238095,5
2592316,0.0796266702999154,0.0003210613712388349,0.00017399942559641142,6.103330639138576e-07,6.923768829992256e-07,0.9188469792883864,2.748460321656554e-06,0.0008250082781837092,0.00020223016641082056,-32.2037037037037,3
2593441,0.03578142517480915,1.5425362480526655e-05,5.342943974605013e-07,2.602395255702757e-06,3.366364776199709e-06,0.9631010634026101,5.734674535431769e-07,5.833210156696943e-05,0.0010366774366505265,-28.366265060240966,2
2594198,0.0008629765003310052,2.0722278512358874e-06,2.7980103639478096e-05,4.898647130878089e-07,1.0374376312588328e-06,0.9964904823852166,6.081542537819304e-05,0.002099036099182038,0.00045510995605707236,-30.323809523809526,1
2594386,0.0075127485680168355,1.6921645154564394e-06,9.024193932162072e-06,7.612960314825316e-07,1.1911836337695963e-05,0.979538751920682,5.688041566314154e-06,0.01015610789167308,0.0027633140872448474,-31.459036144578317,2
2594397,5.1501816827284285e-05,3.8448975115322733e-07,5.445212279843215e-07,2.495632201265736e-07,1.6365660771358833e-07,0.9995555990241711,5.0914314799454e-07,0.0003706382713460011,2.040951370079124e-05,-28.6974358974359,5
2594633,0.0025832373134203612,1.7291073777706035e-06,4.6639120168633865e-06,2.2094328754356353e-06,5.052109997297462e-06,0.15162311764425201,1.4235181850967382e-05,0.820744294637954,0.02502146066025532,-34.25964912280702,2
2594702,0.003035493072392001,3.7091122414591935e-06,2.559161789330634e-06,2.584183896143576e-06,1.0447218969951304e-05,0.5697251772441337,0.0002873605520653328,0.4264033830666296,0.0005292863878823282,-33.423809523809524,1
2594923,0.0008973578101845498,1.4729476505235504e-07,9.454556769510609e-06,8.462060949568201e-08,3.4133907231000636e-07,0.9989647232751816,7.152506446183325e-07,0.00012377855642340513,3.397296349244306e-06,-28.875,5
2595232,0.00028982748757919635,2.9905814136606674e-05,2.258765678008938e-06,1.9603606421888134e-06,0.0008114876297228151,0.9962189719051535,3.883020862203845e-06,0.00133414512031799,0.0013075598959074192,-26.067630057803463,4
2595454,0.00044035840949929484,5.041584624015038e-06,1.6319140539266735e-05,8.038937360271029e-07,1.0228265080143224e-05,0.9448754622548505,3.220826252411145e-05,0.054511282337207694,0.00010829585193893519,-28.711494252873575,1
2595530,1.9064238696526109e-06,2.3977597917259267e-07,1.6323422493754015e-05,2.9974713564149024e-07,1.5551872819397158e-06,0.9978089741087663,4.395268609011695e-06,0.002146550563008992,1.9755502855602935e-05,-27.30789473684211,4
2595618,1.156897625049133e-05,5.718950046039034e-07,1.1197224036257492e-05,2.773651760678165e-07,6.897052967086549e-06,0.8762553947296424,2.59774920358855e-06,0.12352414333198883,0.00018735167573041467,-26.317142857142855,2
2595943,0.0001189287683478883,6.209384824134488e-06,0.00012558734319496732,2.1801608418518226e-07,1.8216965104550883e-06,0.9848200548863608,1.4181764156238829e-05,0.01458696913970631,0.000326029000815097,-27.013861386138615,5
2596487,0.00011978758842946184,2.5867949919530803e-07,6.695375844989926e-08,1.4225772260095002e-07,1.8964814979073624e-07,0.998890618940326,1.9679523778668387e-06,0.0009587106838223825,2.825729591418599e-05,-30.306896551724137,2
2599006,0.0012417054491022411,6.388584913306016e-06,0.0012055554008659323,0.004519877249058119,5.7326105934801275e-05,0.5056654001969599,0.0016277225521343038,0.48565242059561325,2.3603865418059054e-05,-34.19411764705882,5
2599039,0.00735968578020399,1.0491978742316986e-06,3.920121322932864e-05,2.1434380254848922e-05,1.2640924397210532e-06,0.9836430112204987,0.0004029051863670196,0.008307818302184569,0.00022363062694752701,-32.06153846153846,1
2599057,0.0033574517359320497,2.012965169462505e-06,6.604795481964058e-06,1.8418171556573027e-05,2.846162314991576e-06,0.3814970267947692,0.00018784628777269692,0.5826857882946226,0.032242004792380465,-33.42999999999999,3
2599181,6.851854904999679e-06,5.493187846539909e-06,0.0008730383314261306,0.004071382612148623,3.5114860993749127e-06,0.9619517638683607,8.111516736920473e-05,0.02984646149377288,0.003160381998071463,-19.14166666666667,3
2599619,0.028150299485170897,1.9247441663377807e-05,4.64210253671878e-06,3.3355064336332677e-06,7.0597428868830194e-06,0.048272974891754535,1.0695355395298326e-05,0.9235179572644093,1.3788209749490118e-05,-33.227777777777774,5
2600452,0.009050164871874971,9.703909620249778e-05,1.1217612555984072e-05,8.66906632064464e-06,9.185424854019239e-06,0.07910024477503451,0.0014946683748466247,0.9088195386611815,0.0014092721171293447,-29.270833333333332,5
2600810,0.005698947506986078,3.9111476383670905e-06,2.643162178944409e-05,8.855744253195334e-05,5.985532411294189e-06,0.2939605655440527,0.0065178929183170526,0.6521902252294871,0.04150748305678604,-29.8,2
2600876,0.00013718941023710578,6.638393584805879e-07,0.028585990057472123,5.156594072293781e-06,5.16237050416919e-06,0.8596696948977801,0.00029143703124973123,0.11087914954475102,0.0004255562545749732,-25.09,3
2602213,0.7717381071319506,1.401684679845081e-06,1.842488571291543e-06,8.258121504735345e-07,2.174350246328253e-06,0.018735410271522326,2.5508962141067966e-05,0.20931713104899796,0.00017759824974012458,-33.23518518518518,1
2602462,0.00011480334498422819,2.6481658066376005e-07,6.493081473273801e-07,2.1847785786247424e-07,3.508817528690179e-07,0.2111260628123616,0.0006569053633410213,0.7880311160308088,6.962896416564543e-05,-31.522727272727273,2
2603312,0.025900834611773838,1.663161831870247e-05,0.00011707865451127982,9.501419614459901e-07,1.0791715610178566e-06,0.9403263782477506,4.108929043043111e-06,0.033558008403969455,7.493022111049256e-05,-33.329885057471266,3
2604580,0.0008760090413998222,8.711852480133713e-08,2.4182581708153683e-07,3.591017058117022e-06,2.708458006511682e-07,0.9978171193778034,8.902678760782689e-07,0.001255775591489398,4.601491423073704e-05,-30.724840764331205,2
2605025,0.83695752374963,1.166989059312672e-06,1.7873111836915278e-05,2.297657655629796e-07,2.2493987559369818e-06,0.16244731772889695,1.9045166553870175e-06,0.0002537962294651394,0.00031793850993466636,-28.767372881355932,3
2609566,0.000836414979149574,4.800518830875399e-07,2.4375942624414194e-07,8.328570840278237e-07,5.976541792429632e-07,0.9717253829774751,7.959728649573114e-05,0.02733683903682213,1.9611397484960564e-05,-32.11578947368421,2
2609648,0.0018561096518317937,6.301467329452433e-07,5.199225137256528e-05,2.8617603612174583e-06,9.547558662385068e-07,0.8288966113246719,4.424768771768288e-05,0.16838918871957437,0.0007574037018714451,-31.455882352941178,3
2609710,1.6059473627388797e-05,1.983101447826172e-06,8.556948420777684e-07,3.1554751457090607e-06,9.694033744787635e-07,0.9501987588458322,5.806938471604759e-06,0.04781902641951505,0.00195338464774367,-31.981818181818177,5
2611384,0.00012577831695566587,8.093636579493476e-07,3.654060381271328e-07,9.304910125003981e-07,1.1630245387502395e-06,0.994398104109446,1.496180415459383e-06,0.005442223754926846,2.912935300853216e-05,-30.839325842696628,1
2612084,0.9801741148868419,5.2995393000250605e-08,1.7041348078615073e-06,6.674312049030742e-08,1.0737836629313253e-07,0.018837312192382657,1.8903578420722773e-07,0.0009812408547299224,5.2117785736682166e-06,-31.711111111111116,1
2612937,9.742005835014768e-07,9.011844747461943e-06,8.068330942847165e-08,5.235918144904586e-07,7.388524144859384e-08,0.00636832965408191,0.9933093168106358,0.0002337298353724037,7.795949421362582e-05,-30.28235294117647,1
2613132,0.008885216578808494,1.0714591516042974e-06,1.6897117349761423e-05,5.794703482897683e-07,7.561622513111098e-07,0.9714924669141803,1.3007162839553022e-05,0.015234610528371361,0.00435539460669921,-31.505555555555556,3
2613140,0.047913212907685604,5.072563205730655e-07,1.2394295949931725e-06,4.678711129456877e-07,9.77829088208125e-07,0.9366529297225236,5.74183157889355e-06,0.013830710444755145,0.0015942127073401405,-30.00222222222222,3
2613230,0.007243491337114578,2.6534776303469045e-06,1.5697780900693302e-06,4.987730103971267e-07,5.375308703061302e-07,0.9917423437456109,5.39225667841517e-06,0.0009041285280522337,9.938457294272761e-05,-30.166666666666668,5
2613399,0.00048111806969570705,3.042058640586721e-06,0.002159340508009988,9.584621554229406e-06,4.186327257767818e-06,0.892680217825864,0.0008465374986633183,0.10213335273245963,0.0016826203578547904,-29.658620689655173,2
2613434,0.07699299097764678,4.818602324842801e-06,2.931236175098233e-06,2.45711600486312e-06,6.956120870153708e-06,0.09921105978890905,1.720969941403395e-05,0.8237335770170612,2.799944159409094e-05,-33.628,5
2613521,0.0002548603262444578,9.549402596461398e-06,9.141327796188662e-07,1.1905473417558172e-06,1.3476111104175545e-06,0.9957092896426762,6.309044714335747e-06,0.0038644180427937556,0.00015212124974293235,-29.762711864406782,3
2613583,5.043176081693961e-06,2.700880877229328e-07,1.5842699706025788e-07,9.518938686607755e-08,5.254054614325667e-07,0.9989373009491976,3.484695704085422e-06,0.0010274989755013207,2.5623093582249445e-05,-29.03703703703704,1
2614207,0.009786518626053743,1.164007864531076e-06,1.971371631159692e-06,6.218453917506112e-07,1.3285999652572103e-06,0.9435741591896317,8.090523691577657e-05,0.04634413473834023,0.0002091963842059709,-30.5432,5
2615096,0.06666724108663614,6.3065903439915835e-06,1.3200631180964467e-06,4.551614441689691e-06,3.0349571720495224e-06,0.913574254521385,1.2226827583389507e-05,0.01969713967622072,3.392466309910758e-05,-32.82898550724637,2
2615421,3.597200562072608e-05,2.239095684724918e-07,5.128486346289599e-06,3.8388984234999617e-07,2.9476944374612335e-07,0.998709668404907,5.381292883943311e-06,0.001205034713746199,3.791252764109946e-05,-30.224999999999998,2
2615522,0.00013204270956866684,7.01417231113387e-07,5.68150036474087e-07,6.192192298038906e-07,4.6926030593734487e-07,0.9974475156249915,8.653463947970527e-07,0.0023826058574946086,3.461241474707945e-05,-30.176923076923075,4
2615955,0.009357312223078245,4.928477654592343e-06,1.0982073811807087e-06,3.0965457077811335e-07,1.1156916129876504e-06,0.9864231311460905,5.47585907639811e-06,0.001145754723695039,0.003060874016840377,-31.046153846153853,1
2616196,0.0029321798402099416,1.259584403910073e-06,3.640430771255955e-07,2.3804543391194155e-07,3.499259889471962e-07,0.9968130935583476,2.2727385614637207e-07,4.880933131066274e-05,0.00020347839737201305,-29.064835164835166,4
2617442,4.4798874406603744e-05,0.005020029244153554,0.001914853989643964,0.0002571119495696497,0.00014716316934868683,0.9488918463013124,0.0017678786972273044,0.04097516764474807,0.0009811501295900688,-22.59444444444445,1
2617859,0.00091481613942677,4.731659613499779e-06,8.191542969214903e-06,9.789519257697872e-07,1.4082126382821103e-06,0.35697983551995544,0.0028545224344627617,0.6304987983753005,0.00873671716370777,-34.33,4
2617890,0.002586974895362603,1.2419777417905216e-06,2.2840488372285037e-06,6.605757994228048e-07,1.052357475497723e-06,0.2249941846752152,4.174591779695749e-06,0.7722689386422329,0.00014048823555579246,-34.481818181818184,3
2618443,5.779144817111648e-05,8.867627780554243e-07,2.2644441769096927e-06,1.0996376180113036e-06,7.537184468602278e-07,0.9941756539790331,3.141849858176889e-06,0.00538401928236191,0.0003743888775559367,-31.849549549549547,5
2618444,0.00028158877339337375,2.615696183561002e-07,1.543684676675627e-07,2.86715914298921e-07,5.2074698905302e-07,0.9779231198543111,4.356375351320324e-05,0.02172124466670966,2.9259551083100735e-05,-29.272222222222222,2
2618528,0.1027264670519991,4.849123549575465e-05,7.926243939634347e-07,6.685624750762017e-07,4.150356607112106e-05,0.8959313004098602,1.3160110737410982e-05,0.0006367788012261724,0.0006008376377412924,-29.110909090909093,3
2618756,0.0005791647113933014,0.7693988075781292,4.7638254838384316e-05,1.1040342689116581e-06,2.3485036574827127e-05,0.009536327021053434,0.0009556335049550721,0.21943045080672957,2.7389052057209632e-05,-20.644827586206894,3
2619345,0.0003717792413465883,2.742855616832333e-07,4.446029672245671e-07,1.9255306741009888e-07,9.214668949227764e-07,0.9808757226958298,5.526396951160789e-07,0.018744689503914384,5.423010722716157e-06,-28.464285714285715,4
2619512,9.803968123407034e-06,1.470029195408123e-06,3.903430028360904e-05,2.0207794520130072e-06,5.0800626276833434e-05,0.6428706979844374,0.2254277240608404,0.1312946155720306,0.00030383267936039886,-24.16666666666667,4
2620118,0.00019890658736584498,3.700690151665576e-06,4.5657547527013985e-07,2.308266397432411e-06,8.021433263593184e-07,0.4520012404179561,6.500203207330675e-05,0.5476530810495575,7.450223769656305e-05,-28.737777777777783,2
2620599,0.06100760018462258,2.912695198912994e-06,0.00022163716598491397,1.780821613090507e-06,2.9378874635907443e-06,0.45634900158251634,0.06359403956970612,0.4158458931761411,0.0029741969167531345,-28.24,2
2621045,0.01944118186876952,1.3423123639992425e-05,8.040554936530645e-06,5.600283678196055e-06,5.716915197263172e-06,0.000728460457345345,0.0012338752296465962,0.9785459856755664,1.7715891220056757e-05,-33.839999999999996,5
2621160,0.000182363749248554,4.7485123290648314e-07,1.2415104118562367e-06,1.2276630455622755e-06,8.042731973428128e-07,0.995551363676193,3.295451042294419e-06,0.004140477006445029,0.00011875181918329539,-29.42439024390244,2
2621177,0.00012267160921525897,6.981129225609353e-07,5.90507000237528e-07,2.237842134683595e-06,1.9769322545321167e-06,0.17991655035908702,0.0004359585931370846,0.8194162723877276,0.00010304365652110678,-30.26666666666667,2
2621220,0.0009153950657547316,3.6500470991723126e-07,3.9182551956040937e-07,3.12070410316347e-07,8.276699081727523e-07,0.9949899066969486,4.180828261906463e-06,0.003994213833417207,9.440700506940036e-05,-29.768627450980393,3
2621411,1.3351692827644774e-05,5.349367225840083e-07,1.670250670739557e-07,3.343378695615804e-07,6.486769924076383e-07,0.9986648327030379,1.995110382849532e-06,0.001282615520024691,3.551999707532486e-05,-28.959183673469393,3
2621439,9.007470681533631e-05,7.971274017153049e-07,8.071002371690646e-07,5.992865909465923e-07,7.1161497964657e-07,0.9886791603489158,4.254085892605112e-05,0.009816936769988516,0.001368372186144838,-31.235000000000003,2
2621490,2.0249235297764412e-05,1.9370832961590167e-07,1.3021479750283661e-05,1.44701177394163e-07,4.5230799348060324e-07,0.9906681215259955,0.003247059199854132,0.006043351274349341,7.406567252492041e-06,-29.3936170212766,5
2621535,4.6324806626982946e-05,9.534848214256768e-07,8.284319808999368e-07,2.44947730460693e-06,2.194460962638015e-05,0.9862133225414225,0.0005618903808807895,0.01232574931255934,0.0008265369547769742,-27.97931034482759,3
2621736,0.025886767257476764,1.0643552425838937e-06,5.707968265464643e-06,7.110793863982007e-07,2.435486941467634e-06,0.9456367547793181,0.002426532142073424,0.025837041174038188,0.00020298575725769715,-30.66776859504132,1
2621842,5.112106441177414e-06,1.0285440179178524e-06,1.1671114521575175e-06,5.038715108377638e-07,5.040903757333809e-07,0.16424881959624674,3.7857046275797064e-06,0.17082091137400274,0.6649181676013252,-31.292857142857144,4
2621882,1.998172978631449e-05,1.5637239216934404e-05,7.198221980499193e-08,7.648549617416556e-08,2.70550460312161e-07,0.9991473629546895,1.7747387346148426e-06,0.0003067792638848428,0.0005080450555114134,-30.507058823529416,3
2622021,7.792310316247069e-05,1.6779638655224617e-06,2.440397288115839e-06,7.509216696912975e-06,1.238736063831948e-05,0.9928428515031305,2.817385731703605e-05,0.005704843955076697,0.001322192642824459,-31.631538461538465,1
2623166,1.710012701382457e-05,0.003727894186177948,9.981345826202368e-06,5.138597905208172e-05,0.02968252451209828,0.09056739359460887,0.026235857543177924,0.39165958583008026,0.45804827688196453,-11.320833333333333,1
2623283,9.33112874507377e-06,0.000807780179499184,3.855504780876866e-06,5.0686381021341894e-05,0.8485524926063369,0.0020764361144386726,0.04760248380227053,0.09319325501484078,0.007703679268066582,-10.304255319148934,3
2623316,9.788671785858625e-05,0.0004819340239525318,3.761578960373028e-05,8.695524332118895e-05,0.0487903763880018,0.1166960993067332,0.0772749535533932,0.009201004159732386,0.7473331748174034,-14.780000000000001,2
2623382,7.26854631948774e-05,0.05661857959452701,2.4798722843567458e-05,0.00012833085063336004,0.29503818823073774,0.04228035347548128,0.09031977372413831,0.106122033461499,0.4093952564769447,-10.33,3
2623425,5.774539996795505e-06,0.002145805597144177,2.2963646862284972e-05,4.325293928878618e-06,0.0012794082512895598,0.13454811434298625,0.00016713659498858858,0.00028501313252068575,0.8615414586002829,-13.336842105263159,4
2623475,1.585404532323273e-05,0.00043850552113115413,2.002622212982064e-05,3.209407888222624e-06,0.01268705226209626,0.313316625074214,0.0004540641854363417,0.0017689605351271691,0.6712957027466538,-14.342105263157896,1
2624398,0.04565645012706028,4.892321716790955e-06,0.0003616999929117059,3.887760396902318e-06,8.683650397814327e-06,0.20476155998561651,2.396931251835916e-05,0.7490512673985924,0.0001275894507891576,-34.68999999999999,5
2624655,0.01808219699473971,2.395999376976382e-06,3.2540078347356552e-06,8.629197757117398e-06,7.641787754704132e-07,0.007854147615024416,0.0001748608515788086,0.9738365616873501,3.7189467562723354e-05,-34.743750000000006,2
2625503,0.019552614475768927,3.605733537721258e-05,4.563468484346932e-05,3.9121883147651945e-06,5.78592174647544e-06,0.5061697667074907,2.6646138553638237e-05,0.4738772302928238,0.0002823522550810817,-32.05609756097561,5
2625508,1.660388110733301e-05,1.6540374831382378e-05,1.2646391642872383e-06,8.117314510500317e-05,1.462430631738069e-05,0.634546699030017,0.3322363070703977,0.017684348945990355,0.015402438607069703,-27.595,2
2625519,2.8067451065186147e-06,0.759122504824777,0.0004378228893655985,0.001037276039570636,0.05682029040461214,0.1725220763793906,0.009664993100611346,0.00036189303587600834,3.0336580690205182e-05,-21.366666666666667,5
2625551,2.6483054185407264e-05,2.8647807254406595e-06,1.8233936276790784e-06,2.900295423150606e-05,4.813700276509849e-06,0.7849222828518775,0.00012359331507027978,0.041049589781346305,0.17383954616865938,-27.36875,1
2625564,3.64733851763867e-06,8.827191162367214e-07,2.603125014686097e-06,8.7261644946537e-07,6.476895094578995e-05,0.997289624297617,0.00013491657054418688,0.0008394163137047727,0.001663268068090192,-22.136842105263156,3
2625602,4.826658484076654e-06,3.0088511399306786e-05,3.218381705785369e-05,2.0644146921478403e-06,0.00040887099921751,0.9059977343749335,2.0233388906914106e-05,0.04805962174681265,0.04544437608849613,-25.147297297297303,1
2625854,7.898646407176126e-06,1.5471039369513463e-05,2.721648530662595e-06,2.235594694527433e-05,0.000582408893824305,0.41568840653366945,0.011168634279978216,0.5690823296326083,0.003429773378667044,-24.213157894736845,2
2626055,6.33845337328356e-05,4.883374840884701e-07,3.82770740055938e-07,5.206262333383491e-07,1.8729811926313873e-06,0.9703198022825321,5.507414485883865e-06,0.026299263896458362,0.0033087771571406435,-27.277272727272727,4
2626171,3.9110117712897606e-05,1.9856378504889963e-06,0.008161234162345056,2.138348651414336e-05,0.0009460697356211613,0.8964326790430948,0.0005843420698473635,0.09143575325634042,0.0023774424906736354,-24.933333333333337,2
2626189,0.0012862061307571113,0.00011400292810140755,2.2843955889561395e-06,1.0531285364072042e-06,3.243276660523648e-06,0.8423028052100565,1.38720707208929e-05,0.1551996230809568,0.001076909778621516,-27.565217391304348,5
2626275,0.00022060528574757238,1.0175983302214641e-05,1.7972046810035435e-07,6.158106693053177e-07,1.7221949450426887e-06,0.9824469946858138,2.970270428904749e-06,0.017294955706551193,2.1780342073968182e-05,-28.69529411764706,2
2626333,0.1754487855989555,9.022696258737266e-06,2.7547205047084213e-05,1.2364815554045332e-06,3.1905415212061402e-06,0.7361418548314609,3.6459374025868394e-05,0.08812283902944684,0.00020906424172844124,-25.765714285714285,2
2626694,4.1269802810324916e-07,5.662218356346078e-08,9.058501014102414e-07,2.639214687531525e-07,2.6666831122538066e-06,0.9992589280366156,8.063637469139423e-06,4.96225947880031e-05,0.0006790799562330557,-26.30842105263158,1
2627118,7.3169074343583185e-06,0.0050578079843402075,7.699667265694974e-06,6.443902850057332e-05,0.00045568224849893194,0.01827600496541135,9.138315488637477e-05,0.9760090322463238,3.063379733845259e-05,-6.159090909090909,2
2627376,0.0007888308693081355,1.7863374243654966e-06,4.216592465399023e-06,2.6193931535468414e-06,4.732014637600192e-06,0.129379339851264,5.307342822470074e-05,0.8687384468306624,0.0010269546828599074,-33.87291666666667,2
2627820,0.6444760345932322,3.3700356867773852e-06,6.562482301531177e-07,4.743142316354103e-07,9.03966750288251e-07,0.34933070556938567,1.2587709674961752e-05,0.0057288729062762046,0.00044639465653210355,-32.46818181818182,2
2627965,0.0008415625774180373,1.2348783539927749e-06,4.153424826066577e-07,9.326989780291204e-07,5.108327742393378e-07,0.013879697350575378,0.0016188934698358841,0.9831246970756127,0.000532055773969181,-32.76666666666667,1
2628038,3.392352130132067e-05,2.9415673862835447e-06,1.4148278956317096e-06,8.955660735274809e-07,2.5423292520584466e-06,0.99027231198048,0.00013150462438053583,0.00742137301461995,0.0021330925686107375,-29.40084745762712,4
2629220,0.0018231838294128753,5.725499242454653e-06,1.1945888297273188e-06,1.992901244304937e-06,2.2373529021499545e-06,0.11876016766265787,0.00032934848780803483,0.8774681966385918,0.0016079530393108693,-27.957894736842103,4
2629404,0.003301085043946748,1.9167209541010512e-06,4.2988232962449084e-05,1.7674834236198847e-06,3.8009530306529576e-06,0.8974599769824251,7.121478616609908e-05,0.09890038830293586,0.00021686149415550107,-31.73050847457627,1
2629411,0.0005984399045419217,3.857209042366577e-06,9.212229889702928e-07,1.6630827442715328e-06,1.6199465887331555e-06,0.9497257233631324,6.136237818998195e-06,0.049443502661214396,0.0002181363719278849,-29.76829268292683,4
2629477,0.05848130505300436,1.5468377057042332e-05,0.00014877078483351865,1.7633687283892917e-06,3.4040674304830798e-06,0.9336913724387396,3.0617100657402784e-05,0.007499073329493351,0.0001282254800558124,-32.982638888888886,2
2629763,0.00032789203867990697,1.2185521049700749e-05,1.3610571368880244e-06,0.0001092889133625455,0.0006112201394215834,0.5623534571325207,0.0002832891339405167,0.09850183666523035,0.3377994693986579,-23.27,2
2629827,0.0020316463029889363,1.2137711453910944e-05,1.4368169846239068e-05,7.183238755439756e-07,5.184842270963705e-06,0.9546478907116732,8.108600011454004e-06,0.04306634349722973,0.00021360184064989773,-28.19836065573771,2
2630136,0.00030055472671791357,1.938823745698502e-06,1.555572610754677e-06,6.305158106366373e-07,1.2562273402149486e-06,0.9793637196671829,0.00024318931455651627,0.020059943296756724,2.7211855278729774e-05,-31.165217391304346,5
2630215,0.0003055009457024365,6.37061270050422e-07,5.615730767814674e-07,4.739245362290188e-06,1.2541930209993656e-06,0.6487984175896719,9.510194475647827e-06,0.35084564920310496,3.372999431504299e-05,-31.529629629629635,2
2630244,4.0251154556433676e-05,4.267123594359246e-07,5.466456249531957e-06,3.823823266264216e-07,4.623641537125775e-07,0.9491217718642211,1.1555124314212616e-05,0.05081081085637372,8.873085445413712e-06,-31.652173913043477,4
2630311,6.771316430493169e-05,1.1410268833813873e-07,3.766182644720119e-08,1.397824824727003e-07,1.4402890428077977e-07,0.9994615866287266,2.1567809945742812e-07,0.0004187085227460084,5.134043022163057e-05,-30.16029411764706,2
2630495,0.0013012569183085733,9.486662602136481e-07,3.3867263854445456e-07,4.443070449208148e-06,8.363501806188191e-07,0.9900026612701057,1.074863263353295e-06,0.008430381729156522,0.00025805845963708266,-30.219767441860462,5
2630496,2.224101707271715e-05,2.633819082708616e-07,1.0256076541778239e-07,1.5507360475756154e-07,2.5131427887122643e-07,0.9993494223440208,2.1245815806833612e-06,0.0005609585138119229,6.44812129564868e-05,-30.278947368421054,2
2630590,3.982921490094908e-05,5.63075787005122e-07,2.224835495161314e-07,1.7327669666690387e-06,5.435543235777493e-07,0.9932203229353732,1.2343271147834166e-06,0.006611911899380675,0.00012363974260346447,-29.909677419354832,1
2630598,0.00029945427755597744,1.624139635920118e-05,1.3402520718119706e-06,1.6273969205841788e-06,5.52007507620338e-07,0.9797158473145663,3.327392202400772e-06,0.019864295700121666,9.731426269428132e-05,-30.551612903225806,5
2630776,0.00045933252683119034,4.928406704282894e-07,9.738808402533486e-08,7.206758717538548e-07,8.57421147023478e-06,0.998792410417686,8.881661559302436e-07,0.0006742753106863344,6.320846254404404e-05,-29.601075268817212,2
2630832,0.0010466752740743517,9.676427284892908e-08,9.594203393068092e-08,1.240958376473093e-07,1.554506086465533e-07,0.996309359107184,1.6915876156318039e-06,0.001972183491149572,0.0006696182872234218,-30.488461538461536,3
2630924,0.3418048409370562,3.63630405292046e-05,0.0007094182889883318,3.5205000769148077e-06,2.5367122848783027e-06,0.5417695225714443,3.6501446970155946e-06,0.11532076885435254,0.0003493789505706799,-31.085526315789473,4
2631142,0.4172483001719774,1.4021448283299164e-06,9.224381893119426e-06,2.2036826473493448e-06,2.6801528549840084e-06,0.5370905631505205,2.200562606766144e-05,0.03127410938116932,0.014349511308041228,-31.60454545454546,5
2631186,0.6436366212452701,1.3063064752131054e-05,3.142982311556731e-05,4.730243347180776e-06,2.699262514732586e-06,0.06174477116158511,0.01163967692487469,0.2822058709081458,0.0007211373663945595,-30.459999999999997,5
2631450,0.00012522973631856062,2.4020888248208435e-06,2.2651562377031956e-06,0.0003389322039992017,2.6918719076996906e-06,0.9711228102502972,6.1499702638759394e-06,0.024654043990016795,0.0037454747321341475,-31.3375,4
2631711,0.019177259551472668,2.2621973197440573e-06,3.4616977975122557e-06,4.685944390418027e-06,4.037114824798246e-06,0.04974107061934315,0.00018512900844769512,0.9196878473150297,0.01119424655137422,-33.7925925925926,3
2632253,0.00040684727033276,4.436460014079639e-07,4.162978665306655e-07,7.953754964276565e-07,8.815548327301311e-07,0.9990191035349082,1.778296679783184e-05,0.0004688607963756788,8.486855738837489e-05,-29.772881355932203,5
2632427,0.0014641350755303698,2.3357231369718103e-05,2.283448146620221e-06,1.560781622958758e-06,1.5298250935766368e-06,0.8797083584369503,4.467112490217244e-06,0.11868798532478883,0.00010632276400746946,-33.62173913043478,3
2632456,0.025446827617455894,6.78811382022249e-07,0.00047039017837559256,6.2579923273538e-07,1.8469762949067403e-06,0.03601638575915307,1.2932872900622707e-05,0.9380384660672835,1.1845917921526428e-05,-32.61666666666667,1
2632613,0.001711945861506944,6.021711207748785e-07,2.2659209322717957e-07,2.0984179697375564e-06,4.590391210393067e-07,0.997608734984507,1.4503368299027793e-06,0.0006616797976584156,1.2802799193043043e-05,-31.132894736842104,1
2632761,0.00037798698053217355,1.0161456264469734e-06,8.278347039312262e-07,7.299356127295027e-07,1.8088106213089883e-06,0.9663833242931957,5.764290492417795e-05,0.03293089782432911,0.000245765270454531,-31.295833333333334,3
2632860,8.23472820322673e-06,5.020301929652754e-06,0.0006032003237953126,1.5830361877720883e-05,0.004413129206176103,0.9327796496020981,0.00204815716096679,0.04362723840141237,0.016499539913540782,-22.77692307692308,3
2632873,0.0049863936062125025,1.5448951307132525e-06,1.5422762232101905e-06,6.915367960887502e-07,1.1888286814124042e-06,0.5324640185890922,1.035531607639543e-05,0.4600229160745726,0.0025113488772148963,-31.813333333333336,2
2632955,0.010158843232921329,5.608550153115819e-07,1.132690538255004e-06,3.8525284411241634e-07,9.691243907746567e-07,0.9881439671846743,5.266062289957862e-05,0.001439415097197888,0.0002020659395183817,-31.601315789473688,1
2633008,0.0009260109496151976,8.28281496618181e-06,1.811440260877804e-05,4.844857841293046e-06,5.450486252822808e-06,0.7504871398619423,0.00016287234938267171,0.2481759167974121,0.00021136747997871794,-32.004,5
2633048,0.0007430473595497083,2.1350649308296295e-06,1.1970566373459684e-06,2.388243641060091e-05,2.855751124086763e-06,0.9607922270471664,0.00013070253535312734,0.03822796890875207,7.598384007583022e-05,-30.47575757575758,3
2633100,5.6327157618293205e-05,2.560647996242785e-07,5.305052023172571e-07,2.377725893265666e-07,2.7988112402257236e-07,0.9951906237104904,2.5431608649318172e-05,0.004675344077558209,5.096922196844793e-05,-30.58679245283019,3
2633140,2.7049497041481673e-06,7.359158718563955e-08,1.5405552343459462e-06,2.774514411841439e-07,2.1311442311941458e-07,0.9973296359702556,2.48984046088837e-07,0.002655875383424733,9.429999883810105e-06,-29.233333333333334,1
2633151,0.0004839099867541018,4.946257414480271e-06,1.35110320014662e-06,2.2335779478377645e-06,3.4929783205881767e-06,0.9019740852498698,3.2551457856919306e-06,0.09743398635949975,9.273934120782559e-05,-30.600000000000005,1
2633396,0.004963962758314807,1.8969063990850197e-06,3.335690014445642e-06,8.552333213832872e-07,1.7870402078152225e-06,0.9802712741362478,0.0003868520867709552,0.014149781450828893,0.0002202546978948288,-31.058823529411764,1
2633524,7.269248582784349e-06,0.02429497095741556,7.128403905859988e-05,0.00019364530166165336,8.41129998997709e-05,0.05867389928867178,0.00032296911372313496,0.9124541137373446,0.0038977353136421,-6.76,4
2633630,1.699262645876132e-05,0.0001125397969539978,0.00032892211082229675,0.00017100979255238336,0.0007491950426021689,0.07870844957710578,9.422627716312416e-05,0.9182562406843311,0.0015624240920104303,-19.06923076923077,4
2634166,0.0005439220040646502,1.6435064614150123e-06,6.819747742027471e-07,6.177925293256258e-07,7.218567156785214e-07,0.8720562678620445,5.29950692642277e-05,0.12729538320354952,4.7766730596361393e-05,-28.76417910447761,2
2635054,0.004884421590479306,2.205847127448973e-06,2.9297267551474433e-07,5.433661461294545e-07,7.74683427555023e-07,0.9812081793658622,2.6238128156990086e-06,0.013811646626927644,8.931173453856734e-05,-30.50545454545454,4
2635186,0.01246743096065013,2.5693119403188375e-07,5.486711369156035e-07,2.5538502688182104e-07,5.418790576050286e-07,0.9803196318958712,2.0475845600835636e-06,0.006843900136708069,0.0003653865557949435,-30.350877192982455,5
2635671,0.00028962648178305537,5.040243544484376e-05,9.5368540794203e-07,4.643924361855519e-06,6.353421357762871e-06,0.9656397685041872,5.6875203031887614e-05,0.03381328328580545,0.00013809305862009328,-27.133333333333336,3
2636103,0.023613693503500212,1.8960231908728863e-06,2.2719520485485873e-07,5.086768289661494e-07,3.377366359478683e-06,0.9655434825514394,2.3210332522806163e-06,0.010578411669762854,0.000256081980461111,-29.598333333333336,5
2636698,0.0022705907598526524,1.1475467515521374e-05,1.6063662513474157e-06,7.071460235516011e-06,2.2637160028802365e-06,0.02112610296344511,0.0006975434460464917,0.9691739974979093,0.006709348322741212,-30.227272727272727,3
2636708,0.026400034196286903,1.398336950173778e-06,6.299997872660131e-07,2.56210269983638e-07,5.397653966418592e-07,0.9721976557344256,1.7686965697632079e-06,0.001324717799740139,7.299926057358025e-05,-33.24,1
2637017,0.02127564336158491,2.062541050683358e-06,2.943649343884212e-07,6.220671196205726e-07,6.55151951320867e-07,0.9708630723006233,3.682476348229208e-05,0.007803548296734714,1.7277152518827816e-05,-31.837999999999997,2
2637632,0.00237198165579458,4.91767795702952e-07,1.9450494046108315e-06,9.831176418127731e-07,6.205088122511437e-07,0.9892237786841642,3.892003645700534e-06,0.008232576867747598,0.0001637303449933581,-28.13424657534247,3
2637698,0.0008959217210189663,8.396928590920316e-07,1.4558580563630914e-05,1.5624935725545114e-06,1.450077199530812e-06,0.8996151537969821,1.0336008261619906e-05,0.09931127051506838,0.0001489071144740386,-33.766666666666666,3
2637841,0.00463018282538091,1.3000744228704948e-05,2.217054707976395e-06,1.1860218691482608e-06,1.8540052830305683e-06,0.7879955406979136,0.0001948181038672053,0.20672199712598663,0.00043920342076294813,-29.506024096385538,2
2638316,0.05064939144799532,3.1484411878185877e-06,1.7431117355317165e-06,1.2590114747093347e-06,8.759077646141509e-07,0.9368087457080551,7.823023601876043e-07,0.012506064018870501,2.7990050556095803e-05,-30.31451612903226,4
2638347,0.0004869195940334325,6.734818845787915e-07,3.874780798863671e-07,8.605706008082895e-07,9.591756379974727e-07,0.923277605157927,1.7451099536559316e-05,0.07535472208843376,0.0008604213538661384,-32.16792452830189,2
2638469,0.0004374205400226627,5.729117140968112e-06,2.1814866681467363e-06,0.0008483227011215214,7.287131510622103e-06,0.7647023261380281,0.0024513641808042957,0.23114288048053722,0.00040248822416653847,-32.26875,4
2638498,0.0005653726172474402,1.2822423412764876e-06,0.00013298746506987561,2.724145462812185e-06,1.5228461779114362e-06,0.7341796835635311,4.292168503927756e-05,0.26496979859914266,0.00010370683598761023,-32.08571428571428,4
2638661,8.26780978717163e-05,1.0664923485888944e-07,8.700236145081191e-07,6.663584735038422e-08,8.206399270131034e-08,0.9990448165208917,4.577959840182246e-07,0.0008444386000319493,2.6483612531357694e-05,-29.23571428571429,3
2638709,0.0004320790736779196,9.382761153806444e-06,4.7105846111253136e-07,1.909493741819594e-07,5.653437858273745e-07,0.9956128944908805,4.043730979579936e-07,0.0034541952387579164,0.0004898167108107513,-29.121333333333332,4
2638792,2.520799762986255e-05,3.170051793351615e-05,1.7360291472089796e-07,2.2240074895306042e-07,1.022253931526074e-06,0.9964948320833917,5.089862736080325e-06,0.003373226839330468,6.852444138296284e-05,-29.486153846153847,3
2638833,0.0006449204588875102,2.521973795897541e-06,6.494057698451067e-07,1.1705099209345268e-05,1.3477142219182666e-06,0.9347118417495681,3.5671689754199066e-06,0.018898591731693136,0.045724854697878764,-30.0625,1
2638915,0.0005900560169054424,6.84503452186161e-07,3.3221169280497615e-07,8.077545031883384e-07,1.2521206961731957e-06,0.9201208196985268,1.1715034344020063e-05,0.07920410504249276,7.022761738652322e-05,-30.4593023255814,2
2638943,0.00024725029291413573,5.792410615280693e-07,4.4593935602563236e-07,6.846595641047618e-07,6.051625426802971e-07,0.9934325743083555,1.3981870418267675e-05,0.005099600133606474,0.0012042783921814995,-31.215714285714284,5
2639030,0.0004391540199922201,4.940519008172286e-07,3.4270652760196207e-06,4.0745520311775906e-07,6.136475435102622e-07,0.9831123069798179,6.975273827985333e-05,0.016307657488462295,6.61865535241781e-05,-31.303508771929828,1
2639042,0.0004999144093767234,2.1660910583379794e-07,7.678641188107298e-07,7.566278402831842e-07,4.3785380575540156e-07,0.9985848568841463,1.5532598987448797e-06,0.0006435790731512262,0.000267917418556024,-30.712820512820517,4
2639424,2.8001626362806818e-05,2.2700868101055237e-06,5.976990216602866e-06,1.7479605373617571e-06,1.577499512864938e-06,0.93930470365587,1.7296631907928268e-05,0.06022999149362211,0.00040843405516032585,-29.2075,5
2639500,0.0009424988279789755,4.1241656140011454e-07,5.425475249768518e-06,2.3809230170627816e-06,7.196270573953e-07,0.9533302893588995,8.237760328297045e-06,0.03480332704704139,0.010906708563866135,-32.0978021978022,3
2639502,0.00042013027598214843,4.733749439977426e-05,4.339901321722332e-07,6.285809952301036e-07,2.5147178714279697e-06,0.9392437341330653,1.0761178197507984e-05,0.06014981425113736,0.00012464537821915857,-30.78333333333334,2
2639504,8.705460341352425e-06,2.390046032398139e-07,7.907580366296994e-07,6.270513009910029e-07,3.159780340970676e-07,0.9739622172115425,1.6130933857764642e-06,0.026016640488192952,8.850954562552632e-06,-31.59375,4
2639582,0.004304502612412652,7.407249930697775e-07,3.371702931074122e-05,4.061778628191886e-07,2.49200043134882e-07,0.9953571013283258,3.774191236187515e-06,0.00023303799309984011,6.647074271588554e-05,-30.608474576271185,4
2639590,0.00031403064012681947,6.937123742694438e-06,4.2888591676673124e-05,6.487699369101319e-05,2.1933518738868065e-06,0.9773522643841721,0.00017575979453489227,0.015471227008660167,0.006569822111521683,-24.65909090909091,4
2639656,0.0073486140769176795,1.4723562213006387e-06,9.756248052928416e-07,1.0742033582766784e-06,4.3159308559384535e-06,0.5864363798673631,1.610710876331638e-05,0.4046538209584982,0.00153723987321674,-32.614634146341466,2
2639822,0.0002931830740208596,1.0509207888510422e-06,1.0481532373280828e-06,6.25991390530116e-07,1.2258677387119353e-06,0.3791126970423403,1.2000278523856346e-05,0.6203324188390128,0.00024574983294676833,-31.76666666666667,3
2640078,0.0028058100084608238,1.2487700833746225e-05,3.874322889461056e-07,2.985927056699937e-07,6.700814633371835e-07,0.9916167676608635,5.779649799621368e-06,0.0052067173818253895,0.0003510814917588253,-29.523287671232875,5
2640331,0.0003776234125394669,8.837207899624786e-07,9.315899242257983e-07,1.2709093434261206e-06,2.1554262399538126e-06,0.9396321198641822,5.294927434572884e-06,0.05994184077199818,3.7879377547865504e-05,-32.87804878048781,2
2641138,0.0031781568788930886,2.1382382426271838e-07,1.0337849778010092e-06,3.998379060619037e-07,5.014462026999711e-07,0.9777631138189085,5.395441624855645e-07,0.018985561409094544,7.047945603056407e-05,-31.338709677419356,4
2641500,0.005800229149540355,1.3587786620920442e-05,4.545898386092676e-06,3.5228222808003786e-05,4.6884089197925e-06,0.8544901912764981,4.58698409089299e-05,0.07896405807798215,0.06064160133833557,-29.816666666666663,5
2641651,0.006385780970140613,2.1713735650416703e-05,5.714021596015754e-06,1.4149899214366945e-05,8.286167036134476e-06,0.7168910261524571,0.00016519326426620644,0.2752579103733446,0.0012502254162946131,-28.840909090909086,2
2641784,0.015074497038419059,1.1245354965203349e-06,2.0213488183297947e-06,1.0154121205544497e-06,2.0315628863288673e-06,0.9609929303408203,4.417051470557341e-06,0.01627744320655077,0.007644519503417403,-30.292361111111113,4
2641904,0.011961986072316114,6.921870365029125e-06,2.473237510381057e-06,4.0734208480535495e-06,8.296080462230467e-06,0.9254086232527439,7.140395425686045e-05,0.062094322301432,0.0004418998100654546,-33.697297297297304,5
2641984,0.0011156397696900206,4.8165826949089365e-06,6.679886948612195e-07,8.95884652192065e-07,2.7004470497670636e-06,0.9526885622999314,9.669437215310299e-06,0.04585228189779954,0.00032476569227187944,-33.31818181818182,2
2642026,0.0026536671436255886,2.540659330945432e-06,3.324282482414494e-06,2.2128767025980485e-06,9.7373177825853e-07,0.9802421014491925,1.5247389656934498e-06,0.016361161519435674,0.0007324935984864444,-31.86046511627907,4
2642313,8.029147819078109e-05,2.84774573092383e-07,1.4334650433670914e-07,2.0793149042321622e-07,4.346863531077364e-07,0.9870465265250973,7.167668269127252e-06,0.012279082778663856,0.0005858608108580188,-30.47422680412371,2
2642366,0.0016014627480632894,2.3722868662074495e-06,2.126051327016741e-06,3.173011569850317e-06,9.90650738930543e-06,0.135008842535601,0.0009027408277134188,0.8606731488141948,0.0017962272172752116,-29.99038461538461,4
2642397,5.1066611043036734e-05,1.5033549381565955e-07,2.8940125582966193e-06,4.871470206962117e-07,2.804886838167527e-07,0.970433092664863,1.2380669260775987e-06,0.02947690155466943,3.388911874181406e-05,-29.182608695652174,3
2642539,5.7533063585447454e-05,2.1382241707061984e-06,2.2160041026340972e-06,1.1650143514414561e-06,2.01615468344934e-06,0.5468047382164866,0.00022826400934687207,0.45076576009681235,0.0021361692164604917,-32.449999999999996,4
2642569,0.0001922011545688805,2.2228276127132325e-07,2.2129103842742624e-07,2.7391955350422196e-07,4.1329473585154746e-07,0.07441712747714575,2.8133685677676728e-06,0.9253781218641197,8.605347508850925e-06,-33.120000000000005,5
2642659,0.004498169947543487,2.109994988877578e-06,6.143961443718691e-06,2.2749446923564687e-06,4.277772365167334e-06,0.9465351709096976,1.5632027989529235e-05,0.0487770237328438,0.00015919670843559636,-32.50196078431373,5
2642785,0.00030636012865835246,7.62032649837962e-07,3.1980570459102054e-06,8.228600769994902e-07,1.456026921222996e-06,0.8364521557331611,0.01774660473031786,0.1454720014743571,1.6638956811612974e-05,-30.416438356164385,5
2642973,0.006225485559700997,1.4609872651436877e-05,4.188557184125055e-06,6.433192546972881e-07,1.776160898603617e-06,0.8165398551316395,8.614694895257917e-05,0.1767898060628178,0.00033748838690022853,-31.734545454545458,3
2643216,0.0003208408744476592,1.7466308955500584e-06,0.00015610722141067492,0.00013095997000491392,4.71574156885398e-06,0.21482918207811882,0.001265053130581851,0.7822040954671858,0.0010872988857859162,-33.75000000000001,3
2643424,0.00048704726601694166,4.767515683195443e-05,4.677566983758659e-06,1.576681360976001e-05,5.865733490366769e-06,0.7673128091409351,0.0005746204104869778,0.23148117186964529,7.036604199986418e-05,-27.563999999999997,4
2643990,0.00386106404078878,9.012846609553418e-07,2.4270438466135333e-06,3.0263035965411033e-05,2.22827587514155e-06,0.9471773210642508,4.1704610539911855e-06,0.04888070218520215,4.092260835626321e-05,-30.336936936936933,4
2645828,0.6933882412448963,5.6694889685704465e-06,1.1512418216786403e-06,5.604779271067699e-07,1.0101893298292478e-06,0.30348146038362606,1.9146739890296183e-05,0.0025305840960523477,0.0005721761374877599,-32.42835820895523,4
2646199,0.0006442359863725226,1.0538847305299608e-06,3.576118543164352e-06,1.5676856416511288e-06,1.1679667839586714e-06,0.9848673402825214,5.487765350158513e-05,0.013814816736388394,0.0006113636855168452,-30.825,3
2646300,0.021797057793964486,5.61778314768063e-07,3.221208699946756e-07,7.198115933889872e-07,1.508866196822552e-06,0.9719547391506255,0.0006854117430824678,0.00451195498424952,0.0010477237511031829,-31.361111111111114,2
2646370,0.0023521121259339967,1.0686868090563145e-06,4.47760220250777e-05,2.196115291035692e-06,1.7715934420706822e-06,0.48042374714664887,3.652844907002637e-05,0.5164774477446187,0.0006603521161612497,-32.01388888888889,3
2646519,0.00011034625002237242,1.3512951304118086e-06,1.7308683762680909e-06,1.3391428897770912e-05,2.7044312685836486e-05,0.8656031725052622,1.4166248596043927e-05,0.13382207974847343,0.0004067173425556476,-29.60891089108911,5
2646810,0.0012312365348482672,1.1063945873098797e-06,7.362697143219838e-07,4.382099704459064e-06,4.039444346873187e-06,0.9547788258932425,7.734900637398847e-06,0.026969113401447965,0.017002825061471032,-31.52112676056338,2
2647763,4.2450509888146796e-05,0.01441333118649104,2.093028045961859e-05,1.970209734554109e-05,0.2149129877089712,0.746077836037053,0.00012446190678268453,0.001722125362794732,0.022666174910214054,-23.099999999999998,3
2647804,0.0010817317355617123,8.452910438326406e-07,2.2332206583195307e-06,0.0001030338776578224,1.1601531365897035e-06,0.9889462777031198,3.1190192086020675e-06,0.009751967852010683,0.00010963114760271742,-29.491208791208795,4
2647842,0.00020815342915753819,1.7013518213324411e-06,6.638372935218469e-05,4.7515243098350006e-07,1.180140754583974e-06,0.9978409108951128,9.82544240702635e-06,0.0014903660718259598,0.00038100378713780414,-27.48153846153846,3
2648050,7.954411419489434e-05,2.0601801165489706e-06,2.5295716684850124e-06,5.188914271717014e-06,1.2232106862139176e-05,0.8979797524739563,2.1080190926004098e-06,0.101546565733906,0.00037001888593123593,-29.428947368421056,4
2648177,0.0006037425058944879,1.0795380650136886e-06,4.3987437065701016e-07,8.41244155048722e-07,1.8767577130600678e-06,0.9942961389285567,7.54259706549948e-07,0.004338625313818285,0.0007565015777199843,-31.190066225165566,4
2648548,0.0036165929766351235,1.0820699713046684e-05,7.199451040421661e-07,1.245647838062095e-06,2.25099057555369e-06,0.8946352152853144,0.00026406524879460527,0.1014590340988274,1.0055107197845174e-05,-32.35333333333333,5
2648554,0.00023653925326253556,5.721910427484489e-07,4.313892077533639e-07,1.0588895204130927e-06,1.2565238545652254e-06,0.9318493965847242,5.288814231700217e-06,0.06774123670147933,0.00016421965267658686,-29.75949367088608,1
2648802,0.0030637515816231754,6.560823613630107e-07,3.264218801145309e-07,1.9880540272694794e-07,4.0240540489185594e-07,0.989953226601738,2.0683769923806464e-06,0.006344817711845304,0.0006345520127520822,-32.51397849462366,4
2648895,0.05937638859372001,3.1548300856530154e-06,1.123967634787376e-06,6.543137238774507e-06,6.329089302579494e-06,0.5974620942009577,8.676777407519388e-05,0.3430431942510763,1.4404155908911884e-05,-32.84,5
2650142,7.527867928132476e-05,1.0526532328916875e-06,5.931642493584575e-07,3.792956867675246e-06,9.852882262714048e-07,0.6178973457201896,6.926851645081844e-06,0.3810838358510706,0.0009301888352372031,-28.179577464788732,1
2651076,0.012416890038259291,8.493915229081829e-06,6.61275305774403e-07,7.776782090301647e-07,1.3137316505083937e-06,0.8617566840925636,8.037722978289939e-05,0.1256801975806688,5.460445833108106e-05,-31.91724137931034,1
2651084,0.0014174257882685914,8.985914747772669e-07,6.913784485439927e-07,6.639143400295022e-07,9.646382486137892e-07,0.024273020160850103,3.050286193885539e-06,0.9742885185124415,1.4766729733898719e-05,-32.92083333333333,4
2651253,8.364584105960082e-05,4.28858757514459e-06,2.9191467212787427e-07,1.9729789196641936e-07,1.8795786863042542e-06,0.9984745152502928,2.3530908900568822e-06,0.0013802660363834165,5.256240254855621e-05,-29.306015037593983,1
2651369,1.547338951026908e-05,5.681816844280344e-07,5.870810399356991e-07,7.271109075572619e-07,1.129567561139164e-05,0.9899151787748118,1.7557581905992738e-06,0.009334917870193417,0.0007194961580506168,-29.621739130434786,1
2651460,0.002376631801900236,3.683341757632255e-07,6.485497958876527e-07,2.9722358569505813e-07,6.902720647082349e-07,0.9626244265697977,7.134793006103768e-06,0.03332443315364923,0.0016653693020247562,-31.936585365853656,2
2651782,0.9310207542744645,5.110993311860321e-06,2.216470869935372e-05,4.978465673316032e-07,4.729115003646019e-07,0.0674571987696974,3.2997249767702912e-06,0.0014125345945404533,7.79661762419723e-05,-34.442499999999995,4
2651974,0.0004555495088393886,3.082127082547519e-06,1.024692124886725e-05,1.9901586196673004e-07,4.0393257829018345e-07,0.9990919262994157,1.1541129652193563e-06,0.00040690563361592426,3.0532448392121066e-05,-29.010204081632654,4
2652095,0.2030321319240309,2.195167792027575e-06,5.704647374433852e-06,1.5617229113736197e-06,2.789123962699524e-06,0.7946321998160993,6.108057576973275e-05,0.0020346872057506325,0.00022764981630912114,-31.570967741935483,5
2652103,0.0011327483242894204,5.835964010255467e-07,9.286874069945744e-07,1.980692002549323e-06,1.834314954456989e-06,0.7122238868956801,2.468777368895614e-05,0.28643982451675387,0.00017352519882281924,-31.834615384615386,2
2652343,6.302343499153672e-06,2.4765946787658477e-05,0.00015906223671932116,2.9082373240827294e-07,1.3283200919480492e-06,0.9983216711506561,1.6643066235218437e-05,0.001369299129223706,0.00010063698305453429,-25.775,1
2652354,2.9627033751694862e-05,0.0012178693174907179,0.005152517300435277,1.7740269996985992e-06,6.912579300973538e-05,0.9907815034864136,3.795584030795613e-05,0.0012229255158704504,0.0014867016857207926,-19.758333333333333,4
2652838,0.00017815639991204432,6.070912161334495e-07,1.252055879996988e-06,8.522329447837626e-06,3.4831756875755703e-06,0.8066069844580979,0.0009567327810521905,0.19220916303105737,3.50986776491743e-05,-26.975862068965515,2
2652904,0.00040866342813289716,1.1611471987443466e-06,5.046323748676288e-06,3.622253111138717e-07,6.279363139240827e-07,0.9962608905053936,2.2015404052784967e-06,0.003166271773423246,0.0001547751200725545,-29.66595744680851,4
2653156,0.0001419586923332559,1.4082934231936566e-06,6.953875067736949e-06,1.9804903719217385e-05,2.370236433403476e-06,0.7045854585383995,1.4581531820496954e-05,0.2940883235022774,0.0011391404265258356,-27.650000000000002,1
2653304,1.1553221594557183e-06,0.0007608350764842549,3.585177248386304e-05,9.837531510490554e-05,6.374090680293035e-05,0.0042664909444648,0.00017538620040291454,0.9945787773186343,1.938714346258441e-05,-18.35833333333333,5
2653323,0.0002483226284603827,8.048986701403188e-07,2.6532569525695985e-05,1.1463070308985345e-06,1.1383666186650644e-06,0.906335108605093,7.443906747263127e-05,0.09321456295423045,9.794460289803359e-05,-29.364788732394366,4
2653918,0.046043573986045014,9.916953229708801e-07,1.738219587017536e-06,8.65822984373635e-07,2.7836269491804453e-06,0.6135384554664763,8.4101932440324e-05,0.3398652917516188,0.00046219749857599735,-29.7,5
2654204,0.0009829123823890185,2.9284685064667105e-07,7.224040236119346e-05,2.668557273943187e-07,4.423085524232771e-07,0.008514066625392473,0.00028386133986507206,0.9901318130505351,1.4104188326654987e-05,-34.125,1
2654353,0.0009187540595874871,3.6220646120359955e-06,5.9802952032502e-06,1.624207289649811e-05,5.234327759596351e-06,0.969760772371969,3.6363341148683756e-05,0.02915551510127207,9.751636555154363e-05,-31.46808510638298,5
2654929,5.801520205216523e-05,1.4546080998360018e-07,3.668939356490041e-07,2.4780629514776924e-07,2.1490126528662632e-07,0.9970269103981249,2.7234947468872946e-06,0.0028937625991376902,1.7613243632558723e-05,-29.436448598130838,5
2655002,0.0005585954687107154,2.6169311882390076e-06,1.1228083428909094e-05,0.00011828831422988787,6.843080659715055e-06,0.6065390353586348,0.0001389123087652864,0.39205545550931686,0.0005690249450655297,-28.53478260869565,1
2655463,0.00021569058619247517,2.210284356845404e-06,2.7520494419331006e-06,8.674746968272687e-06,5.758782355718519e-06,0.9765065501715209,3.549919581818331e-05,0.02305029946025834,0.00017256472308720328,-29.098275862068963,1
2656592,0.0014360309265230777,3.0882222240475203e-06,1.4164294802860825e-06,6.251404218207835e-07,4.053919455958408e-06,0.9606444771559789,7.516619202807244e-06,0.03772872498450039,0.00017406660221286514,-27.52542372881356,5
2657103,0.0002394029368634467,2.48764934490883e-07,4.8494710770758305e-06,1.3900572329339887e-07,2.5159216977180686e-07,0.0018313659977814262,1.3404984752626418e-05,0.9979058907405256,4.446506172207007e-06,-34.37727272727272,1
2658291,1.1441446846325905e-05,9.916505977452897e-05,0.0024799421023194972,3.841111591623948e-05,0.00013973887456722936,0.6653050389243901,0.00030991340749108947,0.32685923340513773,0.0047571156635572475,-21.807142857142853,1
2658303,3.514563744828591e-07,3.191185588761757e-08,1.436688254493666e-07,5.7878512700664696e-05,6.319576489506649e-08,0.00014951069755356327,1.6113794024807778e-06,0.9997901503213653,2.5885615721334787e-07,-33.075,2
2658365,3.7458814508291634e-06,4.3316336156035826e-07,1.44150292317093e-06,1.7507704145633185e-06,4.898762738570813e-07,0.055457156925217695,1.9780579967249732e-05,0.9445099179684219,5.283331969271211e-06,-27.155555555555555,5
2658530,0.01759357279937325,7.11752238702086e-07,2.444224976992362e-06,6.027417388833962e-07,1.32477150162694e-06,0.9716589214593008,7.31775599055298e-05,0.004007521684525844,0.006661723006438399,-27.370270270270275,3
2658566,0.003970437815242657,5.587493691031147e-06,4.036872273123736e-06,1.2231671456317146e-05,0.00010760708407890612,0.16706837795753982,0.0015419083905670288,0.7957025053745244,0.031587307340626786,-29.563636363636363,2
2658867,0.00036162034612066945,1.1250215285167343e-06,1.0549149973427838e-06,9.372131653781191e-07,1.9255445880443883e-06,0.16264151453770312,4.206563742262208e-06,0.11903118330443553,0.7179564325537192,-27.773076923076925,2
2658934,0.0012464560446373157,9.258959736037786e-06,6.449845404481609e-07,1.0033685030680181e-07,2.430622121545628e-07,0.9986714520288359,3.283022721735929e-07,5.784883438287632e-05,1.366744653254778e-05,-30.150000000000002,2
2659161,3.501047390633494e-06,4.595916986703232e-08,1.6084263136076083e-07,5.330928757495415e-08,1.1198461960206277e-07,0.022757773839193973,3.958054265206302e-06,0.9772330150590418,1.3799043999640284e-06,-30.620000000000005,2
2659211,1.8800555826324416e-06,1.797122080319491e-07,3.353603423815242e-07,4.077264889506207e-06,5.474363192677884e-07,0.004973427067702107,5.37234254349651e-05,0.9949387985322551,2.703114526615511e-05,-29.057142857142857,1
2659233,1.298343277704226e-06,8.298634652739122e-08,7.845197372904709e-07,6.170884065414965e-08,1.3741265660537012e-07,0.004743313011430635,7.904011643030709e-07,0.9952040041294333,4.9527487112828476e-05,-31.36666666666667,4
2659256,4.863870987348626e-05,4.3081590644722113e-07,3.20303408745507e-06,3.1095891854035176e-05,1.8720340322688013e-06,0.7917371172375594,0.015904498459615998,0.19219528647377937,7.785734329160544e-05,-32.065000000000005,2
2659773,0.0008687745303934885,1.3160507111756895e-06,0.00011122183990314406,2.815534558116711e-05,1.4156482188135375e-05,0.930157857241546,6.562940852607558e-05,0.06846853180049613,0.0002843573006547529,-27.12127659574467,2
2659941,0.009171244856464894,5.0739666830465804e-06,5.450660787320251e-07,1.0376093162178235e-05,3.8904823861771473e-07,0.9340747890882821,2.22853095995208e-06,0.056674366057618844,6.098729251152865e-05,-32.02946428571429,2
2660379,0.0005437174081227196,6.877983684210088e-07,1.8494838804871043e-06,2.6897275144593747e-07,4.2417972709731307e-07,0.992343690507813,1.27797866043957e-05,0.006541656622338304,0.0005549252403940283,-30.713414634146343,1
2660443,0.0011295617146119912,1.0962792936374183e-06,1.9228904182613845e-05,5.211980765813517e-06,1.618699997654014e-05,0.966016927909791,2.520299258551257e-06,0.03264099057870177,0.00016827533341805964,-29.857333333333337,4
2660958,0.00020165891198009413,1.066409326038273e-06,9.286795507126949e-08,1.3519865338609244e-07,6.345634846515993e-07,0.9953301840173547,8.58211604898096e-06,0.0022788222543434953,0.002178823660853669,-31.28529411764706,2
2661092,5.603275910004111e-05,1.4780340569283637e-07,1.0427593938148649e-07,2.882542718047226e-07,2.3367487275543665e-07,0.9947103742684954,6.210937721957126e-07,0.005186550386537621,4.56474836053517e-05,-29.83055555555556,1
2661237,1.437578339431265e-05,2.8814076714560874e-07,3.009143158706302e-07,5.768718501994931e-07,2.5397931978629266e-07,0.9991843680402737,2.38289539061497e-06,0.0007687633900496692,2.8689984638718595e-05,-31.326415094339623,5
2661238,1.8611765503694662e-05,7.256587219301728e-07,1.3930094736286648e-05,5.581792482617166e-06,8.751963334145498e-06,0.9963902433264283,0.0003159747192798961,0.0010195034077081341,0.002226677271805072,-26.912820512820517,1
2661465,0.015028025911665866,7.409398079602904e-07,3.6033199309762635e-06,1.4093365537243285e-06,8.318389704370338e-07,0.019330431919385486,0.0004623208754543473,0.9651381979699399,3.4437888291426597e-05,-34.300000000000004,2
2661531,0.0003670631772308535,9.56384610035709e-07,0.0005798785562461052,9.058876773750502e-07,2.5326287351139965e-06,0.8893604931194009,0.000257848744123972,0.1094095015608752,2.0819941100459486e-05,-29.07826086956522,5
2661693,0.00036232185926158666,0.0004524919241339223,7.357603520603629e-05,6.415064856251819e-07,1.415344117836228e-05,0.8863297886547945,0.002159916159832901,0.11058357348950577,2.3536929601090373e-05,-24.372727272727275,4
2661827,0.00226380372392211,7.325295335615633e-07,4.5493198004265244e-07,5.661680630891496e-07,6.988167067117615e-07,0.0024471869663635635,0.00034155183586218675,0.9949253708255397,1.9634202028940495e-05,-33.6,2
2661942,0.02704857631057499,4.998381882426989e-05,4.405053442079217e-06,8.70584206706281e-06,3.227555216604774e-06,0.06073078921578881,0.00862813407908599,0.9031266030271705,0.0003995750978296081,-34.13333333333333,4
2662122,0.00413531762576044,3.1222613071705205e-06,2.1032546033112228e-06,5.028266104705784e-07,8.77631210131126e-07,0.01776007575325275,0.00017852666831622179,0.9774443870874518,0.00047508689148775845,-31.855555555555554,2
2662499,0.00015245319040667902,3.47423339350931e-06,1.1146819110266676e-05,6.717461084749498e-07,1.2356353136560352e-06,0.9661227689868875,5.4790619955505546e-06,0.033208534243103646,0.0004942360836806668,-27.509677419354837,1
2662958,0.00011595350717894055,1.7728511221600864e-06,3.993204800286615e-06,9.479767208479152e-07,9.672792514867624e-07,0.972404352370516,1.1302334356977744e-05,0.027399852074944598,6.085840110847774e-05,-30.263636363636362,5
2663119,0.00019878403503829822,1.438342961724394e-07,1.4318069535988714e-07,8.301449930160836e-07,3.680144443323887e-07,0.9985536125213279,1.9597008595409736e-06,0.0011782339031343129,6.592466521113067e-05,-30.679220779220774,3
2663907,0.7749608492048616,1.911969613281717e-06,3.254337657587059e-05,8.884981236841596e-06,1.5801675250739036e-06,0.10376630695279444,4.983990373690327e-05,0.11832620247997501,0.0028518809636812136,-30.201666666666668,3
2664137,8.893972694128288e-05,9.161978896450161e-07,1.152748839382984e-06,6.8220343663372974e-06,8.592826845236219e-06,0.7546559098867044,1.8583813976755022e-05,0.2451911504520551,2.7932312381871885e-05,-28.73191489361702,3
2664159,0.025534084132668493,3.642903366212821e-05,1.228915362483106e-05,2.3765356407561596e-06,8.403163479174802e-06,0.2785822204329608,0.0002167742909475566,0.6955402905500703,6.713270694582367e-05,-33.24444444444444,1
2664311,0.00385271688306929,5.008228267124234e-05,1.911490453881301e-05,5.446325865861963e-07,1.4407218687671988e-06,0.9909350574115661,2.3184945331247323e-05,0.001905087577726681,0.003212770640641273,-30.70793650793651,1
2664357,0.005935052805116289,0.00014010914038439584,3.573709407090363e-05,5.197734363426456e-07,1.8495665958713761e-06,0.992521371547624,6.605174392182138e-06,0.0008878728606123105,0.0004708820377675912,-29.8910447761194,1
2664810,0.6014937879428222,8.10520247015594e-06,4.79161139647914e-06,1.5127692163524441e-06,4.149021808232979e-06,0.2723191045226183,0.00012205907163724149,0.12543470062675477,0.0006117892312763051,-32.35666666666666,3
2664852,7.40285121643316e-05,2.974697936304119e-07,1.5083338603930393e-07,1.0839252324723098e-07,1.2119328151908747e-07,0.9989625143537039,1.9806339532322793e-06,0.0009402855647494421,2.0513046444700792e-05,-31.178571428571434,3
2665017,6.61872757090155e-05,1.7963392612958562e-06,3.918260715068897e-07,1.4414703901883145e-06,1.3688547726582043e-06,0.8939967435533676,0.00015017784503545267,0.10566031063834223,0.00012158219704994398,-28.32615384615385,4
2665042,0.008194753985658451,6.220934110647297e-06,9.438217963667821e-07,7.920246837699583e-07,1.293759302989239e-06,0.0029561394968076336,0.00029736530231813847,0.9809714513230258,0.007571039352296194,-31.38181818181818,2
2665078,0.04338034732246046,2.868301217750555e-06,3.3796439507976456e-07,6.915768740198649e-07,1.741306587828797e-06,0.9311968631832336,6.869114178399056e-06,0.025295219060392903,0.00011506217066005556,-30.210714285714282,2
2665339,0.0021575672465598485,7.194523835861818e-07,4.482029774978719e-06,5.685785189772322e-07,1.3419771073484593e-06,0.9896833014591053,2.593600781632985e-06,0.007180479772243473,0.0009689458835249372,-30.401612903225804,4
2665871,0.6149444414758656,2.0656265868316558e-06,8.168218200896429e-05,2.896797384834284e-06,3.4680173864206233e-06,0.12955509928931278,0.00016479394305868653,0.24441186478549282,0.010833687882903374,-29.63181818181818,4
2665918,0.008993930368434681,2.4334564511342664e-05,4.0268388496474114e-05,8.310018197137644e-07,2.4347169181885444e-06,0.9489605006626712,2.2800471619581792e-05,0.04179172694387674,0.00016317288165210744,-29.353125,4
2666372,0.40785413077589533,1.1220409261232658e-06,5.60459168024193e-06,1.2640409751745402e-06,1.339532018953991e-06,0.5074790531697289,5.1123509630563016e-05,0.08070049536095705,0.003905866978187629,-28.366666666666667,4
2666373,0.0003746243145893544,2.1569296629355173e-06,9.804261527695415e-07,2.8764452920220325e-07,4.992419419360434e-07,0.9899907545052319,1.4857771824497078e-05,0.00933064376489894,0.0002851954011682819,-30.499999999999996,5
2666397,9.794184720291423e-05,1.114052728752329e-06,1.1992215090651215e-05,2.2501227462365574e-07,4.3707067219948657e-07,0.9959026534193121,3.909919391945073e-06,0.0026696719383488476,0.0013120545249781152,-31.841176470588238,4
2666524,0.00031124173781836963,4.766652757939582e-05,0.0006525020695959242,1.0263787884203966e-06,0.00013768654493545105,0.9575343160032171,1.7098495942168248e-05,0.038989730745863656,0.002308731496259409,-25.12115384615385,4
2666729,0.00016236269170870598,1.2008383182723934e-06,5.009541418015529e-07,1.0874364403554409e-06,1.9964019505291696e-06,0.553962870382806,0.0004623741961348422,0.44536876729867253,3.883979982696164e-05,-30.06129032258065,1
2666852,0.0013444463360130598,1.2103040892351238e-06,3.259761030887815e-06,8.571257433184476e-07,1.200228138393747e-06,0.9961984556585817,1.6727515014196092e-05,0.0022689072928880182,0.00016493577850109319,-31.540000000000003,5
2666935,0.006105106274530013,1.2878409358697023e-05,3.525752584511701e-06,2.278356252519014e-06,4.005265716842027e-06,0.5995001213679237,4.478680161203049e-05,0.3939516987906146,0.0003755989814070661,-33.482352941176465,2
2666951,0.0005928768699570173,1.8726930066238435e-06,6.571286392953323e-07,7.908442798146013e-07,2.8941780211224784e-06,0.9858942370709485,0.00011826193866466746,0.006350530246196249,0.0070378790302866884,-32.280625,5
2666992,0.0024352834610794818,1.7007516020227135e-06,5.6241400647338115e-06,6.127684076335634e-06,3.652494873187747e-06,0.9352668817593107,2.7468601447066106e-05,0.06175667266369505,0.000496588443851364,-31.596470588235288,3
2667307,0.0011025463219352975,4.973032806601075e-07,5.682436948712024e-07,4.089147358496759e-06,9.578028431981987e-07,0.9893372373976064,6.290124297047435e-07,0.009510570093043921,4.290467780751842e-05,-30.96984126984126,4
2667312,0.01730903539455457,2.3717630045611233e-06,1.8465560545552831e-06,5.803724878130172e-06,3.2630120660408485e-06,0.9196217197052322,3.195471065054721e-05,0.06291714073084421,0.00010686440271530105,-33.507894736842104,5
2667507,5.508814571007877e-05,0.013560637028194418,0.021113604594966584,3.942463465512026e-05,0.08389640278088847,0.6300326452858659,0.08085367459445171,0.11720172665756717,0.05324679627770066,-11.942857142857145,4
2667513,0.01272395283486026,2.166300309625682e-06,2.3686728318422698e-06,4.207038852081137e-06,4.424641103419793e-06,0.746223411517841,9.061850506776165e-06,0.23999803144160403,0.0010323757020911412,-29.86764705882353,1
2667565,5.031821433476901e-05,0.00040685299590322775,1.2505071807349573e-05,7.930250267111488e-05,0.09931941575301631,0.7518022566309683,0.0015373209502094556,0.04301415258684644,0.10377787529424311,-14.0,4
2667574,2.2351720148772165e-05,6.205876640664462e-05,3.200011039970212e-05,8.437497248474395e-06,0.026730067619874617,0.4661376063695171,0.02184671102190287,0.025074408882697224,0.46008635801180453,-12.955555555555556,5
2667663,8.676912620174928e-06,2.490941633947853e-05,3.973958985301547e-05,0.0004860684143072647,0.04459044835520141,0.2977865111679691,0.046320991923522,0.2349596057237682,0.3757830484964193,-20.742105263157896,1
2667728,6.277156763692013e-05,0.00025930380511906203,0.0001413551029299683,0.0011367566590116517,0.004955248044195299,0.06263242671598519,0.004676243822525608,0.6870768869417775,0.23905900734081886,-20.39333333333333,4
2667932,2.699661982703454e-06,6.130721635547841e-07,2.5678528354718445e-06,8.431376804847148e-07,0.006386403943666865,0.984613039830632,0.003208311011612327,0.000532044454892062,0.005253477034534322,-22.361290322580647,5
2668541,0.026279710266837706,9.625891538141548e-05,2.5489598989077223e-05,2.822158082996151e-05,4.785678845298831e-05,0.8337805106862174,4.971830512789232e-05,0.13801738989930254,0.0016748439588611613,-25.421212121212125,1
2668578,4.521097091839658e-06,0.003053121545197606,0.002163239939830474,0.00018247132508214991,0.0010470479607692128,0.6632416930498715,0.0001439348114603173,0.33000802365059095,0.00015594662010604316,-22.766666666666666,5
2668600,7.836731473503519e-06,2.7120483735263967e-06,0.00027388411771350106,0.00018362633566972188,1.795308827209788e-05,0.7381362240399328,0.00011501675800547593,0.258735112133466,0.0025276347470935276,-24.0,3
2668691,0.0005103781254226984,0.00035332406039202907,3.658245151762894e-05,4.49800461956465e-05,0.0002736584231815095,0.5293845328396328,0.00011897644786027103,0.4691345884717862,0.00014297913401121535,-24.454838709677425,2
2668763,3.697589426063062e-06,3.7808675812515236e-06,8.095795338458986e-06,0.7394770323272651,1.257717184819891e-05,0.18385532327365692,4.459835146865687e-05,0.06688266387875748,0.009712230744657768,-21.91875,3
2668961,1.1543194166107669e-05,3.1784532030869224e-06,0.00018155993798848943,0.0001981811104441902,0.016201599714277596,0.11996016560514262,0.00020101072668604516,0.8587105350900742,0.004532226168017647,-22.035714285714285,5
2669169,4.646556491293112e-06,0.015246827839557444,0.0014446632968063064,0.0005694017766800558,0.0004078785557489791,0.5875721026988534,0.0012852592641705602,0.3934014709249881,6.77490867039462e-05,-19.753846153846155,5
2669302,1.2728247376209551e-05,0.017284692262131907,3.725273347219456e-05,0.0009766648606197965,8.631729220567618e-05,0.03675158339497799,0.01754895301367771,0.9194499814725452,0.007851826722993229,-14.715789473684211,3
2669690,7.2185181730743e-05,0.00011177181704399607,1.2925857493399961e-05,5.928485658776804e-05,9.202353980522267e-06,0.772305862391137,8.535123580175939e-05,0.22719986241551499,0.00014355389070960008,-26.412499999999998,1
2669825,2.3157232224224364e-06,2.3535741100157875e-06,0.00011276893315687754,7.857172288410109e-05,1.0637870609867376e-06,0.08980587011596794,0.9002366771827337,0.008586911055305995,0.0011734679055579085,-25.756,3
2670308,9.376890926638269e-05,1.1154232684121299e-06,5.5445544851145824e-05,1.075639262617552e-06,2.3379630323988137e-06,0.2980064112535079,1.810622220713283e-05,0.7017549047149696,6.683432963444621e-05,-32.928000000000004,4
2670822,1.1996141899591752e-05,0.00013210454769253032,0.0001545390193980311,0.00018187924623973972,5.629011522740983e-05,0.9107400409104315,0.00565404468705499,0.08303372523261095,3.538009944522477e-05,-18.737777777777776,4
2670869,1.871111105349491e-05,3.5861710284772133e-06,3.5147645364657033e-06,3.57826924391816e-06,7.929708759544165e-07,0.9381519260338358,1.1115002928908319e-05,0.06163011510132228,0.0001766605751745364,-30.474576271186436,5
2670919,0.00031220584292058573,2.322239695235974e-06,5.154444212290794e-07,9.648230962762825e-05,6.11068979415189e-06,0.9159151104466541,4.955347760565167e-06,0.08199475951871106,0.0016675381604155815,-29.169999999999998,2
2670936,7.007537599838043e-05,3.5954113778648454e-07,2.2190217062367846e-07,3.0303872130040067e-07,8.865995538074981e-07,0.9673274225788816,2.490908550495562e-06,0.032558874384204364,3.9365670781580095e-05,-28.866197183098592,1
2671161,0.8844540617449284,8.17997213597392e-06,8.041488035566573e-06,1.3607034567162498e-06,1.4655043204422534e-05,0.07377032687000551,0.00011518725048413026,0.03759531129085092,0.004032875636898632,-28.87,1
2671241,2.7904156650481275e-05,1.2921747867801345e-07,9.183267183290896e-08,2.82541351354623e-07,1.572713859491411e-07,0.9900160473185751,5.383629201943433e-07,0.009930433860276994,2.4415438689509577e-05,-29.652459016393443,4
2671492,0.00017995135573016378,6.739580383572467e-07,5.52316008298801e-07,1.1499538356930698e-06,1.3931798040098824e-06,0.7105836687812955,7.41182132760194e-06,0.2891138356051351,0.00011136302882512158,-30.316249999999997,1
2671688,0.00011849400548072493,3.3177187570523858e-06,1.208160382344449e-05,2.537983593113953e-06,2.8748419226836344e-05,0.8698005860463353,0.0013044200889271934,0.12730867154500616,0.001421142588850183,-25.500000000000004,2
2671728,4.3265740473884415e-06,1.29530863025507e-07,1.203061802469478e-07,1.7435881325188175e-06,2.1240798129869646e-08,0.0005576068181831231,5.133920692057413e-06,0.9994174061352032,1.3511885900327341e-05,-31.87142857142857,4
2671952,2.548895708985182e-06,2.412783532093296e-07,6.369484813227982e-07,4.0558469092664957e-07,9.996786791419765e-06,0.0601634475839132,4.8153669941339794e-05,0.9397398242942405,3.474495787899776e-05,-29.57777777777778,2
2671981,0.9810668373444869,1.5657366270680789e-06,2.6749072215256233e-05,1.3264736163946334e-07,1.0807847759105958e-06,0.010938568547790857,2.636837796539817e-05,0.00783626162921511,0.00010243585956147232,-28.8125,1
2672055,0.0004936671396165553,2.7548296282083165e-06,7.951832865897868e-06,3.7505030421545716e-05,1.675654917725334e-06,0.04153651011854014,0.0007554662571269944,0.9560348970331295,0.0011295721037534174,-31.318181818181817,3
2672112,3.9575639127607615e-05,0.001861507848769297,0.0002088424876661642,0.016684117701454452,0.011582449830078615,0.8415501967798269,0.014493831944181603,0.0894391708304912,0.02414030693840423,-26.581818181818186,2
2672189,0.015277277511627803,0.00010549980286881081,1.618263769861536e-05,8.779736649450161e-06,1.0276564228820381e-05,0.36993290185028294,0.0006581745091711562,0.6103988418988929,0.0035920654885794124,-30.066666666666663,5
2672227,3.881156321381162e-05,0.0023677064533646837,0.1948022982328673,2.274856618691556e-06,1.2144416802602712e-05,0.17206967654210475,5.5132011429326235e-05,0.6039281663389011,0.026723789584697722,-25.511999999999997,4
2672353,2.1980942993892773e-05,1.2365638907721305e-06,0.0008522033981209972,0.10117630544301345,8.85615559927202e-05,0.8118480652538413,2.7391069984229264e-05,0.05476919999974507,0.031215055772417472,-24.099999999999994,4
2673263,0.02104519643845901,2.305400194107799e-06,0.0007329983343869085,2.922404182041263e-06,2.2776438749337646e-06,0.33006090281780726,8.869243154204434e-05,0.6471367987725596,0.0009279057569941085,-32.061904761904756,3
2673325,0.0001764645923223088,8.813518696014459e-05,0.00012357501488649496,5.073155751252455e-05,5.255830074354195e-06,0.5394061289677269,0.0001285434330896723,0.1472322302983871,0.3127889351190405,-24.52307692307692,1
2673800,0.00010560223694214277,7.218656085744264e-07,5.92759869769217e-07,7.634535615157758e-07,8.736236224533368e-07,0.8007890285415263,0.0002960181688681269,0.19872163102604123,8.476832395977105e-05,-29.70357142857143,4
2673842,0.007446083584260261,1.5810118421587557e-06,3.9669353997937275e-07,3.4302772774166987e-07,8.306360185380091e-07,0.9809704681274977,8.018716040412276e-07,0.011576277552282278,3.2174952270803998e-06,-28.84516129032258,3
2674240,0.0007780991626336504,2.20939034679598e-06,1.4839304822005298e-05,9.819822238566768e-06,2.0573430467942635e-06,0.8748174710981504,1.6031965568776027e-05,0.12376732639803957,0.0005921455151533569,-27.834453781512604,2
2674241,0.0001694383227029438,4.991175821654294e-07,3.4672610568980917e-07,3.644276894273928e-07,1.5641039135612604e-06,0.9488043331211355,4.477241223579418e-06,0.0505431241409077,0.00047585279873925857,-30.4375,2
2674379,0.004085929497022286,5.2665413023401926e-06,8.385682745123783e-07,3.1027668388180042e-06,3.523754531635327e-06,0.8024135470592051,2.0795294822748564e-05,0.19343198971469572,3.5006803306958465e-05,-29.56666666666667,2
2674483,0.0022307451421285456,1.0629102181257915e-05,2.566160992858034e-06,3.1437687787133177e-06,6.371233912735333e-06,0.9664867179356246,1.0384315770490889e-05,0.029502835193012455,0.001746607147598364,-29.316666666666666,3
2674555,1.6370617291135516e-05,2.882972733073884e-07,0.0010803096236572521,6.674266363317382e-06,1.2039881885513818e-06,0.9962132387450635,5.796439619437237e-06,0.002599020382047725,7.709764049566142e-05,-25.91428571428571,3
2674589,4.852046202934828e-06,1.968051464830915e-06,4.585575322187656e-07,8.306990646178788e-08,3.242443110436653e-07,0.9995034230658335,2.841338139071446e-07,0.00039677984408930577,9.182698684603875e-05,-28.577124183006536,4
2674811,0.0022093099971226427,3.24450072941394e-06,1.7273688645268557e-06,1.182824632763686e-06,2.163827385300695e-06,0.6885167327175157,2.3570866909276024e-05,0.30922274665333016,1.932124351026105e-05,-32.589285714285715,3
2674984,0.00019411101274947954,3.437751488097709e-05,0.0003140673792552593,0.0017876959412420853,2.1127952792523935e-05,0.18093867549908638,0.06395658461934016,0.7413617011242433,0.011391658956409924,-30.316666666666666,2
2675421,2.9959305777912026e-05,1.6776378782699293e-06,3.731331630872969e-06,8.462933562349442e-07,3.11160012441831e-06,0.42895443618456486,0.0066856712343401955,0.5642135501701708,0.00010701624215633552,-28.7,1
2675422,6.260617728133852e-05,2.660760171329849e-06,8.990039921390593e-05,0.0023467308336241706,3.1538301484248484e-05,0.9570770973169866,0.001735468433736489,0.02970279775567871,0.00895120002182297,-25.14782608695652,4
2675523,0.00021309473834915524,3.625961030031348e-06,0.00032549382038167914,0.0001007351225585075,0.00020837864296953967,0.5408409713090698,0.02558967357464046,0.43252659306055286,0.00019143377044804886,-24.525000000000006,2
2675871,0.0013071630604152532,2.11787476691884e-07,4.076759734646643e-05,3.456458994197518e-07,4.133599927242045e-07,0.9968061835246439,2.9573652774681403e-06,0.00183121946323418,1.0738195713893022e-05,-30.13692307692308,3
2675895,0.00038469342381404476,0.995261699206414,4.450692870113869e-06,4.801999028507803e-05,0.0023517483803948396,0.0018138945102508025,1.1581540917820814e-06,3.9889281327658886e-05,9.444636055184959e-05,-2.1958333333333333,2
2675937,0.000806390168748722,3.157742227433295e-07,1.9029747789202576e-07,2.7184176713004183e-07,3.9583150924222706e-07,0.9972314054923315,5.511381100115534e-06,0.0017742643996956824,0.00018125481314702296,-28.4244094488189,2
2676333,0.9624267781342073,9.889284695664236e-07,1.6320735654056557e-06,5.040549897516183e-07,1.2552980041438504e-06,0.03382367874092878,3.4831518382662063e-06,0.003733922901026799,7.75671697016273e-06,-32.9609756097561,5
2676572,0.001201586702568932,2.743477120225176e-06,5.545906189978123e-07,8.825049555663952e-06,3.3867431937658258e-06,0.9818814714279825,4.673372739732302e-06,0.01680852034090151,8.823829531880484e-05,-30.682352941176468,2
2676589,0.0029927600402288057,3.788373810409337e-06,7.641986244216898e-05,3.886193997075264e-06,1.3277042493276203e-05,0.4383993399793106,0.00012078876182812768,0.5577964698381193,0.0005932699077702937,-33.87380952380953,4
2676600,0.0005146344769456733,8.815384977671144e-07,3.1438982700500444e-06,1.6989995975293624e-06,4.085276155747136e-06,0.9624323924084983,1.3343679795156035e-05,0.03699860450257623,3.1215219663508166e-05,-28.61111111111111,1
2677330,0.000782019728978468,2.2244756726312372e-06,5.701249676620567e-07,9.79602687499086e-07,1.6281813010389379e-06,0.20860159338510154,6.911184542931196e-05,0.7898648227659149,0.0006770498899469686,-31.440000000000005,4
2677644,0.0006932164557661791,6.344993129942192e-07,2.0394636454662082e-07,6.140254395523854e-07,1.2191746862861703e-06,0.9967565591160789,6.587991810280252e-06,0.0025177759918931096,2.3188798648218057e-05,-29.221794871794874,2
2677979,1.880771897155946e-06,1.4590287088878079e-05,8.284391332256407e-06,0.9215242046827575,0.00021511479668320145,0.05400382239962559,0.0002571711894867444,0.0237724368123236,0.0002024946688051237,-21.7625,2
2677989,1.5490774471511593e-05,1.740694669832486e-05,0.07011409296380802,1.0300396672874016e-05,0.00029069799565314833,0.6875070967731646,0.00010042344617995283,0.24168890062571452,0.00025559007763711146,-23.919999999999998,2
2678047,4.007617095094082e-06,5.51987276508367e-06,5.949934355687713e-06,0.00025142349235602533,5.026585908908366e-05,0.08818195258026769,0.001207414663880742,0.9102530286409368,4.043733925366155e-05,-22.160000000000004,3
2678064,1.0946100610805147e-05,0.0006935644588299424,9.97589337921954e-05,0.0008526390278055767,6.653827690600943e-05,0.7950183923098497,0.00011395443823916519,0.20261723488406627,0.0005269715699000782,-23.52,3
2678075,2.1297086051006753e-05,8.915979424508937e-05,1.2789346347011796e-06,0.00012053194824206202,9.901926613749602e-05,0.2145031693353427,0.4634451836418148,0.3216900230999534,3.0336893578692278e-05,-22.38125,2
2678088,1.638433021174506e-05,1.3822664113354075e-05,1.7610021214738996e-05,0.00012642345194840559,0.030654508635556032,0.3478288898250216,2.7835161778004977e-05,0.6104519109127196,0.01086261499743674,-21.075000000000003,3
2678107,2.6679635723406124e-06,0.00024232297144840192,2.5892877336630173e-05,0.8826415330620551,0.002111748880977094,0.05583276796696072,0.012681554909275439,0.04598079791792345,0.0004807134504508822,-23.402777777777782,5
2678229,1.9251942318064588e-05,2.9776619842022386e-05,0.006638669841338471,0.00023281940887479082,0.012125655843833546,0.7226531219762147,0.00010520510854153704,0.2169081870013359,0.04128731225770081,-22.56923076923077,3
2678325,4.963436880157507e-06,7.452189438039981e-06,6.633067458391517e-05,0.0009961101303560037,0.0025132074676464814,0.0999900773893685,6.193456194348665e-05,0.894190325646044,0.002169598503739467,-20.993750000000002,5
2679652,2.3859701765759605e-05,1.4999291722926395e-07,3.3637799011141555e-07,1.205114876206404e-07,3.442921620365847e-07,0.9981187130141481,1.4060439291613364e-05,0.0017684314712122944,7.398419902520304e-05,-28.345833333333335,2
2680204,0.004285417312424224,2.8964767579392096e-06,6.966294085909648e-07,1.8622305003935593e-06,1.603593742379944e-06,0.990757480906437,8.96410578389304e-05,0.003937289149965036,0.0009231126429253856,-29.855555555555554,1
2681640,0.004900258346341709,7.197412271058442e-07,1.0847998662421075e-06,2.2716200853136325e-06,1.0603252491959709e-06,0.8961658817972936,3.817592476115374e-06,0.0988261718142099,9.873396325080002e-05,-28.3020618556701,1
2681669,9.956223758204988e-06,2.5105002999475323e-07,2.419826283372232e-05,1.4499929441692924e-06,5.3335980747324045e-06,0.08902791399269004,6.478100257765416e-06,0.9106747379310999,0.00024968084831151506,-27.0359375,5
2681753,0.0006484656320669095,6.280385892489041e-07,3.810477497386062e-07,7.874624637580362e-07,1.8608576358971288e-06,0.9678981263248942,3.870431183077937e-06,0.031371656287403765,7.42239180133855e-05,-28.810909090909085,5
2682267,1.6298632181823335e-05,1.0990447572478628e-06,9.816435979314286e-06,3.1229744720231047e-06,6.941095227223944e-05,0.47229253252563125,0.00010246474018430213,0.5272837899666921,0.00022146472782969665,-27.665384615384617,3
2682450,0.00012456776969220465,0.021779126074755274,4.172843509196907e-05,0.005702528135150086,0.043627598936457596,0.35575379592757195,0.0906216540781712,0.48184374676957525,0.0005052538735345273,-14.0,2
2682539,0.006399482499104606,5.644376545367947e-06,3.7995146456950386e-05,2.187289857703098e-06,3.6264750376927945e-06,0.9228715237362997,0.0001244079641003712,0.06723283242509812,0.003322300087499636,-26.505128205128205,1
2682720,6.624439576414452e-05,1.7147629629394294e-05,0.00010201681344999101,1.4549020387931092e-05,7.970070618235922e-06,0.9349931425102301,0.001188175336221346,0.05290702657295099,0.010703727650747891,-25.758333333333336,3
2682751,6.416110864163112e-05,1.6742102512445719e-06,1.1894410031571637e-05,3.2593106265117715e-06,1.9312641387088156e-06,0.9570400377058589,0.0007115304199149587,0.040444455969414206,0.0017210556011223064,-26.871428571428577,2
2682882,0.004878664832013948,4.19038218704917e-06,0.0018283918806882504,2.057252933509272e-06,3.4902165320348434e-06,0.8094638137768563,0.0033885347405180205,0.17713113390360047,0.0032997230146703835,-28.219565217391303,2
2682892,0.00403605076887822,2.646491927213701e-06,4.483782968070217e-06,9.433929892529473e-06,1.7844513736549534e-05,0.4642681881092418,0.0021274480178681155,0.5286236423053974,0.0009102620800901289,-28.9031746031746,2
2683122,5.719799657081221e-05,1.188967051601031e-06,1.0557128800890027e-06,2.949395398076247e-06,3.1023072107856748e-06,0.8358805694258908,8.940673920296695e-06,0.16378058135386075,0.00026441416721683145,-29.91555555555556,1
2683965,0.00016632912829153373,0.9881926358090394,5.150137682539007e-06,0.00016614230294611856,0.00046342360322241025,0.0018637341268321374,5.764171509018078e-05,0.009055857793593386,2.9085383302139862e-05,-5.707142857142856,1
2684026,1.839166894151742e-05,6.68942973547672e-05,0.0004360706104214781,0.004348221381870598,0.0018826952973550661,0.5885353708386969,2.0471576853720953e-05,0.34442518519391346,0.06026669913459253,-24.236363636363638,4
2684055,6.491606054456371e-06,9.430933466596568e-06,0.03545370962171053,2.3490093433106487e-05,0.017697215601199443,0.9319760936312975,0.000976947502909256,0.01374135398686101,0.00011526702306812759,-23.282222222222224,1
2684336,1.0700651432267662e-05,4.302044057932749e-06,0.0001289783463759675,0.0016664889453614818,2.0598259050358897e-05,0.9580175897153668,0.00016061988111948952,0.03907663327105387,0.0009140888861820856,-24.961764705882352,3
2684745,0.0023878855196420093,2.903080511456689e-06,1.7467595268729935e-06,1.262985239850823e-06,3.057103435871478e-06,0.1597615470273677,4.884561128691312e-05,0.8370462468081296,0.0007465051048595881,-30.810526315789474,5
2684984,0.000617875239529823,6.321947752318835e-06,5.38050747364555e-07,1.3159129926348257e-06,1.404152516482383e-06,0.04573596842911678,5.546800289846761e-05,0.9528927302856267,0.0006883779788192393,-28.519354838709678,2
2685524,0.00027121951700441655,4.063199222152828e-07,7.255307594942993e-07,3.5960647115601906e-07,6.561680537967996e-07,0.46407335678716827,0.49539296336221944,0.03967213309134586,0.0005881796170553796,-31.154216867469877,5
2685591,0.0006178246274137686,2.3568370050000164e-06,1.7713235254734957e-07,3.29262851077442e-07,4.4507428625897824e-07,0.9966560204491013,3.4300752996179803e-06,0.002237924351929314,0.00048149218976134225,-30.610958904109587,2
2685694,0.0003193832076856495,1.789246521696046e-06,1.1450185150543522e-06,1.6776177210967966e-05,2.5672022229973804e-06,0.9527567640712493,1.7000240086676458e-05,0.04654366708492817,0.00034090775157964297,-30.11428571428571,1
2686058,0.001279678948505376,1.1774954624216994e-06,1.0916872099284412e-06,9.790318742683238e-07,1.4161441574080264e-06,0.40353037339311554,7.350527403283479e-05,0.5947336997938708,0.00037807823177139587,-32.45614035087719,2
2687162,0.21996572749995982,1.3176512857548585e-06,4.696404409541251e-07,7.325022286456465e-07,7.900478961428361e-07,0.7713143556269211,3.1316437333150864e-05,0.007605566901551444,0.0010797236923830924,-30.389655172413793,1
2687837,2.2264550632820473e-05,6.5612259787133745e-06,0.00011795214795721287,0.00019444736478108174,7.023117650452635e-05,0.10712816300324489,5.113183276099592e-05,0.8629770502120173,0.0294321984861225,-24.108510638297876,2
2687864,2.2100510276942457e-05,2.7432065968477518e-05,0.0005963260565992937,0.0006072718420554602,0.0008037201198493152,0.14729759244645269,0.0006675655326913418,0.8021718005432834,0.04780619088282302,-23.395454545454548,1
2687894,3.1018404432874004e-05,2.3467614253472855e-06,0.0001489046615760225,0.0020348074711305716,5.689990710723689e-05,0.3913137309681346,0.005252586743185294,0.6010782069107052,8.149817230285452e-05,-22.671999999999997,3
2687903,7.362142589736888e-06,2.9423183457556137e-06,0.00011531082002778395,0.2737070921629201,0.00031208385585301227,0.4796456412537517,0.0012732086733130018,0.2180105401592696,0.02692581861392934,-24.384999999999998,4
2688339,2.3550501435816063e-05,5.932212462237365e-07,4.875803111136063e-05,1.4617938055620817e-06,6.472293766124026e-06,0.510742520930729,2.3058762700624776e-05,0.4884686835620552,0.0006849009031501315,-27.984615384615388,5
2688903,5.694413273718563e-06,6.297498414672921e-05,0.0005268565932762796,0.00010076301436057809,0.0008831934812461846,0.4298577268410157,0.007204452493557398,0.5509044525491902,0.010453885629933279,-21.971111111111114,3
22772491,0.00010381734151069902,3.847264711526192e-06,3.518629180804173e-07,6.700241778356872e-07,2.708766450498721e-06,0.9962401133768318,5.614262649443936e-05,0.00357057811879492,2.17706181101632e-05,-26.758139534883718,2
22772736,0.10240674823643063,3.871986515926747e-06,6.706193242451942e-05,1.915918990252705e-06,3.974724449822419e-06,0.8285574626658279,4.812302774764188e-05,0.06834189891213818,0.0005689425954750831,-29.3525,4
22774119,1.0279169334247754e-05,3.4944836623539424e-06,0.0034773291469770845,0.020304723379884787,4.752501129822756e-05,0.6579328151681465,0.000723704263394133,0.24336425071114842,0.07413587866615427,-23.03928571428571,3
22774339,7.205963646146693e-05,1.939056435231865e-06,3.7929050674746912e-06,0.00023515228705794016,0.00016009384668295038,0.9178726423829309,0.012229452395085999,0.06829824399640168,0.001126623493876315,-26.37878787878788,3
22774957,1.6314344564761333e-07,8.891632611204698e-06,2.4785920214006353e-07,2.688779526025613e-05,0.0001994455314458738,0.008919824151957727,0.9885833279394026,0.002144922764265334,0.0001162891824092887,-23.315714285714286,1
22774968,0.001945815278704178,1.0897359922058282e-05,1.6006635983259057e-06,2.3371118803054582e-06,2.6966725171960594e-06,0.9499474846108297,2.6128852443254654e-05,0.04210120603387862,0.005961833416226399,-28.335238095238097,4
22775238,6.67036978399331e-05,0.0035679854546686414,0.0006952496225621827,0.009956837378932753,0.08026168099032548,0.3040578330228522,0.002697532719078923,0.11160689398247933,0.48708928313126065,-24.456626506024094,2
22775276,1.188994615873576e-05,7.315344017516601e-06,7.364620074703024e-06,0.5710985545708624,0.003722002197712478,0.2069290186036169,0.02965592403775281,0.18824388912302736,0.00032404155677708506,-26.545454545454547,5
22777908,0.0007926640094985188,8.497317687879792e-06,0.0005534465592389831,0.0001695254783910199,8.075802972545825e-05,0.8596934957128617,0.0012609128183737666,0.0694201113358611,0.06802058873836168,-27.945161290322577,1
22780867,0.0031175175028861756,1.5476659743252457e-06,9.187724305975921e-07,1.0774754660160774e-05,3.6199743514780825e-07,0.977789357013418,1.067709359882914e-05,0.018951314957005527,0.0001175302425913447,-27.78809523809524,5
22780948,2.8695914739132038e-05,0.00014393564149901703,1.6677756960109291e-06,2.4642260772099554e-05,2.9590682415348943e-05,0.9479094600762359,0.024627006042193162,0.023274429303089664,0.003960572303359491,-28.760606060606058,1
22782874,7.428969225230844e-06,9.3885494640021e-06,5.1443446695512457e-05,0.0009339254106740845,0.019220096986709186,0.03669776331012906,1.3546336170522724e-05,0.9381238120626523,0.004942594928279961,-23.561,2
22783356,8.573564346521541e-06,0.007023177623479913,2.4413157890997008e-05,2.070778217127783e-05,0.002602532683079688,0.8929344867290357,0.05796336743514533,0.03629723470281941,0.003125506322031025,-15.383333333333333,5
22783410,6.149213090057349e-06,7.508268600702598e-07,7.466510730360338e-07,3.091501732171788e-07,1.6014439316436236e-05,0.9908060862500059,0.006954377019103207,0.00041691862957797673,0.0017986478208001447,-25.578947368421055,1
22787501,4.2356093216424535e-05,0.00010918718777328185,6.330763691088597e-05,0.00869359691028139,0.0008324050243211108,0.5503087284971122,0.04043309876076388,0.3840040200099901,0.015513299879630441,-26.73148148148148,5
22787502,6.431159573162611e-05,4.926992799449725e-06,8.553522893989952e-06,0.0012418577721063884,0.0005763245315936206,0.9411931427721616,0.04390802440161312,0.012688685788647168,0.00031417262245312955,-27.55416666666667,3
22787741,5.5534063243064554e-05,2.0179004737065928e-05,3.035922288393903e-07,1.9911464507493997e-07,1.3257784200843493e-07,0.9997613399466387,6.488446863085363e-07,0.0001569787722438956,4.684083735334202e-06,-27.075163398692812,2
22787873,0.19163008158655265,0.00018474797634569255,1.4279492917788939e-05,2.606769961242032e-06,2.167732996967695e-06,0.7332478865940137,2.761680575118347e-05,0.07478452512729206,0.0001060879141687714,-26.906896551724135,4
22788972,1.8274736556990867e-06,1.983681940710241e-05,0.009425424634836114,5.882812179837074e-07,0.2394201369089926,0.7478427232981631,7.974962607089628e-06,0.0022657228348572254,0.001015764786263129,-21.536842105263155,4
22793277,0.0012464407386583356,1.393810366448114e-06,1.9012760301611173e-05,4.552100416755107e-06,1.7897072071790354e-06,0.02990684731174816,0.0004204704458848595,0.968014289322539,0.00038520380287762547,-32.362500000000004,5
22793581,0.00012862343944814066,7.454138257788912e-07,4.04413126262292e-06,5.300111123809234e-07,7.739950499771077e-07,0.011278437405363644,0.00015769312498791708,0.9884180108251721,1.1141653777454342e-05,-33.68666666666667,5
22796594,0.00013158755081703387,8.101870053607096e-06,2.0613906554881356e-05,1.506397464474712e-06,2.111983959081297e-06,0.7719182432007887,0.00031731155892261644,0.22187706199967633,0.005723461531763487,-30.210937499999996,5
22797718,4.4761414923514737e-05,9.153758713002125e-05,7.114805049830629e-07,1.0340422557192526e-06,1.9059934026136436e-06,0.9907821838619831,1.1080459942295012e-05,0.003857908608423377,0.005208876551434002,-30.693478260869572,3
22798027,1.9650792963931503e-05,1.637707495199181e-06,1.6289463839964382e-05,0.000721813945848206,9.59905910535288e-07,0.9396643227681893,7.3423665740702795e-06,0.057584009700385096,0.0019839733487935158,-30.591176470588234,5
22798852,0.000997423110186832,2.630660717204539e-06,4.753473580987485e-06,4.4375341257666285e-05,1.5092962660405633e-05,0.5111118383245749,8.511550903500398e-05,0.4865918858099703,0.0011468848080166648,-29.223255813953486,2
22800672,0.00029698724169233636,1.033689453113253e-06,4.985353348736227e-07,5.118924271427339e-05,6.133687138615958e-07,0.9891521341061115,5.985866917658156e-06,0.0099641552448457,0.0005274027042165409,-30.262264150943395,3
22800746,0.0001738022366118721,6.853579095280285e-05,4.639749487189378e-05,5.993953988900938e-06,1.0958150606508268e-05,0.6707205225802272,0.007342020013389068,0.3211830193300032,0.0004487504493485408,-32.15833333333333,4
22800885,0.0004490151629213509,9.95407985966363e-07,6.817246023028777e-06,8.874407528135688e-05,5.735593428236301e-07,0.9393669839323467,5.323759465289102e-06,0.04878286001659968,0.011298686840033845,-29.79404761904762,3
22802170,3.435269516510579e-06,4.7987227190984694e-05,0.00029089079090827683,0.011174850871535583,0.00032773289134046824,0.8525155137669062,0.003471743790953747,0.12363789025382545,0.008529955137822828,-21.63076923076923,1
22802199,2.8317256702620107e-06,7.940511478916692e-08,4.446861288791617e-07,0.9941699085223301,3.240654985209115e-06,0.0028900475850170506,0.001714057434456494,0.0012018259938845768,1.7563992412500137e-05,-27.2,5
22803550,0.0018136776543973229,1.4101173641842582e-06,2.0532303011618928e-06,2.13955362787439e-05,2.2845554936054303e-06,0.8716842663200273,6.948149395674195e-06,0.12610865783419553,0.00035930660254645684,-28.439999999999998,4
22804089,0.0007295706722666115,1.1999625862284981e-06,1.023652192511396e-06,2.0207428873014504e-06,1.215137875313625e-06,0.013082567252084095,0.00010337096098925479,0.9859331972845261,0.00014583433459257718,-31.218367346938773,5
22804171,0.00046600262712176183,4.269448155830043e-07,3.91888331304984e-07,7.824848663815311e-07,6.10532064353317e-07,0.021019299434316113,2.4474799560109402e-05,0.978402728741334,8.528254759032692e-05,-31.466666666666665,3
22804799,1.8137003964681694e-05,0.0001042419425103412,0.00017475743783181173,0.07657693675325555,1.5223090567494032e-05,0.7260146603758061,0.0017573544653186357,0.1706362479488245,0.02470244098192116,-21.245454545454546,3
22806079,0.0006987886252613838,4.503518555051519e-06,0.00028241858144724386,4.129001331202439e-05,1.684767970127592e-05,0.04789180669807993,0.002116417545003589,0.9489393081401364,8.619198503120184e-06,-33.14615384615385,5
22806107,0.00016469768923479486,7.514602441693668e-07,3.4903079867694716e-06,2.7298999757610908e-06,9.070829981187383e-07,0.013128070675827625,4.1872583759464895e-05,0.9816775422720914,0.004979938027881908,-31.37297297297297,3
22806776,9.261417496857448e-05,5.54968496714233e-07,3.176532716846858e-05,6.394805249750078e-06,3.995099235524542e-06,0.22089164149253027,0.7095261183077796,0.06919667349428044,0.0002502423302907405,-27.288235294117644,3
22807913,0.0007820937516768988,8.286773727164987e-07,3.4183181427579415e-06,1.3015294475047835e-05,1.1278584453854004e-06,0.040441861420751124,0.00613666704771234,0.9524216068704198,0.00019938076100410913,-31.36666666666667,2
22808008,5.650811430671559e-05,9.288929813790882e-07,9.53993797582135e-07,1.4343869722358573e-05,6.2911138645009735e-06,0.9881758057079277,7.072335478501665e-06,0.00538114778609446,0.006356948185826955,-30.221428571428575,4
22808192,6.3648140627320465e-06,3.284257026052361e-05,0.001292787030249462,0.2841190378771605,6.3827875890816225e-06,0.07169648242762801,9.070147987301807e-05,0.6367027379864234,0.006052663026753159,-20.048275862068966,3
22810147,1.4410291111280345e-05,0.21291735359775338,6.368996975121408e-06,0.0022493347635448558,0.0011225554978037096,0.010402466510507635,0.6733921616514629,0.09304602724185561,0.006849321448985649,-17.244117647058825,1
22810371,5.11049857198872e-05,0.010724278874257824,1.1371847234245683e-05,0.02442346882562222,0.04022453284245546,0.7669468727276928,0.008168872710426408,0.14819965504911967,0.0012498421374714042,-28.077173913043477,5
22811922,5.219967162043744e-05,2.1766309155047727e-05,1.802537274973911e-05,0.05388527771720569,4.575836758997898e-05,0.3385067354849222,0.0209254524882021,0.027892315784170823,0.558652468804384,-29.400000000000002,2
22812140,0.0002468178595684031,2.3816204975966935e-06,0.0002893123247381938,8.87040128617185e-06,7.416966729650241e-06,0.06380977262081121,0.0010281980613787098,0.9346029192809007,4.3108640894049615e-06,-32.67999999999999,5
22812176,0.0002143737005660629,9.155852664951244e-06,1.1005419364228032e-06,1.7556747489736872e-05,3.337468268755201e-06,0.9350440011813034,1.841068531495739e-05,0.06212983903459069,0.002562224787865015,-31.27916666666667,4
22812662,0.0011972741419404352,8.167851652449533e-06,1.890925966740676e-06,9.464586751330204e-05,1.5182250364768515e-06,0.20771220286962522,2.378118564928349e-05,0.7898167574755327,0.0011437614570833897,-28.613698630136987,5
22813847,8.963104223971589e-05,0.0001352178847447173,5.334741303055725e-06,0.00018003813288343813,0.0002862154317238981,0.2032908768762651,0.5267086584523422,0.26738585042142676,0.0019181770170709786,-21.974747474747474,2
22814043,1.4361198354746475e-05,3.211012096886575e-07,2.065119079354598e-05,2.583989373163497e-07,2.6853604822307358e-06,0.9900597942011775,1.751297590496855e-05,0.009541362168187802,0.00034305340495199615,-27.605454545454545,2
22814516,0.00011029242011837467,2.258783411710771e-06,3.960660579132687e-05,5.9296280772979596e-05,0.003369293171352908,0.9608440512263424,2.0499959103063142e-05,0.03436035670896667,0.0011943448441405155,-23.633333333333333,3
22814685,0.0019127736492629078,1.938513825709956e-06,9.281807647171512e-06,0.00021134123987605658,7.321524998374044e-06,0.8745254451536479,3.0226551503708052e-06,0.1226819087161512,0.0006469667394402482,-30.449999999999996,4
22814831,0.007439898780739883,5.530812789109905e-06,1.924880766959688e-06,2.768817931560168e-06,5.148598070815353e-06,0.07275254320994815,0.00020870056379726856,0.9151490176227637,0.004434466713192665,-30.884210526315787,5
22815158,0.0019655967591041923,1.9028707216335896e-06,3.527681540219966e-06,1.5142885570650605e-06,2.7197485338341794e-06,0.3083520531479162,1.4274448939631685e-05,0.6793211455255969,0.010337265529090447,-30.62708333333333,1
22815291,5.175474995717144e-05,0.0007387717988478768,5.182731350450155e-06,4.8526688171319256e-05,0.0019491309409376645,0.9889875070060622,0.000557572685524631,0.005460004409962942,0.0022015489891857786,-30.432,5
22815677,0.002568989006565731,6.996964992434075e-07,1.0051098327467903e-05,9.362686187322664e-07,2.1590114287209266e-06,0.9688621212857863,0.0011662230232252478,0.023752184756204248,0.0036366358533441983,-28.614285714285717,5
22816264,0.00023753515761578846,8.609131580196752e-06,5.752347391572105e-06,6.263652740110921e-05,7.001252151199589e-06,0.8560597419202509,0.003131200509195014,0.12245586045910342,0.01803166269531058,-29.48,4
22816716,3.888508375025689e-05,8.382897065844121e-07,3.4223336657188615e-06,1.5858634466196496e-05,9.476979054474476e-06,0.9905430189482618,0.0026554553123414246,0.004405523457338347,0.002327520961415121,-30.738888888888894,5
22816838,0.01725461922548868,1.4032018236546585e-06,4.084033884692552e-05,3.765184096405496e-05,2.3833577230488657e-06,0.9456074499738729,1.4475458246676786e-05,0.036092578860398,0.0009485977426358735,-27.6843137254902,3
22821381,2.7837762292807475e-05,2.7201179950791968e-05,8.052895806756285e-06,0.4564792421246061,4.919735403496196e-05,0.18336709194744347,0.00037987072488495684,0.35960893813302336,5.2567877956921336e-05,-26.61578947368421,2
22822495,0.006224796229129797,1.9791047878475602e-05,1.2823093387117001e-05,0.00010940609066254998,0.00021996483366000833,0.566548500634752,3.7889086948292956e-05,0.4266356502616949,0.00019117872188682922,-27.341379310344827,3
22822591,6.422111825130528e-05,9.137594687163693e-07,2.4206504274068628e-06,9.679478174894129e-07,1.8434776152757357e-06,0.7479418053409416,5.933205151434946e-05,0.24884687920537182,0.003081616448592043,-28.956410256410262,1
22822623,0.0007633428059255021,1.2067990306478806e-06,2.016983948300927e-05,2.66012347568188e-06,7.457331978114722e-07,0.9873532059479831,0.0014599571175793785,0.0065070680070370614,0.0038916436262878364,-29.016000000000005,3
22822653,0.00923557796301301,1.652868270324285e-05,1.572012675919053e-06,0.0012537356821765917,1.3378152595814624e-05,0.6797708514994562,0.0003736239962500645,0.05138387864766868,0.25795085336346063,-29.490123456790126,5
22823165,0.00045259918253397457,9.599870953503424e-05,9.103857662806961e-05,0.04624747354718743,0.0005340958513620556,0.8757476069688231,0.019867030585062916,0.05262511611007559,0.004339040468791833,-28.64285714285715,4
22823570,0.00012800436904991316,1.123418697112568e-06,2.7603351864865425e-06,7.578472120318535e-07,2.3563738885034964e-06,0.9558664661766784,0.00011331542898065517,0.04277904762211818,0.0011061684281888297,-29.079310344827583,1
22823663,0.0006243947254571306,1.5138898988037098e-06,1.7120332138180729e-06,8.352919787403073e-07,6.5890886375902154e-06,0.9453865704680166,0.00010816925293131032,0.03606353795008349,0.017806677299782532,-29.271186440677965,5
22823707,1.9784817714608156e-05,6.060469744472941e-06,0.030580866088953933,1.2123463451623753e-05,0.016143674904880216,0.28466728425716,0.5729940935433374,0.07619946727067808,0.01937664518407961,-22.63611111111111,4
22824074,0.0016365263455008349,2.566383261457572e-06,0.0001283938010902889,1.3971874743109072e-05,5.013309059000873e-06,0.7815563024785664,0.00013086754329050574,0.201738692752385,0.014787665512103311,-30.350000000000005,1
22824093,0.0004720348852368993,7.252128029003627e-06,0.0004482150726195207,0.0012077618534402045,0.0014030970963607242,0.7473614316739774,0.04736481456484908,0.19863167387661915,0.003103718848867909,-25.260000000000005,2
22824101,4.777864593693767e-06,2.209697939807133e-05,1.3987107303610755e-05,0.6101510900296444,0.0031257907782875458,0.3636609534020652,1.1034435890155005e-05,0.02244630882105701,0.0005639605817603712,-26.36296296296296,5
22824941,3.0304461054489195e-06,8.542852267805829e-05,4.462011834240796e-07,0.8762748096968831,0.0006706884174684011,0.05498022337077373,0.00020719944208797184,0.06759357534994577,0.00018459855287397296,-21.136,1
22824975,1.1950753564319706e-05,1.4678733171181468e-05,1.696684787689659e-05,0.017090645190705953,0.000150130888247142,0.6023609473527167,0.009310151930628001,0.3710314149934115,1.311330967819512e-05,-23.205000000000005,2
22825091,0.0010127301824576801,6.1455725541068145e-06,6.354234642944072e-06,0.008544758139709566,2.326733727327246e-05,0.7713793486258861,0.01884286799363795,0.1692674545147541,0.030917073399084376,-29.075384615384614,2
22825554,0.0035021266654090273,3.8612804267635945e-05,1.908232381308467e-06,4.269245691197024e-06,4.366833492928777e-06,0.06759307970088739,0.0004073454445970941,0.7946718979303254,0.13377639314294787,-30.330000000000002,1
22826260,2.9009629443690646e-07,0.993617123721527,0.00021659790673071952,6.997817380186591e-07,0.0002371600109228032,0.0030655552861381186,1.8113877238312388e-05,0.0016808897551812108,0.0011635695642293396,-10.6125,4
22826294,1.7502311717245525e-05,0.00042547605236318496,0.0029882210230732574,0.00020117521624647802,0.8365966616059737,0.080589933813346,0.012141588441684156,0.06035245333452093,0.006686988201074988,-23.773333333333333,3
22826476,0.00011344439273700456,1.6455859615036674e-06,0.0060608177704784254,0.002114888732646543,0.000300191385361097,0.9683262789633441,0.002966596483854292,0.01964295105125505,0.0004731856343619178,-25.08076923076923,1
22827084,1.8858747303419695e-05,0.30526251429282425,0.27246426072226365,4.042988674868858e-06,0.0828501049004637,0.31947566809041905,0.0006434881556008229,0.008765459498976893,0.010515602603473305,-18.05714285714286,3
22827108,2.967125248126856e-06,0.09800820861171762,0.000657299732210377,0.0006523237789042832,0.00286437004415908,0.0034362091151702756,0.7575267254462967,0.038767074445931096,0.09808482170036238,-18.236363636363635,1
22827135,0.00039967680375862613,0.00011318866713881343,9.812682026980938e-06,2.9771298853407645e-06,9.475819186476965e-05,0.9651886761088265,2.4947882203284753e-05,0.032801184865071824,0.0013647776692238163,-29.54444444444444,2
22827144,0.0005614901713181521,1.971771003773703e-05,2.8138359505727914e-06,0.006232458871895503,9.395601051850486e-06,0.9182597113157032,0.0015488747269412106,0.04629113278173273,0.027074404985369,-26.818181818181824,2
22827175,0.0012659854879449408,0.00015607480317858042,7.742764005256426e-05,6.802894775933157e-05,0.002139155576207155,0.5872301345264336,0.0016209434523902088,0.39792353721149243,0.009518712354541282,-29.59333333333334,5
22827178,2.8676516728147954e-06,1.1201927393405581e-05,3.364781339410489e-06,2.017119733408797e-05,0.9823105320666414,0.0035952899169925264,2.4941052292608497e-05,0.0034130806216368095,0.010618550784696871,-22.227272727272727,5
22827192,7.409805172921354e-05,0.018829910098630658,1.5802123788883433e-05,0.000592918173937959,0.0008201696236385557,0.3298426527504001,0.04660361455817989,0.5133771710005226,0.08984366361917216,-28.317647058823532,4
22827225,2.807039449194227e-05,1.448118067439878e-05,0.0002717038946567005,0.012228702018360613,0.007006432372648602,0.4673163176195765,0.18979943560667986,0.26479858775783,0.058536269155081505,-21.144444444444446,1
22827619,0.0008939151041540275,1.983295663928353e-06,4.576180319956707e-06,0.0016010914925199704,0.0006912713834061923,0.842112522809672,0.1298734144026521,0.010987108382885784,0.013834116948726022,-28.699999999999996,3
22827660,9.666471775329184e-05,9.77239080035993e-07,8.223033284082605e-07,1.2866048682357875e-06,9.936151159058216e-06,0.8789591102178346,0.00028223686695099743,0.11994537846496052,0.0007035874340649665,-27.27,5
22827764,9.212511901054369e-05,0.00024533796144495163,3.206281447311075e-05,9.328475330234999e-07,0.00037467160019480833,0.9745291783849043,1.4140719501901386e-05,0.024592825464420244,0.00011872508851734963,-25.657425742574258,2
22827832,0.00020241394577495242,2.859561329851799e-06,0.0179228077869729,1.3732881281041888e-05,7.588274642456385e-06,0.32508054777158146,0.0032919648007217884,0.6503334509573719,0.0031446340203236884,-29.025000000000006,3
22827944,9.877916843527557e-05,8.85291245651994e-06,6.7913382901853845e-06,0.03712843562543891,0.0042332291802381645,0.5961627066904286,0.0014567930186097052,0.355346193595965,0.005558218470137681,-23.194444444444443,4
22828603,5.254988290262548e-05,3.830302940045874e-07,5.882661754516138e-07,1.4664717565879701e-06,1.2589744608753112e-06,0.9993868949228669,6.506567774148919e-05,0.0004820396020487274,9.753171753319569e-06,-29.382051282051286,3
22828640,0.0003194246928811258,8.551067732613052e-07,2.8523680092466813e-06,5.168337998814643e-05,3.35487862255829e-06,0.8738873489194642,1.7521900734144095e-05,0.12512394273547206,0.0005930160180552798,-30.20212765957447,3
22828877,0.0038423556438284285,1.6163186064612362e-06,1.8809852884136156e-06,1.4798164332442383e-05,1.6872553993910635e-05,0.8627620672892227,8.91872602091186e-05,0.12599834597972998,0.0072728758047884935,-28.547727272727272,4
22829129,0.0001781831545508798,2.5139575433921003e-06,5.4200249638990905e-06,1.134059484390649e-05,2.4840925332021435e-06,0.20663443295333178,0.00010485559186263273,0.7921596684108757,0.000901101219494544,-30.0625,5
22829277,0.01717010869785039,3.643862191070639e-05,2.4416738438309854e-06,3.200547336652917e-06,3.955745863313425e-06,0.4413922430365002,0.00011645143150791755,0.08074124611523464,0.4605339141299523,-30.843801652892566,4
22829885,2.9902447879511442e-05,4.900894669904691e-06,0.011211641892344313,0.05631755398987566,1.1937806608337327e-05,0.8044857486578321,0.00582342100228628,0.1197279275987618,0.0023869657097419887,-26.324324324324323,1
22829937,0.00017069240345224658,4.937104105267447e-07,1.8692673393061904e-06,1.040390710103199e-06,1.6223579457555468e-06,0.9923410377709382,0.00022233731564009904,0.004552617020317339,0.002708289763246271,-28.56428571428571,2
22830107,0.002972744318544487,4.2086880016421925e-06,5.69186310891479e-07,1.8580681612351555e-06,3.470069109138959e-06,0.9680107071041486,9.512104857833681e-05,0.024609400084707675,0.004301921432437836,-29.930379746835442,5
22830334,0.003742889444087394,1.1935041618520417e-06,1.0608390783664787e-05,3.312077048786762e-05,1.5687613272159482e-06,0.042633407508859494,0.00019281662182164916,0.951908622355087,0.0014757726433838464,-33.805714285714295,2
22830569,0.0006504062011710407,7.91437850327582e-05,1.0682049353886972e-05,0.03332533807888332,0.00040251079643989246,0.7832739884746642,0.04324753608481192,0.12466231296372494,0.014348081565917999,-29.6375,4
22830897,0.0008483747739946951,1.4462767780850267e-06,8.154161909445998e-05,3.1855551415563396e-06,1.3894179709393974e-05,0.9305297291013829,0.0012814910985855796,0.06609265311919926,0.001147684276114192,-29.39565217391304,5
22831081,0.000615135186685022,8.059126579360592e-07,4.326679494318974e-07,5.586102855791027e-07,9.159650847316232e-07,0.8939562998439915,1.0423333002607853e-05,0.06821734690881287,0.03719808157153029,-30.96206896551724,5
22832036,3.1567988784169855e-05,7.242319766997193e-07,0.0003444879877284774,0.0024425231399318004,1.1772762467623065e-06,0.951550732377903,0.00011399108219685151,0.045021621762218675,0.0004931741530136175,-28.13134328358209,5
22832912,0.0001815324832743434,3.1638867585546896e-06,1.0195117734342033e-06,0.00018523685560800543,3.28300759732294e-05,0.8854782213496509,0.0013148367375412301,0.09736923445391568,0.015433924645504506,-29.98846153846154,4
22833154,0.0002210793209085067,6.6815024180641996e-06,0.0002639989861172196,0.005442516674993606,3.147294172983574e-05,0.7655214671183572,0.0010109957910446976,0.22491048382480233,0.002591303839628479,-28.36000000000001,1
22833859,0.0009221269443114214,3.704737515790876e-06,0.00034184979412003294,2.144802655867045e-05,1.0709082092305754e-05,0.7132962477889995,0.004514857033598886,0.2751252729895777,0.005763783603225812,-30.869565217391305,2
22834056,0.0016491359352031648,2.767522148202035e-06,2.700540035029608e-05,4.987185335241936e-06,7.749933378713856e-06,0.8584774648455773,0.00021281692925441666,0.1367350305954427,0.002883041653309943,-28.88823529411765,5
22834168,0.00013050423656606674,4.1410463874893804e-05,5.799170802044916e-07,1.611946812259362e-05,8.703036744067038e-05,0.8739252837994897,0.09889482293694966,0.025788987580555617,0.0011152612299205362,-29.585714285714282,5
22834173,0.0002821258177823963,1.5863867034932808e-06,1.2993731804048785e-06,1.6195324640250952e-06,3.353603289320653e-06,0.4611017551192214,0.0006973733382211164,0.5378479882121546,6.28986169833007e-05,-28.986486486486488,3
22834239,0.00029490195421098977,2.2896438048871943e-06,3.154991122886851e-05,9.172548571723726e-06,2.5046060024043197e-05,0.9786525687036132,0.0024641710807122726,0.01845930493445763,6.099516337632402e-05,-31.348837209302324,2
22834287,5.735579672014645e-05,0.6068877033027064,3.1259631516099485e-05,2.33306476974975e-05,0.0010159859921454962,0.16043958787020837,0.09881461201195214,0.11833786210121999,0.01439230264583396,-30.772222222222222,1
22834519,0.001013078902868123,3.846735629994811e-06,3.611460427810571e-06,9.222880845879671e-06,1.5391476971567036e-05,0.8295092315067348,0.0003025902220062658,0.15541312834482032,0.013729898469695195,-30.539759036144574,2
22834591,0.0052905138618536615,2.8514022530925023e-06,0.0006062056700698085,1.0204745111704015e-05,4.896020302019549e-06,0.42728670397560914,0.00038603752035101915,0.5618661675570307,0.004546419247418983,-32.39491525423729,1
22834600,0.0001048165742125868,0.00029325485210431095,7.487483576896894e-06,1.7620847599720458e-06,3.380755110967665e-06,0.8644069261816012,0.0005637091676915372,0.11298854736855611,0.021630115532386494,-30.536000000000005,3
22834611,0.0021710095063948967,1.0497732530457715e-06,6.27460318041309e-06,2.2384406214195866e-06,1.817151610033898e-06,0.5381600798886449,7.636562422277277e-05,0.45945450593158343,0.00012665908048910973,-32.1217391304348,2
22834635,0.0002964371934534707,1.55169443050041e-06,8.572118147308398e-07,4.02859647607909e-07,1.7870642006481294e-06,0.9793459576919128,9.120830003135519e-06,0.0037504817738141373,0.016593403680722787,-30.5030303030303,5
22834848,7.162925668429738e-06,0.00020775242865478722,6.928895610315381e-06,0.0009783069926912065,5.701147424673887e-06,0.26044812327444694,0.0015967536297855501,0.5214554234635743,0.21529384724214373,-26.69298245614035,1
22836273,6.358951284016143e-05,2.9091063776560987e-05,0.00037315468311951755,0.05938182222916522,1.280792643191757e-05,0.18272702157785362,0.02734944283419169,0.7083483268061145,0.021714743366506736,-25.46923076923077,1
22836450,2.5046020561217575e-05,0.00017825303497339028,5.9540402025973495e-05,0.04916513385875609,0.010851475346746338,0.10349638670999319,0.05449131236828499,0.2890897752712497,0.492643076987409,-26.005882352941175,2
22836706,0.01657351475340768,9.529543951831096e-06,0.12041038320867847,6.611103992785545e-06,1.7612453881999666e-06,0.006864037246089177,0.00016643683565089538,0.8334862335925158,0.022481492470325104,-27.694444444444443,5
22837642,0.002179073162251915,2.292996284223069e-06,4.052112178476732e-06,3.7184194194655933e-06,5.507365618812333e-06,0.7021014622219588,0.0027260605767689826,0.2927247577593869,0.0002530753861323806,-30.507692307692306,2
22837845,0.0019513207706385563,2.8327073136710387e-06,2.9792420811354772e-05,0.0001968860101877983,4.56320684249501e-06,0.6527270007504319,0.0006780446256385329,0.019839934161685616,0.3245696253464502,-29.383168316831686,1
22837922,0.00024115037096208907,5.526578692978621e-06,0.0001641097207704623,0.00016314688022919091,3.0392757264423554e-06,0.018396320901737973,7.658752274989569e-06,0.7802116615776553,0.2008073859419505,-30.360000000000003,4
22837970,0.0010722521418989389,3.7055549723418137e-06,2.0698775583553676e-06,5.342249726493616e-07,1.2007176341712233e-06,0.9494729290400344,6.789200759566712e-05,0.0064856906554159035,0.04289372577991752,-30.631468531468528,5
22837987,0.00030406988787889814,7.255435824382201e-07,4.811753962404934e-06,2.2435696327628595e-05,7.768879323811365e-06,0.9919645432891421,0.00014122172892141576,0.006696163662721691,0.0008582595581398484,-27.4125,5
22838110,4.755691874001034e-05,4.377335717126667e-05,5.708524947116992e-06,0.0011028588107197018,0.0002180802673765446,0.9462364081945,0.0025230804887186745,0.04915440077310669,0.0006681326647201905,-30.09666666666666,5
22838149,6.0847489384912344e-05,1.6720294327023052e-06,6.215459404671391e-06,1.5610842435187038e-06,0.0004021673902014997,0.9759999672205044,0.0015522415746792807,0.020449427375537583,0.0015259003766113727,-29.61842105263158,2
22838386,0.0001287881476101535,2.2527057060947883e-06,1.0597876980941668e-05,6.2583914789882205e-06,7.876498731319142e-06,0.9716854171683457,0.00038148502763667483,0.02602238661230576,0.0017549375712044948,-31.535416666666666,5
22838566,0.004331116049790548,4.661102140890232e-06,5.2069663012423486e-05,0.00034693910618445597,3.785656086532702e-06,0.08162362157822149,0.0025586597376756033,0.887474607137755,0.023604539969133264,-27.387500000000003,3
22838703,0.00019884691612525045,1.2456946887483644e-06,0.0002288184866447422,4.029789153584361e-06,3.19116812284583e-06,0.6365684230032184,0.00026143004953017184,0.35750505646990827,0.005228958422607884,-29.1135593220339,3
22840015,0.0012459973507898603,1.967337253184539e-06,1.4977616358721015e-05,4.412716784130262e-06,3.893723788502178e-06,0.9116742364857094,0.00017876302939096904,0.08315256691008242,0.0037231848298429912,-32.343518518518515,2
22840371,1.685647057615973e-05,7.991107998429339e-07,3.839470353687502e-06,6.593074266443849e-06,0.0001819992741377233,0.016694905262104973,0.0004898942272167353,0.9826027394064171,2.373704127322011e-06,-33.449999999999996,5
22840743,0.0001340354936560067,8.443354995817464e-07,6.042502383574724e-07,7.402876201774007e-07,2.098764019064643e-06,0.9691784791467233,0.00024238832629141298,0.02987015240043578,0.0005706569955163822,-28.9,4
22840972,2.4802558168264495e-05,2.4332906556666308e-06,8.88533118072464e-07,0.00010127727536592181,6.8872217463786566e-06,0.20336005180241756,0.00028160672120112454,0.7956503859443069,0.0005716666530202569,-26.221052631578946,4
22840986,1.2906768949927117e-05,4.03397859167294e-06,2.052063546573951e-05,0.00029167883910871184,0.0054490214484437536,0.14558282905738337,0.26250499389349335,0.5336990941805259,0.052434921198037596,-24.807407407407407,5
22840987,9.439200859853042e-05,0.00010258096849715882,1.5063407925044957e-05,0.015741157194303402,0.012928457835183515,0.5708003947484684,0.007260237365732572,0.38790347060385566,0.0051542458674355895,-31.40526315789474,1
22842014,0.014396232325282619,8.159200547964958e-06,6.087052726533016e-06,1.4452282745963462e-06,2.3963134695326553e-06,0.09458008094420606,7.375838038980269e-05,0.8887725700348756,0.0021592705202273044,-32.13250000000001,4
22842178,3.6156033844640046e-05,2.316894738777475e-06,8.449067015906182e-07,2.853352065089738e-06,2.3515751483130597e-06,0.48527261485456546,0.00043273203702840087,0.5123718049999328,0.001878325345974891,-30.825,4
22842195,9.924577021343614e-05,9.500818994100252e-06,1.4362191841829403e-05,0.0016407389711146415,5.919346037514482e-06,0.8468136355777256,0.12680025308100135,0.013375081549749663,0.011241262693321732,-28.653061224489797,2
22842409,0.0005932112376941276,1.2338771354403554e-06,2.6995656616149898e-06,1.7274420691190573e-06,3.571892130553704e-06,0.9621253648784849,0.0008080869602444221,0.03356799784508979,0.002896106301489984,-30.3593220338983,3
22843097,3.22726635234355e-05,5.2974442830831245e-06,0.00010509985815718089,2.022020322691282e-06,4.00770803068944e-05,0.9964332935084048,0.0005797525542035902,0.002506738629953151,0.000295446240845009,-32.05238095238095,5
22843316,0.0003091547010850345,9.890565026997913e-07,8.3814669241969e-07,2.170358548352939e-07,6.606940194900879e-07,0.9972285244862514,1.607354951258255e-05,0.0024126598875681975,3.088244251318888e-05,-32.55108695652174,2
22843469,2.4690176740148916e-05,6.3806686661571e-06,4.398362606433731e-06,0.00014043997058869127,2.6681217563197237e-06,0.8605599722644675,0.019436249273181196,0.11839600801357372,0.0014291931484196859,-29.131111111111107,4
22843590,0.0027555293107068943,1.0678197598511457e-05,0.0002887314985364491,0.0004544351360850516,1.18522306616196e-05,0.9180674930774103,0.008653718928130813,0.029649647406539355,0.0401079142143311,-29.125581395348835,2
22843681,0.000989081541692474,1.4815277271131645e-06,4.674063270362231e-06,8.148263666051455e-05,1.2731289157160945e-06,0.9571592173643323,0.017688451034285502,0.022789507510306638,0.0012848311928093032,-30.92407407407407,2
22843726,0.0007454959301612311,1.3743902082646151e-05,5.854502584505452e-06,8.027671007136066e-07,5.235790547216554e-05,0.9747040677296813,6.933496000809825e-05,0.023743888010932013,0.0006644542919773844,-29.161111111111115,1
22843885,0.00011506207168456053,1.789278444273409e-05,0.00013846943958286382,8.039862921586889e-05,1.9706967472728162e-05,0.4921034685549383,0.0008897349913819997,0.4979960145304922,0.008639252030788781,-28.10882352941177,4
22844124,0.004641344949195647,3.6538739765856774e-06,7.090228142275796e-06,1.2198530524096807e-05,3.5244780339965615e-05,0.7588172162656378,0.0002714118445957851,0.23497634434629738,0.0012354951812904723,-26.93142857142857,3
22844612,0.0002224557251571631,5.005823203600258e-06,0.0042312735282657435,9.914150859975991e-05,0.00023328621961898893,0.6555988570582808,0.006850924050884793,0.31813213948577596,0.014626916600213239,-26.821875,3
22844764,0.0004617793007635182,1.657209540459724e-06,1.9485802171406825e-05,8.172951005680336e-06,1.2453266345981082e-05,0.7152617440387057,0.000646948820212879,0.2834785387329985,0.00010921987825584557,-31.79642857142857,2
22844972,7.054082434958698e-06,6.890609837529668e-07,1.755756986170241e-06,7.351328123474127e-07,2.2558571158492274e-06,0.025913253023528655,1.481469382515774e-05,0.9739871690912076,7.227330110549963e-05,-25.945,1
22844976,1.2191972687106913e-05,2.436153727411809e-06,6.90958260262478e-07,3.498742187612892e-05,0.00024968227652397563,0.188084766206446,3.106666102464665e-05,0.8113185119978605,0.000265666351593915,-23.65,2
22844988,9.383770736522276e-06,1.1226495113005199e-06,9.858629567616412e-06,6.797950901437192e-07,6.665233964782177e-05,0.9642118357174645,4.233103458051685e-05,0.034799654186192706,0.000858481877208693,-25.00714285714286,5
22845140,5.937499707909046e-06,1.467806079577356e-07,3.694750884534861e-06,1.526441429393306e-07,4.557520740619946e-06,0.03671814773787182,0.0015480141608326787,0.9616958159146893,2.353299052234568e-05,-28.505128205128205,3
22845141,2.3919962398621027e-05,2.7347478045654356e-07,8.595364746091593e-06,8.466154405680306e-05,8.469520655532607e-06,0.021241961106395944,1.3448980056486613e-05,0.9784748424638404,0.00014382758306960227,-24.87777777777778,4
22845190,6.351370758684705e-06,1.8048507389735996e-07,2.0195313078085855e-07,2.885831414543578e-07,9.84033045443199e-07,0.026558880212856843,0.0003961158714462059,0.9730305120109127,6.4854796338548215e-06,-29.9,3
22845396,0.0008089037292430717,1.8945380457614122e-06,4.050541644764641e-06,0.00010326304634079434,3.903128290151964e-06,0.8667358283794077,0.006365847783998405,0.060033998702544576,0.06594231015048482,-28.36875,3
22845468,0.00015698814865396874,1.9163824951444286e-06,3.60446293472913e-06,7.678271521189987e-05,1.3235765540546322e-05,0.66586321118495,6.00572191155637e-05,0.3270667205071142,0.006757483613983889,-28.130000000000003,3
22846167,5.0057851255681686e-05,7.47090812128346e-05,1.943508908000994e-06,2.153211371157885e-06,1.8594710443696618e-06,0.16492652967144933,0.32641697483327337,0.5080942344715551,0.0004315378999300626,-30.935714285714283,2
22846820,1.3960043222356545e-05,2.340745615748089e-05,1.4282016727199552e-06,6.251655986828318e-06,1.0981684522486473e-05,0.9251129833291803,0.00011925360429372144,0.07253011223479083,0.002181621790173137,-30.809448818897643,1
22848079,8.491136761939811e-05,9.886955516357675e-07,5.325214576480472e-06,2.1236125719858824e-07,7.30571139888603e-07,0.9967244614455425,2.533348731461767e-05,0.003143780741591278,1.4256115407147467e-05,-32.31636363636363,2
22848202,6.699854025872548e-05,0.00024136956153000952,0.0013713242313086202,2.1542446651326307e-06,3.2545141401249184e-05,0.9881108442973245,3.099481728301262e-05,0.009194281384170964,0.0009494877820578827,-26.704444444444444,4
22848205,0.023219096332549944,0.0011599447447717018,9.023447022416252e-06,6.0160776346007676e-05,0.005516167770930089,0.6935612544524047,0.001182625366175491,0.14497192575614212,0.13031980135365753,-33.366666666666674,1
22848451,4.1746849451610854e-05,2.199682915497556e-06,1.3081029887085212e-05,5.203384599726512e-07,1.2289633987274135e-06,0.9801400291188674,9.76673245449001e-07,0.01973097768936496,6.923965440923056e-05,-29.947826086956525,2
22848671,4.294299443769458e-05,1.0656526817331068e-06,9.535036707914014e-07,6.964733559321123e-07,4.984063285379194e-06,0.9355625523258629,9.514728861965353e-05,0.06355236581219212,0.0007392918858936118,-30.525806451612905,4
22848700,0.015086665928223891,3.2176539758722484e-05,1.4923328090904131e-06,0.0007277875549922436,2.3361545848595476e-06,0.8659834029148055,0.0508965929456503,0.0646353369880794,0.0026342086410958963,-30.936363636363637,4
22848715,3.2637812848119285e-05,7.833715454574751e-06,5.979390875449321e-07,0.5284284137375866,1.5281974484548504e-05,0.22601195894875928,0.20717885131367503,0.02235009670173593,0.01597432785636829,-28.772727272727266,3
22848734,0.00025047602265772923,7.091194735826628e-06,1.7809142296583267e-06,8.425524363981236e-05,3.5257032496774512e-06,0.6434397480536187,0.2266067172786391,0.1287023375767789,0.0009040680124506077,-31.66060606060606,5
22849046,0.0002182188452716723,3.4148380525665184e-06,5.809743074617606e-06,1.2010199446797155e-05,1.2840029671578224e-05,0.9459444149977002,0.01525361577806675,0.03668248818202772,0.0018671873866882049,-29.987837837837844,5
22849047,5.5757743294886403e-05,4.102261290354312e-05,1.1214666066012804e-05,0.0064470001772238515,0.00017611137473423343,0.9210391554813985,0.007451288795072859,0.04773098547862191,0.01704746367068427,-28.771428571428572,2
22849068,6.002249407049512e-05,1.6344105886105588e-06,1.00101936351221e-05,5.698222857046258e-06,1.1580384678530247e-05,0.9713889588047211,0.00022727775912816648,0.02789626365910765,0.00039855407121337425,-28.919718309859157,5
22849222,2.5729410259907268e-05,2.3402764477908273e-06,3.906239738870569e-05,9.414485965246102e-06,7.022694577561915e-06,0.9210407205489761,0.04339235101998099,0.03467443168667843,0.0008089274797251589,-31.089999999999996,5
22849259,0.0003552350009068614,1.581772422928778e-05,0.00029477373913639723,0.022432982141831533,0.0008388138600367495,0.7065806121448495,0.010439430477153799,0.23181003514602652,0.027232299765829235,-24.912307692307692,4
22849344,2.7506217049001016e-05,7.213641865083916e-07,3.828777087098731e-07,1.3023971181726142e-06,5.386465028261475e-07,0.2234526948829634,1.9710039090218305e-05,0.7763479495773141,0.0001491939980670874,-30.865909090909096,1
22849398,2.3557398364102195e-05,2.1352214790514954e-06,7.679299851023762e-07,3.5717781130174514e-06,4.031566966807885e-06,0.9482652905877286,5.5033755647003005e-05,0.04963671679127516,0.002008894970441298,-31.335294117647063,4
22849432,5.4920143581535166e-05,2.1015435350659095e-06,1.4935065060300073e-06,8.099618172769806e-05,8.785758752803747e-06,0.9925196899184551,0.0009648826450370754,0.005530421087397527,0.000836709215007335,-31.048888888888897,1
22850218,0.0005285680535967177,8.945503784695911e-07,0.00015889203719987783,1.0980679710731122e-06,1.0451404524706985e-06,0.8273667171172072,0.020066251929691265,0.1518244747110558,5.2058392447144364e-05,-31.270833333333332,2
22850474,0.00011341632990434053,1.6231527492624464e-06,3.955437004514271e-05,0.00047002359698188566,4.359435214219853e-06,0.9228693734836078,0.0032256193019067577,0.072840537372655,0.00043549295693558947,-28.810526315789474,1
22850572,0.00028897726143358685,1.6242105947192647e-06,5.5664670260048893e-05,3.2814963681893383e-06,3.1061928734399674e-06,0.9610807096794759,0.0012400023127681712,0.026397630244185153,0.010929003932040967,-29.770909090909093,1
22850580,0.0056596012767505454,9.987736883428636e-06,2.0765271233913387e-06,4.657225198161941e-06,2.86976101087846e-06,0.9655121695520289,0.0001673860229932182,0.018514291840657462,0.010126960057354242,-30.3225,1
22850615,3.6482067562446727e-06,8.142530241708187e-07,1.1935375786335894e-05,5.265577080306647e-07,1.2014121926933751e-05,0.9942984437518507,0.003380397072008557,0.0004198529989892277,0.001872367661949916,-25.643902439024387,1
22851112,4.879911583342422e-06,2.3550417304019403e-06,1.4187690581640894e-06,6.099437482636057e-07,8.67603057031724e-05,0.9884030703380536,0.00433513072413429,0.003832891564706028,0.0033328834012826985,-26.287777777777784,1
22851434,2.465083804029452e-05,1.1292388324241313e-05,0.0003475450597577084,0.4630389594002665,0.003463411428654482,0.49864018243626484,0.004421186557149441,0.02619292979676631,0.003859842094776011,-25.30526315789474,2
22851857,0.0005670227201356776,1.0939102729463357e-06,1.317380707455604e-06,3.701189934226729e-05,1.493489953284226e-05,0.9865392832297423,0.002543350991949208,0.006777037421770331,0.0035189475465468916,-28.683333333333337,5
22852019,2.2940859899111884e-05,0.00019044732784721078,9.051803953518885e-05,0.000895674194170209,1.4358067083781503e-05,0.9423369501227973,0.004434987010694344,0.048285872892536386,0.003728251485436447,-25.76923076923077,1
22852026,0.00013663410670486929,8.332698108058576e-07,5.31953865556468e-07,1.5177598604087885e-06,8.184689480424407e-07,0.1256382228067086,4.182721703706723e-05,0.8741401290123324,3.9485404732365846e-05,-33.1,4
22852074,5.067394640897645e-05,4.8643748759594876e-06,3.4441561949801803e-06,3.2726752247593573e-05,4.431899251423678e-06,0.13397090084247879,0.7953573960388928,0.07035234631129712,0.00022321567835246618,-31.313636363636363,5
22852255,6.909781344683739e-05,1.607280097800992e-06,3.689369520750589e-05,0.0007897783611054032,1.4095342726261342e-05,0.9563833433241626,0.000454679969545533,0.03855364063845168,0.003696863575256292,-28.749122807017542,4
22852343,8.199443809381263e-05,3.413950765641881e-05,0.007120971666227737,0.06439855096656726,0.0012122505639667676,0.6467138897219048,0.02207365225765858,0.25050659307094925,0.007857957806975461,-25.08529411764706,1
22852777,0.0015164403620544092,2.4888228793791776e-06,1.3227157272484712e-06,2.1562413931221374e-06,4.609278754724241e-06,0.5496662798510095,0.0076338865138972705,0.4409438953257234,0.00022892088856090343,-31.675,3
22853263,0.004529758922953252,5.401594330582492e-06,0.0009260368045850133,8.125385041158431e-06,3.3645633455944065e-05,0.8262295859633804,0.005293771253192167,0.1595137043459144,0.0034599700971470596,-28.078260869565216,5
22853543,0.04701711804523913,7.247365140438916e-07,1.7778835903802065e-06,1.0297670991480288e-06,1.5951228048052098e-06,0.053669320828076794,0.0005965849537089723,0.8986886719702166,2.317669275006922e-05,-33.62173913043478,2
22853729,0.0011590388877646845,7.726744998641135e-06,3.214996969710618e-05,3.695564468931544e-05,1.2095644238319178e-05,0.6513013324187291,0.004780630986620169,0.3327910591638521,0.00987901053941053,-27.75862068965517,3
22853791,0.0005896924992969072,1.0417480197158336e-06,4.450566600172753e-06,1.6052726757631466e-05,5.124969968964256e-06,0.028936552386437095,0.010801014406730354,0.9596424129908915,3.6577052974435973e-06,-33.40769230769231,5
22853798,8.009094280965138e-05,1.6025457416618014e-05,6.796550745428416e-05,0.0002215016736171405,1.8221370515168382e-05,0.7258197356315973,0.00031051296494974206,0.06209069725629722,0.2113752491953429,-29.345454545454544,1
22853857,0.00040915365609804074,1.7053123817440061e-06,0.00013313898130198917,2.9250009278259715e-06,6.153731822025946e-06,0.8833283729529738,0.00042696927510175,0.11366529179799952,0.0020262892913933566,-30.395522388059703,3
22853861,0.0003470589419541054,2.663226610414917e-06,1.81152442698721e-05,5.525252887047666e-06,8.249460542535225e-06,0.9217475965051182,3.905618350900125e-05,0.07161448911893531,0.006217246066173478,-29.33469387755102,1
22853911,0.0015972030735378077,8.45799620800127e-06,1.600187605884635e-05,2.5995548348113624e-05,1.9875343311937577e-06,0.82998454839546,0.004307866730042608,0.11958261834693502,0.04447532049907837,-28.873015873015873,3
22853913,0.0001086403372327355,5.963937413818036e-06,2.968149499030452e-06,0.0058745706045228475,7.865907854818482e-06,0.7864584695545,0.06855089309172226,0.13630719779150355,0.0026834306257508436,-29.849999999999998,3
22853929,0.0001029699123234455,7.702083177347487e-07,1.7398247136048986e-05,0.00025610175462449484,2.9243608397693404e-06,0.9720478644330075,0.014548055705234916,0.004076097261424551,0.008947818117091569,-28.799999999999997,1
22854056,2.7198366010934488e-05,5.066915535402736e-06,0.0006747048042664702,0.001065738776700785,1.1867709522655642e-05,0.10343048688438485,0.13716394793577386,0.7269395623025734,0.030681426305231563,-25.75151515151515,2
22854115,0.0027865722269132466,2.9170919089702714e-06,0.03638662198690565,0.00017312457068626583,4.462718298478964e-06,0.3406046244031211,0.010575564364770846,0.6087880072704254,0.0006781053669699398,-28.781818181818185,3
22854216,0.00010441587474039288,2.591407793244764e-06,7.950346386656957e-05,0.05978660652078207,0.0002426142180257801,0.7606535145276079,0.0005891470254860176,0.17843765263032424,0.00010395433137372111,-26.825,2
22854372,0.0002566936023798263,2.5319198227034346e-06,0.0005086096214098768,0.00012206795403486497,1.9459455527465362e-06,0.6417575215395015,4.9146319421284805e-05,0.3566174710065622,0.0006840120913150917,-27.570370370370366,5
22854376,3.0114258740483598e-05,4.937738188014362e-06,6.991169037088936e-05,1.886623602147038e-05,1.647352007904262e-06,0.11082260971256708,0.012130771541528392,0.8734568630085847,0.0034642784619911436,-27.942857142857143,1
22854379,0.0016356189476426724,1.3709484112806079e-06,0.00040971607427564045,8.609884058683929e-07,1.975085273407526e-06,0.9500562126930789,0.0003664807940307004,0.04441629619669276,0.0031114682721889004,-29.913131313131313,2
22854669,1.0015698073620703e-06,2.0682411560591056e-08,5.90206307892613e-06,0.9961700429518877,3.2889775568520973e-07,0.002132983045296758,2.1460019587369085e-06,0.0015562398989877422,0.00013133488881566998,-26.558139534883725,4
22854719,0.00010435364276161544,1.0629717200452228e-06,4.7961618577096035e-06,3.416085160632823e-06,2.28742970569816e-06,0.7559329454828831,4.283611031244154e-05,0.24384801966570668,6.0282449891753066e-05,-27.469090909090905,4
22854727,0.00030239608070720196,1.1826467264055331e-06,7.087118704344345e-06,6.889707135163753e-05,3.882894245762373e-06,0.9851814030556102,0.0015239481708644365,0.007042969001184485,0.005868233960605468,-28.672222222222217,1
22854946,2.138504610790203e-06,3.147084000493362e-05,0.00013750938917442238,0.0015115935310724053,0.05409049485856143,0.028296308346891275,0.892171824966559,0.019761718072092507,0.003996941491033287,-22.05555555555556,1
22855018,0.0009281456413572597,1.8187635826488566e-06,6.299589863498728e-06,1.5303272406135527e-06,2.0331867208109247e-05,0.8277269694378523,0.000785355866117935,0.16974304135018256,0.0007865071565949086,-28.854054054054053,2
22855142,0.010515086146985817,2.9730714834302728e-05,6.402891845484212e-05,4.921489140547064e-05,1.4808026955286466e-05,0.497307915904878,0.008004565479168179,0.48380537050841094,0.0002092794089072137,-33.9,5
22855145,1.9904967329011693e-05,0.016541163965526136,3.488040938417687e-06,0.39030511942178014,0.06105335005303142,0.37719375891845147,0.0002780548367680575,0.1539351258255711,0.0006700339706043765,-21.63855421686747,2
22855157,2.1319859894421354e-05,2.508422420978276e-06,8.080368619376329e-07,1.3595307140981439e-05,3.701397507587515e-05,0.8091133854651446,0.00087846640724013,0.08179467987294163,0.10813822265327924,-29.906451612903226,4
22855276,0.0019514605758140832,2.065862171735621e-06,1.306376598913336e-06,0.006983336104612836,1.4437344788394305e-05,0.9413037962736939,1.8147560934936837e-05,0.04966275304930493,6.269685208032791e-05,-30.470476190476194,2
22856896,9.558008837997351e-06,1.530991334336685e-06,2.8027592429373875e-06,0.00020171534124082343,6.0785449265420274e-06,0.19823360523610817,0.07170318477746548,0.7297801998910449,6.132444979890058e-05,-31.794444444444448,5
22856959,1.3184459515556332e-06,9.85638147013361e-05,8.976746438074591e-07,2.008519838881254e-06,0.0018260208247902001,0.9910935706680452,0.0002891405097659169,0.0026315587523116583,0.0040569207899514015,-25.747058823529414,1
22856986,6.4094766938156345e-06,0.0005062300828613366,1.6929967326051302e-06,3.5423263816885123e-06,0.0010449535816313303,0.9560228444941182,0.0004454184863392899,0.0017099143028078056,0.04025899425243379,-25.894117647058824,3
22856990,2.242105384730703e-06,1.7193315321165327e-05,4.334003403121418e-06,7.538876823259732e-06,0.06438863744158663,0.1939066458960244,0.000153303615394296,0.7369588178323322,0.004561286913730237,-24.599999999999998,1
22857116,8.941399943403863e-06,1.4007969359400224e-05,2.209233115619046e-05,4.617440792885218e-06,0.007731031236638137,0.9312512437228636,3.910553923461761e-05,0.05046703990536303,0.010461920454648837,-24.52222222222222,2
22857122,1.716619599637184e-05,9.483964366633649e-05,0.00038123186410068266,5.3903460287803446e-05,0.005912481420887466,0.6121660572046829,0.1277319703040131,0.21261323425547668,0.04102911565088873,-23.133333333333333,3
22857213,8.932537910786225e-06,0.00015072149732527524,2.0990549413223687e-05,3.4820495280934133e-06,0.00014919884128957486,0.9840518018622806,0.0007299604922392297,0.0015063115453048139,0.013378600624708416,-25.133333333333336,3
22857301,3.0506824122247644e-05,0.0012604270287833769,1.4622537936215795e-05,0.00018322591544792964,0.00010322093413243802,0.8554415537830834,0.03672756910846503,0.07239784111575098,0.03384103275227826,-29.932000000000002,1
22857503,0.002195791971814449,3.6319774012837486e-06,8.661686555434038e-06,6.197649617918475e-05,1.4803338983317799e-05,0.9405326643573034,0.0042008455505305785,0.05266563821580767,0.00031598640542474784,-32.6,2
22857601,9.879487997107336e-05,2.371825137298505e-06,1.8097636212233767e-06,2.684449090371793e-06,1.95823507454904e-06,0.4506590373131552,9.415445488164402e-05,0.5481740828940862,0.0009651061849825401,-31.96818181818181,4
22857707,1.6183577404310473e-06,9.394583067291473e-08,0.00014596876929157877,6.755450359569338e-07,4.2673663587345084e-07,0.019093068619022085,0.0004923982324270095,0.980260710443916,5.039350100397509e-06,-32.073076923076925,4
22857876,0.0035261667267156888,2.1174924631440834e-05,3.3697659579487246e-05,0.002165952007487524,0.004920078948952858,0.9173972114572263,0.032197007770571946,0.03916222353944117,0.0005764869653935963,-31.866666666666667,3
22857899,8.355134147499161e-05,1.715292263935286e-06,0.00012847819079365083,0.0002547962713946014,2.769143083769612e-05,0.9868535438990605,0.00045893330129125715,0.011800901823790502,0.00039038844909296727,-30.08571428571429,2
22857905,4.263347198572914e-06,2.7435210329844235e-06,3.450457591847555e-07,9.96102918199319e-05,7.240706006503554e-06,0.021739904815067868,0.9725573428300294,0.005494617481802198,9.393196128322784e-05,-30.54,4
22857937,0.003344581888279119,2.518875896144984e-05,1.41104079818465e-06,2.6030469090343124e-05,3.905192144174424e-06,0.5432673316105113,0.31557275805322055,0.13763664180631283,0.00012215118068214031,-31.520689655172415,5
22857944,0.0002594413323862048,1.8471435838464162e-05,0.000666706588309772,0.013622481750467003,8.477408546414364e-05,0.8260989143970217,0.12291733533699266,0.03219613295217283,0.004135742121347238,-27.65,1
22858122,1.8313271610227747e-05,1.5775492457806168e-06,1.0072528838577375e-06,2.8642505992581556e-06,0.14115058335762565,0.04807714836534579,0.1424545394979995,0.6681702007092234,0.00012376574546651506,-28.210869565217394,3
22858583,0.002493894306286647,2.3359795195345895e-05,5.3487052663632395e-06,7.553449086366456e-06,0.0005784239906835193,0.9699584486758805,0.0002324724356287176,0.020514421102794375,0.006186077539178158,-31.575362318840583,5
22858817,0.008962131564424823,2.861467404171359e-06,4.6935720208856044e-05,8.412985254838534e-06,1.2921351105759654e-05,0.15124044659322655,0.010323309097706209,0.8288483775298945,0.0005546036907743458,-33.515,2
22858846,0.0008877223109595939,2.0750734358147772e-06,1.5934817189446476e-05,8.347291672066355e-06,4.348733049059447e-06,0.7808749331453498,0.001374838662928994,0.20979635653096645,0.007035443434448742,-30.39259259259259,2
22858988,1.1733913536243135e-05,2.4106502014317595e-06,2.2639203846067546e-06,3.674356450396749e-07,1.9229812175553898e-06,0.9497438492457773,0.0001687179003505977,0.050034155041731844,3.457891115562844e-05,-29.112345679012346,1
22858998,6.703778330821978e-05,0.0001233549413602338,7.993406512667969e-07,4.2435283991188196e-06,1.0528255557722604e-05,0.6232080624425459,0.3496049590536015,0.0026079047883010606,0.02437310986627481,-30.71428571428572,4
22859419,0.00020087098773957182,1.2360523024444393e-06,2.6646916078460455e-06,8.364698835180541e-07,3.6008576426722756e-06,0.538507040826202,0.0256984988669703,0.4249973106417068,0.010587940605944814,-31.457692307692305,2
22859453,0.0020436745372390663,6.002943266277002e-06,2.3574134985408146e-06,7.63738945420084e-06,1.7947547792996134e-05,0.8541826003459567,0.0026195515207398474,0.1008671864356187,0.040253041866433345,-30.650000000000002,1
22859801,4.519091725412627e-05,0.00013257607650415216,0.00579047176297371,0.0009162999923299503,0.001532615531726169,0.42863537201313845,0.18557626075859177,0.06997120962824796,0.30740000331923373,-24.292187500000004,3
22859855,1.712801734389902e-05,6.184075209733712e-07,2.9416521129311865e-07,4.671323502955592e-06,6.467196093708952e-07,0.043598225151030096,0.94839719331709,0.005374991981655323,0.002606230917035902,-30.40357142857143,4
22859921,0.0002879938867256095,1.160999159855456e-06,1.9410471208665757e-06,6.509223198508355e-06,4.635432366238628e-06,0.8905574434384236,0.00016826377836218055,0.03671638002714368,0.07225567216749963,-29.904545454545456,1
22859966,0.004633690081032057,8.565203195060432e-07,8.787393647212131e-06,5.822453101685837e-06,4.236180514287305e-06,0.9636755277487337,5.199670541074111e-05,0.030594791851918733,0.0010242910653220085,-29.047000000000004,2
22859997,2.19163862121034e-05,1.9335155733180594e-06,3.3908409960947583e-06,2.9292945696359323e-05,5.652144858949471e-06,0.33614164058773505,0.03543468526466099,0.6282938503309086,6.763798335872122e-05,-31.864150943396226,5
22860053,9.814632917840462e-05,1.6392000276035994e-06,1.2483129359939824e-05,1.4283866615133274e-05,3.646723352201878e-06,0.9700733603835958,0.0013678743244606951,0.025226756393155733,0.003201809650254498,-28.370212765957444,1
22860054,7.303877530037899e-05,1.6076123829198082e-06,6.3360450359041916e-06,0.0006358662672845562,4.947286167497046e-06,0.96723544359402,0.007304782630919047,0.014592912289580042,0.010145065499309531,-28.38235294117647,4
22860075,0.0013448600704142062,1.717148994947719e-05,1.69740868022248e-05,9.810116868580574e-06,2.240436090128606e-05,0.9738923734778276,0.005191170315772142,0.01803481275448569,0.0014704233269790274,-29.147540983606554,5
22860100,0.0001384847420122908,7.599709911917207e-07,6.7402836784088365e-06,1.5249629408984456e-06,9.931933920904502e-07,0.9701443121088003,0.00989618944366214,0.017554518768309525,0.0022564765262131276,-31.236170212765956,2
22860119,0.00029757805828632336,1.69229772769415e-06,2.6187958666867463e-05,2.6002964815055247e-06,1.1660062056789173e-06,0.9794379491723627,0.0002039016775206769,0.01693305228041307,0.0030958722523356354,-30.2027027027027,4
22860517,0.0001266312220567001,0.00014933497489821545,3.3695452355883425e-05,0.0019357233733062842,0.0005865446161244269,0.13862548545751424,0.00043882138548104925,0.009901200762508326,0.848202562755755,-26.947619047619046,4
22861042,6.592649066878217e-05,3.5488659464127045e-06,2.710328674754391e-06,1.528261393171473e-05,6.508002715656898e-06,0.8075748103142955,0.003490233136918288,0.1847201192730302,0.004120860973818784,-30.19375,4
22861202,0.0008626863067682882,0.006140442676168655,6.522594803183168e-06,4.2962949504892254e-06,4.060275251805621e-06,0.9574464476650502,0.0019032598123733982,0.02308903181253485,0.01054325256209923,-29.111290322580643,5
22861329,0.0031624139576440814,8.894986557199988e-07,1.8155063157651091e-06,1.0412566316442156e-06,5.559092748213679e-06,0.7885339706050148,1.3281967160283988e-05,0.20577162993931125,0.002509398176518324,-31.938297872340424,2
22861544,9.847266985917963e-05,2.351472445544506e-06,0.0004296571685546146,0.015347114616775246,0.0003834116095473625,0.18335232517855748,0.0011133514227429377,0.07565892390631794,0.7236143919551997,-25.70175438596491,2
22861989,0.014724918534900426,4.080645493214788e-06,0.0008348513379282875,5.692002251545274e-07,1.463570499482504e-06,0.97906089928827,4.281511541049139e-05,0.004584460410771535,0.0007459418965014515,-28.273493975903612,2
22862159,1.7166913168446585e-05,1.0073086569112503e-06,2.7454539464284687e-05,0.0004175979641649732,5.453707412113735e-06,0.1619949130280158,0.8286069697453945,0.006478996514412035,0.0024504402793110447,-29.705882352941178,2
22862185,3.372320782604488e-05,4.9539408798477296e-05,4.496355692938717e-06,1.5019393945478584e-05,7.734337222002264e-06,0.9809710384694635,0.005034915612560043,0.0065042232352440854,0.007379309979247476,-28.746666666666666,1
22862581,0.004710772481785817,1.4000232782359951e-06,1.600085023476217e-05,1.4572794054484097e-06,5.346753298396649e-06,0.9199871259266312,6.222725462113398e-06,0.07492200445236176,0.00034966950754224997,-30.142553191489363,5
22862585,4.2234906560137766e-05,3.0892114738570775e-06,8.505639603659159e-05,0.00012085036311584232,7.280661968408445e-05,0.6510597440030772,0.1260450134380578,0.16435241310414153,0.05821879195785292,-27.61704545454546,2
22862953,6.000751329278871e-05,8.206415004126944e-06,0.00022824545910576967,0.3340438244598931,5.629305916591636e-05,0.1788829178648851,0.005567797911015486,0.47627463385877505,0.0048780734588626685,-28.4,4
22862963,0.0010515747966471291,2.2730698995306264e-06,4.984877242426314e-05,1.8467096699340532e-05,2.0478339910959313e-05,0.9814992476445515,0.004185348418902492,0.013148115083713805,2.4646777250893767e-05,-30.870967741935484,2
22863207,4.44484524777233e-05,0.0001181339820629938,1.188871893777214e-05,1.3588037291587192e-06,8.570656460439477e-06,0.9161763653724578,0.000517201688086597,0.06009211175695511,0.023029920568832216,-32.26901408450704,4
22863718,0.0011407682533149503,1.0055975092365508e-06,3.785165278718342e-06,6.479317701992547e-05,2.6226067546475993e-06,0.9673585109723869,0.0018435060311835017,0.025009732222973063,0.004575275973579054,-28.786666666666665,2
22863744,0.00038469928454000973,1.8487800396162257e-06,5.365360116905577e-06,9.853600702101102e-07,6.4687441243657835e-06,0.8717648358261354,0.00019049153166561292,0.127429940908316,0.00021536420499187672,-27.5,4
22863869,0.011184039775810256,1.3235680727018641e-06,5.367523096074946e-05,3.5533750427538835e-05,2.7553416321232085e-06,0.887168276672186,0.049524008718520474,0.05166315916394461,0.00036722777844549673,-28.355882352941173,3
22863889,0.038666587472009975,3.834533893063024e-06,7.349471466016695e-06,3.1838843044021432e-06,2.081228217070924e-05,0.9064279611667205,0.00025644924255977577,0.054090363829795214,0.0005234581170801615,-28.731481481481477,5
22863890,0.0002764035963092067,1.2054191500487742e-06,9.395009096197551e-07,6.070577864657896e-05,6.844646548575237e-06,0.970978914037321,0.00035966044820668805,0.026521390037259483,0.0017939365356487848,-28.458000000000002,1
22863927,4.2612860106859986e-05,4.641299472488283e-06,0.007309454201185817,0.0016507640788709032,0.0035632576922441997,0.7965677507683726,6.460092331974757e-05,0.18220199204382806,0.00859492613259922,-24.793939393939397,4
22863967,0.0004679009611256822,1.5785194272182203e-06,0.00026134211906947294,1.123502991435698e-05,2.4239832947780258e-06,0.9426173711929609,0.005220761112893283,0.009648193817342469,0.04176919326397163,-29.73684210526315,2
22864378,0.00025175149498236855,1.429444842267967e-06,1.6532996418680542e-06,1.566198259727329e-05,6.974785611909773e-06,0.5120947878529051,0.0002291452288643825,0.4870865649719824,0.0003120309385725614,-31.35483870967742,2
22864442,0.001057888085295815,1.6885947142070234e-06,2.8201297175966534e-06,7.982761277082096e-06,2.390136706196753e-06,0.8363158782732503,8.453254644302699e-05,0.11679773335365919,0.045729086118936724,-30.778260869565216,3
22864467,1.5297653214619232e-05,2.8341873909183964e-06,3.168896816731909e-05,1.40584181243132e-05,9.946968047360106e-06,0.9222126440802846,3.803813037010363e-05,0.06938310646754782,0.00829238512685287,-29.675000000000004,1
23216524,9.875889130546562e-06,0.8176727172807331,4.670935538479645e-06,1.109936807606333e-05,0.0001744769248593947,0.03363910985045627,0.11115401973920364,0.031442117184778996,0.005891912827223634,-4.522222222222222,4
23216549,3.957845164468752e-05,2.6489238452982786e-05,2.454564036062865e-05,7.090545696422323e-05,0.03916284890207171,0.397105749794105,0.030361985511506668,0.5261830737779343,0.007024823226959814,-18.803333333333335,1
23216748,3.3570448790425747e-05,0.0003645922708992538,8.33377624851476e-05,0.17311276945777876,4.261271827504718e-06,0.24402102929808986,0.0006854772024253191,0.5791089460828236,0.0025860162048800964,-25.756,1
23216749,5.702856677623195e-05,4.073149588530528e-06,1.2278992845638401e-05,0.0032614139980491528,2.708926432468358e-05,0.17049528210843803,0.0004844235841865113,0.815228502493484,0.010429907842307266,-26.987999999999996,3
23217292,1.49760155703997e-05,5.3069084391646086e-05,6.939027807560962e-05,0.0908701458088757,2.0937545251206174e-06,0.24821273376879993,0.016567727740509477,0.6396817560904019,0.0045281074588501904,-25.95,3
23217320,0.2657004518153618,4.041543549281725e-05,3.3377977868555023e-06,1.9586568172641662e-06,1.9453552963111174e-06,0.10958074326931612,0.006304020226073221,0.6032099747055697,0.015157152738286033,-30.221052631578942,2
23217381,5.378869404941303e-06,0.0008083680341191549,0.0002291617301418264,0.029356360639026278,4.102005406223725e-05,0.14079069002631106,0.0003049502273373644,0.8283047880209233,0.00015928239867383704,-23.372727272727275,2
23217723,0.0014027022070767184,5.767327832010056e-06,2.4751889919189278e-05,4.129924256866067e-06,0.02232715346804958,0.9731815910881413,9.902603114276657e-05,0.0027293423516424795,0.0002255357119389622,-22.18888888888889,5
23218202,0.0003019022804510718,2.2990909028155807e-07,2.1228577864323935e-07,3.041104626945471e-07,1.2449534987569487e-06,0.996521364724253,2.4427688139164613e-06,0.00314165305906143,3.0645908590146475e-05,-29.476119402985077,2
23218290,6.688045599456243e-06,3.139974082157808e-07,2.2871676156475828e-06,2.408213875698631e-07,7.249387185457807e-07,0.015608233432523154,0.00015028573120635672,0.9839491449047744,0.0002820809607666258,-32.111111111111114,5
23218311,0.0013563671738065803,1.0238127737775156e-06,7.789160979570402e-07,1.753519304133471e-06,1.0047794927773065e-06,0.599529965406278,1.5195317312730471e-05,0.3985882747984873,0.0005056362764468168,-31.3921052631579,4
23219020,0.00042882336843157214,1.01956479550821e-06,1.9570383870397113e-05,8.174789353487994e-07,1.2313824489478835e-06,0.4334696768035384,1.0765960214253964e-05,0.5659998686397666,6.822641799905458e-05,-31.400000000000002,4
23219593,0.0017817958058237607,2.2218117470733158e-06,7.186143222243573e-05,5.741741166214997e-06,9.253140807608838e-06,0.8992299602872625,0.006929233096055748,0.08583492001059498,0.006135012674319491,-27.85,3
23219813,2.126639300134177e-05,3.931240400984711e-06,2.038550983905058e-07,6.968288780070606e-07,1.0558563307420704e-06,0.993500521592204,3.0358588790095685e-05,0.006389705302411315,5.226034288513014e-05,-31.32982456140351,2
23220296,1.1965535843914902e-05,0.5203122899420503,2.3917929638525673e-05,5.896169714132129e-05,0.0017398035243550753,0.410201808979446,0.002188170623765656,0.06262085736726927,0.002842224400490011,-2.4454545454545458,5
23220352,9.786558218022539e-06,0.001890736360622676,1.9045306776675167e-05,0.01899806846116493,0.0010783273202373542,0.882889616733613,0.045148614279426576,0.04350069387542072,0.006465111104520424,-11.733333333333333,5
23222777,0.0018584001798283732,1.2516950987474094e-06,7.513585666326901e-07,1.5744248920671235e-06,7.668918178501036e-06,0.7540034275440184,2.9036318828807608e-05,0.2431613433201248,0.0009365462404638059,-29.69180327868852,2
23222918,0.0001966160325313019,8.767127738551883e-07,5.770836820778122e-07,1.1872767934882427e-06,9.411514558588833e-07,0.027729840279168246,2.97601851915681e-06,0.9720324836446766,3.45018003994281e-05,-32.94117647058823,4
23223120,0.0031467898352193504,1.107644722830285e-05,1.072844310826246e-06,1.213550446211886e-06,1.1937675841959743e-06,0.5960960054989907,4.3603954774652985e-05,0.40037341902135415,0.0003256250800916036,-27.789285714285715,2
23223742,3.5150278279325893e-05,8.650895295875754e-07,1.332754681384673e-06,4.230154825691371e-05,6.008232162204525e-05,0.9907735527097007,3.7474929756501255e-06,0.009017893069359916,6.507473559464388e-05,-29.229411764705883,1
23224696,3.061585968023003e-05,2.5132691369097124e-07,1.9370160595760507e-07,1.7051137559992495e-07,6.23906464224117e-07,0.967919862754771,4.5440454436261325e-06,0.032020253888060096,2.3484005685489484e-05,-28.733333333333338,4
23225063,0.0014106892352748423,3.496116771992411e-05,1.6513186841982076e-06,1.6113097089655716e-06,1.3090298531951878e-05,0.9722909857302036,2.0266645308174777e-05,0.0247867076024327,0.001440036692135799,-28.356818181818184,1
23225348,1.2109188070528374e-05,3.191446818099202e-06,0.0003319649252625849,0.2896800458612343,1.5638866759624013e-05,0.07797728228013232,0.0024800908915662916,0.6292150620289885,0.00028461451116789337,-26.830000000000002,2
23225510,0.926089560217221,3.338355599409574e-06,1.8034093006002156e-06,4.852840758105766e-07,4.7860130500271695e-06,0.05501455666431858,4.067375352077196e-05,0.018806555089452597,3.824121346104437e-05,-33.432352941176475,3
23225514,0.000691506367104693,7.659559019900107e-07,6.644051386817575e-07,1.6503738369490855e-06,1.4203845470672463e-06,0.0014957980208400226,5.955219797085492e-05,0.9975107605917417,0.00023788170291806111,-31.610526315789475,3
23226073,5.6482135556648825e-05,4.143238195289199e-06,0.0016338327639704483,0.0004664525933123163,7.682774648691986e-06,0.7595398857356761,0.00041217080949444495,0.18030986100006888,0.0575694889490773,-26.1125,4
23226548,0.009613158019307585,2.4978218312253876e-06,7.666887854304634e-07,3.5403505252061073e-06,2.1893912535954647e-06,0.09607037635190437,0.00015005116824568909,0.8853689948838386,0.008788425324308357,-29.775,4
23226628,0.006641003654917916,5.014992271142217e-07,8.602038076160802e-06,2.0039687099265855e-06,4.757630278026896e-07,0.07224710608387533,0.007563394236942595,0.9135112189345964,2.569382062678513e-05,-34.18,1
23226637,8.83415792490227e-06,3.130342519746495e-08,1.9675112552918404e-08,5.6708670949334294e-08,3.6241106229783754e-08,0.0009581246995066981,3.065112288822e-07,0.9990312360211154,1.3546819090501975e-06,-33.2090909090909,4
23226640,2.0780570745287552e-06,2.657902282537284e-08,1.5405268885034378e-07,5.29734646177394e-06,1.1931516552998118e-07,0.0003090415753931896,1.841231345281078e-05,0.9996582677289869,6.60303175353733e-06,-33.78,2
23226693,0.39254622666724476,5.343475612101243e-06,2.844860941784879e-06,7.807782480414254e-06,3.562887288165057e-06,0.5382489615025807,4.534779302307276e-05,0.06910205828584144,3.7846744987536596e-05,-33.3590909090909,3
23226798,1.2818073031237937e-06,8.761458583993126e-08,1.308003796555589e-07,1.912030054691787e-07,4.138850607198092e-07,0.009383307260025247,4.933016218695443e-06,0.9906063099263452,3.34448707599774e-06,-32.472972972972975,4
23227117,0.0008784497636921663,5.92733087452618e-07,1.4972238584404023e-06,7.628729158347471e-07,5.512771179564402e-07,0.9553032651611345,0.0002739835135149358,0.04348489383485445,5.6003619824209935e-05,-28.816666666666663,4
23227321,0.0002284764867420712,1.1893097173905855e-06,4.2457676297899e-06,1.2850604524294875e-06,1.6499481070464608e-06,0.46710532154426115,0.0001346475000465686,0.5324892901859987,3.389419704491927e-05,-30.045000000000005,4
23227718,9.874382734856876e-06,0.0022684353859303502,4.234451792992514e-06,0.03862833225905547,3.839064634414658e-06,0.8572859009623808,0.05974827439677756,0.039617978403902604,0.0024331306927909678,-26.690000000000005,1
23230004,0.001177420391710014,8.811768922615719e-07,5.442474105440496e-05,2.2393516477557332e-07,2.597666379110972e-06,0.9975347043366608,0.00042024903834799376,0.0005290567917694452,0.0002804419220213529,-24.407142857142862,3
23230085,4.4813590947372504e-05,3.154224780400116e-06,6.375532119784296e-05,6.104649135223114e-07,1.3233447030023843e-06,0.9982776164907293,3.174141955085316e-06,0.0015501756334805816,5.537678729266619e-05,-27.01111111111111,2
23230862,2.62943134924265e-05,4.418489683201983e-06,1.894348901774522e-05,0.0001852796271673541,0.0005483928615842947,0.14078432384832645,0.0006080808028875264,0.8453744650246494,0.012449801543191521,-28.12068965517241,3
23234248,0.0004696557195879127,5.724474087790833e-06,0.00021478958567443975,0.0034079447402451703,2.387481374498805e-05,0.3415064705572041,0.00020172562154403,0.44827777954586884,0.2058920349420427,-24.86923076923077,3
23234306,0.0004281462842648478,3.6696731841153946e-06,0.004604276915149963,3.1170746969881966e-05,9.3067535218434e-06,0.16080665593610186,1.4195951641429415e-05,0.7443529994488993,0.08974957829026678,-27.675,4
23234326,0.00031966910782657375,0.004310410857056916,0.0013276741285576086,1.5165746090947376e-05,8.457928940804555e-05,0.44591003443096344,0.0001280645340776093,0.5471400804297842,0.0007643214762346189,-21.208333333333332,1
23237026,6.323221610710754e-05,1.317814888760049e-06,5.484428503130504e-05,1.1361242920745584e-06,1.1479458856705292e-05,0.9159498206590853,0.04334365039744446,0.03704807526005944,0.003526443784234718,-27.486792452830187,3
23237898,1.4690577193840056e-05,1.3092392904692473e-06,6.33002005574351e-07,2.482846737596908e-07,7.380806600478537e-07,0.9914827793811356,0.00013032926303496007,0.008334947459184892,3.4324712820683676e-05,-30.289473684210527,1
23237904,0.0035223890630822906,0.00023334406876875308,4.6354088885980686e-07,9.004652134584757e-07,9.158880344123894e-07,0.8965590988846387,2.3072761481305212e-05,0.09958093834222573,7.887698566661131e-05,-30.428571428571427,3
23239697,0.0001780878403907653,0.08982058673448635,0.00013775251484473305,0.00015501593439407925,0.0011645311728935728,0.8751639238760488,0.0010259622000856688,0.030176352651124776,0.0021777870757312217,-28.22079207920792,2
23239786,1.0849551098684512e-05,3.924313670442643e-05,0.12814952501367438,2.365317494022488e-06,7.607901038145728e-06,0.6462730377419617,2.3780071696446244e-05,0.22137245731849212,0.004121133947840223,-26.488888888888887,1
23240791,0.001408367167903978,2.3803701018557684e-06,1.4868654657995486e-07,3.1222158166608214e-07,3.6455261373855933e-07,0.9975777352231996,6.719708027262462e-05,0.0009372982000481839,6.196497731470362e-06,-32.26266666666666,2
23242085,1.4853297192923601e-05,2.9044749090279753e-07,0.0010343113899798446,5.480922708773483e-07,3.459173919229144e-07,0.9973631547488705,6.8836155590804426e-06,0.0015553709278043125,2.42415634395563e-05,-29.199999999999996,5
23242461,0.0008752755647036682,5.188426992360408e-06,7.564836848776205e-05,3.5836494161011324e-07,8.50829987451388e-07,0.993080815561131,0.00035587433198666407,0.005049210381658666,0.0005567781701107348,-30.66363636363637,1
23242634,6.700064649733947e-05,2.0599460868918347e-06,1.256665277682143e-05,6.703541066094866e-07,2.7045795498879418e-05,0.9987198854202698,3.304494375346724e-05,0.00025136876827259953,0.0008863574727375153,-26.42463768115942,3
23242698,3.9335690814106435e-05,3.2258877998745735e-07,9.707468877909746e-08,2.476884121781757e-07,2.3418297875724984e-07,0.9798239911778581,1.1809265442247103e-05,0.0199946964146543,0.0001292659163714665,-29.609090909090913,4
23242722,6.392715266733907e-05,3.5043553716800085e-06,0.0001652163472380368,1.549540352253204e-06,0.0002313675018649793,0.903581012793325,5.263965887690688e-06,0.0959314067311066,1.6751612186304165e-05,-25.02777777777778,1
23242965,0.00011565385176466136,1.2147660343750715e-06,6.715466633707255e-06,3.356910305101813e-07,7.116007811107477e-07,0.9802215380456825,1.9435021955037446e-06,0.019432924983618424,0.00021896209225927632,-30.23478260869565,2
23243103,0.0002539926810790576,2.436999426323786e-06,0.00011431902081574128,1.5427670578296863e-06,3.020717775278734e-06,0.7516998978832679,0.0021975988031399936,0.2337375393232505,0.011989651804187523,-30.955000000000002,5
23243139,1.2226747449367765e-05,5.852875152746564e-07,5.069950613596869e-07,5.551211850205e-07,3.1251488990639217e-06,0.9961296474375422,2.1049282223753656e-05,0.003461208606411713,0.0003710953737121599,-26.692105263157895,3
23243160,0.0001372245006944219,2.5823114925318503e-06,2.944718921136913e-06,1.3760445601773525e-06,1.5682485223271223e-06,0.9953536502166243,2.098425787765059e-06,0.004472653842045156,2.5901691352205734e-05,-27.05,2
23243184,0.00014933064534302252,5.71341583661772e-07,1.7670846896901455e-06,2.609674491937213e-07,3.4277729428455906e-07,0.9994223322595742,3.9277320942475855e-06,0.0003876684472336517,3.379874473795327e-05,-27.821875,4
23243221,5.747732010106819e-06,2.197810858514118e-07,2.2381265708792154e-06,1.2502219330874598e-07,2.1577799927626965e-07,0.9999184353053123,4.717130585391394e-07,5.120171852303964e-05,2.134482324677448e-05,-26.792307692307695,1
23243231,2.8577177968045326e-06,2.6349951391143037e-06,9.060214204235406e-07,6.849206110398959e-07,0.00012580716139314356,0.9989273999229475,3.9912169161656986e-05,0.0003610583967565695,0.0005387386947738843,-23.205479452054796,3
23243250,0.00300525711140554,1.3678382625195801e-06,2.0281748951338448e-06,1.7556695654512452e-06,1.879436091388536e-06,0.5862461030048,0.0004674597578832676,0.40933553848155246,0.0009386105255443245,-33.66097560975609,2
23243263,3.7216239013774915e-05,2.068042459802082e-06,7.1196201948581085e-06,2.7187999065696123e-07,1.6475012198136293e-06,0.9856031587615984,1.7860215211646968e-06,0.013947772412434034,0.00039895952156764823,-30.064285714285717,2
23243280,1.2842351735962828e-05,9.457397762865942e-07,8.748612857811939e-05,4.20829720474034e-07,6.932329464423476e-07,0.9489515165345125,1.3302810113644754e-05,0.05033466297823291,0.0005981293943836649,-29.362499999999997,5
23243284,0.0011754391505608354,5.377908465935102e-07,1.9906822553529032e-05,1.2932747355433616e-07,2.739028105152788e-07,0.9983915469515473,3.225247798591697e-06,0.0003317761437988447,7.716466261027002e-05,-29.65142857142858,1
23243346,0.00013257732281611806,6.124794811370571e-06,0.00025092336831159103,2.21954954129519e-06,5.445823042947046e-05,0.9727590468160399,2.50453241865241e-05,0.026235268868617736,0.000534335725246092,-28.496000000000002,1
23243352,7.715629604288929e-05,6.3657189321535615e-06,0.002625782582783847,6.167044410793415e-07,1.642392927853102e-06,0.9726124090443284,2.961501005853705e-05,0.02433409271810761,0.00031231953237771264,-28.290769230769232,4
23243409,0.0008605970476424646,2.272097290800709e-06,1.829185223105157e-06,1.568423645946033e-07,2.8207719843079513e-07,0.9944334602450738,2.1357301623993477e-06,0.00465877160876728,4.049516627687369e-05,-28.828205128205134,4
23243431,0.00037975186202865446,8.940148227379072e-06,7.504233077412444e-07,1.866873387865509e-07,1.897970779963549e-07,0.9991129935310223,2.9796093405780486e-06,0.00024356829098351663,0.0002506396506730171,-29.45945945945946,3
23243440,0.000578940321969694,1.8387438367678256e-05,3.8509305261221804e-05,5.965889976431562e-07,1.1084535767467184e-06,0.9231192811914228,0.00036650601642257327,0.07548105123821197,0.00039561944576985055,-31.30441176470588,5
23243485,9.336977222989736e-05,2.0123156360599195e-05,0.012138743437302672,8.191959848567709e-05,0.0021796671851484276,0.8797205012850396,0.00039333897642449483,0.06437482691633062,0.04099750967267809,-21.692307692307693,2
23243713,0.0002859469685385477,1.4830065553120483e-05,1.621564075066126e-06,7.57633127184326e-07,6.168773438925964e-06,0.9989147437846846,1.0460615683082887e-05,0.0005288435631140579,0.00023662703178535955,-29.581981981981983,3
23243775,2.964863613115832e-05,1.9064619226202e-06,6.93422104405629e-06,5.014793594020319e-07,1.205258750597076e-06,0.9764466450274208,5.37627060965935e-06,0.023472801100900893,3.4981543860840365e-05,-30.627380952380946,4
23244525,0.013247964234597601,2.7441446660649257e-05,1.2084305346529778e-07,5.3642358196794e-07,3.1525780346432044e-07,0.9856816032908818,4.206767401762947e-07,0.0008451362158890833,0.0001964616107915961,-31.410714285714285,4
23244601,6.629160969795185e-05,3.6241918867873804e-07,3.153864554195655e-07,1.0632519734548272e-07,4.3835538958298463e-07,0.9997028024266509,1.2596558580742473e-06,5.2586503566301946e-05,0.00017583731799575156,-31.599479166666665,2
23246079,5.398476209983726e-05,2.0923013674349847e-06,0.20330164682198967,8.488950620344189e-07,0.0020396339699585266,0.7925046504938568,0.001292959811390455,0.000362526292324232,0.0004416566519510702,-24.213513513513515,3
23247270,4.393062782373889e-05,1.7493318088014775e-06,3.6714253025213037e-06,1.6571574704850687e-06,2.1882759375739035e-06,0.871475510842105,1.049298048411374e-05,0.12843245820051083,2.834115855688459e-05,-30.229999999999997,5
23247284,0.0005320670229598357,1.0495090232849862e-06,1.167973783336943e-05,8.149339978417884e-07,1.331381254179158e-06,0.6898910332782381,0.013444293469257903,0.2960787069782414,3.902368919414725e-05,-30.323684210526313,1
23247611,0.00014702892061816336,2.8011629040334666e-05,0.00022416566649513357,0.005060647909247804,2.3141870352150198e-05,0.180404085703923,0.004472146108706583,0.8001807253542169,0.009460046837399903,-28.74782608695652,1
23248176,4.754429936679648e-05,0.0002676712956711334,7.6013867107337085e-06,0.0025239127198783415,1.6103837741173756e-05,0.4741911294403258,0.014412434518931308,0.30559093925958786,0.2029426632417868,-27.625,1
23248568,0.00256230875113927,1.1672828716817286e-06,2.951582529581092e-06,1.1930316318851392e-06,9.962964056086521e-07,0.8961267717091301,1.327931566808009e-05,0.017733257920427046,0.0835580741101967,-29.444642857142856,3
23248773,3.5173521389503487e-06,1.8443277672961468e-06,5.361030230395235e-06,2.702992515796668e-07,6.511228685442816e-07,0.9990215929246856,1.0322788558637737e-05,0.0006685331243501375,0.00028790703014872657,-26.27777777777778,1
23248879,0.002639127825124937,3.128651789322995e-05,1.907107023115369e-05,3.903067401811744e-06,1.5165409191556013e-05,0.6682998933315146,0.000351149222302432,0.3280101103240541,0.0006302932322860233,-28.505000000000006,1
23248911,1.1726637429491735e-05,2.2639366212265466e-05,0.001521959917548283,8.308747859731331e-07,2.280692799294402e-06,0.9968362514124999,6.061754108016249e-05,0.0010004761956893778,0.0005432173619552288,-25.992105263157896,5
23248958,8.250237547769568e-05,4.193278605081592e-05,7.125528714227622e-05,0.00016847601663334163,2.3973054752372177e-05,0.4572736965954809,0.00019286209953456562,0.5382656727294002,0.003879629055527814,-27.723076923076924,2
23249009,1.5588248378559755e-05,2.6402352577040085e-07,2.5706786472703263e-06,2.690886168975316e-06,2.214106968542345e-07,0.9937634377942655,3.5252816801192457e-06,0.006135349359465487,7.635231717141294e-05,-31.31481481481482,1
23249015,4.2770283245324295e-05,7.259404002016202e-07,1.3706632202758802e-06,5.580243948835161e-07,7.391618895292416e-07,0.9815482564285288,8.082950184817849e-05,0.018187398231888734,0.00013735176458407958,-30.660000000000007,2
23249026,4.289512221660363e-05,9.018761128527564e-07,8.262350676291161e-07,4.0699426749018394e-07,4.014961238128437e-07,0.994387565404285,0.0024295166565047608,0.002931280315422603,0.0002062058999994008,-29.87884615384615,4
23249034,0.0005310213146825511,1.039622357338719e-06,1.4187473788667694e-06,1.0447226605976819e-06,3.1835707605482774e-06,0.9624132918797935,1.4572353224531529e-05,0.035454651392616325,0.0015797763965257779,-28.3843137254902,3
23249140,0.00011481682295735904,6.375340130766515e-06,0.0002527781567092728,8.298310750696649e-07,1.5471925164861534e-05,0.8793015381341575,2.899607929277947e-05,0.11956338875803182,0.0007158049524809266,-29.127777777777776,3
23249147,0.0011211603755991477,2.544881407584925e-05,7.825754020368665e-07,5.911964303529493e-07,9.779231248863042e-07,0.9332373889835137,3.7337704294803904e-06,0.06422652779078242,0.0013833885706421116,-29.270967741935483,5
23249155,1.3719075615316546e-05,1.6800892170841546e-07,1.3084972414172096e-06,2.3356852646686375e-07,2.1546394384676127e-07,0.9966648024771142,5.236340215427318e-06,0.0032947395157254997,1.9577052696110824e-05,-28.905084745762714,2
23249167,0.0015415569534826402,6.770386746973349e-06,0.00032716508095920026,2.680374124674195e-07,5.729659128682784e-07,0.997186725609636,3.09879850277325e-06,0.0007929771928557266,0.00014086497449144363,-28.192156862745097,5
23249227,0.00013224750840282222,1.1700862328777803e-06,7.834889027978195e-06,1.499719022397277e-07,2.43647603276938e-07,0.9982862519116846,1.1424857445010528e-06,0.0014667763591961586,0.00010418314020543908,-28.89615384615384,4
23249228,0.038063585391918425,2.6908502710725275e-05,0.00035567502332139707,2.4513046205885917e-06,3.5141112497806704e-06,0.6780340595311876,0.0025644991218272645,0.27549715029630606,0.005452156716858194,-31.446341463414633,1
23249231,1.6303598969890562e-05,0.0003929634996678391,2.5072333887949657e-05,3.20216719827439e-05,0.08750846674634968,0.5322594229146795,0.0031255899898886895,0.006902434960011622,0.36973772428456214,-20.872,3
23249249,2.5166278454177236e-05,0.0008011342431242211,2.6821227825149503e-05,0.00014318697717683747,0.006274032212462873,0.9858750836071934,0.003941449013052193,0.00215300134397423,0.0007601250967370304,-23.107692307692307,2
23249359,7.4952434354867246e-06,0.002312345628273305,1.9660995257801264e-05,5.736254644874777e-05,0.12910859707680838,0.8660625815397596,0.00129710564116325,0.001005835870401485,0.00012901545845204595,-23.646153846153847,5
23249386,6.21702548915061e-05,3.58854672140793e-05,9.803490499806993e-07,1.4530507227344312e-06,3.381101665953471e-06,0.36335973026983376,1.1212888921698806e-06,0.6363569965917724,0.0001782816259573721,-29.848750000000003,1
23249429,1.0966039103846715e-05,3.947994856843457e-05,8.32112230604527e-06,0.00034696330850766266,0.0013438547565103938,0.875152866380373,0.004383592496984031,0.11435556996022077,0.004358385987425801,-26.310000000000002,5
23249524,0.001293045742612196,1.7064480184111835e-06,6.4710106744318715e-06,1.602444956455867e-06,4.493830938633568e-06,0.8402325560149242,0.0001973531469499706,0.016530412903849653,0.14173235845707619,-31.20175438596491,2
23249613,1.0737876924596717e-05,0.0001355330854376802,1.2488458611180868e-06,2.880633562709999e-06,0.00011554689897145378,0.20284321257784768,0.0006981091997236656,0.795543135884277,0.0006495949973940236,-24.994444444444444,2
23249647,9.632066591579144e-06,1.085565205303243e-06,9.407239820621173e-07,1.698513589785866e-06,2.374308348892824e-06,0.7840656223646714,1.960372323972769e-05,0.21270032800184693,0.003198714732524426,-30.222093023255812,1
23249673,0.048097247945747004,8.90791914645456e-06,9.022308302799803e-05,2.6255837226674123e-06,1.15762618811592e-05,0.9266965991566353,0.0001622633813402073,0.023646187171047526,0.0012843694974515845,-31.937179487179492,3
23249779,8.362696516192747e-05,9.783346129113723e-07,8.770978457399851e-07,2.0096697967595087e-06,1.1766679423206637e-06,0.9792120616264032,2.0916829909468187e-06,0.019308361982555547,0.0013888159726906906,-29.875423728813562,5
23254368,8.674382963709244e-06,2.962993262627527e-06,0.008669006734888492,3.92887644890046e-06,5.541823067806558e-05,0.8606949749685515,0.0008769814097006729,0.1278694125041407,0.001818639899365469,-24.681451612903224,5
23255367,1.6529765268314267e-05,0.37428188386582817,0.000493235454702926,7.557443487367183e-05,0.04719594507891218,0.5447624548925752,0.00034868600387402167,0.025187014101935513,0.0076386764020298405,-18.475,1
23255566,4.149928167869242e-05,7.21621517814241e-05,0.0025360458816825375,9.671575996923576e-07,1.6994151877646534e-06,0.8654952658995851,1.1746492013735191e-05,0.13119584372792123,0.000644769992549715,-27.753333333333337,2
23255801,0.09158366761765088,4.709424247697691e-06,8.369079406793918e-07,3.688370882785518e-07,1.372505864075565e-06,0.9045014199829896,2.1033354185144457e-06,0.00013646793232724997,0.0037690534564728357,-27.62153846153846,3
23256352,0.004830189812155121,3.905452207786422e-07,4.698561952838628e-07,1.3900789205249362e-06,8.295302184671995e-07,0.994429941283006,2.391259186020972e-06,0.0006921695376801496,4.222809741757759e-05,-28.776470588235295,2
23256441,0.5136791518549779,4.750338652774932e-05,3.3247097560052296e-07,5.24676187336028e-07,9.781783200079896e-07,0.4820713334023969,1.7457940163869862e-06,0.002477459242683001,0.0017209709939151013,-28.869565217391305,4
23258463,9.868978314139932e-06,1.4658640947757458e-06,9.871591937007526e-07,9.554344645577783e-07,8.485214919220821e-07,0.3542404927003055,0.6312519252681178,0.007623606117867609,0.006869849956150163,-30.780000000000005,4
23258492,7.751571441174145e-05,2.2108378480286604e-06,3.624946194985274e-06,1.941344435916664e-06,1.7641740985849671e-06,0.5580252842547382,0.0030267910517023724,0.4344679315643308,0.0043929361122395216,-31.412499999999998,3
23258622,0.0002605644027927897,2.3653068511404037e-07,2.2820354454161846e-06,1.6578926055395584e-07,2.726072885309042e-07,0.02794120349515609,7.7443244450194e-05,0.9717164372737958,1.3946211254686701e-06,-32.75454545454546,5
23258627,0.00026241964209716624,5.49420322593365e-06,5.02723624488385e-06,2.979013264692859e-07,7.269192683382021e-07,0.9849173110202644,2.419156487420109e-06,0.014558272333431316,0.00024803158765420536,-27.591836734693878,3
23259710,9.595268188311132e-06,0.00016105247948412514,0.002011263412204554,0.18885014919449197,0.0013890233262314493,0.6435126427436897,0.0002208713837704488,0.039961010263358215,0.12388439192858132,-25.030188679245285,5
23259845,8.935227067809968e-05,1.8565615895206166e-06,1.705144571674594e-05,8.418013971627359e-06,5.051603894056284e-06,0.5352837726041356,0.45708692036626164,0.0073590792437950555,0.000148497889957612,-31.535000000000004,1
23260014,2.9167781303525654e-05,2.7619911052902915e-06,3.555590233437342e-05,0.0013700012265730288,0.00014040954984235294,0.8967598627302635,0.004676382648978803,0.09542759936837285,0.0015582588012262022,-32.24444444444444,5
23263318,5.147062819278033e-06,0.006461469960785581,1.9525032076907208e-05,1.363447607840026e-06,0.9861088027358913,0.0030148712680570415,5.663669311747196e-05,0.0041524526629687945,0.0001797311366760124,-14.079411764705881,2
23263764,1.7993528456791777e-06,0.0327020038358508,0.00048666868877228936,2.63012538860627e-07,0.9446212735483844,0.016642754987210625,3.649228363684701e-05,0.004534247138319678,0.00097449715244055,-15.798333333333336,3
23266073,0.00029526697375126634,2.5597414329164784e-06,1.4534334370222488e-06,4.329994819031161e-06,4.767473662412787e-05,0.9954940307271882,9.018392298812732e-06,0.0035680439281192827,0.0005776220723292688,-26.391964285714288,4
23266151,1.0672841567047453e-05,4.246539009927941e-06,0.1485225639549641,7.797642461846166e-06,0.007102921207703111,0.7180865663878319,0.005288970174661764,0.12074586349263929,0.00023039775916096965,-21.111363636363635,1
23267489,0.008050053801234537,0.00016498697140071266,4.4209342802992606e-05,1.2123175124650989e-05,0.000294098931636536,0.18714062040918497,0.006361201493068427,0.735741991729962,0.062190714145585094,-29.568421052631578,2
23267747,0.02002951431196795,5.123915593072716e-06,1.470812664743251e-06,1.8192373518087106e-06,1.724765449841374e-06,0.012438560216718113,8.375938911354708e-05,0.9674272752130009,1.07521381401441e-05,-32.3448275862069,5
23270045,0.000992683804090858,4.4011808126458786e-05,0.0004637448179027575,0.0005344571450098615,9.554200747257155e-05,0.9544589789371015,0.0004526770019921316,0.034428180600652246,0.008529723877651742,-25.275000000000002,2
23270170,0.24083014167919214,1.897583658914459e-05,1.9367974133353056e-05,6.713642246911612e-07,1.8011508174704188e-06,0.7588917455234158,6.903532361245569e-05,0.0001179239097564234,5.033723825856041e-05,-26.085714285714282,4
23270216,1.0769041035058315e-06,5.269080989707305e-05,0.0006055506586027688,1.3894238974181452e-07,3.388332851376709e-05,0.9982953473567486,1.4555257631482405e-05,0.0001537342484236831,0.0008430224936893519,-24.569565217391304,1
23270417,2.7777699149704627e-05,6.25502132366721e-06,8.887796205303511e-06,4.2641467751098405e-07,0.00015159444541480268,0.9884715720025975,3.4155073897579334e-05,0.011273612437301295,2.571910943245835e-05,-25.502857142857142,2
23270440,3.383099254731514e-05,1.0211287003428033e-06,4.388092918116426e-06,4.747140122817948e-07,2.5398786912398585e-06,0.998618559100197,2.278198508151528e-06,0.0013212708932782004,1.5637001147223968e-05,-27.95175438596491,2
23270448,5.062445531047701e-06,0.0010805401285085537,0.0013271938912630022,2.127008353497324e-06,0.1528682502864548,0.8228948473341328,0.0026374652381175746,0.016541012518700708,0.0026435011489380506,-24.72,5
23270672,1.1959464254217267e-05,4.679455494014521e-05,0.0004751288456176304,0.0003065559410512432,0.0006525761763543389,0.7179410790505936,0.0010008681014234786,0.275640946018605,0.003924091847160491,-23.52882882882883,5
23271199,0.7535932215496709,3.9222581414381976e-05,2.245425630460059e-06,3.55838444316639e-06,3.5857336445277764e-06,0.17717324033799559,9.036563701690462e-05,0.06146499654276487,0.007629563807419169,-30.52777777777778,3
23271258,0.027795859177191396,4.167492061427866e-06,9.464949657037086e-07,1.3836872443068236e-06,1.7528249899262766e-06,0.5841804625248601,0.0008202119137443684,0.3870716776080847,0.000123538276858069,-32.21666666666667,2
23271285,0.010882930600586116,1.3729079456732533e-05,1.012927837013454e-06,8.894782084691169e-07,1.4542912616001643e-06,0.9736118082362312,1.576458096693822e-05,0.015336182579017258,0.00013622822643455008,-30.521052631578947,5
23271494,0.0008164610397794439,0.17082294680491866,2.6269177616444185e-05,0.018284973109969276,3.50280405548874e-05,0.7456720914861911,0.0024961307233591257,0.06162611203990809,0.00021998757770295483,-21.047826086956523,4
23271571,0.016910618348057193,2.730222258662796e-05,5.475497948855777e-05,2.3646451889839926e-05,5.9257556694314245e-06,0.6558323257626419,0.00015463837901208782,0.3267836303604929,0.0002071577401612701,-27.38888888888889,4
23271848,0.8848131646971138,2.8107248093130813e-06,4.587336310647863e-07,2.6695392202829506e-07,6.425596479658701e-07,0.09885439480204307,7.574144270456072e-06,0.01631225189779283,8.43548676926109e-06,-30.26388888888889,3
23272009,0.00034174664253149283,3.3300902036930337e-06,6.7110470597082935e-06,1.9447450579939704e-06,3.664194447545364e-05,0.9832618227042762,1.7960064970770088e-05,0.013459167853686373,0.0028706749077382697,-27.91666666666667,4
23272270,7.5643618129575e-06,2.5236644810838807e-06,0.0013824952772093974,9.704812225648851e-07,3.1126191470605626e-06,0.9948559006258518,4.299595797269265e-05,0.0008841081579031761,0.002820328854399349,-26.498130841121494,3
23272522,0.00037848307461794034,8.078755590013757e-07,2.542375650008029e-07,6.401684309627616e-07,8.471514127115447e-07,0.9935345016118858,9.365855718277686e-06,0.005994586923284046,8.051310152652579e-05,-29.773214285714282,5
23272653,2.7715231274437963e-05,6.236988208026729e-07,3.872738625599218e-06,5.706567817815396e-07,5.111417666000412e-07,0.9544143083124276,0.00197019370354909,0.04356590113190973,1.6303384844421616e-05,-28.51142857142857,4
23272662,0.00043268269201469315,6.182171327166317e-07,8.687918947235659e-05,7.402259922178499e-07,1.0904325560133038e-06,0.9193930078086485,8.245743914983955e-06,0.08000728977034587,6.944591992258664e-05,-27.36,4
23272684,8.556854513167046e-06,2.5959669145369107e-06,0.004121262032815973,6.695034831738495e-06,7.91942653782859e-05,0.8808697923177669,0.0001724750401591016,0.11431891187294915,0.0004205166146710475,-23.450000000000003,4
23272800,3.5389262514720475e-05,2.628530257414791e-07,5.034629169622401e-08,2.1242596356373248e-07,1.934652268598259e-07,0.9998318296138534,6.704902195055113e-07,0.00010021638237155729,3.117516053295636e-05,-28.85211267605634,1
23272866,0.001433432677105714,8.254114272944097e-06,2.1422804515469352e-06,6.940455478087764e-07,2.5598221429070877e-06,0.9863691221111642,0.001046061802997064,0.010632937866094358,0.0005047952802236536,-29.9,3
23272873,0.00010886001993711778,2.466228209845678e-07,8.294639086075601e-07,2.1037332868368497e-07,3.965908833916536e-07,0.9907110674737467,0.0007379506140831333,0.008280829750537188,0.00015960909075416762,-29.4,2
23275420,1.5820414145381408e-05,3.930402176047068e-07,1.3644092896363654e-07,5.3934312037233535e-08,1.0767325222129715e-07,0.9999463712850938,8.62356944851561e-07,2.575312722459362e-05,1.0501727880570128e-05,-29.007894736842104,1
23275539,0.00040898012494222847,2.03668365770738e-06,1.226286255663875e-06,2.2233532707959432e-07,4.135230014865836e-07,0.9995132507874696,6.48740939896115e-06,4.8707589815025786e-05,1.867526013248352e-05,-28.05921052631579,1
23275990,4.186595645516355e-06,3.5156635759843575e-07,6.875079148883245e-07,3.8101670590011594e-07,5.738250589076111e-07,0.01078210098028417,1.5968547904725005e-05,0.9891737292197459,2.2020740382338902e-05,-32.61724137931034,4
23276612,0.00019964900305667564,1.3213790041533293e-06,5.690741178528561e-07,3.5991627524938185e-07,6.347353446523065e-06,0.26513990058949083,3.8104803523303226e-06,0.7300659653419266,0.004582076862329731,-33.62564102564103,4
23276892,0.012447300312057001,1.6083688491604792e-06,9.319575318593947e-07,2.1246858157775234e-06,2.8072334005546825e-06,0.5913298331014403,6.506536638601818e-05,0.39293098738878773,0.0032193415857316547,-30.563636363636363,3
23277161,0.0015796219684002528,7.007426392697699e-07,4.684154224136263e-06,6.796793034222355e-07,4.835868831300994e-06,0.9837356384061532,3.5388987972665044e-06,0.013694649735122301,0.0009756505465290849,-32.665,4
23277238,0.011353560644868432,2.3683501728632487e-06,6.117515843435776e-07,9.108872521909377e-07,5.3335198577370595e-06,0.9437555991636164,2.6529828267372805e-05,0.044709102161200644,0.00014598369318003472,-29.941346153846155,2
23277919,6.7656489574301865e-06,4.677002224292694e-06,3.8455207772061244e-05,3.7024215519702806e-07,3.016345179624306e-06,0.9988293937981614,0.000327221956425062,0.0004779662745422068,0.00031213352458277113,-26.496875,1
23278099,1.9927975551545088e-05,3.787969683940884e-05,0.0012890116602337735,6.079128057136577e-07,9.636944075768063e-07,0.9943666597425883,8.886310230908477e-05,0.003873908605534256,0.0003221776097304527,-25.51111111111111,3
23278177,3.43752285272932e-05,7.024502505696588e-06,2.3218358943753533e-06,2.13484416150502e-06,8.400642684774281e-06,0.9449622227318909,0.0006948188506461586,0.05405893884034859,0.0002297625233408726,-27.140740740740736,3
23278314,0.001162661129306946,0.00011766016193883964,6.725555552725651e-05,3.6004197645788183e-06,4.030911634371685e-05,0.9468516264526023,6.846767060474053e-05,0.013801726630872764,0.03788669286303881,-26.2,3
23278481,0.12880788705695534,7.171337144774765e-06,1.6168105094832042e-06,2.372275801669358e-06,4.428242514427436e-06,0.11830311483539496,0.00032369428323658655,0.7524776303346493,7.208482379352997e-05,-33.64,2
23278516,0.0007579303706865475,1.0206232226363862e-06,2.43769750917768e-06,4.75463693885345e-07,2.125183162686081e-06,0.9331349661363054,4.220793766672192e-06,0.06563299629592996,0.0004638274357230353,-33.123636363636365,4
23278550,1.6542071113389183e-06,9.09783103117183e-05,0.00018525855497825806,1.8733292388229066e-06,9.7593014556314e-06,0.9665384228323765,6.292181875480362e-05,0.03303972455715873,6.940708861415025e-05,-24.06875,1
23279119,4.0767627133954994e-05,6.351602176632585e-06,3.345636957998904e-05,1.64027288309158e-06,1.4737555628268614e-05,0.9994088450046439,1.6995486581091685e-06,0.0004043659767369359,8.813604255903498e-05,-23.052,2
23279218,0.0002575638456836459,1.7313501801196558e-05,1.3734910380689067e-05,1.3152879850365817e-06,2.6719343011488936e-06,0.9955970649775939,4.9738656226431956e-05,0.001863828966067746,0.0021967679199601966,-26.508823529411767,3
23279230,5.4122860468799785e-06,0.002021163811154261,0.007272214991098451,8.429313344522697e-06,0.012538514941455095,0.8961063874183166,0.00038178230302705055,0.009528050427198195,0.07213804450835873,-21.523404255319146,1
23279242,2.952055437466046e-06,4.5059180138440534e-07,8.900479775560592e-07,8.198677768596496e-07,2.6807294222675407e-06,0.998756551842978,4.3909899174170494e-05,0.0008313892816018132,0.00036035568383048814,-27.342307692307696,1
23279392,1.5962017347413897e-06,1.0877366350600571e-05,4.245987980025862e-05,1.1433072037619913e-07,2.8555015603280607e-06,0.9998606170292409,4.635328753342284e-06,4.0271319162533785e-05,3.657304267692129e-05,-24.684444444444445,1
23279541,0.08395204259701505,4.879040683177417e-06,4.067390576172162e-06,9.254800293469231e-07,1.1861547134993589e-06,0.9153347812861526,4.8651451410261695e-06,0.0005732660332383282,0.00012398687245092108,-30.24651162790698,3
23279574,0.00037909852066316153,3.60708972843101e-07,0.0019277996492236874,2.3076025331655956e-07,2.864468958701512e-07,0.9965614356337851,1.861839717695981e-06,0.0011177943515126014,1.113208897584386e-05,-28.200000000000003,2
23279702,0.0035228333702384805,4.498535728501075e-07,4.842888533251855e-07,5.509815128941437e-07,1.1950725783870848e-06,0.9870166138163873,3.144158131576486e-06,0.009071755414964359,0.00038297304376101054,-27.30636363636364,2
23280325,5.049741265547794e-06,2.4620168612428784e-07,2.0924801409842472e-07,1.2557321021130947e-07,4.1095355868726284e-07,0.9971744038267829,1.0139012578631427e-05,0.0027422535016022754,6.716194130113848e-05,-29.895180722891563,5
23280376,1.6813197427340336e-06,1.0226868977622415e-05,6.167962949011282e-06,8.823199540930063e-08,9.83170986199481e-07,0.9995871450873149,2.1537130221330988e-06,3.392882008341628e-05,0.00035762482492860277,-24.323214285714283,1
23280473,0.0008509806839367278,4.901540019914193e-06,1.1231492793061717e-06,8.601748164100117e-07,5.5413164599182425e-06,0.9970433716683683,2.5816150210314888e-05,0.00037330127403555644,0.0016941040428736782,-26.77962962962963,3
23280483,0.004789791592672629,4.26183542042783e-06,4.968304693162755e-06,6.683244587150062e-07,1.0424798533312833e-06,0.9920830324721509,1.716481561660394e-05,0.0019354389868148486,0.0011636311883196264,-28.57254901960784,5
23280500,2.9724104567391186e-05,8.864306149631377e-07,1.6034150852804352e-06,6.281209817977478e-07,1.2102008608733812e-06,0.997424604655756,6.451600433260829e-06,0.00240763430754854,0.00012725716415170019,-30.83,5
23280536,0.0005010009158483913,2.0307905634921257e-05,3.8708323748207465e-05,1.568782902747495e-06,8.776167243350377e-07,0.003113191474008635,4.5125216659988885e-05,0.9962427001936038,3.651957086887874e-05,-31.28125,5
23280582,9.168345641529478e-05,5.610655529278858e-06,8.926414268138307e-07,8.281278201597393e-07,1.199949912353078e-06,0.9947367167595814,4.978196944004014e-06,0.005087173099553449,7.091711281712078e-05,-29.859523809523807,3
23281860,2.1628371165156617e-05,3.4803471853643774e-06,2.9997527652195528e-05,3.104541246111516e-07,1.1435958763116391e-06,0.9995170168579603,7.954114390216696e-07,0.00041666321817495033,8.964216421954484e-06,-26.507575757575754,2
23281954,6.194846835922332e-05,1.9502907674736907e-06,1.2660438487183308e-05,1.5406792557215253e-06,2.3042782889111823e-06,0.9642247663652737,0.00016313627604117373,0.035127004980543934,0.00040468822298277086,-28.200000000000003,2
23281962,0.0004162540470228141,5.38166499728644e-07,8.07868769898775e-07,3.848205840512519e-07,2.8234708665732287e-07,0.9987495246211904,2.0350354524091684e-06,0.0006479898531351047,0.00018218324025904182,-27.84642857142857,2
23281997,2.0435482304046764e-05,5.219964064940248e-07,4.2884196885913754e-07,1.917256248459272e-07,6.711517947488755e-07,0.9964134633615845,3.886166045009197e-06,0.0016014533398704778,0.0019589479344009333,-28.00238095238095,4
23282024,8.748721528272831e-05,4.418868489799276e-07,2.8367601286171553e-06,3.211391640340223e-07,7.338325253675492e-06,0.9333681110694081,5.051657264736911e-06,0.06642773587413973,0.00010067607250930509,-29.177777777777784,5
23283117,9.238918708965216e-06,3.9912333410364815e-07,2.2005668088194006e-05,3.691594651502041e-07,6.209962503044785e-07,0.9348636689066283,1.211916655604962e-05,0.06504231450001392,4.926356095499445e-05,-27.961363636363636,3
23283199,7.633951966859218e-06,3.848318798173921e-06,2.7563742067690745e-07,2.4798673740785733e-07,2.056050842375223e-07,0.9998036648701045,8.48984791889051e-06,0.0001556426925260072,1.9991089443377827e-05,-29.504545454545454,4
23283396,0.0002454972830377709,3.4247004337969705e-06,0.000187849580537628,1.275996415072056e-06,1.281642898798451e-05,0.7407259206100993,0.0003310470520667546,0.25829499494352753,0.00019717340489423444,-25.3044776119403,3
23283419,9.039660380296758e-05,0.0029774351067688247,1.2218792655325278e-05,2.3770323798732043e-06,6.643401231141001e-05,0.9583586294980088,0.00023273903012143883,0.019478494682009632,0.018781275241941724,-26.705970149253734,3
23283560,4.707355200186647e-05,3.9731878931709786e-07,1.7109260234679266e-05,7.31103703809713e-07,2.0117010024901933e-05,0.996302236769217,0.00015669222792601077,0.00325808229496125,0.0001975604631412322,-25.049999999999997,2
23283647,3.129700191954541e-05,7.17470234232948e-07,4.864246313875799e-07,3.249297045048892e-07,2.9307702281721466e-07,0.9998605557480931,1.0994970878918837e-06,6.532580476131869e-05,3.990004654527399e-05,-27.6,5
23283686,0.0006671157613872367,6.230659367019254e-07,1.0061500757705772e-07,1.8276805245037739e-07,4.925716349225229e-07,0.995370751221789,1.5176659731704294e-06,0.003932582589587697,2.663374063105711e-05,-29.669354838709676,2
23283687,8.28600398541717e-06,8.834286793108966e-06,1.5570996881914924e-06,1.3044037410318688e-07,2.925032908523366e-07,0.9994197900215448,2.900267528149089e-06,0.0005144274441459582,4.378193264942149e-05,-26.555999999999997,4
23283943,4.248657193262644e-05,8.419915310488687e-06,1.1818981232562323e-05,2.230621280525984e-06,0.02194037231672542,0.9568267245361491,0.0002262162837115524,0.012860058380994504,0.008081672392663239,-22.71014492753623,2
23284043,1.9568642290354837e-05,7.896124115009984e-06,2.059301454287166e-05,7.832376389546274e-06,0.13502566887704526,0.7991980944579589,2.2817609750569757e-05,0.06501373407458044,0.0006837948233270896,-19.77126436781609,5
23284795,1.2484713734561581e-05,8.236926926496061e-07,1.5647647539271037e-07,4.185074330347853e-08,1.1011338505432129e-07,0.999687550946115,1.6869288026615035e-07,0.0002592717932406178,3.9391720733071026e-05,-28.51492537313433,4
23284935,0.047474555610113794,1.0767464522846862e-06,1.4398702989032397e-05,6.335201826574456e-06,2.8843665815054903e-06,0.9456606797427853,8.41906174493195e-06,0.006814732159359746,1.6918408146745936e-05,-30.774285714285718,5
23284960,1.87504059983547e-05,9.34479870028467e-06,3.161605814722122e-06,7.264062306026695e-07,8.570965278956915e-06,0.9863961542538987,1.1909916780242776e-05,0.0132933324331535,0.0002580492141446502,-26.118518518518517,1
23284965,0.004025090068351893,7.69128142617443e-07,2.7981296889169873e-05,5.883619342779087e-07,1.23766457640279e-06,0.9738172204915212,1.4316766754737364e-06,0.02210537674455177,2.0304567357116844e-05,-29.419117647058815,1
23284968,0.00810038319327627,8.951585523480779e-05,0.00016291640914379413,2.7436697424348458e-06,7.2922629017903246e-06,0.9821784200383172,6.239940272410013e-06,0.009040441555809848,0.00041204707530127945,-27.07741935483871,1
23285559,0.0007791305288708874,4.217919344431211e-06,2.3832005068709013e-06,9.69613548674849e-07,1.5897169400873382e-06,0.7806194013546739,6.454717927228943e-06,0.21842681515890158,0.00015903778928625392,-33.57222222222222,3
23285585,0.00028427679395012095,9.083976970037974e-07,1.1712207487916334e-06,1.063302130796639e-06,1.0230205837287512e-05,0.9904570406462816,2.5403439114252996e-05,0.008066905689121969,0.0011530003051180412,-29.60779220779221,1
23285631,6.045562981821561e-05,1.2408582334229918e-05,6.692495647747954e-06,0.023958900129932417,8.735962687473592e-06,0.7746665556154066,1.1422238885708713e-05,0.1780231468991742,0.023251682446113264,-30.59642857142857,4
23285638,0.00015234465833352892,7.278211462789322e-07,7.465029677203848e-07,1.4422567701863843e-07,3.064065746491318e-07,0.9982464468126085,4.0630667731546265e-06,0.0015699500098714926,2.527049604769324e-05,-29.914743589743594,5
23285754,5.564564464799077e-05,2.35521795420919e-06,3.341280356499453e-05,4.767924614932039e-06,8.00010920971125e-07,0.02428734317047932,6.43249614354279e-05,0.9754072758010339,0.00014407446534819626,-35.18260869565218,4
23285905,1.8782791490946765e-05,1.4476498365775812e-07,1.7932282705458023e-06,2.5827583035630483e-06,2.926789898813779e-07,0.9975460366858807,6.525834027332042e-07,0.0023333014801174942,9.641302856019105e-05,-29.71428571428571,3
23285944,9.342116028355229e-05,9.536604833518201e-07,0.0036835011944956995,1.0431171288651674e-06,6.70328755289153e-05,0.9887731374608713,1.681982416170315e-05,0.0073405766508149485,2.3514056231830572e-05,-25.028571428571425,2
23286095,7.396250537640603e-05,6.219829795208524e-07,1.9339441060841425e-06,1.6579643094082354e-07,8.021118993157599e-07,0.9996032955261874,1.7689181325423178e-06,0.0001729056148724568,0.00014454360001519052,-28.83076923076923,5
23286156,0.0004530670975724571,1.840381731360014e-05,1.6211955648068415e-06,1.5185320415756597e-06,8.678493377070142e-07,0.997732566490981,0.00041557103406356495,0.0012870863937789123,8.929758934642459e-05,-30.16428571428571,4
23286180,0.00010375335571005764,6.50284390216157e-06,9.389538846403035e-07,1.4344737426760109e-06,1.1635299673393708e-05,0.5582048773045366,0.2134936489518976,0.22779445915204902,0.00038274966460391643,-29.53,1
23286283,0.0003034956850300268,2.2816199741841426e-06,2.9866577221327265e-07,9.747128441797674e-08,1.956047335168825e-07,0.9996526230772055,1.0149781550249232e-06,3.301744287973915e-05,6.97545496552523e-06,-28.66511627906977,1
23286297,1.7649038701446907e-05,9.379103907859476e-07,7.759573684674918e-07,5.550348372434492e-07,9.103708583627903e-07,0.9966777776632724,3.517311071124048e-06,0.0032033109946519906,9.45657188482282e-05,-27.974999999999998,2
23286377,0.0017387252439127793,1.0313682128235147e-06,8.59352774083405e-07,1.08630392496325e-06,1.7562051185900052e-06,0.976117916059093,0.0025412336236313358,0.01345848818781661,0.006138903655515965,-30.371428571428574,3
23287067,5.288241767304154e-05,3.476936872087227e-05,0.0005722189281777897,0.004414430083317419,0.020559680069271922,0.6979350181819756,0.062283364159119135,0.07885544100648882,0.13529219578525548,-23.272972972972973,5
23287089,1.5769747261543338e-05,5.4853363021856206e-05,1.3262074367010081e-05,1.4305321690457985e-06,1.0755218212538894e-05,0.9997842723193515,7.09525742059618e-05,4.1586568429349154e-05,7.117602981083644e-06,-22.575000000000003,4
23287115,2.25080051985067e-06,7.030764019331423e-07,8.873797111736694e-07,8.819387798331512e-07,1.636646060699799e-06,0.9781898754380459,0.020316849821971607,0.0014674883078111367,1.9426590697610637e-05,-26.357894736842105,4
23287175,2.2362322323152852e-05,8.089479140754497e-06,6.0873980682072145e-06,5.267341411048507e-05,0.0006332290595899075,0.972374072558897,0.015476992982528845,0.009820048394405912,0.0016064443909357777,-24.155555555555555,2
23287186,5.1968756578798295e-06,3.2378746146420162e-06,5.465196527990495e-07,1.118926035495224e-07,8.004421414747625e-07,0.9999571577735349,5.69385148287311e-06,1.921545984710583e-05,8.039310465157266e-06,-24.700000000000003,1
23287188,8.368003467483823e-06,4.672996671576765e-07,2.589960750563104e-07,1.7217840661429408e-06,5.808245418524487e-05,0.999645182867122,3.298862460993042e-05,0.00023237051999806734,2.055945080891222e-05,-24.725000000000005,5
23287201,0.00040597992944944525,3.858991341200595e-05,9.348989960787939e-06,4.253613399112787e-06,0.0001271903377499622,0.9986189361909179,8.962483717613195e-05,0.0005229940921235461,0.00018308209581100197,-24.275,2
23287207,5.0527794993430555e-06,2.2180733277325325e-05,6.407034226647992e-06,7.2491160166501955e-06,1.6907762222512642e-05,0.9707343618351454,0.025096319680974765,0.002234811772394418,0.0018767092862428574,-23.459999999999997,1
23287245,5.222651242466576e-05,1.705097486145955e-05,3.3530524245159777e-06,7.961691360379867e-06,2.6004041721255375e-06,0.9934614283421659,0.0023114788392088895,0.0033554364292994136,0.000788463754082642,-25.05714285714286,3
23287289,8.00216533744799e-06,3.2438690593013723e-06,7.277938731196591e-06,4.825824696181336e-06,0.0006279760018878024,0.994733184464557,0.0001644118536082577,0.0037638040401798334,0.0006872738419429244,-21.06875,2
23287296,1.009853006612752e-05,3.579282187236706e-06,1.253271203598443e-05,3.7013155868376106e-06,0.0005647807861188528,0.8841074248351636,0.06829422774727119,0.046353589878904686,0.0006500649126655654,-21.092307692307696,2
23287311,4.205070891376819e-05,0.00571020734353999,0.003243739799289731,0.07042925856684641,0.14888976845718083,0.43213639278455207,0.22431105474027346,0.11302046408198431,0.0022170635174196597,-19.41,4
23287349,1.3805411335732827e-05,4.2146992452065556e-05,4.5448154646805066e-06,3.637765073715327e-05,0.0019809672748437295,0.831455195881773,0.15366490191982643,0.0057038914090569584,0.007098168644510418,-23.205555555555556,1
23287459,2.3662830121741723e-05,7.265039586618122e-06,3.920345151725275e-05,1.1582230933053076e-05,0.0014788274477232593,0.9648506318776086,0.0004928301358923583,0.023208399607119415,0.00988759737949758,-20.84642857142857,4
23287525,0.0013787058285306879,1.752440006090397e-06,1.9394131067811722e-06,1.1844404452963664e-06,3.675961775733253e-05,0.9711427152892057,9.340482861046457e-06,0.026537814357260388,0.0008897881308267992,-25.13421052631579,3
23287762,9.11287933393907e-06,4.579234131585857e-07,2.2956128511153746e-07,4.102613520242741e-07,3.7503021521398236e-06,0.9813589197898518,9.941528791014856e-06,0.018370799866115357,0.0002463778877054687,-28.50144927536232,3
23288810,0.004992734673975682,8.031625763032717e-06,4.776347856893326e-06,4.4200619240017e-07,7.347271919964057e-07,0.9724211715442996,1.6137871948176464e-05,0.022496365424520857,5.9605778251388975e-05,-30.81612903225807,2
23288912,0.00048631141614277016,7.610241781943074e-07,4.504699109911906e-05,2.1284885789108254e-07,4.507722419007763e-07,0.998942575270395,1.9055063505073565e-05,0.0002472783726130211,0.00025830824096689293,-30.387272727272727,1
23289184,9.310124278705807e-06,8.863270938335233e-07,5.538671745527473e-07,7.178431956359018e-08,8.827839802813685e-08,0.9990872441761046,3.375970563611605e-07,0.0008938782110235005,7.6296345507819e-06,-28.63170731707317,2
23289469,0.03621903421960812,9.026010506387651e-07,6.352050136196514e-07,4.845634479684764e-07,3.4070397408636364e-06,0.957794595589553,2.507987245694124e-05,0.004750920440892875,0.0012049404682358909,-31.295283018867927,2
23291277,1.6473081652736028e-05,9.57651917776036e-07,2.2526481239821127e-06,1.25020390505014e-05,1.4385000606207378e-05,0.7487981905694127,0.23570983784875546,0.014718461954870104,0.0007269392056105834,-26.788235294117648,2
23291340,0.0001411943226371457,3.7803860487449198e-06,8.589181644309252e-05,1.5336974591386902e-06,2.2529189378996058e-06,0.9363834534344003,2.2998604442572202e-05,0.054865212167066156,0.008493682652564984,-25.260431654676257,3
23291379,6.461439857283362e-06,3.794284699386968e-07,2.174070143369597e-06,4.599590737233561e-06,4.425802499276856e-06,0.9985333977010512,0.0005916337440923629,0.00062840828636041,0.000228519936788813,-23.75,4
23291437,5.338801864872423e-06,1.2999034338363655e-06,2.381315433749244e-05,2.302851609937871e-06,0.0005855074651890694,0.9917327943087756,5.189165265671669e-05,0.0016100263640052633,0.005987025498126986,-20.99259259259259,5
23291483,0.003956350547957514,7.546072957317716e-06,3.354318905965061e-05,5.85653953381157e-07,5.265788489147776e-06,0.9901330788959843,0.00016325946783298537,0.005371207505067963,0.00032916287869763747,-29.0,1
23291837,1.5113011712731346e-05,8.652819076170128e-07,3.2418492964772054e-06,1.3949847597423861e-06,1.3437478311507479e-05,0.9985108394159169,1.0741173497337071e-05,0.0005332567268774208,0.0009111100777203017,-27.955263157894734,4
23292712,0.0331973362193618,8.432445352249709e-06,6.203795733018678e-07,1.5994419028998084e-06,1.659907242397885e-06,0.9664985241918785,2.772747510963142e-06,0.00020624354320754218,8.281112397040948e-05,-30.66666666666666,2
23293267,0.00019589645363391855,4.117929031886429e-05,4.909126783804437e-05,1.8838704638145492e-07,2.0709591527394934e-06,0.9994138364627456,6.809010266950694e-07,0.000293925285672549,3.1309925650049727e-06,-25.569565217391304,2
23296641,0.005257976014055007,3.2132390941397305e-06,2.2583371011328664e-05,1.2248637199187185e-05,4.177461916939035e-05,0.37565150719976925,0.0027063101166366894,0.6143639886561664,0.001940398146898727,-28.15357142857143,3
23296739,0.0004706346828846521,5.980354817452617e-07,6.375627936545289e-07,1.266646492950688e-06,8.752897007841059e-07,0.019180773066525894,3.485416443259758e-05,0.9798630667895112,0.00044729376217669126,-31.425925925925927,3
23296783,0.0016094490733254126,1.2299704836466814e-05,8.880977596840476e-05,2.3060573504384966e-06,1.9700042358762424e-06,0.010608901707263205,0.11171174307012248,0.8756275190299723,0.00033700157692554436,-32.376470588235286,2
23296879,0.0010053933608689134,2.154079286937893e-07,5.49323775275203e-07,4.313611243085883e-06,3.953977722934169e-07,0.005899051519886569,0.00014178826635260727,0.9907874767976746,0.002160816314497897,-32.99722222222222,3
23297919,6.076450145688557e-05,1.928375101225234e-06,5.8624501855042965e-06,3.3043899787530575e-06,1.2334206765754386e-06,0.23053200626539092,0.00016359559868809004,0.7679565851387261,0.0012747198597959683,-32.151282051282045,3
23298335,0.00039139493543955425,1.3588998128766067e-06,5.504498317944503e-07,3.1618010577169665e-07,1.9841801479373459e-07,0.9995582551284636,1.0909392193134042e-06,3.373376785827607e-05,1.3101281254069227e-05,-28.013333333333335,1
23301917,1.6073858437825998e-05,7.213579284659343e-05,0.0036881454290125758,0.0012257686448608593,0.003169584540021138,0.06887062880975943,0.6548927109751677,0.07320732567338732,0.19485762627650646,-22.95360824742268,3
23302492,3.230040036339957e-06,1.285830705555578e-06,0.002809182824515831,0.00018586741726266004,0.4900317984619497,0.021017671950004663,0.3448221686462002,0.13738403515655392,0.003744759672771263,-22.48085106382979,5
23303269,0.003705009608474529,2.0581382342625635e-06,4.972552328178792e-06,1.1578695101622664e-06,1.8860576421401682e-06,0.34450038560921264,0.161532962632878,0.4898517247318899,0.0003998427998300771,-30.572222222222226,1
23303368,0.0008886579595481376,2.5178666944275317e-07,1.5614213313676753e-07,6.639393690246676e-07,6.654106833641671e-07,0.9979808086412587,2.3290987237372494e-06,0.0010828598712931624,4.360715032136685e-05,-28.680459770114947,1
23303837,0.001619041448561136,4.353204156108044e-06,8.373634548606907e-08,7.327700000646223e-08,2.005163942920227e-07,0.99829712487063,4.585605334788176e-06,7.311438532213899e-05,1.4229562559258453e-06,-30.54054054054054,2
23304181,0.00035478869794042847,1.0318919979918981e-06,2.2778090542441696e-06,1.1392930445210741e-06,1.5976907590721598e-06,0.9448511039864367,0.0016989312056795603,0.05281641519370386,0.0002727142313836763,-28.568421052631578,3
23305035,6.333032278385679e-05,0.00010536721419570674,4.25721688283542e-05,2.28271863727265e-06,0.007924274843240563,0.310038613200275,4.7780210934438434e-05,0.00040614708648631224,0.6813696322346185,-19.275000000000002,4
23305207,0.00020900252843090303,0.00015652056261070967,3.6973527016484874e-06,3.227518313800024e-07,1.0657206050758026e-05,0.9989455385078345,1.2412445899347447e-05,0.00038253254093188424,0.00027931610370875523,-24.3475,1
23305255,0.019370287775092972,2.8652623297296638e-06,1.7234869437516141e-06,2.2577131238899757e-06,8.839392158029648e-06,0.9418770459360573,2.7446258597326174e-05,0.03353090411142197,0.005178630064275065,-32.94444444444444,2
23305573,0.0665608106152466,1.8863216362872353e-05,8.920748796449314e-06,2.0666161690863757e-06,4.810321718116319e-05,0.8997573953057301,0.00015860396156692458,0.0029895255178299406,0.030455710801116795,-30.499999999999996,1
23305662,1.4947415011543846e-05,1.7319622258305041e-06,8.167532792944032e-05,4.363241479512723e-07,9.360149718560109e-06,0.9964245916870083,0.00016253865146074708,0.0018728224692796166,0.001431896013218385,-26.04347826086956,1
23305986,0.0004799020023887612,1.4236497744364216e-05,2.1430469078615893e-06,1.3524200376076927e-06,2.7573945445422317e-06,0.9697138466367873,2.4900017311188445e-05,0.016554254766990455,0.013206607217287886,-29.807999999999996,5
23306211,1.819118801130836e-05,1.0652973263500305e-06,6.645239064431607e-06,8.269179427962363e-07,0.0007990870781090911,0.9465806486656765,2.7396395053657396e-05,0.05240994233424056,0.00015619688457542812,-25.638805970149257,5
23306828,0.00011623170273688807,5.180464305869276e-07,3.319573484923467e-07,2.208574507691883e-07,6.110360944366483e-07,0.9963096710752882,3.6306663893450518e-06,0.0006974669494138774,0.0028713177088473324,-29.850000000000005,5
23307364,0.00673343707945793,9.555507487634672e-06,3.331307346119305e-05,1.928440029401398e-06,4.370234336975344e-06,0.9470946623982349,0.0004545504104355923,0.04180662171074143,0.0038615611458149915,-29.985000000000003,3
23307810,0.0032722255907005407,4.720338333771169e-06,3.9414555534417365e-06,3.7558624156731097e-07,6.744109507325692e-07,0.9935078497181944,5.080844914137301e-05,0.0009355572202890084,0.002223847230595111,-29.687804878048787,4
23307848,0.03744028214751906,0.00013182241531284683,3.237013780955364e-06,1.8208599304071752e-06,3.230630311714042e-06,0.913641710009873,3.907464567593712e-05,0.04807382746095226,0.0006649948166435882,-32.088888888888896,3
23307872,0.000430427325282162,4.56306367556654e-06,0.000188081353515974,0.02515209777477203,9.450883825995179e-05,0.5376618904448804,2.7732427250281288e-05,0.20254303874261984,0.23389766002974394,-26.509859154929575,2
23309377,0.0038678990081959415,0.00012691240690850073,1.2177371019578937e-05,8.164572388693812e-06,0.03205644075441763,0.843939157355424,0.00015756905487692924,0.02082209014981074,0.09900958932695797,-20.937735849056605,4
23309380,0.0005278218233711687,1.2101266583534768e-05,0.00031382562283425487,1.5330477067911396e-06,5.597339141144043e-06,0.9738974522767598,0.00018055080603653488,0.016022228105125196,0.009038889712441362,-26.503333333333323,3
23309782,3.165036765836224e-05,5.150280711909631e-05,0.0015391434816381514,3.127227795423189e-07,0.001019325957687196,0.9964164611359843,4.792042744274798e-06,0.00040823740361088017,0.0005285740807780496,-24.772727272727273,5
23310382,2.8088987630174253e-06,5.568901565889777e-07,0.008049541055614822,2.665386655017148e-07,3.077811950078728e-06,0.9915615489572339,1.4159469723903695e-06,0.00020436262046152177,0.0001764212801820406,-26.297777777777778,2
23310528,0.00019558134113367029,4.623062689132329e-06,8.617375357568375e-06,1.0758799078781445e-06,1.0898684535065799e-06,0.9914837213905487,2.786343349650757e-05,0.0005532684748854172,0.007724159173527694,-27.062820512820508,1
23310572,2.0420578089553875e-05,1.3893430069427845e-05,1.5821701272433962e-06,2.649752660693273e-07,5.315340779291415e-07,0.9618568427827349,1.0936935014116874e-05,0.03804063022026936,5.489737435125749e-05,-30.846341463414635,3
23310651,0.19477046687378086,1.0673594730951586e-06,5.425032980398475e-07,5.041520052313554e-07,1.0191615382611347e-06,0.8040328405573577,3.664513758271353e-06,0.000585128526906439,0.0006047663518820439,-28.519230769230774,4
23310882,0.003635358417514789,0.00012904899618455131,1.9854427927786542e-05,9.542057265833845e-07,5.5881076118448845e-06,0.9552708723874189,0.00018750248224712598,0.03912211666341323,0.0016287043119550717,-29.741071428571427,1
23311235,7.145250250721079e-05,4.56742063489176e-06,0.00011334523716764699,9.186635698827937e-05,0.0033311948258084624,0.6103858791143759,0.00043883073194071775,0.3849851960774211,0.0005776677331558597,-23.7,2
23311247,3.0415304970202316e-05,2.726918820073378e-06,0.0005435050413890606,0.004735016844826557,0.00010855086131342937,0.7359062220517179,0.0002759473131694177,0.252228844488533,0.006168771175260374,-24.462903225806453,4
23311248,0.15832367409771472,9.090536662367992e-07,0.016672523746060583,5.266223540077971e-07,1.0353974065213056e-06,0.8088915634140913,7.15587060257884e-05,0.01582094703545442,0.0002172619272264692,-28.1875,2
23311324,5.054859492712364e-06,1.0864524158479892e-06,1.4222151958565065e-06,0.0001855307682377111,2.115323005453207e-05,0.11821886436909308,0.00035218093258319763,0.880989084598271,0.00022562257465611341,-25.40454545454545,5
23311331,0.1124423187100308,4.5606462436285714e-06,2.2779704823017853e-07,2.1241748991254215e-07,3.1359554696109424e-07,0.8858214813484357,3.156844083585019e-06,0.0017222554721798913,5.473168941528161e-06,-28.90547945205479,2
23311368,2.136768331366043e-05,9.425686664230421e-07,1.1456276569342306e-06,2.4949803623392913e-05,2.077010535077505e-05,0.11604099917425723,9.474074103338611e-06,0.8838252157194751,5.51352435531761e-05,-28.740625,1
23311725,0.0001074543625064268,5.880117068099953e-05,1.166575797717783e-06,0.0010784544978642814,9.800765177149396e-06,0.8238589136700917,0.02588581422500865,0.1470212640724122,0.001978330660461111,-26.922222222222224,3
23311764,0.0018428470181844846,3.5362823359084953e-06,6.491637216343687e-07,1.7587643269144894e-07,1.4447812827880837e-06,0.5969933372745237,2.4367727939100878e-06,0.00022019425659329883,0.4009353785741314,-30.46117647058823,2
23313183,0.008282261530318346,0.12603430858001358,3.294309717259963e-05,0.00023007163088646914,0.012773104383437109,0.8030588594817142,0.0001674439857365523,0.010358603458190844,0.03906240385253041,-6.455,4
23313233,5.086115021774993e-06,1.9344671883080263e-05,1.100251314187237e-07,3.7582556739277528e-06,0.9874771586082982,0.0006219520875414136,6.932755088641642e-05,7.579612831419962e-05,0.011727466557249561,-11.930434782608698,4
23313268,0.0033763200949432095,8.690451974459276e-06,1.1892277636528877e-05,2.196990531415032e-05,0.8942110854558645,0.08475800865896461,3.4367484708681366e-05,0.01038564920185274,0.007192016468741157,-17.506666666666668,5
23313694,0.00876042971945967,7.611779062103158e-06,1.5107000953375778e-05,9.180413180670544e-06,0.6301897994899252,0.34565877159152025,5.3514021792741856e-05,0.008406636882015863,0.006898949102090239,-17.900000000000002,5
23314537,0.004386453743115152,4.079368740006574e-06,3.3428203741099046e-06,3.1107383897785117e-06,3.7061939115871945e-07,0.9954059082561416,5.5161673730999956e-06,0.0001876956559847987,3.5226304903324344e-06,-26.857407407407404,2
23315121,0.7023311138075221,8.120324788748705e-07,5.062322115477202e-07,3.5527296317646426e-07,5.849485091919237e-07,0.2950145524423208,1.1808668470217974e-06,0.0022159528575185937,0.0004349415396286503,-28.695833333333336,4
23315185,0.11596653779926801,2.9134138130805346e-06,5.189405329136543e-07,6.992558776524836e-07,2.0661477010805547e-06,0.8710356019006165,5.999838795670255e-06,0.011696930000668375,0.0012887327027266973,-29.868595041322315,3
23315520,0.858900891013473,6.773602833702045e-06,7.409819779977709e-07,4.273360684629541e-07,2.076555130187039e-06,0.11251986196163827,1.1486872086274888e-05,0.023744599940241293,0.004813141736550982,-28.93541666666667,4
23315599,0.002223938554755419,9.133509006076951e-06,7.567144568895736e-06,1.845760560793968e-06,3.499429275569132e-06,0.9831245163203255,5.9444046188515146e-05,0.013887663879089625,0.0006823913562295037,-30.71489361702127,5
23315633,0.07054273472265846,7.024596676680839e-07,1.3586694977911486e-05,2.4282594264492255e-05,3.0262101835780916e-06,0.008000541236413986,0.7159003017021063,0.2054279171110729,8.690726865478327e-05,-33.02608695652174,3
23315648,0.0014023256762827339,8.512059861737908e-05,1.985833147128412e-06,1.2884304898849537e-06,1.8553619093242324e-06,0.37288968560816516,1.4147047407937588e-05,0.6254543911360222,0.00014920030795830883,-33.1875,2
23315667,1.9433861033956745e-05,3.330889466086083e-07,5.790918316702345e-07,4.2125894589486406e-05,1.160857274131953e-06,0.014627843826809699,8.841016131619307e-06,0.9852148705271848,8.481183619809202e-05,-29.927272727272726,5
23315670,0.0004966118834054573,1.2063226365320025e-06,5.817609129883372e-06,6.1245401152341025e-06,3.62145660530335e-05,0.8315934454830733,0.00010625693332843921,0.1638786058461377,0.0038757168161204715,-27.5625,3
23315707,8.381210386333117e-05,3.3833218848882603e-07,5.131008352891008e-07,2.1307639487802644e-06,7.962519814352486e-07,0.10239316709088243,0.0015420620496765585,0.8928804286558916,0.0030967516507322637,-29.735714285714284,3
23315783,0.0019969607898425563,2.398099844652934e-06,1.2830104244648475e-07,2.902289553909868e-07,3.0119203199535675e-07,0.9977611945933343,1.3504825195329085e-06,0.00022401818054892367,1.3358131880346365e-05,-29.446052631578947,2
23315825,6.218549670861802e-05,1.0921470454907025e-06,2.0399377751431643e-06,2.0700208451499763e-06,1.1829908003958394e-05,0.46337831346926217,5.895745409115018e-05,0.5357964698891664,0.000687041677101813,-29.480000000000008,2
23316652,0.000174511782246933,4.078581480334973e-07,3.849828394542514e-07,4.579814001209179e-05,1.6427820662686762e-06,0.1709786519318816,2.9549653590560692e-05,0.8283112782637231,0.0004577746054918037,-30.567999999999998,1
23316765,0.0335044756028884,1.6928210456236762e-05,0.004148362572625315,1.7473061595661375e-05,4.2837062106356594e-05,0.5412573651918741,5.90448186980174e-05,0.4184808514907971,0.002472661988958736,-27.498305084745763,3
23317106,0.028514052788834676,9.339653050538053e-06,0.0021679561003600583,1.1884132110444468e-05,0.0006162930482671027,0.9287752872766256,9.767432135841606e-05,0.016776264606877502,0.02303124807251555,-26.930555555555557,2
23317831,0.00010838468115528121,0.003632611182947721,0.0010224227132017937,2.5282553328532197e-05,0.01546691365821233,0.5309240781256234,0.0662438900403008,0.38240832671997255,0.00016809032525777967,-16.49,5
23318041,2.6853516115504323e-05,3.1590342645928463e-06,0.00011251186492780125,0.03473381834452607,2.0569022627318563e-05,0.48302702025275995,0.0018795974665092399,0.45723685270935444,0.022959617788914984,-26.15333333333334,2
23318380,0.007032018582350827,0.00020886835678938872,5.842503929676488e-05,3.863187375662629e-06,7.034529071007467e-06,0.8800914762212715,0.00040323677890589265,0.11131602188668416,0.000879055418254703,-32.31904761904762,2
23318397,4.8026901031490945e-05,0.00022965821937966213,2.5667116218304054e-05,0.0006616526138043911,0.9664040969171901,0.0020149014009677975,0.00015159421861403065,0.0052433573209034,0.02522104529189069,-21.375,3
23318501,1.3061965544261861e-05,3.1078096217018866e-05,6.999681363290195e-06,9.96201630175418e-07,0.9594627912781128,0.0401425081295892,7.252811427928351e-07,8.352347874154022e-05,0.0002583158876589655,-19.69090909090909,3
23318668,1.0431016317056293e-05,1.4405787742712118e-06,0.00021727388440447818,0.8417845173397929,9.78044556860883e-06,0.09176079946920236,1.097520383354296e-05,0.06394579865137658,0.0022589834107301122,-26.403125000000003,4
23318794,0.002599523035592921,1.121523791586949e-06,3.4900674168963407e-06,1.9019535874917306e-06,1.598182308766178e-06,0.9145711713875767,0.00017432129558364378,0.08201627124092256,0.0006306013132196604,-31.903846153846153,5
23318988,0.001551607410415069,2.5817945425647286e-06,7.262285887694591e-06,1.2170000971410502e-06,3.746999322310259e-06,0.9249729660651341,0.000746961850916453,0.015734114386646243,0.05697954220703851,-30.39122807017544,4
23320439,0.00154984445118741,8.44910958040791e-06,3.117293775027295e-05,1.2975627403801882e-06,6.209755621453561e-06,0.9592702409363016,3.762042076168824e-05,0.038664510809551245,0.0004306540165054902,-28.684615384615384,1
23320511,0.03633664908662013,5.7713044977270844e-06,4.254502409706745e-06,7.188236009029277e-06,3.969135349899626e-06,0.729963823836628,3.2993622132709614e-05,0.2307443259897743,0.0029010242865784713,-29.129268292682926,4
23320531,6.734233573823351e-05,1.1983468184939621e-06,5.378494533975362e-06,4.299114545205471e-07,1.4844284690698401e-05,0.9981286468700179,0.00021021951980181727,0.0007143655249918665,0.0008575747119525215,-27.378431372549024,4
23320850,0.0014438611190366447,2.959646210174328e-06,6.344323979127824e-06,2.531048999891751e-06,3.3012247754451565e-06,0.9131777006881874,4.6948573222961826e-06,0.08528055680005295,7.805029143608807e-05,-31.996296296296297,5
23321870,0.006074721565380403,4.348061829910174e-07,2.425821145301194e-07,3.7146881176330777e-07,6.722750684517258e-07,0.9913820875441063,4.78085980406424e-06,0.00024995300771868325,0.0022867358908127767,-30.139766081871343,4
23322062,9.801104172518777e-05,0.01376702743201341,0.0001626951033676253,0.013234025955551044,0.3986941326613578,0.01240976125888378,0.0037183806251562136,0.37800631651617744,0.17990964940576748,-16.054545454545455,1
23322278,0.002212794308705151,1.1986090481536363e-05,0.00012965858085884686,4.1411599929153084e-07,6.036074689104476e-07,0.9954492961592306,2.676854554028014e-05,0.002055866592906858,0.00011261199880867823,-27.966666666666665,4
23322614,8.582128709105159e-05,4.44721850955895e-06,2.070003620440976e-05,0.16822633876684825,0.007360142462158478,0.3835098831207396,0.05559201966746924,0.37871960727488124,0.0064810401660980324,-22.41923076923077,4
23322726,0.011925991639094382,1.7080398973137533e-05,1.2324395318730061e-05,3.1455368026163427e-07,1.5936389774085286e-06,0.9856362765192359,9.419950926529642e-06,0.0017307689749111925,0.0006662299288824135,-29.794736842105262,4
23323150,2.9578880573614818e-06,6.808107559138562e-07,3.983202274251738e-07,8.986239378829262e-05,1.073291468240423e-05,0.010809358853200567,0.9826564870376508,0.0035416386079464477,0.002887883173690742,-27.18,4
23323694,0.004404260601131176,9.171669580909985e-06,1.3862688873269957e-06,2.906392308371074e-07,9.597066855849894e-07,0.9950482963506331,3.988081749618109e-06,0.00045767948207118853,7.39672000304159e-05,-28.80588235294118,1
23323868,2.2866214640723377e-06,0.00019997497273151898,3.688758876228117e-07,8.52075157323013e-05,0.974061168562934,0.0005334552772945729,7.422396653158865e-06,0.024705263274928148,0.000404852502374614,-18.77638888888889,3
23323869,0.001147544089149117,1.8502524210946246e-06,1.0962125124959979e-07,1.6288994965644876e-07,3.149341655894761e-07,0.9976666326297474,8.251286606025592e-06,0.0009175420566274447,0.0002575922400822454,-31.325438596491228,2
23324323,4.9714451065018665e-06,0.0006120775000857629,4.157169284469311e-06,0.4039190180301314,9.368869276791308e-05,0.07238568460363036,0.00043748842571280093,0.5200908608672327,0.002452053266048211,-20.503333333333337,5
23324638,5.0782424816442274e-05,1.5798069687131636e-06,5.998597144870367e-06,0.0013334848152965174,0.002040404270807821,0.7595630299660312,0.2196332279403476,0.016510158679255513,0.000861333499331345,-27.11111111111111,3
23324991,0.0005830190293297489,2.1011331965623917e-05,4.613603076781325e-05,0.0031417973332125418,4.964123870174045e-06,0.29792071841820383,0.0022025613282879875,0.688884146336941,0.0071956460674213,-26.848,3
23326769,1.6977065728993822e-05,1.0910410592858005e-05,8.622061583462042e-06,0.004337656409363589,0.0005789507602940824,0.9252927888880542,0.001833493615910649,0.04722767146299009,0.020692929325481942,-26.71111111111111,3
23327061,1.1729590825635997e-05,0.12122076847315671,0.00015645631912541194,0.012843006805255809,0.7965608214546491,0.01401200760279548,0.0005962160647087697,0.050265663332629086,0.0043333303568539195,-19.823529411764707,3
23328266,9.724155026295768e-05,4.4540259221318087e-07,4.088305379302649e-07,8.139072422549778e-07,6.37115133025113e-07,0.017705236563843502,6.296752378564266e-05,0.9820760989718833,5.615013471912002e-05,-31.829411764705885,3
23328320,0.0022152763103866933,1.8550137082762572e-06,3.874327475538291e-05,3.499814849626911e-05,3.3217985877034454e-06,0.004098126704670987,0.0003860887335384331,0.6773927967553446,0.3158287932605116,-30.400000000000002,3
23328750,6.221069378110539e-05,4.7588217348589086e-07,6.308438137713804e-06,4.509242457661177e-06,1.5842629987349326e-06,0.8831851268622221,0.00022876264425673997,0.11639067888148939,0.00012034309248319494,-26.895,4
23328854,0.005611205361744752,2.4331379396657282e-06,1.655531298608142e-06,4.5444568639712725e-06,2.71169105536144e-06,0.14127913679737972,4.5397669589386364e-05,0.8521069696035628,0.0009459457505657135,-29.3875,2
23330624,0.91531547109783,4.861914058280557e-07,4.233175682515084e-07,9.668521783486207e-07,1.1102901079833265e-05,0.08370715299234645,2.2323237923764546e-06,0.00025393302299357696,0.0007082313008053812,-31.21176470588235,2
23330951,0.15122984206180692,0.0007004797717411691,8.690140734922486e-06,1.173403259880993e-06,5.155400021095987e-06,0.8293884749850835,3.663752425250058e-05,0.018076237374131835,0.0005533093389681103,-30.047619047619055,1
23331170,3.862462227536653e-05,1.8069525353269648e-05,6.791442162194068e-06,1.211152852951008e-06,5.59663768017077e-07,0.9957298585324517,2.5097165175530113e-06,0.0031563861367087296,0.0010459892079100607,-26.911363636363635,1
23331558,0.00020364413517234674,5.611167068287162e-07,1.0117443333638184e-05,2.339224152761651e-07,4.603353904422254e-07,0.9964575818108724,6.863645118312607e-05,0.00320794374934498,5.082103558083896e-05,-32.015,5
23332464,0.0003928115039904166,0.0016417510065812823,8.131364587408238e-05,7.761332214287764e-06,0.03244318543133986,0.16904544648116973,2.6303003089567538e-05,0.0013557574292794887,0.7950056701664612,-18.708333333333332,4
23332601,3.403192999872632e-05,8.190545979739594e-05,0.000534868947977329,9.828019813693854e-07,0.9564295064915801,0.04206426119712418,4.1264353255104925e-06,0.00030753519887647416,0.0005427815373388465,-18.1,2
23332917,0.00280794950611551,0.0001077478116659249,5.567950075859377e-06,8.055472665511373e-07,2.275213138492813e-06,0.9767374178111949,1.0252880982969862e-05,0.0188864556660085,0.001441527613551221,-32.54827586206896,3
23333040,1.39208806373465e-05,0.00014147243682589313,6.863348800772426e-06,2.3046155375627503e-06,0.8778759333148191,0.11116266946234898,2.2901987967001473e-06,0.010700296273774447,9.424946845918767e-05,-18.682051282051283,3
23333228,9.619236415813196e-06,3.2999890065617085e-06,4.07850095569581e-05,0.3732600555553111,0.001073877767645425,0.14666474769482304,0.001156961042498343,0.47737814175289806,0.0004125119518445347,-26.015789473684208,2
23333725,0.036403169707284036,2.9674859984552277e-05,1.6885580577960245e-05,2.1621172229980856e-06,8.971070041528781e-06,0.9209488356218067,0.0001343849047180615,0.04133554795769052,0.0011203681806736426,-29.396666666666665,1
23333737,8.244044225735386e-06,3.135499919769114e-05,0.0002759239442779164,3.480702251690702e-07,0.00016702815007883166,0.9922555873508466,0.0022026574487250443,0.005048275953749436,1.0580038673411137e-05,-24.46153846153846,5
23333831,0.003703971832558062,0.00011307274608471333,4.512103740119061e-05,7.688442974565688e-07,1.2967630479294653e-05,0.9836682412210296,0.0001378777356591972,0.012229759377666584,8.82195748240347e-05,-29.319047619047616,1
23334139,1.1207853227863865e-05,8.650121035694651e-07,2.673464106675581e-05,3.0989183640433564e-07,3.4326417453728886e-06,0.9864336551767247,0.00014426697032213052,0.012948913151021792,0.0004306146619514522,-25.776666666666664,4
23334486,0.00028321451913240395,0.00024906508944477605,8.909422058306589e-07,1.7981375659466773e-07,1.582191110261055e-06,0.9988162112850895,8.865218345525174e-07,0.00048346672449124065,0.00016450291293495262,-23.985714285714288,4
23334648,0.0007393418466498207,1.455066178155717e-06,2.0807517104242986e-05,7.441718210444156e-07,2.918995813222958e-06,0.9983471666228675,0.00035641116345077695,0.00048222108578833815,4.893353032700164e-05,-30.249019607843138,5
23334740,1.392898216273402e-05,6.941581829307301e-06,5.131581966264537e-07,3.0226798139254297e-07,1.1673129701363747e-06,0.9998738288877886,1.318913462961466e-06,7.880466974540678e-05,2.31942258631427e-05,-26.23448275862069,5
23334786,0.01341016999804368,0.0036151655490330213,2.1888700578617777e-05,1.6175858470147974e-06,6.835236439520909e-06,0.9421237687764413,0.00012234627278490183,0.040093749432804596,0.0006044584480272073,-29.99,3
23334803,1.6580360884958226e-05,5.40338614229469e-06,1.6920430930841176e-07,1.423417034370218e-07,2.493943788769364e-07,0.9989303967310402,4.137429247130748e-06,0.0008561747556873018,0.00018674639660656842,-27.16551724137931,4
23334820,1.082786197609103e-06,2.3993766666928207e-05,1.60590271396563e-05,6.885642173216712e-08,3.512469276529839e-05,0.9997981775486967,1.8128153581707495e-05,2.4437236857641942e-05,8.292793167259544e-05,-24.701219512195124,1
23334836,0.01679063279721842,1.2895574001763802e-05,6.83461788101045e-05,8.485949285291779e-07,9.641280211475056e-07,0.9827028278040736,4.1598085669394624e-05,0.00025497819346950745,0.00012690864380736095,-28.01272727272727,4
23334986,0.00014581553171277747,3.24252766649939e-06,2.8471322536877596e-05,9.812675987778022e-07,1.8368850809166017e-06,0.9979480449291527,2.7927771971383492e-06,0.0018575732112709388,1.1241547783380567e-05,-26.969642857142862,2
23335067,1.2948683613964095e-06,2.4273304096014245e-05,5.155659339170846e-06,4.836657364198971e-08,1.0272132746056774e-06,0.9999456940051659,6.908317418692448e-06,1.0060863687372398e-05,5.5374020832584405e-06,-24.67826086956522,1
23335123,0.0005382125019156111,7.172853313018722e-07,2.277175520888472e-07,2.41143246888256e-07,1.5543751932082786e-06,0.9923691475820929,1.1981221072420704e-05,0.007022291953575244,5.56262200203974e-05,-29.181395348837214,3
23335367,2.5510369139881276e-06,1.285632791866422e-06,0.0005297213158201057,3.9070722594974456e-07,5.7259175704659694e-06,0.9976457170671184,0.00013311042880661677,0.0016563578182227246,2.5140075529881445e-05,-27.46619718309859,4
23335559,2.457269213898563e-05,5.845505660904617e-07,1.4924120628153306e-06,3.539693115737121e-07,4.93428746541157e-07,0.9991588866549883,9.809316892385923e-07,0.0007870606588707568,2.5574701625704987e-05,-27.436956521739127,2
23335670,0.00027996336689524605,4.466880930133582e-05,1.3595375573552985e-05,3.311486347267151e-07,1.2535228496767574e-06,0.9992009137207032,8.088316225884838e-06,0.00016787006230939734,0.0002833156775068583,-29.559090909090912,5
23337690,0.005010181838121751,0.0012228262008071508,3.5408776937735805e-06,2.0066683104603193e-07,3.738734208588619e-07,0.9934800587758564,3.643484822449783e-06,0.00018922450345234502,8.994977899417753e-05,-29.732653061224486,3
23337712,0.0003226006993538887,0.000574689745045653,2.458636323542507e-06,3.7704319879760953e-07,1.484156888777722e-06,0.9984151121887573,4.915627426810159e-05,0.0002249402254944219,0.0004091810306695506,-30.678947368421056,1
23337743,0.00019915577263406782,0.0010736833487411152,5.983407473693209e-06,1.3220781148066956e-06,4.497332610723736e-06,0.9868375230056116,0.0016930173042196046,0.008990798792533864,0.0011940189580604997,-30.22702702702703,1
23338265,4.6855709917848734e-05,1.7295989581884294e-06,1.9042553177107764e-06,8.751657559310462e-07,4.5575598297888525e-07,0.9991293952102774,1.1203682129250495e-05,0.0007985278083951956,9.052813265607484e-06,-29.40833333333333,2
23338360,8.632915258625194e-05,4.6887980788038983e-07,3.869126085496009e-07,1.975837662325401e-07,3.522916746000777e-07,0.9994126343339922,7.743601898532363e-06,0.0002680898009741261,0.0002237974426916869,-29.857142857142858,4
23338636,2.8722313210701512e-05,1.3273692996547598e-06,3.671574149857205e-06,8.076373278761698e-07,1.7087479608193377e-06,0.9988671198507422,3.8858324240462855e-05,0.0008108697153927815,0.00024691446767577174,-29.444444444444443,3
23338691,0.017240694121763264,3.0680921268823855e-06,2.4977483669209647e-06,8.848553151692097e-07,2.241440484371626e-06,0.9751019691626958,5.439060104795682e-05,0.0019890716749610296,0.0056051823032385465,-30.674712643678163,3
23339038,3.7013054452297766e-05,6.44751031685612e-07,1.0323159699434955e-07,5.285992038482217e-07,4.6102006860448857e-07,0.9966289739444484,2.9591694015801026e-06,0.0033066337018951555,2.2682527901743167e-05,-29.71481481481482,2
23339085,1.5869210450265728e-05,1.6745357989296711e-07,2.6341217790775465e-06,1.9561423280697333e-07,2.886966755675952e-07,0.9979534364685465,3.968926013325819e-06,0.002007232045922148,1.6207462800323925e-05,-28.485000000000003,2
23339117,4.589207837279805e-05,9.33880854121054e-07,6.056599498040577e-07,1.344229499280602e-07,3.0319026898687853e-07,0.9997699994545607,6.839884388563796e-05,8.869739627699191e-05,2.5035072880966785e-05,-27.754,1
23339150,0.2886419395675954,3.210116801465547e-07,4.149256121140913e-06,2.5331361345612927e-07,1.2361151578260593e-06,0.7106106735384292,1.512870034114325e-06,0.0006944249822892586,4.548934507955093e-05,-30.076250000000005,5
23339214,0.007509587456394653,2.66271242499703e-06,2.661755028533513e-06,4.7117884783849937e-07,1.1175257239600224e-06,0.9911650926286841,0.0002658652398797297,0.000976691597493987,7.58499055222005e-05,-30.44464285714286,1
23339264,0.00030524574920480225,2.2996288617158006e-05,1.1483929792694176e-05,1.1295155049234555e-06,1.0829576667887137e-06,0.0014007383370664697,6.924280025021055e-05,0.9981662795320182,2.180088987877089e-05,-32.34444444444444,5
23339909,7.958665086475869e-06,1.7322231910715987e-07,5.583272059587002e-07,1.5973270753778205e-07,2.7328757403668767e-07,0.9968003661016438,1.7882439683455017e-06,0.0030974569350157174,9.126548447877948e-05,-28.769523809523808,4
23340251,0.00180331425012749,0.00027848077841409463,1.7961106448824435e-06,1.205668226163822e-06,2.275421386445826e-06,0.8530606510307289,4.570263910877114e-05,0.14358607622131328,0.0012204978800498742,-29.61818181818182,4
23340770,8.291863699726033e-05,8.243252134652774e-07,3.763277656575463e-05,3.793741019681918e-07,1.0626658683334723e-06,0.99856226819552,6.838683096883139e-06,0.0012552378893007803,5.2837453335568936e-05,-29.941860465116275,5
23340965,3.2743543309768026e-05,2.7641922579782035e-06,1.5590212932450122e-06,1.2652545073150765e-07,1.6853475784883878e-07,0.9977742504560918,2.3338170331908266e-06,0.001836620938817306,0.0003494329709881669,-31.40357142857143,3
23341205,0.00011860058680340204,7.76565494709799e-06,8.203686596700615e-08,1.3357297046743645e-07,1.4143717833255111e-06,0.9982144002094671,6.189072756411541e-06,0.001632366806320028,1.9047688086295115e-05,-28.655072463768118,3
23341564,0.3395694029903812,0.00039283439155003334,0.001052895293353443,1.7480057929485853e-06,3.1656964925198e-06,0.6508584583275732,0.00015249392592516048,0.007305341748630524,0.0006636596203009366,-30.06067415730337,4
23342231,1.6034073230146657e-05,7.272934727284163e-06,2.3597562070087396e-06,1.8338150434480942e-06,2.859818395473884e-05,0.8627841823940066,0.06033786363450227,0.07676573987515672,5.611533317157733e-05,-26.47333333333334,3
23342295,1.0434579689896619e-05,3.002564451935367e-06,2.945573404975085e-07,8.898721098166552e-07,8.673435616963421e-06,0.9876102694366692,0.0013861210423711005,0.010895073898362542,8.524061338811819e-05,-26.2551724137931,3
23342308,5.3536984048501495e-05,1.4728223044544003e-06,0.000319991617577268,6.888376068090233e-06,0.00017678741267571603,0.49836929073130093,5.256446716752649e-05,0.500626703137648,0.0003927644512095131,-27.37391304347826,4
23342317,0.00038080270874551905,4.551947575295837e-05,2.807792480293773e-06,1.2318376508356774e-06,8.570850637586725e-06,0.5556348591198524,0.014042203204873439,0.427793097939136,0.002090907070870994,-26.495833333333334,3
23342480,9.090434276342613e-06,8.252386554948087e-06,0.0005232803393102256,5.25390038664664e-05,1.9525327441602123e-05,0.20699345046983858,0.7540244253172783,0.0355931392628219,0.0027762974586116374,-24.384210526315787,4
23342595,0.001852306029511177,8.663147825839526e-06,2.5805378747829787e-06,1.1427552984860484e-06,0.0009549638329214077,0.9121380034078225,0.0001431870534008685,0.08261059667307243,0.002288556562272412,-28.795081967213118,1
23342691,0.00013518015033494611,1.6830467439289949e-06,8.674971148118102e-06,2.0589289370041616e-06,3.7898658449908576e-06,0.8744511691189961,0.000203263292158008,0.11481103534177545,0.010383145284061155,-27.89852941176471,1
23342693,0.014585531346438696,8.890146375972503e-07,3.1424027012509938e-06,4.3094139131735544e-07,4.6228021528343395e-06,0.05000710986551195,4.887442560018138e-06,0.0004019616728223728,0.934991424511784,-27.607142857142858,2
23342760,0.00950055770100529,4.2256103179673054e-05,3.121002482127025e-06,3.552897488945937e-06,3.1216374085047957e-06,0.29231315530112995,0.00021755875489544197,0.697429093330335,0.000487583272075162,-28.561111111111114,3
23342852,0.007040887946064323,2.418205124491221e-06,9.627439359912343e-07,4.036651712543263e-06,2.749666232634275e-06,0.08756946721224505,0.0010986694377393407,0.8967459276668375,0.007534880470108136,-29.3,4
23342853,0.23712334075892977,2.2441403121388024e-06,3.734725591353739e-06,1.0378170241515898e-05,1.6793133142275306e-06,0.003925620932276162,0.00021036293354459475,0.7576744896803094,0.001048149345480999,-33.053333333333335,3
23343593,0.0010465139315790988,6.165589995584431e-06,4.408147587128061e-06,4.6534930510796064e-07,1.4420903951123438e-06,0.9314236584073449,5.055485917333886e-06,0.06743698564838968,7.530534948610314e-05,-32.08695652173913,2
23344484,1.18513156358161e-05,4.0052562976688804e-07,1.264200054886329e-06,2.656125910258022e-07,5.577397870862406e-07,0.9685059699245865,6.931295536199619e-06,0.03145184034546259,2.0919040716124287e-05,-29.915217391304346,1
23345579,0.1637585201427183,3.0847756204971725e-06,0.00012412494305308753,6.73232817513492e-07,1.5629812620059382e-06,0.8314741973292277,0.00015494167884782032,0.003970509386178346,0.0005123855302746072,-31.073170731707318,1
23346345,0.0001520795575485886,9.69862516969373e-07,2.7894488491355032e-06,7.814665840972525e-07,5.6478300968913415e-06,0.9993644730525997,2.9290166237264154e-05,0.00040681076755329985,3.7157848013988475e-05,-26.775,1
23346764,0.01373857267310597,5.590642522496994e-07,3.316883196364939e-07,3.0099482075620075e-07,1.413180897421838e-06,0.9771788040538723,5.6070814272852745e-06,0.008835131836947957,0.00023927942635632176,-30.145,2
23347341,0.000350042380156858,4.978136906185624e-07,1.1439711751692962e-06,1.0189734967425115e-06,5.377938515037701e-07,0.011045002988336213,1.0103744984726017e-05,0.9885869626035072,4.6897308008622364e-06,-34.60526315789474,4
23347553,0.518957844477889,4.867717721139225e-07,4.481111828720198e-07,4.453140229911809e-07,1.2891732009087675e-06,0.4625332243510414,1.4520315966891338e-06,0.018403158062512772,0.0001016517067810829,-31.62272727272727,4
23348106,0.003533848819277651,2.5154704941048815e-06,1.9382967005093184e-06,2.1174915760807476e-06,4.2445317532807926e-07,0.9694754848714604,1.9502486637456647e-06,0.026954133345533534,2.7587003118618857e-05,-31.72982456140351,5
23348278,1.3739005287214597e-05,1.620236248535231e-05,3.1776380941489658e-06,8.688332252129516e-06,4.292445627603251e-06,0.9254662359392741,0.06684149543765905,0.005630999693459198,0.002015169145861096,-29.13157894736842,1
23348385,0.06975598516590666,6.374637905306739e-05,0.00011610576980542087,1.477412017145387e-06,1.4806150299531963e-06,0.8517198103261394,9.035153806131152e-06,0.07826062695982626,7.173221841607137e-05,-33.47,3
23348484,0.00013887924116170913,1.742142817343546e-06,2.0971110428668796e-06,0.0005646945574449395,0.001223954334644742,0.9912211296241172,0.0012049452843142128,0.004962103376470639,0.0006804543279864239,-29.575862068965513,5
23348626,0.0068049170724314755,3.165054102061668e-06,3.863479574834902e-07,4.786119182974884e-06,1.6611284082778158e-06,0.9833781840562582,7.412251770712107e-06,0.009780395828941184,1.909214094764547e-05,-32.52714285714285,2
23349941,0.00022771635905412084,3.8057930679470324e-06,1.62976361876228e-06,4.977913570717449e-06,5.639251871123216e-05,0.9750140525280918,0.00015201519815395082,0.0001239630732013883,0.02441544685252997,-27.332000000000004,1
23350380,0.036788902530363536,9.147229718183922e-06,1.3093973002742955e-05,1.381683640959917e-07,3.1645222899355656e-07,0.9628278065197055,8.798625040313615e-07,5.638994969247222e-05,0.00030332531442053904,-31.61958762886598,4
23350428,0.004546147057920496,1.6716533350263416e-05,0.0005459482888361119,5.70053830299845e-06,0.0046281289152445525,0.9656232727103177,3.11986762406488e-05,0.0021558421835393693,0.022447045096247908,-25.91111111111111,4
23350467,3.891039741594263e-06,2.945518023128263e-07,1.3160585885727456e-06,1.1592429307568081e-07,9.144313243438398e-07,0.9996056839267979,2.8144306129341886e-06,2.1204721189726782e-05,0.00036376491564957714,-25.973809523809525,1
23352136,0.0005498895916849375,1.8551852239302657e-06,3.9581400601855947e-07,2.2433753993566174e-07,9.058996703258334e-07,0.9979569841181906,6.797930085266838e-06,0.001460845963390234,2.2101160208916724e-05,-28.686713286713285,1
23352834,0.3843989999700687,1.1171317797542117e-06,1.4766895943950125e-06,1.061051022381209e-06,5.542576666452988e-06,0.04756289670095292,3.5103900113607834e-05,0.5679923277440118,1.4742357900583426e-06,-33.17333333333333,5
23353533,0.005579432155585279,2.680160063641779e-06,0.00012704512174909133,0.00010068882767373557,2.4557309725457682e-05,0.921284814601032,6.240793021112619e-06,0.07129028265633988,0.0015842583748097996,-27.589393939393936,4
23353592,0.046168507172277724,9.732244657853552e-07,8.772722882613251e-07,6.072372853892756e-07,2.0605167807384237e-06,0.9509669256459397,1.5131120018100127e-06,0.0006360919879085729,0.0022224438310521717,-29.21028037383178,4
30987798,0.0010428367128526024,8.687051323669991e-05,3.0945432026605115e-07,4.986563467323813e-07,1.6850508057383196e-06,0.9973649516844754,4.306126479113294e-06,0.0014822607324857123,1.6281068997760927e-05,-29.08780487804878,3
30988957,2.2061139875722822e-05,0.0017793266367669217,6.983427522826021e-06,0.0007082508282801351,0.487905829940015,0.17893897472008205,0.0029074201887609036,0.0672002780146663,0.2605308751040301,-19.36060606060606,5
30989948,7.706986505310137e-06,6.99978885191164e-06,5.023607628190052e-07,8.39360717699904e-08,1.6837376248386623e-07,0.9997338250826147,3.485660897646851e-06,0.00023516295132204764,1.2064859211272993e-05,-31.0,3
30989952,3.083357555624837e-05,5.743983749424807e-07,9.026709958371018e-06,3.298167122941547e-07,6.622425207785124e-07,0.9933022086749309,7.910473559078231e-07,0.006650963701004023,4.609833586472487e-06,-30.111538461538455,2
30990437,0.000149632443706017,0.004889790069897792,3.564946279838124e-06,4.798598307454987e-07,5.719146948813503e-07,0.9817804370050053,0.005395229641207998,0.007437480170502198,0.00034281394887502497,-30.782222222222224,4
30991177,0.00014368369777037864,9.048402744270376e-05,1.1220530722555863e-05,0.004883379400552405,0.000260105202110229,0.3816886508992716,0.08817917988935929,0.5225345680340774,0.0022087283186933457,-20.676315789473687,2
30991797,4.732470368060576e-05,3.2955818851597704e-06,0.001170637370738652,2.190727331030634e-05,0.0012834432913249102,0.15948398162377903,0.00018780757534035558,0.8327994354327025,0.005002167147238334,-23.285950413223144,5
30991896,0.0022670312402278477,5.406616258746599e-07,7.981825551514644e-07,1.4085307943134856e-07,2.018943476582546e-07,0.9972749242536594,1.0450140136169998e-06,0.00031532959613827784,0.00013998830435277986,-31.069318181818186,3
30993164,2.315446026466191e-05,2.557595482425335e-05,2.0850523706667136e-05,0.0031081392737442185,0.0005732011158073489,0.9707559039185347,0.006249423781632955,0.018902550917114548,0.00034120005437063213,-24.92058823529412,4
30993289,1.648830830852091e-05,3.761529761152286e-06,0.00032520813870401047,4.131202307419733e-06,0.01714088884518506,0.17624037844667392,1.5677180517825835e-05,0.8050848785918029,0.0011685877567391746,-18.78787878787879,4
30993291,1.966401162182486e-06,3.9500069150673265e-06,1.4188946121991815e-06,2.0839618247943474e-07,0.9335786837786215,0.05962466739705815,0.001553497114029978,0.002753736270639793,0.002481871740778716,-14.227272727272727,1
30993300,2.1305723255910734e-06,2.4773427431967913e-06,6.714006961597028e-06,2.7514492627847716e-06,0.8802830705396353,0.03584446979089961,5.318829368285599e-05,0.08374936446304757,5.5833541441609435e-05,-19.04375,1
30993344,5.8647415876923986e-05,1.2736074571470438e-05,5.03170159098152e-06,0.0002308210614710819,0.00951722544792389,0.9299021450123937,7.58636201812704e-05,0.058412104222533026,0.0017854254434575597,-23.109302325581393,2
30993401,2.4898681974313936e-05,1.6384546170373276e-05,0.0011841920811364055,3.482826714232415e-05,0.2346925567690402,0.3511008554250011,0.1507977879211769,0.25933452476943514,0.0028139715389231754,-18.395238095238096,3
30993575,2.2249162436271494e-06,0.00040019259191505924,2.316393946537662e-06,7.207325085387691e-07,0.2539122445158374,0.0023747170612793277,0.7422299505250365,0.0007934171592127658,0.000284216104020334,-10.805,3
30993927,2.676807255748758e-06,1.5148218184163685e-05,2.2008141223418976e-06,1.1873647011517295e-06,0.16591187874183697,0.04214483323897898,0.5112750655738816,0.007851338562310163,0.27279567067872884,-12.248275862068965,1
30993943,0.002235915684881587,1.031279884236426e-05,4.1880847837191896e-06,2.319689805511428e-05,1.2075139320425328e-05,0.7679483629084872,0.0047840892795143215,0.2145081188538838,0.010473740352231496,-33.78249999999999,3
30994263,0.0009419008682562404,1.8785122325557654e-06,1.1314589049391674e-05,3.4783748004642936e-06,1.6804593040972243e-05,0.8783377830813899,0.009777844454084535,0.09999207658263018,0.01091691894451585,-29.06666666666667,1
30994427,0.0005009768039436096,1.8446331015961786e-06,0.00011807630404108234,8.67942545395964e-06,1.0098101754842783e-05,0.8143298193506355,0.00010978122177047645,0.18364610667800577,0.0012746174812930764,-28.21944444444444,5
30994843,0.0007830151111333048,2.604200924086014e-06,0.00021236475491880966,1.0292677246788888e-05,6.216274115798701e-06,0.2927057820669522,0.00033195811671277305,0.7057605218323032,0.0001872449656930247,-30.141935483870967,5
30994857,0.00011308442179131179,1.1230719834949974e-06,4.602696161598584e-06,2.47389748591705e-06,4.331750417328668e-06,0.36198921934099154,8.849640426053902e-06,0.6375039867652947,0.00037232841544808956,-28.115789473684213,5
30995015,0.005234809602296425,1.946604334468446e-06,2.5784202494632277e-05,1.2688235213776426e-06,7.804883787378767e-06,0.6272421949812754,1.8484565116583182e-05,0.3639678577408374,0.0034998485963363265,-28.182500000000005,1
30995049,0.00030810969168714787,2.5369910166760475e-06,1.5492865762167116e-06,4.6523720665449545e-07,5.74218618443502e-07,0.9680228546329617,2.470421898375249e-06,0.031642152279596145,1.9287240438902024e-05,-28.797500000000003,5
30995988,0.000928279779227805,6.995530550921464e-07,1.1212611119798502e-05,1.254694856529954e-05,1.0080494017005967e-06,0.8959028562733857,7.848712391954284e-05,0.10290366848693686,0.00016124117438832172,-31.721153846153847,2
30996612,0.00022484179483199136,2.684473985202847e-07,1.1277948023975435e-06,1.8229165409535782e-07,7.335114413965594e-07,0.9828984113014853,5.651270568734823e-06,0.016861352814567864,7.430773249915661e-06,-28.553424657534254,4
30997640,9.875540787067934e-06,6.237872545928583e-05,0.0020840287865691596,0.0024892098984468335,0.004951321952190835,0.04761203221008812,0.8574540543491856,0.015484342667766724,0.06985275586950619,-25.125581395348835,2
30998659,0.006113884969489815,3.071550529655965e-06,1.0336319574706023e-06,6.925992356017756e-07,3.2345993494595607e-06,0.9859688238650015,2.201934437827579e-05,0.00034883919969675787,0.007538400240361174,-29.693069306930692,5
30998984,0.0033900466184538396,2.2637801407298437e-05,3.5916694250744595e-06,8.107394385765831e-07,1.2459971074449631e-06,0.99578199722482,2.2677862730711703e-05,0.0006292070767927592,0.00014778500982453758,-30.29939024390244,1
30999432,9.638687293100837e-05,1.0215739355456676e-06,1.7398242237139636e-06,3.8472332873099416e-06,1.3278117868459765e-06,0.7638542701003911,0.0040548610563618265,0.23152593867488275,0.00046060685219992414,-27.01481481481482,4
30999500,0.0006071023680369814,9.072401103132844e-07,2.1195240960290083e-06,7.592438982913645e-07,3.732129644420824e-06,0.9007046598994275,6.168438150370661e-05,0.09828403142564833,0.0003350037876345007,-28.97887323943662,4
30999505,3.4918712310831955e-05,3.849814546951021e-06,0.0006763348841291505,3.6003952346074448e-06,0.0010275672852208973,0.9429354882536365,0.0025694570719797115,0.052157246263464546,0.0005915373194767899,-24.7775,4
30999519,0.015698783159571104,8.028284530028458e-07,4.118683104045476e-06,5.680489168526781e-07,2.4196468837717372e-06,0.9416780638079808,0.00019618699409971752,0.041730657315984236,0.0006883995150063451,-27.185714285714287,2
31000620,8.447924631436448e-05,0.0023883430369057088,0.0005587205362662026,0.0002421294224832849,0.00031517169455910743,0.9224374596323592,0.04701667390031618,0.01844865638994353,0.008508366140852406,-21.976344086021506,3
31003122,4.545299868055468e-05,0.03533532552653436,0.0343118788376883,0.019842107213541155,0.0017702095349374039,0.7556186413721789,0.07593555967548545,0.043859676315071636,0.033281148525882355,-21.03333333333333,4
31004744,0.0009450656279179026,2.214013020616508e-06,6.187048608109921e-07,2.240819277519206e-06,3.198691262864378e-06,0.9720200993012417,1.4896847516681824e-05,0.026998435390277818,1.3230604624165048e-05,-32.824,5
31004766,0.004827366359387021,8.32154937151093e-06,1.929253269124908e-06,1.0042460794946118e-06,2.3106821805148824e-06,0.9879156487502709,8.52643207631184e-06,0.007061576958514202,0.00017331576885094152,-31.539726027397254,5
31007486,0.0036113976248940208,2.448122153303556e-06,1.745633014256902e-05,5.603190426455642e-06,3.029148091580913e-06,0.7344304704149154,1.2164731374635514e-05,0.26182474847645937,9.268196154277973e-05,-27.716000000000005,3
31008085,0.0015437080866623064,2.472233441850496e-06,3.487782816098366e-06,2.64957282958561e-06,1.4743065719474585e-06,0.9591644813284123,9.313287264695596e-05,0.03904065419354781,0.00014793962307108014,-27.05727272727272,2
31009170,0.0011776364177689405,6.890027776784758e-07,9.804434713149688e-07,1.2650817715897783e-06,1.7863763654025044e-06,0.9719366987018166,3.132877005638495e-05,0.026738566819703338,0.00011104838626862941,-30.572222222222226,2
31010423,1.401561428630285e-05,0.0013195947279342043,1.702485027973381e-05,0.0021945002490409067,0.0006071039700928112,0.9617350442711934,0.00824473818663911,0.00384293806053424,0.022025040069999245,-26.125,3
31013793,0.00012028870094843521,2.620069432600994e-06,3.6196971141584762e-06,1.5465147955569032e-07,1.037267976177461e-06,0.9985554366257987,8.322911258013277e-07,0.0012558727765548167,6.013791956970001e-05,-28.240293040293043,4
31015970,6.909371280500057e-05,0.0001023190426418757,9.053866948599073e-05,0.15290025573338445,0.00024679271175195383,0.6186524263819949,0.1597831205044525,0.053170494185882385,0.014984959057600862,-26.566666666666674,2
31016224,0.00011942770431022882,5.809971191549017e-07,1.881648003834542e-06,8.23773952307892e-07,2.5344655615630003e-06,0.9277913220081557,2.1865133890627407e-05,0.07120034117744915,0.0008612230915574115,-27.895774647887325,3
31020523,0.0004512326961412482,5.431458693860907e-07,5.237560156833597e-07,3.3363841875835124e-07,5.442037120589126e-07,0.9912139700513901,1.8217882281418126e-05,0.008174399485421065,0.00014023514075039672,-29.871794871794872,5
31022029,1.2845597333159157e-05,0.4228615288989027,0.011886138477752205,0.0454887105162494,0.014896697296708615,0.09452915916889422,0.009885168744498019,0.30551589377264127,0.0949238575270204,-20.34009433962264,3
31022705,7.114800929202363e-05,8.990939884053485e-07,1.2883213392029148e-06,9.207862794832879e-07,1.5189582963771458e-06,0.9547235233784742,0.0001286332118859742,0.0447150579891557,0.00035701025128864733,-32.58235294117647,1
31023857,0.0004033263944125335,2.8585087023207615e-06,1.9247642173836753e-06,0.00020535896125030865,5.097412134621621e-06,0.9348556589099162,8.873279813232133e-06,0.0639871133540379,0.0005297884155155292,-30.209433962264153,2
31027208,5.679182777250015e-05,4.025989636228659e-06,3.0488586507557117e-06,1.1515828620418487e-06,1.5621111927611345e-06,0.219631155454222,0.00031024423286449477,0.779545993473502,0.00044602646929717266,-32.25909090909091,4
31027350,3.757257802006268e-05,0.0018178031329128762,0.05348022822253628,0.00031856944859775036,0.0015212046641261412,0.5952421193404459,0.0006740721163369627,0.34248842045141886,0.0044200100456051675,-17.771895424836604,2
31028709,0.0003640477925566511,0.05556144336973264,0.0004332746680654553,0.00031895831228477854,0.005021339500510896,0.7880402948130667,0.0004918948315634507,0.14961679881000062,0.00015194790221887707,-15.85,4
31031859,4.4007392072406754e-05,2.4017459133394593e-06,0.01834339975149487,7.428978251990866e-06,0.0006264271515121384,0.9743305662711667,0.00014727594059780024,0.0026552561945396556,0.00384323657445107,-20.852941176470587,2
31032217,6.7501458357258745e-06,2.3374149422884747e-05,4.077898805287384e-06,2.6660945989402525e-07,1.4925986872028654e-06,0.9704177831131678,4.984073311430364e-05,0.01586198828296207,0.013634426468544672,-31.60444444444444,4
31033442,0.0016804555003370122,1.789263101630511e-06,4.159903381546628e-06,1.1927328533499297e-06,1.6148374632832645e-05,0.9496878147396002,3.882752756991088e-05,0.04771886590663342,0.0008507460518901689,-30.897916666666664,1
31034432,0.0001273221854200681,4.0286964967951387e-07,2.555957191236969e-07,1.0531730661488555e-06,3.9536578650432875e-07,0.1989346076695854,5.681394895740316e-06,0.8006563149029768,0.0002739668429004109,-31.55632183908046,4
31034668,0.0004213050051603752,8.704656437616199e-07,6.023558007513072e-07,8.954684491285282e-07,1.7338370799689252e-06,0.9785533176162569,5.287665341676793e-06,0.02090403956381878,0.0001119480224487258,-29.470786516853934,1
31036389,0.001024831464752515,5.534905695492938e-07,1.1481851857153145e-05,1.5984520418947438e-06,3.370798332445323e-06,0.9941070719829207,2.7967823145292408e-05,0.004700725329082504,0.00012239880729808335,-27.388235294117646,1
31036964,5.7494218370508676e-05,0.00013164211865141442,4.91806582878583e-06,6.065438984019584e-07,1.2989349011252785e-05,0.9907843881208153,5.25876426385934e-05,0.008892456590558147,6.291735022758624e-05,-26.216091954022986,2
31037057,0.000695503215155695,4.24730568687874e-06,1.156220608024329e-06,2.81123158771029e-07,4.3192003981894354e-07,0.9946918324880875,3.943674233070369e-06,0.004067504277556685,0.0005350997754734703,-28.158585858585855,3
31037548,7.67804701523039e-06,5.094781887474491e-07,2.9082367573793957e-05,4.03081545698041e-06,6.396461093101942e-05,0.970016045914182,0.0064417976393755,0.022978134705092138,0.0004587564221845246,-23.46,5
31037853,0.5626928947160607,1.2861458818929535e-06,4.4526792197445715e-06,1.2986668303319746e-06,4.259172807016332e-06,0.3158431945629784,3.620678453371988e-05,0.12083233778794361,0.0005840694837446154,-28.100862068965515,3
31038404,6.475343098739433e-05,8.789474956770127e-07,4.7278144204299005e-05,8.979257382901648e-06,1.1463253917229164e-06,0.8493995786466134,3.832323910631984e-06,0.14395389020863641,0.006519662715377481,-28.28958333333333,1
31038483,0.0006028087429236767,1.7135623137693524e-06,1.1902818986811496e-06,1.0406009308159132e-06,2.237588948408082e-06,0.8633614168332311,0.0007953073258342425,0.13516871986307655,6.556520084269629e-05,-28.76666666666667,3
31038683,0.012108683437631697,1.2139558388167954e-06,9.103125584259691e-07,3.486716105364591e-06,1.994490554847142e-06,0.8562867229372836,1.5062146282926138e-05,0.13005656677852656,0.0015253592252177674,-28.58470588235295,1
31039185,0.43969498696265347,8.11974251673502e-06,6.027961614764039e-05,4.963475974067409e-06,3.251964946747165e-06,0.46366451141498316,0.0003051425783678435,0.06674271171652765,0.029516032527882784,-30.43125,1
31039912,5.885403926848524e-05,1.8622675280812706e-06,0.00013414092100257026,2.081435072816355e-05,1.1000477695143248e-05,0.8592000854891452,0.04487687404022688,0.09547421264499471,0.00022215576941073258,-32.27857142857143,4
31040366,2.4285168992443305e-05,3.3136188003935224e-05,0.001959781699788755,1.2649108003566704e-05,0.2029732737857995,0.754306028108097,0.013145575851527008,0.01726307434163781,0.010282195748149927,-22.967045454545453,2
31041054,8.509639164930304e-07,1.486925911650709e-06,3.0259126819810275e-07,1.2650371063565643e-06,0.8632518987659465,0.0009562653052083909,1.8253267744540656e-05,3.521975971692903e-05,0.13573445738318107,-21.650000000000002,3
31041702,4.6129158549728114e-05,2.377237698309605e-06,7.481786598763617e-05,2.2757689283360673e-06,6.210903193600479e-06,0.42841675043487815,1.2276901608208627e-05,0.016188128260736713,0.5552510334684193,-28.24065934065934,4
31042788,1.5889229350995413e-05,1.4681828905863437e-06,7.400947470381127e-05,0.008646511590692596,7.953195591305725e-06,0.954037974374877,4.956358161123523e-05,0.03667091114705843,0.0004957192232239156,-25.752631578947373,1
31043329,0.0073761171922678715,1.0886272315465349e-05,3.994785480134052e-05,0.001987297506535284,3.3983381897665214e-05,0.8335563304417466,0.0002378268142399943,0.10080918907193505,0.05594842146426063,-27.95076923076923,3
31044379,0.05302617650071732,1.1685886489772643e-06,1.36115638445457e-06,1.3265942130556395e-06,2.399133414564995e-06,0.811372006745158,1.8637794478345492e-05,0.13520855946954863,0.0003683640174366063,-30.179569892473115,2
31044449,4.450693155587401e-05,8.527226445323525e-07,2.579128297378095e-06,2.3880396436518973e-05,2.4803575396783546e-06,0.9821244808203541,2.487315962741864e-05,0.017665864652560082,0.00011048183098420843,-30.915306122448982,2
31044757,2.297238374680321e-05,1.9606029017790146e-05,0.2515408773026146,1.7421912675790254e-06,0.01223167111019301,0.7258601395963195,0.00040657450871944405,0.004462423063185827,0.005453993814935565,-22.581818181818182,4
31044806,0.008232843022291629,1.5756519077294947e-05,0.0002211259829191881,1.4169809938614377e-06,5.729305816255477e-06,0.7296022078271852,2.5542075281547245e-05,0.1860603962579433,0.07583498202849144,-28.735802469135805,3
31044837,7.340633475115982e-05,0.00017565335066377046,0.0015496082651217582,5.540663093028342e-07,0.0020392222083414546,0.9939836341155078,4.684284528466041e-05,0.0020970072698634056,3.407154415647122e-05,-18.51739130434783,1
31044947,0.8743263663385523,4.2020610647163725e-07,1.5385585701921274e-06,7.558599374235749e-07,1.035806877403259e-06,0.03982036133924127,3.327836019796847e-05,0.08542349372326195,0.000392749807254894,-28.125490196078434,4
31045863,5.450959617641911e-05,2.8216762554829167e-06,0.0029985481457675315,3.4465551231111114e-05,0.0004561051450510287,0.49416441808614747,0.10451887284361305,0.39562758605332765,0.0021426729024304086,-23.468888888888888,4
31046611,0.0016897298423344262,0.001578079500671291,0.0004923355297577406,1.032583064115903e-06,2.264249606306926e-06,0.09488219963484994,4.4578071684352355e-05,0.9010713082552891,0.00023847233274262018,-26.774193548387096,4
31047154,2.922179169411539e-06,0.0002330700848634828,0.00035964084586579325,0.0010755074635417263,0.007322918784956199,0.07663360159715962,0.9056972383813029,0.006667043405400668,0.0020080572577402525,-17.038571428571426,1
31048127,1.0030161819461028e-05,8.893772417066019e-07,2.7079961990450653e-05,3.928185184509265e-06,7.749005491961364e-06,0.9598408917886312,3.4348086806586544e-06,0.04006641573492437,3.9580976035456196e-05,-28.54186046511628,1
31048949,0.685925006542188,1.2390695677256696e-06,8.728304439353035e-06,2.281667763831346e-06,1.4290655847364637e-06,0.1998502750658701,0.00010821423775525192,0.11284378512590666,0.0012590409209244518,-29.514285714285712,4
31051610,0.008633175974842653,2.748503420119389e-06,3.321595708434731e-07,8.956371220562932e-07,5.169545904520649e-07,0.9789312360530847,5.0410868014446894e-05,0.012175767747488369,0.00020491610186641003,-30.155555555555555,1
31051683,0.21376665329910954,8.030225929969304e-07,1.0009557811717042e-06,5.565519929264336e-07,4.680269037996897e-06,0.5011808744564756,2.2496760207978073e-05,0.2849174796414559,0.00010545504334588144,-30.042105263157893,3
31051966,0.26325249640385096,1.1867102326306476e-06,7.933536121108768e-07,5.946420430359592e-06,1.2417163886155849e-06,0.6409151815181612,8.597403333253617e-06,0.0923074494270208,0.0035071070469701727,-30.198958333333326,1
31053748,0.0007069420536350076,0.00043454996074048056,3.1567570142172505e-06,0.00011890240409895804,0.0006251932962262446,0.9887829269669923,0.0008033540465899818,0.006362785812507813,0.0021621887021949396,-28.38181818181818,5
31054772,0.0002549039878208594,1.5309149141576158e-06,8.322921353338316e-07,4.152183091973751e-06,1.8478044200533432e-06,0.9754087710205895,7.838936463691162e-06,0.023739765770668945,0.0005803570898954777,-29.1,1
31054956,0.0011469766682207217,7.848872839177307e-07,1.676467887931791e-06,9.387347000669405e-07,8.594611132177225e-07,0.9341092506346843,6.8623210152546495e-06,0.0637694390396451,0.0009632117854495366,-30.081379310344822,4
31056545,4.881840785535992e-05,0.0010450061534863747,0.0010477598568342562,1.1911463244851914e-05,4.753858061134975e-05,0.7171541232145754,0.0003256016976449102,0.2799648257842761,0.0003544148414714144,-23.936842105263157,5
31058488,0.3418688745997862,8.546333574794765e-07,1.025217464236704e-05,2.3110105454695e-06,6.737747728219461e-07,0.4955423852662145,2.480061893768233e-05,0.1625273217278792,2.2526193864161097e-05,-31.919696969696975,3
31058945,0.00010218141851558538,1.5032385007903198e-06,1.5454522916774705e-05,1.1227846261645347e-05,1.6491322568002792e-06,0.06973032341494842,3.535788797097125e-05,0.9300222877211134,8.001481751560378e-05,-31.86969696969697,2
31059101,0.014688917633339675,4.169321890767024e-06,1.5283770398331584e-05,4.773796259367887e-05,3.998319396247895e-06,0.5979935254689569,0.0019028356064128302,0.3831084243286821,0.002235107588329554,-30.84285714285715,2
31059103,0.009735988147989465,4.901837041046423e-06,5.319992352596989e-05,0.00017993636020612478,7.144297937163733e-06,0.6083802952633215,0.0024040239519823696,0.3677803383420162,0.011454171875980223,-29.08181818181818,2
31059138,0.04127482636726287,3.270555218736408e-07,4.1558292778995286e-05,1.857579293925325e-07,1.8724269305551195e-06,0.9581152532403746,1.9823004520294496e-06,0.0003277489136758712,0.00023624564507384606,-27.658333333333335,1
31059238,1.2239689024571654e-06,2.6769185901469237e-07,1.361755647104943e-07,5.097145368499987e-07,2.286108374793667e-07,0.006815328728827806,5.551194583552274e-07,0.9931562625702995,2.548741971361367e-05,-30.395081967213116,4
31059284,1.393128132355138e-06,2.3134932270640395e-07,2.553667765856244e-07,4.564603330028647e-05,2.944278198790602e-07,0.009371301548024102,0.0002060949067164855,0.9902038009558244,0.0001709822840830951,-29.82857142857143,4
31059357,0.0001192163725979777,5.026233576422208e-06,0.004508840592064565,0.00011950045001198082,0.001041388348535964,0.9038283866647289,0.018735446088178218,0.05888906514741648,0.012753130102889426,-24.65294117647059,4
31059368,1.6047231651075754e-05,3.517576962863693e-06,2.6361748242094073e-06,0.00014692760366324083,5.845539540691559e-06,0.12831225202185267,0.541566972694198,0.3268641912256768,0.0030816099316305925,-25.71111111111111,1
31060378,4.304707936748498e-05,9.437077750772633e-07,1.20020068559694e-06,0.0001293588647985573,9.438749292004344e-07,0.9855514832007707,1.0187586331716666e-05,0.01384685092374525,0.0004159845615964906,-28.042222222222225,5
31060379,0.00013601485035369127,3.2404715593378225e-07,2.3524219254215153e-07,5.514494130443343e-07,9.189206359158256e-07,0.9941730078081525,4.7114567707850575e-06,0.005629068961059836,5.516726426576996e-05,-29.916470588235295,2
31060587,0.00012026070084032917,1.2239787571932054e-06,6.8836589536268886e-06,4.246449557217853e-07,1.643611235139852e-06,0.9646846026464692,1.2091424686363978e-05,0.03516057985233409,1.2289481768368323e-05,-28.857657657657658,1
31060841,0.014511681954722118,1.082719841419004e-05,2.6272833662735983e-05,0.00022960284987769917,0.0005186652612991259,0.9804696772165121,2.346350959459308e-06,0.003476025269750693,0.0007549010648017783,-27.677622377622374,2
31060976,0.007087134720787599,4.5136001075750603e-07,2.064359413485639e-06,1.753064056512015e-06,1.5816026346918892e-06,0.9541904869036066,2.384688039947641e-05,0.038502595002373304,0.00019008610671736182,-28.167032967032966,3
31061307,0.007337808190671417,1.2716352707496613e-06,1.7449629194072571e-06,3.9468478254411456e-07,4.772136244862276e-07,0.9914783941779809,3.079714045635553e-06,0.0006485926719196124,0.0005282367487853835,-29.47119565217392,5
31061742,0.00433987591836787,1.6441290446488217e-06,4.691628930404345e-06,1.1690397324503965e-06,3.6288254069242183e-06,0.050405291032513885,4.044405532381741e-05,0.9451577115886632,4.554378201682089e-05,-32.83835616438356,2
31062122,0.010804783055760133,1.3796291126914239e-05,4.503661022247255e-06,6.641395814861557e-05,3.996029911994927e-06,0.5587951610271135,1.2368988520251751e-05,0.42993491240443654,0.0003640645839598612,-29.41063829787234,3
31062144,3.284524844075259e-08,0.9817523673568648,6.932410862320552e-08,4.280331923974564e-08,0.014466947572404422,9.851142736836325e-06,4.946253136275027e-07,0.003764141416617267,6.052913387009421e-06,-9.14,1
31062151,1.8279473120938925e-06,1.0081915031056095e-07,1.324441380673534e-07,1.2011505618597983e-06,3.435070005048941e-06,0.009012936658223943,0.0001750322520774691,0.9907298037207298,7.552993780137708e-05,-30.069841269841266,5
31062156,5.090173257694438e-06,1.4641307280242052e-06,2.8759616961155004e-07,2.722182964146239e-06,4.4478591031331844e-05,0.09522219998669365,7.618950275721569e-05,0.9046346876438829,1.2880192515350226e-05,-25.142307692307693,2
31062174,6.5291892632984705e-06,1.1129081099477285e-05,1.8986589475235508e-06,2.66744842363881e-05,4.110124165092953e-05,0.02827394485903038,0.00010950014799199722,0.9713875166502298,0.00014170568755006308,-24.04736842105263,1
31062236,8.76621187248011e-06,0.00010529519608223357,1.248930150570081e-06,0.00023498093105926032,0.012191719240766553,0.3007135330849214,9.134888325227418e-05,0.6856029275807469,0.001050179941148398,-23.21875,3
31062312,1.5260431059706738e-05,0.8637286913521045,3.9676495678037155e-06,6.24266752992299e-05,0.04394286692169984,0.06372781061772105,0.001911456158628249,0.022392353783138245,0.004215166410781186,-11.374025974025974,1
31062356,2.064688244677793e-05,1.6466248364556868e-05,1.294331673728743e-05,0.0004792078466763587,0.028575185980414575,0.7331498321735708,0.010947492027891574,0.2265337957539173,0.0002644297699808733,-20.866666666666674,1
31062361,0.017784675227165158,3.5105460554376585e-06,9.871691822833446e-06,2.3194802345527556e-07,6.724758283168698e-07,0.9814288316014685,8.003536062615421e-07,0.00039808813096489784,0.00037331802506511495,-29.48634146341464,4
31062721,0.00021710078900990775,9.355498909280705e-07,2.6266997527079604e-05,4.086809759418488e-05,1.3415769952023236e-06,0.9352373435401853,0.0005195510593680713,0.06309810869084544,0.0008584836985839165,-30.34130434782608,5
31062953,0.0008623496386887389,6.974489617363526e-07,5.993818564764405e-06,2.1053006870360256e-06,5.785187538198963e-06,0.9703275274473183,0.0009936434882436165,0.02633991499704394,0.0014619826729537128,-27.1945054945055,5
31063340,0.011363921410454695,9.515803348444077e-06,1.737338661619074e-05,6.291164390883208e-06,6.140152851064946e-05,0.7752424529810233,0.00047820552591142193,0.19926368397099023,0.013557154228754227,-25.88076923076923,4
31063468,7.777874983768932e-05,0.001865518474911571,6.52218491643305e-06,5.446036234051339e-06,4.5166393632838186e-05,0.8160943337868648,0.0027866045199968423,0.17438596865859146,0.004732661195014288,-30.059999999999995,1
31063856,0.00010384315614195709,0.00013905474830241496,0.006201105674531065,2.953569101747283e-06,2.5926090063544508e-05,0.5828560628773123,0.0001398945985300177,0.4104309884238893,0.00010017086212760967,-24.044444444444448,1
31064099,0.0002329012917946671,1.141903678674914e-06,6.805561851922289e-07,5.19846687525598e-07,1.0306294867805296e-06,0.9648994036004364,6.470440708189868e-05,0.03467895989631569,0.00012065786833306667,-30.938235294117643,3
31064162,0.0005495121404544281,2.6664228658708712e-06,2.2630685967928556e-05,4.6695176178535515e-06,6.549758005300323e-05,0.9310883147751623,4.0439458952738935e-05,0.016940077061687597,0.051286192357238455,-28.790909090909096,1
31064274,6.930534272636694e-05,8.408788077558818e-07,4.414369371720841e-06,5.187809822418163e-07,1.5169660591532832e-06,0.9138574623142424,1.885985337863457e-05,0.08334535306341971,0.002701728431011939,-29.643877551020406,1
31064346,0.966788136031758,1.1104022430478082e-07,1.0509783873455016e-06,6.378825721400746e-08,8.737455113653035e-08,0.019481008284838196,4.520055316516285e-06,0.013723157740090508,1.86470657715899e-06,-33.44761904761905,3
31065304,0.03642647935399828,6.267338835373461e-06,7.537872860065646e-06,2.2234316836141627e-05,6.397975846647328e-06,0.7669587606745335,8.905717728115888e-05,0.19522842329900966,0.0012548419907992007,-27.015151515151512,3
31065474,0.00013052500632283905,2.1599994941681993e-06,2.5176261135538427e-06,4.1987162860851075e-06,7.872128740298958e-06,0.5436370269057187,0.005854152507588423,0.44348045782978923,0.00688108927994671,-30.677647058823524,5
31065571,3.58175097368916e-06,4.561119343445253e-05,0.0012704871400616023,3.142611218421968e-05,0.9277384377801219,0.06844512115430644,3.4127782489913746e-05,0.0011390564427915418,0.001292150643636197,-20.13333333333333,4
31065927,7.538493293150159e-05,1.4458161444742201e-05,1.3590807695927344e-06,2.308924790322048e-05,0.00022830938645806707,0.9471062923060074,5.131971295182985e-05,0.049337719073409475,0.0031620680981244817,-25.197727272727267,3
31066377,4.649628307490664e-05,0.00017866074319169425,7.315121431035846e-05,0.0008074372336093407,0.12566376935691592,0.18177277967265534,0.47290956140985263,0.16646518739486088,0.05208295669152911,-15.938805970149255,1
31066457,5.659960100338337e-07,0.0006039223535358682,1.6381288732959018e-05,2.2782214884282104e-06,6.2709127043848205e-06,0.0002075374050329116,0.9989388246777917,9.655225382644696e-05,0.00012766689087754195,-12.133333333333333,4
31066637,2.8743222344367756e-05,0.03673325148099458,2.568772768464861e-05,5.4085620297094615e-05,0.0079677122858257,0.031061563721324188,0.07225271520299005,0.019566740980046845,0.8323094997584926,-10.71304347826087,1
31066667,2.9703281273492047e-05,0.387554700280904,2.2081552895823906e-05,0.00012334251584189925,0.14719094502808008,0.10839174032607532,0.17708023889955568,0.17523110449768795,0.004376143617685782,-9.625641025641027,1
31067268,0.04461473442716188,5.032946850097415e-06,1.5488828108452292e-05,8.202522936559676e-06,3.8336409080514045e-06,0.4061645036210768,0.0263131401120265,0.5175796569056761,0.005295406995255636,-28.312121212121212,2
31067339,0.0007962346526163772,1.8429646609817947e-06,7.831893847835475e-06,8.010264103247174e-06,4.168647568497038e-06,0.8425533021018267,0.00902837131094501,0.14751577251721718,8.446564721419428e-05,-31.70909090909091,5
31067575,0.08995985856302134,1.390258742415284e-05,4.058838764327561e-05,2.5688831071421816e-06,4.234530986615427e-06,0.6509221144265699,0.000216870089842227,0.25746113727563574,0.0013787252557696317,-31.525000000000006,5
31067753,2.9556423207552525e-05,0.00493439548162841,1.5430681719351867e-05,0.06468972578967438,0.001149928490543278,0.32042430526237076,0.2736546162739758,0.33447271233647,0.0006293292604103326,-23.32972972972973,1
31067810,0.0001575723523974119,0.0037019937737571332,1.8137485936792123e-05,0.015404633602074573,0.001227981419662151,0.7686682403420705,0.007578650229512277,0.17428290372474242,0.028959887069846604,-24.122222222222224,2
31067826,8.316969535394699e-05,1.1742337766696452e-05,5.644450728518345e-05,2.0527507547978774e-06,2.429341951938832e-05,0.8644438002755381,0.04527962892362466,0.08958740714476641,0.000511460945390804,-26.322222222222223,1
31067917,3.454721355951719e-05,0.0003080496061535623,9.553420248896288e-06,0.005415560987781838,0.0058797046768032735,0.7066408236846697,0.040799505327279925,0.2382615246495431,0.0026507304339601274,-24.31666666666667,1
31068097,0.0004820396380625756,7.627392619917629e-06,0.00013332913757910673,1.4334535917722365e-05,2.245861091746625e-05,0.5571967327628589,0.3387542515105026,0.10264373651657344,0.0007454898949682561,-33.30666666666668,1
31068139,0.000592562787426276,6.939884748159681e-06,2.9098252753921347e-05,2.0055828049134025e-05,1.5111542525329193e-05,0.635899573493303,6.273262657308333e-05,0.3628447588637078,0.0005291667209134157,-30.097849462365584,2
31068223,1.4187069551552724e-06,0.9632065437912255,9.336359885324422e-05,5.999994659076404e-06,2.985332782130886e-05,0.0013654530549396743,5.576077263635549e-05,0.03523422677163003,7.379981279718286e-06,-4.028571428571428,1
31068236,0.6566640156304621,1.6335970505379608e-05,5.304085932175035e-07,3.529603316241996e-07,7.0086929473424235e-06,0.3422115463993833,8.32698558277948e-06,0.000673616503012828,0.0004182664491817622,-28.74453781512605,5
31068477,7.497107668791013e-05,2.596002941099397e-06,1.4141655657516474e-06,6.347821875587261e-07,1.7964327323786189e-06,0.9457189915758923,6.154312860828002e-05,0.05388908742229959,0.00024896541308492876,-26.483783783783785,5
31068662,0.00016943595369453345,3.7899995712051875e-07,1.8975387893090266e-07,5.549341707854301e-07,1.468500612134861e-06,0.9851920151088736,3.118085612239711e-05,0.014508705000624225,9.607089206628561e-05,-30.609649122807017,2
31069272,0.226656545936622,2.600670342109368e-05,8.146564260970869e-07,7.5263480490312695e-06,2.0849683898239775e-06,0.670592981302682,0.00018944125584908944,0.05236500746028635,0.05015959136827452,-31.26315789473685,4
31069409,0.39536900572301603,0.00027642136308014966,1.4364589223734945e-06,1.1861160434506307e-06,4.068283836721917e-06,0.556321805953472,4.72401013764279e-06,0.04586841706302508,0.002152935028466345,-28.483333333333334,2
31070014,1.6216344779811982e-05,3.6423081767261465e-07,1.920272369753506e-06,0.00017678544122758718,2.3739426106810852e-06,0.11635113387840264,0.00010565555152422518,0.8824565983953911,0.0008889519428766449,-26.57714285714286,2
31070123,5.951810716041085e-07,3.2214749352484223e-07,3.8303934066648905e-07,8.898836930115367e-05,7.91751083899204e-06,0.022157179471513033,9.789578064432062e-06,0.9777314058094155,3.418892961203551e-06,-26.224999999999998,5
31070322,1.2139774137138086e-05,2.3436065751590857e-07,1.4596405571732252e-06,0.00033897497834224253,5.708409774759403e-07,0.003035684381469362,0.00011118780157718876,0.9962595519512154,0.00024019627106639682,-26.624390243902436,1
31070816,0.0007220216432237686,1.441639854194706e-06,3.558195966481717e-05,8.6076602516196e-07,4.2510680589593984e-06,0.32224790152777716,4.918572433473212e-06,0.6769213451636191,6.167765934330237e-05,-29.89285714285715,4
31071164,0.0005567060231446556,9.239233135891769e-05,8.124495944066337e-05,4.422098562765901e-06,0.06374233786012645,0.9110600359585675,2.3374493034270044e-05,0.001136076563578685,0.023303409712186057,-22.844594594594593,2
31071273,0.00015673209986739314,1.814397555041159e-06,2.5694143079591603e-05,1.0212994937394179e-06,4.329991237575782e-06,0.8889247832515753,0.00047539555558897195,0.11034142945336294,6.879980823933243e-05,-28.919354838709676,1
31071444,0.0019250421714377952,1.448316460772405e-06,5.2902170701031885e-05,3.3703502686965884e-06,3.955022304852964e-06,0.8910773121872596,1.6577731458915824e-05,0.10004470543817434,0.006874686611934057,-28.40408163265306,1
31071817,0.10464300891872784,6.061360292460469e-07,2.699297165676499e-06,6.308898940525419e-07,1.3981987214042917e-06,0.7427436357324514,0.0004444077928157583,0.1521186755397019,4.4937494492856086e-05,-31.20487804878049,5
31071842,0.0035159506487146986,3.1775885495224823e-06,2.587191448678009e-06,6.161059011313981e-06,4.521115079068754e-06,0.370892715081631,1.852776402031221e-05,0.6254601258929664,9.623365857891689e-05,-31.590625,5
31072265,0.02493224522984995,5.787887322794722e-07,6.956533166304616e-07,2.738454409638986e-07,2.5148718444161026e-06,0.9728161932778203,7.594750822525754e-05,0.0015610815710627526,0.0006104692537072681,-31.339999999999996,2
31072362,1.110126845424128e-05,8.17352585545389e-07,3.9747008921775023e-07,2.5683624859685156e-07,1.3927857151281368e-06,0.9932980976795154,1.2326796066716785e-05,0.006545660796837243,0.00012994901448809646,-30.091919191919192,1
31072665,0.5483869330694932,3.3316360261274844e-07,7.067093618730425e-07,2.556427039764849e-07,9.242385324933642e-07,0.4490154845691356,1.2052413057812953e-06,0.0025679458637024085,2.6211502162106297e-05,-27.42786885245902,5
31073278,3.118497919108704e-05,0.00718421172497945,0.0011064995238711866,0.006593646246758111,0.012887069146888887,0.2895807981901923,0.0019316164449732053,0.3430253844378692,0.3376595893052766,-24.523584905660382,2
31073378,0.0017096018814367559,1.9767242883089693e-06,3.562523715582619e-06,2.6655497656830375e-07,7.49397944186966e-07,0.9973212645693648,8.125113204333773e-06,0.0009026740127125195,5.177922235694628e-05,-30.5515873015873,2
31073430,0.00546196791828764,2.2853773374315078e-05,0.000704476441012582,1.2016814438804236e-05,0.015965617667805947,0.9716724551058806,0.00021952388325738035,0.004422987031157269,0.0015181013647852712,-20.043661971830982,5
31073763,0.007401722548221192,6.253338713744545e-05,3.622455858287457e-05,5.7587384835404404e-05,7.411831836742076e-06,0.09019917587794785,5.35776513871608e-05,0.4036857975904751,0.4984959691695761,-29.7,3
31073786,0.008726548895240663,3.3921107298998276e-06,0.00016735309090770432,0.015153840743696584,7.417154398483099e-06,0.6569146949187354,0.004841333319762439,0.21727101964347978,0.096914400123049,-27.918181818181814,4
31074129,0.000281548889264289,3.3013197816322014e-06,3.6262505541271876e-05,7.855621408117871e-06,1.970229171855026e-06,0.9089426045146531,0.00011691935835451599,0.08875330021508426,0.0018562373467407617,-28.67833333333333,1
31074170,0.0031867503593076877,0.008425764097640604,0.0006255942974633939,0.0004347948285371847,0.00028404538408070406,0.773018313555235,0.002377494018035546,0.026005426365328307,0.18564181709437155,-26.63571428571428,2
31074342,2.815136244645931e-05,4.510353478556141e-06,1.9459327306257085e-06,1.962459508495886e-06,1.6735638378218193e-06,0.925028317794092,0.0012309510568967515,0.06647124300325064,0.0072312444737585085,-26.43529411764706,5
31074439,0.0011672884775112142,0.005804236044084021,6.581987613514246e-05,0.00043826050248814484,0.41385394173099316,0.5501573736964771,0.0023868872149517043,0.004523976823831776,0.02160221563352784,-23.402272727272727,5
31074782,0.020488297991516795,3.2344934094286184e-06,5.756562252601545e-06,4.397570944678754e-06,4.648284922051348e-06,0.8132867993572233,2.2374534340987513e-05,0.16615607654011877,2.841466527117072e-05,-28.448192771084337,3
31074916,0.017700395645025232,3.647904653694951e-07,6.673614420022508e-07,3.232279288914444e-07,6.649335068485212e-07,0.9693036479594964,5.594701874665509e-06,0.003578302845138063,0.00941003853512225,-30.469512195121958,2
31074997,3.101573487670472e-05,2.3746163344495973e-06,1.8189627643176918e-05,2.9967496216595625e-06,2.6720320872213293e-06,0.6215156435142921,0.008146099526141334,0.3702662685875397,1.4739611463528481e-05,-29.22553191489361,5
31075376,1.8398817347784207e-05,0.013442116858485112,6.497423466709705e-05,1.9699934724954353e-06,0.5869470203500146,0.36491229979236717,1.151668532677372e-05,0.0011504547131723653,0.03345124855514645,-20.705263157894738,3
31075578,0.0077680570844866825,1.048631460654532e-06,8.414181032528164e-07,3.178463796188056e-05,1.915041006846164e-06,0.9449058322068967,2.6358529061211027e-05,0.0450036301682136,0.002260532282809098,-29.824409448818898,3
31075637,0.8368376908020861,5.231106713963788e-07,6.794948147048721e-06,3.552747864730995e-07,1.0295448855124352e-06,0.12215448242549844,3.1161239493265e-06,0.04096383102958122,3.2176740394412966e-05,-32.81333333333333,1
31075756,9.990740580747887e-05,2.7217318557436273e-06,0.0007969823503077092,1.7019288152550183e-06,4.0395525485712454e-06,0.9807490068400481,6.504583824864533e-05,0.017252180096857674,0.001028414255510574,-25.36076923076923,3
31075833,0.004075585902131639,0.868398181292894,1.3666379056953775e-05,3.9478772783595815e-06,0.07423985169597565,0.050832027637950424,2.831178187450674e-05,0.0008769341493282552,0.0015314932835101868,-7.933333333333334,5
31075863,0.00019856778612276196,0.9430678770880706,8.21700736546908e-07,4.0399323828739706e-07,0.05469600291434731,0.0008175077427528772,2.2946012109330296e-06,0.00021761672636124384,0.0009989074471593805,-9.521739130434783,5
31077031,0.0019748808033537937,7.701401657252137e-06,4.42705096244697e-07,8.519620364201139e-07,2.092718533586085e-06,0.9915918731995956,4.433636546194243e-05,0.006073915068948276,0.00030390577531677496,-30.688888888888894,1
31077074,0.0016242514039207154,3.5316610936566296e-05,6.470698024616584e-06,3.636582360642655e-06,5.332779377175439e-06,0.6417419046471947,0.0014086848916579928,0.34962138450866115,0.005553017877866462,-31.877142857142864,3
31077371,0.0021610781837859408,1.078504654035213e-06,8.680988807995157e-07,1.1825636758230293e-06,0.0001268243637799551,0.9847041669894115,2.2601119812918707e-05,0.010262685007136398,0.002719515168862456,-29.638613861386144,3
31077501,0.009004550007212009,3.385584581183656e-06,1.6024327876827805e-06,1.8945726638021572e-05,9.363586913196384e-06,0.5112329750330771,1.5558375708292242e-05,0.47943839482531353,0.00027522442776890994,-29.854545454545452,3
31077593,0.0001624498403253009,6.630422414917521e-06,0.00016629394213112296,4.53125524247974e-05,2.3437367398224395e-05,0.8252464273066275,0.01493417110396192,0.15889581409986187,0.0005194633648544296,-24.984931506849318,4
31077667,0.00010005437229456425,0.00014679986156775575,2.4198878340667212e-06,1.8252356477149318e-07,0.9782855992106364,0.021182131731347063,3.49310822787097e-07,7.85547120331182e-05,0.00020390838989931085,-18.096713615023475,4
31077772,2.910601993806415e-05,7.971620568031903e-07,7.569733013186157e-07,4.229184407545216e-07,5.800346481301038e-07,0.9963002694929078,1.0652180060452343e-05,0.003227726696494733,0.0004296885221518618,-29.880952380952376,4
31078385,2.701257924780032e-06,0.004810004794399112,6.9015588721616e-05,0.008980094901637283,3.0933056659324514e-05,0.049678869933854876,0.9281330781586735,0.006240128341483417,0.0020551739666461303,-21.38395061728395,3
31078537,5.9874651197226504e-06,0.9586551293217331,1.6908511803690352e-06,8.1250637346786e-06,2.6887256996819383e-05,0.01793675830037728,8.879582829586811e-05,0.023198552222537114,7.807369002499714e-05,-13.811764705882352,1
31078573,7.228597963684354e-06,0.007975149135157976,0.31261699638736284,1.969100623241463e-06,3.020345691306967e-05,0.6410429417912523,0.0005524861910949876,0.0374660447414119,0.00030698059822001984,-18.9,4
31078904,0.0076909476754479,1.0760528374369018e-06,1.3586808476800337e-06,1.190037767780735e-06,2.0367451801148783e-06,0.5535930843662983,0.024569056782350246,0.4141103036613154,3.0945997955099515e-05,-31.525,5
31078936,2.073052444016887e-05,1.9162143918438995e-05,5.773273691406035e-05,0.002289467242951713,5.5712693287859614e-05,0.08112186236360963,0.022353050456617965,0.8925823425361941,0.0014999393020660734,-26.185714285714283,2
31079051,0.004374923830621322,1.7092015202607905e-06,2.55349241910526e-05,7.211203392241709e-07,1.6074291147131918e-06,0.9473449585136552,0.00024872340154460454,0.04726544726707758,0.000736374311936145,-29.91272727272726,1
31079122,0.02965200295463628,3.515372369745803e-06,0.0012220286310069507,1.1534474300854946e-06,4.159242423434405e-06,0.9652577047451085,4.437431442315557e-06,0.0038064844571474177,4.851371843501863e-05,-27.391111111111105,1
31080160,0.018136457521349396,1.8208647671809792e-06,4.41858455556113e-06,1.2432814615931306e-06,6.3454679871271715e-06,0.7281000627821412,0.00039938148282133356,0.252966688188463,0.00038358182645347865,-30.58775510204082,2
31080220,2.264764235851251e-05,1.1241903194870936e-06,1.0292216649345194e-06,4.5618107852150885e-06,2.689617853452086e-06,0.9916165790252298,4.054044339521986e-06,0.005123851327667983,0.0032234631197811,-30.16902654867257,1
31080628,0.9153794797817958,1.2138018619478938e-06,1.578065538840697e-05,9.601257437963573e-07,2.3915544656917426e-06,0.06746762840835019,9.464881894926317e-06,0.017103409583885846,1.967120661346926e-05,-34.47272727272727,5
31080671,0.00012322162911832616,5.64378382273198e-06,0.006614909480471059,0.05515252769888079,0.05629508531122586,0.0959073198990501,0.7074281758286073,0.07596477614738874,0.0025083402214351506,-25.198863636363637,4
31080776,0.0015373980762252652,0.0003786549840495112,3.036586861847276e-06,1.4821763028948249e-06,8.121048936597795e-05,0.9648661518183705,2.618224162555022e-05,0.028906943691950692,0.004198939935247623,-28.049056603773582,5
31081044,1.7377276412599294e-05,2.0147158945228787e-06,0.03011268131888599,4.732235060176498e-06,0.001041741441552616,0.9208598291000155,2.196333988934064e-05,0.047204456592569825,0.0007352039797194871,-24.219354838709677,3
31081072,3.2848896199899124e-05,3.898461150895412e-06,6.694734796417511e-07,3.81868946708909e-06,8.718333563958381e-07,0.9794744780376573,2.1000752258376914e-05,0.020304534009241256,0.000157879847189301,-29.165454545454548,4
31081173,0.08958630326260848,8.454468067670813e-06,1.0838093709235872e-05,1.1340242959660466e-06,2.2007384899430976e-06,0.7969633875958118,0.00010242476675473741,0.1127025090822777,0.0006227479679846135,-31.46111111111111,4
31081387,0.0020352248053437804,2.9820834419241246e-06,1.3627988099642363e-05,6.532012593094993e-07,8.962623801478788e-07,0.9955068369304227,0.0003568988662207535,0.0014362181757980362,0.0006466616870336534,-28.504109589041093,5
31081408,0.00020601059686937447,1.2697017967537279e-06,5.662072097776949e-07,1.2130079019051841e-06,1.7246524098146638e-06,0.9284316878323853,7.421170175504455e-05,0.07119186096552571,9.145533414634637e-05,-28.481318681318683,3
31081466,0.03434994910386181,1.5241474975559692e-05,3.4552902479924576e-05,5.106394173142068e-07,1.4584149745951903e-06,0.9470290228925725,9.872180536609972e-06,0.01669184212943259,0.00186755026174903,-31.735051546391755,4
31081582,1.0516450461051642e-07,0.9932847668737863,9.029276856382168e-07,2.0355534971488923e-05,0.00037365800661169033,0.005354121200150172,1.0071994491680632e-05,0.0003157736961710206,0.0006402446016272368,-23.654455445544553,1
31081813,7.588665620368147e-06,2.6516721931542448e-05,0.0002839457019761749,8.375292540721175e-06,0.017801626326408505,0.8985171509930829,0.0030613355268650478,0.07987334933209468,0.0004201114394799883,-23.012000000000004,1
31081866,9.94623340342507e-06,7.3925158349222e-06,0.0035752021928802387,2.9527169064705768e-05,9.141430806140045e-05,0.7394875943472577,0.00030043291725968314,0.18546955079189353,0.07102893952434426,-24.831313131313134,5
31082082,5.351093125140758e-05,1.0501127049790905e-06,1.0828319801962629e-05,2.1297177536777937e-06,1.5881089669579066e-05,0.9230537548041104,3.227707942510748e-05,0.07660935364251346,0.00022121430276945026,-29.82978723404256,5
31082101,2.8739319432031875e-05,0.0007884617438933825,2.3508511451310634e-05,0.08915424766417718,0.00023674419027938843,0.7518514404461308,0.0006864223614603029,0.15328955891514862,0.0039408768480270065,-23.270370370370372,3
31082331,0.05372899158805305,1.4447619909908283e-06,7.334229976965149e-07,8.721142489796109e-07,3.301979042496607e-06,0.19342383857873732,0.0008422713302545724,0.7519506466404589,4.789958421597059e-05,-31.490624999999998,2
31082405,9.321733200024624e-06,3.0210885147549014e-06,0.00022070032494943764,5.267075785528652e-06,0.014078852814339913,0.9249318924570334,0.00033455479876273996,0.06015362449820454,0.0002627652092096991,-21.822222222222223,5
31082631,0.0015325924900845063,7.257265714386065e-07,3.4460913773522715e-05,9.800498020750649e-06,5.8205606582625455e-06,0.2320839931313591,1.2355428659977715e-05,0.7663150790106993,5.1722401732053624e-06,-34.12758620689655,5
31082815,6.595738293139204e-06,0.0015384574399979114,0.15366022991143224,1.800773466776406e-06,0.003301005639554812,0.8127807803992507,0.0015766191456524623,0.024394569820485826,0.00273994113186624,-24.770370370370372,5
31082880,0.009004814127664835,2.380139199754686e-06,7.749169398533352e-07,1.2451150441225056e-06,3.642818153655949e-05,0.7930896030492323,1.268836186500427e-05,0.0035905912353060045,0.19426147487321171,-29.074782608695653,5
31082951,6.685930308277932e-05,9.621657881823618e-06,1.817263033598912e-05,1.5239359139579795e-06,6.500769061087621e-06,0.9796856906046755,0.00011835322837420823,0.016275594767843616,0.0038176831028309778,-27.384848484848483,3
31082961,0.0008535785993436061,1.8382105428370127e-06,1.4987961892686576e-05,8.570423349271528e-07,2.058636710897138e-06,0.8539509138784386,0.0019120218083310454,0.11268980098720871,0.030573942875196918,-31.9375,1
31082968,4.6406110322041185e-05,1.3304821234074991e-05,2.0093303775940694e-05,7.823074997883507e-06,0.00010199264683605314,0.4498646514913725,6.278384474540549e-05,0.5446322852716994,0.005250659435016733,-29.596774193548384,5
31083050,3.4194475256175416e-05,6.908097797673621e-07,2.4896802020915e-07,2.6185521087457023e-07,5.512498993070061e-07,0.027692503034576564,2.078045550258274e-06,0.9696915962285739,0.0025778753331329625,-29.956,4
31083147,2.6274113725483996e-05,3.6006841397670593e-06,6.130601853017426e-07,1.4453891600794895e-05,5.754402517326778e-06,0.972385901192679,0.020566569257635038,0.006969879327722862,2.695406979454214e-05,-28.854545454545452,1
31083191,1.1255349029549574e-05,3.7826892541470376e-07,5.243510224325641e-07,3.2046720028278244e-07,1.173232088493823e-06,0.06105946028427057,1.560830850121951e-05,0.9388870352258748,2.4244513087196296e-05,-33.15,3
31083194,7.870631277646306e-06,1.2087374964553355e-06,1.764155683155391e-06,1.921765331756602e-06,5.560092180137167e-06,0.6861495510331869,3.8608181775386295e-05,0.31340387092386135,0.0003896444792071999,-28.946666666666665,4
31083199,1.840616917789665e-06,1.3103614107577256e-06,1.6942587170930539e-06,6.990683278307762e-07,5.10160926643037e-06,0.9776036174704689,6.410221592994492e-05,0.017108047683611315,0.0052135867153499495,-27.56451612903226,4
31083243,6.924529704450105e-06,1.520047452401925e-06,5.543499157911112e-07,1.4076547580581078e-06,7.4640834543328185e-06,0.976421772170065,4.357925502079717e-05,0.023413099929797888,0.00010367797983129744,-25.996666666666663,1
31083503,0.0006090159914355977,8.768126000061992e-07,8.676427755025881e-07,7.668606384721484e-07,1.6890198205296547e-06,0.9787740107204291,2.1986834286687155e-05,0.02017241801958708,0.0004183680984271501,-31.34857142857143,3
31083507,0.01959673430970444,3.2247855824769374e-05,2.693185783165194e-06,2.510517287686699e-06,1.801221970996435e-05,0.9054334556197329,0.021730526768552975,0.04744424186087913,0.005739577662525167,-28.87662337662338,3
31083511,0.0009977059907973302,9.55335887199388e-06,6.236400766834351e-05,1.30613908412668e-06,1.3170338858441988e-06,0.9892017544619951,3.471357582671909e-06,0.0011341381553068301,0.00858838949480763,-28.888095238095236,2
31083563,2.1202963299187097e-06,4.29046453729782e-07,7.348803761379006e-06,1.7744878542384481e-06,3.5599454599074097e-06,0.997982897242448,0.00030788923643077876,0.0004883649413792493,0.0012056159998828093,-26.524242424242424,1
31083651,5.050933746176707e-06,2.540579852753572e-06,0.0001274710579323527,4.0390700774183634e-07,2.930683337557972e-06,0.9973875078635925,2.1079739401420863e-06,0.0012459683812608626,0.0012260186193298376,-27.60327868852459,5
31083752,0.0006340930083239196,8.079367872752183e-07,7.111628486310163e-07,1.7979945350234429e-06,3.3249441670952124e-06,0.9837311562847194,8.020312142067784e-06,0.015593611608362,2.647674811455787e-05,-29.222641509433966,1
31083799,0.004880045256415282,4.77738489592581e-07,1.0402771612237426e-06,1.1015697293919308e-06,1.0010354684900163e-06,0.9109778842568691,3.2517957208187455e-06,0.08404968103135078,8.551703879551282e-05,-29.08,2
31083956,3.377449619161591e-05,1.243364030143108e-06,9.354915098789146e-06,0.00018358273539525902,9.891030930427642e-06,0.18610612326395837,0.0002565643197170624,0.8116122473758755,0.0017872184988028078,-29.60285714285714,4
31084194,6.993869573890517e-06,1.2158130356980473e-06,9.349376724019042e-06,3.0902024250410006e-05,2.056954362138187e-05,0.35280684069032703,0.0008857578288480393,0.6323094420241097,0.013928928829509822,-24.55952380952381,2
31084257,0.0030494324284065363,1.1393668275323047e-05,1.5593476417741656e-06,2.855760633948202e-07,4.5530878992692707e-07,0.9873282117611901,1.270063217398531e-05,0.009513885303788947,8.207597367001736e-05,-29.962337662337667,4
31084442,0.002659730842337721,5.507019183864802e-06,2.1334051318398415e-06,9.60804047112792e-07,4.802613632487261e-06,0.818464056781084,0.0013694041378756374,0.16311411765290468,0.014379286743802797,-31.814999999999998,1
31084528,8.56896513710353e-06,3.2487799883380306e-07,1.169175744960026e-05,1.8093155915736788e-07,3.856760119700687e-06,0.9942410202191131,5.781133701524338e-06,0.005153338556167561,0.0005752367987534701,-27.89999999999999,4
31084531,4.006417594775157e-05,0.008631227752144935,0.00017915174499971972,0.10139301649042151,0.04119895641587926,0.4179664180995,3.8615980958513084e-05,0.37875111183565946,0.05180143750448884,-22.908333333333335,4
31084615,0.3909804717113604,0.0001089615358420573,5.0576679822873364e-06,1.909987463052658e-05,0.00014726215946545275,0.3123697638286088,0.0006859364303008125,0.29121742245128684,0.0044660243405226395,-28.10909090909091,1
31085100,0.0037909978875708948,1.3353467290187728e-05,1.7431319831654047e-05,3.556157035573618e-06,4.956413090702853e-06,0.967950079079041,9.49752670594393e-05,0.01819542691544291,0.009929223493637737,-27.419548872180453,5
31085185,0.002485279467562047,9.287567506324851e-05,1.221798167329921e-05,8.134481980479423e-07,2.3394599633851615e-06,0.9441349931727184,0.00016685943754735232,0.039628359445483825,0.013476261911790246,-32.602500000000006,3
31085660,4.13953069194049e-05,1.3405382337562482e-06,3.145318678211417e-06,1.943339488741908e-06,2.2376652885639847e-06,0.9882283382763961,9.139610640624622e-06,0.011696089617069095,1.6370327285448e-05,-30.53939393939394,1
31085703,3.701384419023585e-05,1.909055531784344e-06,2.7019376525914875e-06,4.910939803194459e-07,4.042204984621771e-06,0.9760039528093758,0.0004296227357309597,0.005437996757058965,0.01808226956149448,-32.205882352941174,4
31085810,0.00015510306779046253,5.412658960478997e-07,0.00012908988110125726,1.8540685097910766e-06,1.2827387644760937e-06,0.9921924297592275,4.40036686880424e-06,0.007151402499381412,0.0003638963524603213,-31.089156626506032,4
31086158,2.4999579911606656e-05,2.713919481189516e-06,6.553581518493299e-05,3.856796312612016e-07,2.4155060748870195e-06,0.992088434066609,3.1154704539380795e-05,0.007344786724763228,0.0004395740038043742,-30.789565217391306,1
31087093,5.383913747200462e-06,0.0009449760269130587,2.7506263673400363e-06,9.155760211494886e-06,0.0019449654777191894,0.9885898824780687,5.670494257066136e-05,0.00756463933253755,0.0008815414418649004,-22.862721893491127,5
31087289,1.0257675983486714e-05,0.0004554000562475266,2.038739724161521e-06,2.238518049019687e-06,5.141955621590744e-06,0.918465307456392,0.00012381855594614615,0.07928480855136673,0.0016509884906693495,-26.69,1
31087677,0.0005270418938123924,3.1089891765724167e-06,4.748986279598856e-06,2.503450950682568e-07,2.221617232205359e-06,0.9978716729144453,3.0227988396851626e-06,0.0012764125785758083,0.0003115198765432418,-30.844285714285718,4
31087726,1.9768705827973364e-05,1.3072156979552154e-06,1.0510760773967652e-07,7.27396797187625e-07,1.0933401232287382e-06,0.9906358298312871,1.8404483373843246e-06,0.009311611902023394,2.7716052297985722e-05,-29.327999999999996,3
31088033,0.00029963055369296274,2.852281324098867e-07,3.5507424715277924e-07,1.6426695802925186e-07,2.8598134714930103e-07,0.9977127320979523,2.0477628053389087e-06,0.0019336641648556266,5.083487000882524e-05,-28.772661870503597,1
31088055,0.007977607144256,0.003846168244952139,0.0012074725468688007,0.0006926788946882878,0.26866665003306683,0.7085216772485973,8.822966002913162e-05,0.007696699923639715,0.0013028163039017276,-19.659523809523808,2
31088251,0.12994405583242138,2.0605626130876e-06,3.627807438060272e-06,3.249503570912255e-06,1.755293947269912e-05,0.3857941011812573,0.0002191361319303651,0.47991261241236843,0.004103603628927791,-27.15,3
31088357,0.00014798572852021545,0.015136906411404008,3.161950956722691e-07,1.7141083504457488e-06,0.9737276515141409,0.006630366045941576,2.807663631874445e-05,0.0020070988783817793,0.0023198844818469234,-11.748571428571429,4
31088621,0.2697964006109731,1.7770911596646782e-05,1.4410561315892682e-06,6.329319238886053e-07,2.821993602759504e-06,0.7210094247426516,1.3767570999142558e-05,0.008812965616925007,0.0003447745651962535,-29.700000000000003,4
31088864,0.0003168969329996945,2.4756672980302743e-06,1.7382409195578728e-05,1.1193893983026545e-06,2.3606230765810495e-06,0.9960505757834819,2.5718884821758695e-05,0.002998555181246752,0.0005849151284814812,-27.154143646408844,5
31089634,0.010893247860699298,5.69729802516264e-06,9.553447402069531e-06,2.6365419106517544e-06,1.1784037215995042e-05,0.985372032551545,1.1725678043428854e-06,0.001059556771654933,0.002644318923742813,-29.398749999999996,2
31089661,9.693062950080956e-05,0.0005586435027489689,0.0002205291998804332,6.6381458463889614e-06,2.3367310909074082e-05,0.9200677692561452,0.0002308329377899789,0.07867593381343926,0.00011935520373977996,-23.997727272727275,2
31089700,0.012092920761280932,2.3960800914044757e-06,3.808646682233218e-06,5.977288337552058e-07,1.699817383757968e-06,0.9802318536181263,2.0668336317651472e-05,0.0019918549108408853,0.005654200100443152,-30.857931034482757,3
31089917,0.047567604801015795,1.0115945670722623e-05,2.8894394628556913e-06,5.82261064946645e-07,8.08877565779619e-06,0.9483999140470935,3.2633856939254695e-06,0.000557184533941107,0.003450356810399373,-27.620125786163523,3
31089923,0.0010728209742966878,1.2780374039403437e-06,1.586644304167401e-06,1.0545736716183336e-05,1.8551569531016635e-06,0.6403581627371102,5.010623006774315e-06,0.35851873365373815,3.0006436470765452e-05,-29.066315789473688,4
31090008,0.0009360994666947042,1.0127480849845242e-06,5.3807327963897896e-05,1.329644804160711e-06,8.118972015326699e-07,0.9286458375608168,3.180820173277729e-05,0.0701100713468467,0.0002192218058544194,-31.192307692307686,5
31090212,3.99789540586774e-06,4.5501049506969275e-07,1.2737390778625105e-06,4.007869688603973e-06,1.68161656430745e-05,0.9973534864046946,0.0005088906520764344,0.0008927217369016435,0.0012183505260167928,-27.092857142857138,1
31090484,7.451147384363599e-06,1.2463232076471857e-07,4.700055223345579e-07,1.4636449935023419e-06,2.450937252907378e-07,0.017840983134533858,1.2621865725120716e-05,0.9820530767411039,8.356373469092938e-05,-32.53636363636363,2
31090493,2.29642500666516e-05,7.391434967046196e-07,2.8602337934195573e-06,1.0287611854295373e-06,5.058675382907579e-06,0.018658858514403232,0.0013310228525281428,0.9794853637095194,0.0004921038596239757,-32.95681818181818,5
31090549,2.6251831344398223e-05,1.0957434412674463e-06,1.2708974730153572e-06,4.517230517675635e-07,7.867231413800873e-07,0.9886227154642159,3.9451291922631974e-06,0.010862790596865601,0.0004806918912746505,-28.55,5
31090559,6.2514674760149615e-06,8.848543850442527e-06,5.67392932860986e-06,2.0162660085910126e-06,1.4211800423024031e-06,0.9436489975401446,1.7200330412683655e-05,0.05110120807360435,0.005208382669132311,-27.729411764705883,5
31090639,0.11506628753027691,2.1659467974209386e-05,2.5881284693333752e-05,8.315234128282856e-06,0.0007606218561705723,0.801896930535837,0.00839102798502678,0.0406629503103929,0.03316632579550008,-31.56153846153846,5
31090662,1.2096367017759877e-05,4.031816101590616e-05,0.000518444607040628,1.013833096152808e-05,0.09743310040451267,0.5041193575109533,0.0028908777918132734,0.37644091216532216,0.01853475466136282,-26.526086956521745,4
31090673,3.420650238811638e-05,6.683878284244032e-07,1.255854226832422e-06,2.2149962030256484e-07,3.4949427020994793e-07,0.9988003088653518,5.975355015039709e-06,0.00016682178513949958,0.0009901922561596792,-31.153043478260873,5
31090675,8.592897322208672e-06,1.8312105807492133e-06,3.9691733834240377e-07,5.481941595857854e-07,4.279538858417448e-07,0.008267062161484748,0.0062514168828817435,0.9853477844997042,0.00012193928264253789,-31.48076923076923,5
31090705,0.00038838720555228973,2.1824737581691823e-06,1.7880353004671423e-06,1.8618274635882456e-06,3.0958748787171604e-06,0.10143104210030744,0.002884289289774445,0.8950136691133367,0.0002736840796282145,-33.013043478260876,1
31090713,3.0542162899267388e-06,0.012381562117369235,1.115808031571483e-05,1.3728877382546605e-05,3.915410305485269e-05,0.062067137382512155,0.8675988812988285,0.05707833738443831,0.0008069865398089431,-7.909090909090909,1
31090716,1.9288708387722487e-05,3.702205430254465e-06,3.365381379760139e-05,0.00020091342561050525,0.00019989317780530965,0.14374576712273737,0.0003099541678269059,0.855338098723088,0.00014872865531621122,-18.625,3
31090741,0.005280065286934028,5.526782970431806e-07,4.5061522616535453e-07,6.333659211132621e-07,2.705466049578662e-06,0.9716915299161332,5.054197556100346e-06,0.02256893155118037,0.0004500769227023674,-30.063125000000003,4
31090743,1.7052753398010175e-06,1.953278133193369e-05,1.3708145819657625e-06,7.435387793947013e-05,3.2982325719981e-06,0.02585692792949918,7.571867437393909e-05,0.9739537647176556,1.3327696706041347e-05,-20.372222222222224,3
31090778,3.4187797954716994e-06,3.0331719880164456e-06,1.7206140978127674e-07,3.364575472085263e-05,8.191549007974461e-06,0.04565429616219614,1.561720637759902e-05,0.9542446432552154,3.698205928875907e-05,-20.006060606060604,2
31090790,4.911599032874659e-06,4.985700738322212e-05,2.2078633755846106e-06,1.4871922477863596e-05,0.0013101817634375626,0.049437483361599546,0.00029543314354080316,0.9488344185991753,5.063473997719139e-05,-20.893548387096775,3
31090791,1.8004301717307523e-06,5.664344610009873e-06,2.4634640847780154e-06,0.00043126170760782444,0.0004700025370312666,0.009929106601094872,5.301727224749624e-05,0.9890643278333568,4.2355809795239495e-05,-20.032258064516128,2
31090796,1.9651422100276718e-06,5.223125962136925e-06,1.0930983946944114e-06,8.931134786769935e-05,7.0230453345084305e-06,0.016194777644977308,0.005351960669367634,0.9783104586965934,3.8187229292550325e-05,-18.91666666666667,5
31090896,5.5020155813244406e-05,8.092474950568409e-05,1.1965201068749022e-06,8.812950846613898e-07,3.418681992818026e-06,0.6394861555204986,0.0004370194398968646,0.3591510573246576,0.000784326312443552,-32.053333333333335,1
31090933,6.364614820423402e-05,2.5840780381652118e-05,1.3092381175163584e-05,9.255969338829945e-07,1.219956490644162e-06,0.15048869906800935,0.02268506804789955,0.8262234483739594,0.0004980596469462111,-31.664705882352937,5
31091049,0.00014968914428821717,2.1702504706527378e-05,6.455880979668917e-06,4.491679965862567e-06,1.397902579678235e-05,0.6917171728910758,8.383007875995387e-05,0.28995908365234757,0.01804359514207953,-30.742241379310343,4
31091093,0.0015362611559543036,5.895821895088999e-06,3.890813104553903e-06,9.464584127731494e-07,2.3324114999234897e-06,0.9913802232648854,1.4373693153522569e-05,0.006176731839439959,0.0008793445416542418,-29.25820895522388,3
31091153,0.00045256940610497197,1.1451936594918331e-06,6.471113749974922e-06,4.901328374045651e-07,3.928974158008801e-06,0.043812807853204065,6.583150459174786e-05,0.9553732714352862,0.0002834843864081899,-32.89433962264152,2
31091201,3.4174880208475275e-05,3.454697637298298e-05,2.5537170382432755e-05,3.7352937134181382e-06,2.0206949095880947e-05,0.4555154179084539,0.00027934937703857053,0.5428719281568262,0.0012151032879080556,-28.248837209302323,1
31091412,0.0027362779395998923,9.382311588098443e-07,7.8102591352842e-07,3.720057834924256e-07,1.5060707631624493e-06,0.9944934590381579,2.3300579831823875e-06,0.0026916614909770083,7.267413966301835e-05,-29.937037037037037,2
31091431,0.005080939156878562,1.6176111294138199e-06,8.640776567399432e-07,6.8525145374346445e-06,1.919910375792725e-06,0.13680112934007926,0.0002510626247798551,0.8573807869260586,0.00047482783850433203,-30.242666666666665,1
31091791,0.00047440856095656885,7.280493205026516e-06,1.6939994660845364e-06,6.488237995590279e-06,0.00014178882204848793,0.9732091542364938,3.6714487301034016e-06,0.025974343459761462,0.0001811707413426549,-29.363513513513514,1
31092315,9.727446078558188e-05,1.3387225720553692e-06,3.631292576990526e-07,2.748633358780152e-07,9.785101131252802e-07,0.998386853893853,5.014899701719105e-06,0.0009797194639545618,0.0005281820564264179,-27.7453125,5
31092318,0.0002937287446212181,0.0007530694321223896,0.015130169415943357,7.16894509310872e-06,0.00012298907796168507,0.367272713851275,0.1205257704273128,0.4952805577483431,0.0006138323573271091,-25.194444444444443,2
31092351,8.871328383780873e-06,4.928488373713133e-06,1.5163629553351745e-06,6.781536637961322e-06,0.0001624945613954745,0.22237269169061544,0.0004728602819312302,0.7730565959089136,0.003913259840793424,-29.652380952380955,5
31092360,1.0361683438920682e-05,6.130925092012995e-07,9.917841238007552e-07,1.799620149625799e-07,3.8942208113546585e-07,0.021538194474298514,6.13832232861654e-06,0.9781054975394518,0.000337633719753011,-30.217391304347824,2
31092365,5.972115623851187e-06,1.380325880232113e-06,3.134192993139521e-07,1.027048111190272e-05,4.839130470821889e-07,0.030916685665922365,0.00297412600269798,0.9660168206973647,7.394737905264165e-05,-32.938095238095244,1
31092368,0.0012603823070317043,0.00010840307583806479,6.401676625776504e-07,1.1602290770486297e-06,2.52081256915845e-06,0.10999566926395431,0.0008052262149971876,0.8813076581912979,0.0065183397375721715,-33.964285714285715,3
31092576,8.984781470344615e-05,0.001729383567613956,6.51289875166366e-06,2.6826507196106715e-05,1.6518475692358338e-06,0.9641843041442023,0.0004136676715376786,0.006407194132646263,0.027140611415779354,-28.141860465116277,5
31093928,0.00014794555685588876,1.1621705647215472e-06,7.900456315884145e-07,1.7560959221451764e-06,1.2913545022336572e-06,0.7090962083774544,1.5201468899298362e-05,0.2906742219536295,6.14229765403174e-05,-30.474000000000004,1
31094261,0.0002424787184642497,3.6105725022691593e-06,2.4046909475209117e-07,4.06509404665258e-07,8.332206223187847e-07,0.9975816613495475,1.1621102472926238e-05,0.0021314235656824756,2.7724492208822485e-05,-29.45,2
31095189,0.0008227742299158044,1.4566531095733096e-06,5.9914347413216655e-06,2.0018718004078604e-06,4.554098750766028e-06,0.7903918330975719,4.45692853933398e-06,0.20853032286437956,0.00023660882119133468,-29.46693548387097,5
31095223,0.0007830605820514443,3.1388172779092524e-06,1.2996075062345417e-05,3.655955824006524e-06,1.3975278322561636e-06,0.9943355248010569,0.00010120568952353386,0.0027183033046035876,0.0020407172467681364,-30.137106918239002,3
31095466,0.0005600653666556613,3.00959115376003e-06,5.8524671074897695e-05,2.4080664804026637e-07,1.732948214857422e-05,0.9985794257631037,4.306926901168346e-06,0.0007655885887574513,1.1508803556829316e-05,-25.128571428571426,2
31095563,0.02284590101294631,2.971737667882977e-06,7.969775022032431e-07,2.752178680153976e-06,2.282379434950349e-06,0.11500931911330754,0.001991991495722809,0.8583844147929778,0.0017595703117603877,-29.125641025641027,4
31098221,0.0001508948270915533,3.333020138628989e-06,5.878211556751951e-06,4.551241310649001e-05,8.79719696951949e-06,0.27020620176267834,0.0008347465163964584,0.7270381159016299,0.001706520150432456,-32.24651162790698,5
31098235,4.115433705771955e-05,4.678374257957647e-07,1.928301087665848e-05,1.8542315851410607e-06,1.549713262754564e-06,0.22735319489118155,2.9763014516957077e-05,0.7725341489675785,1.858399651482719e-05,-31.558333333333337,2
31098488,0.008640355434024883,9.37528445098786e-06,1.1113109505932498e-06,1.540199650781652e-05,3.2043614718254733e-06,0.9493806102949425,0.00014296688143999157,0.04082416597688623,0.000982808459325295,-31.506249999999998,3
31098535,0.00015792811273923242,8.355029749104422e-07,3.8399942625457795e-05,7.057066932451618e-07,2.5436854106893333e-06,0.9407726430456835,1.9361668989299558e-05,0.05515806123191514,0.003849521102968565,-29.193333333333328,3
31098546,0.00013054908738582423,8.005126335165526e-06,3.5484909485607017e-06,0.00021997144991481782,2.5042601974041108e-06,0.8997808964498071,3.9208870868673936e-05,0.09704823538328401,0.0027670808812584593,-29.991228070175435,5
31098797,0.00044089682333206147,1.77920083958244e-06,4.880226030156837e-06,1.1958414106121335e-06,4.376808211197181e-06,0.6068670929323292,0.0003469820709704652,0.38420772657181274,0.008125069525063956,-32.84285714285714,1
31098837,0.00016466383765222745,3.695245807136992e-06,9.48106035256143e-06,1.7644106416101174e-06,4.682770807867234e-06,0.8836705260235213,5.7063346752549484e-05,0.1094582170849592,0.0066299062195055835,-31.38,4
31098970,0.00033537847894049284,9.678705794715059e-06,0.018727672677188383,5.265403626969757e-05,0.006449982931080468,0.8370723163351769,0.08748010682162059,0.04613116476870514,0.0037410452452237035,-25.133333333333333,2
31099517,2.627120771599622e-05,0.00016338606373182284,4.776009325953402e-06,7.222373041402788e-06,7.88716656487123e-06,0.025874117365654224,0.0005958379008084946,0.9722308606641245,0.001089641249032796,-33.11739130434783,4
31099597,0.0008340773673658232,2.322581799368137e-06,1.1802383742110484e-05,1.4409910644557083e-05,3.728755344613943e-06,0.9565907622746205,0.0014886789821170533,0.028769333385445798,0.012284884358920355,-30.16,2
31100454,0.0005529879653067889,8.041643412388507e-07,8.738536072980706e-06,1.1408391760030802e-06,1.3774350860070578e-06,0.9602620080533069,3.628319278499117e-05,0.03906318642077147,7.347339315365027e-05,-28.087179487179483,1
31100577,8.146419363643133e-05,3.8453129053946886e-07,1.409769625800274e-06,1.8688678611421002e-07,1.9062586368642955e-07,0.9994990559779688,1.0830313355424548e-06,0.00035198525564051117,6.423972785267184e-05,-28.713513513513515,3
31100616,3.882470565336791e-05,1.6980910924473103e-05,0.0012610181238662229,5.436161854964062e-07,8.03765410875013e-07,0.9971190770582894,1.0704233126346533e-05,0.000897523803271211,0.0006545237832727327,-26.51764705882353,3
31100721,0.005539392971327654,2.072797813992762e-05,1.7199814159324745e-06,4.504477714036403e-07,2.0742288432995995e-06,0.9942712861856997,7.009565263898294e-06,8.62285041955822e-05,7.111013734258079e-05,-28.59245283018868,3
31101282,0.11643881069625343,1.1350062225226022e-06,3.3801500338131658e-06,4.565706194456779e-07,2.6364996707745057e-06,0.8769990282713146,1.1437877115705185e-05,0.0005963782266430531,0.00594673670212643,-26.166666666666668,3
31101571,3.0161729738161668e-06,2.0134387057314784e-06,8.899286293234651e-05,0.0002635159518180328,0.08252503144378451,0.8192954476706878,0.00011375937502986248,0.0975594234774684,0.0001487996065993697,-23.078571428571433,1
31101590,0.02853368374582185,6.5032014492905386e-06,3.0984506574890176e-06,4.5188703170719674e-07,5.400531503378082e-07,0.9692396477788863,9.735455072013007e-06,0.0021783846252994496,2.7954802631671796e-05,-31.439999999999998,4
31101636,0.019477580645461564,5.732178939174285e-06,0.00023997391258446567,2.874654612501553e-07,6.984954774742189e-07,0.9798548355991455,1.2374679219517893e-06,0.0003961240261678685,2.3530208840569976e-05,-27.820754716981128,4
31101662,0.013958399517274076,3.0841781471240544e-06,1.8574750706493797e-06,6.071153041037371e-07,8.629072584985828e-07,0.9837009274642311,4.909945451925073e-06,0.00029471576026333533,0.002034635636998968,-30.304054054054053,5
31101982,0.005510683572392931,8.142213775028391e-07,1.4698830710112437e-06,2.1698564581244495e-06,7.599744256827032e-06,0.9859195459632464,1.504163297525181e-05,0.008507447909951728,3.522721627039082e-05,-30.203225806451613,5
31101990,0.011213050343267816,2.8723282053414734e-06,6.011609929795152e-07,8.062575179042248e-07,2.081220243975187e-06,0.9460168069660849,7.86405508044823e-06,0.04267656288388889,7.935478471762154e-05,-32.92448979591837,2
31102030,0.8456547186243966,5.552793344122781e-07,5.370673506761435e-07,4.3775184877716183e-07,3.141049402322324e-06,0.14727952818600573,1.1910120863856075e-05,0.007044658711625822,4.513209171706097e-06,-32.63965517241379,5
31102060,0.0004569759389191959,2.340437504057156e-05,0.0010435099246858175,9.318287994131628e-06,0.003318628421478088,0.20098272866472638,5.383384767779517e-06,0.00016707026841612574,0.7939929807339718,-22.87096774193548,1
31102095,0.00934606885875629,1.5045243574938423e-06,3.488107820117384e-07,1.1474456254062267e-07,7.782683833637719e-07,0.019033089887155383,3.635430189189695e-06,5.700190172881641e-05,0.9715574575740848,-28.354285714285716,4
31102113,0.00027273627517940507,0.028655507958822515,0.00016717645387425906,2.7193085481623033e-05,0.04292623925875251,0.5574494441511034,0.00044807661715196137,0.006644000485086224,0.36340962571454805,-13.865625,3
31102124,0.04647792789224169,7.675568461355101e-06,9.30892783786854e-06,7.398389964117971e-07,2.0996661470084272e-06,0.7725160714543736,2.01020449885736e-06,0.17548594170088017,0.005498224746563053,-30.976923076923075,4
31102159,0.09055761129191392,2.8308649696385847e-06,1.3084196574624127e-05,5.498910748516144e-06,2.2841599111325275e-05,0.8870876792832043,1.9777837187631987e-05,0.001619159690014772,0.020671516326275136,-27.530952380952378,2
31102167,0.08204191865755092,6.523464670039505e-06,6.6730845323162625e-06,1.5210963923920282e-06,3.933820515811239e-05,0.5876859155449241,1.1075157522334474e-05,0.00017701617630435344,0.3300300186129454,-27.699999999999996,3
31102177,6.6379002413042415e-06,4.897956096565474e-07,2.9661377310580697e-06,4.199010858699394e-07,8.76431544516074e-07,0.9994203174612425,1.1225414420063958e-06,0.0004638444225263874,0.00010332540857651068,-29.7,5
31102195,0.00032174773075638926,1.0839074782552855e-06,9.945604035315226e-05,1.0796401646772594e-06,9.575124440459868e-06,0.9946982903974225,1.0556077637239586e-05,0.0008446493763751385,0.00401356170537222,-25.941509433962267,2
31102203,0.015361730523782424,8.536129209376492e-05,5.761215351186198e-06,8.907720712216454e-07,5.782372355534288e-05,0.9752193680932603,4.3261776125607425e-05,0.00027535582362892507,0.00895044678013108,-29.59051724137931,1
31102222,0.0016314130804941124,1.0631477511514043e-06,1.0905150584444134e-06,1.1497844321119647e-07,3.7223656691375446e-06,0.017709670231387274,5.748539050652629e-06,0.0002869120146322041,0.9803602651275137,-28.259999999999998,1
31102228,0.010783357067963068,2.4682404162087924e-06,3.411106689047765e-06,1.2621025763420611e-06,1.275641978639092e-05,0.0909682096523441,9.474113904124352e-06,0.001014462835455284,0.8972045984608654,-28.442105263157895,3
31102259,6.088689108235914e-05,6.874427062615255e-07,5.077831630392044e-08,8.452016213481575e-08,1.717100234866889e-07,0.9990397804767611,1.8506450331060143e-06,0.0002573666126384497,0.0006391209232767528,-31.099999999999998,3
31102260,0.07557164317365676,4.999496960491514e-05,2.639893605421612e-05,1.9970755835592962e-06,1.0630759840338578e-05,0.867902400517792,0.00030316091727787114,0.054268869197496676,0.0018649044526937442,-29.79858156028369,4
31102282,0.011844335648230595,2.6758179915046516e-06,1.8285389637508798e-06,1.4237858130245054e-06,1.9201072333514915e-06,0.93954321524526,8.476018055062413e-05,0.04305781105989848,0.005462029616058675,-30.007142857142856,4
31102310,0.00022565992571276487,2.6551448087907088e-06,9.207307762532263e-06,7.151701730438723e-07,0.0311990352471398,0.042726457197205255,3.4145124350932642e-06,0.000162067214181319,0.9256707882805814,-22.47894736842105,2
31102311,0.017338297908392118,2.468322920610399e-06,1.0579950442706352e-06,3.6117838067456863e-07,7.307436774304498e-06,0.14176209122682237,2.0218513108802268e-05,0.000264713412875022,0.8406034840056819,-28.37878787878788,5
31102332,0.0009041434407139064,1.7292971317000164e-06,5.115260538603582e-05,4.7570934736911814e-07,1.9391242289550915e-06,0.9973661782447827,4.94847471100662e-06,0.0014309970084352222,0.00023843609526316055,-29.17636363636364,3
31102375,0.0002885232854951111,0.00014832956820814408,0.0005074146215102796,7.192329224621779e-06,0.003164567886526579,0.8766980278151819,9.613169748710745e-05,0.0010849424553222556,0.11800487034104405,-19.722727272727276,1
31102524,0.15986278760063022,9.396758160586853e-06,1.1280027132070683e-05,9.400559259504599e-07,1.1210784356983443e-06,0.8376528613110744,1.1737182273785056e-05,0.0021992315946856803,0.0002506443916815629,-32.0047619047619,4
31102686,0.0035584683489768725,6.915415543228142e-07,1.5353280745295928e-05,2.2598737818252895e-07,4.1018118474601165e-06,0.026661017926628415,7.56951227497894e-06,0.0007404329407316157,0.9690121386498629,-28.18057553956835,2
31102687,1.9907754910155056e-05,1.8480589647790578e-05,9.340631633652623e-06,2.9137038526819203e-07,0.0006361901201929192,0.036434524934435,2.786376770096455e-06,5.130888577347685e-05,0.9628271693362516,-19.92686567164179,4
31103067,0.006951580122619468,3.531553110186808e-05,7.059809333413073e-07,5.346912800983695e-07,1.6557022799267294e-06,0.989123532416091,1.3939199387974084e-05,0.003772112418617172,0.00010062393768927596,-30.94571428571429,3
31103123,0.00038379028210260496,0.10509570923694156,0.0007058918186968775,0.00012132032560304611,0.017734872803024524,0.8304159448257569,0.00043756727534712475,0.044928309038693125,0.00017659439383431333,-18.340350877192986,2
31103748,0.005301000558642116,1.7851276701317882e-06,3.5560341525990223e-06,1.22842343727536e-06,9.037533430448925e-06,0.7355831087932401,0.0004406055026371258,0.2565309400337556,0.002128737993034582,-28.68421052631579,5
31105410,0.0026573881056150515,3.197237462429594e-05,8.179017737374375e-06,2.4304289413562272e-06,4.575947922514864e-06,0.8469418380423126,0.002000425486890178,0.14733464240861938,0.001018548187337084,-29.81666666666667,3
31105429,0.0007753899433719832,1.5475935208141848e-05,3.632110216706141e-05,6.627352246152361e-07,1.4053407447375663e-06,0.9952096431680898,6.460503668914011e-06,0.0027735047053667975,0.001181136566158006,-27.272222222222226,1
31105504,0.026170684396590742,3.75402967183238e-06,5.0953838362789955e-06,1.5812159348074663e-05,3.283480838374775e-06,0.21517133856606155,0.057584557598888024,0.6975285873935835,0.0035168869911817637,-29.01875,2
31105508,9.754465877499836e-05,3.392309777841341e-05,0.041831973653694024,5.874407606049992e-06,3.284755982980393e-05,0.831526583859949,7.180448223309179e-05,0.11920423437125226,0.007195213908882374,-26.85945945945946,2
31105858,0.03582162719223315,1.732569021585223e-05,2.581517121427985e-06,3.157704853843067e-05,5.433841620769813e-06,0.1914976385981646,0.0012352592352985936,0.7530306954172009,0.01835786145960636,-30.37631578947369,3
31106942,0.0004512014064063373,3.637777123347148e-07,2.2394944459626645e-05,1.299770653989141e-07,1.884675399539122e-07,0.99939011208388,1.8712431860406374e-06,0.0001261465813442919,7.591518406046706e-06,-30.057692307692307,2
31107596,0.00010973816065204374,1.26144185138438e-06,0.00010212152731990039,8.427858971428839e-06,0.0033649391146070764,0.7586709697321965,0.00018045068709299559,0.2373760991337603,0.00018599234354836522,-27.09090909090909,5
31108170,0.02146197832509849,1.3993032282446544e-06,6.103896544357229e-07,1.4487397511559488e-06,7.867080874123823e-07,0.9778035521532377,3.3552079562041037e-06,0.0006207335649197281,0.00010613560806658555,-29.65694444444444,1
31108256,3.829217097884978e-05,2.6742994566479862e-06,1.2592349856591942e-06,5.184462819349397e-07,5.771606749296049e-07,0.9978722185637308,3.8371001418713436e-05,0.0019993932988083426,4.66958236641859e-05,-29.31978021978022,1
31108293,0.004136170150765441,1.1310486384804554e-06,1.6661793995574414e-06,2.9533784921775007e-06,1.2094683588270868e-06,0.8218017703241391,2.2735904114320823e-05,0.17399655828402205,3.580526207020393e-05,-32.47777777777779,3
31108415,0.0011538698805694952,2.768647879427872e-06,4.1969935448971765e-06,8.459806560131083e-06,5.817501706558653e-06,0.45719728067088283,1.3394157008730682e-05,0.5414353161484686,0.00017889619337933127,-30.507999999999996,3
31108803,2.0840529366588054e-05,7.98924305416864e-05,5.9798260202632145e-06,0.00034494815692435,0.012052620296661607,0.7382745549854274,0.000142377212314204,0.23095018471979512,0.018128601842948844,-26.669918699186997,2
31108823,0.00060970132758149,5.71998258807164e-07,3.509715446971477e-06,4.5306535977083584e-07,1.1312125798423697e-06,0.9888599332861799,5.336895372616393e-06,0.01038166577839986,0.00013769672082067212,-30.662376237623768,4
31108897,0.00624355352661413,0.0007272067725580038,1.4668403467525556e-05,3.24909720761646e-05,3.729132056833252e-05,0.10462623938272805,0.005508740597317477,0.8254348605483562,0.05737494847631409,-33.16470588235295,3
31108923,0.0017386420176033765,0.004394453364811019,7.615344385323096e-06,0.00018654943839200002,0.0007386125269846771,0.7143644786970847,0.012621356342988692,0.2561344824187181,0.009813809849032074,-29.0,1
31109070,0.000686880503687734,0.001780216988734994,1.1258930266738436e-05,0.00016373443047722064,6.833551659809961e-05,0.6784616424384047,0.20932710548013728,0.09173720634360398,0.01776361936808934,-28.44166666666667,5
31118066,0.00829378292181059,4.65423493851968e-05,8.960963028937798e-05,6.780365438029962e-07,1.1931502772634472e-06,0.007282506046989868,0.0018200844710427623,0.9821344677526672,0.00033113564099387347,-31.872727272727275,4
31118663,0.0002039688570164035,1.6565366510767856e-05,1.382738075544039e-06,1.99930039973043e-05,1.72832036068067e-05,0.7252215034679945,0.2619602968130194,0.009445680902821873,0.003113325646957426,-30.681679389312976,4
31119755,0.0008946812285926514,3.1224287081057223e-07,7.194286855432019e-07,7.827064581026959e-07,6.303406917523288e-07,0.007236750021490147,0.0027271701982259804,0.9888603175518771,0.00027863628110776274,-32.18888888888889,3
31120776,0.0003383786140295836,9.38057359575044e-06,2.39011520692706e-07,5.230104481436013e-07,5.323180830510129e-07,0.9691965277412614,1.2066020525148847e-05,0.029783018477454026,0.0006593342330821068,-30.973809523809525,1
31120853,6.181716948004528e-05,3.091344886528136e-06,2.8203085369033407e-06,0.0001033034388700379,9.541126642812979e-05,0.9254481200923991,0.026273942962490044,0.04607648276362589,0.00193501065328355,-23.9,4
31120904,4.136212046399337e-06,1.3181578603209783e-05,1.2430706683962108e-06,0.00016261590241855358,0.0004989106598210391,0.05493182026171872,0.00011078805854295794,0.9434735955583927,0.0008037086977880233,-19.913333333333338,1
31120956,4.216081227196653e-06,6.917132353838293e-07,2.158526541486103e-07,1.2042150866182273e-06,1.560483755534187e-06,0.02974800676999255,0.0004843850503354904,0.9697431269436102,1.659289010287414e-05,-28.88888888888889,5
31121042,7.508897418293463e-07,1.941060257924039e-07,1.1611864328571003e-07,9.84712392085217e-08,6.858109556599934e-07,0.03535168657497536,0.0009495454026133465,0.9636920045639772,4.918061828179491e-06,-29.8,1
31122006,2.653718509305971e-05,7.973019455940616e-07,6.693618755216276e-07,5.049973021052915e-06,1.5961768427178813e-06,0.6847020680561394,0.2583848302817848,0.05660536993207618,0.0002730817312216162,-27.27560975609756,2
31122273,0.00016988111476285946,7.604549846756229e-06,1.674841664061433e-05,1.345718288779202e-07,2.616588283963753e-07,0.9995993659897068,9.96023554995727e-07,0.00018126832849330043,2.3739346337587757e-05,-29.55333333333334,5
31122370,3.5919934047094545e-05,7.81696053418146e-07,1.6376045876894764e-06,7.063775759924829e-07,1.9211727772583828e-05,0.9743592165233611,0.00015653182662904392,0.025167007090985946,0.0002589872189873517,-28.05454545454546,4
31122797,1.6690238429688988e-05,2.94154032130209e-07,1.5952308745685682e-07,2.941857326259216e-07,3.3491870590025377e-07,0.9966145166747369,7.894451153029839e-06,0.003082367292843315,0.00027744856127895427,-29.89726027397261,2
31123191,1.0132055133677863e-05,0.009857061927232512,0.01446072102390341,8.87452983173354e-07,0.0004184721217124836,0.9642604587624949,2.122936704355952e-05,0.005514489898763917,0.005456547390732118,-19.375,2
31123763,3.486842753507243e-06,0.00047124246444500885,0.00015575137323030181,3.053288579330158e-06,0.023300318373962615,0.8458306079024457,4.738249462710057e-05,0.08511529180866896,0.04507286545128745,-21.923770491803282,3
31124074,1.4004081655978469e-05,3.0812526387542663e-06,9.107218085054868e-06,2.6676613007981237e-06,3.1607460082935097e-06,0.6104218022010655,0.03011807999994055,0.35891746286072074,0.0005106339785842432,-31.66176470588235,2
31124257,3.273833928008761e-05,9.831760301935365e-06,1.3279239604650532e-06,7.120896993342721e-05,2.8433448845162964e-06,0.9709843113920139,0.016361170189576314,0.010588950470553452,0.0019476176094957766,-29.904878048780493,1
31126094,0.0036695185127338793,3.1467370627403986e-05,3.854672886677957e-06,3.1265533186308093e-06,7.814034397210335e-06,0.8880567758009965,0.00014275947945302045,0.0953290480345139,0.012755635541072735,-29.75984251968505,1
31126311,0.0594766759850457,1.1227818273829958e-06,3.2323373478251784e-07,4.5943470622526783e-07,7.358349100545036e-07,0.07107485838203952,5.9368289790869535e-05,0.8691305365391491,0.00025591951879638797,-30.247368421052634,1
31127400,0.0008745174053702909,1.392428584379706e-06,4.216432907812691e-07,4.946286004526112e-07,1.240595756437436e-06,0.3085248454963811,1.403916402406483e-05,0.6896992048585675,0.0008838437794249814,-29.39622641509434,5
31127557,0.000373324746154225,1.578709519773081e-05,1.339684818965571e-06,5.620930697571989e-06,2.405821667329316e-06,0.5155924205099403,0.00015403178428743573,0.48357611882808427,0.0002789505991522319,-29.072413793103454,1
31127792,0.003135233461884811,2.252038977151149e-05,4.2929834186089065e-07,2.0743508739165896e-06,3.5540077736758623e-07,0.980408615810177,5.235608386731019e-06,0.016354474955002325,7.106072478442647e-05,-27.745999999999995,5
31128746,0.005327440889005063,6.183918547304179e-07,5.959295577686098e-06,1.916857284731461e-06,6.949940127701891e-07,0.9714869378986968,1.6311761215672395e-05,0.02308816569602354,7.195421632894327e-05,-27.608333333333334,1
31128826,0.0006341955264864595,7.261123005137282e-07,7.027131689393535e-06,2.3005465375957174e-06,7.792754741457032e-07,0.9692575027821525,3.0915889972661204e-05,0.018534712861574328,0.011531839873812387,-27.961403508771934,1
31129062,1.907883240635642e-05,2.519611233592164e-06,1.563064999782457e-07,3.0070532725596487e-07,7.907712478851913e-07,0.9954882093756033,1.6267727193464287e-06,0.004401210797111245,8.610682785083631e-05,-29.49277108433735,1
31129288,2.827230461764173e-05,2.1278260380744622e-06,1.8390527518124515e-06,8.410758209848244e-05,9.301760813334116e-05,0.481667743298217,0.3853329079264817,0.13262158962909867,0.00016839477256333952,-28.45833333333334,2
31129324,0.00010805516527097194,1.8073655270852346e-06,1.029365683404643e-06,4.558823039305281e-05,1.0481809923883077e-05,0.5523776923535906,3.061263156951297e-05,0.4471946889630335,0.00023004411500812715,-28.8546875,5
31129344,0.0001236119743675252,2.295554508015667e-07,6.609222334618557e-05,1.770586392547084e-07,1.989976824629082e-06,0.999750922644511,4.925334741403162e-06,4.448136087338411e-05,7.56987124560026e-06,-27.50833333333333,1
31129356,6.0730217526321286e-05,6.741712474109677e-07,1.576494807530015e-06,7.684138247279736e-07,8.034950155627302e-07,0.41141515751249486,3.371996563289092e-06,0.588504581578464,1.2336120056196645e-05,-29.43417721518987,5
31129387,0.00012038164748030045,9.323065073202612e-07,9.484740608931793e-06,1.8090227279817221e-06,9.408976632654717e-06,0.7557020559954597,7.412341239074147e-06,0.2437003696774484,0.0004481452918955743,-28.474000000000004,5
31130890,0.016013284706533033,2.5734581364776967e-06,9.733064717261374e-06,4.1960167683464915e-06,2.819510620140491e-05,0.8046788799643465,0.00977090136616504,0.16942759987097467,6.463644615739951e-05,-28.566666666666663,4
31133546,4.620303354894246e-06,0.0006922843833515322,0.008412507197565937,8.520409325114364e-06,0.0057037990539088234,0.8419140284585717,0.0017281262809002386,0.0694557492667023,0.07208036464631949,-25.031521739130437,1
31133797,0.010800808328959124,6.97902455529618e-07,8.617340314842947e-07,6.249189549600206e-07,1.5867778601245752e-06,0.8958387443688256,0.00011336109523853364,0.09307417598932553,0.00016913888434919334,-30.041666666666668,5
31133995,9.66189208220495e-06,1.7841994530297571e-06,1.6237767543034093e-06,3.8881067559206386e-06,3.376362784006778e-06,0.9361133247154325,0.00024364372378951133,0.054231010036317945,0.009391687186630525,-31.36428571428572,4
31134996,2.7524286943281855e-05,1.0032017903411363e-06,9.61151690569823e-07,3.2018519507348885e-06,3.687124681253355e-06,0.14550303820405877,0.00015937969693736288,0.8542660662972622,3.513818468534321e-05,-32.29767441860465,5
31135876,0.0004683881720717363,1.4592545493994103e-06,2.0926758109439397e-07,1.3859122727494806e-06,4.478707127939872e-07,0.0031092544375353436,3.071430229921889e-05,0.9963711455031968,1.6995279780664588e-05,-33.34736842105263,2
31137256,0.03843185368532495,1.6289665487060782e-05,1.3096462745106398e-05,6.753530817948458e-06,1.8006420161713161e-06,0.7906609766425993,8.594771598318063e-05,0.1704390137517353,0.0003442679032909941,-28.175,5
31138265,0.0012038624270560181,2.6364192215736175e-06,1.6068733991734683e-05,3.967315013268536e-06,9.262338696935228e-06,0.17053067992633306,0.00020848788854198826,0.7810381137172265,0.0469869212339189,-33.67358490566038,2
31138766,0.0003150771507688687,7.395695611392494e-07,4.2819840062483326e-05,8.66216827038721e-06,1.7098872372393858e-06,0.7362096223335772,2.5625882493378117e-05,0.2618347860039751,0.0015609571640543493,-30.24722222222222,3
31139960,1.1287239626034722e-05,2.97508507626416e-07,2.574830832999835e-07,5.056773986023253e-07,5.692915168838118e-07,0.013248893944294664,4.708764794489756e-05,0.9866900506685001,1.050539127862116e-06,-32.38108108108107,5
31143667,0.00031049577603010366,4.573088948561849e-05,7.505664038421733e-07,1.69538961353699e-07,9.09242258822158e-07,0.999158065477517,2.1466651678351084e-05,0.0002073249440124582,0.00025508691365262205,-30.408333333333335,1
31145474,2.7865894280024346e-05,0.0025360304235243283,7.161857153112031e-06,0.0018717877829700713,0.018318478012785334,0.35078897203953885,0.004073538206940189,0.6209138096461413,0.0014623561366667347,-20.426666666666666,4
31145500,6.432230752023735e-05,5.740670991025209e-07,2.7002480546989996e-06,2.7058076290603444e-05,3.519731840665581e-06,0.984766212908278,5.326328131371976e-05,0.014786838225545967,0.0002955111540567838,-27.048275862068962,3
31146091,0.003369362034975948,3.383256387013025e-06,0.00026188418184344215,6.14525827153104e-05,1.4036796742029878e-05,0.31397162140093804,0.0015093674726370983,0.5941929051049892,0.08661598716877192,-28.178125,4
31147154,3.360757267829271e-05,2.0946803670943287e-07,1.9770477450874783e-06,4.3520344055567744e-06,1.5350683686886333e-06,0.007916741475092992,5.26193701676332e-06,0.9920334201201377,2.8952765179715297e-06,-32.2962962962963,1
31147204,0.00803699649401515,9.579678231354662e-07,1.2235643996904144e-06,1.0599128796760621e-06,1.8143379530396166e-06,0.13648084650985354,5.2059868297543937e-05,0.8554185881565499,6.453188228435348e-06,-33.14,5
31147238,0.0001802286109985509,5.4052918053862745e-06,7.461056809716003e-06,3.1805328391737744e-06,3.888067348033646e-06,0.5955411970685204,7.726268680822832e-05,0.4040023666419084,0.00017901004296213023,-32.96315789473684,4
31147244,0.0067465575998627274,7.348649106145801e-07,4.457789272017975e-06,4.796357128536419e-06,1.988297991299516e-06,0.052266672347480524,4.2083470378898806e-05,0.9409070106068194,2.569866615597817e-05,-32.343999999999994,2
31147299,0.0006085076791084887,2.0081938875428508e-06,5.639319049677681e-06,2.2099090353226667e-06,1.265609010358468e-05,0.8550767442908597,8.227725926110207e-05,0.14370292926686942,0.0005070279918252198,-29.43255813953488,4
31147579,0.0006097039067834818,6.528516990905019e-06,7.3345574643134944e-06,7.95479562581654e-06,2.7181243062557452e-06,0.5478977121311713,0.00024986518567759043,0.4387895099192345,0.012428672862745812,-27.041176470588237,4
31148199,0.008181693473478935,7.88320935511668e-07,2.6706257709243797e-06,8.924427592971841e-07,2.8436585705868196e-06,0.7778532670135265,1.916718063576834e-05,0.21390438044638235,3.429683793999709e-05,-31.811320754716984,2
31148844,1.0002794261761394e-05,5.947713714209228e-07,2.2275885379084173e-06,6.343052494107724e-05,2.367575029564387e-06,0.13566801794493616,0.0003926783695845801,0.8638310864073818,2.959402395575119e-05,-28.02133333333333,2
31151490,1.932830660221528e-05,4.4139765102042464e-07,6.181291903654842e-07,7.507978671944381e-07,7.306371314756234e-06,0.881507426872898,0.10855160416148339,0.009648244784304792,0.00026427917868851014,-28.362499999999997,2
31151495,7.777556914037683e-06,2.3810518127302043e-05,9.253309932382665e-05,2.835415762026802e-05,0.004729373366797172,0.9385262540026393,7.769308140861226e-05,0.05472688584276304,0.001787318374406352,-24.85,5
31151654,1.048952123860625e-05,0.008598307959476753,0.0021601641867731074,0.0006067360621646938,0.018857868959877802,0.9428337669262761,0.011727405861391156,0.011123981863688365,0.004081278659113407,-23.658749999999998,1
31152126,0.0001631823169287372,2.389961484133016e-07,1.239117656584593e-06,1.5240844180413354e-07,3.4976936228204165e-07,0.005516053415046404,0.00017192469183773275,0.994133959489652,1.2899794925971942e-05,-34.023809523809526,4
31152272,0.0003984230290403997,7.264873924780525e-07,4.790176151749249e-07,2.9346465818687654e-06,1.0691807743391753e-06,0.9863335126090852,0.0002160735711950315,0.013014500150482439,3.2281307832907e-05,-28.948,3
31152300,0.014851430106916865,0.0001800656239094626,4.935176326105472e-06,4.218749375957585e-06,4.090402974394075e-06,0.09117863809808038,0.0031653386613247733,0.8289980742935852,0.061613208887506925,-30.077777777777776,2
31152348,0.005870195057522542,6.499430219831317e-06,5.759000012437683e-07,3.0829196575700182e-06,7.318714159743633e-07,0.06798662631878961,8.318649847829126e-05,0.9260213429246679,2.7759079246977205e-05,-31.14,2
31152702,1.4578959818017567e-06,6.229640843737494e-07,1.2602197102714308e-07,4.453782593748816e-05,1.0421785360724008e-05,0.014879309854779131,6.0713493337698165e-06,0.9850480076459509,9.44465660082114e-06,-31.52777777777778,2
31152712,3.849069434032098e-05,7.161728937627035e-07,0.00014386207999488577,1.5130619820718903e-06,8.626660882336413e-07,0.08362981652621082,7.755397784561168e-06,0.914209984288512,0.0019669991121933216,-27.53125,1
31152721,8.07718406515654e-06,1.1497824713864109e-07,8.415023461271045e-08,7.539250874173196e-06,2.3920318954596004e-06,0.0054295269073557405,5.390323905269218e-05,0.9944158489775041,8.251328077085471e-05,-29.67777777777778,3
31152747,2.0726993577919083e-07,2.9648160032180194e-08,1.7669180758580674e-07,1.2815708347296687e-05,5.162254768297843e-08,0.0006959842641195158,3.947785572850236e-07,0.999284822922871,5.517093653811397e-06,-32.8421052631579,4
31152758,2.025556199287231e-06,8.582960877529764e-08,4.9696325190426207e-08,2.129310677571775e-07,4.840660259153058e-07,0.005515901027654032,1.0576933231966896e-06,0.9944706973733396,9.48582645624118e-06,-33.22666666666667,3
31152820,1.4716641985887757e-05,2.688098997226766e-07,5.900925201336783e-06,5.941413380549419e-07,4.357805832447499e-07,0.10565810400056128,5.769203661963795e-06,0.8941816958104074,0.00013251468636099782,-28.686206896551727,1
31152916,7.888401190530252e-05,6.855660637168831e-07,1.109834423071193e-06,1.8550312501563814e-06,4.471595146151789e-06,0.09983928887463792,5.078021954664776e-05,0.8993445119572149,0.0006784129098121434,-27.2425,3
31153036,0.0004874556105093174,0.00040982289929744376,2.7918500489677476e-05,4.723519389752213e-07,1.9196358465829416e-06,0.9981691547745928,9.193537656762827e-05,0.0007475434933483807,6.377735740902097e-05,-30.23125,1
31153435,5.377561967479389e-05,7.231868347000148e-06,5.984375934119236e-07,8.315754812487516e-05,1.1842995909548407e-05,0.10132300981729334,0.8933761620110788,0.004440875404343087,0.0007033462976352111,-30.6125,4
31153891,7.833400309707796e-06,8.480493258446683e-06,6.440860587063458e-07,1.1306207887906459e-05,0.00015369187185354543,0.08262224575161299,0.000423040139096394,0.9112507993105539,0.005521958739368615,-29.325,3
31153959,4.212163929416869e-05,0.00035938389389058797,3.5648382849751235e-06,0.0005125315926472102,0.0002677748234104187,0.2347401309163174,0.03644295716891248,0.7265303883491353,0.001101146778107374,-22.04736842105263,2
31155009,0.26229517401915325,9.983813815820266e-06,7.272039479355327e-05,2.4133013614236086e-05,6.23825410213096e-05,0.7238787403088749,0.009244898015336341,0.003607852530683207,0.0008041153627075878,-30.035294117647055,2
31155762,7.285536087177318e-05,9.396797192213371e-05,2.37186011106993e-06,1.2863821269450138e-05,3.035853040943984e-06,0.16716061551065384,0.06526431363727586,0.6798731339051607,0.08751684207969408,-32.176923076923075,5
31155815,0.0005914614775933326,1.9293329436204716e-06,1.029268390500815e-05,3.7213410875253606e-07,7.777879911245936e-07,0.23998188897013586,6.30290082661402e-05,0.7585303983669988,0.0008198502380573741,-33.89,1
31155853,5.267548446083595e-06,1.0802037568231582e-06,1.3145658370350732e-07,1.1912172524734612e-07,3.147810058361385e-07,0.01237714994824276,5.339401645839009e-05,0.9847643198710528,0.002798223052728376,-32.93333333333334,4
31155902,0.0004909051440506515,0.0002988132501537324,0.00258263473481631,5.363495807273906e-07,4.173197777505559e-05,0.9882449093227818,5.0033299788441284e-05,0.008266447397664028,2.398852338921317e-05,-25.004545454545454,1
31156367,0.03007103274674814,0.00034827854928043964,1.2240886836958515e-05,4.7924196836558944e-06,1.866201435341655e-06,0.09686250875400462,0.0013313141456335355,0.8071950371836655,0.06417292911271173,-27.772727272727266,2
31156390,0.0007412628509454762,3.3740752458537316e-06,1.541024892718402e-06,7.848910072813915e-05,1.5905961293977964e-06,0.06362533460865079,0.00010341564306890231,0.9278484355434822,0.007596556556856748,-31.10909090909091,4
31156459,0.007523468854249647,2.3521902365168824e-05,7.90019300019819e-07,1.129788181266367e-06,7.949880904148839e-07,0.013865687419790084,1.0836479330389539e-05,0.978410062454043,0.00016370809465002148,-29.330000000000002,1
31156691,0.0008559356429070855,1.8818882898979732e-06,4.59611286011654e-05,8.623083892324997e-07,1.6991647995724199e-06,0.9293028881410393,2.6129326859343014e-05,0.06768490971413632,0.0020797326849778205,-31.958333333333332,5
31157260,0.00011963879143786881,0.01710213307646332,0.0006098320937547524,0.00016866838766791637,4.788529647822107e-05,0.7013792324211756,0.031351981774801155,0.24579921981408498,0.003421408344136227,-29.756521739130434,1
31158028,3.908660622615805e-06,3.9309025882684245e-07,7.598161313916308e-06,0.00014924651038079192,1.5981861974333681e-06,0.09719962296588155,0.8867953539355884,0.01314720001683958,0.0026950784729169734,-26.87777777777778,2
31163426,0.00831051075860032,1.977238975758128e-05,1.375594810410071e-07,3.1848987544587085e-07,3.145618659536479e-07,0.0019777843030568724,4.72297092874394e-05,0.9895420955367558,0.00010183669131954911,-33.323076923076925,1
31163730,0.00015481898807577564,6.071094657843568e-07,2.227996993255354e-06,9.32117422711073e-06,9.188149181668147e-07,0.9938962873336015,5.26919457573277e-05,0.005856983934847803,2.6142702113158975e-05,-28.377358490566035,2
31163868,6.289759603883339e-07,6.003937417751553e-08,1.2396496422418065e-07,1.0943383902163464e-06,1.22484642858903e-07,0.002098839192104937,8.03696716687519e-06,0.9978876255671594,3.468470236981207e-06,-31.940000000000005,5
31164447,0.0008746328298814651,2.8623282650707717e-05,2.387330271121294e-06,1.1041316014725863e-06,3.6145964226467973e-06,0.3231929241593496,1.7172476808889105e-05,0.6757833207364323,9.622045658180708e-05,-33.75,3
31165378,5.590185932255119e-05,2.846286073488077e-06,3.799240915914976e-05,0.00105167652054939,2.113677753061259e-05,0.6370227719926698,0.0019384513277274477,0.3581755528501656,0.001693669976802086,-25.746153846153845,4
31165417,2.6151201671062615e-05,5.738456222153665e-05,2.5946726452745793e-05,0.3230464372905866,0.0016070297650037067,0.5515185920705881,0.010751285668023552,0.10645193305588135,0.006515239659571343,-24.30666666666667,1
31165430,0.00019993678780546442,2.287506381617189e-06,0.0004585457087290224,2.6688230343692304e-05,0.008199944608732933,0.9329092439965753,0.006743370848586646,0.051135897983327225,0.00032408432951816426,-23.89999999999999,2
31165433,6.826274244154659e-06,0.0008137423790072608,1.806737011730347e-05,3.595222282905925e-05,0.004146021565810283,0.8309067066639507,0.0008322305743176956,0.11071697384137238,0.052523479108351125,-21.63333333333333,5
31166297,0.024910708414468973,5.0728195003941625e-06,1.2472143859019295e-06,1.880723590411547e-06,1.460796116877381e-06,0.012030623212874902,0.0002673834149746882,0.9624606323735903,0.0003209910304974272,-33.50000000000001,2
31166410,0.013423324625368972,8.687498690105197e-07,1.2619523435247737e-06,1.2688722563119497e-06,1.1674906439065149e-06,0.012613471862535162,0.0007678213949729808,0.9729545397348589,0.00023627531715133775,-33.22222222222222,3
31166636,0.000415845412006033,1.8289747066329396e-06,1.9512367116764352e-05,6.855566934044645e-06,0.0005028283363029471,0.8991808589269391,0.04557484583396415,0.05381728989395334,0.0004801346880768437,-27.02,4
31167561,3.092307341365564e-05,2.205773676618149e-06,6.264236224447206e-05,1.003227642759579e-05,3.534846098496913e-06,0.4847162809748136,2.1732975751090205e-05,0.5135416348684485,0.0016110128491259683,-25.42941176470588,3
31167710,5.102042573676901e-05,2.5298278753050694e-06,1.6134014887585486e-05,1.883450343010902e-05,0.00012543492328101165,0.9046141029320958,2.7518204572383132e-05,0.09263965688308261,0.0025047682850384443,-25.725000000000005,3
31168546,0.022131224141959168,9.463691292714616e-06,5.876256795082149e-07,7.511825303699556e-07,1.0251491653567183e-06,0.9745191776900932,5.627068910808051e-05,0.002666990597399579,0.0006145092327720128,-30.806451612903224,3
31169018,1.6921353594283472e-06,2.7013722485210124e-05,0.00022599585531720464,0.000785319236526946,0.00010920252654122477,0.028655831605723225,0.9692628722651284,0.000918364620931701,1.3708031986681756e-05,-22.260869565217398,4
31169145,6.114513506085898e-06,0.006293972276642317,3.437751108024497e-06,5.406973052214211e-06,0.0071094245986864976,0.6093963844652425,0.14212258065578712,0.22187320534142563,0.013189473424549599,-14.151612903225804,1
31169590,4.6908796541742215e-06,0.7097854052792478,1.8914330371250964e-05,0.008949548174712874,0.003664675579987884,0.09531751547926758,0.013585906531944397,0.03062413003204225,0.1380492137127719,-17.88,5
31169861,9.528274444228952e-05,5.832287114451125e-07,5.222623094998984e-06,6.61913135566751e-05,5.466729625917321e-06,0.12242431529065226,0.01169475879966957,0.8655188255268541,0.00018935374339262696,-34.04375,1
31169996,3.2458003462330676e-05,2.1405714984439876e-06,1.0986878664834224e-06,1.3771639924703858e-05,3.148285089298317e-06,0.41195036944526936,2.9554606145139268e-05,0.5878779995383475,8.94592223966954e-05,-33.080000000000005,4
31170020,1.8766664644875876e-05,2.5973176313585985e-07,1.160354451901866e-06,5.673129242307624e-06,3.9998546441551686e-07,0.16390188549033766,6.554758042497145e-05,0.8359915212626153,1.4785801055373038e-05,-33.324999999999996,1
31170068,1.6207971589958531e-06,4.4757734116452014e-07,9.326326514684342e-07,7.088360021721476e-06,5.002846199396454e-07,0.023330070946325516,0.00024484129396452393,0.9763069498206759,0.00010754828724067202,-32.84333333333333,4
31170185,2.045420419341929e-05,6.524192389330736e-07,3.749915537547897e-07,1.3810774415865208e-06,7.994758623923341e-06,0.23650122074721128,0.00035729543155203124,0.7630987387799305,1.1887590254523132e-05,-32.36749999999999,5
31170343,0.02035850716565629,1.9497021589178866e-06,2.2010658184975263e-06,1.3747814943661293e-06,6.791100700348028e-06,0.967182437079375,7.770059225378889e-06,0.012372717001045948,6.625204452522003e-05,-29.44159292035398,1
31170584,9.124998620565253e-06,6.308090383145968e-06,4.048517342787404e-05,3.3086160418426716e-06,1.391002904784582e-06,0.42352090025077443,5.123596744894206e-06,0.5763842390226865,2.911924841601552e-05,-31.96470588235294,5
31171012,1.4877216769881044e-05,1.2369603267564695e-05,0.001846111248907274,0.06787029203391659,5.666319881704113e-05,0.12433307271189492,0.8029789816905295,0.00161073715376201,0.0012768951421352197,-23.891666666666666,2
31171039,4.074085924966651e-07,4.0270879292844424e-07,0.9868518185674165,0.0007016994003723572,3.184833859611089e-05,0.011137147134018758,0.001019642198887997,0.00012800035485022144,0.00012903388847253762,-23.636363636363637,4
31171174,0.002052326433907352,1.4570429520864039e-06,2.3399588290025196e-06,6.728861401697346e-07,2.6573285393229066e-06,0.3527980795787633,6.99434070738834e-05,0.6449938671807459,7.865618304902776e-05,-33.47428571428572,3
31171920,0.00045500648020285164,1.9694378700316596e-06,3.276174053644604e-05,2.2556717102941436e-06,2.7341798711499095e-06,0.6177893056714988,7.466846246925892e-06,0.38168023164521264,2.826832685067614e-05,-32.86666666666666,4
31172014,0.00026839260641036344,9.504701883636862e-08,3.6316357024343336e-07,8.681078411756643e-08,2.1004132648310597e-07,0.995471131275559,3.6199600762971373e-07,0.004250982724235685,8.376335087574185e-06,-29.9595744680851,3
31172094,0.0002143205057839678,0.021379329191515042,4.619745819773168e-06,3.4960952804943834e-05,6.771663829957399e-05,0.21052759832154522,0.5696990479617385,0.19528612492593897,0.002786281756553972,-30.391666666666666,1
31172113,9.131038423411975e-06,0.002372808067209624,9.227637061237556e-06,0.00028560654792694995,0.07662819093458062,0.009753568499501613,0.6691126938117957,0.24119168190850837,0.0006370915549925917,-17.07777777777778,1
31172126,0.0049216638527200315,1.0966932283493713e-06,8.491321767340772e-07,2.2487030689659893e-06,3.5507527636782674e-06,0.13661704042420678,1.3885848954773271e-05,0.8582975336858845,0.0001421309069962419,-33.922916666666666,3
31172564,1.3981452013762177e-06,1.3075903688259834e-05,0.0004495844002236083,2.2213092820748201e-07,1.2284953942594062e-05,0.9993146653408838,2.2390053245309943e-06,0.00012935812067226639,7.717199913543409e-05,-22.134615384615383,3
31172574,0.001624814361063364,2.2327126543887e-06,1.347533296468523e-06,4.689925045228818e-07,6.792937742412967e-07,0.9881010382310592,1.0664297198877651e-05,0.010193693942410618,6.506063603828774e-05,-30.637500000000003,2
31172892,0.29612367915187116,1.4822852173711977e-05,6.331107543547317e-05,1.930061764258637e-06,6.707586719451431e-06,0.7016234668193462,5.227108578198748e-06,0.0020422376347100303,0.00011861770940180028,-29.332692307692305,2
31172952,3.796427133461689e-06,1.1374608209799315e-05,0.1363950371693976,1.4662265597559082e-06,8.598949764199225e-05,0.5990826414856316,0.2625671671937238,0.0004269576327111144,0.0014255697589909972,-24.88181818181818,1
31172962,4.625534495762991e-07,3.628325033643652e-08,0.00014658676748915617,0.002547302069794604,0.0002674095916065952,0.002806333384592589,0.993601213808116,0.0002976329872234823,0.0003330225544777323,-22.31333333333333,4
31173125,2.836480280699229e-06,1.4583547765934363e-06,3.348804323653089e-06,2.452760020979766e-06,0.00020370070790771527,0.9970976570545532,0.00024091432563759404,0.0009256918132843558,0.0015219396992153273,-22.2125,3
31173314,2.1770130207808233e-05,3.4586382755884595e-06,3.5609646698388346e-05,1.0940697362721247e-06,0.0008048577071213586,0.9533635741663969,0.0002634114708384082,0.0452272485297862,0.0002789756409389466,-26.162790697674417,5
31173469,0.00016646195243613302,1.2678540004417916e-06,2.333513277175871e-06,4.6613954723690485e-06,3.4226165204579287e-06,0.7682639121817614,0.017380711657836372,0.21416671178401767,1.051704467799643e-05,-30.19473684210526,5
31173545,0.0013252143289711094,4.4374980553005355e-07,4.49982239278585e-07,3.299438463265437e-07,7.418014607954338e-07,0.9853683000709668,3.0232345761394384e-05,0.0017729858347596047,0.01150130194218949,-31.01971830985916,2
31173611,3.2083090138741836e-06,0.001293533710933861,5.1561888448865946e-05,5.233456043345092e-06,0.5024296079302174,0.2133901831142225,0.004583480740031689,0.019260913416566255,0.2589822774345221,-12.592307692307692,1
31173760,2.143107982119735e-05,1.2595493493398499e-06,3.230404692215208e-05,5.859729483422935e-07,1.989884948079597e-05,0.8832857781798057,0.018553174711641047,0.007748991210880876,0.09033657639915052,-26.165625,4
31173948,2.3232011761130818e-07,5.470816178273818e-07,3.960293799244525e-07,0.001105946377025708,0.0002714269623797003,0.005780294450141606,0.9838061785353259,0.00845808979736067,0.0005768884466509644,-24.12666666666666,1
31174078,0.00019870888060722513,0.0038829534204308375,1.2080266657574945e-05,0.0008982147884205622,0.00015656950280473354,0.3418307937117228,0.0039352316415744255,0.49118494396570483,0.15790050382207713,-28.588888888888885,4
31174107,0.002390545630522641,4.7640304956034273e-07,0.0001001906858325287,2.6948849045108283e-07,1.5855874524237072e-06,0.997067837137479,7.0104409338060645e-06,0.00033921306964350043,9.287155659596517e-05,-27.77734375,5
31174116,0.009052463768096543,0.00017274019249023708,2.4993432390872425e-06,0.0001414006149525184,0.00047714197724519345,0.5245738270090751,0.0001630829956503683,0.4416639982906693,0.02375284580858157,-28.567307692307686,4
31174125,4.8570979065114054e-05,1.3192215346450546e-05,7.251417151647502e-06,0.00021154926520802295,0.0006845389202242891,0.9733734136515317,0.007646299849858723,0.017401456184281006,0.000613727517333224,-28.631818181818186,2
31174132,1.6429642009663542e-05,0.0012303891458383797,1.5232696018930566e-05,0.25459744010928526,0.37228576421324744,0.2795091902792752,0.002359165784139874,0.052751637836108374,0.03723475029407683,-22.3,2
31174322,8.081920484798512e-06,0.31646751536592,0.0260667265531856,0.017286052470723054,0.43621923695446685,0.14110591815425827,0.0007741061530310719,0.06166626622185783,0.00040609620607265573,-19.829770992366413,5
31174436,4.796541486620835e-05,4.588181038750791e-06,0.010263538434851753,0.001220245768029493,5.532029186802238e-06,0.8340842054133538,0.010342730089334923,0.13834256095910177,0.005688633710236439,-27.966666666666665,5
31174446,0.0834433318365184,4.203923914193839e-06,3.387734114583317e-06,8.767525742646267e-06,8.672485606082453e-06,0.7343926181698947,0.002790930851030991,0.17855669652707798,0.0007913909461005482,-30.14090909090909,4
31174490,1.584260762784021e-05,1.2906249649190054e-06,0.0006801265720886395,2.2875859688259095e-05,7.900206472032531e-06,0.7905835411358559,0.022042274686176637,0.1845431229260227,0.002103025381102989,-27.751851851851853,2
31174596,5.061518999460968e-06,1.090203889545435e-05,2.4163196220799722e-05,1.4143711072353566e-05,0.0017054816644697045,0.0040388202500626705,0.9417214473999768,0.05234368370227339,0.00013629651802939087,-17.654545454545456,3
31174605,4.396216792907708e-06,3.739825064846602e-06,2.305356854575749e-05,0.07199333174352514,7.045686427147418e-06,0.017304957490156397,0.9086131461068598,0.0020140565186381014,3.627284398987309e-05,-23.64,5
31174607,4.040796258191653e-08,2.3447435591861255e-07,3.68821498409664e-05,2.425911699377375e-05,5.909625068375673e-05,0.00014408045548177035,0.9995828743748144,0.00010976816671486966,4.276460315193562e-05,-20.77692307692308,4
31174689,3.2192024152221894e-06,0.01627488867813536,0.02336240568270522,6.284985999742343e-06,0.2557745664920757,0.6486411195398468,0.0010037179255944465,0.0524900624124409,0.002443735080786578,-21.040579710144925,3
31174744,1.58630421997808e-06,3.520964563573704e-06,3.326227670772547e-05,7.806213142039259e-08,1.2924406665653741e-05,0.9994752164706094,1.4992037413365649e-05,0.0003946867783244976,6.373269936423104e-05,-24.3,4
31174804,6.451522249256101e-05,6.419162286519115e-06,1.1974334833810754e-06,1.712996181403685e-06,7.361236733769635e-07,0.9962712370949736,0.00013664203939254096,0.0007465072329282763,0.0027710326945882173,-26.78235294117647,5
31174825,7.54495549388115e-06,0.004223209329567876,0.00026303342063072304,0.017913643988397225,0.1913439215547299,0.07781024668570502,0.05039578502908132,0.26242050310501397,0.39562211193138,-23.092,3
31174960,7.331078642038568e-06,2.0606121176181082e-07,1.3110590803079943e-07,3.6067965533855054e-07,6.628219318307016e-07,0.9997843092385151,2.4645052087665514e-06,0.00015935594557042705,4.517856335682307e-05,-27.26181818181818,1
31175103,2.856221804022764e-05,4.132698673248903e-05,6.092176070662662e-05,3.24942818913762e-06,0.0004601260186490192,0.8284365975589009,2.4937738575879636e-05,0.13947904947232384,0.031465228817882045,-23.42089552238806,4
31175158,4.127044581270177e-06,1.7685816416770537e-07,1.6612580972421934e-05,2.1801790451490784e-07,2.2601716769733634e-07,0.9997471946038258,2.7268791607911756e-05,0.00010034361152680322,0.00010383247424959877,-25.427777777777777,2
31175205,5.536486138177561e-05,4.607459267827381e-06,0.00029773958439062806,1.6157779078013254e-06,7.035553815300677e-06,0.9598483090742905,0.0031928703878459494,0.022250317615390584,0.01434213968570971,-27.764,4
31175223,2.5905455282628286e-05,1.9818891316230555e-06,1.3757124632911266e-05,3.7983513309159024e-06,1.520343728998028e-05,0.9166080654941653,3.160832989099815e-05,0.08259544937067642,0.0007042305475993214,-29.361538461538462,5
31175227,7.833008479110683e-08,1.482601729033916e-07,1.0395471939805587e-06,4.36275499874771e-08,0.9977885231685015,0.002009279375606746,0.00010139396315553753,1.7071685604617437e-05,8.242204212989203e-05,-16.542857142857144,4
31175231,7.3623039522347295e-06,1.0472723913224669e-05,8.710814619247293e-06,0.0001988750061236963,0.0017338662553348665,0.1353322592965072,0.8521536312688903,0.003776078817153359,0.006778743513505984,-20.792307692307695,2
31175248,6.818533907941975e-06,7.511442522435483e-07,2.435558519868787e-06,0.0001610872930849502,0.9421668914073836,0.015843279983529125,0.04027722153414783,0.0012458984453125213,0.00029561609986177587,-15.799999999999999,4
31175253,6.92935681655109e-08,5.7190246542964064e-08,1.291842535592902e-07,8.777710412297956e-05,0.001557071851546729,0.00026169889226424875,0.9980461357236511,3.4628338937384026e-05,1.2432421409367404e-05,-18.0,5
31175254,0.00014488129967647948,8.704056373280473e-07,2.3160312737908747e-07,3.6851001933261705e-07,7.851786409377081e-07,0.990114583864874,1.9914257545998e-05,0.009400936320705263,0.0003174285597732487,-28.834453781512604,3
31175303,7.860685748198088e-06,3.23323544430312e-07,1.1292535500778154e-06,1.413460907678857e-06,4.6665306487001635e-07,0.9947527071380742,9.357240825612661e-07,0.005206883626475727,2.8280134552533893e-05,-26.93260869565218,5
31175449,0.00021131896365738257,0.00412707612218664,8.35696658658102e-05,2.603007620539255e-05,0.03648647780297104,0.5226199118637249,0.34215819352242566,0.08842161898806142,0.005865802994901635,-10.793023255813953,4
31175878,0.0002990815664023607,1.992528812728711e-05,7.96871243143904e-06,0.0005122947899374978,1.4000133489720943e-05,0.41608509824760104,0.0012062715071921803,0.5768375906858715,0.0050177690689471085,-28.78,3
31176174,0.00017392762924517606,2.2005175198359966e-07,3.542835580682209e-06,2.523410639059043e-07,4.5890414479395126e-07,0.022447366946850057,1.8740750318790486e-06,0.9773690980316205,3.259184711006835e-06,-32.778260869565216,4
31176542,8.955825678867973e-06,1.8705594521653224e-06,3.141082085104877e-07,1.3273245980705678e-07,1.2661686744208548e-06,0.9997397951292035,8.156642909076125e-07,0.00016643713777388588,8.041267425782132e-05,-25.506,3
31176546,4.484811997229474e-05,2.2525812272055453e-06,1.3130547623515404e-05,0.0005362746231892904,1.508424582765766e-05,0.47356499699072463,0.4771935968823084,0.035602390689108726,0.013027425320018401,-23.900000000000002,4
31176550,5.289020496689777e-05,2.9524325110287193e-05,2.1387853630187945e-06,0.0008195913277759588,0.12781043394476505,0.05328931216506176,0.6707410333173874,0.14703550799996284,0.00021956792960686576,-15.540909090909093,2
31176666,4.769188899441813e-06,0.000709306305380181,3.1326556924300444e-06,3.8034171569779355e-05,0.00011726513748218422,0.0038034626811272415,0.0001712403775018612,0.9946842336290552,0.0004685558532916231,-5.31,3
31176782,7.01431441338737e-06,5.886966661033111e-07,9.383280658317648e-06,5.871330999280307e-07,8.09498333336087e-06,0.999348107759283,3.189664392438635e-05,0.00022814640262710275,0.0003661807859943091,-22.76774193548387,2
31176835,2.3471236071163863e-06,5.04980411861773e-07,9.618824660729801e-07,2.193404233919591e-07,6.169262224682906e-05,0.9991311300603452,0.00011553469231465741,0.00010933218348562996,0.000578277114699147,-23.319178082191776,1
31176861,1.825629974646752e-05,8.088332460956706e-07,2.1899798846067497e-06,2.462736004776117e-06,7.382390492318365e-07,0.2515763403136744,0.6875765102585846,0.05515198142077721,0.005670711919032633,-30.86875,3
31176896,0.00030987940342871274,1.4136066286239621e-05,0.060486594568221815,9.994014827877427e-06,0.001179244050594593,0.17724621813756322,4.127089953965554e-05,0.7606304854308881,8.217742864992096e-05,-24.772727272727277,2
31176957,1.7385729570588926e-05,1.687019724950283e-07,5.220633740965338e-07,6.921668339502926e-07,7.898337184307381e-07,0.019625806294076568,9.212793084436274e-05,0.9802500183581957,1.2488921413719347e-05,-34.19565217391305,2
31176992,2.9126372629170537e-05,7.497582184189493e-07,9.223904862602686e-06,4.151201417103069e-05,4.0553377009828936e-06,0.6196418045735095,0.00033843440722325813,0.37975385799739375,0.0001812356342912552,-31.818181818181817,1
31177029,1.1419628911683989e-05,0.00015381391265635602,1.2772369129459227e-05,9.005026357546646e-07,0.0015571413376249093,0.9810734741159104,9.551159189613553e-05,0.014225027655528726,0.0028699388857064915,-22.62792792792793,3
31177203,5.7273886451154876e-05,6.5981294273710315e-06,3.2936020906601724e-05,3.229474231513723e-05,9.573100548079314e-06,0.6187881397044795,0.32831674602383953,0.04829379928155665,0.00446263911047597,-28.53076923076923,3
31177225,3.202575612954333e-05,2.7126640200161582e-06,7.312039978598899e-07,6.361991076617382e-06,3.776447533011127e-06,0.531304714235085,0.18198106920737944,0.2845537589649138,0.0021148495298647855,-28.390476190476193,1
31177346,5.822253202887218e-05,1.3344823086761664e-05,0.00016238022978104697,0.002243532090595396,0.0003881684767789647,0.2736884722172487,0.6195313354768722,0.030123697095720936,0.07379084705788713,-25.32222222222222,2
31177649,0.0003471129958988131,2.9606837987725574e-07,1.907341083371335e-06,1.909688449668723e-06,2.4526602818387933e-07,0.9994099831881943,4.244876140756713e-06,0.00021762993362898985,1.66706421962161e-05,-30.244444444444444,3
31177747,4.843497982203828e-06,1.0141587077581646e-06,2.8514101211082043e-07,1.162389253344688e-07,1.7579167710152075e-07,0.9993608612003967,2.1604785441788e-06,0.0006274127093579073,3.130783396739501e-06,-28.477777777777767,4
31177793,2.987014364511191e-05,5.690235237572643e-07,1.4551973192997924e-05,2.3808442538233191e-07,8.218608198371919e-07,0.1330823921409062,7.252394565581629e-05,0.866648687721634,0.00015034510619675042,-30.804761904761904,3
31177867,2.7937720625970777e-06,7.905261810652326e-05,0.00012804283638870873,0.000704130507941145,0.0006021226351203306,0.034562414960767826,0.9624948652612029,0.001306752016935374,0.0001198253914747526,-22.582608695652173,5
31177966,0.0002132775452106405,3.4592766016633367e-07,1.896878700449255e-07,2.9059790751042306e-07,4.910842167409354e-07,0.9962089141323782,7.19079195821844e-07,0.003217909250674217,0.000357862694886527,-29.944444444444443,5
31178141,0.0003401353195120033,3.355401613508257e-05,0.000114324637749046,0.1766043331597017,0.0007890980381117005,0.1928926247550228,0.5924494035699936,0.032323199495066166,0.004453327008707697,-26.8,1
31178321,2.731503124017201e-06,6.998498237403162e-05,1.0746251878447131e-05,3.159235759254906e-07,6.657266561998458e-07,0.9949939132320028,0.00021988441707681633,0.004340939493635266,0.0003608184696765676,-26.454545454545453,4
31178557,2.700895603072347e-07,0.9980117920381573,3.29545907052775e-07,3.1411032973869148e-06,0.0008316437408131769,0.00023561426487302348,4.278319351454525e-06,0.0008715741147455725,4.135678329479699e-05,-11.027027027027026,2
31178624,0.0001275359603811634,3.6148372604676733e-07,5.436963832852533e-07,1.4702512897793562e-06,5.777439848719213e-07,0.9957699683441901,0.0014413752310533671,0.0025414237082305273,0.00011674358076084054,-28.78048780487805,1
31178737,6.3872828442062e-07,5.434274752864492e-06,2.2688116729916822e-06,1.2698092779853358e-05,0.00019663709184646492,0.0008856314756878683,0.9975387515466998,0.0011189541221482732,0.000238985856127565,-16.58823529411765,1
31178738,3.056504712227458e-06,0.00010568251537049953,8.40385278204067e-05,0.005775355754456275,0.0006958046176685479,0.009790363267678858,0.9827291315352458,0.00018122029577212254,0.0006353469812752476,-20.512500000000003,5
31178773,2.3027839100333567e-06,6.203211745609869e-07,1.8065225350815005e-05,1.070750118847761e-06,1.7750907876891257e-05,0.9940645319418591,0.0017095566694519352,0.0021490381546096396,0.002037063245648425,-23.435294117647057,5
31178815,6.190554217986428e-07,0.9879745049382307,3.341002917739919e-07,0.00025856913213442504,0.00012433627029383415,0.0013199841385026,5.081364548391593e-05,0.01026923360483093,1.6051148100588836e-06,-8.41,2
31178879,6.483843149990722e-06,5.869888601291036e-06,0.00015000317161938933,0.007359004825130614,8.577851865479578e-05,0.03127005553562692,0.959877848833225,0.0007148322472702676,0.0005301231367217719,-24.8875,4
31178898,5.330096748093184e-06,6.317155478648867e-06,1.4987015159130969e-05,5.303803785304057e-06,2.366513777655331e-06,0.9096648267098404,0.005854918973003372,0.0716497676018615,0.012796182130346032,-27.046666666666663,1
31179701,0.0008186019617327209,7.872151731346955e-07,5.662370597894718e-06,2.4298359959224196e-06,2.400995811561924e-06,0.012601241952997435,0.0042159853927274905,0.982098979380854,0.00025391089411005107,-32.07857142857143,4
31179705,0.017593630635198435,3.737389094119519e-06,9.671631732584344e-07,7.145300181741563e-06,1.2045700697808918e-06,0.00980974148560346,9.788155105426527e-05,0.9723285935433273,0.00015709836229758345,-31.400000000000002,5
31179732,0.00011481419220669215,3.6111757782756357e-07,2.546864799406611e-07,2.5272910459494434e-07,7.005855997402192e-07,0.33715878856180803,2.6461131476852676e-05,0.6626665731755791,3.179382016737836e-05,-31.94545454545455,3
31179745,9.310399943150457e-06,0.00047219684587855495,0.004869966508116817,0.01859416913468033,0.005268346113797006,0.051631891154903256,0.6711238586304463,0.028050228360338103,0.21998003285189638,-20.96153846153846,3
31179925,5.454665485698452e-05,1.5012120420523024e-06,3.782613547319457e-05,3.297767841449155e-05,3.430221753023189e-06,0.7853655733835998,8.011781180112634e-05,0.21315171604019226,0.0012723108618670146,-27.92222222222222,3
31180132,0.07701502813889138,4.457883050188132e-05,8.086763540683706e-06,0.00033420913970444,8.709556452254934e-06,0.7020610199516113,0.0001915034016571289,0.21671133773825033,0.0036255264793905416,-26.19285714285714,3
31180181,0.0001401174447852641,4.467739101322012e-06,0.001183140950379081,0.000165615230225971,3.644773283450953e-05,0.48909319058789935,0.0013320852410222698,0.46992772931591426,0.038117205757838016,-27.12777777777778,5
31180313,6.005912329672768e-07,1.1738390099642386e-05,1.6826853629834104e-05,0.9757753305794242,0.0001547039787889188,0.007312743982538362,0.009737312957831661,0.0003448737863417466,0.0066458688801127935,-22.63,2
31180328,0.8701679696448564,2.0635179239041388e-06,1.6624291321813004e-06,2.7982898968815564e-07,6.350038767147481e-07,0.006364107159288104,1.8728217229342337e-05,0.12343693930334586,7.614895357681577e-06,-32.4125,5
31180483,0.002209212580892285,8.238117746122105e-07,5.902899540572857e-07,8.689539575661343e-07,1.1542650821569002e-06,0.09036957708697804,3.189751329876807e-05,0.9073504194766342,3.545602142814506e-05,-32.708571428571425,2
31180528,6.0463814413284506e-05,1.1463292151771988e-05,2.7616903609221715e-06,5.359293024907703e-06,9.260821137208433e-06,0.9291714702729085,0.005755700834302453,0.037949303085587756,0.027034216896113412,-29.352941176470587,1
31180540,0.00033270715895247245,1.1253634031639495e-06,3.360954298814488e-06,6.362745218210033e-06,0.00017806296099910914,0.7507474973240813,0.23610582800651964,0.011189956888660346,0.0014350985978669607,-29.589473684210528,5
31180552,1.5493528463725012e-05,9.809103202302241e-07,5.404242131083464e-07,6.0938485915004175e-05,0.0007602164486450613,0.04535707037980163,0.00036117832458270504,0.953401863773291,4.171772476755367e-05,-25.647999999999996,2
31180770,4.8435495495804915e-05,2.442182860098191e-05,0.0003455977736144223,0.02113602916127218,0.0035030260340342787,0.4760418692746621,0.155077901621904,0.30325934035935237,0.04056337845106389,-23.110526315789475,5
31180948,0.006184763051471811,1.5108045597659064e-06,5.363520909395119e-06,1.5339265943374028e-06,3.189654996227361e-06,0.3079394425024665,8.364346954773881e-06,0.6858512051683029,4.627023744173992e-06,-32.515625,5
31180968,0.005080620446415641,3.0234675647574258e-06,4.038215297020986e-07,7.757499151502885e-07,1.5667899810530337e-06,0.9871346991045966,2.9663154577866598e-06,0.0076307299224160205,0.0001452143821233765,-28.810948905109488,1
31181113,0.013534651285274006,7.721056673702849e-07,2.4509871907940455e-05,6.166818695603786e-07,1.574175495322093e-06,0.9631994277810955,5.041977636983961e-05,0.023118787044840286,6.924127748007327e-05,-32.13921568627452,1
31181313,0.00013043928124442279,1.66575196493808e-06,0.00030640740257352966,2.314092609538139e-07,8.052274123656003e-07,0.9785654018683067,0.004673601163556677,0.01616035728166212,0.0001610906140185364,-29.079310344827583,5
31181858,0.00033389369378176634,4.954265202251792e-06,2.3699515434886493e-06,3.4955913660877e-07,2.4280290799175815e-06,0.995590547981285,1.444549366639883e-06,0.003941902332538959,0.00012210963806535936,-28.16938775510204,3
31181859,0.18127324601350367,6.228581893344561e-06,2.6022353450534787e-05,9.538093465802026e-07,7.293877954279355e-06,0.8134059476331161,5.556573864260446e-05,0.004143120961291632,0.0010816210308011215,-27.91219512195122,5
31182138,3.275384814824776e-05,0.000985880255792795,2.7465439325616985e-06,1.1504713214918387e-05,0.9321161825922258,0.006462744621149337,6.396963698021569e-06,4.1047913617707145e-05,0.060340742548220715,-16.266666666666666,2
31182272,0.0012950012216889663,4.620248515420863e-07,9.396804210825544e-07,2.904638394882755e-07,3.7792609139196994e-06,0.9973691400433345,3.14868058796136e-06,0.0012420792497974949,8.51593745650555e-05,-27.48730158730159,5
31182275,0.0005750682134208912,0.0005054360610725721,6.332077995971138e-05,7.164156343114958e-05,0.18722649491712648,0.793436261784222,0.0003937328550524174,0.005101015753292939,0.012627028072421876,-23.227272727272723,5
31182457,0.0005807529541536065,8.608146151900564e-06,0.0017071604743229608,8.482910056923386e-06,0.02003771864749762,0.9379282869139126,1.6340239373944473e-05,0.0018042838127984933,0.03790836590173198,-22.666666666666668,1
31182776,0.00026661937769341447,0.00013393286311742827,3.1777768267769413e-06,0.00010197463835695796,0.0034031478839344855,0.5520410869249694,0.0003333843049638779,0.39475260294029857,0.04896407328983902,-24.859550561797754,2
31182885,5.239441316001097e-05,7.896668810823824e-07,4.5765300147915895e-06,6.840817089722247e-07,2.7324837725108584e-06,0.9990940187573203,1.5443045901853811e-06,0.0007869455634315689,5.63141991205107e-05,-26.677372262773723,2
31182975,3.063655832093953e-05,1.414979042726731e-05,0.8261689505821967,5.130048536525986e-07,2.2084704065222133e-05,0.16032394167310893,3.562737733822879e-06,0.012855828758338355,0.0005803321909551075,-25.004166666666666,4
31182981,8.835637909679968e-06,7.791255653589622e-07,4.741881099572357e-05,3.876192283195542e-07,4.6889012487794445e-07,0.9984998588499272,1.329796816604953e-05,0.00024041363534908118,0.001188539462733706,-26.021052631578947,3
31183005,4.962238126695856e-06,8.894047141028482e-05,0.031944352559825785,1.308648055773367e-06,0.0014366500303291333,0.96030441030348,4.552091233622271e-05,0.000621253436200295,0.0055526014002357064,-23.29642857142857,3
31183208,6.315968186685126e-06,1.9309564668119975e-05,4.9258628768752344e-05,0.006566086458751768,0.00028047345599480756,0.01876361594820761,0.9717216598655344,0.002194348620878731,0.0003989314890093312,-24.458333333333332,5
31183478,3.013377199644518e-05,0.00012613946145385301,6.173257791276548e-07,0.0006174727308912612,0.9821683623226698,0.007384195268422303,5.971690437137298e-05,0.009438699069140424,0.00017466314527549308,-17.69747899159664,1
31183885,1.998781483753335e-05,0.12104985527833695,0.03679472712829748,3.3050505000370593e-06,0.42221713296453367,0.06759964039434709,0.2953063550431515,0.040416133900105296,0.016592862425890528,-10.838775510204082,4
31183914,2.193108284667117e-05,1.0430572052265907e-05,7.58173442118646e-05,0.000860682218185229,0.00036697792010530005,0.361239953215712,0.4662958161144777,0.17105232714555976,7.606438684912363e-05,-25.147999999999996,3
31184260,0.000107714293595821,1.2646408445911644e-05,0.00011814241838619191,0.00015792251361556158,4.66790045543028e-06,0.4449256793610209,8.261455477840332e-05,0.553410718073365,0.0011798944763369392,-27.33809523809524,2
31184267,6.808821061593964e-05,0.0021838560906304316,0.00015424285576991873,0.000811777409103995,0.4442944751649265,0.4577240356084359,0.0018239079728248509,0.08882188690154726,0.00411772978614527,-22.204166666666666,5
31184389,2.0173274592254728e-05,9.167122971732845e-05,5.7042481677309686e-06,2.1117443352388904e-06,0.12449219015705122,0.7816275477693418,1.4198973799140532e-05,0.08856540927203262,0.0051809933309627226,-19.99278350515464,4
31184396,8.134113278755036e-06,3.470355389690474e-05,5.154065767391273e-06,5.501492636409361e-05,0.05376119718749957,0.006220945301414557,0.00020854665681398343,0.03326315803414231,0.9064431461608223,-14.67,4
31184400,0.00112147526501734,6.758872598123401e-07,7.639230766591192e-06,3.908978213457318e-07,6.620441050619856e-07,0.9410549674970826,0.00012372993726172263,0.05754002684251056,0.00015043239817474303,-30.506666666666664,5
31184420,5.2432567993917784e-05,5.746216215757183e-06,1.5098073505420356e-06,8.615158202936876e-08,1.222478585387281e-07,0.9996172962523837,6.300378358645413e-07,0.0003107171211878288,1.1459597591851563e-05,-29.546875,5
31184473,0.001332437090858229,5.993164208222432e-06,8.003751119118142e-06,2.570315442396665e-06,4.88891775224327e-06,0.601464694337542,0.007175666509910351,0.38795077288668806,0.0020549730264794643,-30.180000000000003,1
31184503,1.921121787254504e-06,8.121947682628906e-05,1.383816088199168e-06,5.336505105974793e-07,3.080380732069983e-07,0.9783786089073339,6.209757173602506e-06,0.02141158047188993,0.00011823476031710282,-26.729729729729733,4
31184577,8.629773212466518e-06,1.401604101540413e-06,2.896109537533708e-06,2.9988122721059686e-07,6.905263892724533e-07,0.9961483122684771,1.954362553210507e-06,0.0037478368971339752,8.797857736756586e-05,-29.68086419753086,5
31184958,0.0003576103254152626,2.577374564079616e-06,6.802156174668271e-06,0.0016596943007428783,1.1074168975448745e-05,0.883150048908632,0.025416622383011563,0.08797602181674276,0.0014195485657414388,-29.331249999999997,2
31185047,5.9515196210267625e-06,7.463677538485797e-07,4.953171956123472e-07,2.8983231350136687e-07,4.223674613591703e-07,0.9816673205013968,5.382700875838676e-06,0.0167912601506842,0.0015281312426976845,-28.711711711711708,4
31185106,4.671741454908392e-06,5.632780999985853e-07,0.2775875956728034,7.424150348671471e-06,1.3699481753083534e-06,0.10633303293357954,0.6099385405143549,0.0029063808491004406,0.003220420912082792,-26.425,2
31185110,6.205457141588681e-06,0.0008622662146505366,0.000149171814160471,0.180472852005048,0.0027007369855065987,0.01093499359090852,0.7158567001523731,0.04229621553777274,0.04672085824243832,-17.504761904761903,5
31185575,1.106335397515113e-05,4.319982234425931e-06,0.003082430326755135,0.00021480293512967803,0.013432192521906937,0.4905804032835814,0.007033155349352295,0.2461147587452837,0.2395268735017813,-22.2,5
31185584,0.001476888323076674,2.548236016951664e-06,0.009445638455851514,7.600842037489673e-06,3.990301707173676e-05,0.7519004387283016,0.0001562126794117938,0.10293380355719246,0.13403696616103977,-28.227272727272727,1
31185595,1.7022224801580826e-06,1.6194042990474304e-06,0.002089480483428239,1.9157489780127217e-06,5.149584411000959e-06,0.9776268836225985,0.00038989542488364337,0.01977801473590187,0.00010533877301929781,-26.55,1
31185624,1.9156588140262394e-06,2.245255885118823e-06,7.440019730767507e-07,0.0008998337833464161,1.6280272237919401e-06,0.04515201748930307,0.9472640909030043,0.00657692379607648,0.00010060108437368876,-26.080000000000002,1
31185874,1.619745814639095e-05,3.6460048412999547e-06,3.168497077088672e-06,0.4824855974986034,0.08917763845861999,0.02760964921523758,0.2727622480921273,0.12759015010361371,0.00035170467173316176,-22.295652173913048,1
31185892,2.6224510357747296e-06,8.825011870361966e-07,9.129225483639358e-08,0.3061615625327085,1.2850992979400885e-06,0.01935493479600712,0.6678637892653707,0.006072022828192954,0.0005428092339449183,-28.478571428571428,3
31185993,5.7967071922944206e-05,8.499768314355407e-07,2.6712367401839754e-06,5.626349870191246e-07,1.398798736215047e-06,0.7745918819619642,0.0007985860133601501,0.22451079368140994,3.528862404791866e-05,-30.126829268292685,1
31186025,0.0361066790987624,9.016339590874768e-06,1.87967762983114e-05,9.457315424398192e-07,1.1219407841862549e-06,0.6113244501151369,0.000251061749734322,0.3520669694761619,0.00022095877198860604,-28.227272727272734,2
31186114,1.2409964278837852e-05,0.5272109654262223,1.927874709370569e-06,0.0068540846005704535,0.0006274582613251177,0.07814999882185199,0.045290929205692936,0.2599030628603458,0.08194916298500313,-8.572222222222223,5
31186379,0.0010950368554812522,7.015979470485438e-06,1.8407470344489577e-06,1.5224346774543825e-06,1.4171217803454827e-06,0.948727012754368,9.502828462299225e-06,0.007135418129284422,0.04302123314944107,-30.3225,5
31186421,3.0422629894701612e-05,2.8298035385364695e-05,1.0283948533068526e-05,1.3382606648953554e-07,1.8880028175971908e-06,0.999140675535673,3.448979355727995e-05,0.0007118360765809205,4.197215149165436e-05,-29.27,1
31186464,2.323482333286186e-05,2.2291889027703468e-06,1.253601118853852e-06,1.8432074217115787e-07,2.765426317738578e-07,0.9995078245174669,1.5825486872051886e-06,0.00012159094174100665,0.00034182351537620373,-28.90945273631841,5
31186651,0.0006393768521008554,1.7444801746268133e-06,1.8723506992983962e-06,6.594869950754822e-07,1.1106044103768923e-06,0.997850018286601,1.0468721607331613e-06,0.0013683537302872756,0.0001358173365708065,-27.348704663212438,5
31186845,0.0016631313934683653,2.248438339794408e-06,3.7014626506536696e-06,1.7057439847863646e-06,1.690010661326585e-05,0.9730329230723718,8.72618527980773e-06,0.023300786551002258,0.0019698770462894173,-29.181990521327013,5
31186929,2.1434076268311172e-06,2.1380088667583402e-07,2.6610943521139344e-07,1.1332927826647704e-05,6.016103293827912e-07,0.03658860471935198,0.9604830227592065,0.0028733243591878826,4.049030614892375e-05,-30.453488372093023,5
31186936,0.0001383458968315439,1.1785741562122938e-05,4.290498057021707e-06,2.592158364690824e-07,4.162888478198836e-07,0.998665475622946,1.9308488852349606e-06,0.0011126261585524338,6.486972848123462e-05,-29.4364406779661,3
31187084,3.6969845335023224e-05,9.745570236567093e-07,9.26970192786031e-06,6.1629275859276395e-06,1.6566680253479848e-05,0.32327711095991024,0.3085807919671454,0.3654533549177524,0.0026187984430660186,-26.092857142857145,4
31187125,0.004124349328917474,2.1040549548820783e-06,1.3278417986803888e-06,2.7875234658380906e-07,5.194148315910374e-07,0.9952485574328152,2.7283548937652664e-05,0.0005636662161248205,3.1913409272943455e-05,-30.463750000000005,1
31187243,0.00557981004282518,5.008329281376269e-06,2.9978742113391853e-06,1.2885942862649629e-05,2.759293512521708e-06,0.8149341371917513,2.489665623695638e-05,0.17899627093121692,0.00044123373810168065,-28.606249999999996,4
31187486,0.012944230969172753,1.1740191844920737e-06,9.31899358593239e-06,2.5942794547284993e-06,3.881329427088892e-06,0.08072607360803513,0.0007993565853198707,0.9053613169432324,0.0001520532725876466,-33.85208333333333,1
31187493,1.7912617159820536e-05,1.0441379624012973e-05,6.052748217001172e-05,3.064584065242744e-05,0.013562051071778032,0.00679177360814577,0.5737588616326564,0.40542090676988574,0.000346879597927831,-19.125000000000004,4
31187519,2.1807692145136875e-07,1.776366457657291e-07,2.00443540192229e-07,2.7306070281279673e-05,0.00010096245645074572,0.0012230059116733584,0.9594698741886903,0.03911321218617625,6.504302962038886e-05,-20.68333333333333,1
31187582,4.768292020977787e-05,0.008091875010328852,0.3276557780025551,0.022085072698216676,0.08115660147542658,0.522811258798971,0.006485630471609468,0.031291430218310136,0.0003746704043724234,-18.246666666666666,4
31187600,0.8311041204822136,4.963184830173377e-06,2.8948928260611346e-06,5.734213023061072e-07,3.327305102759545e-06,0.010555081869932516,2.6637680414057666e-05,0.15829848581696554,3.915346412911717e-06,-34.184,5
31187605,0.0010692169087799623,8.09815180793257e-06,1.7889526240928416e-06,2.720428819042499e-05,1.3590137330138064e-05,0.600998167168044,0.3228656263158774,0.07303113248027639,0.001985175597069597,-30.488235294117644,5
31187675,4.3040156978174425e-07,7.226995600884397e-08,7.73745770923115e-08,1.324258502503062e-05,4.677501851513762e-07,0.01868237774797668,0.9651811448805492,0.016085224572224267,3.696241793676744e-05,-28.45833333333333,5
31187677,3.822853230370729e-06,8.751227852518429e-07,1.2205462287432576e-06,1.1959899251719422e-06,3.425146465471438e-05,0.9665487044285361,0.027285465530386813,0.0051230000148784465,0.0010014640493742608,-26.372727272727275,1
31187702,6.55904387272319e-05,2.0786095058023103e-07,8.59520985954236e-07,3.271472263490422e-07,1.7199038875595845e-07,0.9723828094107232,1.1821809119487525e-06,0.027519670078412613,2.9181371673421035e-05,-30.145736434108525,3
31187721,3.84012130734862e-05,7.037892671698831e-06,0.00030616297950696167,1.4824748621818028e-06,7.756711737097478e-06,0.8197312065718859,0.07012262982310732,0.09787486984829671,0.011910452484858785,-28.31111111111111,5
31187725,4.911865330875769e-07,1.851307207529099e-06,1.0492792830709123e-06,1.4937367826887432e-06,5.909253686332369e-07,0.06504537205887334,0.9210822340903109,0.01250721035822926,0.0013597070574115514,-26.54,5
31187967,0.003040310895629758,1.0927769551177032e-06,1.458008397466413e-06,7.274263951892477e-07,1.4536250160529322e-06,0.9839232394382056,2.757862222685174e-05,0.006364714744409002,0.006639424462765115,-29.772307692307688,4
31188023,0.001614981513972756,2.763368525152135e-06,2.0391929093256115e-07,4.6580554868781056e-07,7.404396032245386e-07,0.9790311446703776,8.823325335135347e-05,0.018780241685327787,0.00048122534400269764,-29.068831168831164,3
31188116,1.814163969620557e-05,8.56399274794949e-07,4.5988757381230513e-07,0.0006882501234754834,5.033950293688802e-07,0.062434049137812246,0.9263519434910066,0.010385361085748855,0.00012043484038273627,-28.515000000000004,4
31188162,9.581662098813582e-05,3.0909064102115474e-06,0.00025137128939158276,0.00010307204497133685,7.227126841344602e-05,0.29080964268235926,0.7042698308386139,0.0031077915141071526,0.001287112834744841,-26.058333333333326,2
31188184,0.7580962903721956,1.3023658697506569e-06,1.9979303158339733e-05,8.847809827944475e-07,3.081848422050943e-06,0.0621668633289536,3.126543769315675e-05,0.1792504366730781,0.000429895889646776,-33.06279069767442,1
31188310,2.486481592848431e-06,0.0006047348520140033,3.764981828958597e-06,2.3270619279021647e-05,0.000647180290249401,0.0015353103420318005,0.9933811850329064,0.003712188073188609,8.987932690880756e-05,-14.76428571428571,4
31188432,0.00011155597424759748,1.8266510345945223e-06,6.142861012339512e-06,1.3167146687419113e-05,1.7429690678768896e-05,0.6887670574422865,0.03151347233532918,0.27943684105134226,0.00013250684738129855,-32.214285714285715,2
31188576,7.912538098973456e-05,6.994247917213856e-06,6.2676854475813835e-06,0.0120016918902865,5.111223627755916e-05,0.47903640144548315,0.3327803780933063,0.17599868712978806,3.934189050377665e-05,-28.564999999999998,5
31188599,0.00010759328455016,4.824267673138479e-05,2.2339745256678043e-05,9.349953646840885e-05,0.0004889365191961516,0.6490062393958801,0.09131318151198874,0.2547244652676796,0.004195502062248754,-30.327586206896548,2
31188781,1.0254732666925233e-06,1.2427351678290462e-07,2.4065220885117267e-06,5.555883267147076e-05,1.1983638915836858e-06,0.004868257623458014,0.9908561318472054,0.0036110440191451437,0.0006042530447563684,-26.26923076923077,2
31189198,0.0002719290027268656,9.817660115244382e-06,3.4234793166990286e-06,2.772176827360734e-05,8.069281159244844e-06,0.5169844753135111,0.11180001990451106,0.3698146036308866,0.0010799399594996265,-30.06153846153847,1
31189215,0.0006500814811489653,1.2336662009590518e-05,2.7479554989880823e-05,0.0005183588848688588,0.0011381653219932385,0.4578433625188677,0.3540258154685223,0.1808560720934309,0.004928328014168528,-28.336363636363636,3
31189559,0.005628229140299483,1.3394992167893857e-06,2.470541120418644e-07,3.390220320157594e-07,1.1695355034178866e-06,0.9922574226832971,8.479753213781791e-06,0.0020056826722910097,9.709064003442426e-05,-29.048214285714288,5
31189623,3.89474980259683e-05,1.056562106559916e-05,7.379299559158935e-06,0.013280863011003168,4.396605758674725e-05,0.659082055499024,0.054315411243549175,0.22680353650304982,0.046417275267136286,-27.325,4
31189626,0.001660497612928737,5.5805110093601294e-05,1.6896930895939697e-05,2.2067310018669599e-07,1.0014430029717996e-06,0.9977429166562327,4.312677788539308e-05,0.0004372982632664347,4.22365325938348e-05,-28.785714285714285,1
31189638,4.303409294192956e-06,0.0018990645682999989,1.7026595511343823e-05,4.522676306054824e-06,0.006632173974597708,0.010863919308716684,0.6797001341296972,0.28349425602588235,0.01738459931169445,-15.551020408163266,1
31189783,0.002453921114304326,5.571821991582126e-07,5.966135556316518e-06,1.6979774707631034e-07,9.172222116690957e-07,0.997114933591099,5.894618165283207e-06,0.00038756730555289875,3.0073033164081912e-05,-29.11086956521739,1
31189795,0.0666797604570665,2.0398853217278145e-06,7.235474228781982e-07,3.385762370565094e-07,5.748155876003744e-07,0.9313002228196346,2.471276321002134e-06,0.0014292371042645537,0.0005846315181440905,-28.88135593220339,4
31189910,1.9060759672769565e-06,0.0035169509635919124,5.620738781799463e-06,0.018268525401802155,0.002693570424939692,0.024967940580710394,0.9052789306912808,0.04444700210389822,0.0008195530190278791,-16.016000000000002,2
31189915,0.00026780132868254144,2.9874102829202187e-07,2.4561238572952195e-06,2.2311840613826192e-07,5.961450812674007e-07,0.9940285140430407,1.8137343973644696e-05,0.00566362320968952,1.8349946240526506e-05,-29.305128205128195,5
31189963,6.395568736050908e-05,5.374482288003629e-07,3.405328044623449e-07,3.7735826785023664e-07,2.4617419779792757e-06,0.9770010688902308,1.4771958540304674e-05,0.02290480684698641,1.167953560287925e-05,-28.661702127659577,3
31190235,6.398321976578409e-06,8.165017761343461e-07,1.0963110658147657e-06,1.163175003873261e-05,5.491487250765212e-06,0.5799767068818353,0.04134345428643186,0.3785419063769608,0.00011249808266395708,-30.890909090909087,5
31190356,1.0341580864885918e-05,3.0644744183615287e-06,0.013014927246598364,9.07001914931773e-05,4.4868832178538e-06,0.2823437315436773,0.6945558356471359,0.0065946281634062425,0.003382284269187981,-25.920547945205477,2
31190389,0.00010560885854793152,1.2227341966954726e-06,6.008074344594252e-06,9.727547107557942e-07,8.663963477733767e-07,0.9972290319069106,1.8697022974207035e-06,0.0008131719331238844,0.0018412476395205035,-27.634375,5
31190460,1.3652090346333515e-05,4.1636598956907e-05,6.53301087717004e-06,1.7970036047776823e-05,0.17926087478814695,0.3543470245681783,0.004802105037861318,0.46139014046684446,0.00012006340274059034,-14.753846153846155,2
31190522,0.0003061078701117405,1.6371106987716687e-07,9.742277870177512e-08,4.2035078848004086e-07,3.5116116373740895e-07,0.9981424248199223,3.381771824532844e-06,0.0012477047930059466,0.00029934809933475923,-30.121705426356588,2
31190572,8.518362935978838e-06,1.0238213634654745e-07,1.430066065649586e-07,1.6142300172255132e-07,1.388352780891524e-07,0.9982535201036734,1.9867703962785417e-06,0.0017283965905063106,7.032525465271971e-06,-28.67777777777778,2
31190727,3.171476248261527e-05,1.1702057445359645e-06,1.346796859064269e-06,8.44063510518427e-06,2.3962193108827383e-06,0.8741150822091786,0.11533234527913287,0.010287641936874505,0.0002198619553118872,-30.521428571428572,1
31190756,8.298497731413976e-05,3.885669790545345e-06,1.9050206862441103e-06,1.949502112577288e-06,3.451809678951846e-06,0.9280635438576443,8.030994109450464e-06,0.07082256169872583,0.0010116864699379012,-30.26666666666667,2
31190851,0.00038749023828941174,2.4917182339536856e-06,4.602211675321631e-06,2.6703240340161633e-05,2.095562100811711e-06,0.39097621745227285,3.365223429036518e-05,0.6033176176076507,0.005249129735146335,-28.746428571428574,4
31191119,3.3791479629726996e-05,1.852602761532095e-06,1.670398158735158e-05,9.859282514119747e-06,3.3199171777254534e-06,0.9936455971108811,7.123135594297108e-05,0.0026919774935444158,0.0035256667759610777,-27.508333333333336,3
31191597,4.6826887723586774e-05,8.635987292659376e-06,2.682425518011848e-06,2.3759548472947277e-05,3.0555009938841045e-06,0.14512594169964066,0.8422648510784777,0.012322071517257885,0.00020217535462258037,-30.40434782608696,5
31191683,1.847913061691211e-05,0.0014341413968517794,0.0004602913125913483,0.2449324790918386,0.0020191968783427805,0.6541807026544793,0.008527931464502711,0.08783317354401635,0.0005936045267601672,-22.79047619047619,3
31191704,2.890910116369867e-05,2.2243009100118603e-06,1.695177845379391e-05,0.016300647966268237,4.2356273446880745e-05,0.2717198703233771,0.022716433779892575,0.6891605051189964,1.2101357491313944e-05,-27.174999999999997,2
31191734,0.003880322571495173,0.00018374379587247298,1.4347013035875984e-06,4.975493400242085e-07,5.946870503289266e-07,0.9884328414705955,1.2379932209475823e-05,0.007468757408784243,1.9427883349396467e-05,-31.006666666666664,4
31191973,2.0283464097417124e-07,1.7372650432018337e-05,1.213721390403101e-05,0.03515670579303797,9.701401402139654e-05,0.0016255886093095432,0.9576087065431067,0.0021483212425990623,0.003333951098948333,-21.35,5
31192019,5.321661362837815e-05,8.556382040816615e-07,1.3518063497974832e-06,0.9106632463869658,1.2373654146089249e-05,0.015340118369821238,0.009689530742479155,0.06391079967909201,0.00032850710931340297,-27.305263157894736,5
31192053,9.788602235248143e-07,3.379114974765245e-05,5.102358503901831e-05,0.9750107601063356,6.23006043273285e-07,0.008219972803827023,0.001554299542054081,0.015124616082716069,3.9348640136268595e-06,-20.154838709677417,3
31192128,3.393448773684227e-05,0.00037988847347003243,1.9367488633324926e-05,0.00016655805857179393,0.14127790743276053,0.01611273227634756,0.17779554751106402,0.41737992001831603,0.24683414425309982,-11.76923076923077,3
31192143,6.016163403859381e-05,7.412736087629598e-06,1.354382054334887e-06,4.582866972661667e-06,1.5266542384512902e-06,0.2484729518534237,0.690523374588662,0.05697459864199444,0.003954036642528224,-30.26,3
31192156,0.04144736845812995,0.00023588362936365778,1.1103341154833252e-06,7.330822151458803e-07,2.0266985365900933e-06,0.9574849576545909,2.110738313459806e-05,0.0007682545441300106,3.855821578372694e-05,-29.816,3
31192165,7.015220106233142e-05,1.818390757142286e-05,1.2335261123246465e-06,0.286537741687736,2.677261426107668e-06,0.3608542002375113,0.3491083276811046,0.0030400029591222937,0.0003674805383536111,-28.049999999999997,3
31192269,0.0002002625376944894,1.4271303370748806e-05,2.7203785177446434e-05,1.60913608020679e-07,1.5323644269944765e-06,0.999570292017196,1.2072703519552643e-06,0.0001669557044276055,1.811410374650133e-05,-28.68372093023256,3
31192278,0.0005130795104893238,5.751819543985814e-06,1.520697410105463e-05,5.389343387474296e-07,1.5171210573595895e-06,0.9870695277187054,2.2435811255562843e-06,0.012335159148295444,5.697519234299102e-05,-28.488888888888884,2
31192308,1.8045934617736282e-06,8.0757039913093e-07,6.347167142551543e-07,2.0081617415474764e-07,7.700609787612158e-07,0.9988989841096226,4.742361226058739e-07,0.0010766983375199574,1.962555900662339e-05,-26.445098039215683,2
31192365,1.632679768806239e-05,4.762883469600371e-07,1.2113524798848244e-05,0.9722518656848935,8.441717175352544e-05,0.009822411836518262,0.004033391967346177,0.01371643948964569,6.255723900908663e-05,-28.02777777777778,4
31192510,2.956797032994528e-05,4.3594918296916484e-05,0.02520225064846898,0.0002860128063181943,0.02215765795020143,0.3519941201373825,0.00874568274367058,0.5644507228501044,0.02709038997522706,-24.638095238095236,2
31192514,0.00041179680670870605,2.469206497546901e-06,3.2989757186400133e-06,4.014262742693651e-06,1.9781013483868742e-06,0.9377854425558353,0.011072504914999445,0.049853704051039435,0.00086479112510991,-29.0125,4
31192768,2.9252690703725023e-05,4.220081060464701e-07,3.8173071814340334e-07,2.2313910428273523e-07,4.0951477430070006e-07,0.9979369116618498,5.786859650032852e-07,0.0015418585411131778,0.0004899620276653652,-29.09935064935065,4
31192794,7.460325890844525e-05,4.545030397455519e-06,5.217372348325325e-07,1.9692965994688357e-06,9.029116371833476e-07,0.020598348382003074,0.00032336191540012,0.9789178522257852,7.789524203425428e-05,-32.98888888888889,1
31192818,0.01846003869464854,4.122474482742057e-06,6.062121835736324e-06,1.0066829737857467e-06,2.670652725800872e-06,0.9107801048595888,0.00063979705941058,0.06954868921073394,0.0005575082436000158,-30.066326530612244,3
31192880,2.4495542485222246e-05,2.1473925584435508e-05,6.693139509798392e-07,3.026431600319093e-05,1.140282820117494e-06,0.7669086525023416,0.19352415991183672,0.02909340862302965,0.010395735581948186,-31.14222222222222,3
31193230,4.600502506705306e-05,4.978511705977869e-07,1.4618916817570235e-05,8.063118629079927e-06,7.307205397294978e-06,0.23561044831786812,2.1695750409517882e-05,0.7635309657665393,0.0007603980481015184,-27.818181818181817,2
31193267,1.2403839788552318e-05,1.3719984165992848e-06,8.334827465666363e-05,1.0134587869841357e-06,1.961375714113205e-05,0.9479461241037791,0.0002630327750050516,0.04391132299351441,0.007761768798911431,-24.445833333333336,5
31193528,2.125588004210988e-06,3.9866749290926966e-07,1.6949857293310908e-07,2.585801170933143e-06,1.6511503616744013e-06,0.0180217764813156,0.0003193172356132562,0.9816456029898734,6.372587595163359e-06,-27.22666666666667,5
31193549,6.6705613708028165e-06,2.824668384923718e-06,6.667770953649145e-06,1.3378189697928003e-05,1.8483944635110591e-06,0.0327038967881513,0.00034184716262151754,0.9638478531339643,0.003075013330392167,-26.264705882352942,1
31193588,2.2306582105906696e-05,1.2213189204925615e-05,2.5316746416348995e-06,0.0008101232783285177,0.0010463123775394496,0.1896172176658949,0.00026264352686918284,0.8071996050286306,0.0010270466767848072,-21.082978723404253,4
31193599,2.8237188238155597e-05,0.5634836137001703,2.8519999670519933e-05,7.2751849530719954e-06,0.0001597139881269359,0.05524247419265962,0.14618671589890667,0.23244561889720794,0.0024178309500669263,-12.784615384615384,1
31193622,7.493081665393482e-07,6.169960504074514e-06,9.639322896780832e-07,0.0001292347034351213,0.0002900757297371977,0.0007662873103913712,6.311525354442116e-05,0.9987268604148479,1.6543387083693156e-05,-18.992307692307694,2
31193651,1.8653780015905005e-05,5.337163314079241e-05,6.738139585467712e-06,0.0009790428192304392,0.0013304306613001874,0.04803748325381523,5.842006359450449e-05,0.8495946172206852,0.09992124242863229,-18.735000000000003,1
31194064,5.971877200187288e-06,8.674052530419453e-07,2.267128094015958e-05,4.279282732130682e-07,1.270011914279175e-06,0.9984014659935743,1.6397786064702017e-05,0.0014049064131817803,0.00014602130359824645,-26.41764705882353,1
31194070,1.88807333325846e-06,6.918511527078807e-05,7.477585159273555e-07,1.3959492103844315e-06,0.005059908385356593,0.9866957157786258,4.3838302008796575e-05,0.0028441544740697424,0.005283166163608538,-21.254545454545454,1
31194082,2.8816872750141555e-05,4.8946089166919236e-08,3.405686808231597e-05,1.0798063535239816e-07,1.0819157606988415e-05,0.9976440359863761,3.2185397170089685e-06,0.0022628481763207766,1.6047472422219654e-05,-24.792105263157897,3
31194136,3.4351405048963514e-06,1.2453224275403859e-05,0.0023235006481386396,5.078671224778708e-07,0.00017387003307188205,0.9966335612746507,6.159586053566198e-05,0.0006068166143114162,0.00018425933738894752,-25.016304347826086,1
31194191,1.762545236405207e-05,5.043151919984977e-07,1.3712779339242744e-05,2.1864386847927833e-07,1.267529500012413e-05,0.9996909288144814,7.695638605080016e-06,0.00016799925716064754,8.86398039891009e-05,-25.52619047619048,1
31194215,5.351992183096502e-06,1.0697995122499937e-05,0.0006681994706261798,6.66339549370684e-07,1.4806108221635053e-05,0.9972021381068888,1.0727235126170382e-05,0.0015131531566805192,0.0005742595956016515,-25.39,3
31194257,0.000963301885904887,1.060936090663001e-06,4.117366378616657e-05,3.636823424013109e-07,6.133227232140987e-07,0.997566224016022,6.4957605933911024e-06,0.0013834672076646225,3.729952487255463e-05,-28.48815789473684,4
31194467,0.00022860003029537276,1.0360342784971195e-05,3.5294633986348206e-05,0.18697506740708242,5.4065039078078445e-05,0.7645428445271043,0.00431688029724921,0.04293351043329657,0.0009033772891227054,-26.9390243902439,1
31194501,2.0372540977073953e-05,7.627550414794437e-07,1.825974950365514e-06,4.811546648864623e-06,5.1935708668659266e-06,0.5655936568126475,0.00023916502037476395,0.4338894779079906,0.0002447338705022859,-29.970967741935485,5
31194520,3.0813282392051917e-06,3.840345346063102e-06,2.7147482200881203e-06,5.18497180159733e-07,8.537432761930794e-05,0.997440560799354,0.00010859452269224682,0.001727261088432219,0.0006280543429167671,-25.443298969072163,5
31195148,0.00021172191715847121,1.7788358316120977e-07,2.88989185019606e-07,1.546751256400196e-06,1.2804391579578874e-06,0.9947181837626465,2.599329239271713e-06,0.005060025481767557,4.175446005533033e-06,-29.448148148148153,2
31195178,0.0002485638571448279,0.0022874123260058434,6.030762227975275e-05,0.00024025355841204155,0.008716006028623295,0.7654959916651136,0.009158281169939154,0.21175065471952692,0.00204252905295457,-28.045945945945952,2
31195179,0.0003580907898262842,3.3866247962198386e-06,1.2223007158781285e-06,2.454379249162776e-06,1.483420134137921e-05,0.9830112384314222,0.0002047520160936294,0.01623894397428217,0.00016507728227296191,-29.525000000000002,2
31195181,0.00034259133739689693,6.543301248414812e-07,1.0389534402249734e-06,2.510790658024094e-07,6.67230795813069e-07,0.9870211819856517,0.0033720161515347793,0.007799116198527097,0.0014624827334626027,-31.02857142857143,1
31195226,0.0028558026215595067,7.056378862251102e-06,3.320304210477428e-06,1.403707942094084e-06,3.4833769626611186e-06,0.9945996959361052,8.533533396096671e-06,0.00013591934494866205,0.002384784796012883,-31.936363636363637,4
31195254,0.0033107038425477936,1.5901644180878252e-06,1.0341347679726176e-06,4.860739612664749e-07,4.572244967546674e-06,0.9698513133291073,7.029174644758134e-05,0.0011070595069514627,0.02565294895683104,-32.13636363636363,5
31195301,0.00959017713720129,7.202057370294723e-05,6.488236633111063e-06,1.4656631041511683e-06,9.236751083039342e-07,0.9894918008194509,4.054722384525053e-06,0.0006804703987518319,0.00015259877366289725,-31.226666666666667,4
31195391,0.09631034018796647,1.59366986292344e-05,8.086105282683398e-07,6.142757354862517e-07,6.041508540679588e-06,0.900737305374816,5.8770898698015306e-05,0.0008691692592330096,0.0020010131858528572,-27.79206349206349,1
31195393,0.0006838148987205225,7.636038201839986e-05,0.0013817080942005767,1.2970097053711567e-06,2.892463216163535e-06,0.9755316010475781,1.4288204662626074e-05,0.021705762810278695,0.0006022750896196713,-27.053124999999998,4
31195438,0.1314481223155519,0.00023921566036495592,6.895587835603797e-07,9.173345899007341e-07,2.070641403440181e-06,0.8617304392999473,2.0986901487025814e-06,0.003628056691947564,0.0029483898072625537,-29.717857142857138,2
31195558,0.009791884125557012,5.21091597929343e-05,8.97761997431951e-07,2.2440272537796797e-07,3.4253280191002863e-06,0.9856800959481093,4.281648079358562e-06,0.00234247516849401,0.00212460645722551,-27.812068965517245,4
31195666,0.0005173384401566612,2.87483744820776e-07,4.6697493230015767e-07,6.463436840771463e-07,4.303863412967381e-07,0.9979954259372289,1.8482878859781095e-06,0.0012894621151472304,0.00019409403087861142,-29.875886524822697,4
31195668,0.00010755650819590736,8.749325734617138e-07,1.3091374043777528e-06,2.3352113477034318e-05,3.1860782134748724e-06,0.8987819153329956,0.0919423762215929,0.008932272461078373,0.0002071572144687462,-28.475000000000005,2
31195699,0.022825234756323285,6.722119884213721e-05,3.3058984200618456e-07,4.316574743747146e-07,1.3063068168037064e-06,0.9749225225292318,3.361055140430518e-06,0.0017825786277636472,0.00039701327856549667,-28.32987012987013,3
31195810,0.00031746114149149436,3.2420816226441337e-06,5.285491136711427e-06,3.9942750006508635e-06,0.0001626884915775338,0.8187195558270992,0.0008859652665091424,0.17938367769059874,0.000518129734963804,-26.67457627118644,3
31195859,0.0008355788128530953,5.921705647835166e-07,7.781733126635204e-06,5.875623917522104e-07,1.3549162139599096e-06,0.9782354444306494,0.0001144710642321829,0.018754530979291306,0.0020496583306766664,-27.58936170212766,1
31195899,0.00028363213303057703,1.6765379072773812e-06,1.1417265852526977e-06,3.7510269162901164e-06,1.5215381226613695e-05,0.9207752094767349,0.011660867836750992,0.06694902193803232,0.00030948394281603015,-28.495652173913037,3
31195912,4.4739850551548206e-05,6.213350792704111e-07,3.896763052638215e-05,4.56852435685405e-07,5.865118969158218e-07,0.9862829908510963,0.0003757066130501472,0.013131423595682217,0.00012450675968175723,-27.46379310344828,4
31195918,3.547125536371887e-05,2.7989250549601754e-06,0.0005317599508033016,3.1027777628524757e-06,3.0205981725088136e-06,0.984915921471803,8.801841636107983e-05,0.005842092691258974,0.008577813913419363,-25.926470588235297,5
31195968,0.00052743739007653,1.5183971214018369e-06,1.3000315106107713e-05,6.156170897466094e-07,1.4858969026592276e-06,0.9860356051769954,6.372149284833481e-06,0.012011391191762203,0.0014025738656611177,-26.43925925925926,4
31196041,0.0005691322374039668,4.184650072093883e-07,5.953388435411536e-05,3.287164745492025e-07,7.976880083503627e-07,0.9913773659094421,0.00012351515743657963,0.0038373714139942334,0.004031536527878935,-27.342857142857145,4
31196064,1.280593804265185e-06,4.866847852362446e-06,0.0027079221266390614,2.004818040057124e-06,4.219850969190363e-06,0.970946247269004,0.0011455645491308748,0.02444073823101352,0.0007471557135468299,-26.571641791044772,1
31196074,1.556377231268196e-05,8.6467705016309e-06,0.0005442427099328142,3.3995484169337984e-06,7.43397051048239e-05,0.9413129290540302,7.684220933661917e-05,0.035756617772765315,0.022207418457599114,-24.88222222222222,5
31196080,7.076022813989422e-05,3.308544938271904e-07,1.9160967585779637e-07,4.1648190711479903e-07,6.786498646387144e-07,0.9934051220116806,2.948973611069104e-06,0.006405216320191047,0.00011433487043613133,-28.593939393939394,2
31196091,0.00014056427661326897,1.1267774691890736e-05,1.7307349760865228e-05,9.216353550993694e-07,3.020000886003531e-06,0.9125247195838286,9.975268876530495e-06,0.08380033955598762,0.00349188455400018,-28.289999999999996,3
31196229,0.00042831043819634265,0.0001984700922395632,1.6930879651484753e-05,7.521054411599059e-07,1.3237682619945335e-06,0.9832758972751134,9.828999403502633e-06,0.015315020619508225,0.0007534658221841748,-28.996923076923075,4
31196237,5.257037425983001e-06,4.2253854146387465e-07,6.043979253754186e-07,3.302063620917242e-07,2.846146325685504e-06,0.9820270910946814,8.888131287622286e-06,0.017014526092753293,0.0009400343546971175,-27.713333333333335,4
31196285,0.00015684311922905893,3.7758368330906675e-07,6.838108570171364e-06,3.029900094821336e-07,1.18452302340077e-06,0.9985780668913906,0.00014382514501803899,0.001100625988250886,1.1935650825187002e-05,-28.72702702702703,4
31196296,0.002987233495415175,2.492873358253884e-06,1.0957798427114576e-06,7.209892089182768e-07,3.20464042014811e-06,0.9842130569512693,1.3213691737382622e-05,0.01201766588760842,0.0007613156911399137,-29.107792207792205,3
31196312,2.0788351572738375e-05,3.2698293669861863e-07,3.884800814710596e-06,3.3810471115931228e-06,5.04326675938191e-07,0.9984825268810251,3.815920767011005e-06,0.0010334248525652296,0.0004513468365308895,-27.338,5
31196316,0.004591371887421317,1.0553233176271534e-06,6.249629835632842e-07,9.992931957676608e-07,4.271479455386282e-06,0.9838138506591859,5.329417641202835e-06,0.009858562052627905,0.0017239349241712986,-27.852747252747253,3
31196374,0.0005686143236958103,1.240316142126652e-06,1.8182257778815506e-06,1.047280258825389e-06,1.4211262388591194e-06,0.9926505410898242,0.0015316999405563488,0.00452303037079924,0.0007205873267066317,-30.55873015873016,3
31196400,0.002725832028098697,1.260320961308798e-06,8.741575483922613e-07,9.378219386156645e-07,4.633303271676107e-06,0.981043566846284,3.2260763880055306e-05,0.01408988356310147,0.0021007511949158453,-28.336249999999996,3
31196474,9.800541308629859e-05,6.42965271733193e-07,5.371375167804373e-07,4.698074605247885e-07,8.170600052408775e-07,0.977317675065054,1.954919843702539e-05,0.022269430222888933,0.00029287313027954667,-30.1804347826087,2
31196599,1.0156975071325127e-05,2.094092183444345e-06,9.476311082879419e-06,4.907332797220085e-07,0.0005046959227516728,0.9978063358775011,3.524750708924279e-05,0.00018956358005536123,0.0014419390009853118,-22.584782608695654,1
31196635,4.0987621395453735e-05,1.5846626122226995e-06,3.865472586339965e-05,7.938991134368733e-07,1.3385556928756408e-06,0.9932394652570189,0.004158785173744678,0.000610729177597165,0.0019076609269618628,-27.41724137931034,1
31196664,0.0009637244802852275,0.0005987990661178797,7.600787866157604e-05,9.741929417945038e-05,0.2401672280985266,0.689922368646153,0.00038008453112356715,0.038682786906395095,0.029111581098557673,-16.595454545454544,2
31196726,4.434386410330621e-06,5.6567721925126766e-06,0.00011049453640765856,4.3981172417374316e-07,6.019328001674191e-06,0.9989466983166638,7.347394052022976e-05,0.0002548098536024821,0.0005979730544773072,-24.233333333333334,2
31196846,2.6440715068886096e-06,3.3098306822016288e-06,0.00033194337075926505,5.142906994008388e-07,2.139901996736536e-06,0.9975702654060964,2.2436778414751202e-05,0.00026724506499151515,0.001799501284852902,-25.73333333333333,1
31196895,3.4203338788083023e-06,2.3503698308451725e-06,5.836826072747199e-05,7.654708356734389e-07,2.523475686776114e-05,0.9693885194651821,0.0007324061771803155,0.023252333691812156,0.0065366014736848365,-26.128915662650606,4
31196903,6.654847968248745e-06,4.6531015775866425e-05,5.412801092452754e-06,8.455843203035217e-05,0.00015035635121376373,0.9849544147465294,0.0005720006804338665,0.012826568472767447,0.001353502652188769,-23.653846153846153,5
31196933,3.6858561617567632e-06,6.551775610793476e-07,1.4690317545530621e-06,1.1803967011159475e-05,1.2381747505893583e-05,0.9895285737303396,2.774514805396172e-05,0.010071232457690718,0.0003424528839213067,-26.604477611940297,5
31197130,1.343848827091643e-06,1.1349819603831014e-05,6.336931388933237e-07,4.3602206902497175e-07,2.238554042618726e-06,0.9950828053872924,8.748705931947663e-06,0.0018860194481128286,0.0030064245209812895,-26.603947368421057,4
31197219,6.362318985705824e-06,1.5355395923303787e-05,7.808095518155076e-06,5.5185561107051347e-05,0.000626899046966128,0.9779303371309466,4.212915682689328e-06,0.0034669145777698764,0.017886924957100498,-22.640659340659344,2
31197507,2.3278867857351704e-05,5.81979309407201e-07,2.822473024284402e-06,3.1929409072127355e-07,1.7793772155090786e-06,0.9999502197565234,9.033070125206966e-07,8.058896380436945e-06,1.2036048586339197e-05,-27.287096774193547,1
31197541,0.00020416004860946473,0.0001533881763251731,3.5528873504228845e-07,2.4709700112759393e-07,5.755945337602215e-07,0.9993728021644256,1.597351303494796e-06,0.00025294643756177586,1.3927841504447456e-05,-28.42875,3
31197641,3.605979600156066e-07,1.3908144599710592e-05,0.00020026566918305373,0.00018221973546611245,0.00016720705209111877,0.00043308501845573807,0.9747401531373174,0.02425327526412373,9.525380803234492e-06,-19.241666666666667,3
31197644,3.405508457217493e-06,5.511041725161746e-07,1.4129670155887335e-05,0.0009526351834208169,4.60455547832584e-06,0.0044250050292817,0.9943810580196233,0.00020034408598521955,1.82668434248387e-05,-25.071428571428566,4
31197681,4.089382182086456e-06,2.0481881110881726e-06,8.767296512214744e-05,3.3821230524204074e-06,2.958603798809023e-06,0.9079508944235115,0.08875455645076966,0.0031016159684881823,9.278189496399926e-05,-26.423529411764704,1
31197775,3.2652041766494396e-05,1.8280031161987e-06,7.813532593723799e-07,2.9838032879911237e-06,4.219388492816394e-06,0.44977757007819885,0.007734607888918743,0.5423163923456344,0.00012896509732505278,-28.375,4
31197798,1.4358518034450537e-05,0.0005569217212937032,2.0682106050036926e-05,0.0009402428509628206,0.11379420296578682,0.6994561183277881,0.002784803628155491,0.18099054164930986,0.0014421282326188155,-21.495454545454546,5
31197818,3.964252323925536e-06,4.3151844989718e-06,0.02810072329201981,0.00011396997709448451,5.6495052751104764e-06,0.38740815217926805,0.5293301734971979,0.05333997499996595,0.0016930771123558404,-25.615384615384617,3
31198127,7.416857701117868e-05,3.2637683396350414e-05,0.0019851436409934367,6.602424184973614e-07,1.5158180423238535e-05,0.9965399743090568,0.00010048948470978858,0.0011804303643979577,7.133751759285296e-05,-25.433333333333334,5
31198128,0.0007363986536569336,2.140080609577866e-06,0.0007379314454709728,4.1298735652559743e-07,3.5343210155142594e-06,0.992470712486985,0.002934596230894516,0.00045871212598934136,0.0026555616680217584,-27.866666666666664,1
31198190,4.0048806984053535e-05,2.184738681127522e-05,4.649318462924671e-06,0.000926802548636301,0.010939859689688327,0.747884595414827,0.033609852248246114,0.03454187067243257,0.1720304739139114,-21.00909090909091,1
31198191,3.0165878664104894e-06,2.2621382890727764e-06,1.8337055897000547e-05,3.7257454315491663e-07,4.1787025887548607e-05,0.9996167237152327,1.77634654702882e-05,0.00014898645739160486,0.00015075097942240858,-19.20909090909091,1
31198205,6.985188597110748e-06,2.0801075727269673e-05,3.847848792079285e-05,3.4284988062789525e-06,0.0013520616097927771,0.9794630450006773,0.00033341610418064014,0.0015743171394560613,0.017207466894841913,-19.6625,3
31198221,0.00010833263044248983,4.231918638498962e-05,1.75492902112885e-05,1.1981597439411146e-05,0.0008127815890545307,0.9760798378189868,0.0002091188700096158,0.006537864264935792,0.016180214752534856,-20.83658536585366,5
31198301,0.04843534236947667,6.863860369651991e-07,1.644807179277125e-05,2.234668107875515e-06,2.681490043453232e-06,0.8677264376064683,1.5532780310164136e-05,0.08116223166125289,0.0026384049665110717,-30.107766990291264,5
31198372,0.0008885935142845217,1.9275793626471343e-06,8.755745148620889e-07,4.0957624773695523e-07,4.091656167535992e-06,0.9615632973090328,5.625307158487421e-06,0.0016585340517553892,0.03587664543147591,-28.024867724867725,4
31198462,0.03014672768086572,2.6032508257411307e-05,3.963195946698449e-05,6.017324998894226e-07,2.5563842649007953e-06,0.9669456650856095,2.1650876085257836e-06,0.0028157174140612993,2.0902147365776907e-05,-27.24615384615384,3
31198527,0.020051389328663356,4.832428139217608e-06,5.138207571387619e-06,4.19218442757288e-06,4.731259550459908e-06,0.09902831106347318,1.5907973456272305e-05,0.8808431161476595,4.238140705899743e-05,-34.34285714285714,3
31198536,4.2207254931996314e-05,9.724390392601786e-05,6.548265883725199e-07,1.442943756624202e-07,2.3924820835580793e-07,0.9998064292845306,6.31646932790153e-07,3.4924602648565626e-05,1.752493785769575e-05,-26.260416666666668,1
31198559,0.001917186700240827,9.293127921461837e-06,8.978050573677044e-05,8.541097787152448e-07,1.6569151618340094e-06,0.9976197348979906,5.2783825939125925e-06,0.0003365588501556322,1.9656510420085842e-05,-25.579069767441858,4
31198568,0.00036741852012502465,2.671430071085657e-06,0.0023786232720351967,1.1977868111308756e-06,0.00018930885464092138,0.9965215792296659,4.6149749454809935e-06,0.0004597719313436141,7.481400036171999e-05,-25.216037735849063,2
31198594,0.006689981461326199,3.8532148786066515e-06,2.939387027319575e-06,2.0427936303316402e-06,8.71461919762808e-06,0.15032479561892698,1.2592074522084928e-05,0.8429456067951274,9.47403536343964e-06,-33.56086956521739,5
31198668,0.019034909678952307,4.666438225265412e-06,1.336145987852802e-06,1.3332142819104486e-06,3.0965706464331944e-06,0.69320033552435,0.00011442525716699797,0.2778720334489648,0.009767863721424404,-30.9,3
31198687,0.004520829773596212,1.2470627561635425e-06,4.515265250594269e-06,1.6601474485318793e-06,1.5060272186106747e-06,0.0696204267209342,5.520720168040409e-06,0.9258379171561529,6.37712647474322e-06,-32.76500000000001,5
31198733,2.4817841029086444e-05,9.458952428863278e-06,0.0001174101399043021,3.9565603281810173e-07,0.00014904767713986742,0.9984379292094726,1.0711633616504816e-05,0.00010666615201901607,0.0011435627383571119,-24.44018691588785,3
31198875,4.546042601497334e-05,7.891257598477859e-06,6.938906303325544e-07,4.693229552835574e-07,5.356083169336258e-06,0.9922483727296991,5.578448235437817e-05,0.0012115625672583525,0.006424409240319577,-26.652380952380955,3
31198942,0.004868053809851278,1.639374747045131e-06,4.512682494487632e-07,3.6260635185504025e-07,8.543622740133245e-06,0.9940263662666582,1.3166119291433391e-05,0.0002121916979212721,0.0008692252341893096,-28.545962732919254,5
31199227,0.000986166441960284,2.5835819496624463e-05,0.0005805671100826958,0.04810480008977281,2.318939923391418e-05,0.7777785448042847,0.08941333704106097,0.03358053662192581,0.04950702267218234,-27.145833333333332,1
31199682,6.485725307429998e-05,1.978930696389246e-06,9.510749081049887e-05,0.000106853443246411,6.462828219816515e-05,0.9077201964814277,3.8829810500959076e-05,0.09005296613436184,0.0018545821736838638,-25.82,3
31199984,9.104982888782535e-06,4.131916459125447e-06,5.0149794518152586e-06,0.0007067552161396945,2.4645231672799622e-05,0.14893859127038359,0.8142276577567533,0.03457082755876049,0.0015132710874902046,-26.31428571428571,4
31200075,0.0038758264242804335,6.672263894725889e-05,5.434598203690596e-07,8.299631727797717e-07,2.913667335645958e-06,0.9922252402495279,7.549886294808059e-06,0.0035686681063962942,0.0002517056042243706,-28.51972789115646,3
31200078,0.0012078065478338753,1.6560173751452991e-06,4.078103563434048e-06,1.8448869974479866e-05,7.525054782985206e-06,0.9051470613523213,0.07015545890586691,0.020827379951219947,0.0026305851970617722,-28.842857142857138,2
31200144,0.001806406571154094,4.905531121102458e-06,2.0961839616163646e-07,2.9167487969045915e-07,5.051468968081913e-07,0.9946306169662198,2.123891831149456e-06,0.0034962979367945354,5.8642662706698415e-05,-29.52978723404256,2
31200173,4.934962191335242e-07,8.412377236233614e-06,6.828327501555359e-06,0.000619069074262288,0.0007809311506698484,0.008770485551698884,0.9695105053557479,0.014559150667970831,0.005744123998693372,-20.279310344827586,1
31200346,2.861025445106549e-06,0.020288460315356617,3.2606925542513264e-06,3.9408169691644735e-07,0.9190168390454676,0.0007116233739877401,7.913325309355125e-05,0.05946131309321323,0.00043611511918489616,-9.233333333333333,1
31200471,3.5469729179466735e-05,0.0009515384115603182,1.3817075555909013e-05,1.4209359366830143e-05,0.7608811866845413,0.07849209534648242,0.0009682372379009805,0.02270823767275908,0.13593520848265375,-12.639583333333334,3
31200847,4.512846367795303e-05,1.9285804934768432e-05,2.2801613637094565e-06,7.724980719984212e-06,1.5053407490769441e-05,0.42357541583375113,0.047458562259008456,0.5277298177217166,0.001146731367336637,-30.421212121212125,5
31200997,0.00021315043265152285,0.0001635312420145346,6.7697877919643235e-06,1.0711173559815448e-05,0.00016684202995631724,0.8267956979333243,0.04346686951861511,0.013638372833497349,0.11553805504858901,-31.248387096774195,2
31201034,1.1665005943697904e-05,1.914371086609203e-05,1.0866901702109053e-05,1.9719249995233383e-06,1.5396254174166225e-05,0.24009705414860413,0.00010999911018142682,0.2515538626315618,0.5081800403119671,-33.64574468085106,4
31201233,2.7895136771553216e-05,2.451821922523805e-06,0.0005938679212731442,2.8855869185843526e-05,0.00020668355359079786,0.8426187477707745,0.004778018714700215,0.12002969815991336,0.031713781051868055,-24.949019607843137,4
526781579,0.0005080216246227895,3.349755763070024e-06,2.8171786019654622e-06,7.547008302289759e-07,3.79085267792034e-05,0.9738067877255123,6.595812133970981e-05,0.02550803538132798,6.63669852225843e-05,-25.62258064516129,4
526782173,0.00013896041223374915,7.566881777989088e-05,5.289743972141039e-05,0.2281506181918534,9.756063766633821e-05,0.0856721913375055,0.0013809305604454754,0.1404820438992688,0.5439491287035254,-22.46279069767442,3
526782843,0.0009789301133609773,0.02401697783170312,0.00597181341736399,0.0001936777375964682,0.0007300281910127036,0.2061308054483795,0.0003742691708612544,0.7608757148160922,0.0007277832736298052,-20.47407407407407,1
526786562,0.00027556623428711557,4.67199344278437e-06,4.6575669585429285e-06,1.257669998646208e-06,9.69273794752708e-06,0.916109569333794,0.00030186550434132446,0.08142559320979093,0.0018671257494393644,-26.93384615384615,3
526787997,0.0015840101942619688,1.604152204552602e-05,2.3215304190961357e-05,8.259517998203778e-07,5.3259282508676556e-06,0.9230648859079782,0.0009885761808830717,0.06696130469681276,0.007355814313776941,-31.430434782608696,3
526788552,0.00036300610886477123,7.593566770061428e-05,4.8894538900628545e-05,5.855822269514221e-05,0.05980155448132622,0.8836392095790458,6.924719085002092e-05,0.026469330482352373,0.02947426372826421,-21.845205479452055,1
526788673,0.00036566002057331634,9.624425585263404e-07,1.9457853766172587e-05,1.018242639632884e-05,4.353317855847643e-06,0.7024904483783353,0.0012879254520625977,0.009504596083779683,0.2863164140246723,-26.03235294117647,2
526788796,2.7299842932811558e-05,0.2205058808534204,0.0007059129797329955,0.45166150005057604,0.011636729356353358,0.021996194717265414,0.020985839565574278,0.008972601528689002,0.26350804110545556,-16.62571428571428,2
526789052,0.00015432152011643447,5.160064865366575e-05,3.5462769375715896e-06,0.00016413380476532017,0.03160731382137587,0.816018488455309,0.001649885775932672,0.11335949784046999,0.0369912118564394,-24.242857142857144,4
526789074,2.7439078707123524e-05,0.7490114849772773,1.520425255881323e-05,0.14196422994584298,0.015102888949377643,0.0722075072125946,0.0002700580248533115,0.01138668489034524,0.010014502668442747,-22.16774193548387,2
526789570,6.014974678830892e-05,3.4264266956542693e-06,0.00012258601659647457,0.0005212258274515845,0.0002061049312907226,0.635907460405409,1.3556741686346906e-06,0.36252750598193895,0.0006501849896605614,-28.04825174825175,4
526789799,0.002185900959201573,1.1400453569095716e-06,1.5882550138427536e-06,0.0005994720846641008,6.3800821803306066e-06,0.9165541529705754,2.0900209106186095e-05,0.08040655340225053,0.0002239119916511593,-28.492715231788075,4
526792415,1.3109348966530939e-05,2.3067571443847633e-05,3.924492802662546e-06,6.078406403412099e-07,1.4549153770616778e-06,0.9888717566854108,3.128498427427366e-06,0.007509523803190372,0.0035734268437411084,-26.55588235294118,3
526792430,0.5554001562632601,4.899369603222044e-06,3.2564460614651646e-06,8.074585427173447e-07,1.336084805983767e-06,0.40326717661134287,4.632396138156341e-06,0.04131224450122224,5.490869023313174e-06,-27.203603603603604,3
526793217,0.04190555379962807,0.00011024921026666621,0.0013081101458846671,3.4803328814639865e-06,6.550212192554393e-05,0.9503601198415319,7.4531199356585e-05,0.004791005531147237,0.0013814478173778495,-21.86081081081081,1
526794655,0.0031672438271339574,0.000820128696490843,0.04951261948528419,0.000690648729626126,1.5203201126977938e-05,0.044779776875657436,0.00019727418793699314,0.6424168189012034,0.2584002860955401,-25.116666666666664,3
526794922,0.002076936883454482,1.3681874896862512e-05,6.494888699887156e-07,7.101462846540386e-07,1.5378412386186794e-06,0.9748911187333956,3.754030267015672e-06,0.021820446158581478,0.0011911648430113215,-27.9978835978836,5
526795209,0.000460924176877052,0.00015251680980769464,0.00011414813395573949,0.00028549101029459755,0.022580511323734273,0.45319523505748127,1.4803996837119568e-05,0.4565035379328164,0.06669283155819572,-22.848235294117647,2
526795291,0.00021378562640672253,0.4679976232978938,0.01815627592621647,2.957150750125623e-06,0.0008314767384063727,0.08809560154016699,0.0009075431607003401,0.2682322507818759,0.15556248577758322,-20.73,4
526795436,0.0027355509450476432,0.0005328898680062391,7.234053991379362e-05,1.831007537630219e-05,1.5182880910902925e-06,0.08541457271556598,0.0044332400821187265,0.9065433817219538,0.000248195763926381,-28.304999999999996,2
526796389,0.12850266428171897,4.880038808813102e-06,1.955436485299226e-05,1.037973085489971e-06,1.2589672005418291e-05,0.8683930433900241,6.195896856179286e-06,0.0029817846401001334,7.824974254783048e-05,-27.25256410256411,1
526796678,0.00021951596889707828,0.004608454071259369,0.0007806307852730614,7.86501455832334e-06,0.0006385591212378122,0.788002093374194,0.0008121003776055435,0.17914270443677205,0.025788076850202728,-20.313333333333333,3
526796818,0.00044915703843554077,2.731592649750769e-06,0.0004278747405080491,2.139841907395212e-06,0.0034247788678153463,0.9407374064441468,1.4394014619924747e-05,0.0544423721868972,0.0004991452730198525,-24.64423076923077,3
526800077,5.7455232170967704e-05,0.000264249587994018,2.13470943782675e-05,4.1400921878958975e-06,5.880820291340455e-05,0.984053581987164,9.253515293357044e-07,0.015530971320606584,8.521131055670102e-06,-23.662448979591833,2
526801257,0.00019738176940698433,0.35986644555967806,3.516419822885368e-06,0.0004794381288260581,3.49748251368384e-05,0.039053908371968274,2.7869631600744365e-05,0.6002230018827402,0.00011346341082002079,-18.23478260869565,1
526801493,0.0004345410812030336,0.00020574235892041124,4.5218785677668305e-06,0.00013719086680410913,0.009361646998123153,7.614586752618745e-05,0.00020017250542304473,0.001841859332800535,0.9877381791106317,-17.28857142857143,1
526802471,7.042976212627367e-05,0.15586045277817853,9.364295039381159e-05,0.0002440084767873822,0.12676011468753073,0.08118333424310605,0.0007177722428827557,0.011288335664765142,0.6237819091942293,-21.716190476190473,1
526804172,5.360516598880466e-05,6.283568625471315e-07,4.40142956849184e-07,3.8544981197697215e-06,5.702069921621103e-07,0.9981782859375528,5.298300977655312e-05,0.0013040735330981884,0.0004055591486524629,-27.115151515151513,1
526804289,4.179232078838556e-05,6.719500206537753e-06,0.00015731291487931461,0.00844735634248748,5.2830282040673145e-05,0.38364234545677073,7.466259056145238e-06,0.26299570377545894,0.3446484731483118,-26.61111111111111,2
526804691,0.0011331158290123233,6.520385088048978e-06,2.961613682021395e-06,1.279818974971396e-06,1.2937625873994748e-06,0.9947769673691652,6.240292264154311e-05,0.003992437227275937,2.302107157276486e-05,-27.089583333333337,1
526805232,8.173413802907131e-05,0.0004264868565804445,1.900399454871257e-07,2.3513270696146793e-07,1.7139222604240006e-06,0.9939581916917418,3.5642310285817897e-06,0.0051238737172196935,0.00040401027048747633,-25.859375,4
526805467,2.644561017673425e-05,0.006475415266259984,0.0031324873452605053,3.5068309212771365e-05,0.05016708952416755,0.9320211870037424,5.9351627805525605e-05,0.0030632976378833785,0.005019657675491242,-19.322222222222223,3
526806491,8.000716300492002e-06,2.538956155897341e-07,1.3196491476598485e-06,3.261555744400099e-06,6.968515414480859e-07,0.9959894509124624,9.636789418826413e-07,0.003518581781016899,0.0004774709592291118,-30.70980392156863,5
526806793,5.075861890925902e-06,2.8689296827452917e-07,6.6397122802854296e-06,4.2060178343739416e-07,1.3240772844806822e-06,0.9995817247911221,1.2839033336113267e-05,0.00014207862336515232,0.00024961040596908093,-23.849999999999998,2
526806833,1.826319307881308e-05,1.7922983578255083e-05,2.221899107835413e-05,7.136384570086361e-05,0.8784974797576157,0.11261635034987787,0.00012894392787905632,0.007312713600702974,0.0013147433504882456,-17.910416666666666,3
526806940,0.13207828181633052,8.356658479537313e-06,1.621792335884711e-05,7.08811633776774e-07,0.00014647140220601658,0.8655829743235033,6.310320125859614e-05,0.0005415203420895355,0.001562365521139767,-24.667241379310347,3
526811997,0.0007196366843206025,4.446174325288567e-06,3.448804389162172e-05,1.0277085630291733e-06,1.9407131498649384e-05,0.898564337820906,5.45702634414994e-06,0.006298651351026902,0.09435254805912371,-28.214666666666666,1
526812318,0.008581393747838596,1.3113136391950461e-06,1.587677147673394e-05,2.6009408328177733e-06,1.2691587230646612e-05,0.9632450252058051,1.0169877519011896e-05,0.008735278358702988,0.019395652196954695,-27.326857142857143,3
526813735,6.363457268933738e-05,7.143812915662291e-06,3.567007252574472e-05,8.124827906633602e-07,2.7876880105563015e-06,0.9962990864196823,7.668145252442874e-06,0.000780555484180556,0.0028026413219526458,-29.476576576576576,5
526813736,0.00030772909965750075,5.1394589300402395e-06,4.403901395768564e-06,2.336962828163463e-06,1.024607398038604e-05,0.9852634243393179,2.4990429360264322e-05,0.014048456481278854,0.00033327325325123225,-29.540000000000003,1
526815305,0.00025084875055155897,7.048488979036187e-05,5.138945118207543e-06,2.129257243844515e-07,1.9356694192748e-05,0.9994700648188978,2.7365763980544967e-06,7.698571502764248e-05,0.00010417068429935526,-24.397222222222222,2
526818617,7.961010248294476e-06,2.2388849076360214e-07,1.2809501263735637e-07,1.6174832677094087e-07,4.0123143976964816e-07,0.9851587131758591,4.767007612034538e-06,0.014754555810645558,7.308803236483469e-05,-28.80382165605096,3
526818665,2.6249891083213733e-05,0.00016781024519824998,7.198256985597973e-06,5.276364363406912e-07,9.74034118160297e-05,0.9801207913545877,4.4988654479939614e-05,0.011892076890341476,0.007642953659071416,-28.15350877192983,4
526818692,3.110101605487995e-05,3.887802184558169e-06,1.0958381509367484e-05,1.5108200903234262e-06,5.028561503209942e-07,0.9924764572361295,5.43438641140882e-05,0.003214457391518368,0.004206780632248377,-27.695652173913043,2
526819070,0.00012368111113280004,1.4559304472271913e-06,1.7230958430183867e-06,1.4763638082490704e-06,1.0752107439816729e-05,0.9204378272703698,0.00015783411633885964,0.07365650000102249,0.005608750003597552,-28.347142857142856,4
526819569,2.933381368600426e-05,5.556695451881544e-07,1.0234418241287195e-05,6.544539344483437e-07,2.316695889018705e-06,0.9741081393532832,0.0033704285269417857,0.02093945241249406,0.0015388846559851134,-26.093589743589742,3
526820925,4.840212441941596e-05,0.00012038472759869149,0.00026080306146233386,0.008975934125619603,0.00042786829895440336,0.6231088274237757,0.0027357105000647883,0.042414628059376853,0.32190744167872837,-28.141379310344828,1
526822161,1.6979147324524946e-05,7.981596213168822e-05,1.8027274195835662e-05,8.589609730561895e-06,0.005540144655842175,0.9857603123366916,1.2475457714428156e-05,0.0014551441351705358,0.007108511421198791,-22.23564814814815,5
526824105,0.0016145121877425058,5.8123514855736196e-05,0.0012349286743701107,0.0021819705768156717,0.0001721761226454672,0.9777051073808628,0.00034659461464829237,0.008048999240176897,0.008637587687882517,-23.568794326241132,5
526826036,0.020814238293369598,2.026746334636197e-05,1.9500455586853412e-05,9.1002568138312e-06,6.28660006203774e-06,0.8958530707669975,3.777364613609143e-05,0.01888562383805968,0.06435413867962804,-24.975471698113203,3
526829053,0.0002516770333874014,1.0659133032859659e-06,7.694773333656673e-06,1.0949634592584865e-06,2.244577197832134e-06,0.9642039631703497,0.00010397514712846506,0.03218662468590455,0.0032416597359357356,-25.466666666666665,4
526829735,9.723108241175975e-05,1.399060582031774e-06,0.0002662310583481146,9.913288277463051e-06,3.583087702088987e-05,0.9332403592882675,3.475119800482781e-05,0.015178791499732648,0.051135492647354876,-25.849999999999998,4
526829966,0.00047831290075398724,4.478406558629021e-06,3.3694221426290435e-06,4.961586648414406e-06,7.686630976302942e-07,0.9860482299793887,2.5160084197237794e-06,0.013432283659863412,2.5079373126960337e-05,-26.40451127819549,2
526830180,0.0012382145679946065,7.914204309887868e-06,0.00012101675941571772,1.1044223594116503e-05,0.000132526571385343,0.9895134333346273,0.00014629278470731076,0.007390780840722122,0.0014387767132433454,-23.960194174757284,1
526830537,8.549522228134213e-05,1.9347463591950565e-07,3.657091489985772e-07,1.1017490239576504e-06,2.4138998213918137e-06,0.9997332938429185,7.492106215583767e-07,0.00014257925425322618,3.3807637295063045e-05,-25.82705479452055,2
526836101,7.542782801404923e-06,0.013620661513060217,0.0009929701586926577,1.7274860813324102e-05,0.000356087879329466,0.9770355413185945,0.002751416578728009,0.003970679235494567,0.001247825672485851,-19.246875000000003,5
526837828,0.013173936286447748,2.4809742222339202e-05,7.673641317541492e-06,1.613288098445811e-06,3.424169203749446e-05,0.9797566233015285,1.53236577873189e-05,0.006523499162088253,0.00046227922847265454,-24.91862745098039,2
526838654,0.0001265648618898479,1.0229851954239114e-06,0.002149649429527248,4.091057759196947e-07,1.2904148130619463e-06,0.9312730347239527,4.3915145480069415e-06,0.06627503993064206,0.00016859703365562114,-28.151315789473685,2
526838912,0.0034046208560325974,1.73206430880057e-06,8.180770120997189e-06,2.940646127244707e-07,2.874371927517434e-06,0.9951579058270321,2.962944484085593e-06,0.0008538128709502243,0.000567616230530808,-30.001149425287355,2
526838993,0.010235193564859042,8.976794820354388e-05,2.3633304664171414e-06,9.089285792089709e-07,5.6057320905787385e-05,0.9643491465143601,1.3539570907882872e-05,0.023933414786372714,0.0013196080353455922,-29.003,1
526839467,2.0982575763920736e-05,3.4297568970387424e-06,1.3128164802097216e-06,6.172298962441446e-07,1.1219397787688796e-05,0.9827520980553195,1.8729992578528426e-06,0.01698122611177897,0.00022724105681878033,-29.189873417721525,4
526839523,0.003917021828814981,2.960279184611091e-06,3.2982054703198847e-06,3.829726459296132e-07,3.379310942647581e-06,0.992153469225999,1.992621551044876e-06,0.0036757212188940954,0.00024177433649755423,-28.385106382978726,5
526840233,0.0015393363448629916,4.402063119233822e-06,1.0523507865667426e-05,7.356856542486355e-07,1.1588061830465933e-05,0.9818557798950346,9.180027977749807e-06,0.012469158993983721,0.00409929541967129,-27.262758620689656,4
526840854,0.00015736103521805616,9.75999013191131e-07,0.0012381523349656869,7.848589914924996e-07,1.1821212163992498e-06,0.9882772602366623,0.00046920787402965754,0.0066288702370584564,0.003226205302845059,-28.2925,4
526840898,4.53006600414985e-06,1.986650086482553e-07,3.607773831350282e-07,1.159697371847605e-07,3.611559957338709e-07,0.9985924768208717,3.710479114492852e-06,0.0010024588592418384,0.0003957872066431429,-29.005970149253734,1
526842939,6.700159098251788e-05,5.4463138974948584e-06,0.0003831035186576107,0.003989814801067156,0.07897491840736719,0.8174327482190333,3.693597971438762e-05,0.0965168549438272,0.0025931762254530425,-23.232352941176472,4
526843606,0.00024192851480782796,8.718201413748807e-06,1.4373213857567768e-05,3.1070749917984843e-06,0.016427903048873125,0.9609626115898727,0.00020544329370526305,0.013986825984254549,0.008149089078223424,-23.671249999999997,4
526844182,0.00022645517069076393,6.413376757792104e-06,2.906164092672045e-07,3.017005215795555e-07,6.87732419291581e-06,0.9138221901589998,5.848853767605557e-06,0.04102294501548266,0.04490867778317737,-25.872413793103448,4
526844242,0.014428774742428976,2.1046620413406345e-06,8.736602217781057e-06,2.775757323691586e-05,5.431866474886989e-05,0.8992222479204384,1.674848042357269e-05,0.08603047745537466,0.00020883389908949972,-26.96140350877193,3
526845685,0.0005748217416948166,7.267682178262683e-06,4.912566820626884e-07,6.259779326823991e-07,2.545392153831494e-06,0.9927858071302194,9.31100511966186e-05,0.00047546706413572964,0.006059863703806672,-26.60843373493976,5
526847457,0.00017907872980960836,8.244318399109304e-07,2.117444128544925e-06,2.4442682400235124e-06,8.168779507883291e-06,0.9383465805783594,6.26248398007545e-06,0.061295970598835875,0.0001585526852986231,-29.312280701754386,4
526851675,6.10837846307255e-05,1.3801072516249304e-05,2.1810192193410495e-05,5.682223270987457e-07,2.4859171625811086e-06,0.9918613593848536,0.0004392530867879909,0.007465420438948274,0.00013421790058026575,-28.60833333333333,1
526852329,0.0004652591331681631,7.817937815894972e-06,3.5274556384784994e-06,5.850727285787477e-07,3.812006525251701e-06,0.9622669006803463,3.84572199892628e-06,0.036771063515472074,0.0004771884763063868,-29.594767441860466,4
526852475,6.865213817992253e-05,5.607847887839091e-07,1.5628886433670046e-06,4.900150653981784e-07,5.155410141300934e-05,0.9987893642414805,2.12679869419016e-06,0.0007476027781778896,0.00033808625355693313,-27.686451612903223,5
526852787,0.0005391627957208739,7.140988627237446e-07,9.911100688874661e-06,6.338173340608758e-07,8.098356243644265e-06,0.9896320070982942,9.610411570494124e-06,0.007549665383958164,0.0022501969373270535,-27.276923076923076,3
526852986,0.46048514792314926,0.0001209681890335812,1.4740391419129757e-06,4.5349873442928905e-07,1.553130475357282e-05,0.5376766399834618,6.339283371936948e-06,0.0008414028059001234,0.0008520429724533268,-25.218181818181822,3
526853160,6.893225395421086e-05,8.002551529788804e-05,2.8003375939442807e-05,1.980551103377465e-06,0.015564869116739835,0.9739770409807801,0.008683228623551347,0.001309246545193906,0.00028667303744016147,-24.012500000000003,2
526853279,0.00027866080886340607,7.093799360379803e-06,5.689132864893349e-06,1.2194288098007924e-05,5.376916957529977e-06,0.9940862596585813,0.000452636325862181,0.0046444300514938705,0.0005076590179184337,-25.03103448275862,3
526853360,0.009064675402776995,2.1392220853467677e-05,0.00021349323604670758,0.0005075823642148758,0.0016176909272601553,0.8613747679555864,0.00040828995802417615,0.12462136398691243,0.0021707439483246932,-24.41428571428571,5
526853406,5.7625230349208124e-05,1.2713727184194579e-06,4.0400921533993896e-05,1.502890513473487e-06,1.940473094878038e-06,0.8674183983754573,1.4386007980442156e-05,0.09273368486870462,0.03973078985964759,-26.52790697674418,2
526854244,0.0004328075097966973,0.00013361967169085994,3.267979299731572e-06,2.7801046771451193e-07,0.00015355798028018124,0.9978575088467981,4.479853011216987e-06,0.0008144229538501023,0.0006000571948053024,-25.364615384615384,2
526854833,0.00010617993370006517,2.322822401864065e-06,5.0564502204531534e-05,5.031296966460359e-06,8.79807063935563e-05,0.975982078520252,9.74176598580548e-06,0.015615749102427941,0.008140351349667802,-26.486227544910182,4
526856490,1.222629424639934e-05,2.7781889769350907e-06,2.134678050849604e-06,1.2805031295384041e-05,4.620978082923232e-06,0.8325919817559158,2.567876487281879e-05,0.00951642513081808,0.15783134917774078,-31.108510638297865,4
526856913,0.0025219820717494188,8.295494791149976e-07,5.553830406244289e-06,1.5368715998090677e-05,8.261802335039112e-06,0.9813085800241483,1.5487112647525838e-06,0.01610131295144869,3.6562343170473e-05,-27.69333333333333,3
526857107,0.001444604254518373,7.185103879530405e-07,6.422284597848655e-07,4.347329648158911e-07,4.7259575564539605e-06,0.982880137554647,6.9778753418315856e-06,0.015201083307634814,0.0004606755784890708,-28.003478260869564,2
526857175,0.00011193533666180766,0.07116074601935234,0.00016008786063239033,0.06006294933154717,0.0018517530210442855,0.8244725131195808,0.00034603847236467706,0.04102009121914956,0.0008138856196669281,-23.71212121212121,2
526858989,0.00010176728963753165,8.216834316850077e-07,1.6532871099594116e-06,5.370901321596818e-07,3.7307057828158017e-06,0.9959113263620333,1.1029100321086906e-05,0.003587615652007082,0.00038151882954437483,-26.077551020408166,3
526859179,0.0009645274718165092,1.3979692226790747e-06,1.035648308061125e-06,1.1370232508580231e-05,5.054974632278946e-06,0.9135677648018363,1.7238702016921942e-06,0.08525503239534073,0.00019209263613304166,-30.142500000000002,4
526859233,0.0015801971732737519,4.2460390659818156e-07,6.190259641452212e-07,4.2394354333651905e-07,7.404386700744004e-07,0.9907636794637927,3.988030514435112e-06,0.007613451561025939,3.6475759309066366e-05,-29.017777777777777,5
526860531,0.0006113004551180743,1.4725523448423245e-06,4.309243702574906e-06,7.1566341719784795e-06,0.00021113040092219705,0.9776661883449386,6.842378533569862e-06,0.015501103209900845,0.0059904967803675515,-27.85211267605634,4
526860754,0.0002641442829035409,6.574424795043519e-08,2.873350036540443e-07,4.2516513837252846e-07,1.8252905928281145e-07,0.9989173225011304,5.822132559623119e-06,0.0007986547494320922,1.3095560525087668e-05,-25.860555555555557,3
526861330,2.28626479552074e-06,4.2784055845742685e-05,3.695377070881647e-07,1.9158003296812946e-06,2.4222461823576638e-06,0.9360522953434582,6.60174156092702e-05,0.03138247393987621,0.03244943539619594,-26.337999999999997,1
526861513,0.256499041691433,1.0049360180034342e-05,1.3575021209974831e-05,1.4197012205428604e-05,3.2858335482331906e-05,0.45377361470272354,0.0005681164291335981,0.28161273317851127,0.007475814269120807,-26.159183673469393,3
526862708,1.8349936969701126e-05,1.2346986088552676e-06,4.5075733325704364e-07,1.3437115246437e-07,1.0492372405326393e-06,0.9899610365208545,3.412113600600313e-06,0.008953893418614557,0.0010604389456253449,-25.81578947368421,4
526862911,6.193538597845794e-05,7.414984164212016e-07,9.129138788928365e-06,5.9910024944969295e-05,8.689346643381882e-07,0.9552021717786662,2.3700053394175226e-06,0.04453705578057971,0.00012581745262160037,-26.931746031746034,3
526863325,1.6973353821234503e-05,9.529410357679429e-05,3.364707628370054e-05,0.0006015663742585422,0.19834860896216405,0.7812756019903051,2.991504412534518e-05,0.0073931235995903484,0.012205269495874794,-17.941463414634146,3
526863446,0.00024999939209543776,1.0327915111486622e-06,1.030130468584846e-05,1.001423487941037e-05,1.8055654417324332e-06,0.9970787894342144,2.269549525650641e-06,0.0024628506313124294,0.00018293709633397553,-25.765476190476186,1
526864135,9.762667586866823e-05,0.0041420737732434975,1.8623466631499834e-06,2.161530528589197e-06,3.1593951533693643e-06,0.9869002781771749,1.2147074343337575e-05,0.0019507193963329975,0.006889971630691422,-26.720000000000002,3
526864228,9.835769867825187e-05,0.002506591350800033,1.121712885175405e-05,8.177578012044927e-05,0.0002983156217885797,0.9419441116257716,0.009146358988392042,0.035326976590606185,0.010586295214991185,-27.172500000000003,4
526864362,0.0002716409736823795,2.2850148644036153e-05,4.853001053753756e-07,4.971109324555778e-07,9.782560433747669e-07,0.9902782117554735,1.5096079569649925e-05,0.009374791395344048,3.5448980205434835e-05,-28.60322580645161,3
526864476,0.00033434232928807744,2.432363465778633e-06,0.00011667172422227733,1.72460191165501e-05,4.330397587609362e-06,0.9136321461707364,0.0025751578227430133,0.06869379926869408,0.014623873904145934,-29.6875,2
526864642,9.958958321654206e-05,8.684611270427393e-06,3.836807895754746e-05,0.019400983638975133,2.2497579625060014e-05,0.870286054644743,0.0002993674297722423,0.09381773751261,0.01602671692083035,-28.53272727272727,1
526864972,0.0014685682000619598,9.671380049907465e-06,4.033894781714805e-07,8.270617327230625e-07,1.502020051454184e-05,0.9799886507892285,3.354815949793512e-06,0.018268835458067026,0.0002446687049173736,-28.442982456140346,3
526865080,0.00014220827296417305,7.638372775618024e-06,7.462397424514707e-07,9.303346968369602e-07,7.550503494013153e-06,0.9737566054298895,4.443157252393315e-06,0.024161364021684725,0.001918513667500251,-29.497590361445784,4
526865539,0.0004123845704726391,4.910554064175739e-06,4.5492042617054247e-07,6.752042558252844e-07,2.9537863114902525e-06,0.997393276145843,5.284377533466128e-06,0.0012704554171925127,0.0009096050239003941,-26.623966942148762,3
526867246,0.013770151631811221,0.5694510225944504,4.287372730163846e-05,0.017504230041236975,0.012673094226040947,0.23292128462751763,0.00014448333411357634,0.04731954999372328,0.10617330982380457,-19.42820512820513,2
526868226,2.77041632289939e-05,3.2660353883607706e-06,1.2552019436758034e-06,1.6275806736642756e-06,4.207090956405535e-06,0.9990951958554231,1.4510676495945083e-06,0.00022294847685905452,0.0006423445278772277,-25.907000000000004,3
526868535,0.0010639162116593186,1.7084982397502536e-06,0.0015347949068931779,5.819128091660195e-05,8.092251409697038e-06,0.9203818192196382,8.058300339664842e-06,0.07673347896408686,0.00020994036681674122,-26.517808219178082,1
526868789,0.0008651095181911565,1.1758206339106324e-06,5.593066230508509e-06,6.497859502008603e-07,2.4609399088766807e-06,0.9743791871366128,7.565938009040557e-06,0.01646682630140489,0.008271431493058912,-28.407092198581562,5
526871313,0.00046702522041346714,2.4993361300204774e-06,6.735214897479123e-07,1.3939240150779487e-06,2.511018432096051e-06,0.9558142475239363,7.964470980119739e-06,0.039047330233264725,0.004656354751338237,-29.641269841269843,4
526871362,0.0007881622614626645,2.0776409917502043e-06,2.1749934854380676e-05,4.571414019901523e-06,5.517422857918446e-05,0.9679305564691022,1.0235615045965724e-05,0.03048889767401257,0.0006985747619314678,-27.448739495798318,3
526873014,0.00544221996522471,8.508454474645701e-07,1.574025222414489e-06,7.263433485073041e-07,5.110536989398266e-06,0.9837575572386943,0.00023911952444786473,0.007404702814508592,0.003148138706116731,-26.727972027972026,3
526873318,0.0028282484461838488,5.841434755401291e-07,1.4915955089436372e-05,1.2282763386725438e-06,7.504712896615488e-07,0.9752130817893819,0.0017170078933209944,0.019373052893516797,0.0008511301314031464,-27.071875,4
526873946,5.938453796617757e-06,5.818577485213163e-06,3.5635427290796323e-07,3.889224475725028e-06,1.374755387131333e-06,0.9949133996160091,1.4070148063218645e-05,0.0032760446756577417,0.0017791081948522693,-26.86363636363636,1
526875076,8.040903026611644e-05,1.2399060115012182e-05,6.928247305981058e-07,2.0103366551100135e-07,0.0005977791798734535,0.9971913828384112,4.002347391855545e-06,0.000789364273971374,0.0013237694115748222,-25.250000000000007,4
526876715,0.0003644566318891637,0.0002643341069486059,9.209377197623485e-05,1.030945014908906e-05,0.001313054041707992,0.8558790888488923,1.4554469059438609e-05,0.02390465355196996,0.11815745512740722,-22.835869565217394,5
526877985,5.9725747649689434e-05,2.0326518149877457e-07,1.1427057454947457e-05,7.378120406635675e-06,2.4261607163392926e-06,0.9982474123317983,3.317432718170395e-06,0.0012211041811205988,0.0004470057029539587,-27.714285714285715,1
526878222,1.235470462049665e-05,9.82814350097101e-07,6.111262060600066e-07,0.00013038538657781125,4.813693213032632e-07,0.9747029289392378,6.864858109842189e-06,0.02508646579783326,5.8925003743157676e-05,-30.407407407407405,5
526878688,0.001340161561763348,2.0766297166755937e-07,1.7286827462722782e-07,3.698163732326129e-06,2.946276193067734e-07,0.9970579945761167,1.1789883131466696e-06,0.0015717330741856262,2.4558477023154024e-05,-29.672631578947364,5
526879291,0.00018273782212016668,1.0788358142821362e-07,2.9411829357030966e-07,4.2242319619233666e-07,3.068104188247634e-07,0.9986288333393977,3.883090685087382e-07,0.001137021047308222,4.988824661527005e-05,-27.900763358778626,2
526879339,0.00019270067452932687,0.014785681761847396,9.53246739743223e-06,1.0762581330780312e-05,0.004806261045772659,0.8538387323613272,0.0003068930124873294,0.010573220425787786,0.11547621566951999,-24.90760233918129,4
526881409,0.00025031362273906247,1.318742899858947e-06,3.8972059809353114e-05,4.484653535251398e-05,5.688424213968417e-05,0.977262170039604,5.0604912544987626e-05,0.02039005584499833,0.0019048339999122533,-25.911363636363635,4
526881566,0.0033371817552003235,4.973617919393353e-06,1.7202320132749507e-06,5.602045920466986e-06,9.043114121572885e-06,0.4811792786001542,0.0003641418875938799,0.5148094025351382,0.000288656211938723,-26.828125,3
526882095,5.8292029309424805e-05,0.0003468053712785311,4.130028155527064e-06,4.0026626614598404e-07,1.5880385695273853e-06,0.9856023576129348,3.383168557400549e-05,0.00790733316103815,0.006045261806873761,-28.38823529411765,5
526882274,0.00021956732565074895,0.0001649576098329557,6.469850142361668e-06,0.00017231325182831547,0.0003396656656597274,0.9930809378594045,5.665056102133379e-06,0.0018792209139222263,0.004131202467457055,-23.346808510638308,2
526882521,8.256540264671246e-05,1.0032340101333026e-06,1.1312883665908745e-06,6.4594662881757e-07,1.123760671431231e-05,0.9129226572029066,0.001467594392380644,0.08470545402017898,0.0008077109061675529,-29.802380952380954,5
526882913,9.798618797387946e-05,3.4744124370662535e-06,0.00018770754297882763,0.00010923069733629145,5.2987107855571396e-06,0.4420175990525795,0.0025702501387310805,0.5546482420154404,0.00036021124173736036,-34.379411764705885,4
526882941,0.00019629474211118293,1.0233331477367985e-06,6.040502737108622e-06,2.5613183867558167e-06,4.096391220772064e-06,0.9220705339240616,0.016882342245983766,0.05141688600808006,0.009420221534270976,-31.292499999999997,2
526883036,1.6716381799009052e-05,0.20189480189214826,0.0001681428958454994,2.5016645481577724e-06,0.01500481772008487,0.7752873966644186,9.675373802651382e-05,0.0010562703996618522,0.006472598643467309,-20.39736842105263,3
526883414,9.7985351160895e-05,2.3102096558928876e-07,7.491319423963592e-07,3.026043097770289e-07,7.12425422381442e-07,0.9962597456551051,4.0516335544754155e-05,0.002883473157614052,0.000716284317934847,-26.826724137931034,2
526884387,0.00025978004524932895,0.04498632462979629,1.1963211859747695e-06,0.000973459333324902,0.6788108803650349,0.004125547050187365,0.00013107186602006853,0.018453963893883343,0.25225777649531805,-16.7,4
526884391,7.957329612494483e-05,0.8174375077994719,1.6521712732419907e-05,0.03350832978843814,0.027549563895557183,0.006785157296004517,6.42717329610626e-05,0.10125409218518894,0.01330498229352072,-18.152054794520545,2
526884765,0.00745144075286854,2.3270030102448226e-05,1.5161461403034613e-06,1.2087193372091095e-06,1.0158715309464773e-06,0.9604310981392331,3.1753112067172815e-05,0.03112206596601167,0.0009366312627086376,-26.026724137931033,1
526885184,0.045730705794846456,0.0005179990486053455,8.170210839793052e-05,1.113912023407326e-05,0.002172986136068185,0.9077348637021952,2.496349840151407e-05,0.031894399047008526,0.011831241544242739,-22.543181818181818,2
526885328,1.732057098000813e-05,5.8952701644932755e-06,2.7805205999108444e-06,4.828263835410803e-07,3.878686229424107e-06,0.9737008814657259,0.006430499604561385,0.006673411698680164,0.013164849356674946,-25.73934426229508,4
526885359,3.4663416797737223e-05,0.0009171923203722656,7.919220073807032e-06,0.000196877808467084,0.831891026603961,0.006135773044042574,0.003245091215253133,0.024066052171663445,0.1335054041993687,-16.489908256880735,1
526885761,0.00011300034828734857,1.2939175609171537e-06,1.070609936380197e-06,3.0515550456605887e-06,5.939745659191113e-07,0.9705345052702272,1.7724544465858214e-05,0.02884592645252936,0.000482833327381354,-28.52173913043478,5
526885869,0.001766322952089687,6.636903425266766e-07,2.8702169918354527e-06,1.7911704768010193e-06,5.258212895559232e-07,0.9968279331647052,6.517361100723191e-06,0.0013852560532195256,8.11956978414979e-06,-26.83571428571429,2
526886086,1.220815115144446e-05,5.534631309418155e-07,4.4443487121636317e-05,1.5640668136888266e-05,8.772325966881319e-06,0.9809407588760364,6.046960101364244e-07,0.018869511986654933,0.00010750634579060921,-27.632894736842104,1
526886094,0.0007284587160308894,1.6985489486392117e-05,1.9819907425550204e-06,3.8161432505494183e-05,7.881053194638828e-06,0.9390434573861958,3.232793542945212e-05,0.04868010670552254,0.011450639290892229,-29.552272727272726,5
526886626,0.00014588583899911587,0.11379934390025521,1.2842079311664751e-05,0.6970904281078467,0.00046745625399113573,0.0219970621795047,0.015391840898063993,0.06344993811343382,0.08764520262859381,-19.407692307692308,2
526886731,0.0002685577880109597,0.04150768828696159,5.338787135063344e-07,8.402919944082635e-05,0.23944210134928798,0.0027776748575140875,1.9777367751652197e-05,0.001908591544301515,0.713991045728018,-20.362222222222222,4
526887007,0.0007083976389921391,0.001508255409009969,4.607642440275385e-06,0.0022586180656530316,0.8531698245273369,0.10923229207524127,0.00024067650566402684,0.002130183723975775,0.030747144411686436,-20.926470588235297,5
526887309,0.004342711851534318,6.23574034719072e-06,3.3686931358187173e-06,1.7840023364975484e-06,3.272837994244435e-06,0.9179880804264512,4.2330780147394714e-05,0.07569643083733259,0.0019157848307205603,-28.34567901234568,3
526887496,7.715642678471148e-05,0.0007847142336680719,0.0002846015641981318,2.3829777024036725e-05,0.006507440794181323,0.9056423453636464,3.41778673125023e-05,0.08000638813706583,0.006639345836118802,-23.939622641509438,3
526888504,0.13311794115179837,0.0003354114165168192,2.281067844416963e-05,7.851034354882499e-05,7.537426938265771e-05,0.3736554247680034,0.00010229264955531171,0.4810107185227738,0.011601516199976751,-23.112,4
526888561,2.7509812798586564e-05,2.1282453265521417e-05,0.0001237124777115523,2.6002029980795505e-05,0.005386683480860931,0.8353832754852761,0.0017063472678661023,0.1553491891670362,0.0019759978252041214,-17.95925925925926,4
526888912,2.0577978602716233e-05,7.662919281289077e-06,1.7799698078983373e-06,2.2715984313593312e-05,0.0030763913217064895,0.09737752915166455,8.647393035193896e-05,0.8980939669282436,0.0013129018160278475,-18.64814814814815,2
526889012,1.4827035994871426e-05,2.5975649183450426e-06,2.1404967829978536e-06,1.8536009422516715e-05,0.0012076984979502272,0.39680465455482133,0.00028485385877321525,0.6009768003215462,0.0006878916597902528,-22.21470588235294,4
526889033,2.0800201250050113e-05,2.332904349342498e-06,0.0010466431779309272,9.38621553758073e-06,0.2813905290032948,0.43792401137908066,0.0002808455127280841,0.27887705070985785,0.00044840089597059503,-17.654054054054054,3
526889753,0.00031467207165325554,0.0003392404621777943,8.13013696418093e-06,0.0003415276123192061,3.841358468997002e-05,0.6200539037475448,6.164245899880965e-06,0.37856346204090474,0.0003344860978462768,-20.41111111111111,1
526890463,6.64071139050199e-06,1.2144596263791432e-06,6.885354575998384e-06,7.051568936663613e-07,0.0003613709105327553,0.996634815321265,3.866036392554074e-06,0.001895646945941435,0.0010888551033814674,-23.987786259541988,4
526890955,0.0003276922531464649,1.795323055659731e-06,0.000259820819947044,5.995088454327977e-07,1.2359771957600718e-06,0.9970370444973231,5.20892156939725e-06,0.0023189438359494303,4.765886296770307e-05,-27.057142857142857,2
526890964,0.00267172838808142,1.1392992418463442e-06,1.4171908073162547e-06,7.032326302483623e-07,1.5322288368154843e-06,0.9820714234105575,9.259078804185339e-05,0.015124503883222794,3.496157858017159e-05,-26.39428571428571,2
526891124,0.0009611614858788665,1.0746728442247252e-05,2.3297507634792867e-06,3.3767703354375715e-05,1.0447233946807497e-05,0.9930766180712098,1.7947867441295164e-06,0.0018620570077543897,0.004041077231905641,-28.82522522522522,2
526891764,0.00990282412415432,0.0002787675540329437,5.879725295313607e-05,2.563470670413184e-06,1.03149331259168e-05,0.9809299757045451,2.367985094728522e-05,0.00015869786538544984,0.008634379244185307,-25.416577540106953,1
526892140,1.877213207096703e-05,3.850691405371394e-06,0.0022322548195570155,8.45555022147656e-05,0.11481748500244342,0.8446127193378756,7.645263348046195e-05,0.034039746904203735,0.004114162976748608,-23.67662835249042,3
526892543,0.000777844600023406,0.0006266103740047845,1.370074897911306e-05,3.0686961836317267e-06,6.181306239598971e-05,0.9889052246432543,0.0004363140161517345,0.003756426211433933,0.0054189976475730334,-24.837037037037035,1
526895501,0.0038959174956825467,8.366230703670422e-07,1.1822583198812465e-06,1.3606489677483886e-06,5.82547719964435e-06,0.972542213877154,1.2184901111027151e-05,0.020729821661085963,0.0028106570574085747,-29.312820512820515,3
526896472,2.265804812283002e-05,5.718406094751335e-05,0.00029305323490837334,0.0027051870936614765,4.0445044377299324e-05,0.46129018208064393,8.917599447009302e-05,0.46357048817547153,0.07193162626739696,-24.78297872340426,5
526896612,0.0010002196353282465,2.0500267197590995e-05,0.0007092457169347558,0.15069448264685906,0.0011409714417829888,0.173031363640135,0.0006429649470068089,0.3437392401150667,0.32902101158968894,-23.647959183673468,3
526897594,4.890172761309174e-06,2.4157673346430887e-06,2.4585029504767527e-06,9.271877804515787e-06,0.0018365547692592496,0.9822561462229998,0.0010466777498470323,0.0026184264175265126,0.012223158519516435,-23.724999999999998,3
526897639,5.778291350527739e-06,2.388866871962647e-06,1.6343858941893796e-05,3.286975221241048e-06,0.0005172245892515575,0.9899990606242945,4.296887781400286e-05,0.0021956057322883517,0.007217342183965937,-20.827272727272728,5
526897676,4.729350744251035e-05,3.4668095922317135e-05,3.646530358953626e-06,6.128990819204998e-05,1.3163191423144973e-05,0.9021993753210807,0.002752908019600044,0.058368304125671344,0.036519351300308825,-25.910526315789475,2
526897813,2.305227974820574e-06,7.446638150900898e-06,3.4465993266756597e-07,5.822085687419857e-07,2.792470674333794e-06,0.9952597199461961,3.929163192124944e-05,0.0028001644977003947,0.0018873527188810063,-26.78048780487805,4
526897933,2.3962323243099234e-06,3.5326532812379517e-07,1.8718478659179486e-06,2.007080191727579e-06,1.0730261162244076e-06,0.3503516499893349,5.8424891291432276e-05,0.6493560143605503,0.0002262093069970859,-26.93818181818182,2
526899013,3.13962586315528e-05,6.905412128633392e-07,1.52124940938412e-05,4.632861933218862e-07,6.779495735278588e-05,0.3802333043824201,8.174879772971405e-05,0.6168701227275377,0.0026992665548280577,-28.154867256637168,3
526899129,0.0005620495586632806,1.74380687523518e-06,1.1132978900746255e-06,1.0036745227186163e-06,5.868909300380204e-06,0.9108559774968047,2.1875455971562745e-06,0.08850874309060273,6.131261974377739e-05,-28.339473684210528,4
526900502,0.00024400594397292133,0.0007951286481700055,0.0003544944970323586,0.0008385527296452717,0.0010858470509329805,0.7993844746845717,3.072281498893218e-05,0.19690029780655452,0.00036647582413136667,-22.955555555555552,2
526900943,6.075364796317162e-05,1.2623822357540366e-06,4.6972979740914033e-07,6.454677638807747e-07,1.010198824460365e-06,0.9616365504820485,0.025377433323555167,0.010108702905678621,0.0028131718621329576,-28.802857142857142,4
526900998,2.7231804694303454e-05,0.0003817138575099949,4.486358558134699e-05,0.009583504385812854,0.00719340270287536,0.20058294949697694,0.6155622779046791,0.12312148413062503,0.04350257213124508,-28.218181818181815,1
526901284,2.8081250403674274e-05,3.8386789258913925e-07,9.871513610906752e-07,3.1658034060309657e-07,1.3344336193016009e-06,0.9950305090682511,6.60060032424691e-06,0.0027095336761059786,0.0022222533717014305,-28.918604651162784,4
526901630,0.0010321161002787198,1.0930558442216205e-06,1.2290463797565736e-05,1.0528674273954858e-05,0.00013237667730434636,0.9540397649544475,1.923996582058046e-05,0.02535430546159749,0.019398284646635663,-26.966086956521742,3
526901634,0.0004237987866845167,3.96262784537464e-06,0.004901584491455969,3.2406374161666596e-05,5.32967543041588e-06,0.9020573640290174,0.0014829016841807203,0.05185211559257856,0.0392405367386453,-29.275000000000002,2
526902309,0.00010364862923401649,3.824389550951889e-06,0.0001038024931176158,1.8731396646589817e-06,0.0001821056380172421,0.996820735274395,3.717272012130768e-05,0.0004532460881046575,0.0022935916277948575,-25.077692307692306,1
526902810,2.69362928984552e-06,9.546363348812726e-07,7.929854331668518e-07,1.7647632520274044e-05,0.0004166376132030204,0.09271241578837304,0.0039875555031562565,0.9028331121658593,2.819004583029402e-05,-22.633333333333336,5
526902854,0.00018009813232647097,7.732286209037906e-06,7.320041660243082e-05,4.352803474324702e-05,0.2759343164245425,0.5152658117656501,0.003489995451962199,0.17574908537597878,0.029256232111985227,-20.75,3
526902934,2.8724513494537298e-06,2.3642841833001086e-05,0.0002295557943159389,5.1957353942800305e-05,0.0016245904710372565,0.5923198191553025,0.007021912231365226,0.39861362370181985,0.00011202599903392899,-18.5,5
526902982,1.702181467218113e-05,4.0001229446291645e-06,1.807520385809597e-05,4.8034777906349655e-05,0.002520004765629021,0.024510117507478734,0.00010298705113555138,0.9726517330337194,0.00012802572265597419,-20.51153846153846,2
526902994,4.630079948172525e-05,5.348366755841692e-06,1.4200150729443735e-06,8.461474877929626e-05,0.013868715745220703,0.31541778188750685,0.05987570022258488,0.6100300673812796,0.0006700508333181961,-23.5875,3
526902998,4.356470727216538e-06,1.321727688800969e-05,2.2932885655725668e-05,0.00019160330414782548,0.1011618280006997,0.4311099719492842,3.891323973573817e-05,0.4674200891116074,3.708776125413501e-05,-18.79090909090909,5
526903014,1.7932406311601593e-05,1.7254353169629295e-06,1.5878877158491318e-06,0.17204821540161722,0.0016963973925741035,0.0519789963404198,0.0005236567465434464,0.024398319787257813,0.7493331686022431,-22.505,4
526903180,5.3866954543898685e-05,1.1360835551938464e-06,0.00012014594355809798,6.489770577209074e-05,2.8045246997098474e-05,0.9491851987589216,2.482032365284052e-05,0.04589366308319827,0.004628225899800878,-27.20952380952381,4
526903210,0.00016541995612709358,9.985704195316235e-07,3.0509453245469207e-06,2.359426932634479e-06,4.122057776737847e-06,0.8142480158448243,5.811783420918377e-06,0.18485421754337256,0.0007160038718016644,-27.65714285714286,1
526903489,0.0016337762366293882,0.0002985400255155987,0.0010701060174431556,1.4314073967174895e-06,2.760906389468737e-06,0.6591274459192771,0.00018079015564576218,0.3371582387822508,0.0005269105494520209,-29.28076923076923,1
526903529,5.381645708358756e-06,0.00011053531633656473,6.642708002294393e-05,2.748611530105502e-06,0.8515206644401163,0.13650028214126794,3.74637072679192e-05,0.010871667852567064,0.0008848292051827895,-22.92884615384616,1
526903739,1.5139265598914932e-06,3.0521006923367797e-07,4.897365329771284e-07,0.00015913040709657634,9.686003487273683e-07,0.044018276028243326,2.3234813109434817e-06,0.9556845516998133,0.00013244091002503666,-32.180882352941175,1
526904379,0.008409376488617814,0.35178485826475286,1.0649713147833676e-05,0.07697520008118175,0.24551518235688066,0.0723609213638941,0.00253996667925203,0.0873235736120727,0.15508027144020028,-18.735652173913046,4
526904628,0.0014062504794584004,0.0003093374019769446,6.953733747511058e-06,2.394175795910949e-07,1.8293395268544477e-05,0.9926670548049078,5.48433547157588e-06,0.0014552955687063308,0.004131090862883297,-28.210526315789473,4
526906166,0.001432675933036915,3.502324238853309e-06,2.550817083217915e-05,1.8622791212059502e-06,2.8005541652280723e-05,0.5693847031182279,7.193056623762467e-05,0.428144495378191,0.0009073166884622003,-26.853684210526314,3
526906462,0.006424671110486125,1.2012289661354252e-05,8.025716270624882e-05,1.6623530015849775e-06,1.3961534973394532e-05,0.9572383078476496,1.9329207468044596e-05,0.0036995492001629104,0.03251024929389071,-27.494375,3
526907338,3.682274554984361e-05,1.734480161796826e-06,2.7454427055093262e-06,2.16005827706546e-07,4.642783050556322e-06,0.9972283294549639,7.713718998624653e-06,0.0006072695374113552,0.00211052583133086,-25.913020833333334,3
526907500,0.0013822449558752372,5.912798110488449e-05,2.5890101833957845e-06,3.666283718923385e-07,2.723665423438507e-06,0.9941504044382664,1.0123819330824771e-06,0.004378380854510636,2.315008433088727e-05,-25.75,2
526907921,0.0008773845176491796,0.00012584865257067932,3.497695679353683e-05,2.777270787793002e-06,0.015367416292451202,0.9810600841752228,7.723242342044456e-06,0.0012916237616048345,0.001232165130577888,-23.523999999999997,2
526908115,0.00012820272082127954,0.00024162028548066123,3.3655728895708767e-06,8.836878338762386e-06,0.18757103960122523,0.0036962516687430234,2.614200002107313e-05,0.00014664821692222143,0.8081778930555582,-21.40416666666667,1
526908270,0.00014027254351866775,0.0017764696500492247,2.3563551942406394e-06,0.0001478481693426412,0.1767028381112045,0.0003232375186774622,5.2228704108988374e-05,0.00021785601356501497,0.8206368929343393,-19.246753246753244,1
526908472,7.445241110575264e-05,1.9240182430758e-06,6.979221545845295e-07,5.88963041438195e-07,9.233591766225993e-07,0.9758359257111442,0.00014494838838109808,0.023784109581581427,0.00015642964517188527,-30.71481481481482,1
526908496,0.0006735053302746531,1.5958609702375338e-06,5.9698233141779825e-06,1.768365458837338e-06,2.8249974151536553e-06,0.9514869577614067,1.127265753097636e-05,0.04757932972468033,0.00023677547894885803,-30.11764705882353,1
526909289,0.0004194978056742098,2.3037084192483062e-06,7.138612820224231e-07,4.3964022199383243e-07,4.974446716512444e-07,0.9735227481436778,1.846258683955183e-05,0.025935915751169467,9.942105804407422e-05,-30.061904761904763,4
526909447,1.2258179462522285e-05,2.1880403728458598e-06,1.7336557040815402e-07,6.268345777169347e-08,1.9099684195961207e-07,0.9994326977327076,3.100971042488123e-05,0.0004953472764478166,2.6072014714258478e-05,-25.38,4
526909731,0.002778932377671414,4.083308309744927e-05,3.2692469613010016e-06,1.1955819733053469e-06,1.797544861860259e-05,0.8846305268101811,1.3049933407767138e-05,0.0836712423011733,0.028842975216916047,-30.13461538461539,4
526910005,0.001785550550129812,1.586610958045876e-06,7.580442773936102e-06,8.47675090718561e-07,1.6488161408287513e-06,0.9313380519501236,4.1004130783443756e-05,0.06031033068407364,0.006513399139925862,-26.747500000000002,3
526910637,5.029821875693832e-06,2.034531417501054e-06,0.00010181545754888626,4.896443725697901e-05,0.0007217251081435253,0.6760304679704215,3.2387353068291495e-05,0.08097665928248458,0.24208091603778298,-24.3739837398374,1
526910669,0.0005418725524877352,5.059889187112426e-07,5.428876151485973e-07,1.029812695134972e-06,7.105716516279981e-07,0.9970318986887527,0.0005008975218892228,0.0011333157051957598,0.0007892262707937931,-25.580851063829787,1
526910823,0.0003283368259135032,3.8044686460155015e-07,6.883707181174198e-07,1.2044384932850504e-05,7.043955640894342e-07,0.9958741288411779,1.4001924760974416e-05,0.0024574968849783133,0.00131221792508956,-30.905714285714286,1
526910862,0.00011037611881738829,2.3052988387551023e-05,1.1335202103482954e-05,2.9046074980053545e-06,1.5505095606259093e-05,0.9137348449956164,0.00014594808001246935,0.0796402779095391,0.006315755002419501,-24.723529411764705,4
526911039,0.00011378985899622959,1.397673595822003e-06,5.918547062155577e-06,1.2618259828467733e-06,1.0493669902102741e-05,0.6733826028762219,0.000155361991806953,0.2022518805714908,0.12407729298494119,-27.145348837209298,4
526911877,0.0002128803598379465,1.807818291759981e-05,2.521617092060854e-07,2.2111989252377705e-07,4.254924898242631e-07,0.9996179679224887,1.7118202344664301e-06,9.351378188446979e-05,5.494915854512719e-05,-24.934782608695656,3
526911969,4.2800285989864206e-05,1.7109624678479186e-05,7.232401764823972e-07,7.740980406688776e-07,6.236340972152983e-07,0.9840857371915045,2.318082010976168e-06,0.011087823664040689,0.004762090179461197,-27.988679245283016,5
526912258,0.00026001076416249427,1.7150958357898588e-06,1.4217204606757257e-05,9.344549894906755e-07,6.440800644360249e-06,0.9017417179959296,2.303000582797191e-05,0.026698596773682644,0.07125333690432092,-29.568965517241384,3
526912755,5.8252313234956545e-05,0.0007944700746148741,0.0068365775224441105,0.0030966047090979915,0.0464841246873167,0.5901351827797394,0.026552040584339135,0.03720044227279212,0.2888423050564206,-23.725,1
526913401,0.01584259520548715,1.2974769783024873e-06,5.501725707605741e-05,0.00027087949754256777,0.0014944331729524539,0.20455212578748555,0.0004649606351790976,0.776093776577276,0.00122491439002289,-24.594117647058823,4
526914197,0.06987961633561299,4.221457482742092e-07,0.00014463865257366266,2.769376124556802e-06,4.363375041722033e-06,0.9230146160755989,2.0360109664008358e-05,0.006900985512661121,3.22284169748479e-05,-25.076344086021503,2
526914529,0.00875687715362109,0.00013488043513239294,5.931142971980043e-06,5.447737890717896e-06,3.719503278609864e-06,0.840486763658194,5.372046211383399e-05,0.14904627544069043,0.0015063844661069527,-34.527272727272724,4
526916653,0.000727373496534217,9.754182715219858e-06,1.970984799399046e-06,1.9913332207328433e-06,4.833576738452942e-05,0.2518545126663221,3.70078457904461e-05,0.7463816707069426,0.0009373830162907442,-25.052,5
526917284,0.029672588534327537,0.0003196653158391206,0.00013671381439878214,0.0004164148916055503,1.6134866858221203e-05,0.9027173442284261,0.001079096134432287,0.05779964370118682,0.007842398512925465,-29.17142857142857,2
526918456,3.418681758673192e-05,6.308889608257526e-07,7.258410956090847e-06,3.0944070060820976e-05,1.0129394464039149e-06,0.9774333047139822,1.4553888776869671e-05,0.021905301256367988,0.0005728070138619669,-25.9972972972973,5
526918701,8.858255259909231e-05,0.00012996844620515009,8.92997364022473e-06,9.065237861990585e-05,5.999942083477445e-05,0.9582673771636174,7.856442895482832e-05,0.005848592999862199,0.03542733263566642,-24.283962264150944,5
526919156,0.00031190604001285575,0.028893268764509403,1.633649870870271e-05,0.0014351456431062196,0.023509263811014758,0.4866640242954155,0.007940296238805421,0.4474073050754672,0.0038224536329599787,-27.103571428571428,2
526920035,0.00042492042298862684,4.022910039353658e-06,1.1915091106495446e-05,9.592380350680954e-07,0.00020928730965268682,0.8128449860962439,0.00031052352247942794,0.18612050399820818,7.288141124629401e-05,-25.383928571428573,5
526922431,0.0002982482104905402,1.2077847310255461e-05,7.298297976901063e-06,8.777218009360451e-06,2.562785401868899e-05,0.19995699080361162,1.005234017409821e-05,0.7995223796845207,0.00015854774388795976,-22.78518518518519,2
568922001,0.0004692976418254841,1.4051239022516445e-05,1.3084476947969223e-05,9.619589169371817e-06,4.443983787874803e-05,0.8948761405694993,0.00012948501401046256,0.09985542941096279,0.004588452220683337,-26.256000000000004,4
568926475,0.0001664488743408558,6.329426745120958e-07,1.834275196608373e-05,2.4482137193775435e-07,3.397979327580744e-07,0.9975666248847199,6.441162150204702e-07,0.0022416548980913227,5.0669126875675575e-06,-25.999999999999993,2
568927010,0.0006806632616720215,6.99532250246377e-07,0.000165719692229406,1.396867426422277e-06,1.3248527104480722e-06,0.967841893168344,5.4878215014562596e-06,0.03092029918119409,0.00038251562267196417,-27.72222222222222,1
568927147,5.839197115687556e-05,2.2894285935815977e-05,0.0010128659877203976,0.008046922259305327,0.002462415560234349,0.6867204728915177,0.00015949651758429714,0.038663341653862766,0.26285319887268255,-23.16363636363636,5
568927429,0.00022965913144823406,5.959962312362612e-05,0.001594949833153791,0.001264544116457003,0.03911002754367209,0.0887032519556694,2.383992714117471e-05,0.05421300140344735,0.8148011264658873,-24.33846153846154,2
568927805,5.072252048827931e-06,1.2010586681743963e-05,4.1452318788443965e-06,6.663700206690233e-07,6.05038836642805e-06,0.9921520028941105,8.263557888715917e-06,0.005793301785343111,0.0020184869336608434,-26.33092105263158,5
568927937,2.272650422215416e-05,0.08107912546420595,2.871983570754294e-05,3.5169864679451895e-05,0.42993953719202666,0.29218955560286786,4.411225882865316e-05,0.08074657063992166,0.11591448263754012,-23.59090909090909,2
568928383,0.23743818124765187,6.67370830451291e-07,7.286652078508244e-07,6.142641710923641e-07,4.5965650917081186e-06,0.7607171412462282,1.8000394720867827e-06,0.0006567028505619219,0.001179567750784512,-29.03923076923077,2
568929052,0.10376529217709446,3.3025912445172673e-06,2.3788856542032376e-05,2.5230795233049755e-06,7.803645949143844e-06,0.4065746646928831,2.0655856067992113e-05,0.4893572630536341,0.0002447060470614808,-24.774074074074072,4
568929211,0.0004428236032028032,5.141514594734842e-06,3.7706873138935286e-07,3.5717422068015312e-06,1.139921088003262e-06,0.32221100790335677,3.230712143633989e-05,0.6765667253190378,0.0007369058063453778,-27.045454545454547,1
568929262,0.04035188437684438,1.515937425775486e-06,9.274496749195256e-07,4.867571715759159e-07,3.4975053666672673e-06,0.957425692602728,3.38143435029958e-06,0.0005578977303991829,0.0016547162060392207,-28.365476190476187,2
568930005,1.993617415552141e-06,0.9389557750252089,6.88811095365851e-06,2.7768041911328387e-05,0.00019822592708150218,0.03533055264984009,9.323190048679334e-05,0.025345038345649072,4.05263814532987e-05,-5.96,2
568930983,0.00012806517244404617,1.221232905183993e-06,0.0011152725441645232,0.00286539801723037,2.02363316364127e-06,0.2653451058640607,0.0005059344970430696,0.7295684780656526,0.0004685009733359624,-28.248387096774195,5
568933929,0.00037042486336996716,1.6070529547443777e-06,8.27140231915616e-07,0.001804342869198711,1.2810501874621693e-05,0.9671394203620737,0.016762253499723496,0.013866672720594081,4.1640989978690585e-05,-28.90363636363636,5
568933984,0.0007099584827628399,8.359803235500844e-06,2.643215406779555e-07,6.306193895132479e-07,7.867577844116494e-06,0.9956551697727685,9.933200095608198e-07,0.0033751720420559885,0.00024158406039324779,-25.35966386554622,4
568936307,0.029211936391606894,1.7144844385559734e-05,0.0005836143700541282,1.2376550426829622e-05,1.9644371298402252e-05,0.7037723479201297,0.0012907126471987892,0.2565429191558795,0.00854930374902028,-26.281818181818185,3
568938396,8.571635897967032e-06,2.7004379252380996e-05,1.0355054595397817e-05,2.27113276104471e-07,6.059783177033285e-07,0.9993772197512816,2.8520707910757813e-06,0.0001267631613172751,0.00044640085527046454,-26.649999999999995,1
568938599,0.32339258457027165,3.7795227249784e-05,5.987813671086853e-05,5.763922018246855e-05,3.410932777786572e-06,0.15029265334236724,8.959163441421916e-05,0.5145435872322927,0.011522859703733289,-25.791666666666668,3
568938745,2.6792776931408996e-05,6.405975830585503e-05,1.078904756008639e-05,2.3093762806140285e-05,0.0049593875389875855,0.02347492753020108,7.742419527358468e-07,0.002514962679037031,0.9689252126642179,-22.575,2
568938894,2.950819780632404e-08,0.999814348041252,2.681364939731849e-07,9.662287651018688e-09,0.00012109494735742183,7.905832121885157e-06,4.6305567029824547e-07,4.9991836025775765e-05,5.888980593278937e-06,-11.162500000000001,2
568938939,0.00026391239045806425,0.943285508203726,0.00013775653760855858,2.167061367294075e-05,0.032452553105914446,0.007062151842132837,3.4808849117678814e-05,0.006200578011986276,0.010541060445383086,-9.718181818181819,2
568938943,2.083567940610394e-07,0.9674102175974915,1.4543444313873236e-05,3.302307154065815e-07,0.03071424829957222,0.00013481944191155406,4.486383726420552e-05,0.0015415178370761899,0.00013925095486062936,-10.142857142857144,5
568938999,0.0001256152240007243,0.4712426876968494,2.3585777023256892e-06,0.010636474067439504,0.45321449592441665,0.00661960949121508,0.00021497896223982713,0.038894310376382794,0.01904946967975371,-19.295833333333334,4
568939098,2.5041810560406643e-06,0.9774217047606986,2.8111257403151567e-06,3.7030640981436647e-07,0.0172842177854955,0.0005084205467786926,4.0449205242955796e-07,0.004626553607066147,0.00015301319470229567,-5.438461538461539,5
568941620,0.0033549095764035244,7.613439366945684e-06,4.17350257965387e-06,2.6514348447588372e-06,1.825177637627856e-05,0.9445194196219489,4.4125938734619005e-05,0.051240296404100036,0.0008085583056452087,-25.807142857142853,4
568941622,1.693429703540711e-05,0.07606892164294343,1.0048484663306119e-05,0.0016167444672418995,8.81847741648252e-05,0.05914886307554578,0.035431863168555094,0.8273476397924427,0.0002708002974074358,-4.527272727272727,4
568941654,1.798956581641254e-05,0.9816945211365594,1.4249780315207328e-05,1.5444200532280994e-06,0.014008310703811692,0.0015716645787949809,7.544469476187716e-07,0.00029851842766676735,0.00239244694003483,-6.650000000000001,2
568941658,0.03438790342714795,0.5049731832200718,4.298675422106855e-06,4.594536193912473e-06,0.18244134147476532,0.08390194883171749,0.00014533166119897159,0.0010433009262932086,0.19309809724718932,-13.125806451612906,5
568943221,0.0001010662986839628,0.000270332325327136,9.648450664613156e-06,0.036411933193445475,0.07840657241459598,0.034215550078606986,0.7821761620218382,0.021097474961402744,0.0473112602554348,-20.771428571428572,4
568943231,4.0478270853921886e-05,0.0003894357774212665,1.3319411654456024e-05,0.005089614697535129,0.0001326951164119654,0.030487499350801597,0.9597909555958514,0.002077869000273872,0.0019781327791964305,-23.630769230769236,1
568944218,0.004253592098467548,0.015448407113160407,2.4654573322330388e-05,3.1233124037068984e-05,0.9519768434779659,0.010306103780374649,3.553284200288761e-05,0.014952529820307724,0.0029711031703613,-7.490909090909091,1
568944260,6.883981039019456e-05,0.8562129927615744,3.1714525891572355e-06,0.00015262388294546604,0.007031132711354943,0.07669021299411123,0.002574501349842188,0.007319947925897511,0.04994657711129496,-18.490909090909092,3
568944272,0.00016786075946472267,1.1980591769485104e-05,3.411276192031222e-06,0.089257578705721,0.008156670866424768,0.3207105301524033,0.5612109176028425,0.018549915123453466,0.0019311349217286966,-23.188888888888886,4
568944328,5.030779384360743e-05,0.9985200739664827,3.983329123684944e-07,1.0491554115615051e-05,0.000628028681945384,0.00037641578144626854,4.7383919535122497e-07,9.328284611007742e-05,0.0003205272039487017,-6.305555555555555,2
568944348,5.212190563683138e-05,0.8471817930907877,9.779366482023271e-05,0.005289029063116552,0.046636979940359875,0.04286685019574505,0.0074093029183827834,0.002462448729122778,0.0480036804920284,-16.8375,4
568944416,1.7849978833558727e-06,0.008787910250791427,7.740267659138211e-08,1.578149463764781e-05,0.9898655204725818,0.00029257595079723597,1.1305847514897603e-05,0.0007798849073582987,0.0002451586757586018,-18.53333333333333,4
568944440,6.679081749102937e-07,0.9478996554614567,4.884123612814641e-06,4.6042712297664714e-07,0.04381602710135073,0.006400105346313948,0.00020930381979813688,0.001551430429351502,0.00011746538281836148,-14.796,1
568944536,0.00014246242531092522,1.9424539374195995e-05,6.291866424865468e-07,5.322777793084161e-07,0.000492942134929291,0.9976807559480125,5.573756593762529e-06,0.0014552944105668186,0.0002023853207905929,-24.77916666666667,3
568944551,3.1202897951273697e-07,0.9933923901940171,1.3356839380874035e-07,3.438059979993507e-06,0.00423501474951454,5.0739078282434446e-05,1.0366859272815875e-06,0.0022288340518794416,8.810158302589407e-05,-10.436363636363636,2
568944590,2.013007808529769e-06,0.8283811446992828,8.04964867342163e-05,7.380385827948039e-07,0.1449014183146712,0.013860019387000103,0.0002855640017973365,0.003917513305687633,0.008571092758435294,-15.147368421052633,3
568944770,0.0010755020401028784,5.197106037041335e-06,0.00032482055025788567,2.442636594881409e-05,5.568085649810146e-06,0.13422716245574326,0.00018705256198713334,0.851562718845853,0.012587551988420301,-25.971428571428568,5
568945925,0.00063770128492942,4.204431374332165e-07,1.5560071824771045e-05,4.690868681953442e-07,9.586251010317425e-06,0.9950743424631615,3.8468558759104644e-05,0.004183838960689923,3.961287961943605e-05,-27.117741935483874,4
568948258,0.07710206483932638,1.47395205695333e-06,3.686774381890324e-07,4.546337628931346e-07,5.79384360637693e-06,0.6357012887205217,2.0157993132917984e-06,7.914296949425148e-05,0.2871073965644798,-27.660437375745527,5
568948976,0.00494842851442407,0.004565321084786816,1.0033696280013128e-06,3.4707133602118237e-06,4.938932152957033e-06,0.9522977057950144,3.3110481181410275e-05,0.037987293307351594,0.0001587278021004409,-26.81034482758621,5
568950518,2.431232344440762e-05,2.180259749253035e-06,0.0006238114828222323,0.0003613504586648311,1.6702865870396823e-06,0.831047560552612,0.00033634913010949355,0.16609212320496922,0.0015106423010417412,-27.068421052631578,5
568950620,9.579937507915664e-05,3.230105270473833e-06,2.3024027113704336e-05,2.882242834111733e-05,2.76809826133276e-06,0.2240308990063654,0.0001662219009355017,0.7635584536474153,0.012090781411218155,-29.75357142857143,1
568952447,0.00013724750330189634,1.862899807844297e-05,5.5136939350214e-05,0.00010157211457628438,0.0003299787746640412,0.7361695398603446,0.00047753443710099635,0.14168365197137686,0.12102670940120686,-24.021052631578943,5
568952531,0.00014238079252818883,3.517708104447273e-06,0.001185746930358047,0.011279675705080336,0.004997912278394475,0.13040272329875294,1.3418882979611139e-05,0.30716332466025886,0.544811299743543,-23.030434782608697,2
568953021,0.0010112515291142157,2.7372479187242646e-06,0.021758834864779714,5.978882619356566e-05,2.254317601811808e-05,0.760834370260244,0.00014734455783660204,0.21540050390959545,0.0007626256282995324,-28.008333333333336,3
568953090,4.063578298233891e-05,5.370134106203588e-07,3.4211665102618197e-07,7.452103930927879e-07,7.825360858726157e-07,0.03231404183213186,7.502212340365513e-06,0.967590010869673,4.5402426331796414e-05,-33.35454545454546,4
568953173,0.0013922191443470323,9.356782383607678e-07,3.632294031984403e-06,1.5729540694478741e-06,2.827899960463036e-06,0.6523448423126138,1.3453163783929383e-05,0.3460976472927206,0.0001428692602342492,-30.102325581395352,1
568953844,0.0001296249985334469,0.018084805276098778,0.00260153233413271,3.91644770652349e-06,0.011796798649371753,0.960712040234281,0.0006037507180201959,0.002530140205854212,0.0035373911360012957,-21.466666666666665,5
568954602,0.11719805434511807,0.00033993775013985275,7.627745748847444e-06,4.145213577371829e-06,5.012743250872381e-06,0.2963998088060527,0.000303075719637076,0.5820610489093742,0.003681288767101075,-26.47368421052631,2
568954988,0.0043879816662154795,1.1811636052662784e-06,3.96009118798419e-06,3.992482963472162e-06,2.8832235461955607e-06,0.07664851604486143,0.00011208249359703103,0.9184269168724453,0.0004124859615779167,-35.24285714285715,2
568955849,0.0003188258838285371,0.001210402803429001,6.272567394149252e-06,1.2407258246662057e-06,3.92178632731341e-05,0.839397370047851,8.262545425258439e-05,0.015187410519759184,0.14375663413438783,-25.698455598455595,3
568956115,7.948273172359191e-05,3.4154857352019854e-06,2.7487698562035304e-05,0.9655264758138422,0.0021723134757798876,0.013676914274521989,0.00047420617423382265,0.009866879651415122,0.008172824694185921,-21.88076923076923,1
568957641,6.836809665280872e-07,0.9640585466522766,0.0004179515865082706,0.0015485889948948762,0.03274308477856783,0.00026694113668614795,0.0005165857027251494,0.0003079349383445375,0.00013968252903032337,-16.08,5
568957862,8.59344377533796e-06,6.7326435730184764e-06,3.0289114612475986e-06,0.08776127887025473,1.505819407123218e-06,0.12926684838278427,0.7322976740596346,0.029363836161319504,0.021290501707790184,-26.63181818181818,4
568958023,3.584123117357999e-05,4.5704665535997625e-05,0.0075363189094072225,0.007656330712670743,0.007493115794317857,0.8306604039614326,0.025364932821297946,0.11085854269433255,0.010348809209831588,-25.58666666666666,3
568959114,0.0016539422367888254,1.0078252923732589e-05,8.948250982916497e-06,7.232093307615432e-05,0.0015951943911815959,0.3071133726506928,0.0014437430342662593,0.13282342063255542,0.5552789796175324,-23.021568627450982,4
568959897,0.00013455706443745049,0.0003318921448324853,1.9093793563402594e-05,4.4978879448481855e-05,0.0007143986250859054,0.9256483420239646,0.00018019962023151543,0.06729285334311705,0.005633684505319025,-27.919999999999998,3
568960841,0.10981848933488798,0.0013738349170839936,1.3280044141498047e-05,7.746212341038827e-06,0.010305296312330072,0.5344732727638141,2.707765677117545e-05,0.0017541037851305245,0.3422268989734997,-24.655555555555555,2
568961898,0.021659180348467727,0.00025751279741079104,0.0006339080565265188,3.2545295803635385e-05,1.3332017711808413e-05,0.24225761598479087,0.0007758944873113993,0.7291821026737357,0.005187908338241522,-27.88888888888889,5
568962143,0.7324320347108081,6.541817564948835e-07,7.792916093936509e-07,1.4340556318075067e-07,4.121098913219707e-07,0.16489045878048278,3.235996501221068e-06,3.020243359100789e-05,0.1026420790897965,-27.939583333333335,5
568962316,0.06839808701171866,2.847321633924713e-06,8.222251947976988e-07,9.768850259788975e-07,6.33202349217759e-06,0.9294149160443028,1.1238975718686102e-05,0.0006320264434765453,0.0015327530694364024,-29.46875,4
568962508,0.018620450844176243,1.1014489897058211e-05,4.1384460476854553e-07,3.9342331468981055e-07,9.087605896787068e-07,0.9800579352166857,1.2663813960131e-06,0.0012785323238794632,2.9084715456428126e-05,-33.142307692307696,3
568962928,0.001020711209889127,1.6734161978502861e-06,5.4761669196338425e-06,3.638272601499639e-06,1.8189035061237296e-06,0.8288775628741597,6.511277759238117e-06,0.16966549917553328,0.0004171087034336237,-30.85588235294118,5
568963124,0.9132603293054767,2.5160834404242833e-05,1.8435269167238985e-06,4.6893287661070325e-07,5.8219850860582105e-06,0.06396738970338652,2.2993552895955487e-06,0.00014665720143663827,0.02259002915512682,-25.858,4
568964354,0.03378612299989756,4.425938409767553e-06,3.3341762113235712e-06,2.721048981610424e-07,2.2730858868099606e-06,0.9643137750806476,1.855758879814556e-05,0.0017790900800053852,9.214894524524486e-05,-29.210596026490066,1
568965691,0.06120822362022943,1.7742684207915755e-05,4.478867370376856e-06,1.7772415592576676e-06,3.669896235333088e-05,0.9284595792504776,3.968124321055516e-05,0.009579026479073065,0.0006527916515184018,-27.31612903225807,4
568966350,0.03936177633384435,1.5462077355380786e-06,8.405595012711241e-06,6.783616490340783e-06,5.907795159365969e-05,0.9590678519135076,1.2777315214598103e-05,0.00013505665893638271,0.0013467244076648351,-27.78793103448276,2
568966749,0.006999876150935297,1.8759319691004552e-05,2.224121997849028e-06,3.237068964488158e-06,2.4925012206575263e-06,0.008992203807582005,0.002737670361531358,0.9803510469407214,0.0008924897273558331,-33.480000000000004,3
568967854,0.005230193472674307,1.9817978259648486e-05,8.78700965694205e-07,1.7907458757709897e-05,7.055222706597824e-07,0.7766620346052548,1.0504360443847129e-05,0.2179685798415155,8.937805985784138e-05,-25.803225806451614,1
568967959,0.0004673478504638508,1.7827182978420152e-06,1.391995221439895e-05,1.4406899500669498e-05,3.2679791649461452e-06,0.8936155510053206,5.571376354917896e-05,0.10541875641037443,0.0004092534211141402,-29.23695652173913,1
568968518,0.001385448734959457,5.664266390835229e-07,4.3691745535207375e-07,4.923089473508566e-07,6.975293947016314e-07,0.9886807788157468,1.0512122237805712e-05,0.0015010233407111722,0.008420043803908407,-30.646666666666672,5
568968738,2.6240509153132063e-05,5.202301887178454e-07,1.9312484424750217e-07,9.517473418723633e-08,1.0641452019295707e-07,0.9984342522987553,3.007757186601916e-06,0.0014959332174884568,3.96512731293142e-05,-30.588607594936708,3
568969991,0.5830918051983215,9.040798922046332e-05,1.0530462158069142e-06,7.850541973675136e-06,0.0001330349598792633,0.41643539807279634,1.4953561910918346e-06,0.00010653657013272453,0.00013241826526920336,-23.02631578947369,5
568970167,0.06348882303585471,1.160394026798547e-05,0.019772923907282337,4.601267617058789e-06,2.230837099968803e-06,0.014537223408444943,0.0003771410247156991,0.796424184352042,0.10538126822667523,-28.308333333333337,5
568970178,0.0003769248599215633,1.7058996141924915e-06,2.3509180299278105e-06,2.280390601096271e-06,3.4646251427529227e-06,0.490763107897734,4.589423711477206e-05,0.5083944050129895,0.0004098661588521829,-32.01923076923077,2
568971703,0.003173419317391665,0.00046888718486182493,9.819195178721052e-05,9.891849297199338e-06,4.285920539924016e-05,0.2584013287712403,0.00015492765089732198,0.7201108186379058,0.017539675431219565,-20.319999999999997,4
568971856,0.0027470415806318854,3.394892942346225e-05,1.9537831408638156e-05,8.889611391976607e-05,1.1806234130321193e-05,0.961489512063492,9.32998049051286e-06,0.03521763172356633,0.00038229554293699793,-23.7875,5
568972463,6.29880908262097e-05,7.33921799564058e-05,0.006539220230580677,0.0005343759508078472,0.00026582829844266264,0.8250308467743053,0.0003818876967318173,0.08402984296536889,0.08308161781298007,-23.624999999999996,5
568972492,1.0916136457436836e-06,3.6487202585842477e-06,1.3268037216846637e-06,0.9418756983243953,3.112230256383144e-06,0.054505411432989676,9.153210053408769e-07,0.0034794186835318823,0.0001293768701955766,-26.497368421052627,5
568972543,0.0002514213731440779,8.971661233477984e-06,0.05305507404946808,0.011156527921889156,0.016517164977058418,0.7964588918660429,0.021530601421739563,0.09728795308354604,0.0037333936458782443,-24.45714285714286,4
568972553,7.902336980167315e-05,0.00025705680289763957,0.0003972336767247122,0.009668572775175742,4.1887818819611345e-05,0.6100069704967804,0.005209024553697217,0.3562890441559492,0.018051186350153802,-26.69166666666667,5
568972731,0.00014342197454590084,9.078086830805813e-07,5.966161507791146e-06,2.8942137268797097e-07,1.1348717277147257e-06,0.9986821163466983,1.1866892906391157e-05,0.0011057182614205537,4.857826113737072e-05,-29.833333333333332,5
568973151,0.0004465669393852799,8.938289035735366e-05,5.17881268777766e-06,2.4410760477745276e-07,2.200611268574736e-06,0.9948555120403408,1.4990455145769013e-06,0.003743923653647208,0.000855491899193371,-25.534736842105264,4
568974325,0.00033010696800482787,8.645704767806224e-05,0.00019103539964935318,0.0006498556545369815,0.0003016172209533186,0.8748127810529874,1.628610688966181e-05,0.07948339698440177,0.04412846356489865,-23.57894736842105,5
568974686,3.887920679344911e-06,1.1137196387306526e-06,2.3521435117186826e-05,0.31999060053946354,0.00339149598160428,0.038693400564144144,3.455214710788463e-06,0.007102520056771169,0.6307900045678709,-23.102857142857143,4
568974946,3.2390058561853954e-05,6.519457391472544e-05,0.00030314055423471734,0.0001229052723860731,4.026754361445669e-05,0.24774690612255398,7.961741482971848e-05,0.018220193646095468,0.733389384813809,-23.40833333333333,5
568982253,1.151863393608789e-05,0.8274926678404215,8.477578362495267e-07,4.3739518252359866e-05,0.0010893703125575299,0.00043711770775830617,3.986392780157987e-06,0.001950838200593806,0.16896991363586397,-4.142857142857143,3
568982256,2.2274140723250404e-08,0.998258368572938,5.004999153865432e-07,6.448730285911715e-07,0.0017043209604061433,1.2777114130609972e-05,7.266897562391558e-06,1.035553398668502e-05,5.743273891604709e-06,-11.208333333333334,5
568982280,7.906272575182738e-08,0.9985525875167578,1.564325934833632e-07,2.8448430341026302e-06,0.00074523587068819,3.7701960240837233e-05,1.8314654911074547e-05,0.0006368161533619011,6.263505686697771e-06,-8.538461538461538,3
568982296,2.496633284132022e-08,0.9997654767586849,2.9748577218742286e-08,4.4517923382914477e-07,3.1691423202646245e-05,4.226790569968986e-06,6.810928011391783e-08,0.00019626774404379448,1.7692800747248811e-06,-5.220000000000001,3
568982393,5.01458967415842e-09,0.9999624047011216,5.602650433195349e-09,1.4840449035816586e-08,1.2551956856728004e-06,4.254603687046176e-06,1.31739919220423e-07,3.114986991361007e-05,7.784319839172755e-07,-6.941666666666666,1
568984279,6.227018445363399e-05,4.968821007460064e-06,0.012735564013734237,0.4185761822878988,0.0018734151221319868,0.5033434216107046,0.012368845009772157,0.05046768043205367,0.0005676525182435886,-23.754545454545458,4
568984362,1.8808419665079543e-07,0.9995032722028404,4.183546936359663e-08,3.320030257831815e-07,3.250060846420098e-05,1.731785704012115e-05,9.036847435544354e-07,0.00041212100905998003,3.332271516035859e-05,-4.575,3
568984484,3.965796013237483e-09,0.9999453225186128,5.007380692889499e-07,2.3545896290988307e-07,4.211517385359275e-05,1.368251681207097e-06,3.2820471847419274e-08,1.0328425957685519e-05,9.264659487537675e-08,-7.276923076923077,5
568984821,0.004504231342975877,2.5546363916205364e-06,3.800030132277532e-06,0.000538951772648078,3.8202248553569956e-05,0.8902008627203856,0.019028767659360117,0.03238585402788516,0.053296775561667654,-28.34565217391305,3
568985289,7.197643881460298e-05,1.4117837342736341e-05,4.967439627764305e-05,1.543681398721196e-05,0.005133996836123975,0.39690443147173926,1.7658705062616966e-05,0.5974246645871146,0.00036804291353734723,-19.431250000000002,1
568985298,0.0008872300286838791,0.0002344113526860788,0.00039858476470694697,1.2073712535035507e-05,0.0008692703045370711,0.8689176750847348,1.3277227058167875e-05,0.12548141664741264,0.003186060877645574,-21.591428571428573,5
568985651,2.2917495267477387e-07,0.9282448005173025,1.4065165689838762e-05,4.501636197588026e-06,0.06933698573888439,0.00018865150120040737,0.00012328509802584934,0.002057161824014738,3.031934373206906e-05,-10.581818181818182,5
568985693,2.278646433927294e-09,0.9999364864564265,2.967467092829977e-07,1.1499131581672126e-08,3.28559907100248e-05,6.380819440215426e-07,1.910916020095868e-08,2.9229502807299903e-05,4.6033446449164787e-07,-9.708333333333334,2
568985870,5.7906103864064755e-09,0.9997776845545021,8.218895035080543e-09,1.1982364995248156e-07,0.00011163006766620989,3.204338656388457e-07,7.380760676612918e-05,3.5997466033879864e-05,4.2603801070855985e-07,-10.861290322580649,3
568986091,4.584183532124579e-09,0.9997694036427126,1.847098479486567e-07,1.5196350108698013e-07,0.00020267179156613772,8.333833329886648e-06,8.598654448931683e-08,1.8814307133952626e-05,3.4918118059747073e-07,-10.477777777777778,2
568986211,4.524441420464895e-09,0.999945194272733,3.4267263506514685e-07,2.5184489284203574e-07,4.9585349910254946e-05,1.5014284133973626e-06,6.362695290279241e-07,1.9126452141320215e-06,5.709922311376063e-07,-10.054545454545455,5
568986413,5.501651914221983e-07,0.9975897440535237,1.956166050485596e-07,2.3366795057875838e-05,0.00014004826065836223,3.3275053374028256e-05,1.537179132423085e-05,0.00038407481920986925,0.001813373445055397,-12.799999999999999,3
568988156,1.4682006883351707e-06,0.9686206038956492,0.0001305979863014336,8.1359543568323e-07,0.0006010189341316161,0.0005215234477586104,5.832909069679218e-07,0.03000688933865618,0.00011650131047188449,-7.364705882352942,2
568988655,0.014701679409427234,3.9875952119307805e-07,2.376911602808508e-07,1.653103460079605e-06,1.3674093346702676e-06,0.9667531177182871,1.1814595073620971e-05,0.01847012809697834,5.9603216757386025e-05,-31.476712328767125,2
568988659,1.8418823602865869e-06,0.8352341524544935,2.047993889755211e-05,3.758073437047708e-06,0.11071330344357166,0.006115507630439368,4.188438457779594e-05,0.0463193452213603,0.0015497269708623404,-12.372727272727273,4
568988663,5.9652612643505424e-06,3.968494917814695e-06,5.025837995800232e-06,1.2033943896527767e-05,4.830446036425074e-06,0.9759955247721999,0.0002629229229536485,0.023324761786120543,0.000384966534615252,-27.10434782608696,5
568988882,5.54240504296505e-05,3.55831758567711e-05,3.385208389029768e-05,0.0170207744984922,0.0007068905752747294,0.8858637306914708,0.004435085528117555,0.057772969983896735,0.03407568941257105,-21.96923076923077,3
568989729,0.011143622196521246,3.187237797177586e-05,3.288929825123592e-05,0.0002541514958322927,5.136808630887674e-06,0.8021425628452068,0.001725394708533015,0.039564911262284064,0.14509945900676877,-26.46226415094339,1
568989731,2.4189371765146552e-05,6.089948304782296e-07,5.457550495797904e-08,3.176755186740746e-05,3.918349288909057e-06,0.011514879502597771,0.9680505017616142,0.020354382423626034,1.969746890510316e-05,-27.336000000000002,3
568989825,5.9180716845931247e-05,0.00010716563397829839,6.289466031283239e-05,0.005742710442743514,3.2400715420227005e-06,0.8269747527521171,1.2263189766933996e-05,0.16371564834978222,0.0033221441829111675,-27.78795180722891,5
568989847,0.0002134850069945134,0.0009291714652567121,2.4040825147515166e-05,1.4770348099737853e-05,0.3797018666529833,0.6128360378926812,8.397414358662961e-06,0.0008257876995837404,0.005446442694894495,-20.85,3
568990204,0.000528069205949192,5.912674025400046e-05,1.385242696403095e-06,3.918280426135878e-07,1.0316396301118043e-05,0.997686572102382,4.850418711582254e-06,0.0014387882095499142,0.0002704998561131348,-26.22933333333333,1
568990209,3.6101964432433334e-05,5.344906608508224e-05,0.0025710970247088505,0.25085118782599014,0.010117552061285688,0.147692746622742,0.34053198082137853,0.2154619329118204,0.032683951701556774,-23.97,1
568990445,0.0016450281269300682,3.3468036622357134e-06,1.7803810981065925e-06,5.667944647851315e-07,1.5479039244722855e-06,0.9538771596133531,1.4323585301059921e-05,0.042579036239064956,0.0018772105522012856,-31.428813559322037,4
568990593,0.0006873349010839052,0.013133102678212901,2.261483380922907e-05,5.1822777940474e-06,0.9423753010493459,0.012659709849063642,2.418897573525741e-05,0.011645946953606703,0.0194466184813484,-8.15,1
568991427,0.21658047181901155,5.717895948328331e-06,0.0002612352990147117,6.6248298582825475e-06,5.554731828655779e-06,0.4489229050892705,0.0008975466508563529,0.3332856293398544,3.431434435720463e-05,-32.76315789473684,5
568992740,0.00036209219840148714,2.5067696798589326e-06,9.392479483739484e-06,0.0004259896806150199,5.110580160130834e-06,0.8168108655633152,0.008633279952808133,0.16512786956487346,0.008622893210662981,-30.1,2
568992826,0.00017670631177756145,2.3624726825479452e-06,1.4121992163424378e-06,2.4124337218853303e-07,9.91462898531966e-07,0.9989972693725174,2.8970739093832975e-06,0.00054059148783825,0.00027752837578781176,-28.9187969924812,4
568993427,1.5643316877364558e-06,9.107749144112388e-07,9.083807200972579e-07,0.9437097535341294,7.67617385789538e-07,0.005831182878284117,2.2234664203133396e-06,0.050153393837803,0.0002992951786551948,-25.969444444444445,5
568994331,1.1261995522773244e-05,3.6832740161380593e-07,9.27415433802009e-05,0.975805909675055,7.349043795415354e-05,0.014129418336242098,0.00014615244521094402,0.006090991425159063,0.0036496658140738893,-25.083908045977005,4
568994508,4.230873547262023e-05,0.00013323827513727978,7.676255604750062e-07,5.5418356922093115e-05,7.582887279521617e-05,0.9721081424767494,0.0004181292408283139,0.00474398125924574,0.022422185157288763,-28.427999999999997,5
568995555,0.0030193987958556435,7.212768251164421e-06,8.76102773467659e-08,3.2368246042929676e-07,4.886866049354713e-07,0.9960765240906897,8.008134577833693e-07,0.0008428502469259873,5.231330547704024e-05,-26.088757396449704,2
568995694,1.749044456959369e-05,0.00012175954007930833,5.5962180129687325e-06,0.0004175345346204932,0.00029794306484626134,0.07460667852910433,1.271045227333409e-06,0.007619274243547183,0.9169124523799925,-20.04615384615385,2
568995849,0.00018108538095355103,5.09516382493873e-06,0.0019141427489217458,3.909728895262065e-05,6.0106187334322456e-05,0.9108244848040361,0.0001355692267538172,0.07769280662479434,0.0091476125744288,-25.913888888888884,2
568995873,0.000431146852021923,2.7760749573742192e-05,0.0016399204575417927,0.008996269419438568,0.00034967950243887976,0.44148872318347016,9.979760236091545e-05,0.4575126941395663,0.08945400809358771,-21.506060606060604,1
568995958,0.004850950542641731,6.704803100221252e-05,5.910266847266662e-07,4.505562815548522e-06,1.0932889123102394e-06,0.14060755327080104,1.4988101892056935e-05,0.853106164912512,0.0013471052627384219,-26.442499999999995,1
568995983,0.0006662903699839542,6.855834954213953e-07,5.931756288490442e-06,6.914384665365522e-07,7.972120534841081e-07,0.9534774654226604,2.1910891673364602e-05,0.04418944494606584,0.0016367823793125257,-28.029729729729727,3
568996053,0.0012869230658964404,1.2258613401067866e-05,1.5460779210211707e-06,7.225338477505051e-07,3.060127391250846e-06,0.9161975605860668,8.920129360074638e-05,0.07821346636708258,0.004195261334792372,-31.373611111111106,3
568996168,0.0005564419270778149,2.0422824131896738e-05,0.01163448992646709,0.07071558361819777,0.00037817699126539836,0.7714092889948361,9.402964207225108e-05,0.044983031219790755,0.10020853485616088,-24.117647058823533,4
568996228,0.0002729894269090021,2.3266897550066538e-05,7.705662991747193e-05,8.383450182380985e-05,0.006075867378230386,0.91523287423292,0.004364439552732214,0.046027017072768815,0.027842654307148332,-21.64893617021276,2
568996599,3.382684399385406e-05,1.2619227310756508e-06,3.5668858129964562e-06,7.598226716078917e-06,2.9213501599700677e-06,0.9668017705807492,4.371880132160636e-06,0.0330530492733961,9.163303630836234e-05,-26.92089552238806,5
568996698,0.002086078769438659,5.087994019911658e-06,0.00025753805823855886,4.6644048122614545e-05,0.15809651254669588,0.44257750536837953,3.8128006630012225e-05,0.23419107673627418,0.16270142847220076,-22.674814814814813,2
568996732,9.492757745686962e-05,0.004145354902568963,8.471269035031186e-07,3.7677473130518803e-06,2.748133639872125e-06,0.5388467706596943,0.00014740681994499625,0.005870175587832614,0.45088800144464586,-26.755339805825244,3
568996751,5.007457651246008e-05,0.00014005747389623735,0.0004689263307870756,0.0014615035568001388,0.0005453080057099223,0.6372284388885847,6.634827499186773e-05,0.08495800720522222,0.27508133568749543,-23.861111111111107,1
568996851,1.5186195851906409e-05,1.3557653693663998e-06,2.2909347830943955e-06,1.260696774863517e-06,9.220713755506613e-07,0.9794431771058809,1.5045984102735657e-06,0.020395433984600607,0.00013886864695332034,-27.33381294964029,5
568996870,0.00031020153986096205,3.6076600621603023e-07,1.0479239736944295e-05,5.950820713263998e-07,9.067107864233007e-06,0.9192998060531234,8.161396278738991e-05,0.08026931878553896,1.855746301043426e-05,-24.813636363636355,3
568996960,1.7347693526130704e-05,3.133921770498497e-06,0.0002910373754961071,1.4804215364059425e-05,1.251908578960635e-05,0.26460082925783773,0.6722838909026728,0.05218204063008108,0.010594396917461921,-27.916949152542372,5
568997415,2.8801513398778854e-05,4.991520618797709e-05,0.024169719684611204,0.0005543771973984591,2.3711598736991542e-05,0.5570281885125545,9.590355596444449e-05,0.3971314541400545,0.020917928591092993,-27.12456140350877,5
568997539,4.172802499906766e-05,8.25008420654354e-07,0.00011122737025017653,2.6886659269152992e-05,1.3832062474795374e-05,0.9461011997962221,1.8750484343482013e-05,0.05116640190709172,0.0025191486869288776,-27.004651162790704,5
569000241,1.2247721669325507e-05,0.0005297624787946989,1.8106018967743624e-05,0.8039739227847873,0.0019927911247426327,0.00422103580580299,2.1312478249059057e-05,0.13961952429493243,0.04961129729205382,-20.689999999999998,4
569000573,0.0027892731608104345,8.741430117129999e-06,2.906020048687724e-06,1.8275294983718288e-06,1.7294374773674497e-05,0.6652902052907594,1.7965504436585745e-05,0.32676109489355426,0.005110691796001111,-27.807407407407407,5
569000616,1.2367163973023568e-05,2.656119637499763e-06,0.0001504069581664605,6.466358114759722e-06,5.5305873358652394e-06,0.952139060461685,0.00013840354790159657,0.035390344714170775,0.012154764089015018,-26.699999999999996,5
569001130,3.713457337741789e-06,5.24505815665465e-06,0.0016623642359481603,2.5011206894975305e-05,7.502350511816563e-06,0.8201619797430717,1.5652503913025146e-05,0.015023577775980242,0.16309495366818563,-25.216438356164385,5
569001617,0.00013426308071142577,2.889322588603132e-07,1.586293510278358e-05,1.8257710972535765e-07,1.1550033248083116e-06,0.9957113196006641,3.189619227838054e-05,0.0010025249787869936,0.0031025066997629066,-25.156398104265403,3
569002100,0.0015812990789458095,2.0684786501414744e-06,1.0773760442906986e-05,0.00014608270115545706,4.907050436396326e-06,0.047615902585074504,0.000502587796550278,0.9483428651549202,0.001793513393824524,-33.0076923076923,1
569002370,0.00021829667312612175,6.0017488943450424e-06,4.961552777755194e-05,0.00014206771447676492,0.00035501867751416746,0.9394938143315674,3.0734016747942294e-05,0.05416890299363382,0.005535548316261722,-24.43428571428571,4
569003849,9.937823847945541e-08,0.9711303766357026,1.5641899741018752e-07,8.258525960332136e-07,0.017531415500926986,2.4513727053360168e-05,2.7311027180753994e-06,0.011205787871806445,0.00010409351196067881,-9.092307692307692,1
569004235,8.55282957128966e-05,7.99518660118267e-05,0.0005354334083357974,0.001893562721272643,0.0005253425955931244,0.789261749863685,0.17682863350231726,0.02397058895303724,0.0068192087940339915,-27.525,3
569004505,0.013681176653737283,1.7585075834566597e-06,7.982469455636635e-05,4.741323341624863e-06,3.0537550306220157e-06,0.10812724588189251,0.0007505352583977031,0.8771948164249889,0.00015684750047159678,-33.0925,1
569004732,3.352012816597424e-07,0.995490626465688,0.0001663988554271575,5.965370960620123e-08,0.0003652099666204356,0.002070482605296709,5.5508073042035e-07,0.0018572569953589652,4.907517588731522e-05,-5.208333333333333,4
569005827,0.00015279043125760572,2.3028041216329147e-06,0.00039580547498920866,1.2052762013942296e-05,2.0056041584383365e-06,0.8250489561419494,4.959633748938171e-05,0.1558693271411521,0.018467163302868368,-27.762962962962963,5
569006063,0.0004341472959173799,9.25816423729388e-07,1.5969826529841164e-06,4.463756820441414e-07,8.786755222395647e-07,0.9917606878198827,0.00014796394794834187,0.0076468076419205855,6.545444049734656e-06,-28.736585365853653,5
569007104,5.408962100271132e-06,4.294775419338955e-06,4.06084547446396e-06,2.688902074246378e-06,1.4603524751913239e-06,0.9994612530014356,2.9027358200468457e-06,0.00012947062937054704,0.0003884597958303547,-29.775000000000002,1
569007329,0.0034584934327329072,1.561376234004786e-06,6.088994531792952e-07,2.656646392141498e-07,3.535270987047705e-07,0.007785816380217804,3.3634399555948715e-05,0.9884622738043053,0.00025699251576295995,-31.14090909090909,1
569008000,3.4250774124805985e-05,4.785365449494521e-06,1.5485239522126906e-05,7.765075231191466e-07,2.6454624557770458e-06,0.9893824571103852,2.409294577055612e-05,0.009719276831661357,0.0008162297631075686,-25.419318181818177,3
569008249,6.74943236761353e-05,4.1034865125378244e-05,0.001283471248817304,8.569843478944556e-06,0.0002840048372946883,0.2985718162968156,0.07623226458826203,0.6119745946828373,0.011536749313692545,-28.16071428571428,1
569008611,0.6153861230022865,3.0908510076888045e-05,6.207259461471817e-06,1.200911548813197e-05,3.3574003216286005e-06,0.24630758376418943,8.204009018365534e-05,0.13716460275793618,0.001007168100056139,-32.3,4
569008650,2.5442874978070407e-05,1.230314674692322e-06,1.5915475896618173e-05,4.135806681284029e-05,8.992703371964538e-05,0.9282084556625819,0.00024862612866236885,0.05533295228295923,0.01603609215971453,-28.138095238095236,4
569009007,2.028590548045571e-05,6.589694687118269e-07,1.1176904321390425e-05,2.3453486783963064e-07,6.787445219189686e-07,0.9884443254517371,1.2262640513690454e-06,0.0014431849929943078,0.010078228232557024,-28.289108910891088,4
569009956,5.4405612447572784e-05,8.935884319288475e-06,2.563285872095645e-05,0.0007323357894685563,3.281466104667969e-05,0.36770710947713453,0.011889392131043418,0.45527507674754886,0.16427429683827025,-26.623076923076926,2
569010019,0.0006497116442203815,4.2390093051727076e-05,0.0011032525345176026,3.0218861621891532e-05,0.0009445552351649394,0.9417454197541856,0.0014278694535060704,0.046379894351905177,0.007676688071826533,-23.605454545454545,1
569011963,0.011925537833756477,2.4711801883201665e-06,6.300884330460646e-05,2.187017623420703e-06,5.91154657514692e-06,0.3943095208329962,0.00011026550910071464,0.5934883132013408,9.278403511438835e-05,-34.27327586206896,5
569012250,4.6019705542093364e-05,1.4807774304052588e-06,7.558066668075989e-06,1.229444149148702e-07,2.4353529632461255e-06,0.9994916002170902,2.0772609757979223e-05,6.779248514091353e-05,0.00036221784099231406,-27.941860465116278,1
569012346,5.388138434313755e-08,0.9997615182940769,1.6934157760401496e-08,1.1840278528058563e-07,8.210731873344389e-05,1.5866798111812074e-06,8.31502564638325e-07,0.00013826945680246464,1.5497529683905015e-05,-10.989999999999998,3
569013745,0.03264574708018401,0.00022364483311619002,1.0458929508462811e-05,5.449167637049368e-06,8.170458974837545e-06,0.6694071983525441,0.0002760069989862373,0.2968249601803101,0.0005983639987389857,-25.655294117647063,1
569014820,8.702822604752675e-06,1.0056444610294719e-06,1.247466399692187e-06,9.522945324806521e-06,2.282008988138384e-06,0.7178001187519762,3.9221705525361086e-06,0.27730535179674987,0.004867846392942895,-29.479999999999997,1
569014963,0.0054977925509722934,3.908784221397279e-06,7.424404974785207e-07,4.5604460442321045e-07,5.802938538415188e-06,0.991589240520551,2.220920511829421e-05,0.0008067771750332588,0.0020730703404635282,-29.675,5
569015568,0.10288799460626505,3.3982789165457458e-06,3.7604645873816354e-07,3.6645503045743724e-06,1.942853094518821e-06,0.1485353385066766,4.000781284704522e-06,0.7485590427199983,4.24165700097297e-06,-32.78157894736842,5
569016121,0.5916226049836908,2.4603799842692764e-06,2.146869316489916e-06,5.0413253215902365e-06,4.7189141733098685e-05,0.3427978957394898,9.558530212906651e-06,0.06429857375800954,0.0012145292722414414,-28.953521126760567,2
569016376,0.0033368900429876637,0.08665221788427988,0.008656796433922824,2.0410401131050457e-05,3.7886102699349875e-05,0.31980514315722297,8.127637271912603e-05,0.5795720571982936,0.0018373224067436244,-20.606250000000003,4
569016456,0.04986997570375674,0.058373152353151284,3.195597617380722e-05,2.2784617653913804e-05,0.0001044770188203861,0.24995469548765442,0.0002869612830335834,0.5981213909178171,0.04323460664193875,-20.691176470588232,5
569017087,0.00016526811091629708,4.6732439506697184e-06,5.1782068526679834e-05,2.3653121857341303e-06,1.8333809317636005e-05,0.8127439525838067,0.0002610205021916256,0.10855454660416985,0.07819805776493477,-29.48901098901099,3
569019362,0.00011902129039417416,0.00925093651761075,0.21428957659938289,0.024085260655233025,0.0008593388800770536,0.5316078968094488,0.00029671308395845454,0.09141836912404763,0.12807288703984726,-23.347058823529412,4
569020595,0.00010727060799149234,1.535514083932281e-05,6.4359914242839095e-06,9.507978754013868e-07,3.7194085581685466e-07,0.9996961815254998,8.996988781488893e-07,0.00014028394565544417,3.225035097991992e-05,-26.70181818181818,5
569023095,9.486941236787386e-05,9.277877731997144e-06,2.5444400974223495e-06,7.311369773572602e-08,0.00016902707069200965,0.9960737802911396,3.5461776722859748e-06,0.0002396882241500855,0.0034071933924509717,-21.04705882352941,2
569023104,9.707173044291243e-08,0.999624551704957,6.578778185945058e-06,2.7016597728542576e-07,0.00022228578118292416,3.3818067139759e-05,3.725759409432106e-07,0.00010418735766561518,7.838497220078279e-06,-7.806666666666664,1
569023105,3.8691408578777166e-08,0.9998091032482008,4.403706568057931e-09,5.236118834579878e-07,5.316009095740077e-06,1.5706441624384938e-05,1.9350682454176575e-07,0.000135156246045334,3.3957841210499926e-05,-12.459999999999999,4
569023257,0.00011617966954802205,0.9827363957048922,6.113584403768846e-05,1.0904529490322468e-06,0.011717173337076236,0.0016502066818954214,5.073491660544727e-06,1.192023876909362e-05,0.0037008245791716244,-17.105555555555558,1
569023361,0.0006875790742964791,4.099730406189025e-06,4.55957311688977e-05,1.653516201875061e-05,0.0001462183938833751,0.9426223075042062,0.00010540005623572308,0.04319114604932006,0.013181118298464179,-23.513392857142858,4
569024014,2.04215628479022e-05,0.015615668235737255,0.0009497055129747031,0.0004042451744755846,0.23670499200970732,0.1533034300211868,0.5333159597532686,0.039268364611686896,0.02041721311811495,-13.469999999999999,5
569024017,0.00015095933816571547,0.5622078708817899,3.7010832357956895e-06,0.019595053356063135,0.28283743993937355,0.01322893750498964,0.0010870279579750961,0.08811220754550338,0.032776802392903766,-15.786666666666665,4
569024117,0.0002065927244486088,6.020863205144043e-07,9.313394534285305e-06,1.2595140358248072e-05,1.6513088011797112e-06,0.43930962022212533,0.5150972493659864,0.04485881785351543,0.0005035579039099178,-28.565384615384616,3
569024195,0.0002599353975438406,0.9576837339595884,7.292194545622111e-07,3.039329237560872e-05,0.005418441740679002,0.029188293945770768,4.83223670162366e-06,5.475974911495834e-05,0.007358880458771206,-16.74347826086957,2
569024540,0.001357170700688679,0.0010556058803220614,1.1356531371753653e-05,6.515141505082951e-07,7.767990820952397e-07,0.9969006407778475,4.517026012453637e-05,0.0005076291672643975,0.00012099836914851871,-31.4925,4
569025000,0.003584382298028361,0.0006216847311003372,9.18906774863186e-06,6.460810867354538e-07,8.853625580369971e-05,0.9649815595891269,0.0001665086921202403,0.030090457684627023,0.0004570356003579484,-29.530434782608694,1
569025827,0.00012923105409372198,7.167460010087079e-07,1.4068770158943786e-05,7.305846789933538e-07,1.9764486156509864e-06,0.5799639898875457,8.541222392671975e-05,0.4197127189937102,9.115529126904734e-05,-31.531818181818174,3
569026157,0.04356760996131357,1.2001282872963861e-06,1.1241690150107723e-06,7.310218692716712e-07,1.4349803791776293e-05,0.9446532393708774,2.1018158584447733e-05,0.011096857843357623,0.0006438695429034213,-28.762962962962963,1
569027848,0.00010094010176590562,1.7712860540187329e-06,1.8931972335918642e-06,6.788756588601814e-06,3.644530771265648e-06,0.35259879610013917,0.00032461473135389973,0.6457366019122414,0.001224949383852264,-26.05,3
569027849,2.1556904389516992e-05,2.2748103538319497e-07,5.069594024776145e-07,1.3598405928389584e-06,2.1477146720022367e-06,0.06132326142785848,0.00012148665666648286,0.9385165448173606,1.2908198022157627e-05,-28.999999999999996,2
569027889,8.833458718095895e-07,2.3986014237670627e-08,4.4850942089879275e-07,7.779944819608628e-08,5.284823910083342e-08,0.0017353928715647126,1.7849381971247119e-06,0.9982571656360941,4.170065149720195e-06,-30.15555555555555,3
569029602,1.341084242322301e-05,1.0781604146315077e-05,4.2390778728309354e-05,0.06147541444065004,0.00015375104194004883,0.7053053205456045,0.20003530657730315,0.025913766982573715,0.007049857186630679,-27.13205128205128,5
569029919,8.18034497994888e-05,2.145816456776926e-06,2.597561231151672e-05,7.370794971909876e-07,3.335785009710305e-06,0.9855675867547393,0.0002444787085188119,0.014021813401794373,5.212339187283935e-05,-30.77777777777778,5
569030012,7.387116780947244e-05,0.9024730734060034,6.350539977716482e-05,5.654226326266019e-06,0.06115897978440571,0.020276215492638677,0.0014116291274451388,0.0030868678325595383,0.01145020356303443,-9.175,5
569030066,2.636094885626545e-07,0.9946929553590962,7.481270885181411e-07,1.6423549314322123e-05,0.0015716519685816791,0.0017579419085319904,0.0003476734324914494,0.0015345137168789945,7.782832852801412e-05,-13.808333333333332,1
569030165,8.206575047422418e-05,0.018004236340619355,0.0003786137259589515,0.3529399155091381,0.07692790269982373,0.10118934553188946,0.07914275177864519,0.3346727130655791,0.03666245559787187,-17.278947368421054,4
569031593,4.1777669262772456e-05,0.005327467213236304,3.106571361991525e-05,0.00022517447327267132,0.06272686400155439,0.12065064667902921,0.0025157557463555977,0.008725862430784123,0.799755386072885,-21.5375,1
569031595,7.763617200431829e-05,0.0021657824197658768,0.00013224766452395818,2.3551807389803816e-05,0.4268595663428843,0.06790845378144071,0.015370964734764557,0.4870274956812421,0.0004343013959845631,-8.69375,1
569031826,0.006015907987248131,1.0964877286889127e-05,2.838015029317707e-05,7.464821772458892e-07,6.320333391810977e-06,0.9776193346921547,2.0077479689618482e-05,0.01606950704549752,0.00022876095226086486,-25.61741935483871,2
569031937,0.0014651282574737916,2.1079246413535017e-06,1.040133841322879e-05,2.865768124141795e-06,6.15790501545274e-06,0.8962763916942347,0.000849463159245068,0.10086147198370382,0.0005260119691482445,-25.660000000000004,4
569032299,3.637825210264842e-05,3.7133080414906354e-07,1.5943403708152326e-06,7.836971201914819e-07,1.2844828496858308e-06,0.9901031789469271,5.522019721549798e-06,0.009788932131120512,6.195479898314998e-05,-29.45,5
569032387,5.348984317382702e-05,4.362779497780105e-07,7.315844488117442e-06,5.418206783342065e-07,1.1600930563773412e-06,0.9850017522091358,3.238249621151229e-06,0.014522335999098237,0.00040972966279838454,-31.074999999999996,4
569032407,1.586724000555325e-05,3.3830463145964436e-07,1.6785591495540233e-06,3.553025250012078e-07,3.1915889747164285e-07,0.9988875422862457,2.9590754692258567e-06,0.0010483710437617902,4.256902931438026e-05,-26.06779661016949,5
569035740,3.0532864793797274e-05,0.023830203980714483,2.215864823184158e-05,0.0008486719719504878,0.014757490497391893,0.03416196797768905,9.259712669322878e-05,0.004601480422955444,0.9216548965095798,-19.922222222222224,2
569035937,3.2748142332939616e-05,0.9967573266150485,3.0996470866679057e-07,1.9869293538795795e-05,0.0024647495403752762,0.0005512873104651259,6.406038809931387e-07,0.00015192839962328549,2.1140130026681832e-05,-6.409999999999999,5
569035938,4.680645982597253e-06,0.99756353452231,2.3673465102847782e-08,3.727910095454894e-06,1.6549890066963052e-05,6.675668581580051e-05,1.426156540270308e-06,0.0023148455626273083,2.8454953096696437e-05,-7.860000000000001,4
569036196,1.4224456495945357e-05,4.536870208378414e-06,2.5013942552248818e-05,2.8913911484512657e-06,2.74156323220905e-06,0.8834116735457521,0.00016222898166760012,0.11613780884445399,0.0002388804044889626,-26.620720720720712,5
569037060,8.519046689963018e-05,1.1762007057569937e-06,2.0476701671423343e-06,4.403514864590328e-07,1.4436691812817641e-05,0.11152927499614029,0.00015589911341553134,0.886742247012902,0.0014692874964701895,-29.937037037037033,3
569037159,1.2699125467615441e-06,1.3005182067533774e-07,9.749658192790561e-06,1.4537433461247998e-07,1.7464856156617243e-07,0.998635201079997,6.3509651222906595e-06,0.0013346861723452375,1.2292137079071656e-05,-25.54936708860759,1
569037748,0.05879638597399847,4.962892137680249e-06,8.251635474587462e-05,2.1954339662948426e-05,3.5385583398196747e-06,0.2925259653055135,0.00016295363485104367,0.6219387526350058,0.02646297030574505,-25.94375,2
569038057,0.00024248130220109494,2.108359324966476e-06,1.764406815642565e-05,0.002286431559097071,2.751872706638792e-06,0.7643449868166099,0.054074536494564,0.1788972035598649,0.00013185596747510272,-28.553623188405798,2
569038165,0.000733154610267662,3.2132160439150127e-06,0.00012609589420719555,5.5293958150530985e-06,1.2083570225124124e-05,0.697316447520691,0.00028876324344527456,0.30061725728006705,0.0008974552692376372,-27.435433070866143,5
569038189,1.339550691430871e-05,2.4291899135704916e-06,9.6086378326736e-07,7.426016587999436e-07,3.0878958662849535e-06,0.9055993130064699,0.00015596551458841267,0.09119328568889987,0.003030819731905614,-27.16422018348624,4
569038214,0.0029871672984047404,7.75953331351727e-07,2.7804869166352187e-06,1.3260397099641611e-05,5.322557486517068e-06,0.995286723072941,2.936643975332534e-06,0.0006131216874690691,0.0010879119023757913,-26.235766423357667,1
569039373,0.0003265895898789782,4.700095557729287e-05,6.331758169220464e-07,1.174576298324682e-06,0.0006872985524149544,0.9932855374749223,8.656674555263037e-06,0.005562455342903046,8.06536576328207e-05,-22.822131147540983,1
569039506,0.013009990505908174,4.4652737469784966e-07,1.2087790817829509e-06,4.111933117735429e-07,7.244301614693156e-07,0.9436349236457756,0.00016355617652511308,0.03473186852160593,0.0084568702202553,-27.151807228915658,2
569039898,0.00016539546754960142,1.4623550697598554e-06,4.9943160216099105e-06,7.807693881004301e-05,5.970987463563797e-06,0.8002141241011239,0.0001697291623578221,0.02302105044631577,0.17633919622528788,-25.62565445026178,4
569040237,0.13732016070900757,1.2316202156951417e-06,5.078080080607755e-06,1.18846556050986e-06,2.7125047129709124e-06,0.8152648472081865,5.1731019549077475e-05,0.04734218624145894,1.0864151228114068e-05,-32.50416666666667,5
569040993,1.4590879609982286e-06,1.4138807156599644e-05,6.86028972208155e-08,1.2541101985285866e-06,0.000238824593077744,0.0001798188505214762,9.353844826776048e-06,6.739768688455839e-05,0.9994876844164762,-14.856666666666667,3
569042224,0.009237028747903862,5.930929863369517e-07,6.290563784784361e-06,1.0272494265404625e-06,9.215009439476408e-07,0.9899833851561048,9.926462522879388e-06,0.000626480159388899,0.00013434706693783035,-29.96111111111111,1
569044627,3.035679283397658e-05,4.314314225941166e-07,1.92585473138951e-05,3.546243966846355e-07,4.187492087410787e-06,0.9506427201333514,2.7628426985128573e-05,0.008082436818898274,0.04119262573271044,-28.2050505050505,4
569044645,4.930466767649104e-09,0.9999847651167426,1.863030847388366e-07,1.0122987623819003e-07,9.749831347608418e-06,2.8881202575090634e-06,9.998666678620498e-07,1.2273457040520579e-06,7.725585217235104e-08,-9.209999999999999,5
569046556,0.7528142889589018,5.752165103430935e-07,1.212159251344443e-06,4.1376919969817997e-07,8.779653661651978e-07,0.03142396719774961,0.0003204613918223879,0.21529809653018142,0.0001401068110170791,-34.07435897435897,3
569046985,0.002344733840913318,3.933803852227217e-06,0.001080485665522133,1.5893840015383283e-05,0.00010763971434047954,0.6514243836838153,0.0007307533337397273,0.33288591445311216,0.011406261664689284,-24.3925,1
569047623,0.00017473122409245904,0.003249993034780003,0.00012472318979092574,6.356976549735844e-05,0.00017663153351522515,0.5908477705402331,0.0013336580809590727,0.39693073589027733,0.007098186740854385,-28.871428571428574,3
569048312,3.121666026418287e-08,0.999890652054553,3.702643346849302e-09,1.3668339089007796e-07,1.9679775334554127e-05,1.5245921758752632e-05,4.371677302762677e-06,6.928827902565824e-05,5.906893304919214e-07,-1.42,4
569048381,4.6524295443991236e-07,0.9972590525454199,7.285251507834609e-07,4.843316391584159e-07,0.0011733160352883863,2.2798002152174168e-05,0.00017248639821869705,0.001052816935420671,0.0003178519837558178,-8.377777777777776,3
569048413,5.810693972108815e-08,0.9997067910042503,1.826219010901057e-08,1.2768832113320022e-07,1.0021052737014193e-05,5.4664730771345975e-06,3.8209591855389835e-08,0.00026076630595880094,1.6712896933635167e-05,-7.247368421052633,3
569049282,5.4319252616486e-07,0.9930754375326135,2.0393664063499109e-07,5.524508466254564e-07,0.0027889880261553887,0.00010248499762504216,1.278170197475117e-06,0.0014383605273732615,0.0025921511660216604,-13.833333333333336,3
569049715,5.986709620788131e-06,2.699574101792922e-05,4.811037415342624e-05,0.08032855158937953,2.6664176901013793e-05,0.06770158410538882,4.5233669915546185e-05,0.4082078768710842,0.44360899676253884,-26.24705882352941,2
569049946,0.016275980769016377,0.0002726245635484725,2.4933494114677694e-06,1.1278042681464792e-06,6.853278918651914e-06,0.7919303798669148,0.00014155289205533417,0.09588168376614822,0.09548730370971849,-28.55505617977528,2
569052056,0.0003579863163311975,0.013295159890466412,8.359416465759713e-06,2.5710846049073145e-06,2.078066082174488e-05,0.981357399864357,1.6541137959197956e-05,0.0036796059821454377,0.0012615956468483536,-28.76618705035971,1
582214041,0.0001648856262990023,1.4176204031638613e-06,4.45816671924038e-06,3.2231531386297277e-07,2.065528026855333e-06,0.9912723697231527,3.321214869161104e-05,0.0017192484148492561,0.006802020456544292,-25.469620253164557,4
582215473,0.00014379082067334892,1.7539764150287298e-06,0.011672273994272571,4.4087183219567225e-06,2.3491191248541573e-06,0.44594255878768185,8.490225508948862e-05,0.5387994806108201,0.0033484817176008793,-27.359763313609463,5
582217754,1.0756261031240317e-05,3.922843882513568e-06,0.0036415400303146193,9.742494198425463e-05,1.2179790495387186e-05,0.09743957503599752,4.7173544445605194e-05,0.896647321177026,0.002100106374822845,-23.681250000000002,1
582218328,0.013106773561725958,0.003995705642890145,1.648085223635976e-05,9.639155577174133e-06,7.909734882647856e-06,0.5498946541553839,3.186268532658138e-05,0.42541500882252564,0.007521965389451822,-25.246153846153845,3
582218827,0.9322057030973349,2.494001756488316e-07,8.620348325440154e-07,2.1320588925884258e-07,1.7128520450530948e-07,0.0009844412683928413,1.2776094560985847e-05,0.06670365856240075,9.192505120841194e-05,-33.38333333333333,4
582219131,2.9278412644752316e-06,2.389434395895867e-06,1.0121370991777393e-06,0.0001596057869357397,0.07237443803401199,0.041505183019704336,1.1401314430730281e-05,0.8857647861431696,0.00017825628898809667,-20.816,5
582219175,2.9714136699021275e-07,1.1692236653289803e-06,2.3163679148573373e-05,8.657284335960311e-06,0.9359502373045232,0.061437405856249044,0.0017704180052128449,0.0007988300922295204,9.821413268471634e-06,-17.113333333333337,5
582219230,8.22276638449519e-07,5.04047106699012e-07,2.8993676735765774e-07,1.2585792689835204e-07,0.689092455080736,0.30323929954060186,1.8993672190025317e-05,0.0025407489818870246,0.005106760606145555,-14.725,1
582219585,9.315626677079133e-05,0.0001075261164341051,4.142242908646274e-05,0.0003913509409414755,0.029512760830453195,0.6455041640641651,0.009255874449214064,0.310205461280533,0.004888283622401913,-15.125,4
582220135,0.0005417415835933456,2.8866046191374626e-05,2.48693180989541e-05,1.1026334981290656e-06,3.628377987646288e-06,0.9577760728512303,7.118223160944954e-05,0.03935005640784876,0.0022024805499420786,-29.895945945945943,4
582220389,0.0018709050771574273,0.00019043377102694465,4.294929166500815e-06,1.0006196592610546e-06,0.0007796309269941576,0.9943303800234542,5.0000814906668845e-06,0.002635980195851916,0.00018237437519890803,-24.653846153846157,5
582224316,7.261220107025769e-06,5.995444007241847e-05,1.0570976271547838e-06,2.5125855710598087e-06,0.0005675273456036024,0.0041170953849997746,0.005743816022692145,0.9893437133230376,0.00015706258028918877,-20.143478260869564,4
582224803,1.4597731042293867e-05,3.1232709304086604e-07,4.513632650329735e-06,5.075223019875549e-07,3.960403889578487e-07,0.9943735984002391,0.00016531995144317436,0.005093366866901185,0.0003473875279399802,-27.814814814814813,2
582224811,8.121706532294445e-05,3.19726158193483e-06,4.734317178121346e-06,4.143424493683079e-05,2.11351996566851e-06,0.9877669126101085,0.0005991321958622632,0.010755611639554005,0.0007456471454896903,-28.408,1
582224892,3.659947312082778e-05,6.52249903616037e-05,0.00012165456447682497,9.375690993207136e-06,4.3408425008396825e-05,0.9948257290812439,0.0017363450571524143,0.00014848862623594296,0.0030131740914069046,-23.629268292682926,5
582227630,0.0004221394614817826,0.00033906594216592914,6.399071178757897e-07,1.2071161848216295e-06,0.2371070600694758,0.7585653883429607,5.1597907023615965e-05,0.00018544861759929918,0.0033274526359902087,-22.89154228855722,3
582228493,2.35056640749193e-05,3.572196973070061e-07,8.58716493352025e-06,7.846119774267174e-06,2.8664476793977386e-07,0.9978746497546531,4.480453283943973e-07,0.0019507853592894016,0.00013353402748137176,-25.35418326693227,3
582229097,9.437575216873263e-05,0.02503622049948022,1.4395676723110778e-05,0.00031799620505428895,0.0004293736972304664,0.8816817556329009,4.402262694116084e-05,0.09185695103192888,0.0005249088775721984,-14.680000000000001,1
582230667,0.0001199207506039227,1.2350604643134903e-06,5.591317036747086e-06,5.1722094983567116e-06,1.4896894834457587e-06,0.0472694417771622,0.0008498238695253225,0.9443840541224581,0.00736327120376761,-29.17777777777778,5
582231440,7.675950660954419e-05,5.368939950624792e-06,6.5268863884521296e-06,1.2581744808574867e-06,4.2664212802043e-06,0.7330259440716768,0.0001511199739616553,0.23635884817622613,0.03036990784942592,-30.777659574468085,3
582231572,0.00016591069542215082,1.3744657817571159e-05,2.0821593513603545e-05,8.705828914418196e-07,1.2551937374726426e-06,0.9537639665325096,3.7461575375148465e-05,0.045547246171266216,0.00044872299746668946,-33.32222222222222,4
582232833,8.272704146853182e-06,0.00045541784712274067,6.451165492027924e-05,1.0502392014584985e-05,0.11710756285066604,0.6662865529805556,0.002868232696321721,0.2131237211607633,7.52257134888769e-05,-14.258536585365855,3
582233349,0.00222492931686489,4.600911562725379e-06,0.0019974272831723783,1.8009804264832382e-05,0.0011192043638403835,0.6966832218896104,0.00010409595257469818,0.2975948765721516,0.00025363390595819953,-23.766666666666666,2
582233521,0.00017544377722086772,8.992281663917504e-07,0.00011919332479614513,1.6311504753034493e-06,2.1249772320921097e-06,0.9742726769246686,0.0005607636605511663,0.024833647503006418,3.361945388306733e-05,-28.334545454545456,5
582233815,0.0007767177193594939,2.2883291740250268e-06,1.2133331445382047e-05,3.120147954641008e-06,3.133671166511933e-06,0.7338314652546054,1.2066674765175822e-05,0.26514084254207315,0.00021823232945625991,-28.611538461538466,1
582243614,0.00017569572926918531,1.687998134731499e-06,6.3782327640195606e-06,2.318430767028219e-06,4.489831087572562e-06,0.9029208798694499,2.6857108994524412e-05,0.09677104228519996,9.065051433303379e-05,-27.10588235294118,5
582243734,0.004239825996473369,2.6814132973586535e-07,2.891200313052203e-07,7.412863783163268e-08,2.7481019349154055e-07,0.9956550807758857,2.722586322638939e-07,8.858959167797434e-05,1.5325177138589793e-05,-28.670731707317074,1
582244460,2.7467018243168925e-06,0.0029833026841081323,1.5841713473251174e-06,0.005890229041659371,0.001611243153832294,0.014257256939154035,0.00015460331296128504,0.0033797873302899854,0.9717192466648232,-16.83214285714286,2
582245688,0.0001499786809549069,2.41917602979345e-06,6.472443343523189e-06,6.187934236582041e-05,2.5985714665519894e-06,0.6168447796855313,0.00015769392044995688,0.3824001016769822,0.0003740765028758667,-31.063636363636363,2
582247017,0.009075648508610453,0.00014685411011845532,2.4039470310830944e-05,0.0007549163233313979,0.19261315957272487,0.3692046209546656,1.8133765280624353e-05,0.15905099737097514,0.2691116299239826,-24.55,2
582247513,0.18342294119479324,6.98909576611523e-05,5.573978305614742e-06,3.4772296585496923e-05,3.8451205134940294e-06,0.020973321395853107,2.9105695348095513e-05,0.7859319452270831,0.009528604133856696,-30.033333333333335,3
582247551,0.048396787702581774,4.26576745874566e-07,1.8028288872813778e-06,7.816923360996183e-06,1.2409172410204764e-06,0.9145923115736657,2.825590655472138e-06,0.03694213898990215,5.464889695973232e-05,-25.594318181818185,3
582247895,0.0007056519517038962,0.00020851109567899515,1.2282617163435053e-05,1.3432793891632535e-06,1.0841731597784884e-05,0.9084933671175808,1.8373814647364268e-05,0.050467764698184536,0.04008186369405409,-28.298275862068966,4
582248435,0.047870633036785605,9.471906033999906e-07,1.87982512916181e-05,9.965011323567857e-07,7.410141123186144e-07,0.021329101994895395,7.971520482563725e-05,0.9305744196161422,0.00012464719021155804,-32.80322580645161,3
582249599,0.00010757599779716806,3.08003563595103e-05,8.692837783816748e-06,6.15221571731572e-06,0.006412343662620915,0.952091846703851,3.710296585504794e-05,0.03981041314294916,0.0014950721170658226,-24.335078534031414,2
582249906,0.003781636845692991,6.915130159904522e-07,1.0008822222165646e-06,1.3111867719600716e-06,2.1505139691974346e-06,0.9613350760678905,1.4935646926482294e-05,0.017105383005363684,0.017757814338146917,-31.778125,2
582250246,0.002873921821900843,9.533944323813143e-07,6.259543286152977e-07,5.182883177296563e-07,9.847447343158693e-07,0.9696193448760466,2.720948608405478e-06,0.0265880586376911,0.0009128713339398164,-26.686399999999995,2
582250274,0.0017166861020846238,1.2980212392006119e-06,6.415530674083435e-06,1.2721402514719994e-06,1.1962851682568793e-05,0.9700893975975424,1.3921863643897846e-05,0.02745746259300536,0.0007015832998760521,-30.082758620689653,4
582252024,0.00016621479643570922,1.540974368442043e-06,4.43650620763514e-06,1.2050755540071233e-06,1.1616958445846257e-06,0.9820862658823223,0.00023327331370932408,0.010459494796378086,0.007046406959179902,-30.156060606060603,2
582252408,1.815473498946456e-05,8.951076910882862e-07,1.6317787091520747e-05,1.833311662320788e-06,2.225921224452867e-06,0.9808409058681506,8.501573549225985e-06,0.01231877457747117,0.006792391118170177,-26.607692307692307,5
582253945,0.00024857779849134286,1.0320422474812406e-06,1.0930147163865216e-06,2.5851763907870003e-07,6.379413519851567e-07,0.979258939001082,2.0715066654856907e-05,0.020323435584556206,0.000145311033260678,-32.01483870967742,1
582255316,7.896500935524663e-05,3.343763153502262e-07,5.675564329518194e-07,4.005131512279024e-07,1.4266731700203505e-06,0.982629484927207,1.010730209734898e-06,0.015642521334320095,0.0016452888798383772,-29.25763888888889,4
582255348,0.03238603091643842,1.172746579156021e-05,3.162480830910224e-06,2.1574890879838782e-05,3.853438125850148e-05,0.3352549111692814,0.0001986357946338544,0.6300535415817281,0.0020318813191573214,-27.873529411764707,3
582255387,0.0013800996786912636,6.711274558903028e-05,1.3623876406463079e-05,1.4411931767211378e-05,8.131531251943506e-06,0.007641813412882132,0.004625588919770637,0.9856091348086765,0.0006400830949647666,-29.655,5
582255562,0.10813315671900935,5.5109215515735836e-05,2.1201862514622538e-05,2.1047492524507557e-06,2.5566483890445144e-06,0.051500699885645346,0.00024348212738331274,0.8396169097633679,0.0004247790289222905,-29.889285714285712,4
582255603,0.0008399201435669672,7.547672447688929e-07,7.254815135246969e-06,6.431509646919667e-06,1.8837811291599638e-06,0.9485003111787307,7.053195522345229e-06,0.050493999702300646,0.00014239090672343434,-27.905769230769224,4
582256283,0.0003998479698600714,2.2550411651713778e-06,2.5381205845788643e-05,0.00018307577656958977,3.943616858634247e-06,0.43866012073432786,6.079115436278118e-05,0.5405376990832703,0.020126885417739743,-26.98846153846154,1
582256539,0.11221290260498992,6.282106798974287e-06,1.6664809950654994e-06,3.542513765173166e-06,7.776418064816611e-06,0.10551158392834098,4.632495475247993e-05,0.7821423680889602,6.7552903332449e-05,-29.629487179487178,2
582256703,0.00019795112259180208,1.2423481992712921e-06,1.1005580009345827e-06,1.722068045195628e-06,1.2684038018370262e-06,0.9701078719347085,2.4942783879029825e-06,0.026830696299697775,0.0028556529865667413,-27.773972602739725,5
582256740,8.781740527017272e-05,2.2888879122362362e-05,1.6641213409022245e-06,0.30626510338674884,0.003961738969539228,0.4122305477301589,0.23563678990373882,0.04157974926929713,0.00021370033478385165,-28.4625,2
582257091,0.0002002644528825712,8.156885060744201e-07,6.472345862742821e-07,8.546657026509317e-07,2.6252955206726754e-06,0.9165131747044146,7.493580258688694e-06,0.0824257398623941,0.0008483845157344124,-30.34,2
582259429,0.0005721416422715666,3.4634176917680277e-06,6.862453917010799e-07,2.1620549923940976e-05,1.0435532451220273e-05,0.49450123657471995,4.751269271885116e-05,0.5046603915323652,0.0001825118124658425,-31.21794871794872,3
582260259,0.002099471571559763,7.479585658478304e-06,8.724479718427373e-05,5.109408761425002e-07,9.5658987498163e-07,0.9924916987776612,4.809601689173987e-06,0.005297015808430038,1.0812327066104e-05,-27.1875,3
582261068,1.4117626843835616e-05,1.5842978999495632e-06,5.76073886584284e-06,3.9217472616890095e-07,5.802060604380326e-07,0.9860682414181716,8.315419327256276e-05,0.013736382414053633,8.978693010586445e-05,-28.423809523809524,4
582261567,7.038640715629998e-05,4.820716143290342e-06,1.5708988349311985e-06,2.557202434310544e-07,4.663667319684311e-07,0.9992942579367121,2.5111123988100115e-05,0.0003971313440679008,0.0002059994861218631,-25.53875,3
582264471,0.13323931124940777,6.0966820847934516e-06,9.81109574604038e-06,2.6530187612820585e-05,9.093962118750425e-06,0.5617397281246621,0.00038668984164201006,0.3002768861526758,0.004305852704049918,-26.925714285714285,3
582266473,0.00027546929953676917,2.3116219917423302e-06,4.449217288920852e-06,9.01360715550503e-07,1.3657699474873714e-06,0.976809603860911,1.638285662725776e-05,0.008272716649622444,0.014616799363358893,-27.878461538461536,5
582267135,0.9688329304286647,5.670837883457804e-07,4.1950081978150544e-07,6.463477034470747e-08,8.039191001990824e-08,0.005065222950790099,8.963397883509665e-05,0.026008463057546376,2.6179728754057666e-06,-32.69454545454545,3
582268012,0.00221652456090257,1.9826365944321836e-06,0.0004051816886236155,5.440281491767492e-05,1.5004818069387243e-05,0.867108039342819,6.3154954289230294e-06,0.13014663025119666,4.5918391447793406e-05,-27.384210526315787,2
582268516,0.0027298279746127484,2.3391205479705174e-05,1.3572637602836432e-05,1.5920557258502218e-06,2.0387304511395195e-06,0.9822064074929981,5.174243250337419e-06,0.0035902094760104472,0.011427786183868702,-30.16052631578948,3
582268569,0.00013443530831629447,3.236714757070739e-05,8.337662489276042e-05,0.0003984536098989557,0.00077434474645177,0.8960160784889799,2.730827297284994e-05,0.08635443497015484,0.01617920083076214,-22.473333333333336,3
582268735,1.7886932834385225e-05,0.00023555363085377517,2.7391258806616108e-05,1.5376702405603628e-05,0.7225966657067341,0.0026108101894741637,0.0004934102231751302,0.27256892577447894,0.0014339795812372774,-11.76923076923077,2
582268768,6.395896703903266e-06,0.02295546090720197,5.521695522250496e-06,0.00037512154259104633,0.028135322403577214,0.8528736305465411,0.0031566246995780034,0.027080802631622495,0.0654111196766619,-14.100000000000003,5
582268778,3.9184954985013204e-05,0.000309108144960436,0.00039094529519849707,2.8118666305846026e-05,0.00247651817511815,0.9860751875306549,6.796555341444577e-05,0.004001550352728042,0.006611421326634549,-19.970588235294116,1
582269033,0.0004169387367999714,5.533104281730753e-07,7.351225465505783e-06,5.608971883951084e-07,1.564475737299155e-06,0.989892635087482,5.9987692866592036e-05,0.004057910450009017,0.005562498124023002,-28.596323529411762,4
582269634,0.0008954751335339484,0.0007781933589859379,1.1364405961546451e-05,0.0005700955398669352,8.991396275361018e-05,0.9669549345045547,0.01103890419493854,0.009840844174206689,0.009820274725198063,-24.019230769230774,5
582270353,0.0002712841949921532,6.45740255994975e-06,1.6570061328921785e-06,3.211537570915947e-07,6.309220649416362e-07,0.9937496165100009,7.330514861751385e-05,0.004943210670656906,0.0009535169912175419,-25.94920634920635,3
582270823,0.0001514535793899544,3.4130858005958455e-07,1.7525776365676048e-07,1.343073680879557e-06,1.3047492195892005e-06,0.9991777121941074,4.607138466762765e-06,0.0002095557253805544,0.00045350697341093774,-25.98118811881188,1
582270853,0.002302582585489389,2.7400051759969654e-07,1.9760097537505562e-05,2.021789365627352e-07,3.268186779613117e-07,0.9955685168897397,3.057781410594939e-06,0.0013764334269050574,0.0007288462207854958,-27.57830188679245,3
582270957,4.298865075805183e-05,1.1440771448380596e-06,4.911321417966703e-05,4.1098538660833435e-07,3.20536294327159e-06,0.9652115288224754,3.964231592207619e-06,0.004099963145454804,0.030587681510065152,-28.23728813559322,4
582271611,0.0051211307356384145,0.00010578862052416216,2.7633960873231087e-06,1.915237839093273e-06,7.078116959079577e-07,0.9786972057461812,6.99526635228615e-06,0.015989842475710305,7.365070997121709e-05,-25.761111111111113,1
582273695,2.2125308494989065e-05,5.137476468078238e-07,6.07928481571423e-07,9.060076346604602e-06,1.8006480201475884e-06,0.9667861636236167,3.8902517003933115e-05,0.03307148084858398,6.934530180548553e-05,-26.999999999999996,1
582273924,0.00030553804208761134,4.880622158419067e-07,1.2317997777905943e-05,4.207717974589458e-07,9.763659912726944e-06,0.983695091682674,0.0002044165330315718,0.01377366112273191,0.0019983021277710125,-27.76603773584906,3
582274317,1.4404105797733572e-05,1.1448525195789137e-05,6.0532655225032105e-05,1.2002286570713594e-06,3.889086400136322e-05,0.9910035023728254,1.7475517103840642e-06,0.0022281833704961185,0.006640090326090993,-23.815243902439025,1
582277321,0.0010506344111234592,1.5672752910219496e-06,2.8223555270183535e-06,5.167282439672436e-06,9.351691072690014e-07,0.14539507949990313,0.5545305091967214,0.2986653649438441,0.00034791986604279355,-25.9475,1
582279838,0.0006467115862541815,1.8047486029439746e-06,1.122066264539706e-06,1.4324866898809882e-05,1.9677008696825704e-06,0.9989612724520467,1.7153788807404604e-05,0.000334895103607672,2.074768664825739e-05,-26.87027027027027,5
582280125,0.5164044279934913,0.0002162497167395687,0.00018072010689939303,1.7339533825799684e-05,1.735420686202959e-05,0.20185012093931232,0.03548382553571016,0.24375045167644263,0.002079510290716776,-30.669999999999998,5
582280836,2.3379637330897405e-05,5.472777470412565e-07,8.861110847697857e-07,3.9569042954519025e-07,1.39545627005565e-06,0.9332702131804531,4.805733784226914e-06,0.06663212372777412,6.62531851264438e-05,-28.50390625,2
582281130,0.008049536152319146,2.8288239612604913e-06,1.262046004781203e-06,2.1031723231179584e-06,2.8697415100187565e-06,0.18911085157290763,0.00029387124845086466,0.800772928791868,0.0017637484506551752,-28.060000000000002,4
582281408,0.001889732410947054,4.3466058831752526e-05,2.5503104856072733e-06,5.512168121717107e-07,2.6376632659864248e-05,0.9956781415164234,6.522969116929756e-06,0.001454262603431879,0.0008983962812912444,-25.112121212121213,1
582281590,0.02427373971580971,3.7076271867680772e-06,1.8417134378255698e-05,5.135280312736199e-06,5.128373964922529e-06,0.4814616209476457,0.00198663443076369,0.492148062065235,9.755442470332029e-05,-32.64857142857143,5
582281701,0.01962335731498638,0.02993163068179288,6.268517614659205e-05,3.829394559967216e-05,1.8771280041653976e-05,0.3470327148060265,0.00497111069748465,0.5938180442235387,0.004503391874383141,-26.741666666666664,5
582282080,1.0000147136063921e-05,0.045308988717573925,0.0010767589152964733,7.198371576089274e-06,0.0007550220538956749,0.058106852515890296,0.0028805138312671726,0.8917366724639649,0.00011799298339957311,-15.433333333333332,5
582282292,0.0010939811070249281,3.4432225578803187e-06,4.401622585396777e-05,1.721372833873235e-06,4.422641367502808e-06,0.8675238681070233,8.08448872661797e-05,0.12778559505427217,0.003462107381800133,-27.72592592592592,1
582282423,0.0011741736283269707,5.358828950338011e-07,1.0808495220692045e-05,5.848398508654524e-07,5.750542929423214e-07,0.9880078037458184,3.6595709311348377e-06,0.010770999226674212,3.085955598962917e-05,-32.05535714285714,3
582283119,0.0447899847828273,0.0015888029341948123,0.006145153516375365,4.9160754850436325e-05,0.00040690948544876626,0.36818741312009284,0.0013035898481307197,0.5768694227762926,0.0006595627817872113,-18.60923076923077,4
582283982,0.005233035439700174,6.03124207664234e-07,2.582880382137565e-06,6.509199925788176e-07,6.750873704341416e-07,0.9875889347708541,5.981864525365666e-06,0.00706245643083488,0.00010507948213258856,-28.099999999999998,3
582284742,6.022678927866809e-07,0.9938161661758967,6.945444514532954e-05,3.1514069133482966e-06,0.0001726603390998692,0.0010417406534245998,5.854475655042691e-05,0.0018336571243540616,0.0030040228307231564,-14.799999999999997,2
582284946,6.134930235822102e-05,0.0001395821045813545,4.082492605083596e-07,1.960183344085202e-06,5.170687452334728e-07,0.9970975845826702,1.620040769507491e-06,0.0014988134293127636,0.001198165038957939,-26.785925925925927,1
582285457,1.806074173615593e-05,6.117200711798195e-07,1.1011758091544988e-05,4.748454691616211e-07,3.24844584269675e-07,0.9983223017843236,3.684808347592173e-05,0.0013513249197363011,0.0002590413025117806,-27.41612903225807,3
582285687,3.5621137788049057e-06,3.048871738519091e-06,1.2874508769676234e-06,3.6095056841251707e-07,6.803987470088448e-07,0.995759521859909,8.658828887953526e-05,0.004091436917903516,5.351314759826426e-05,-26.653125000000003,4
582286357,0.0024783095959312676,4.015330434078823e-06,2.000895032309588e-06,1.49483885896433e-06,1.6517864259930534e-06,0.9588665630093601,0.00034576213839383367,0.03808161042187505,0.00021859198368809818,-26.02519083969466,4
582286438,0.0004360812137187886,2.013815128933248e-05,0.002337002792052603,0.00011841382848471232,0.013517919732913181,0.37462116442160237,2.031685670458132e-05,0.43172493236775705,0.17720403063547743,-24.8,3
582286728,0.0004257742826688172,5.4483603328363716e-05,0.00010131961230323147,0.006478742520862234,4.5399060833452076e-05,0.5718008947794205,0.05758036180064636,0.3445030394808165,0.01900998485912052,-25.99375,4
582286809,0.0005534956602347496,0.0008957075948227487,4.935259991555443e-06,2.184609331036431e-05,0.01908363175682178,0.41227555124307086,1.142010915759822e-05,0.0167667103977407,0.5503867018848496,-22.228571428571428,2
582286891,4.5605746148537556e-05,0.006355770687373287,0.0003754848792914739,0.00027232509663341494,0.03149294316559664,0.7296051148104681,0.008572745850762334,0.19279818242374439,0.030481827339981744,-19.827868852459016,5
582286898,6.429137280045809e-05,4.1714862578378225e-05,2.898197709306731e-06,4.493966310042247e-06,0.0014406251200950407,0.968984518277536,3.889741262131046e-05,0.02798939289631484,0.001433167894034595,-22.732608695652175,3
582286899,0.04524989308385913,1.130117949657282e-06,2.6452277987808296e-05,1.2592440235952823e-06,5.1264216357894936e-06,0.9397080471469127,1.6373236473205496e-05,0.014503933858092531,0.0004877846130656637,-27.61842105263158,1
582287156,3.002439901382859e-05,2.145300495536624e-06,0.0009683683082955586,9.084893050608179e-07,1.2190512244851593e-06,0.9658116932332221,9.732250597478592e-06,0.03221228681626416,0.0009636221515818782,-27.46818181818182,4
582288410,5.597685991543658e-05,2.3721348969875935e-06,1.0983624514147158e-06,1.2654662060074927e-06,5.189034585920771e-07,0.9609043500646042,9.976557647836551e-05,0.017916458379659952,0.021018194252329078,-31.18870967741935,4
582288485,4.855492575600955e-05,5.303083023434185e-05,0.001328991849778258,0.8869196130941325,3.015208949162227e-05,0.01919775419829521,0.00027444135667135364,0.022102032439399844,0.07004542921624109,-21.095,3
582288848,2.404714513888113e-06,3.130217051979308e-07,1.3841117273895503e-07,6.999162611281892e-07,5.543678959359356e-07,0.9965987906539692,2.4487515963344608e-05,0.0033597144731140486,1.2896925404557518e-05,-27.068571428571428,5
582288871,0.0006240823290843666,1.949531869977977e-06,3.3910296031470976e-05,0.0020493263244844803,1.0777687041755415e-05,0.9561558743207207,0.001051192184564129,0.03540322294831597,0.0046696643778873035,-29.46136363636363,2
582288976,0.0007596657856446808,2.068403188789099e-06,1.7923877145376136e-05,1.6127636670127294e-05,4.920331568808463e-06,0.7928923529554018,2.2028029511908447e-05,0.20590065074401773,0.0003842622368507882,-26.73645833333333,2
582289126,5.6379542789387984e-05,5.2057518320055624e-06,3.618420909058759e-05,2.0030681936160443e-05,3.2062365447201836e-05,0.9785660570918218,0.002819355123329601,0.013352915238526115,0.005111809995227044,-29.58529411764706,2
582289203,1.2207135048238287e-05,5.9953326138599354e-06,6.649726308058252e-05,0.0015696470268068954,6.20391673742176e-05,0.7894960206631392,0.002951173375594657,0.17586931637864694,0.02996710365769535,-26.690588235294115,5
582289961,0.018317466233750097,5.728298889859675e-07,6.7799583171614764e-06,5.599199894336596e-07,1.086705766382516e-06,0.9733313721881844,3.87732451561862e-06,0.008326994591969002,1.1290247618841835e-05,-32.07714285714286,1
582290450,1.799928945365243e-06,6.174950460715419e-05,0.00027270164695765144,5.225062887697967e-07,0.0003453764202242236,0.9681042858562655,3.495320557137226e-05,0.01794430191807555,0.013234309013064363,-24.375,5
582290509,1.0162975374427864e-05,0.1635157494183645,5.457613824917781e-05,0.0010394727956971612,0.0013941920215782965,0.10037165306392526,0.5075881953724769,0.21717335251412123,0.008852645700212877,-12.820833333333333,3
582290535,0.003528378989668035,0.0025079495876395323,1.588485870636427e-06,1.6128911740675617e-06,1.3566502293158013e-05,0.9289334639175859,2.5733314088525603e-05,0.06229348119489102,0.002694225116788868,-24.72828282828283,1
582290815,0.00081701316760607,3.5109759815151683e-06,0.00022390069120241252,6.734960720029714e-06,0.00015985963961915716,0.9952173758767094,2.8310752651533144e-05,0.002710403892239502,0.0008328900432704292,-25.24852071005917,3
582292131,0.00010795250436794006,2.601430651894663e-07,1.3878147540073743e-07,2.1413817343480388e-07,8.44992996540012e-07,0.9992652096600158,8.483799820097498e-07,0.00017529792286597403,0.00044923347705760913,-27.97441860465116,1
582292460,4.604360111575076e-05,1.8689613792440776e-06,3.169871307465439e-05,0.13953238870451667,0.00039853180981551,0.5437389796309866,3.876165107701992e-05,0.015159253024707366,0.30105247390332723,-23.920689655172417,1
582292663,0.0001000756286192215,0.00019058763624283382,0.02431525527003054,0.004588967628258543,0.10682944418864904,0.5449316178757406,0.00019363067774824658,0.10636601956163041,0.21248440153308054,-19.688888888888886,3
582292681,8.78533960428529e-05,7.483390516294201e-07,3.3296030727175796e-06,0.05024036609447526,1.4161826182973062e-06,0.9261524265993394,4.6361052552643686e-05,0.02289151217578793,0.0005759865570594949,-26.63333333333333,4
582292693,0.661353222816109,3.933805783056786e-06,5.921285984949571e-05,1.3584146893056291e-05,1.3151572224486847e-06,0.3248406742940319,1.5022971793032932e-05,0.013659393168375514,5.3640779942665534e-05,-27.125490196078434,4
582292821,0.00037272121635843953,2.324658249082749e-05,5.855161402257205e-06,1.876527483262746e-05,0.0007108042015836691,0.9521865810252764,0.00011529925296117515,0.039557527363959656,0.007009199921134776,-21.882608695652173,5
582293004,0.0007765278749000392,2.024192626550819e-05,1.975071844924846e-05,9.021372498731681e-06,0.00035246434709508106,0.42845980096393993,4.576588893157871e-05,0.0471575637668085,0.5231588631411114,-24.428333333333335,5
582293797,6.8682100860295065e-06,3.565617973773703e-07,3.6891588628987914e-07,8.068179532215354e-08,2.7706809492822307e-07,0.9988892669906491,0.00018517841591103864,0.0008956193330695331,2.198382271044012e-05,-29.21372549019608,5
582294726,7.382069681609223e-05,2.4680247390003773e-06,1.6427147415093242e-05,7.542644447246517e-07,2.300452569262266e-06,0.257576615533404,0.07247245559332469,0.6693470367965155,0.0005081214907716189,-32.125,5
582295276,9.322736078259683e-06,5.362271403194211e-05,8.465691533080082e-06,6.6140725351348e-07,6.350297713620653e-06,0.991156341928893,3.6876075195756884e-06,0.0031840987129447117,0.005577448904032163,-24.04814814814815,5
582295713,3.150588678244282e-05,1.6505893495423985e-06,1.103344989581689e-05,2.427313607090078e-06,4.143940015646861e-06,0.9642988630733614,6.14672731868638e-05,0.02221887671487454,0.013370031758926664,-27.634482758620695,3
582296361,0.0024570527247005413,1.4679281291228941e-06,0.00015096352653952875,0.0005775663057872683,7.106808117535049e-06,0.9386501381708695,0.0033822984822713866,0.05016223939173899,0.0046111666618461914,-27.15555555555556,2
582296479,0.0005155732072389173,1.4146768904421573e-05,1.6622010814568416e-05,0.6650529854499456,0.0016470065865514098,0.3077193060555967,0.0033067477699995785,0.02130707483763223,0.00042053731331640756,-27.205882352941174,3
582296801,0.00019697662514718892,5.730562942782434e-06,7.921728080435439e-06,1.1767054300248173e-06,1.858932601739124e-06,0.6904336903364703,0.015836724725725813,0.24237469527324745,0.051141225110354335,-31.28139534883721,1
582297230,0.04338033833477549,1.2198159861799156e-06,9.419554952695185e-07,4.944141367052057e-07,7.839916763928325e-07,0.9502593767786901,9.329293768999583e-06,0.006131432781838608,0.00021608263363238317,-30.844444444444445,1
582297325,0.3127221191273204,7.473682447378388e-06,0.0015529537146021085,1.2640445415387686e-06,1.3818373322869216e-06,0.6757518249718121,2.3691166118410613e-05,0.009866825162495325,7.246629333053844e-05,-27.040229885057478,4
582297338,0.0004489329987745691,1.2814110113567097e-06,1.782774592821936e-06,1.5392352268305627e-06,2.2600709662357836e-06,0.9761670046943353,1.3788013413463624e-05,0.023259402214570037,0.0001040085871093393,-26.553781512605042,5
582297837,0.0009427243831110503,8.759400058680612e-07,2.648892684658287e-06,2.4902361464680805e-06,4.313786047493146e-06,0.9804832976681912,1.8969563780723838e-05,0.01844902836450459,9.565116552802272e-05,-29.130000000000003,5
582297860,8.153113701345272e-05,9.246927140321328e-07,6.163830027242681e-07,6.697776979117146e-07,1.8550535036423854e-06,0.8174979104356153,0.00044765921238859417,0.18124378530599486,0.0007250480020695801,-31.14821428571429,3
582297910,0.00038777759627303644,0.0001550511128557437,0.0003108697776968225,0.00016016142286817296,2.421943949578947e-06,0.625781270988588,7.1427421511085764e-06,0.37263673543529247,0.0005585689803250993,-28.313636363636363,5
582298041,0.00032695684082170544,1.0052018058266144e-06,2.765605449777257e-06,8.392650174221695e-07,1.657536786066027e-06,0.9250156746909252,0.00042481516416871935,0.06572722009141911,0.00849906560360603,-29.788888888888884,5
582298092,0.00027268646803912846,0.0007341737916819666,2.2073860602404844e-05,7.921754749319174e-06,0.000618017981154077,0.7437245313867454,1.8469901367617266e-05,0.11471389957453457,0.13988822528112532,-21.088636363636365,5
582298237,5.545370828526363e-06,2.8472293416840562e-06,0.0002386904072933538,0.0001290077845957318,1.2769111790689817e-06,0.9608933492183317,1.3925774637945392e-06,0.037906922375095964,0.000820968125870057,-26.394594594594594,5
582298424,1.4239421563133538e-05,0.0013040159027138628,2.9336067031262977e-06,0.0005085916664488686,7.52365922618222e-05,0.9861231260240536,0.0004425729887016725,0.009597978570067712,0.0019313052274861678,-26.68148148148148,1
582298513,6.0340656100047537e-05,9.5681117766965e-07,2.7858609007810926e-07,1.485421495849131e-06,3.900985388724592e-07,0.9997474270008141,1.081416767710184e-06,0.00018424278339502443,3.7972256207911987e-06,-27.0125,2
582298694,1.0757849020984202e-05,2.2370971659315074e-07,8.305482183655207e-07,7.509040886700545e-07,1.6600415366529092e-07,0.9995835090585173,3.7651157803326127e-06,0.00039149997362838317,8.496836875852684e-06,-28.666666666666668,3
582298839,0.0076568613486948794,6.934055988141196e-07,1.2672370743319394e-06,5.994379135171625e-07,2.3233692833554617e-06,0.9761165254615589,8.939245144465444e-06,0.015254659517802817,0.0009581309769287574,-28.688333333333333,3
582298939,6.26272876196374e-05,2.0799662975632282e-06,4.029877832161387e-06,6.806701323797877e-06,0.00016211238483743087,0.8878136890976567,3.833025727102034e-05,0.11161589817953889,0.0002944262476229236,-24.856834532374105,5
582299006,0.00010703357997409527,8.528190319906433e-07,4.943395693470404e-05,6.244751627959527e-06,1.916865653764331e-06,0.9914078826922127,1.4430440060831612e-05,0.005564798296728337,0.0028474065977758065,-27.79605263157895,5
582299020,0.0002229030215879175,6.673137392671555e-07,5.138455489046488e-07,5.030552037847798e-07,1.5843298243393324e-05,0.9694662602617546,1.7043726693999103e-05,0.028257737353828565,0.0020185281233995583,-27.186170212765962,4
582299324,7.499815468750727e-05,0.00020732007779035306,3.87635893323773e-05,9.921188678819218e-05,3.269602747257613e-05,0.716928057090092,0.025622452981651916,0.23858982075840574,0.018406679433779112,-24.595833333333335,5
582299465,0.00012576263033179635,1.4236578275904908e-06,1.1775265575971271e-06,3.671825423840873e-07,3.094936874714744e-06,0.9943035760699301,3.5029229395594918e-06,0.0054201865704358665,0.00014090850256038393,-25.68088235294118,3
582299887,6.477501265736518e-05,5.197398510964772e-06,2.451771270666204e-06,1.5308140888927154e-06,2.046469132544294e-06,0.9815010946883541,1.3819750314123853e-05,0.014416816326943624,0.003992267768727544,-26.784444444444443,3
582300094,0.005423640226836148,1.4559699524069118e-06,0.0001501255478913766,1.9431339095792275e-06,2.747203686203641e-06,0.4235547229220859,0.01933250351186054,0.5510156323937089,0.0005172290900688927,-28.37254901960785,5
582300178,0.00043254708268096925,1.945984822052374e-06,4.3108091112093645e-06,9.351893115223639e-06,1.1034745326203312e-05,0.49988304677220785,0.0004134235601137136,0.49902930760658404,0.00021503154603875338,-29.983177570093456,5
582300363,0.0007628307837171998,0.0001084712743876475,8.044691051356654e-05,0.0002129650933818386,8.274024305739917e-06,0.5971965663492044,0.015736340357132627,0.3404633539582526,0.04543075124910437,-25.334782608695654,5
582300388,1.165129310998998e-05,2.8909499074107957e-06,8.730239778562322e-05,0.006114552644234179,2.320337182086329e-06,0.8824824710006053,6.713914589322951e-05,0.11013774917347291,0.0010939230578093102,-26.11875,5
582300533,0.0007494506397041678,0.0003145884574235878,6.610925010896063e-06,8.455697476550834e-06,3.7428851525872615e-05,0.9665913211048337,1.5842100221945582e-05,0.029160173334392893,0.003116128889410448,-26.061931818181815,5
582300748,0.006534106862588933,4.553594788152368e-06,6.0023507635468794e-05,5.006601531845516e-05,3.143508719323115e-05,0.9267067120026159,0.00012167460731397736,0.007794958768756894,0.05869646955378924,-24.562162162162156,4
582300920,5.386263576451708e-05,5.944722298723003e-05,0.0004355010378517797,0.03074084110840493,1.8173562134129918e-05,0.7597262397311261,0.0011002084056722895,0.20317511091609677,0.0046906153799621715,-24.08,5
582301111,0.0026613408584185883,6.8847484024168405e-06,4.021987741142237e-06,3.930904478656963e-06,3.790349390192641e-06,0.9268572259305699,9.468196069776911e-05,0.04909898638918351,0.021269136871117936,-29.828571428571433,4
582301127,0.002411086048035491,4.804849249867211e-06,1.2770657432091266e-05,6.067386981251978e-05,1.1643617694710778e-05,0.4648145801121292,8.457371122534782e-06,0.0029577768792932346,0.5297182065952303,-24.382692307692306,4
582301161,0.0002574364135210788,5.352570389080683e-05,0.10280677548128288,0.0013963205010872808,7.1172861977838056e-06,0.5149375756786442,0.0007238551220277511,0.34832645490921244,0.03149093890413575,-27.93285714285714,5
582301188,9.439394686283201e-05,1.775156889190896e-05,3.5798448647955555e-06,2.3780911942548053e-05,2.7971258412299346e-06,0.14605599208013642,0.46688285946282304,0.28556396378110926,0.10135488127752808,-33.58888888888889,1
582301209,0.00012158552307980612,1.59654515920188e-05,0.05034614703205218,3.959463562449986e-05,6.68674359886026e-05,0.9127225316562596,0.00038099324442391323,0.003852291408522988,0.03245402361245645,-24.69195979899498,5
582301253,0.00029215449625663066,0.011946155162700645,6.329457068643525e-06,0.15736085137824304,0.22278075231940328,0.2863601501528615,0.00013645044078388024,0.016783761761054387,0.3043333948316279,-20.735714285714284,4
582301265,3.2804958857416196e-05,0.00020142810846960675,6.195828446120485e-05,6.537858880175981e-07,2.4244667154486783e-06,0.995519396661308,3.440970223769872e-05,0.004039257520359913,0.00010766651170267784,-25.61428571428572,1
582301296,3.6899205566902226e-05,3.218844799707743e-06,2.487161143883651e-05,5.086353229669967e-06,1.7314180917962435e-06,0.6460315132180631,0.12668573276002495,0.22585567067649057,0.0013552759122945368,-32.79444444444445,1
582301318,0.00037181996174193214,0.0003694680086051081,8.666009407094083e-06,0.04278276095190469,0.0019383283132207198,0.4485171529104879,1.205651849698961e-05,0.004677529313517138,0.5013222180126183,-21.788,5
582302009,0.010743787361273077,1.4045088438717042e-07,1.0117794122653666e-06,1.6904611593008094e-07,3.8071239685373995e-07,0.9887688170856236,1.4657817015808293e-05,0.0004038411321222017,6.719461515583378e-05,-28.902564102564103,5
582302162,8.671038042285765e-05,0.00015259027649394165,1.6559345234788403e-06,9.648101873475707e-07,1.8580940379587173e-05,0.9662773522920424,2.536722616029898e-05,0.033167455346471496,0.0002693227933187916,-26.00243902439024,5
582302168,2.6993307741306742e-05,7.074312938507143e-07,4.55643310511153e-07,1.154019852970739e-06,1.4118212848136962e-06,0.996689495821923,9.271215005615132e-06,0.0028710176795292896,0.00039949306005870167,-26.710714285714285,5
582302302,5.83515374803185e-05,1.7866228565200188e-05,0.00264475638281691,0.004308837912792854,0.0010642878484337281,0.9553829539182488,1.1269626718891867e-05,0.02040135169789662,0.016110324847046595,-24.89181818181818,5
582302595,0.00013397549955779857,1.7855347583129698e-06,4.717551174261794e-07,7.041196566676007e-07,4.502084032928341e-07,0.9884559330159168,3.423755245145547e-05,0.011257972459090741,0.00011446985504750134,-26.5581560283688,5
582302800,0.003266246807431445,9.650331163766006e-05,6.717611637851963e-06,5.0924201777840315e-05,0.0001033996942456585,0.5869080282108562,4.179916441624292e-05,0.05969639962606977,0.34982998137192733,-23.959999999999994,3
582302868,0.03515338361476935,1.4424776806678279e-05,3.844532564718354e-06,2.2930506520860613e-06,3.962309463361569e-05,0.7071214051209483,1.3637208540168588e-05,0.25739553602526055,0.0002558525758245352,-25.842499999999994,3
582303225,0.0004407377065972776,7.37949847181596e-07,3.1658252181391455e-06,1.7008524993606974e-06,1.4079958466584244e-06,0.9623325678937422,3.348866505054076e-06,0.037198857707533346,1.7475202210881948e-05,-28.785365853658536,4
582303511,4.211419971744122e-05,1.5154784022828967e-05,5.8580068306429135e-05,2.08164031424832e-05,3.846511850395417e-06,0.9254184034184129,0.06673801221675191,0.0059839965691999755,0.0017190758285953779,-29.856818181818177,2
582303736,0.0004572928125191871,0.00026694386285964697,4.146965348119647e-06,2.7053363024280108e-05,0.0007007985635923199,0.9782765556686608,7.383662915336171e-05,0.008234565231368892,0.011958806903473423,-23.145384615384614,3
582303816,0.004316519522467527,1.0163956940941813e-07,5.834600356405181e-08,1.2656842697276385e-07,2.0608738888210894e-07,0.9948904733745471,5.470959821183056e-07,0.0006974927244688886,9.447464114561611e-05,-28.909333333333333,2
582303920,0.0003703299776859608,2.8667142470656414e-06,3.544972415642345e-06,3.995114752070332e-07,1.5604107354862026e-06,0.9830156781984822,0.00025940080801226784,0.01172511310557923,0.004621106301366803,-25.669832402234636,4
582304221,0.00021357279399755738,4.359394487620855e-07,1.3961162828667949e-07,2.168284581415416e-07,3.735171058211839e-07,0.9987824495957032,1.5282772674498487e-06,0.00044765750355969065,0.0005536259328310331,-28.769655172413795,5
582304297,4.136264613435601e-05,1.0321237075833037e-06,6.3138386364793025e-06,8.715468389476096e-07,4.817780060713949e-06,0.9602265613582714,3.852621163026491e-06,0.034394698002385655,0.005320490082801823,-29.080645161290324,4
582304402,0.03761258375999217,0.0001700687033663451,2.840560118289556e-07,3.521415604021373e-07,7.474496025605915e-07,0.9613761842982187,1.8451230520295709e-06,0.000795547313040683,4.238715515520825e-05,-26.043010752688176,2
582304583,5.046941468107365e-05,6.094200659212196e-07,2.697482739723157e-07,1.7515458576094572e-07,3.639312156692995e-07,0.9984965869704279,5.375827462919814e-06,0.0012972461993042354,0.00014890333398283705,-26.613793103448273,4
582304908,0.0015216717451296763,0.00018306484153931884,4.487685848052862e-07,5.735303135902384e-07,1.5168676005733795e-06,0.9975536881730871,6.986712264845747e-06,0.0007001643557100259,3.188500577022007e-05,-25.28048780487805,2
582304932,0.035355422981274344,1.7926120493435373e-05,0.00035087693497725124,0.00023359957362817127,2.564849705283661e-05,0.5649025781629384,0.0001678219813505306,0.3933808120197257,0.005565313728559327,-26.292857142857144,3
582305001,6.8648638135686e-05,5.975388796663839e-07,6.373744975193451e-07,7.024207587842001e-07,1.7604170094207967e-06,0.9275274842292536,2.996387989082206e-06,0.010221174786563673,0.06217599820691241,-26.77927461139896,4
582305012,0.0018805876957675462,8.871054056331233e-06,0.0002634237844276024,8.616326092110754e-07,1.734085080082075e-06,0.9798507227230515,6.339637860711579e-06,0.017929393025101794,5.8066362045171555e-05,-27.761290322580642,3
582305056,0.0003349769433797085,1.5403674993079196e-06,1.366509733902329e-06,4.2651455709550433e-07,1.7441966090210907e-06,0.9953554880563984,7.504120517171501e-06,0.004050581582088882,0.00024637170921640734,-29.85217391304348,5
582305305,9.770179966331731e-05,1.464124725162351e-06,2.0970581645678376e-05,0.0009362383903092338,2.4260238391379756e-06,0.37652416499870595,0.0005559983433869498,0.6213337283794013,0.0005273073583232924,-28.87575757575758,5
582305472,0.001486842740673868,5.572877794415669e-07,7.071424882011882e-05,4.102035576852888e-06,6.079252787761766e-07,0.013788141876245896,9.231322246894479e-05,0.9843913646737248,0.00016535598943137367,-33.07185185185186,2
582305655,0.00019712470493584856,1.2501988813991566e-06,3.937266581431049e-06,0.0001434987779798057,2.2077938630892435e-06,0.9803213406126856,1.7820603537385395e-05,0.01913812184046811,0.0001746982010673226,-31.67384615384615,1
582305738,0.00010152461950999766,3.797919261934318e-05,0.000523568767747982,0.010896145653585572,0.0006050875986834902,0.2211830123106944,7.219533657385083e-05,0.046802784672262704,0.7197777018483226,-20.708333333333336,1
582305772,8.614711384886637e-05,0.0052925869490918175,0.00039356447646485856,0.002112818997576247,6.694972629568145e-05,0.584020276259394,0.00014675270021326285,0.3709214171611697,0.036959486615945565,-21.063636363636363,3
582305966,0.00025817105474931686,7.242049372557372e-06,2.653790980050203e-05,0.6125768266766212,0.006848436056288923,0.0929246597041154,0.0001983718533789134,0.015208739636881342,0.2719510150587918,-23.52258064516129,3
582306067,0.0002644208343567882,0.000209069090230787,0.00015494675952462466,0.00039636461419576897,2.5293960669195103e-05,0.17630624386610902,6.844149117514348e-05,0.8189961876432559,0.0035790317404827796,-25.75333333333333,5
582306671,0.0009229491165710251,2.208707515508575e-06,5.057029321215808e-06,4.618575664592084e-05,9.672965886189039e-06,0.22661444278373527,2.0204093689813728e-05,0.7723040830012252,7.519654540981545e-05,-32.67916666666667,2
582307653,6.453143278120663e-05,2.7681476425730115e-06,2.7142351087343658e-06,3.0782098418841144e-06,2.261188865314897e-06,0.0728453717090492,1.1053003059358621e-05,0.9182431555128037,0.008825066560848183,-35.063265306122446,4
582307666,0.0002851802089183028,1.103670183603045e-06,1.3867423856148687e-06,1.1580228815187012e-07,3.7878681535303243e-07,0.999287553853698,3.777309196160682e-07,0.0004201741835643139,3.729021226805579e-06,-30.07777777777778,2
582307707,0.18795234976399042,9.706114531292895e-06,0.0021892324591848964,1.879290381052752e-06,3.5939581208822796e-06,0.783175930571375,0.0007841010297822974,0.025846941662110785,3.6265150523334424e-05,-31.585365853658537,5
582307823,0.002773547854117478,1.2575259781864629e-05,5.9609740265312385e-06,2.10368067442e-06,6.82375498927812e-06,0.989133598954884,1.0055216295827867e-05,0.006301484182673902,0.0017538501225567188,-29.501369863013704,3
582308589,0.07721098455622939,2.335157849993435e-05,0.00010914728178775099,8.857755740122595e-07,1.0060857421416762e-06,0.9212716421985193,4.404703640486615e-06,0.0013282112226036737,5.036659740326435e-05,-32.55084745762712,3
582308590,0.23919460691050823,3.879654837075357e-05,0.010053322180763585,1.3603505703497863e-06,2.0196285136537465e-06,0.7183228036386675,4.289585416650298e-06,0.031529528874286346,0.0008532722829028449,-33.83529411764706,3
582308659,0.00023649528925358712,2.2942931242975854e-06,1.6914642743339082e-06,5.211571450906508e-05,5.303129503262826e-06,0.2326429436208236,8.811327921706088e-05,0.7660569621897153,0.0009140810195795403,-34.205,3
582309048,9.431200569070631e-06,0.3005130050282916,0.00025558941559511276,0.00795549385696893,0.19446728484276155,0.44956195880499294,0.007807702813007921,0.035252455171585595,0.004177078866227337,-17.497345132743362,5
582309069,0.0025735125070005067,1.1983389211289162e-06,2.614152321017698e-06,3.730619854813117e-06,1.1755926300979202e-06,0.7570350641997344,2.0095123315077103e-05,0.2340248159901013,0.006337793476121467,-30.8576923076923,4
582309070,0.01784617417088786,2.434311600314485e-06,9.036369997656543e-05,2.1434537441292863e-05,4.132412528022093e-06,0.5971450255430162,0.0013893288466875363,0.3787398097961427,0.004761296681719444,-28.486363636363638,1
582309148,2.6596480590414142e-05,9.199297621528049e-07,5.595961349538363e-06,3.591098351409351e-06,2.560982173499604e-06,0.9354752993074437,4.456841264666586e-05,0.06433379342166647,0.00010707440601623554,-30.683333333333337,2
582309175,8.263335326486918e-06,0.0004297319694499116,6.519454579039292e-07,5.692347655311203e-06,4.8306677891059883e-05,0.9766099848399817,0.017985949755845325,0.004720193995562483,0.00019122513282987094,-15.183333333333334,5
582309250,0.001391101726968924,1.081702853889775e-05,1.6425242775342025e-05,5.383043370751553e-07,1.0560041179357109e-06,0.982396342712654,2.9887606035022084e-06,0.0020349091500084463,0.01414582106999602,-25.59807692307692,3
582309326,0.002356279595913953,2.2135585504690923e-07,4.338209543102964e-05,1.3432975083234996e-06,4.377373614862417e-07,0.9876662175134513,5.323479611896013e-06,0.009795050491701004,0.00013174443316587043,-27.270634920634922,3
582309977,0.00018703516543931158,3.285399562273696e-06,5.302800145670072e-07,2.1169092781293525e-06,9.667363835656452e-06,0.9907592278758169,4.416572828782289e-06,0.007601105851487441,0.0014326145817370132,-26.891150442477876,2
582311622,0.15698190389342728,0.000189752301704237,4.450223238708685e-06,1.7758214737255282e-05,6.72935943636424e-06,0.33797540897946593,0.0005425790887024022,0.5037694273706045,0.0005119905686832189,-25.775,1
582311633,0.0541633544250385,0.00015106114711270182,1.527008968828465e-05,1.604034122561794e-06,3.8954380292883854e-05,0.8942386162704625,6.135191129091139e-06,0.04853016580043399,0.002854838661719318,-24.634,3
582311659,8.56198972362811e-06,0.995474470216989,3.4791767283965645e-05,6.224177616942782e-06,9.76187426991113e-05,0.0013930231681371149,1.3105459083351184e-05,0.0029698742536996576,2.3302247671705127e-06,-16.95964912280702,1
582311910,0.004390067375977625,8.08841580131451e-06,0.0002652960038468097,5.446939931316069e-05,0.10782367882223913,0.46667624794523815,0.00041522431222163115,0.25790698125415584,0.16245994647120635,-24.107407407407408,4
582313185,0.0002806548318730552,2.858339163875998e-06,8.653703889127457e-05,3.578817768587442e-05,2.1046360235509105e-05,0.08692682929887488,0.003336377609483408,0.9016977298899564,0.007612178453835734,-25.142592592592592,5
582314264,2.5453615756353917e-05,4.1143507792195504e-07,6.7604238603677566e-06,2.648178857677617e-06,1.9050613422704097e-06,0.9892620705998438,4.464669586052038e-06,0.010629358057205171,6.692795847035181e-05,-26.959999999999997,5
582314423,7.649909038625801e-05,3.4409504608094052e-06,0.00012981059500249365,2.7374374405254706e-05,3.1363344254747285e-05,0.7133836984549662,1.9877828590765343e-05,0.2835862013577677,0.0027417340041659835,-25.708771929824557,4
582314538,1.908938236577615e-06,0.9569630465443711,0.00020459677600834456,1.1867362057458328e-05,4.177781904293003e-05,0.0016564740729723723,6.099267259195747e-05,0.04102721482588021,3.212098883929426e-05,-11.665853658536584,1
582314676,0.004006233761506925,4.1095240495464927e-07,2.6032772436397885e-07,2.885015873108827e-07,2.1960588234795594e-06,0.9945565590545915,2.376778021436218e-06,0.0014104231298686734,2.1251435471659387e-05,-29.161971830985916,3
582315225,0.0003287230814432777,2.070824183552369e-06,1.0529260669734442e-05,1.3843049834087076e-06,1.0623910778378283e-05,0.9651800360783286,0.0001126995237913257,0.03385205430352453,0.0005018787122971483,-24.31641791044776,3
582315339,4.763774203193705e-05,1.0515954032720362e-06,4.298769986186009e-06,2.8454944083566103e-06,3.881057065652572e-06,0.9634092513704486,0.00017094794400287456,0.03248813859708685,0.0038719474295663674,-26.84254143646409,4
582315476,8.426459897126428e-05,0.056649907096351516,0.0006796389173464938,0.0007429220701982095,0.5055788314299892,0.25590738231285615,0.008713445341729041,0.00599526956448785,0.16564833866807022,-23.158169934640522,3
582315917,0.0001865255978566492,5.92871174591454e-07,1.2778007505938263e-06,1.3193982510023862e-06,1.0005765753676524e-06,0.8573889713774098,4.436112831874529e-05,0.1421629596311691,0.0002129916184941045,-27.944827586206898,3
582316004,0.006842791100635743,3.999679994123587e-07,8.234652066343384e-07,4.431530801320645e-06,1.3791046762960148e-06,0.9827088123286664,2.965447146822912e-05,0.010041829064598674,0.0003698789659473195,-25.46385542168675,3
582316035,2.8011473234106185e-05,2.5650350392615915e-06,4.152624762730377e-06,2.3698181494964734e-05,4.57214786172458e-05,0.9959910261271764,3.3246150780237506e-06,0.003655449841426726,0.0002460506231706508,-21.60149253731343,1
582316256,0.00012120469163364218,1.8787524090919865e-06,4.387766143753797e-05,3.0161332445647198e-05,2.547291055054221e-06,0.3759146454552966,0.000347900306017382,0.6230286253776709,0.0005091591320341645,-26.508641975308638,3
582316279,0.0009134503621243351,1.1964659472381818e-06,1.334651772517263e-06,2.1312204520901032e-06,1.1093120143103254e-06,0.7154289828011298,8.400380449347328e-05,0.011993339607983681,0.27157445177408274,-29.803571428571423,3
582316896,6.045377585149329e-06,0.05970700223346201,0.0003739804217047511,1.9356627812771766e-05,0.8104979778099656,0.06946211750591391,0.00040739689943026163,0.05827302349749677,0.0012530996266286389,-14.78064516129032,2
582316987,0.0006831641737639302,2.2240958134655526e-05,0.0004247529993450161,4.978207280873113e-05,0.0015911687204425268,0.7749068147402439,0.0009781920899406894,0.20510880426846348,0.016235079976857046,-23.616666666666664,5
582317200,0.0006754630591454549,2.411202561025258e-05,1.2930641778028864e-06,8.964443047193085e-06,0.0009649828636304289,0.9685044912312751,0.0003089150437086777,0.012354819888279705,0.01715695838112543,-23.114285714285717,2
582317376,0.00014770445238237962,4.4869769443436964e-05,5.1818192404217695e-06,2.90928203107328e-06,0.002524393459608888,0.900164841250311,0.0003801198902523483,0.013281996908557374,0.08344798316817313,-21.846774193548384,4
582317961,0.0018942418675796826,2.337306992982205e-06,1.2175374246051288e-05,5.675025976979263e-07,4.140055933859514e-05,0.9917629849016579,9.50772656531889e-06,0.006209807105522467,6.697765549928877e-05,-24.53793103448276,4
582318020,4.274853242148266e-05,1.3885550275067427e-06,4.220197593111633e-07,2.8040340621258516e-06,2.460364055578369e-06,0.9683596772159713,4.588584900182662e-05,0.031369539363812364,0.00017507406588867255,-26.388095238095236,4
582318530,0.0006722643563051788,6.705946853684837e-07,4.203033043392525e-06,4.3892368187022325e-07,1.3306926050845646e-06,0.9927034225132678,1.155681382279669e-05,0.006306416807385703,0.0002996962652029184,-28.154545454545456,3
582318759,0.00023274561853728524,0.00019411193514226217,3.8421518753319465e-06,3.7369111015164584e-05,0.002632010772002113,0.7182042574867366,0.0001807277473130673,0.0019094707023711995,0.27660546447500706,-21.684761904761906,1
582318760,5.849005657259827e-05,2.556188737770358e-07,3.9242746366971225e-07,1.2693086909499497e-07,2.4976774581158326e-07,0.9998502546508837,3.065993094765033e-06,7.515607651243094e-05,1.2008477984354898e-05,-28.756451612903227,1
582318997,3.2838078512023555e-07,0.9806177602141563,4.855211358433442e-05,6.148325581294521e-06,0.002934702313570803,0.0069191960706273285,0.0004368785019503491,0.009001748806960792,3.468527278379069e-05,-15.41111111111111,5
582319605,0.0006341678856505296,7.92821044599072e-06,1.331499206838458e-06,1.0435198083005928e-06,1.3973408258549939e-05,0.9731301053847525,9.796883017472426e-06,0.023274357544346685,0.0029272956645131003,-25.449282296650715,4
582320338,0.002948407840320881,0.18605382964235223,3.3738996272688955e-05,0.0056136754131597515,0.0035691551239171275,0.025633403457339592,0.00017498724046277148,0.7758042772621462,0.00016852502402891424,-4.4868852459016395,1
582320867,0.047676212476199305,1.7519254909083372e-06,1.0069903220770347e-05,6.0315250659957425e-05,8.473924108761371e-06,0.8039240331695556,6.085813832876469e-06,0.1454695866300583,0.0028434709068736164,-27.297826086956523,1
582320884,0.005233234611390407,1.4805015753242192e-06,0.00026729745783009073,0.023143857949861624,0.00021353232423410398,0.9333135955766699,9.864029185626029e-06,0.01691187268278897,0.020905264866463623,-24.60769230769231,4
582321034,0.6772585502473755,2.4668375925830892e-05,1.2997376281296284e-06,1.3647054907000152e-06,1.1535060420754824e-06,0.11859821301057807,0.00019117086414870482,0.20319168217994096,0.0007318973728701896,-28.346875,2
582322274,0.0004329551899400373,0.0006326816032225442,0.00024175834357623602,0.010113367960882766,4.978867392155822e-06,0.7951292545985242,0.004716393972289757,0.07162441036461384,0.11710419909955834,-26.115584415584415,1
6868504,3.591225266022927e-07,2.27085659590078e-06,2.2753188916309773e-07,1.3059291000719667e-05,0.002652949763651771,0.00013391896465666522,0.9969127970402656,0.00020535238317982734,7.906504623376164e-05,-15.991666666666667,-1
6868536,5.1842786193383334e-05,0.001556197971885539,2.1486724128222693e-05,0.0006283579880801873,0.14691385864683704,0.23875727054354953,0.5757635563594666,0.03355240585889663,0.0027550231209627044,-20.24666666666667,-1
6868565,1.91193429556379e-07,5.333919935898281e-06,0.013315060806006692,0.03189538116064236,0.0007978958836077464,0.0001438869898126907,0.9538156188331953,2.3183884749276414e-05,3.4473286205205755e-06,-17.785000000000004,-1
6868861,9.07770841602349e-07,1.0981692334138606e-05,0.013828615664654454,8.509116598494314e-06,0.012532855932971437,0.002048026522169115,0.9715082418325854,3.79348309725938e-05,2.3926636872653784e-05,-17.801754385964912,-1
6869275,3.9987528894999806e-05,3.46363468134628e-05,7.678774832550739e-05,6.108598413488672e-05,0.16687747770666142,0.5011702212324238,0.2876102897404101,0.02695115865838007,0.017178355053955815,-19.841666666666665,-1
6871418,2.9024824030155015e-06,5.443084123185809e-06,4.368920424058847e-05,0.002936658878696977,1.854684238836737e-05,0.05884532956293319,0.9358060937950444,0.0012930945219763593,0.0010482416281937437,-25.65172413793104,-1
6872996,0.0002462101088314867,0.0001329244644891163,0.000986571473387168,1.395255846313738e-05,0.6163987540865463,0.3756553506787238,8.835409439384906e-05,0.006360521953327018,0.00011736058183827727,-17.19,-1
6873817,1.5553648399371238e-05,0.005761872180046802,0.30411716113867493,2.9960393226411526e-06,0.0443155358461238,0.6347493447709848,0.0003496089019192207,0.005119165841404619,0.005568761633123955,-20.526190476190475,-1
6874023,0.0003176117500357814,2.3923622696281658e-05,3.644568293318554e-06,2.3484631810017083e-06,5.427287725800207e-06,0.9618188068296318,4.8654146082458535e-06,0.03694413232781443,0.0008792397360132328,-29.210666666666665,-1
6875504,0.0009650888116302875,7.051522978614544e-07,5.924327666601092e-06,8.039956532035634e-07,1.0060713338641065e-06,0.9523062085381998,5.276848491970931e-06,0.04659143614444082,0.0001235501102854759,-29.913333333333338,-1
6875899,0.286887468857122,1.330598468458205e-06,7.556636302065188e-06,1.2845000512396913e-06,1.6885111128449493e-06,0.6857452635850245,1.0569647360143906e-05,0.027055297311624794,0.00028954035293380314,-29.079661016949153,-1
6877293,0.09586990019853024,0.00022503972061216522,0.00118065967018864,9.6581273546046e-05,3.764193666409365e-06,0.12051700051277381,0.00028650078345787846,0.7290482729347197,0.052772280712505074,-28.427272727272726,-1
6880408,0.00349577707559911,4.846500169921002e-07,0.00017575454631367976,9.255566002237251e-07,2.0427811288855944e-06,0.9351460758247632,3.838896541449631e-06,0.06093536903113193,0.00023973163790442755,-27.42207792207793,-1
6880690,0.001096119318310758,1.8206234569544909e-06,2.4874722811625923e-06,2.5671120919041076e-06,1.1345408390873074e-05,0.8092928030950965,0.00015740413133685647,0.1887452357457784,0.0006902170932563577,-29.824,-1
6880833,0.0386258022220248,1.5595522908034922e-05,2.7218918898557344e-06,3.1494734826056e-06,4.699693838583813e-06,0.09989719688303501,0.001665825048735968,0.8592966970665996,0.0004883121974855103,-33.7578947368421,-1
6880956,0.003582862623817115,4.387449962044773e-07,1.11397899967835e-05,2.4537078482030757e-06,4.859658404350715e-07,0.995231312011487,3.879699119376272e-06,0.001128241400702704,3.918605619226261e-05,-29.97142857142857,-1
6881733,0.47534577086453256,2.4269523920665504e-06,1.9169894557792166e-05,7.817058065586656e-07,1.4339130967756755e-06,0.3979899215803145,1.213807337043273e-05,0.1265337742026887,9.458281324058632e-05,-31.606399999999997,-1
6885154,0.00014605431956352712,0.0003843220161092374,0.00010352913636773615,2.9596841628523807e-05,0.0003224049191737813,0.3347686563984745,0.00024941887652748883,0.6635160866219616,0.00047993087019373765,-25.748648648648647,-1
6887294,0.00010057451584725505,1.401750750920234e-06,3.277695084665795e-05,4.106101531615559e-06,7.904012091714658e-06,0.9610847047003862,0.0011381054699905909,0.027779914413405597,0.009850512085149355,-27.20625,-1
6887586,0.01250196684352142,4.6257372698653475e-06,0.00014713015426863417,9.782238517372294e-05,2.021432623750296e-05,0.8253734894026638,0.021065326915310194,0.11568955877439972,0.02509986546115528,-27.569230769230767,-1
6887600,0.0010670636844342793,1.6560883526862553e-06,0.00012966516062677636,0.00013065126824651646,5.972180601628922e-06,0.8480277527226082,0.0017746002863388347,0.14624128834601857,0.0026213502627723674,-31.2,-1
6887637,0.0002084281508707704,4.007554076620371e-05,7.731859025168241e-06,0.00010173789321119059,0.0005127134071731033,0.2415481508054121,6.119987607946227e-05,0.757086675634255,0.00043328683320695836,-23.247619047619047,-1
6887702,0.034521426880702574,2.7323013851102437e-05,1.8233385558546522e-05,7.248464427100702e-06,1.0536342896081789e-05,0.2254485163362631,0.0010062088405481512,0.7330072236139099,0.005953283121843544,-29.110000000000003,-1
6888243,2.8724094936157658e-05,3.0357878781079883e-06,0.0003586421263711063,1.2513990808283431e-05,0.00319649560217816,0.9521227895314691,3.328109430440972e-05,0.044183724470805694,6.0793301248871096e-05,-24.714285714285715,-1
6888737,0.06618558345930671,1.1517848885327803e-05,1.1472173233115816e-05,3.728824778439781e-05,2.619548583993205e-05,0.7986860116386685,0.0007825054072265341,0.13228932685735723,0.0019700988816982955,-28.43125,-1
6889024,0.02727282651473619,8.276354845015615e-06,1.060875094854518e-06,2.1641888844099808e-06,2.0861891124797268e-06,0.05510359032795755,0.0001549541333096146,0.8836811132651816,0.03377392815087828,-30.98,-1
6890285,0.05075303437205704,0.00022444271328229498,0.0032002178743527725,3.4340695321559107e-06,6.387904752551094e-06,0.06809714119505086,0.00018641183486064916,0.8768823533861323,0.0006465766499793478,-27.987499999999997,-1
6890416,0.02046616141387245,0.00014719789014190252,0.0008378961832327334,1.6065502065875397e-06,1.9474720751981744e-06,0.005468742423257122,0.0021779158972960967,0.9705994890208167,0.0002990431491011688,-31.425,-1
6890579,0.3328081122136748,5.34852920959427e-06,4.31878553634646e-06,3.6843473717601134e-06,1.1567171572894015e-06,0.007138164251280554,0.0005100278760745387,0.6542309324151317,0.005298254864563199,-31.469230769230766,-1
6890917,0.17480406662620665,9.633760704104594e-06,5.856983028513609e-05,3.989924785103426e-06,7.647674546599592e-06,0.3816742682247503,1.76414080956281e-05,0.4433672100973265,5.69724532999531e-05,-33.872727272727275,-1
6891091,0.0011303982654772594,0.0001001972179415386,2.046565288264452e-05,0.0671433889225697,0.002118853868683653,0.7208556743663279,0.004055810813082356,0.1991587564953628,0.00541645439767215,-31.11111111111111,-1
6891208,0.041009106073037524,3.7692199722898495e-06,2.634707346348647e-06,2.4160623842346963e-06,2.752412783222475e-06,0.058620690445132295,0.01944600035287266,0.8808334487289073,7.918199756425397e-05,-33.00833333333334,-1
6891245,0.9386023801716746,6.866253840220776e-07,1.0681995808511181e-05,2.1910430668621742e-07,3.6296432200774757e-07,0.014651465857514635,3.2412830138254415e-06,0.04670351670333124,2.744529464455187e-05,-35.3,-1
6891309,0.04954671612580476,4.448103945535898e-06,5.528622471878983e-06,8.182501028241755e-07,9.120675702521546e-07,0.008451733819698175,8.193342963041527e-05,0.9418624209390407,4.548864173544141e-05,-33.01875,-1
6891366,0.03523740907759323,5.016018510070855e-06,5.576550170186424e-06,1.5474130014324347e-06,1.9634853497962385e-06,0.26633275315456206,6.423248979673395e-05,0.6983101109659463,4.1390845070148565e-05,-34.714285714285715,-1
6891473,0.0008307300302828219,2.3813787689712777e-06,6.508900008360459e-05,7.27089853496481e-05,8.779056703173868e-06,0.70705453356792,0.0016314870442462343,0.2871122940278638,0.0032219969087817317,-30.09090909090909,-1
6891484,0.0010518303278427002,7.135955570636531e-07,1.187382278724998e-06,1.5854611704003034e-06,9.159023335974204e-07,0.019992513096027974,0.00014355336691888513,0.978654371640924,0.00015332922694671328,-33.17777777777778,-1
6891531,0.2229983871350414,7.949956089933432e-05,0.00015298307357182976,5.744932915925393e-06,5.771735399542616e-06,0.17359479216370213,0.0003649972001837383,0.6016787488473756,0.001119075350910578,-28.6,-1
6891557,0.08053742288544222,1.255953029978874e-05,5.703001032398414e-05,2.2380961262106476e-05,3.195469641281862e-06,0.03853543693176041,0.01048706881075007,0.8356441249594893,0.03470078044103077,-30.700000000000003,-1
6891579,0.01412291883377426,1.69259167962459e-05,4.979865622260323e-06,1.08155547463579e-06,1.469839611033644e-06,0.00833625255950503,0.006147601811172415,0.9711272776327048,0.00024149198533929286,-34.91538461538462,-1
6891867,0.5235155588065151,2.03725909279609e-05,0.00014674558699311627,3.6681344350146695e-06,4.3394787521271825e-06,0.16866970002450246,0.00017668049655802728,0.3067421230249423,0.0007208118563739702,-28.869999999999997,-1
6891888,0.002944493876073294,2.7199196251856776e-06,1.3897840624345389e-05,0.00015466737560663286,1.4029696035769064e-06,0.020221720742448733,0.0009655607877909691,0.967331940689579,0.008363595798648347,-32.61538461538461,-1
6892297,6.21114928850695e-05,2.6770362874670904e-06,8.762397117234028e-06,1.9146263941988275e-06,1.7024507564789259e-06,0.4657722954053991,2.964076751402626e-05,0.533678327023507,0.0004425688001393084,-32.265,-1
6892562,0.6610682719608847,9.29201621036399e-06,7.626846609324827e-06,2.309120854169506e-06,3.8869797635754e-06,0.04780537661213985,8.060831478265941e-05,0.29093498302855486,8.764512020059025e-05,-33.346153846153854,-1
6892587,0.004091010751570032,2.8119303083175984e-05,1.90918996238262e-06,5.683592154702908e-06,3.1372044523685193e-06,0.7105775302462065,0.0009577315671622799,0.28341834817083666,0.000916529974571834,-29.136363636363637,-1
6894293,1.566350494226873e-05,7.619026482059209e-06,0.0011856838807493754,9.636259419818246e-06,9.759951081374699e-05,0.7362996129714547,0.20286229533232122,0.052503522691913496,0.007018366821903229,-26.035555555555554,-1
6895609,0.0002308713622961317,3.1837540748172178e-06,6.899438541895876e-05,2.0500165664087366e-06,1.0831947840761137e-06,0.010540841766995221,0.0004724595542983354,0.9881536109695354,0.0005269049960306625,-35.35384615384616,-1
6895723,2.2627148934683588e-05,1.1010838224378804e-06,2.2219128075053833e-06,9.001694412016846e-07,5.681656566196431e-07,0.9952013319602286,1.9613541927124788e-05,0.004404614083543731,0.00034702193363801454,-29.13571428571429,-1
6895905,0.00124925755893148,7.262807252948978e-07,1.543832835010115e-06,4.549179126142153e-07,6.428173541995768e-07,0.9908805631821986,3.124649356863581e-05,0.007659994728325173,0.000175570188148938,-30.903333333333332,-1
6895906,8.681919155383823e-05,7.112682819750058e-07,8.846328736633766e-07,6.929899878732744e-07,9.870612169893372e-07,0.9267195658177547,0.004212179295369596,0.0687467620227596,0.00023139772020192034,-29.889473684210525,-1
6895927,0.00014338083895859828,1.512134173856574e-06,3.296553672336946e-06,7.161792966103026e-07,8.581401025450877e-06,0.9886728145557153,7.744344366774733e-06,0.009920856311979824,0.0012410976808112449,-26.46538461538462,-1
6895938,0.014243763040633295,1.780455262854499e-06,1.9012766988108124e-06,6.825559160574149e-07,2.7504724583784755e-06,0.9518188699590231,0.00036310466335573975,0.03240814016887528,0.0011590074077764373,-30.850000000000005,-1
6895939,0.0025688323327452247,1.8738555152116147e-06,2.080578549687578e-06,7.641482329832318e-07,1.2520109062989556e-06,0.9673356215533822,0.0011653633537791704,0.028635869452657763,0.00028834271423143433,-30.709090909090907,-1
6895948,0.0010283115967657695,1.2421651222085849e-06,2.91982429734445e-06,7.596541091859193e-07,8.679525685702516e-07,0.9783492035800359,0.0008224105345869438,0.018677614394602075,0.0011166702979119654,-30.857500000000005,-1
6895973,0.00014007878154307117,8.554529099420219e-07,7.097705291500662e-07,1.5336357471074792e-06,2.584801461405196e-06,0.759542538168643,0.010737491913275877,0.22918687158292328,0.0003873358929671928,-30.462962962962962,-1
6895974,0.0008972361130270105,9.159660845294155e-07,2.0523055968391823e-05,9.212868053917479e-07,1.4546117012050646e-06,0.834429277888896,1.3687186523361338e-05,0.16424578942194784,0.0003901944690462908,-31.46,-1
6896754,0.001774770641404154,2.536679908338954e-06,6.817176344044257e-07,1.4442528615835882e-06,1.3881859112360684e-06,0.21001034550782743,0.00030873014272391337,0.787729770117399,0.0001703327543299739,-31.97692307692308,-1
6897915,3.461975944810922e-05,1.2140282028275984e-06,7.336136989663301e-06,1.1126529704044805e-06,2.686077321818279e-06,0.8008756774760805,7.055266682605078e-05,0.19884385062512958,0.00016295057703090494,-28.44411764705882,-1
6897964,8.787316083277342e-06,0.0002132992750295163,0.0052912663369952175,2.5330767818674946e-05,0.00019370695860934797,0.7892818220238544,0.00010980513909126683,0.20484191578708327,3.406639543504911e-05,-19.305,-1
6899282,0.024343853223030672,2.1334331017766706e-06,5.026815654096945e-05,1.3810403972210506e-05,3.2900268716027186e-06,0.15074314317101578,0.00019751304041278742,0.8234878327216963,0.001158155823357998,-33.9,-1
6899294,0.015542812533341948,8.134514699699159e-06,1.8057248449128123e-06,4.545721390476805e-06,2.745763242524533e-06,0.30451252023143355,0.00012351506195028462,0.6763025556317936,0.0035013648173028732,-31.099999999999998,-1
6899376,0.4043415590542815,2.9873433797460908e-05,3.964387563923125e-06,2.603602992021971e-06,1.2539706453539172e-06,0.005499069300766769,0.0038923427945413208,0.5846875983500736,0.001541735105338049,-33.481818181818184,-1
6899506,0.002763351071391082,3.951786579571202e-06,5.611996730374079e-07,6.237995404066641e-07,1.021241526910129e-06,0.8811379565873672,0.0002285834212832441,0.11583825103635081,2.569985628779842e-05,-30.133333333333333,-1
6899530,0.00012622615201247545,4.08541303902436e-06,3.9200686113752785e-05,0.033797787282138364,4.385450401092315e-05,0.36815964597632245,0.0021545738260591576,0.5101394596290311,0.0855351665312728,-30.78,-1
6899560,0.00044103959074687975,9.303791579629514e-07,1.6896907882207782e-06,3.3565053847336415e-06,2.613246364120109e-06,0.7971937832952778,2.8716215460733857e-05,0.2018380884385679,0.0004897826382516165,-31.243333333333336,-1
6899670,2.1535532396385312e-05,3.765128816470769e-07,2.3757219747026184e-07,3.876963653388863e-06,6.324484406220087e-07,0.0365706051121054,2.521519061861569e-05,0.9633235033341038,5.401733360278968e-05,-33.57058823529412,-1
6899695,4.199910513901062e-05,8.051892869555304e-07,4.935625925654825e-07,4.737006685433166e-06,6.432408453203795e-06,0.10445502618119007,8.216914295223804e-06,0.895464104011728,1.818562062944288e-05,-31.441176470588236,-1
6899730,0.000807775252023671,2.238453715663817e-06,3.6966565768377335e-06,1.1786925932426533e-06,4.548186157205408e-06,0.8612744497905938,1.6751875411264528e-05,0.13534355568633663,0.002545805406591605,-30.72631578947368,-1
6899754,6.183950780595285e-05,3.2958384220671694e-06,3.061658390935461e-06,0.00022137094684698643,0.00020306320743085533,0.46138237447895597,0.030921632501409408,0.5068997692745818,0.00030359258615612997,-29.378571428571426,-1
6901206,0.44618470177769165,4.688264741275229e-06,2.332313886745819e-05,2.8433263706569394e-06,2.6703575291480756e-06,0.18902376319855754,0.00016895142844819232,0.3569993294604858,0.007589729047308208,-31.084,-1
6902131,0.0038713468309649946,2.2188015190935454e-06,3.3725149658282634e-06,5.919453449241381e-07,1.1751027128810204e-06,0.9852812333150949,5.674827547558623e-05,0.010418260473742894,0.00036505274017898417,-31.17769230769231,-1
6902271,1.9468184026897298e-05,1.8582129894698478e-06,0.002388315791986382,1.09117850596648e-05,4.492330560967222e-06,0.9551469208633845,0.002127247526156979,0.037864042237799045,0.0024367430680359826,-26.521052631578947,-1
6904326,0.0006886701998793772,1.5368873342729948e-06,9.814588699064467e-06,7.891364827522264e-05,1.0184342169411356e-06,0.04428756225169169,0.00013315881144610473,0.9537418495730453,0.001057475605411982,-33.25454545454546,-1
6908023,0.01971174501217063,1.4571874102020634e-06,1.0199902296253493e-05,2.4658159563369733e-05,7.820783294333234e-06,0.9281869330707405,0.00022006450292096834,0.05136968265391303,0.0004674387276907433,-28.754838709677422,-1
6908625,0.0012038260071021462,4.70835739645944e-06,5.660315131860319e-06,3.149786216979794e-06,4.165723432540097e-06,0.8851891944345176,9.71094666703565e-06,0.11348127431133385,9.831011820132737e-05,-33.8575,-1
6909657,0.002616373919340794,2.2145447931163085e-06,6.488866671851069e-07,1.0153888875502232e-06,7.255769846741667e-07,0.010048085607525832,0.0003032792728016726,0.9869787336222631,4.8923180736120405e-05,-33.35833333333333,-1
6909786,0.01036082877200956,3.90659417401851e-06,7.1529136801648295e-06,3.209047165069549e-05,6.069322115407264e-06,0.0975299903617769,0.0001892485124872696,0.71909793087168,0.17277278218042597,-30.674999999999994,-1
6909952,0.10163441432862341,6.686774960914633e-06,1.1737492713788231e-05,2.488011540373278e-06,9.76886989906524e-07,0.0028544410190667084,0.002940419231724235,0.8923985926827445,0.00015024357163610465,-32.96,-1
6910003,0.08842377919127023,2.0756020472780034e-06,6.211658276742565e-06,8.699084256006503e-06,1.088295902953015e-06,0.0049419549171291054,0.0036979299296021817,0.9025207395280697,0.00039752179344565663,-33.18181818181818,-1
6910407,0.0001648221576683985,3.528379680479867e-06,7.305366635419569e-06,6.25418597963025e-07,4.380508956349836e-07,0.9973893723412297,3.2293591635656655e-05,0.001273851608454678,0.0011277630852020001,-27.336708860759497,-1
6910422,0.099526001035469,5.659837179352061e-06,1.2651274437323516e-06,7.405166326455379e-06,2.6052993209618215e-06,0.03335393910079125,0.0004064380452850273,0.8654221250942227,0.0012745612939616495,-29.340000000000003,-1
6910425,0.0015084694455589872,7.222500057428616e-07,8.021741938392231e-07,1.5411020778820516e-06,8.370461974808271e-07,0.020221901700252932,0.0006231420684023762,0.9773913909668801,0.0002511932464305326,-33.335,-1
6910560,0.0003942987668556784,4.853795907595057e-06,2.953738613163249e-05,6.160383632348139e-05,6.013761757843341e-06,0.07350432016292582,0.0007257166972543978,0.8532319199377483,0.07204173565509545,-30.033333333333335,-1
6910590,0.0019355543245862697,1.7169188792023011e-06,3.803323096302531e-06,6.187676421949027e-06,3.07153193030005e-06,0.18635479693740137,0.000325958891734712,0.8109057708901082,0.00046313950584183294,-32.6125,-1
6912744,0.005485806367627683,2.1959327475324296e-06,2.1713597941111728e-06,7.809914483157039e-07,9.70186949288772e-07,0.9643943946787965,4.061739381904343e-06,0.016446919231936936,0.013662699511317494,-29.666423357664236,-1
6919118,0.4815144468242464,3.0321757574947824e-06,1.2820305316877926e-05,1.346508407056835e-06,3.0069285476565e-06,0.33813783913941664,3.829507788838724e-05,0.1797088078701321,0.0005804051702874475,-29.076923076923077,-1
6920152,0.7775547714555521,1.3885330625308785e-06,5.9569625675751194e-06,7.202992780269811e-07,7.170928495701471e-07,0.2016504909875474,4.801789286495897e-05,0.02064454741903327,9.338935724450375e-05,-31.489473684210537,-1
6925791,0.008717396901293587,4.1689583347482344e-07,7.447021090274078e-07,4.369575568638345e-07,8.172676826503535e-06,0.9883789558704923,2.159378884312647e-05,0.0021422991478845205,0.000729983059160733,-29.623611111111106,-1
6926246,0.0003216523042842652,0.00010372783427978782,0.0004961263903349439,1.7433304376785353e-06,6.114682520034291e-05,0.9697990958136093,0.008498955284893648,0.020626826581673748,9.072563528617898e-05,-25.560000000000002,-1
6928841,7.463440276587235e-05,0.01478059493512826,0.00012199992098446398,0.00084803207934749,0.09376406545397804,0.736495989191668,0.03410346958601122,0.0709201750418941,0.048891039388222625,-25.791111111111114,-1
6928933,0.018385574622452522,3.3458285233958865e-05,0.00014903482910929162,4.6475992084087085e-06,8.290212237787032e-05,0.9757831898391178,0.00037237272310375894,0.005131504719601089,5.731525979524988e-05,-25.896875,-1
6937241,0.0004376691618541061,2.0041670870035804e-06,0.00022909005351862675,6.693075594372179e-05,1.6065830022332339e-06,0.029855390580503294,0.013066658946056492,0.9505321773310407,0.005808472420993835,-31.440000000000005,-1
6938426,0.00016349237148942242,2.2219225010773604e-06,4.673045809054253e-06,6.319709702458642e-07,2.4925166387196437e-06,0.9944296304294218,0.00011021902710460492,0.0023887277041406627,0.0028979110119245746,-28.056790123456796,-1
6938530,0.00035315564765214927,5.504962493471146e-06,2.6774925041264782e-06,6.637904735449737e-07,1.40026484638253e-06,0.9973873875600778,1.1403586879319789e-05,0.0020783155518600887,0.00015949114321295294,-27.51621621621622,-1
6938682,0.2027012036540763,1.4564185084225972e-06,5.702723575709102e-07,3.069745029071023e-06,1.088518465848067e-06,0.04318187725694879,2.7083730153522443e-05,0.7538559687734836,0.0002276816309767888,-32.78928571428571,-1
6939166,6.690865067870115e-06,1.8953528396983285e-06,3.6874431336289415e-07,1.7629439969772324e-07,3.1705486839869166e-07,0.9974086797976811,9.069424044535541e-05,0.0023985236452087728,9.26540051755594e-05,-28.562135922330093,-1
6939222,0.08773691014195152,9.74172527077307e-06,2.7682153224570174e-06,3.905941587318063e-07,1.145064947213073e-06,0.9114761643556261,2.1749721494695324e-06,0.0005656345820175898,0.0002050703485563052,-32.516666666666666,-1
6944591,0.04775035585910231,7.2422524026769835e-06,0.00023610044247766108,9.814687019092546e-07,1.8984493357470098e-06,0.9413415074753024,0.0001720450885243484,0.010424322874046854,6.55460901062307e-05,-31.858823529411758,-1
6947293,5.288459588045452e-05,1.26899907472006e-06,1.4181017694341717e-06,1.7705618749372343e-06,2.9296698370478072e-06,0.7296487904988349,0.21429717518971358,0.0551168655797432,0.0008768968032717012,-30.289655172413788,-1
6952804,7.585388828276828e-05,1.611833567542428e-06,2.5292091513115515e-06,5.13197336614708e-06,4.2367260252541695e-06,0.703247080990115,0.0007606033984902236,0.28125716881512264,0.014645783165879011,-31.412499999999998,-1
6975207,0.00016608457733309305,1.2960988047654333e-05,6.0979906300286475e-06,6.599117926466845e-07,1.8018731751386456e-06,0.9813408442662034,8.252710700533054e-05,0.017331645751231518,0.001057377534581137,-30.853658536585368,-1
6975472,0.0008687701416534568,1.2555297679618318e-05,0.03357437691583676,6.510839769458608e-07,1.4721031932826135e-06,0.9458290955797907,0.0004947700350796662,0.01851254853779639,0.0007057603049933032,-30.02857142857143,-1
6975490,0.0022988664209839305,9.715183039473421e-06,0.00012680879900276023,7.997762063225701e-07,2.721825193061561e-06,0.9636042958906051,0.0032827104182999957,0.029607304043801318,0.0010667776428680653,-30.54,-1
6976427,0.00032293129088656087,8.861559469687346e-07,9.615259342554258e-07,4.0831288288421135e-07,1.4075624684685012e-06,0.9963756359303894,1.4192202724185306e-05,0.0021151528165240592,0.0011684242022433247,-31.0979381443299,-1
10551287,3.689357543986711e-05,1.990835944953598e-05,6.255890359968343e-06,0.015453358845677705,7.080779332142573e-06,0.5653406365623654,0.41041142346183834,0.008109920988286728,0.000614521537250167,-28.107142857142858,-1
10554874,0.000586137844265088,0.2876102377603737,0.001555813187298802,3.0124366290054364e-05,0.002751550951344759,0.5045924816458444,0.0003344182194517615,0.2014375636192025,0.0011016724059290015,-13.445454545454545,-1
10555071,0.0037416919291116866,1.8559872322813115e-06,6.764073220642958e-06,4.2978435568728554e-05,3.906346171930962e-06,0.2482107796721182,0.016310519448070077,0.7315715852636829,0.00010991884482349763,-28.974999999999998,-1
10555459,0.05595797956051032,2.8457843474520996e-06,1.5341272008157647e-05,3.5380665301061576e-07,8.84963792245137e-07,0.9398593748669761,6.341618757046879e-05,0.0035818702001882393,0.0005179333579541248,-31.327692307692306,-1
10555968,2.9919750225156344e-05,0.00011978569797238833,0.0009905115172467688,0.23672834973108361,0.09056093233774357,0.1948240846616725,0.0003583015892902129,0.47539315483018313,0.0009949598845826464,-20.168000000000003,-1
10556692,0.025905462318308776,1.2341347718716877e-05,0.0006091850510587354,4.699471775747053e-06,8.075253000159308e-06,0.1780879612769554,0.0016098427400734736,0.7791702470538713,0.014592185487237754,-27.810526315789467,-1
10557065,0.002700274575785794,1.5414570035136897e-06,6.761471772390931e-06,1.5404126116325354e-05,3.6861855163920945e-06,0.9378910747657058,2.8550928883301022e-05,0.05926269390360789,9.001258560852569e-05,-28.659813084112148,-1
10557235,0.0019506604709424475,1.458315441737714e-06,5.798139790848615e-06,2.0461532130647268e-05,1.4131834139981984e-06,0.684055774959566,7.120242689344562e-05,0.00944311313148386,0.3044501178403369,-29.89259259259259,-1
10557310,0.0001522178627632375,9.454091614005718e-05,6.003513903481834e-06,9.073353706127063e-06,0.0011068119841600305,0.771024378212718,2.107438580671632e-05,0.22242164551333152,0.005164254257471016,-23.25185185185185,-1
10557603,0.00036732521184708897,6.290933765919747e-06,0.00018616331611214252,3.430732386158749e-05,2.9177613808922017e-06,0.505091177590105,0.0010811515664100502,0.46735403912015255,0.025876627176364735,-27.0047619047619,-1
10557649,4.90803450198481e-05,2.2257647719474357e-06,6.138669275527469e-05,0.00018115744203852884,9.24915168664072e-06,0.9252145246698186,0.002986952175894185,0.06533722601586872,0.006158197742146211,-31.0171875,-1
10559369,0.0005786279684805134,7.250267552162115e-06,0.00014827363809268628,4.0810500710893844e-06,0.00013787541541801154,0.9572119309604549,0.00024130032705717085,0.04085296836055442,0.0008176920123190868,-25.13703703703704,-1
10559516,6.691119264588802e-05,1.3697827697717417e-06,7.451143501329205e-06,0.00035307495573320914,1.4501755089918562e-05,0.44832044253698305,5.881044557600174e-06,0.5512012962230803,2.90713656388644e-05,-28.94929577464789,-1
10559765,0.012841335678944344,1.6628370733099182e-06,1.81842527476416e-06,7.110129680556321e-07,1.558774174920898e-06,0.9726460095977607,9.389597839808431e-06,0.012541378503263373,0.001956135572700672,-27.87340425531915,-1
10559904,4.07432864142121e-05,6.150104725784262e-05,0.00439753849402256,1.5526386730979207e-05,6.124360134010783e-06,0.4333002240133507,0.035753880820057045,0.522460787277712,0.0039636743143207755,-25.663636363636364,-1
10561136,1.4520406355745434e-05,6.229403692868398e-05,5.360347720446064e-05,0.00026856599902218845,0.00015246889618541625,0.8385386337295326,0.0008397233018487641,0.15844179375569914,0.0016283963972230826,-22.78,-1
10561583,0.001802515645419868,1.8444396416086126e-06,0.00017303824901798208,1.7775026910613896e-06,3.682259438410847e-06,0.8844703320245803,0.00029582587746249274,0.11072434545946637,0.0025266385422822155,-28.950819672131146,-1
10561870,0.0031779478506598333,2.6057591267879163e-06,5.769046322213919e-05,0.0002767333510139886,1.2594800604229857e-05,0.8385854769274784,0.0029267243755209727,0.1496890428600493,0.005271183612324367,-27.178461538461537,-1
10562711,1.2541950866125539e-05,3.590277606622221e-05,9.53301941704113e-05,0.22500225648394837,0.00019080609399128325,0.1940047596477265,0.0014158054442563995,0.577548534325081,0.0016940630838936342,-24.672727272727272,-1
10566953,0.22550248224696054,2.75162076810284e-06,6.640784920751113e-05,1.4963082581541582e-06,1.2074621805689113e-06,0.7673811334337175,0.00011706692040755007,0.0067734269508129856,0.00015402720768698121,-30.752500000000005,-1
10567563,0.0036358930714072333,0.0003269014759781369,0.00020470213140658797,5.5915591431043086e-05,0.008911737794188237,0.7724423218485175,0.0003423074506723295,0.21307615518776277,0.0010040654486361295,-22.961111111111112,-1
10568512,0.06311689180381636,0.00013477084333641463,0.00022305732199441827,3.981881115368563e-05,1.0581734262237469e-05,0.2873194528536794,0.0004926006573359433,0.6459407484829097,0.002722077491511752,-27.37692307692308,-1
10569249,0.007656947436589834,2.7789536931837228e-06,3.452334416449913e-05,2.758743074448225e-05,1.1746703983613094e-05,0.6170399360410471,0.005359189980300354,0.36922246072776677,0.0006448293817101676,-28.70612244897959,-1
10569900,1.3775073460054057e-05,1.5824237916471978e-05,0.0007716233533390621,2.3035346739027104e-05,0.024838284020541588,0.8852651122307817,0.0001018934115684514,0.08868121831705925,0.0002892340085944439,-21.815686274509808,-1
10569996,0.006033770652926991,2.855323526108942e-05,8.157122506097015e-05,2.8604789780419404e-05,3.953973904917101e-06,0.2636460460203985,0.0008237357683919706,0.7169623226527566,0.01239144168151858,-27.531818181818178,-1
10570047,0.00021998284031365785,1.1796795406688128e-06,2.273259826541477e-06,2.9276082272839983e-06,1.1062615174211166e-06,0.9895203585834604,3.7764494727087245e-05,0.0064670392800034535,0.0037473679923834824,-28.659663865546218,-1
10570186,3.928851197882964e-05,7.780843882920167e-06,1.6888156874625064e-05,4.065949788076979e-05,7.326693802662779e-06,0.640745263906866,0.014729278149989502,0.29209492534404724,0.052318588894677456,-26.189361702127663,-1
10570190,0.0036804984122850515,1.3322932372247506e-05,8.235575183815321e-05,2.396893061579221e-05,1.6310194258564053e-05,0.5482026726915892,0.004566337959733014,0.4142753483242,0.029139184803108044,-27.635964912280702,-1
10570281,0.00606019253476716,2.1701787911532454e-06,2.645898885874955e-05,7.239364146912354e-06,6.3446363149708755e-06,0.49184946361017107,0.0021457017923699633,0.49125779908370576,0.008644629810874317,-28.11818181818182,-1
10570444,1.74881659953784e-05,0.0001377268920496898,0.0014523872578207093,0.0059575800942608765,5.284832407780232e-05,0.30283795518409984,0.0028468827338307564,0.6859532032655962,0.000743928082268811,-23.887500000000003,-1
10570516,3.203903621280382e-05,2.0603174216123765e-05,0.0007547020596414688,8.120783301178735e-06,4.610433183256546e-06,0.4272772338737195,0.024815101517448996,0.5402568928327385,0.006830696289538201,-26.39090909090909,-1
10570563,0.00991842846740006,3.1559540697927687e-06,4.73547864362113e-06,1.0300224362708015e-05,7.026118319546427e-06,0.5623375697498151,0.00026436510300902754,0.40123675510779827,0.026217663796581914,-28.85555555555556,-1
10570908,0.0004004608360856866,1.3729382793288905e-06,1.8228155155828804e-06,1.078163961066801e-06,3.385480588902502e-06,0.8208838842780164,3.279948435181788e-05,0.17851202822508844,0.00016316777811280458,-28.78823529411764,-1
10570962,0.0010662520867567725,8.65062968190903e-05,1.1037964783571777e-05,4.046956676767178e-07,8.710828768248996e-07,0.9950414576981699,5.782321605208049e-06,0.0010514320714741963,0.0027362557818468264,-30.854347826086954,-1
10571126,0.0002068374881809563,9.449467902193211e-07,6.6943302579837165e-06,4.385130609589915e-06,2.245652100112475e-06,0.8685353380056618,0.0004967650599264957,0.13037341271542116,0.0003733766710516746,-27.692307692307693,-1
10571129,0.00010193338672523331,1.2204421747795254e-05,0.00020963047649033418,0.05184508811523614,3.4956177683365046e-05,0.5446644239329269,0.005697607141128457,0.3874360236517438,0.009998132696317927,-25.258333333333336,-1
10571130,8.1025259305075e-06,5.406389217208808e-07,1.1784638322468958e-05,0.7207400303826282,6.737850770985562e-05,0.2631041291537911,0.0010357901277074162,0.014978204059270523,5.403996571822977e-05,-27.060000000000002,-1
10571150,0.00014449824051929788,5.032460331730561e-05,0.0032291702767073454,6.787660024261483e-05,9.447548364430075e-05,0.5686615837501698,0.03389529284587707,0.38223926813995784,0.011617510059564401,-25.29,-1
10571157,0.013901638827777238,1.7181657288423085e-06,8.701929300382632e-06,4.349997717275986e-05,3.329700643658308e-06,0.907390850393844,5.4973776888908704e-05,0.07621542163837378,0.0023798655902704663,-30.292307692307695,-1
10571249,0.014863683757552745,1.2577666907736078e-06,4.657808437918433e-05,7.022098097819215e-07,5.502537635084506e-06,0.8845028378534208,3.488766509246742e-05,0.01441197983771791,0.08613257028770119,-28.155172413793103,-1
10571563,0.0004379101541689398,0.00015857006581896683,0.0003322545732415797,5.846959002772971e-06,0.00044125959789325975,0.8767184135045367,8.23944166070885e-05,0.12161549472193542,0.00020785600679526303,-24.638235294117646,-1
10571600,6.29818444247239e-05,7.752094168063205e-06,0.00048461823316387105,3.2529111697617504e-05,7.852956221881995e-05,0.5874816746556693,0.07523171920639722,0.33551681931285937,0.0011033759794010951,-25.693877551020403,-1
10573894,0.0006090007588492295,3.1302940806965745e-05,4.114139708773647e-05,1.8913081761427263e-05,1.6770295948262137e-05,0.7611459578102375,0.003922971851112637,0.20354451707339677,0.03066942479079949,-26.495555555555555,-1
10574347,0.0011711743510929161,3.2053633421799895e-05,0.00120331849616366,0.0004400030688993677,5.787260821552075e-06,0.6777938832929692,0.0007772571010868137,0.1938341964521014,0.12474232634344326,-26.0,-1
10574370,0.000971293189550113,7.822207057660212e-05,0.00023977821250357085,0.005981314722764318,1.245739285799792e-05,0.4130951376764472,0.005316315035905884,0.550606985752822,0.023698495946572376,-26.44090909090909,-1
10574372,0.00041547843603915427,3.0113816375706443e-06,1.2574177402501477e-06,7.640438564700152e-06,4.568684186826592e-06,0.716927584979171,3.980933592791492e-05,0.28109284870593715,0.0015078006207956142,-30.516666666666666,-1
10574408,1.852598994801312e-05,2.6730690451597843e-05,0.014177597230946188,0.16056181480157777,0.00013312723323782294,0.6043345889806839,0.002783132396187656,0.2178104754063467,0.00015400727062038437,-24.71379310344828,-1
10574430,0.00013882788963556913,1.452773670309094e-06,0.0011161908408238402,2.814879448265845e-06,8.373640381365199e-06,0.923715615515435,0.004524567532873766,0.030937981880968864,0.03955417504676293,-27.771428571428572,-1
10574439,0.0106850309982297,2.6092243158614886e-06,1.993936601679962e-05,3.494709306594641e-05,3.899624910856405e-06,0.9545860862589451,0.007228519862199322,0.021279735113959558,0.006159232458356767,-27.202272727272724,-1
10574456,0.00015561142539404277,6.145660747787741e-06,0.00031126930331774964,1.7931318293393644e-05,4.2351005647491706e-05,0.7781106824160358,0.061664218052579434,0.15770158040671847,0.0019902104112659823,-27.464999999999996,-1
10576038,2.2630993642120436e-05,1.4141874870763361e-05,0.024973803808850777,1.5433527735982867e-05,0.0015718108446325083,0.8223898540593344,0.037574451201678925,0.09992819801715518,0.013509675672099219,-24.41111111111111,-1
10576770,7.534666703448424e-05,2.1844711218035955e-05,9.763846265572577e-05,0.04014518571875923,5.368435929272387e-05,0.04058190275667014,0.0020364373987081805,0.8862038768464879,0.030784083079173564,-27.336363636363636,-1
10577118,0.000918762357296149,1.0162223831325225e-05,4.815372034116472e-07,6.776459504215026e-07,1.5361301830532895e-06,0.9359961948981873,7.602209127345479e-05,0.06295133449572424,4.482862035062775e-05,-29.212500000000002,-1
10577354,0.00014093943006664245,3.485402547948569e-06,4.119346916254206e-06,9.783506038286617e-07,6.102997923050731e-06,0.8345793617585342,8.842192434594305e-05,0.16495557125540242,0.00022101953365977244,-29.557142857142853,-1
10577622,0.0006640423997966834,1.8632230247057083e-06,2.0457041281452774e-07,5.633539475306041e-06,9.553465125066372e-07,0.9828046001167638,2.0431663221354514e-06,0.016490195838796882,3.046179889508449e-05,-28.88055555555555,-1
10577723,7.130153163329713e-05,2.0399879448366782e-06,7.888298761807421e-06,1.6348224258658675e-06,1.6646268674857017e-05,0.6376111914329456,5.373000464838582e-05,0.36142048028539514,0.0008150873675702806,-27.8,-1
10578130,9.090103166787956e-06,0.023371371404469547,0.03249665802023197,1.4604894349063113e-05,0.00020977008667284427,0.22884987332647228,6.224144877535191e-05,0.7148568349585759,0.0001295557572862541,-20.895000000000003,-1
10578295,0.028175916303007635,2.9275687772439905e-05,0.0016211792727919138,3.0101870482070157e-06,3.2894601205912237e-06,0.09195027874616708,0.0002755119606889109,0.8736272348430486,0.004314303539354661,-27.964444444444442,-1
10579132,0.016734745543022258,9.246826178815979e-06,4.252727697464272e-07,8.062082492555484e-07,2.6980106016715888e-06,0.9390590200608289,6.395452866789023e-05,0.04407129162296863,5.781192671282593e-05,-28.711111111111105,-1
10579372,0.1413354954500149,7.785101450830447e-06,0.00011116320690709891,1.0069271743639497e-06,2.9923899577266376e-06,0.8380361347301692,8.357716900315675e-06,0.020380092229077187,0.00011697224834844797,-28.663265306122447,-1
10579452,0.0006110043615832922,3.941428700888097e-06,7.34581179363327e-05,0.00010524980788659793,2.023916649633715e-05,0.7197125050386368,0.2392325345909137,0.03511205303111235,0.0051290144567337475,-28.152631578947368,-1
10579754,0.0006036387479071948,2.69842381423658e-06,4.504823725632632e-05,7.566760100215303e-06,6.309720967043843e-06,0.8662985376744154,0.05626675788518868,0.0556074042091419,0.021162038341208785,-31.523255813953487,-1
10580098,0.00814740635266066,3.4746638918567794e-07,1.934992872590098e-06,2.4286318215262956e-07,1.2744399416781904e-06,0.9889005571253641,8.374906387670901e-06,0.002857466908610755,8.239494459128437e-05,-28.901075268817205,-1
10580150,5.048332190094538e-05,7.630166918008791e-06,0.00021959025869461987,0.0003934006685293955,1.270609287607477e-05,0.9425535431714953,0.012061553645909471,0.03930456004708173,0.005396532626594292,-28.33018867924528,-1
10580642,5.70200203918734e-05,1.8182753328730228e-06,0.00014730175553943943,0.00010728527097393682,4.01361019268486e-05,0.4233819799736677,0.002886820047280348,0.5708055656888903,0.0025720728659967607,-26.948275862068964,-1
10580740,0.008801715912909154,2.2772840847579823e-06,1.0116345641159743e-05,1.297714366068772e-05,1.2592166814291293e-05,0.4656724923891974,0.03801190118378323,0.4783833377935102,0.009092589780399063,-27.24705882352941,-1
10580745,0.0016368129237890362,3.328049952877639e-06,0.00012821119508254523,7.209593619031587e-06,1.4874004796305395e-05,0.6886328574192777,0.0014846820929804011,0.27256941554155334,0.03552260917894886,-28.12777777777778,-1
10580771,0.0014452759518583922,3.846119046544059e-06,0.0001364003909801929,0.0009214501520797815,4.286277988298071e-06,0.31793086255848596,0.0030641141753372835,0.6512419995634516,0.025251764810771925,-26.983333333333334,-1
10580995,0.03395558172584742,4.0586024749115837e-05,0.00033000467126660974,8.287544261025326e-06,1.0156153724110685e-05,0.5889038683739964,0.00018253350675151054,0.37241546355053967,0.0041535184488641335,-28.02857142857143,-1
10581310,0.017023248942283593,1.0432706765637393e-05,1.4581316146178428e-05,1.5904190175410636e-06,3.5501943910673052e-06,0.956020415886648,3.361489708628925e-06,0.026902360213964315,2.0458831075084093e-05,-26.24705882352941,-1
10581368,9.954757959488607e-07,2.5597303171625268e-05,1.8054077384295349e-06,0.9256100627245522,1.7208942264771155e-05,0.01770660200120427,9.028422263427344e-05,0.05596713253980552,0.0005803113828331328,-19.969230769230766,-1
10582173,7.332921657753628e-06,3.0035956152596568e-05,1.2013372656496109e-05,6.0512209715037056e-05,6.9272553583037e-05,0.9546456605388508,0.00014230226539427968,0.04494831232253702,8.45578594529182e-05,-22.767741935483873,-1
10582418,2.467917091249906e-05,0.037832709787481406,0.03470884520010654,0.0007337043448439358,0.04820026599792874,0.8614380506705007,0.0014345698384409563,0.014956030642075907,0.0006711443477093108,-17.19523809523809,-1
10583009,0.010291077529663368,4.4114633520680023e-07,3.2341065391617314e-06,4.80376767160213e-07,1.0641945642842114e-06,0.9770779365167103,0.00010581554384190969,0.0033065526655404547,0.009213397920038177,-27.77608695652174,-1
10583434,0.007243697106604043,4.6717485700165986e-05,1.8463339118579147e-06,8.017485388478886e-06,3.756637593561864e-06,0.5292506103385949,5.2395836329286155e-05,0.46306804787366634,0.00032491090221132044,-26.917499999999997,-1
10583521,0.005840050485451953,1.7323881333063675e-06,1.2231192487947491e-06,2.071477976064164e-05,8.030074978079138e-06,0.5815333844859775,0.0007164960671407867,0.4108604790421902,0.0010178895571187304,-28.786206896551725,-1
10584210,0.6727241363203282,3.257901954800425e-06,8.284897571021857e-06,1.8424781480975757e-06,1.9880953417713764e-06,0.22271983361251255,0.00013965825264377425,0.05312369061698256,0.05127730782451719,-29.689285714285713,-1
10584222,0.002078367974030146,1.4184050464155933e-06,5.295695844072228e-05,2.932535642026147e-06,5.7752891581349995e-06,0.9197688365752933,7.655797078704199e-05,0.07783774652036674,0.00017540777123540568,-28.578787878787875,-1
10584314,0.1267866359159953,2.8638450103838345e-05,7.12716711406963e-05,8.59936590885865e-06,6.756427324804691e-06,0.339050188358425,8.853552491642255e-05,0.4261783203660136,0.10778105392017152,-30.273333333333333,-1
10584430,0.003858219679638017,1.8424433896734855e-06,1.3909589910411433e-06,3.127151417207079e-06,2.7157307402200696e-06,0.522819591725042,6.346177382932052e-06,0.472734282535643,0.00057248359775601,-26.975,-1
10584519,0.014942080377417486,1.4120707109067709e-05,5.8340560061669574e-06,8.085059406357911e-07,2.6515052387552795e-06,0.9803761341034385,6.942312386082643e-06,0.003975454632443792,0.0006759738000195586,-25.49125,-1
10584820,4.4239750238371984e-05,9.391465029242304e-05,5.2010802994030256e-05,1.6659458448195102e-06,0.0008459757731139762,0.9697149261010957,2.6504717080720956e-05,0.029134394429347427,8.636782999242948e-05,-24.701470588235296,-1
10585136,0.02054717216052678,1.4240642940103185e-05,1.658064172203978e-05,3.342226051570946e-06,1.1673101562880042e-05,0.7350236561084633,2.3777277816030553e-05,0.24368117399479755,0.0006783838461196663,-27.810769230769232,-1
10586849,0.002764135738746167,2.905631732673886e-06,0.00030607096035257364,0.15560208063607892,9.68216438110381e-06,0.7887243429362367,0.00016739332160257153,0.051056519112688256,0.0013668694981809944,-26.904597701149417,-1
10587734,3.379865817129134e-05,5.479461877245078e-06,2.7384979060556614e-05,0.00425065097730082,4.1912243777413764e-05,0.7814886089432276,0.004818175947392717,0.1756602577865014,0.03367373100269098,-27.051041666666674,-1
10587840,2.4325589952689834e-05,1.0839367388235112e-06,3.539706515332625e-07,0.02351214560367576,7.636265143532236e-07,0.03475130938330904,0.9333914885071062,0.008017191151066468,0.00030133823098519306,-27.97714285714286,-1
10588529,0.08034858788301776,6.903110361620234e-06,7.531842338634473e-07,1.9586252095168324e-06,2.5530578186057233e-06,0.8509259068462608,3.8452797249330176e-05,0.06851668191825895,0.00015820257758946294,-31.707843137254905,-1
10588664,0.01378153212133923,2.99719134412032e-06,9.489073987537281e-07,2.4106164070222915e-06,2.144728996337001e-06,0.2560609655817726,0.0005863465997036899,0.729306795283538,0.0002558589695002651,-31.323809523809523,-1
10588792,0.005406544154449031,1.7553282583048118e-06,2.1331921119624323e-06,3.1934858246623974e-06,3.0387692981399136e-06,0.11712893398105899,0.00041738804495130096,0.8745467269760407,0.0024902860680068605,-33.51698113207547,-1
10589349,0.000507988531690936,8.653409502932721e-07,1.0257484537206744e-06,5.048858889892933e-06,1.744181799031758e-06,0.08468362712530866,3.782569691138904e-05,0.9147248371926429,3.703732335317757e-05,-33.141666666666666,-1
10589410,7.387930983167306e-05,5.366120287936511e-06,2.8826825194025153e-06,0.0018161741258698586,1.1493224412830278e-05,0.5383143159495039,0.21880701869079244,0.23916689249412615,0.001801977402655809,-29.877777777777776,-1
10589411,9.619350005950933e-06,5.522212104740539e-07,4.5088575806860956e-07,5.805451870189184e-06,1.3525848254418675e-06,0.09959223377386903,0.11561662260934627,0.7846343868019577,0.00013897632115688772,-31.225806451612904,-1
10589472,1.129454144884883e-05,1.5614825273247517e-07,1.1072432081207227e-06,3.4606637328106956e-06,1.32813361271698e-06,0.03872170601761681,2.5473992121121176e-06,0.9612527600430653,5.639809850659047e-06,-32.03333333333334,-1
10589485,0.00010428023475924177,2.246887724715158e-07,7.679399294031388e-07,2.4042141727839446e-06,2.1247930771714612e-06,0.012141615497660723,0.0001049847428319297,0.9876386636432606,4.934245535632915e-06,-32.785714285714285,-1
10589763,0.03431905010159554,1.7906416441315715e-06,3.2225798274279476e-07,6.088064913207049e-07,7.739143197251796e-07,0.9574067961833311,5.337179992434985e-06,0.007453569188013922,0.0008117517266289463,-30.393684210526313,-1
10590733,0.0001418273139577922,0.0005128218509752064,2.164948404985618e-05,0.011572393086503693,0.004043392751143362,0.7498366777567731,0.05901676331338281,0.15039731716816576,0.024457157275048318,-26.281538461538457,-1
10592587,3.0496642404114236e-05,0.006748085307716506,5.3302241882048576e-05,0.00016350263133842825,0.016112747960175772,0.6515671927207421,0.006602286643877024,0.23133519346290723,0.08738719238895676,-12.037500000000001,-1
10592944,7.497400194467985e-05,8.72483265077607e-06,7.166244478831728e-06,0.03928786655866438,0.0008436584642487983,0.8437458503092661,0.03420377669714665,0.07898975934126487,0.002838223550334987,-28.051282051282058,-1
10595034,5.7367767019977565e-06,3.203942042235374e-06,1.8116431766750287e-05,0.00014119269941009638,0.0002289132212452813,0.9119485613994561,0.00027131683079718307,0.06542581025465953,0.021957148443920937,-22.308333333333334,-1
10596119,0.0002045848452614477,5.356438216725124e-06,2.510945899007838e-05,4.969296072706174e-06,8.653782869489855e-05,0.8280980922485748,0.13970902935053348,0.02702839593194998,0.004837924601705899,-27.146153846153847,-1
10599481,0.06208216327664433,1.1551063041206653e-05,3.348349336783819e-05,1.1599744456787017e-06,2.1116199314376905e-06,0.9193548661326908,4.3351591864216056e-05,0.01833374001487962,0.000137572833134863,-27.164912280701753,-1
10599552,5.465368578642879e-05,4.0156332594912785e-05,3.929835598533798e-05,3.499417583369897e-05,2.0633683692365197e-05,0.61914071301844,0.0010445714414714078,0.37116731282364857,0.008457666482547322,-26.35,-1
10599609,0.0022903553243240563,1.4114991896871268e-06,1.507544838338866e-05,4.790970050372633e-06,2.3601694988828497e-06,0.04843619990395675,0.12024793260025794,0.8285218570571284,0.0004800170272103997,-32.56666666666666,-1
10599643,0.000942044129176503,7.607475972821629e-07,8.762887533159927e-06,1.152995221655206e-06,3.0658119001604894e-06,0.9050279931338736,7.433036566059743e-06,0.09394487927657923,6.390798155222063e-05,-28.519047619047612,-1
10599718,4.211798877096046e-05,8.367588391450012e-06,1.4972185989601605e-05,1.733026095822813e-05,1.680251082939693e-05,0.811656514921274,0.02354559380880072,0.16451565092984397,0.0001826498051418687,-26.30625,-1
10599755,0.0012987353041255634,3.318968529288151e-06,1.6130539901055212e-05,5.133810152495819e-06,4.92858213393929e-06,0.6452970396822272,2.103320173454636e-05,0.35239573060743107,0.0009579493037647763,-29.73793103448276,-1
10599776,0.0009915272032790872,1.0104720456834792e-06,4.260290005200395e-06,5.188609751083585e-06,2.3614154399779137e-06,0.8307843026790594,6.124916795007652e-05,0.11869555511449292,0.04945454504797646,-27.878048780487806,-1
10599823,0.0004340414917430092,2.3653874545918984e-06,1.014944596792122e-05,5.903159277097495e-06,5.56829177339877e-06,0.9025064369184956,1.5057189307422726e-05,0.09620780803281723,0.0008126700831636634,-26.669014084507044,-1
10599926,0.010043328301123196,3.082297979508929e-05,1.9271274984307893e-06,2.9185393713061917e-06,5.660274080950229e-06,0.9198966965399162,0.0006735036609045928,0.0688089789753185,0.000536163601991627,-26.126923076923074,-1
10600363,0.0010246466131355555,1.958845910759261e-06,0.006434878624413989,5.3017948056996946e-05,5.548524962634843e-06,0.8346072639984771,0.00021738916250699982,0.15232352149232495,0.005331774790211139,-27.48823529411765,-1
10600655,1.579259045523095e-05,0.00047615902352322604,0.017987017284697874,0.00012048756310504609,0.0001833514360792987,0.2562719963899588,8.326949653975287e-05,0.7236361208658053,0.0012258053498354292,-23.276470588235295,-1
10600700,0.03497624117583058,1.041230460849807e-05,1.5528530685759268e-05,7.867234010368137e-06,1.6049321880858565e-06,0.09515985504360512,6.154627422296151e-05,0.8681036120310737,0.0016633324737748614,-27.130434782608692,-1
10600716,0.0015221247369739076,5.8977211930306605e-06,0.0005026436350145973,5.785905900949346e-05,1.0571479190496524e-05,0.5707240668140126,0.005611852987188358,0.41638197884472483,0.005183004722692693,-27.57333333333333,-1
10600717,0.005032330076491618,7.047464419655241e-05,7.780634714489071e-05,8.869699889936904e-05,3.834008579216551e-06,0.0609633335177715,0.024287248973134605,0.7784958565662293,0.1309804188675529,-30.440000000000005,-1
10600746,0.017199393131229868,4.721296772604745e-06,1.3876276082661486e-06,2.4809242450852213e-06,1.6144637242223784e-06,0.047758737355504226,9.642660359297184e-05,0.9324507503749176,0.002484488222405241,-30.1,-1
10602334,0.01995986711508533,1.4921493684141425e-05,2.226219844567182e-06,1.6744286899520777e-05,2.6415673520948944e-06,0.08663159558574839,0.0008691611230749261,0.8919863113036655,0.000516531304645453,-29.40377358490566,-1
10602555,0.0005000080516009783,8.323851769851828e-07,3.068633023456311e-06,5.2493280331217485e-06,2.205653489200948e-06,0.7481572548451952,0.00021754694299433848,0.250853629436322,0.0002602047241646803,-28.518181818181823,-1
10602707,0.0003158280893858262,9.193821239167519e-07,1.2079701251798612e-06,1.706968745630921e-06,2.910528601869022e-06,0.9571265688882432,4.642390618378066e-05,0.04241985855075817,8.457571583232343e-05,-30.5125,-1
10602774,0.08033830796153352,4.630121384530489e-06,8.339912408298118e-06,2.185083273084104e-06,3.34512527104951e-06,0.887318595737795,3.61282442126333e-05,0.03203291113311996,0.0002555566810017322,-27.209302325581394,-1
10602968,0.001446504414414938,6.599025579734975e-07,2.469323038719298e-06,5.959666849328898e-07,1.3497227047153515e-06,0.9503447863391521,1.1840763752106784e-05,0.048138682049282545,5.3111518411972496e-05,-28.546296296296298,-1
10603667,0.00022828573698966268,9.055500139814018e-06,6.3835205589522245e-06,9.14460409517191e-06,1.1381806309751995e-05,0.49896420874538105,2.9646109854826638e-05,0.49991375450100295,0.0008281394756679682,-26.119672131147535,-1
10603790,2.88693377621451e-05,4.071015173471467e-06,2.9167170712092954e-05,0.14226545182967137,0.002009924431828931,0.5851963348325558,0.005169915056815799,0.25359397959361407,0.011702286731866265,-22.79,-1
10603793,4.2590266963259865e-05,1.0734785535882602e-05,0.0006667081022569538,2.9480781295979216e-05,0.0003421611953209264,0.38341288538008494,0.0010548638399495412,0.6136851134803832,0.0007554621682093705,-24.0,-1
10603811,1.8349743794506204e-05,6.960759074392897e-06,0.010981027732642114,8.816151685115706e-05,2.352012429955189e-05,0.38308648857738936,0.0002966094015600454,0.5938726223718588,0.011626259772530078,-24.61111111111111,-1
10603826,4.1151067367717985e-05,0.0014400920191177506,0.0006648286242003482,2.9851178500469278e-05,7.092142778661025e-06,0.27195174175669434,0.00014790697970634055,0.7252123279886671,0.000505008242967271,-21.63,-1
10603843,6.0373266890048865e-05,4.442488354856311e-06,0.00025462807004230633,2.932281012271401e-05,0.0001492291078937703,0.9158512030862411,0.000744362537099821,0.04713687621814293,0.03576956241521238,-24.230769230769234,-1
10603847,0.01653167116815739,1.1131829677913677e-05,0.0005173712058791338,5.050873939034322e-05,1.094114710667264e-05,0.23166144292870539,0.00431004473585551,0.737802694882486,0.009104193362741674,-27.35333333333334,-1
10603856,4.4578853471139836e-05,0.00027530709743849296,0.00017080402555083062,0.00424706727445837,0.0032448686076663215,0.44928950531451284,0.03198596986332151,0.5042394062563422,0.006502492707238299,-21.6,-1
10603858,9.7081044466478e-05,0.000584259837102621,0.06656757327518509,6.471604238971651e-06,1.4058380659792475e-05,0.9115767342417943,0.00010061513573113001,0.017953993951054882,0.0030992125297666533,-24.007142857142863,-1
10604136,0.000489261144331545,1.2936149457767884e-05,8.492925344081493e-06,5.927383602844371e-06,1.5796359459619157e-05,0.6902110610005388,7.442153327363555e-05,0.3083290564731832,0.0008530470308086915,-26.76388888888889,-1
10604299,0.0002129084682134834,5.956129687695485e-06,1.5842540088230952e-06,6.515708191413381e-07,3.6310252908472507e-06,0.8858449004493576,2.5173520737286964e-05,0.11377268815683243,0.00013250642505266034,-29.474226804123717,-1
10604888,3.542373066016781e-05,0.00039841501857046927,3.382887244897928e-05,5.7821736037508754e-05,0.0004833075085980282,0.8246791696072856,0.00011742433734399141,0.17399207421300777,0.0002025349760473652,-21.671428571428574,-1
10605284,0.07931393568604325,4.85668781859033e-06,2.0687075303863946e-06,1.456296086697698e-06,1.4933606407573045e-06,0.8860507146553627,9.336728386870434e-05,0.03425067929658064,0.00028142802606834607,-30.829508196721317,-1
10607892,0.005118088207447856,6.865589871872079e-06,9.333014800379083e-06,1.2966783964616019e-05,1.5000983295008375e-06,0.002320420055036249,0.002834313244742527,0.9737748771859692,0.015921635819837722,-33.42,-1
10608352,0.07907292006872972,0.00016830106198995187,0.0007177058837093029,2.2620013505554836e-05,5.2342091565141e-06,0.4928267477315444,0.0002341856544738049,0.4249124604646732,0.0020398249122175506,-27.73174603174603,-1
10610526,5.841461073250603e-06,3.843636662529141e-06,0.0009086141560515702,0.3826429433526207,3.1051483553998734e-05,0.44056307567749686,0.008704942229607385,0.1585589095052112,0.008580778497722496,-23.794117647058822,-1
10610534,9.507739960559156e-06,0.5407580613626028,0.002147188804564925,0.00017705228669724472,0.0010258673937507499,0.17322387136350598,0.0015099221600111284,0.2806384194682299,0.0005101094206766104,-15.512500000000001,-1
10610659,4.2361843223226964e-05,4.801264891636755e-05,0.0003764435794717282,7.409246848799323e-05,0.003853874504869357,0.48777104982722524,0.00017779469351007912,0.5030071203130213,0.004649250121274745,-24.65972222222222,-1
10611077,0.0001522498092096218,3.5037738836997966e-06,1.5308297379247383e-05,3.6874401010589155e-06,7.490834814575117e-05,0.7989965290507869,0.00017536289780323432,0.2003277684262812,0.00025068195640932944,-26.050793650793647,-1
10611150,0.0008474521663044132,3.994135277549294e-07,1.576330773647818e-07,3.623124788742617e-07,4.7615763867052055e-07,0.9981135156093078,1.183861235557575e-06,0.0010253882032821512,1.106464314718138e-05,-28.846052631578956,-1
10612960,0.0001607834028515487,0.0008075620347165549,0.0010286176486413606,0.020163721900363002,0.24676899355696405,0.5808033912189401,0.0649171655593264,0.07741607856440876,0.007933686113788302,-28.1775,-1
10613432,1.3016194819085748e-05,0.0012333706309352232,0.00020754237051766596,0.16754427107525796,0.009078585999017483,0.0684395544351479,0.4838060528664651,0.08509709499389717,0.18458051143394238,-23.188750000000002,-1
10615359,0.0004682005876998116,1.6113730420512502e-05,2.7943379644982704e-05,0.0002454134704260011,3.2709703950480876e-05,0.2879719117767788,0.00044356450864570257,0.6678895076442453,0.042904635198188525,-27.185714285714283,-1
10616063,2.1428447988609664e-05,3.3966701815495856e-06,0.0006451772899180588,0.00016975442907700997,0.0024546363234342864,0.6647148273832535,0.003078088845972921,0.32730515549751665,0.0016075351126573303,-24.157812500000002,-1
10616067,2.5000810619926565e-05,8.167814757403114e-06,0.00010807381489944142,6.458557357911777e-05,0.0002186985972417278,0.9138288647609958,0.002339501454360154,0.08104614078369805,0.002360966389848297,-24.195238095238096,-1
10616344,0.00027157569640251267,3.2880167499103866e-06,1.884073729193608e-06,0.0003015391551821499,9.743872153490571e-06,0.9260564641153891,0.03474003441068774,0.03751252604709253,0.0011029446126135083,-30.81363636363636,-1
10616646,4.761311139205565e-05,4.7749352508721165e-06,5.748019436105772e-05,0.06569576215819722,4.38393456658254e-05,0.14142796131337865,0.005864072612900053,0.786763568285275,9.492804357922693e-05,-27.126086956521743,-1
10617233,0.005499854470298889,8.906902746909684e-07,2.3720553093058324e-06,1.1178815705895207e-06,1.498852573500437e-06,0.9337825771670664,6.212354793951955e-05,0.02342460918900305,0.03722495614596421,-30.104545454545455,-1
10625331,8.873475102091503e-05,3.528546954618289e-06,0.05998447761736414,0.006218432780546996,2.8813738754723387e-05,0.5933268990675293,0.0004020114975839272,0.3369656295274023,0.00298147247284308,-25.05287356321839,-1
10625616,0.07182568191764417,4.268718717423333e-05,6.791774460303417e-05,1.0497701677322694e-05,4.55890786827729e-06,0.29736286816245017,0.0006283383338031148,0.6287470280279602,0.0013104220168195263,-28.566666666666666,-1
10625848,0.004222207490504516,3.0557408807800503e-06,5.132396696979288e-06,1.3859943834956651e-05,1.1388573383057097e-05,0.4161109753830578,0.001177037393839627,0.5677207511339575,0.010735591943844776,-28.332142857142856,-1
10629182,0.00021883180240561104,0.00014236958492527807,0.0005093021502541408,0.0038457705698679186,0.00020440567752329154,0.030849786552521564,0.031213999384036007,0.9302820650303982,0.0027334692480679304,-31.54782608695652,-1
10629593,0.01913640810171994,2.6428056499008466e-05,9.835186074402762e-05,7.579529168397981e-05,5.59876084992997e-06,0.19914436091354895,0.017746274844728918,0.7571068795896602,0.006659902580565165,-28.36363636363637,-1
10631640,0.0003580261621466659,2.374107305635149e-06,5.7026253117034445e-05,1.5209031268349148e-05,3.011272435558264e-06,0.612808673183102,0.0005769278796104665,0.3828431761984293,0.003335575912585097,-31.275,-1
10631716,3.548300794325577e-05,4.585753373969678e-05,3.983617515506002e-06,0.00012732574763458973,0.0018996265028086421,0.5541293460288413,0.051521111046920934,0.01294285156731798,0.379294414947278,-31.176470588235293,-1
10631762,0.00045207211989604375,2.685749437417236e-05,0.0008818596914500947,0.0026376652639527516,0.0020257912272649134,0.5967675759972748,0.30699521790359,0.025569254092116588,0.06464370621008067,-30.419512195121946,-1
10631811,1.9600576781052155e-05,6.863245187473835e-07,9.645602601077933e-07,2.8910468727153e-06,8.353213296117484e-07,0.04206504755537681,0.41444996713521143,0.5430525699563804,0.0004074375232692157,-31.70909090909091,-1
10631837,0.0002708442950648906,2.7486420445377303e-05,0.00050169656554481,0.0011860728063940004,0.00022154472233454036,0.8083771634491296,0.03379986833710842,0.15425416044833146,0.001361162955646874,-29.89666666666666,-1
10631847,0.00046562646139937657,5.1404560498041315e-05,3.0111063777970583e-05,2.143766712391809e-05,2.8921278191627706e-05,0.40316577238687756,0.004552140887516902,0.5853068606865157,0.006377725008098978,-33.15714285714286,-1
10631868,4.334901969396912e-05,0.00010255918116968165,1.1731476047425334e-05,0.00026436546161955695,0.0006496131345642496,0.7237585254476303,0.05725852116558594,0.10092187891772564,0.11698945619596315,-31.02647058823529,-1
10633681,5.211291371395799e-05,0.00022568954837896347,0.0023378978097369192,1.6519131834433803e-06,1.7580486968357726e-05,0.09408198363536954,0.00014894267767362373,0.9028573741761635,0.00027676683881170663,-26.636842105263156,-1
10634284,0.0011438111656882728,1.9991249813870783e-06,6.3561057508958745e-06,1.4376140423969323e-05,3.893786655855904e-06,0.8958954208466672,0.00029771475596038384,0.07575194977640622,0.026884478297465774,-29.721505376344084,-1
10634751,0.0003562959980760504,4.706065741079503e-06,0.00015077007495309567,0.0003550663880297425,4.2181115721363374e-05,0.28086349070308503,0.01180027858278446,0.7062525799695771,0.0001746311020322399,-32.955,-1
10634784,0.0002245558312921191,7.390671553872011e-06,2.9672201313871318e-05,3.1235933810620357e-05,2.4527707565643945e-05,0.8949847492245665,0.001870731215434241,0.09961108136005833,0.003216055854404864,-31.706249999999997,-1
14964636,0.7493051290799103,4.623912027071826e-06,7.204705853149299e-06,5.908252552630092e-07,1.1133208888615917e-06,0.19410014408052628,1.3966259498196878e-05,0.05655640131641646,1.0826499624247733e-05,-32.455555555555556,-1
14965242,2.298559418700359e-05,6.032925458917937e-05,0.0007311751388220563,4.996579801282202e-06,0.0018935806628589762,0.9828388589337509,0.00011988261230329845,0.009839205738727323,0.0044889854849598345,-21.39358974358974,-1
14965666,0.00029306692510771345,1.5976477681789774e-06,1.1430148194219323e-06,1.1955218105310278e-06,3.7844175986658596e-06,0.9216282147099799,1.606284228387462e-05,0.07742911966701765,0.000625815253613995,-27.980952380952377,-1
14972026,8.180797524083097e-05,1.3634696701334694e-05,6.90128977420324e-05,6.839877854265705e-06,3.7708950101316582e-06,0.20463016307013504,0.002263803242889737,0.7888142082269374,0.00411675911748918,-33.82142857142858,-1
14972090,7.440589746573601e-05,6.884257123874289e-06,3.7806658810599474e-06,2.932770894591684e-06,1.7471153442753403e-06,0.03163704189723536,0.014684544168259503,0.9521729422525345,0.0014157209752610996,-33.06551724137931,-1
14974044,0.0002401053298358256,1.715677107236118e-06,1.043599399701583e-06,3.3421299082107988e-06,2.5882919912821006e-06,0.7741380496009945,0.00016415728127571014,0.22468738398554314,0.000761614103944397,-29.466666666666665,-1
14974586,0.000687025631337998,8.418794502112746e-06,3.2679116421828013e-06,0.000240091254045587,2.4227477522277366e-05,0.7642824029178097,3.6720578048755564e-05,0.2320735095694891,0.0026443358656022048,-30.900000000000006,-1
14975479,0.10153383909055362,7.941363231847965e-06,7.252399575692277e-06,2.5121769342258823e-06,6.456589007934332e-06,0.2486747274803268,4.407137244084768e-05,0.6496510215126039,7.217801532504517e-05,-32.87551020408163,-1
14976063,0.002051910459753597,2.625910404074387e-06,2.431828903277307e-05,5.261432280057098e-06,5.6899374638109786e-06,0.5984812077672595,0.0005689852688480388,0.39728269059244603,0.001577310342512175,-31.5375,-1
14976076,0.002149827040432308,2.0985780879405042e-06,6.269758038684428e-06,7.266148103917993e-06,2.8050119865309583e-06,0.2125452134232657,7.854068525763407e-05,0.7850493779375538,0.000158601417273494,-32.96363636363636,-1
14976116,0.00012745342118659716,2.779176104524871e-06,5.4113209450695755e-05,0.08682674959732915,1.8508999679507414e-05,0.16982099180478072,0.005985754536165837,0.7356586231652787,0.0015050260900242476,-27.345454545454547,-1
14976137,5.397373918381901e-07,5.5125749810071086e-08,5.72158605552572e-07,4.3811675081651375e-06,1.590855969039369e-07,0.0006814232363078214,9.175748559007997e-06,0.9992924909481753,1.1202792105606711e-05,-33.0375,-1
14976834,1.5048470677638464e-07,1.6288323882028751e-06,0.008457712173505381,0.002409747903091514,1.173489804095529e-05,0.001833928189719716,0.9859979071646425,0.0011757341165542137,0.00011145623735079411,-23.41111111111111,-1
14978764,0.011297069032618854,6.655667205966515e-05,2.3985826834894346e-05,6.901532345766644e-06,1.2175342756756903e-05,0.4814933196696206,4.757197730722773e-05,0.506887425268931,0.00016499467752526816,-33.22564102564103,-1
14981625,0.00010150380361194982,3.528502659116098e-06,3.188092957656574e-06,5.1172587786984645e-06,3.511703411993403e-06,0.8948988587624191,0.0005281840206157584,0.10302756833447695,0.0014285395210688035,-27.187096774193552,-1
14981687,0.0005242316650695282,1.959896383246912e-06,1.6363495526890296e-06,2.8050599123341473e-07,4.698284128418971e-06,0.9937569716403711,4.362174102731294e-05,0.005292024336651926,0.000374575580824459,-29.09011627906977,-1
14981722,0.0006535095620592209,6.1159479323686635e-06,7.363429327207093e-06,0.0001556054503364874,4.310081903310791e-06,0.5392513059413178,0.00027208180706947215,0.4583947357426267,0.0012549720374273965,-31.775,-1
14984061,3.938255141149305e-05,0.0003165949127443705,0.00018397698069706888,0.1503088781981169,2.0064238641160293e-05,0.06656239920337577,0.0007400173707298558,0.6753960649226209,0.10643262162166237,-25.74,-1
14984105,0.0006180559771302556,7.032659987203839e-07,6.218698339845162e-06,4.497373270271313e-07,6.108316338084215e-07,0.9987562979269409,5.543399701153783e-06,0.0005593518457125373,5.2768317215794844e-05,-27.73606557377049,-1
14985917,0.00046990273915424434,3.341644291191433e-06,6.60880295831502e-05,0.04506447643164564,7.153871974825224e-06,0.09362489866999713,0.0457785274357845,0.6470634049069809,0.16792220627058843,-29.4625,-1
14985959,0.004971038502506378,5.974209665948172e-06,5.5649364931409e-06,0.00074718209603836,6.294612632891073e-06,0.338404879096019,4.652564162660075e-05,0.5845636480383669,0.07124889286665069,-31.02,-1
14986272,0.009727856610197332,0.00012032430319750891,0.000122943689878243,5.14339470124198e-05,2.1041428006641465e-05,0.1457781427030709,4.808397428142211e-05,0.8157994049172725,0.028330768427083163,-26.380769230769236,-1
14986784,0.0010475777484966263,4.999375640218944e-06,0.0001119959266506733,0.001062016909458036,3.2485475069094835e-06,0.029068239950588614,0.006234749008723805,0.9030012843410568,0.059465888191878445,-30.253333333333334,-1
14988721,2.142657920583403e-06,0.8271740903940294,9.835447593627823e-06,1.8024407756054266e-06,3.270502976864771e-05,0.010704521434613127,1.96872967306694e-05,0.16204344781444474,1.1767484123535627e-05,-6.058064516129033,-1
14988743,0.00013302738760027013,0.008422949641818292,0.2624998864365763,7.465366310257905e-06,0.030022229230533177,0.695020798270849,4.490704917245893e-05,0.0037730334037374426,7.570321340298053e-05,-18.37142857142857,-1
14988773,0.00015507706511837938,0.8523526235398844,0.000647491232042788,7.681249080850846e-06,0.10938806645989725,0.02980976616912121,0.00016013138400077014,0.006732024785783426,0.0007471381150708228,-11.01666666666667,-1
14991846,7.378720352413715e-05,0.0002302859664514032,0.0010108815005523144,0.22041599046589405,0.0009473369144910564,0.40152196678888064,0.0972093944068399,0.22197756730856238,0.056612789444804135,-23.60810810810811,-1
14993381,0.00012938581047191976,4.4449516425665836e-05,5.284555468032367e-06,0.00016031194937673795,4.430577202515497e-06,0.9597303742544699,0.0006551130155114627,0.03296410238451734,0.006306547936556277,-28.980645161290326,-1
14993467,3.285966495960602e-05,6.36367990458067e-06,2.9048874472995687e-06,2.7875304013732362e-06,1.529203567034116e-06,0.022916945028096325,0.0014026037060281193,0.974262033764405,0.0013719725351906567,-33.06956521739131,-1
14993499,4.957295434041999e-05,1.107528594088216e-05,1.9681244866886216e-06,1.2646552801595497e-05,2.5722833436553847e-06,0.12266713585113513,0.55687378556508,0.3176460858036168,0.0027351575792548804,-32.188235294117646,-1
14993756,0.00027664662435777855,1.5593372844786784e-05,4.2045593045073513e-05,5.337175528280103e-05,5.715885971834047e-05,0.8558901392220871,0.0018562263043534009,0.1359023731549741,0.005906445113336585,-30.801204819277107,-1
14993805,6.994186106340135e-08,0.9992952776079683,8.106713793694158e-06,2.153789624508025e-08,0.0006126593880624771,2.6140945591336376e-05,1.8480210983065927e-06,2.832722331469488e-05,2.7548620414209462e-05,-8.661904761904761,-1
14993862,0.00014562711273439293,2.083084093431431e-06,1.3586288661046224e-06,4.729357199348715e-07,2.662684236614541e-06,0.9836628527033632,4.2199556109490685e-05,0.009655801693180782,0.006486941601696069,-30.513829787234044,-1
14993915,1.9142909168145854e-06,1.6425235052976865e-06,0.017581501029005582,7.154421633893465e-07,3.959260138474312e-06,0.27660951688939905,0.6415511388337892,0.06342144706217677,0.0008281646689053668,-25.50909090909091,-1
14994055,0.001395778275205549,6.729885507593965e-05,2.5908231064618326e-05,6.56391149747662e-06,6.655603715766494e-06,0.6434789541750698,4.096418766368121e-05,0.340954067958315,0.014023808802392023,-29.320689655172412,-1
14994074,9.394738402242161e-05,1.110730179890502e-05,0.006035737381014028,1.082147112861277e-05,0.00039637069662088934,0.7558553215232899,0.21524446341847048,0.017694679335045666,0.004657551488609048,-25.119999999999994,-1
14994471,3.7045572490578078e-06,1.2804560895022445e-06,0.0628479922508011,7.0446269757481406e-06,0.00011688236745930345,0.20127037153603372,0.7218210027483434,0.0027064465000368977,0.011225274957011356,-24.69322033898305,-1
14994472,8.464796435118428e-06,4.367328870266735e-06,9.291268593227161e-07,1.3203241436097145e-05,3.1434958411188918e-06,0.832965452290604,0.024746590549054558,0.1420970433099244,0.0001608058609750378,-27.03064516129032,-1
14997775,0.5265906161038223,0.00016305326294931556,0.0008789186290195263,5.079253757393248e-06,6.79641040507533e-06,0.0865361006449376,0.0008644867100263751,0.377300099286936,0.0076548496981464886,-29.833333333333332,-1
14999004,0.08257514751850008,6.622100855526127e-06,1.9415221257625605e-06,1.6947130905904805e-06,1.0410876558670787e-05,0.9062919829303603,8.224669879504277e-06,0.010272008117459411,0.0008319675511703244,-27.112499999999997,-1
15001560,0.001626853186199332,7.870971670831945e-07,2.0336078244238408e-06,1.4351236427556984e-05,2.297822471496379e-06,0.9624338926055536,0.0005194982198159604,0.03504899496332537,0.00035129126121515513,-28.67719298245614,-1
15001613,1.9451879426318155e-05,1.0410955007924846e-05,2.445691347584441e-05,0.1451948509126014,0.00023969937310220816,0.49467194996375463,0.1387599707263965,0.21927305393199767,0.0018061553442374396,-26.03529411764706,-1
15001738,1.0526886150139708e-05,1.4519477771383636e-05,4.0117609267095755e-05,0.07114105625132978,4.7139666092295684e-05,0.2148727739960386,0.000878190091398284,0.709756331085681,0.0032393449362714405,-25.625806451612906,-1
15004811,1.956711194824888e-05,3.816243801668978e-07,0.00010561743666200624,8.040969340390483e-07,0.0006646203590898751,0.9953457884903433,4.32020308061611e-05,0.003732403836045079,8.761501379120362e-05,-25.410526315789472,-1
15008061,0.03338016795263654,1.9302188088400926e-05,2.8687428010399995e-05,4.755530158909915e-07,1.5215897558552451e-06,0.9642943889297481,7.52879779894548e-06,0.0019039518068921918,0.00036397575405385326,-30.892105263157898,-1
15008213,0.003125698060210938,4.4841583858073015e-06,7.561413443472454e-06,9.904805511926212e-07,1.7557900613542343e-06,0.8743186509324952,1.1590095673947237e-05,0.1220543149384747,0.00047495413070343574,-33.0875,-1
15008611,0.0013882999743532539,5.574098542225236e-07,0.00015214863448926224,4.905624099945178e-07,9.2302251070703e-07,0.12592247013010324,1.4325364725179367e-05,0.8724789018827082,4.188301884599503e-05,-33.85454545454545,-1
15019961,0.06474335361716234,1.2124322833771939e-05,0.00416884941022932,0.0005131735014355921,1.2001306310985937e-05,0.2601921057007042,8.542896075485937e-05,0.47407313245606436,0.19619983072450448,-27.87777777777778,-1
15020343,0.0018992857484714763,1.08398543344431e-05,4.219736063624471e-06,8.184302622066103e-06,9.349948781689773e-06,0.7428799462130407,0.0018837503227999337,0.19837465876452978,0.05492976510935634,-29.76585365853658,-1
15020355,0.0002873081259913976,2.5628025246929425e-06,7.861027978376624e-06,5.16100633734437e-06,1.634683433783666e-06,0.490476413670826,0.00021010094658428235,0.5087034144349961,0.0003055433013280233,-29.199999999999996,-1
15020443,0.0001033060290776861,4.7787054166105806e-05,0.00013953418489311332,0.0003586518454751956,0.00023016765778548567,0.47978997377440713,0.0001585705464362533,0.4304092601323394,0.0887627487754197,-25.771794871794874,-1
15020475,0.006826187780602221,2.2010332029378295e-06,7.545728279814381e-06,4.619373386630999e-06,4.435894642425249e-06,0.4518155716013733,0.0006488592260159036,0.5387030109639465,0.001987568398550254,-30.03076923076923,-1
15020478,3.83556844575709e-05,1.351511770722405e-06,3.945898551378769e-05,0.00034700115581157804,1.0649926430915171e-05,0.1491847715644222,0.0008134207614446321,0.8493731079406356,0.00019188246951293953,-32.02142857142857,-1
15020616,0.00036168770773779813,9.75846923731313e-06,0.0005839047257899238,9.1101949541227e-05,6.234073034067172e-06,0.4057733623599626,0.0025273818516190058,0.35794003535214874,0.23270653351092924,-29.7625,-1
15020628,0.07460132991413634,1.1636333605362905e-05,1.4526643758345806e-05,4.130939862706113e-06,5.782497532502536e-06,0.06511764503811342,0.0042231461438745534,0.7641614307961618,0.09186037169295497,-29.711764705882352,-1
15020872,0.008621529819744806,1.950504921853415e-06,1.2167233713044445e-05,5.265704809422156e-06,3.2000007248729936e-06,0.8569539353407348,0.0007400663225396413,0.12355654496244517,0.010105340110366352,-30.3,-1
15021128,0.030729572192765998,2.904874339197781e-05,8.257289875620675e-06,7.890397254838687e-06,3.930101544178536e-06,0.0942774225775517,0.0039380406711887325,0.8515587346985999,0.019447103327827214,-29.951428571428576,-1
15021160,0.0003790918208288796,3.7085000987484596e-07,2.96974797784018e-06,7.910614148864507e-07,8.831284653194207e-07,0.01903827804242249,0.00026636145635202687,0.9801837512460917,0.0001275026464369066,-32.04772727272728,-1
15021257,0.004944231507244623,4.8274288535677985e-06,1.0157569383240817e-06,4.616079169783686e-06,9.644153313368604e-07,0.05659360324142322,6.198930129061792e-05,0.9383108601162963,7.78921534522116e-05,-32.621428571428574,-1
15021684,0.0006230773913583045,7.21709548500304e-07,2.6520986617320286e-05,7.364182665275454e-07,1.3082427760076006e-06,0.8982332894749725,0.00035439924878225286,0.10046559120719545,0.00029435532048313775,-31.672727272727272,-1
15021692,0.00040875379865547404,6.494090133667461e-06,2.6640485550974468e-06,3.770265646773341e-06,2.6324524245149804e-06,0.5264404826879692,0.00018045107612894802,0.4682653719801778,0.004689379600308493,-31.790769230769232,-1
15021701,3.70397016722443e-05,1.5123093522159688e-07,2.5287948105780905e-06,1.4277778919623936e-06,1.3410406900874324e-06,0.022487849251709054,8.373250992500705e-06,0.9774250660653049,3.622288599348798e-05,-33.84117647058823,-1
15021774,5.716115515030175e-05,2.9568809452936505e-06,1.081403161326951e-05,0.0012045149448186674,1.1039673392372939e-05,0.8436225795884786,0.00014386045737565148,0.10961119554914558,0.0453358777190803,-30.91764705882353,-1
15021895,0.05465583850774243,8.718039779888148e-06,2.2454181854942267e-05,7.067522400192258e-06,7.88366861388066e-06,0.4926107331717945,0.00011224155520280106,0.45102005857673155,0.00155500477587988,-29.034999999999997,-1
15022136,7.159765331392882e-05,4.401722576635155e-06,7.993380745897636e-06,0.0001142401038196249,3.417639328199901e-05,0.23841419292777086,0.6553522238371088,0.10581771955442061,0.0001834544269617772,-27.72592592592593,-1
15022196,0.0001683452528382229,1.153609026965505e-06,1.0481228404040593e-06,1.409025804878396e-05,2.7672891012952417e-06,0.4189988085720143,3.470192214908806e-05,0.5773807934307156,0.0033982915432654312,-31.434108527131784,-1
15022379,0.0023658014548330842,2.515815133122323e-06,1.4932356908986449e-05,4.477721454338423e-07,3.9810327048623286e-07,0.9971979164684655,1.479675974374088e-06,0.00039537676174258954,2.113159152641306e-05,-29.25,-1
15022812,0.005148520039192735,5.732463270552253e-06,7.06931511620721e-06,8.385891370395276e-07,1.079726952089124e-06,0.9433667275459371,0.00018935357869742574,0.05109870395535493,0.0001819747863419703,-32.14705882352941,-1
15023358,0.009785981981365249,1.9675574295418415e-06,1.1046713769408584e-05,2.4990797282398184e-06,4.032610706521695e-06,0.42438515384452613,7.171745529604516e-05,0.5653327027843278,0.00040489797285101425,-32.37647058823529,-1
15025120,0.01980161409143926,2.4771243231589008e-05,3.4821961737373425e-06,2.6937829892667645e-06,1.2155981518382467e-06,0.00496903639555357,0.004856940597377983,0.9700095911074538,0.0003306549876290831,-31.49333333333333,-1
15026359,0.0012429886228133588,0.014296206665493177,0.14926916370843965,6.82624165750283e-06,1.2702858880725797e-05,0.4710282255312096,0.0023689187948111724,0.3608448668053055,0.0009301007713892913,-25.523076923076925,-1
15026505,0.001922177777421312,1.4253013571317023e-06,1.6673465243932248e-05,9.095051398090208e-06,4.254636854757246e-06,0.8050922883900304,0.00014011158766921494,0.18725297546443453,0.005560998325590653,-27.963888888888892,-1
15027149,0.002747267763829651,1.1484302192597877e-06,5.601138874427404e-06,8.55528852966475e-07,1.9375875839447118e-06,0.8314402003234216,0.008356880382305112,0.15720421384386488,0.00024189500104825667,-31.599999999999998,-1
15027656,0.001352689999666051,1.568777371867755e-06,1.952017452776332e-06,1.3011014817456561e-06,1.7775410708718858e-06,0.6256002462937681,3.389823649988109e-05,0.37281836126747814,0.0001882047652104491,-32.7,-1
15029423,0.0024453297749564167,9.735100197436122e-07,5.45027601041468e-06,1.6095410374091707e-05,2.254339129379816e-06,0.07016646947315905,0.0032484218286437994,0.9240122842076104,0.00010272118009677881,-32.351282051282055,-1
15030927,0.2384195205461455,3.943650221658694e-05,0.0005935933272064263,2.4246174034092344e-06,5.118609082165001e-05,0.6830452591540833,4.3898595354337504e-05,0.0009862446470347633,0.07681843651973402,-29.02352941176471,-1
15030980,0.0005538365254490162,0.00013595786672531714,6.986158994410776e-07,3.5416646669077824e-06,4.080573342544725e-06,0.9787585200637,6.808997849780937e-05,0.014305009558781381,0.00617026515293766,-28.644927536231886,-1
15031320,9.835616364369586e-05,2.7129919900761017e-06,6.467990374984566e-06,7.928935692945688e-05,1.2656710613876814e-05,0.9438821179838215,1.8458728041134823e-05,0.03833623031639523,0.01756370975819009,-30.304424778761064,-1
15031685,0.022982260265538384,1.550976532721344e-06,1.0023588073251937e-05,7.908965040572051e-05,4.010854695973531e-06,0.898802929331232,0.0003208355801478252,0.07732511562068026,0.00047418413269380765,-28.703703703703702,-1
15032898,1.719609498874641e-05,0.7069442410468602,0.0006929111039229217,0.1344525274507185,0.007336879171376452,0.017712448891959675,0.003078483602167352,0.12608814540767738,0.003677167230328795,-15.582352941176469,-1
15032900,0.0001269685065162545,0.08270690028018293,6.381150749943423e-06,0.00024635722277085667,0.013230342711882925,0.419155298622396,0.03005006974654432,0.25426223742193343,0.2002154443370233,-28.400000000000006,-1
15032928,0.0001240335219808236,0.12263149387629677,6.196895827486885e-05,0.00028735829399416894,0.020771106450383728,0.6079478902697433,0.024423566533558996,0.06684821100373119,0.1569043710920362,-25.73,-1
15033174,0.00021172882007284194,3.499150912319633e-06,2.8703267735399224e-06,0.007116063213384377,2.6474061297057893e-06,0.7571324699796094,0.19916396702329972,0.03431067035415385,0.0020560837256641444,-27.017391304347825,-1
15033276,0.00021031350117397185,0.00018751778296352285,1.0106963545877043e-05,3.584931082039217e-05,0.0001779679050772359,0.12099572543443697,0.001315844575150318,0.41472314963926776,0.4623435248875638,-33.477777777777774,-1
15033325,5.4650136154788656e-05,3.2263842754369864e-06,8.269882812244087e-07,5.021254537019861e-06,4.614333369971565e-06,0.10666027543298078,0.29982851055281,0.5919889764091628,0.0014538985084281547,-31.902499999999996,-1
15034238,0.0008417222356374307,1.5583054850897485e-06,6.553491591713542e-05,4.247604617852909e-05,2.069974100833088e-06,0.09261362766811808,5.467036695185465e-06,0.9063383812321323,8.916258573542589e-05,-32.913043478260875,-1
15034502,0.0009269928184894259,9.80228962021117e-06,0.0001602933683122316,1.2490591409216867e-06,4.048718460707823e-06,0.9448271137038879,2.0868752712216393e-05,0.05094205177037749,0.0031075795189989502,-28.303333333333327,-1
15034629,0.0019665564155778546,3.1427627305095336e-05,7.04470856036214e-06,9.146488625257728e-06,1.3169482741094188e-05,0.9757912504972287,0.00036924931968004143,0.004173088637462261,0.01763906682281933,-28.78510638297872,-1
15035001,0.00016579865562197968,9.24170785334087e-07,3.0210698300676413e-06,1.4549547278528985e-06,2.105531548271846e-06,0.8012046708302718,0.0004233330410274492,0.1981062594659092,9.243228027798117e-05,-29.16756756756757,-1
15035009,0.0002113416443880822,2.1026869868608733e-06,2.7887749555161855e-06,1.7630388899980033e-06,3.1813277952199305e-06,0.6926487934791037,0.0006541448397970162,0.3063462822018625,0.00012960200622109028,-29.470833333333335,-1
15035907,0.007029503565905551,1.5018348503020828e-06,3.3723940309485946e-06,2.219912711184154e-06,2.393276646988893e-06,0.325714594276899,0.00011865776857513382,0.667068220522681,5.953644769992969e-05,-33.59375,-1
15035992,0.00039105782001935634,2.1869750805551155e-06,3.26564455668791e-05,2.476754397102277e-05,8.088174411026863e-05,0.4979780062457805,2.2510717122938946e-05,0.5013262004735826,0.00014173203476591862,-28.46464646464646,-1
15036249,0.05353123718792672,1.124409818255043e-05,0.0008723171690854785,3.5541749416897697e-06,7.444866043597071e-06,0.3199422227247134,0.007441211154282092,0.6175067892190796,0.000683979405744773,-33.050000000000004,-1
15036548,0.0020968458920347134,2.242208254925616e-05,1.7702550942484327e-05,1.606383788851923e-06,5.246566353028111e-06,0.8311721069799936,6.052645475766512e-05,0.16484425328558525,0.0017792898039951533,-32.13461538461538,-1
15039526,4.395962538166074e-05,0.03401762827125696,0.00025713098592855196,0.09616912221415169,0.4256091308930136,0.23350750540482182,0.11650451161655409,0.033393454825406566,0.06049755616348494,-22.076315789473686,-1
15039570,3.4349077542217336e-05,0.00036349138649497385,0.000815598997736215,0.0007914490411486388,0.008153552131904527,0.881945170432236,0.00796400439903368,0.09653416422143692,0.0033982203124668766,-25.115384615384617,-1
15039573,3.227882903491848e-05,0.11691613499933798,0.08503125031971423,0.000900148483204575,0.0018948534246395414,0.29777592635912375,0.019254411592385928,0.4712152277310878,0.00697976826147124,-25.275000000000002,-1
15039604,2.581033413034223e-05,0.0007988008193082043,3.7667940529323466e-06,0.0037020355290262887,4.9962292585212176e-05,0.9372876717009294,0.003148581197975343,0.04769632120640699,0.007287050125585379,-26.969565217391306,-1
15039605,2.7981883303546997e-05,0.0050243128806439965,0.0005417072301176515,0.004902388087501349,0.0001410893605077189,0.7239126009141161,0.006114208888599863,0.25433188672147666,0.005003824033733034,-27.57777777777778,-1
15039606,0.0003985495287707026,0.0029992090409823994,2.4380226219343455e-06,4.482709020310213e-06,9.494353225434014e-06,0.7957198820882805,4.303919571025874e-05,0.17564605449205117,0.02517685056933741,-29.834375,-1
15039607,0.0006257010642323488,0.0001218652313707306,5.2664626948180355e-06,0.0006329137639255976,6.379744570949911e-06,0.838598384087722,0.0026528309025573896,0.1417578914721259,0.015598767270800364,-28.53793103448276,-1
15039619,3.077360071182707e-05,0.008339351106297879,0.013711732269825912,0.0006964560370172426,0.04949487743356672,0.8615136734545882,0.003265709954212955,0.05735610278156204,0.005591323362217149,-24.935897435897434,-1
15039670,5.422336470088818e-05,0.022577034411744724,8.766680504717986e-05,0.0025137011544867677,0.0010418762786024414,0.7259475859554547,0.015574948590275741,0.20790536314909508,0.024297600290592324,-27.81764705882353,-1
15039706,0.004046742821266403,0.0005032402099939848,0.00029749847503096323,1.6304583280827963e-05,4.0971751776731644e-05,0.49282206873860035,0.1005854417895879,0.39705646140595774,0.004631270224505079,-29.375,-1
15039727,4.532786646994424e-05,0.0001800633249346007,1.5561506072632554e-06,5.378163904845206e-06,1.5240998955872866e-05,0.4569685180986685,0.49903311033890496,0.04319239153124515,0.0005584135263088268,-31.148780487804874,-1
15039753,3.2958200240504264e-05,0.017852010397670943,9.685331450914529e-06,0.0012298487356695537,0.0003723142453675242,0.8014899398396859,0.011619745326462002,0.16258255234364072,0.004810945579811985,-26.970588235294123,-1
15039779,0.0005622739589094888,0.00013916330898410163,0.00012212152245319826,3.1595285096435985e-06,9.646343905423237e-05,0.7124711508805971,0.0001111987566541702,0.2829046331372641,0.0035898354675738347,-28.18139534883721,-1
15039847,0.00013593717424740251,0.00372529947814314,2.9520915386078913e-05,5.548501730192331e-05,3.0380308708014058e-05,0.678892065133789,0.13611472608562253,0.15966369282886714,0.021352893057934773,-30.27321428571429,-1
15039953,5.175669522017476e-05,7.919723064432012e-06,5.583976739871406e-05,2.2584513861138915e-05,0.0011749226320552262,0.6141067008254897,0.0005163502432994876,0.10108613775579431,0.2829777878438169,-25.31184210526316,-1
15040005,0.0026429911533621237,0.0015096960422715335,3.6038567441266464e-06,1.7855569532802888e-06,8.111322556627586e-06,0.8830635480008396,6.454907613585266e-05,0.06191734188540551,0.050788373105731185,-30.267741935483865,-1
15040385,0.0011076022097659412,7.637929146395418e-05,0.00022529800871479857,0.00045780182846431536,0.0003281321871391693,0.8350532480460867,0.00017994140077930306,0.01670137159125673,0.1458702254363292,-27.972794117647055,-1
15040821,0.0004259233432936377,4.085600993326798e-06,4.5190611302919366e-06,6.115557832389598e-07,3.046269313686354e-06,0.9942240280460739,4.214461904701294e-05,0.003963241067832557,0.001332400436532312,-32.23131313131313,-1
15040857,0.0003094517064606649,1.378412086239145e-05,5.451046131434936e-06,9.135954190259885e-07,6.016446423727027e-06,0.8422348789876033,1.0889825496864972e-05,0.15574592648882693,0.0016726877827755726,-30.039072847682124,-1
15041986,0.00016258606891361537,3.511664837060042e-06,0.0003289680964067627,1.4300103238713006e-06,1.612509577415186e-05,0.913803588932119,2.550858355268624e-05,0.08505054820433793,0.000607733343734954,-27.28965517241379,-1
15042110,0.00045656785720510655,1.5349162979538565e-05,4.555958793809047e-05,9.255466827710704e-06,9.61074109110406e-06,0.20540835017744263,5.654745074410619e-05,0.7933596703908273,0.0006390891649443931,-31.825641025641033,-1
15042130,0.0005748927396349454,3.943548411633041e-05,6.211539874700735e-05,7.168781517431628e-06,7.780564187469753e-06,0.23185991053616717,8.571776426841153e-05,0.7664272416068799,0.0009357371244812243,-31.523529411764706,-1
15042158,0.0014626971600529906,0.0006826053683902069,1.3276235553893024e-05,2.9311585940711072e-05,1.975206927939547e-05,0.6293963586280313,0.01156480384396721,0.3407743651229394,0.016056829985844803,-31.3,-1
15042268,6.69695867822104e-05,1.0919540153919455e-05,1.5553844479067443e-05,0.0008548411640644828,1.195453142059302e-05,0.7103203408102183,0.1482244306596546,0.12736681218019733,0.013128177683029462,-27.814,-1
15043753,0.4619588000159796,1.1042114007520657e-06,2.7288471297836594e-06,2.7124053366194495e-06,3.250527862881143e-06,0.4976233964034941,0.0007100934776227152,0.03560638248774478,0.004091531623428827,-30.403448275862072,-1
15043834,0.23566363021313624,2.2436971221000816e-05,1.1033336054522869e-05,4.215846578676059e-06,3.8138323466643315e-05,0.7384701552312889,0.0003110529123062932,0.019964346446058687,0.005514990719889013,-30.284615384615385,-1
15043839,0.010008467211239392,5.613094238771475e-06,3.953663480406428e-06,0.00014807341540832398,8.309835619010231e-06,0.4919180661363132,1.785293100207569e-05,0.4924859636267123,0.005403700085986527,-30.785937500000003,-1
15044458,0.0026535717568983777,0.00013702043067459225,9.840440859346851e-07,6.328889199126768e-07,2.577976635544643e-06,0.9835596330782022,6.767669015399655e-05,0.013114754803555789,0.00046314833087366894,-32.121276595744675,-1
15044472,0.26355517970258313,3.2786225188163716e-06,9.688246636222219e-07,1.6156696087777276e-06,6.264925200746308e-06,0.734769220551032,4.0002210328949414e-06,0.0005158883289111782,0.0011435831544487943,-28.969230769230773,-1
15044738,3.2053122857120175e-05,0.0005266632740304468,0.015742319677235106,0.0027945450218822576,0.00040273980298287956,0.5619324096842252,0.031086472951819866,0.38368647075411616,0.0037963257108509047,-26.475000000000005,-1
15045093,0.0004319784989896112,0.0003970449938928802,6.418569111139382e-06,5.843712321004517e-07,2.3416635719723075e-06,0.9910378962051949,1.7501570422401307e-05,0.0075157497054954125,0.0005904844220894258,-29.752777777777776,-1
15045554,0.0007613638574115083,0.011124465601613022,5.590487087720051e-06,1.5056896865636703e-06,1.880514292580107e-05,0.8836174679311266,4.245252415173881e-05,0.09842185100857462,0.006006497757422419,-29.653061224489797,-1
15045558,5.818949350803642e-05,3.9629607465871025e-05,4.235199545232109e-06,1.3138267016453914e-05,1.3324636578738105e-05,0.7824207301902992,0.006718703324486194,0.20691246195182966,0.003819587329270402,-29.922222222222224,-1
15045579,0.000811702748645564,1.624369894146449e-05,2.8065466161361104e-06,1.8682358756680258e-06,4.07559709846224e-06,0.7647108970281158,0.0011264281439077213,0.20779020732714137,0.025535770673657827,-30.372,-1
15045654,0.0001376093645230992,0.00035339799808805267,1.6457053611006532e-05,1.199789994916362e-06,7.87988171024517e-06,0.9392420822323191,3.254623777168012e-05,0.03238917429371359,0.027819653148268397,-29.39692307692308,-1
15045792,0.0003209121568407242,2.353668056947331e-05,4.749970788545476e-06,3.4136172979938566e-05,4.48286893907673e-06,0.6529907491886653,0.00038825424981254715,0.3326333580220543,0.013599820689350204,-30.3,-1
15045893,0.002619314407100509,1.3740128299974283e-05,3.989077566969464e-05,2.3747111111921957e-06,5.107042048970228e-06,0.7809671331745069,0.00020728792246813037,0.21366171886626795,0.0024834329725265496,-32.645454545454534,-1
15046221,0.00034447361919310817,1.3761275173184654e-06,0.00014917232874643555,4.603527715936996e-06,2.629265402296206e-06,0.9309612193266787,1.3182209099766876e-05,0.057742780293924746,0.010780563301721533,-29.33211678832117,-1
15046234,4.948943165909502e-06,2.009299741913647e-06,0.0033672383752340897,8.445812584995353e-07,7.857567777809973e-06,0.9939393767113088,1.0784344709798705e-05,0.002114212128939139,0.0005527280478639924,-26.014285714285712,-1
15046237,4.4044062824923446e-05,0.2890312127175221,0.0017126159015695606,0.021756225802632645,0.354550156039897,0.19739994019641166,0.04905292170207841,0.08486321355820822,0.0015896700188554641,-19.619230769230768,-1
15046520,0.0057385832608398985,0.00028440507004134967,1.3233722875297127e-05,1.2566095860088108e-06,4.357212280500121e-06,0.6726152354596249,0.0005514891043103681,0.31970326505356395,0.0010881745068776118,-29.683333333333337,-1
15049213,0.0019033776287450052,7.944626932787806e-07,5.263089529591647e-06,5.991058662073325e-07,1.7142463376736744e-06,0.9383673016594237,1.5817654687078693e-05,0.05950195751302058,0.0002031746396970099,-29.089333333333336,-1
15049624,0.00019858294864125143,0.00022484640225563148,4.839242257483948e-05,8.453786665972664e-06,3.9749543031943714e-05,0.6757602361709718,0.00421401926319435,0.31847398323530074,0.001031736227363492,-30.09285714285715,-1
15049791,0.5247514418292539,1.5808609984377057e-05,4.079025299735512e-06,3.6331030969725795e-06,6.556043831807468e-05,0.44465152524507073,2.6021252695404915e-05,0.02505359967583028,0.0054283308204506045,-28.333333333333332,-1
15049898,0.00015260782482279185,1.7492770395267672e-06,2.2836343064396793e-06,7.780192991444252e-06,8.06707155845538e-06,0.9472101860799889,0.0005436643393324619,0.04582437631749146,0.006249285262468579,-29.28461538461539,-1
15050105,3.7701842363120064e-05,6.955252079637032e-05,0.00013665072005842992,3.659609827103254e-05,6.779064939285679e-06,0.9846681047396638,0.0004008154613588326,0.0069671636279589775,0.007676635924590064,-26.034999999999997,-1
15050202,0.00010818335215214054,5.531242713007292e-06,8.103044351917541e-05,3.088644281957292e-05,2.5570817626403916e-05,0.8984586143867448,0.00019917983983445465,0.10021494123890787,0.0008760622356825332,-27.378947368421056,-1
15050310,0.00010571093784177634,2.628442607689952e-05,1.762546634828894e-05,5.178615287198404e-06,0.023248161108480325,0.8964651417305147,0.0006370475510765784,0.0685896763209652,0.010905173843409059,-24.86346153846154,-1
15050463,0.140052944876737,1.972532568642073e-06,1.1147523323302715e-06,7.036852102943256e-07,2.228407874081772e-06,0.8065974190412414,4.684582461064209e-05,0.047632966095776864,0.005663804783648708,-30.535964912280704,-1
15050557,0.004129428137937722,2.4186573426553147e-05,2.2124228661022258e-06,1.7420591101553472e-06,1.2098190217695224e-06,0.034860796862893506,0.00029862473195210076,0.9605849560957911,9.684329700114886e-05,-33.778571428571425,-1
15051367,4.1429263734237546e-05,0.003290890638311633,1.5531405285452643e-05,2.431725023539405e-05,3.931961715090881e-05,0.8449433987271279,0.00019063777855587663,0.13972839928998643,0.011726076029612214,-28.10263157894737,-1
15051372,4.104775012623408e-05,1.4627134452697558e-06,0.0032109571730862237,7.718626644380679e-07,1.2549138647422991e-05,0.9896835043225692,2.8237731707159924e-05,0.0063122327871966925,0.0007092365205571727,-27.945833333333336,-1
15051440,0.00011997366578731306,2.363531109746695e-06,4.710851537909068e-06,0.00011666704439886388,2.1207156511315197e-06,0.637615577863225,0.2782334419723401,0.0830190945380708,0.0008860498178791754,-30.172727272727272,-1
15051458,0.00025317420732299254,0.000478779484141369,2.989750604668247e-05,0.0010263380788244404,1.6562316773223932e-05,0.9071702357172813,0.023963758945419755,0.03434578540369387,0.0327154683404964,-27.50294117647059,-1
15051493,1.1970805022336834e-06,1.0751259503369721e-05,0.00018944291413509155,3.625806104026314e-07,0.00017331821110975554,0.9988393521305158,2.5353762088481997e-05,0.000489610450322986,0.0002706116112118311,-24.32608695652174,-1
15051514,0.00021202434841033802,0.0003527049973162398,5.456799010020174e-06,4.750911373215539e-06,4.733448680606336e-06,0.7911354645658586,0.000718484176535986,0.204153777692674,0.0034126030601410234,-30.659459459459455,-1
15051526,0.00043724716968554804,0.001808823337568274,9.432933198634353e-06,1.6312716961620317e-05,2.9506885874434103e-05,0.8617698772322535,0.00034248293038003155,0.13316717647448367,0.002419140319594249,-28.781428571428574,-1
15051944,0.0005188092967454872,4.57868668807844e-05,1.5867679140855074e-06,2.399441624706942e-06,1.957884217351675e-06,0.9771258656801514,8.779321215035562e-05,0.01587111293615691,0.006344687914158982,-30.373417721518983,-1
15052019,0.0007066320071776433,0.0002128069051629912,4.776604243824052e-05,1.217085280915576e-06,3.585843651777901e-06,0.9176462842129123,0.018979494200925606,0.030264518607698104,0.032137695094752575,-31.293548387096774,-1
15052565,0.0018620519710642544,5.8952611932802394e-06,1.9415845182152837e-06,5.64716884188519e-07,1.0233011180568744e-05,0.9886218214702824,1.3814184075860596e-05,0.009021222073875554,0.0004624557269257576,-29.446000000000005,-1
15052976,5.8780396031669816e-05,7.06319129730105e-07,8.15813281081564e-06,8.615138438594922e-07,1.3032088786414713e-05,0.998905922623263,1.6117196769982702e-06,0.0004384736378423021,0.0005724535686152714,-28.6828025477707,-1
15053085,5.021171666535304e-05,1.5813572247733492e-06,3.9297480950273705e-06,2.027179263524436e-05,1.1381166215839708e-05,0.8780662706948487,0.0021251730315457315,0.11959826674936949,0.0001229137433999974,-28.789999999999992,-1
15053109,0.00018310544333777158,3.730857987218352e-06,3.86423856754559e-05,1.2821696404777179e-06,5.873230218084275e-06,0.8442962317252519,4.010925512126352e-05,0.15512036886982972,0.00031065606293819066,-29.375675675675677,-1
15053168,0.0015308278767914196,1.2723729130526225e-06,8.547886336047228e-06,3.1104569372868046e-06,1.8979297914045432e-05,0.9509890199348424,0.000447963930770849,0.04360610691862003,0.0033941713248746876,-28.855555555555554,-1
15055032,0.00183534875555247,8.98985465872956e-06,0.0003296926636458207,0.49844561038212853,5.160536124638729e-05,0.2808308541095085,0.003981473049958308,0.19084976090034833,0.023666664922952836,-26.611666666666668,-1
15055131,5.864522796196584e-05,2.7137992875137287e-06,3.290839650934901e-05,3.1333352465090574e-06,1.9587496720203307e-06,0.9472711328984083,0.0001002112987840862,0.03289317158057651,0.019636124713553697,-29.45185185185185,-1
15056263,2.0926508925388715e-05,2.1048581135765685e-06,8.62303245586585e-06,7.121514454277974e-07,1.0941200697104422e-06,0.967610140917152,1.8078484301011992e-05,0.03137045891713688,0.0009678610104000244,-27.567692307692305,-1
15056325,0.00016696858576060582,1.6487626523966486e-06,1.7214141303370428e-06,8.672670392955622e-06,1.4557300701096195e-06,0.5733939535683966,0.3546818002482814,0.07077094263369664,0.000972836386619026,-31.2076923076923,-1
15056446,4.7869398974029255e-05,3.830849795139471e-05,4.119361049533065e-05,0.07392695486356862,0.0009397542112799901,0.7186267073619163,0.016660376963753214,0.18541840686135597,0.004300428230705198,-29.043478260869566,-1
15057064,3.740758812303176e-05,7.675459832981774e-06,0.00011733328409007398,1.1558966546021405e-05,7.354881548285492e-06,0.9042686338678099,0.000531806703404855,0.08258996704695146,0.012428262201693546,-24.410526315789472,-1
15057224,0.05354626668924496,3.83797272241118e-06,2.8847277658720165e-06,3.0559330116855316e-05,1.1027130284258967e-05,0.7648097657073369,0.0029123200383226696,0.17434579214760737,0.004337546256598594,-30.1,-1
15057243,0.002819940365445949,5.497398939399024e-06,3.091214152849271e-05,6.765566287928553e-06,1.2266707162588157e-05,0.48627978691540824,0.010900351364308346,0.49941370930739415,0.0005307702335248553,-33.423529411764704,-1
15057248,0.0010553935367308225,1.5175528007348635e-06,1.6628162362255335e-06,2.9952805720317144e-06,3.3529948198374817e-06,0.8763130681775515,3.375930694245171e-05,0.12248896148431095,9.928885003557774e-05,-31.982352941176465,-1
15057289,0.00014932813160559473,2.5976769062768345e-06,0.0001553677725516976,0.002136757200452196,4.332063109126784e-06,0.20880721599332713,0.0019063566104993042,0.7836654562127708,0.0031725883387778474,-31.150000000000002,-1
15057296,0.0064038978995587,6.735559262513789e-06,0.0001707099474147637,0.26166916589455713,1.1389135362570696e-05,0.30243946429944346,0.0014846173887646849,0.39695640569415,0.030857614181486276,-26.84666666666667,-1
15057304,0.00485938360894266,5.813906932333254e-06,6.225684853244591e-05,0.00014652988679301256,7.13640260331392e-06,0.35195496627168293,0.0010736449145974216,0.6123502213573013,0.02954004680261435,-30.857142857142858,-1
15058303,0.00015160964876754758,7.054112417408382e-07,1.7977860432748815e-06,4.86735441566012e-07,6.855897989593435e-07,0.9920688364320098,0.0004577812743292078,0.006993909369197975,0.00032418775316992875,-30.50869565217391,-1
15058305,4.276083994951374e-05,1.9248096409534186e-06,1.0365150364217347e-05,2.065042530504462e-06,8.285674942075594e-06,0.945877317918163,0.022659862004499674,0.029618446937423926,0.0017789716224862182,-26.62894736842105,-1
15058429,0.0007362316314909681,3.576794154497916e-06,0.0001781169084501206,7.767871393197086e-07,1.8513245350980008e-05,0.275474739230965,2.1197518195776098e-05,0.7228999756565881,0.000666872227665194,-33.01428571428571,-1
15058514,0.002494925041352706,0.0028850715111382566,9.462332114881298e-06,9.836718179243472e-06,8.868630056791756e-05,0.8279245722786832,0.06255651492742666,0.0903170250408222,0.013713905849714918,-28.934782608695652,-1
15058557,0.0021987585883643484,8.471317923637341e-06,4.111226853714213e-05,1.3652189806093471e-06,2.5230433814997456e-06,0.9598376617781617,0.00023152902742980554,0.035315737505450015,0.002362841251771283,-31.6265306122449,-1
15058570,0.0001008649625583372,0.000858975722999621,0.008467508118576762,8.433565936381234e-05,0.00017061567488041443,0.8938118772462648,0.028954886137387132,0.06552194801195847,0.002028988466010682,-27.58717948717949,-1
15058887,0.0017413495215071015,1.4413149605444112e-05,1.6856783027915652e-05,1.1123443051411492e-06,9.17958685163967e-06,0.8909813272875551,0.00011099481807259727,0.03946741308053754,0.06765735342853754,-31.53538461538461,-1
15058936,0.0035093120845246734,2.3938883932852013e-06,1.7583279908205448e-06,4.986938957807304e-07,1.3908041020271884e-06,0.9829526974882787,0.0003275106631019875,0.012722787130254171,0.0004816509194584174,-27.29259259259259,-1
15058967,5.707815674444289e-05,3.607571883600497e-06,0.00016749924611522883,0.28583746730898796,0.0001939149096709686,0.346088816125406,0.0023211607242565576,0.3593241889945263,0.0060062669624089925,-26.87962962962963,-1
15059289,5.7907802813811536e-05,0.0035445498296308316,3.486196962048535e-05,0.01021426544730478,0.14484122934978047,0.30692308863688667,0.0028072153790918296,0.5193717141993466,0.01220516738552457,-20.37941176470588,-1
15059736,0.5185674976658852,1.181757379050334e-05,4.2435276240373715e-06,1.9163331350338485e-06,0.0012935643817287412,0.38996746269719645,2.519612735473364e-05,0.0019398853789338287,0.08818841631435145,-28.96764705882353,-1
15061215,3.2484326520213e-06,8.05797026421877e-05,0.0014149978383388735,2.569895460444095e-06,0.4062452230010109,0.5840426619454345,2.733737928701263e-05,0.0014111193551854533,0.006772262449988668,-22.425,-1
15061312,0.001064747246418446,2.1627073776531903e-05,0.003953193546759794,4.5658527748205934e-06,7.572063371818165e-06,0.9140721637964779,6.702606275213607e-05,0.0736451174892184,0.007163986868450181,-29.41176470588235,-1
15061627,0.00010245531921086199,0.0002306174187802676,4.3411488128243675e-06,0.00043216264419216504,1.3035493359804878e-05,0.8876020219807707,0.015113438462451934,0.09249431235016345,0.0040076151822580315,-29.071428571428573,-1
15061644,0.00025987805411274744,0.0002366348286390113,1.1600934464922484e-06,1.2987337473545882e-06,5.910022442279909e-06,0.946196048805902,3.203812893361962e-05,0.04315399683412309,0.010113034498653355,-29.086842105263155,-1
15061776,0.00016267534684738736,0.00219241055620148,2.753877976759924e-05,0.00038987570280425027,5.212112885766521e-05,0.7695745969325476,0.15223420364311485,0.06483485272300595,0.010531725186853231,-27.972727272727276,-1
15061830,0.0007769161648106959,0.0004941533624663875,0.00029901743018206526,2.7634332466673868e-05,5.2092257984126577e-05,0.7927161433482153,0.031764129948876306,0.17205973279200606,0.0018101803629923864,-28.570833333333336,-1
15061848,0.0005448539207690142,6.918127265888896e-05,9.86500445969488e-06,9.824855252589555e-06,6.141209139622982e-06,0.7675252452601303,0.0013045372217811255,0.22946470956149204,0.001065641694316714,-29.06792452830189,-1
15062228,7.532340504742608e-05,3.6115172128198587e-06,1.4700737695899292e-06,2.00158825329308e-06,2.5425301947161645e-06,0.7634067902055443,0.0003323249940633491,0.22471659125980142,0.01145934442611307,-31.921794871794873,-1
27203641,0.0006135695449569289,2.5529767140405068e-06,1.4868163068193383e-06,6.164435300557276e-07,1.1748669229877309e-06,0.9940845853565513,2.045622772937383e-05,0.005013597062535043,0.0002619607047533585,-29.18,-1
27204020,0.001574039523699246,3.5749201609477675e-07,2.4067790146249414e-07,1.3593956595142218e-07,2.2154489678206836e-07,0.9970602972199722,2.345301362592933e-06,0.001340565876159954,2.1796424425691572e-05,-29.097247706422017,-1
27206412,0.00022111226305851682,8.890944729837976e-07,2.2688552244960163e-06,6.67441598245556e-07,8.703087713043005e-07,0.957858367494536,0.009141667233405218,0.03264159827762083,0.00013255903131246272,-30.1,-1
27206656,0.0013294505861038031,1.6170172486142112e-06,1.425912029361082e-06,4.7336092890322414e-07,2.0600977654366203e-06,0.9938462941959034,4.071723720114175e-06,0.0019316013099265482,0.002883005796373724,-28.17647058823529,-1
27208230,3.7486716177698986e-05,0.6104127067189616,3.879602475239081e-05,0.18240938765274073,0.019322755330725958,0.007937220722827518,0.00046304802229085555,0.10701526858214343,0.07236333022937971,-17.004166666666666,-1
27209390,0.00428048543547142,1.3572003053760302e-06,1.7899904501168557e-06,9.37304944882883e-07,1.8940466083805267e-06,0.8798291579173367,2.099437045175928e-05,0.10022925665106419,0.015634127083366978,-31.670588235294115,-1
27209479,3.451039140299614e-06,1.9624793080432094e-06,3.434111881843285e-06,1.9273016122471896e-07,1.0068428403511157e-06,0.9990929129454653,2.1367478319440958e-05,0.0005686219791121263,0.0003070503937714299,-26.497101449275366,-1
27211860,0.0019117954998969452,1.080184079835676e-06,4.378107540173959e-05,7.758153506272868e-07,1.5375164467410916e-06,0.9262364786310016,3.900755489317386e-05,0.07096344863236156,0.0008020950905677634,-29.897058823529413,-1
27212120,2.8625349352637623e-05,1.4615958264482073e-06,6.830117513800236e-07,3.8981701367116434e-07,4.488336083588845e-07,0.9957061790094759,1.7916352688364346e-05,0.0036251567551535135,0.0006191392751298358,-30.166666666666668,-1
27212973,6.317056366948455e-05,5.025146232930399e-06,1.2466891429149005e-06,1.3306322380046336e-06,2.2302890480752167e-06,0.9927343604469596,1.4389765030602228e-05,0.005824131720595853,0.0013541147470824734,-26.882089552238806,-1
27213635,0.3704527056190089,8.644090336734835e-07,1.4145528944152763e-06,3.841554261615754e-07,6.625892073959114e-06,0.6257656419160179,1.0885380397094075e-05,0.0006286896879529622,0.0031327883871948626,-27.872058823529407,-1
27216793,1.7010928397807208e-05,2.2471576152333452e-05,0.10071175552208655,0.0001480163367359783,0.027536882904845933,0.6220025633078625,0.027492518845926038,0.21117919802680074,0.010889582551192187,-22.146153846153844,-1
27217890,0.000999374574184132,2.0304667464704703e-05,0.000203637437236132,1.6029747403816902e-06,4.0214009837105785e-05,0.9959608151956598,7.941973581465305e-06,0.0026954918715722887,7.061729572399529e-05,-23.030769230769234,-1
27218299,0.06012636235246582,7.65790246337076e-06,6.3676231486734585e-06,2.684659982159111e-06,5.904337157506627e-06,0.5376105642814966,5.89790646951962e-05,0.4016218319969497,0.0005596477816411231,-34.34516129032257,-1
27219055,2.400194865106737e-06,8.971942731843212e-05,4.69548878487298e-05,7.322159179466316e-07,0.00019975201819171767,0.9956931769678681,0.00013779678901919024,0.0034346973434988505,0.00039477015547187844,-23.8,-1
27219363,0.059331399595500434,1.1771435247095045e-06,3.941929694223363e-06,3.1427771905705997e-07,9.798565676361838e-07,0.9404105650999275,5.35289743128556e-06,0.0001843929625588617,6.187623707618053e-05,-30.43157894736842,-1
27219923,0.12068496914439746,2.314139503641704e-06,1.6137748434449985e-06,3.623961453886636e-07,1.0974328803296975e-06,0.872404307082293,4.028565140118325e-06,0.002830180752077486,0.004071126712719151,-30.573214285714283,-1
27221361,0.0028660473463041295,3.033251161001695e-06,5.139984945144524e-07,3.7867436403768634e-07,1.0726167402600856e-06,0.9938004985171643,9.162283773742627e-06,0.002001945744559041,0.0013173475674388704,-30.728571428571428,-1
27221885,0.002212620263176062,2.5871279084256156e-06,4.585447421079909e-07,1.097271791146206e-06,1.6799177586615677e-06,0.7415671232604912,5.66883317114512e-05,0.25604350934240866,0.00011423594001216796,-29.183018867924527,-1
27222482,0.0007255518347744023,3.291138808789672e-06,0.001509861439103331,1.3265276606495725e-06,0.0008507953133293797,0.9739509321605535,0.007371985238869271,0.014085401393708296,0.0015008549531924614,-25.217241379310348,-1
27222643,1.0355898875455485e-05,3.8635251779594364e-05,0.01212682885857562,8.609642505964419e-06,0.0016881241119396755,0.969257981846879,4.626155771670735e-05,0.01662691629929506,0.00019628653243297097,-18.87619047619048,-1
27222752,0.029471305691669707,8.493516264291503e-06,4.80170155855485e-06,6.129097011770623e-07,1.3402857317373144e-06,0.963659961840978,8.47653490680127e-06,0.00670435167755584,0.00014065584163383768,-30.85,-1
27223993,2.6773828006537893e-05,3.4297478300600487e-06,6.508110689998079e-06,1.7550734733999487e-07,1.8514173356475246e-07,0.9990068289810011,2.287130493549454e-06,0.0009128897544346561,4.0921798462983194e-05,-28.680999999999997,-1
27224111,0.0017892347927397703,9.468796231628417e-06,4.94779221947343e-05,1.5967294825140333e-05,9.253377892292742e-06,0.7436843983806998,0.0004085100470193662,0.13527173005290355,0.1187619593354939,-27.390277777777776,-1
27224390,0.0010710319559955885,4.907757290982607e-06,1.3114757278699296e-05,1.3447279772262202e-06,1.582206621066402e-06,0.9048094490166878,0.00012541647752717654,0.09389778545163015,7.536764899120413e-05,-30.54590163934426,-1
27225248,6.228960550411554e-06,1.3899817395890296e-06,2.339292749185961e-07,1.1787585880314968e-07,1.876938449459247e-07,0.9994589832094561,1.6312832321425837e-06,0.0004528522940619381,7.837477198119267e-05,-28.998863636363637,-1
27226051,7.429435394921387e-06,3.84281665437475e-05,0.00011279125654349323,1.4375754048407729e-06,0.005661803104465091,0.9871178469033559,1.3318715316396016e-05,0.0003404805738151634,0.006706464269160226,-23.189830508474582,-1
27226820,0.015955537550076244,0.0013803713131976358,2.153897177162012e-06,3.9089263805759217e-07,7.94199765655683e-07,0.975766871755788,9.493892743590562e-06,0.00672741319838825,0.0001569733002254405,-31.59816513761468,-1
27227362,0.00019862041567526915,9.458767458285744e-05,2.1344084505871194e-06,4.108972028152778e-05,0.7046363421155266,0.1618841566596141,7.200168665391911e-05,0.00028616369068319453,0.13278490362853193,-21.425,-1
27227417,0.0009191392873472741,0.00035830235320770415,3.785831250984247e-05,3.855451499420113e-05,0.13400646595659274,0.6960724024679414,0.0005064256976389811,0.00467756151240934,0.1633832898973585,-25.133333333333336,-1
27227545,0.0001272790933704566,0.00015242486726597932,1.2760584382510163e-06,1.1626256783637461e-05,0.9381435096191479,0.002632982246224038,3.0288417364747152e-05,0.0029373826937786804,0.05596323074762629,-17.272727272727277,-1
27227747,0.0011020948553109935,4.700868941780417e-05,7.398134734973643e-06,0.00010376433347926931,0.14058761344894807,0.665789223995506,0.0006067807315333117,0.007240980126533113,0.18451513568453654,-20.880000000000003,-1
27227927,0.0003775119305651136,0.0003492413500379819,1.231564039612623e-05,1.588921760463401e-05,0.3840952295634815,0.5452714816003876,0.00042627908490211594,0.036566139819729004,0.03288591179289585,-24.20208333333333,-1
27228008,0.0004472081701547588,7.536121231142982e-06,1.0210778087796134e-05,8.288206428654256e-06,0.7713527620839792,0.2060749383082862,9.998451557402123e-05,0.018235028542461805,0.003764043273796569,-20.803448275862067,-1
27228350,0.0032309297947822717,2.686284813821748e-06,7.300154700160588e-07,6.230903251557011e-07,7.030946747903539e-06,0.9918477930348993,4.282333552597349e-06,0.002425764112399466,0.0024801603870094483,-28.329591836734693,-1
27228394,0.000674880602144467,0.0004985793266842605,7.436033284371284e-06,4.172515917437625e-05,0.04062197343077571,0.2251845969261661,0.00022604096978236224,0.052997148462166174,0.6797476190898222,-21.95111111111111,-1
27228486,0.03882197496237722,4.913668458098256e-06,4.2622380687125396e-07,4.6054344642246406e-07,1.3873118860192261e-06,0.9533348538232799,4.0582932238759255e-06,0.007161391049676738,0.0006705341238449868,-29.075,-1
27229246,4.8471708284558503e-05,5.3889389912934265e-06,5.001794566890344e-06,5.029530248404096e-07,2.007987329418239e-06,0.997241972001666,5.914672138793407e-06,0.002540402827122665,0.00015033711687562125,-26.66511627906977,-1
27229258,0.00025387091450901464,1.0100138919530213e-06,1.126066112734024e-06,2.875753906482979e-07,1.9168594023094763e-06,0.9945160945179659,6.221661945195765e-06,0.00506763560734336,0.00015183678343903609,-29.0,-1
27229306,0.0007178826586626203,1.3837551006969336e-06,5.159680291559201e-06,2.9168176008142555e-07,1.325618394878788e-05,0.9987522599973214,8.908749094475332e-06,0.0004458403403376344,5.501695348276159e-05,-25.05217391304348,-1
27229512,2.9604046317614037e-05,2.805992489324773e-06,1.895054746542767e-05,4.685495944875407e-07,0.00010336407063187723,0.9939068650035969,3.3410872868466987e-06,0.0058574578270058535,7.714287561181994e-05,-25.74705882352941,-1
27230055,8.029025207840827e-06,6.779451208715887e-07,6.08263674468807e-06,6.725472020556009e-07,2.7884106274929757e-05,0.9944964817945781,8.649269332279874e-06,0.005041694463584859,0.0004098282119542595,-26.118181818181824,-1
27230350,0.0034714032022839444,1.861243567982609e-05,0.00012414637596921494,1.1645077278856469e-06,8.48216151579179e-06,0.9878207869606633,1.3607928921625685e-05,0.008338255089733453,0.00020354133750503082,-29.088461538461537,-1
27231945,2.6966154932555496e-05,2.9109368063073067e-05,5.244656497799573e-07,1.0769058249700344e-05,0.67763896354276,0.0003603080853161073,5.492871047641965e-05,0.00013506511449685977,0.32174336550005544,-16.990909090909092,-1
27233361,0.008010734234168076,1.0867807440135433e-05,3.995955626550943e-06,5.758405505672092e-07,6.593191607782493e-06,0.9885413299775664,4.328448472256035e-05,0.0029990539760667498,0.0003835645322513701,-28.432786885245903,-1
27234012,9.286987704417816e-06,0.00023973279929108236,1.626097571569212e-05,1.1087092954972964e-05,0.5521011587233452,0.41713892990541357,0.001066727498515209,0.004400531212742236,0.02501628480431752,-13.844444444444443,-1
27234810,0.0002701117256512343,0.00033743531002793835,0.00022069291181296482,0.0002623758429440333,0.008568105628181315,0.4158152744123914,0.00011562613477137942,0.004003319096328034,0.5704070589378917,-23.595260663507105,-1
27235927,0.009222422303842615,5.623751943748068e-06,2.8372737801212076e-06,1.2653078326498128e-06,3.597530453401077e-06,0.983613522019937,5.954732706822648e-05,0.006456225215114336,0.0006349592700279258,-30.21,-1
27235992,0.01391673547224051,5.615652267202337e-06,7.766664038369882e-06,2.228614581789121e-06,6.28546659102432e-05,0.9739196269415679,0.000160997891167517,0.005504642801770933,0.006419531296455655,-27.929559748427668,-1
27236473,0.0002703531965358958,2.083543888085977e-06,0.0001187812556641815,2.0478644582873462e-07,6.292290449521827e-07,0.9983032046491879,2.492048050341831e-06,0.0008529728320089913,0.00044927845917387677,-28.31842105263158,-1
27236611,2.067626987799967e-05,0.6917471712226726,0.09887390333974537,2.4463428785124617e-05,0.166900136875451,0.03787709118306706,0.000679201118130555,0.0027800150722795294,0.0010973414899906923,-16.6011320754717,-1
27237922,0.00023105398332746947,3.403114769271873e-06,3.003026749229607e-06,5.847166458905741e-07,1.629343328407686e-05,0.9945351886647632,6.110083482874404e-06,0.0046563850003353505,0.0005479779766426622,-26.377108433734943,-1
27238108,0.05538452706735025,0.00012970314816357513,0.00043438495477882806,1.9245739162859515e-06,9.931623535232985e-06,0.9410740812744205,1.636351442337367e-05,0.0023854026445964465,0.0005636811988156135,-26.768253968253962,-1
27238172,0.0015427387419664966,4.5775405206061286e-05,1.1713352057313958e-05,9.032490455117895e-07,3.0032471657160217e-05,0.9801782012350195,1.656125783800845e-05,0.01788431994356524,0.0002897543436446029,-26.03492063492063,-1
27239286,0.25692013053159285,8.804529137840882e-05,8.690859506505627e-06,2.4056422752200562e-06,0.00026974426240915,0.6344332557748074,0.00011765907126121245,0.09487412056521409,0.013285948001555276,-27.97537688442211,-1
27241704,2.4952981469922527e-05,1.7543338122340386e-05,0.011588676167893658,1.410000591688203e-06,0.0021024286934542462,0.9668820171021288,5.165676943153306e-05,0.018107828506260838,0.0012234864406468443,-24.235087719298242,-1
27242056,1.63305675107582e-05,0.00012982478308572637,0.22961557864372115,1.5617321646708464e-05,0.018695596306820987,0.11660937579648845,0.6325543805134383,0.0017265798066024754,0.0006367162606855327,-19.274418604651164,-1
27242549,0.12114401769578913,2.968693276818994e-06,6.96459667706943e-05,5.854899118899436e-07,9.643117356575965e-07,0.8759089606914399,2.7427961830089024e-05,0.002608227605848084,0.00023720158339763463,-30.74642857142857,-1
27244942,4.250038718800558e-05,9.95203513419196e-07,4.9805264248403636e-06,9.738996100521e-07,2.9847240887695046e-06,0.9845599632286021,2.2571708195472475e-05,0.007288232010036777,0.008076798312340682,-27.88225806451613,-1
27245142,6.782023708361278e-06,3.0263574524217828e-06,9.579111143379925e-06,1.14691602914559e-05,5.279314463590599e-05,0.9907114453317373,0.00025114948390020234,0.0014741553506217842,0.007479600036509122,-23.573684210526313,-1
27245414,9.058897158079025e-06,2.6233207876716896e-05,3.6311186138805716e-06,0.000223154215089411,0.24819815948802254,0.45029442361544414,0.21360004078703249,0.0037009887403393776,0.08394430993042341,-22.102857142857147,-1
27245486,0.0330988356825692,2.8909729704760744e-06,2.3934393617050577e-06,1.6945831507955519e-06,1.7629812823040168e-05,0.9617107597674386,7.977638595034647e-06,0.00350486193458104,0.0016529561685101988,-27.741666666666664,-1
27245645,0.04881200205048022,8.434537129680763e-06,2.9421923714679675e-05,1.1720957904174578e-06,9.21686525699045e-05,0.9016168929889735,0.03986506203154343,0.006520047679711082,0.0030547980400870665,-28.11764705882353,-1
27246508,0.04730212508165845,1.5024100650080752e-05,0.0691999616729875,4.59926077247125e-07,1.2108571489932267e-06,0.8830835990589552,1.3546774053250211e-05,0.0002780389757504499,0.00010603355271868403,-29.726829268292683,-1
27247366,0.28180900477968807,5.792300645084911e-06,1.8296797855322455e-05,9.386423331384367e-07,2.1065370480869808e-06,0.5598473942450751,1.1557709122653622e-05,0.15822062763498473,8.428135324788617e-05,-32.51647058823529,-1
27248085,0.00020682000676346758,8.151758782803115e-06,0.0004799182838985812,2.2666926809474664e-07,8.249295101533593e-07,0.9991411585462797,1.4053268186069878e-06,0.00014416276288692844,1.733171579148289e-05,-28.423255813953485,-1
27248316,0.00010569424247873248,0.3521059538050869,0.13031443073728263,8.225978506053328e-05,9.179802416995166e-05,0.2537226132423417,0.00014100041706408402,0.26313710267557316,0.00029914707094224013,-18.924390243902437,-1
27248920,1.3183300106664545e-05,1.9029351204385064e-06,0.003375069913836784,0.000558956490910192,1.3753473214422131e-05,0.8873546603579274,0.00025910918505982834,0.10634380588270369,0.0020795584611204283,-24.1125,-1
27249654,0.12206509859431847,3.128872510689646e-05,3.628264515258295e-06,3.727639135797735e-06,1.4064187293611296e-05,0.8181721197511772,0.0027223764988592745,0.050556148987429606,0.0064315473521640385,-30.352272727272723,-1
27250103,1.7346501931821352e-05,1.9774411440827355e-05,0.0001253455175683216,1.9000518922778518e-05,0.0004909784759317361,0.8520442128366689,0.006420202954095321,0.13962882765066786,0.001234311132772401,-23.567647058823532,-1
27250484,2.311953698644472e-05,0.0006813141827863113,6.716911059110326e-06,0.0008706923142279048,0.06841362121152707,0.2794087688287346,0.10251202393151204,0.5460857039852757,0.0019980390978908097,-21.941176470588232,-1
27254075,0.003270893286907539,2.1046029201353664e-05,0.019135083431782572,7.173574953443053e-07,0.0001928922204680427,0.9628873041647183,2.152649704951585e-05,0.014018144607121358,0.0004523924052559641,-29.64414414414414,-1
27256605,0.1509179530292551,2.0158880407493564e-06,1.2533610516995397e-06,4.1933498640664836e-07,2.525319128732805e-06,0.8474792119455234,1.4357259155594633e-06,7.27082894321715e-05,0.0015224771066661424,-28.825000000000003,-1
27260821,0.03648036199748077,0.0001869032040938513,0.00027957853312671904,8.139938878558433e-07,1.592182733896527e-06,0.9614383987180306,2.7491257501314655e-05,0.0014004599067851,0.00018440020635991167,-33.260000000000005,-1
27263673,0.40151158700019085,0.00015585771042358083,0.0006501245164961475,3.2232919154303733e-06,7.756583563475535e-06,0.12540046887895234,0.0004793621449577002,0.47138846738708795,0.0004031524864124074,-29.2,-1
27264838,0.5201824698653567,0.0004187461731802181,4.4302526812776595e-06,1.5039003959502358e-06,7.707984719333375e-06,0.4656697030432717,8.726996691909279e-05,0.011770183498086529,0.0018579853153891982,-29.765048543689314,-1
27267285,0.00022014732904228454,1.784040537009389e-06,3.0318812535934185e-07,1.203865963251508e-07,2.546053416204861e-07,0.9992913010155611,9.331267045479799e-07,0.0004574189742493005,2.7737333842379704e-05,-28.737349397590364,-1
27269056,4.186817854280981e-05,8.919009948633227e-07,2.1393400605544082e-05,5.082900086444809e-07,2.205595762368906e-06,0.9347313419437899,1.2157470717027037e-05,0.06511187206144417,7.776115813443445e-05,-29.332352941176477,-1
27269065,0.4090985183559622,1.2197724377878904e-06,3.262545093342091e-06,7.733830217682e-07,6.377782534677539e-07,0.5841596132866104,1.3580494318580515e-05,0.006388433737105214,0.00033396064719718474,-30.895000000000003,-1
27270200,0.07986290076990792,3.665314840574845e-05,0.0012564150563737797,2.3737768327192723e-06,2.7276221521817235e-05,0.9158919070818266,7.238769324353575e-05,0.00044752787354605214,0.0024025583783420187,-30.146153846153844,-1
27270846,4.1660209261794346e-05,2.916587920016865e-06,7.852606666667373e-05,1.3973341470127038e-05,1.3290349507164709e-05,0.5187008846174584,0.1042114849932517,0.36711813875201604,0.009819125082447974,-26.752000000000002,-1
27271299,0.004102716589084582,3.885985783428152e-06,3.7022529528552123e-07,1.2835406830314484e-06,1.3531875087455195e-06,0.9792484666227258,8.555058578293187e-06,0.016367858649212787,0.00026551014112795833,-29.045454545454547,-1
27271832,1.9899558178227387e-05,4.527434282945601e-07,1.3757417120935208e-06,9.016108743639557e-07,5.570254938369743e-06,0.9956701067974624,3.1614470137385917e-06,0.004036230041218038,0.00026230180517452205,-28.615000000000002,-1
27272650,0.0007694691562305549,3.374454236152062e-05,5.366951777246545e-07,8.876899842081765e-07,5.450126920887535e-07,0.9920982137404628,3.3772026658788427e-06,0.0029432055603944495,0.004150020400030719,-26.805263157894736,-1
27272926,0.3903033953848052,1.1181389247263345e-05,2.360058228765456e-05,1.2479799692895381e-06,4.924507918889393e-06,0.5723146782799733,3.6846540505367182e-06,0.037297741396638065,3.954582510988839e-05,-25.75939393939394,-1
27272937,1.0619331889383566e-05,1.332680042725618e-06,0.00024105294004339714,1.8947988993740042e-06,0.006267474221416705,0.8929793544118692,0.0002178248001858826,0.0989697239806169,0.0013107228350365636,-24.800000000000004,-1
27273133,0.00010504293895605606,1.3307684431851601e-06,9.816537398832341e-07,2.020843631683299e-06,1.0814920312996484e-06,0.9909108798351,6.844644652512955e-05,0.007888765059965734,0.001021450961606964,-30.242857142857144,-1
27273193,0.0008814191367840561,9.521315186862409e-07,2.9670094360492836e-07,2.3424781140146452e-07,8.044928784789935e-07,0.9960301807509424,2.6685476611287875e-06,0.0023056495420882626,0.000777794449371895,-29.19391304347826,-1
27274096,0.09736617970116554,2.2455578462076975e-06,9.177343432236148e-07,2.518695911395295e-07,6.155116878547496e-07,0.9013827912050457,7.038871387844509e-06,0.0007164869111604633,0.0005234726377720718,-30.491095890410964,-1
27274147,3.275182063480352e-05,1.3169285101518636e-06,2.7027272702813063e-05,0.002496585688177889,2.544014130209891e-05,0.9598295283948357,0.0028197968944724096,0.0100502015548013,0.02471735130456292,-29.676388888888887,-1
27274349,0.0002069134542853943,9.321900406791916e-07,3.722140210710974e-07,4.2530229091345296e-07,6.732814059859819e-07,0.9937451920821335,2.9411720993096837e-06,0.0012118109181735236,0.004830739385549751,-28.347967479674796,-1
27274643,0.027728919199959696,0.00017243695008040694,8.941526028141916e-06,1.8615759196147146e-06,0.0003946916469659559,0.9030702750591868,0.0001042511164214947,0.0009325825379683346,0.06758604038746967,-28.37333333333333,-1
27275251,0.0654764897872013,7.903390802301285e-06,2.1537261552705202e-06,1.0175654047612663e-06,2.1483333505943474e-05,0.6122340862072585,0.0001528586058128307,0.0005061402815743835,0.3215978671022847,-28.677777777777774,-1
27275276,0.030121565170052416,0.0001638324538488463,5.492078559139761e-05,2.3108302732046825e-06,6.516922910080315e-05,0.9373195572968086,0.00013136334468953444,0.0006435127216495084,0.03149776816798559,-30.3,-1
27276721,0.0016840922583664028,1.419813399024907e-06,2.452482548573497e-07,1.7730735677187353e-07,4.2780721943977304e-07,0.997314122369439,1.4204741064429217e-06,0.0009493608941945825,4.873382766349466e-05,-28.6,-1
27277131,0.0016956752524585471,7.005390188963129e-07,1.1723486465462203e-06,1.5417787608261066e-06,1.2224003440451978e-06,0.9872663348524722,1.8863976600735985e-05,0.01070153228488463,0.0003129565668136089,-29.712396694214874,-1
27277206,0.0005058411000761398,7.716794981607062e-07,1.625818946087164e-06,3.475437932867394e-07,5.254437210769801e-07,0.9898115840527784,1.6718020445776303e-05,0.00959992656888087,6.265977186027984e-05,-30.05423728813559,-1
27277456,0.00016017243861103425,1.3946594335725721e-06,2.6166678341995926e-06,6.914643370384373e-07,9.789603949661425e-07,0.9097192640233616,4.5262771100106376e-05,0.08969810653146602,0.0003715124834615381,-30.770833333333332,-1
27277630,0.00025109029654492076,1.0138531942403029e-05,4.308666044492216e-05,1.5374533230170683e-05,1.0933839941921505e-05,0.1919671157237449,0.49545951558440715,0.3108400220580214,0.00140272277172225,-30.335714285714285,-1
27278335,4.2935384608081285e-05,2.9962540148789742e-05,2.1991748430051363e-05,0.0001733264818109048,0.06169766476155965,0.6050785684408384,0.001639315381304097,0.3001506914555171,0.03116554380578298,-23.06,-1
27278352,3.7291205847474265e-05,1.6573401470045422e-05,5.721446479759849e-06,0.0008286979525123355,0.04076558794242814,0.2636926441627032,0.011987503390585843,0.6772700441605815,0.005395936337391755,-23.276470588235295,-1
27278359,3.494208338637241e-05,9.368426616318522e-07,1.1452194308061884e-06,6.242061119859625e-05,1.1514594735333766e-05,0.14876110242439125,0.022536782279630713,0.8271288130342406,0.0014623429103249297,-27.988888888888894,-1
27278399,0.0006083969775961428,4.37079929861554e-05,0.0011656969558272543,5.486717439215905e-06,0.00107384557900183,0.9282600091505386,1.8010705958352718e-05,0.06862551417048157,0.00019933175017079716,-21.097142857142853,-1
27278418,9.93100892149328e-06,5.6016754171948e-07,6.25856238331441e-07,7.920581707030635e-05,5.659384726836602e-05,0.2603454220757837,0.0049468619079642276,0.7343634512194814,0.00019734809973037253,-29.08181818181818,-1
27279366,1.1001760875961595e-05,1.225280540181762e-06,2.381491176436271e-06,1.226222648327875e-05,4.869359741567865e-06,0.16183528876035963,0.06162128667515996,0.7764557139348465,5.5970510816684424e-05,-30.725,-1
27279382,0.00025195114802788415,3.7307943385804026e-06,4.82504885163995e-05,7.300925317751875e-07,2.3488371849630753e-06,0.46043596697110506,2.0535337043132863e-05,0.5387390027273031,0.0004974836039490844,-34.325,-1
27279447,1.3873265798262997e-05,7.586541030008146e-06,1.2451100891971209e-06,0.0006121050287035436,0.0006818173177910194,0.2172376959807175,0.014377574048705336,0.7668843289907683,0.00018377371639687355,-31.34615384615385,-1
27279469,2.9931695741908867e-05,0.0005849001751747388,0.0004861427485366732,0.1881797266747318,0.0008921551841659418,0.08536810792051316,0.3656361702329157,0.35829993166132235,0.000522933706897618,-20.531578947368423,-1
27279509,1.492021715216684e-05,8.921064241058755e-06,2.9312748805076633e-05,0.002345497973641901,0.0352437403731399,0.2412491318663134,0.029703127427773167,0.6913056156003783,9.973272855520981e-05,-26.579999999999995,-1
27279610,7.460591474174158e-06,1.3747331147436176e-06,1.5676908764339047e-06,2.131351323948286e-05,9.63066512557417e-06,0.5018173855081028,0.31440945879164517,0.17916020947976055,0.004571599026660991,-30.466666666666665,-1
27281508,0.0031885341201002477,0.0001616547064173111,3.0243520923752422e-05,1.97386977643033e-06,0.00015246750985691032,0.983811774164583,3.029600095235048e-05,0.0005227079309986004,0.01210034817639136,-26.33473684210527,-1
27282434,0.001489692950497739,2.2961865253379258e-06,7.599100066960741e-07,7.44697745203264e-07,1.097288579076159e-06,0.4802621560957996,1.2431651625067768e-05,0.5170917691634214,0.0011390520557998092,-29.829268292682926,-1
27282901,3.31912969215824e-05,0.0008865300592523093,2.547155584368754e-05,0.0016877138532822606,0.23349153043164678,0.039165856369923376,0.01063716940269376,0.7124745364659336,0.0015980005645025767,-19.725,-1
27282995,2.5423715714476577e-05,1.4124874572347505e-06,2.9848251765413374e-05,0.008063751177963121,0.000757212691783298,0.28437207072474296,0.002034567785621204,0.704614542138785,0.00010117102616720015,-24.57,-1
27283125,0.021512174107310114,1.2732297319362655e-05,0.0001538295160415268,1.1149518632468086e-06,6.099698478119344e-06,0.9321199780100203,2.642773132212824e-05,0.04443071743097605,0.0017369262566690913,-28.224242424242423,-1
27283358,2.356393757324481e-05,3.0308373865592332e-05,0.0006698204720408582,0.000741963002857083,0.010481739797257007,0.4219700109941161,0.31578377537009855,0.24813091393034187,0.0021679041218498735,-23.313043478260866,-1
27283987,0.00018712885901819366,7.228065718436395e-05,0.13098494713551623,2.0622935549561445e-05,3.418407665096303e-05,0.8265408755765347,3.633060487877402e-05,0.007103208177567757,0.03502042197709965,-26.837,-1
27284562,0.13753840987503888,2.3078845131819912e-05,2.8169145688728564e-06,4.300309411665815e-07,3.233818168147731e-06,0.8616002577079349,5.364942448092567e-06,0.00037179855213916567,0.0004546093136289746,-27.81739130434783,-1
27285077,0.015629096762950212,2.4622752813789025e-05,4.239117949000332e-06,1.0314854407445023e-06,1.9284724289336727e-06,0.9824938700950288,3.323741630403377e-05,0.0016125386623251207,0.00019943523475947459,-30.144230769230766,-1
27285996,0.00045924338385746255,1.0789448303717225e-06,4.470907086256929e-07,7.009640707971095e-07,1.715032672115582e-06,0.9908685475909614,1.2248138399971312e-05,0.008036263374861723,0.0006197554796375168,-29.21860465116279,-1
27286316,1.2959650845558658e-05,5.521369482313375e-05,6.283794363910263e-05,9.134187256421901e-07,0.0017427921334029056,0.9862785159313064,0.0002548356710959642,0.004593610839889861,0.0069983207162713,-21.489473684210527,-1
27286859,0.046926798816641885,1.4094209780417764e-06,1.1150382740709206e-06,1.6029901365048242e-06,1.2586390016497556e-06,0.8262577249217431,3.117237286649604e-05,0.12638547480428639,0.00039344299607192625,-30.52745098039216,-1
27287341,0.0006213454495537287,1.9120662035449947e-06,4.087530070461576e-06,2.9373171510201103e-07,1.6487054485008813e-06,0.9967816083864831,2.604413159665803e-05,0.0024808893412039783,8.217065772501405e-05,-28.275423728813557,-1
27288515,0.00013927394452092301,3.5848625131674343e-06,1.8711632417840184e-05,5.882680292179921e-07,3.988455793122914e-05,0.9971371888222229,4.5601648932860096e-06,0.0025113314725245207,0.00014487627494692983,-24.901960784313726,-1
27288757,0.027590464003130737,1.2979624000323683e-05,0.00012959938715831674,6.051859379103396e-07,7.711193000935508e-06,0.9715192142903103,3.966221054914249e-05,0.00047832655115100824,0.00022143755476131236,-28.225862068965515,-1
27288952,2.1552627130447134e-05,1.967364211124544e-06,1.92865805411578e-05,3.6413039192549325e-06,0.002983655281155666,0.90242651939509,0.00011800495473668852,0.09421591399811968,0.00020945849509585785,-24.015789473684215,-1
27288975,8.578961352351575e-06,2.584493718571648e-06,0.0005280151834974726,2.1147614719420164e-06,0.0009223195193907802,0.9381850780818108,1.0879590962279514e-05,0.05802636010561692,0.002314069302178876,-24.86842105263158,-1
27288980,4.0852866893789386e-05,1.6057021337619808e-06,0.000254839757241221,6.50337518667288e-06,0.0008149794558686217,0.7227804530413942,0.0013080559918467673,0.27403668280702936,0.0007560270024056608,-24.883333333333336,-1
27290039,0.00035583554862758887,2.067757032605515e-05,4.076508542081171e-07,3.006090715949568e-07,4.0186668352201865e-07,0.9988195046263255,2.5796005674748758e-06,0.0006278415205645674,0.00017245100697947636,-29.52931034482759,-1
27290905,0.03630453911696092,6.962936506153136e-06,7.917922445013447e-07,3.920651955862206e-07,1.5628922338477845e-06,0.9624383196857093,8.55886508151977e-06,0.0009058561253512604,0.00033301652071705845,-28.913043478260864,-1
27290998,2.3325968047496877e-05,1.3101467690219411e-05,8.013177325904726e-06,1.7664573437996556e-05,0.0020183236960338385,0.9664829893310858,0.00046220038021119544,0.014313368571856527,0.01666101283431113,-23.0,-1
27290999,3.37831640139463e-05,4.748832062453854e-05,3.5413398856580964e-06,6.712495617454231e-06,7.631635564758261e-06,0.8936199688730919,0.0001283163994194467,0.0836883981237991,0.022464159647983407,-25.7,-1
27291005,1.5873685460340678e-05,4.378768011910423e-07,4.6187623897180965e-05,2.1747713656031544e-07,3.694945355671677e-07,0.999275664513745,1.8514534745451531e-06,0.0005143450197470288,0.00014505285520250878,-28.29333333333333,-1
27291012,4.7319250069863375e-06,1.6955926442389366e-05,2.317110438880736e-06,1.000297829615168e-06,0.0002763745591173784,0.9890625322247922,1.6287240650588173e-05,0.00041795084480832567,0.010201849870913497,-21.571428571428573,-1
27291083,1.3894117710020699e-05,1.515930288318279e-07,9.846566849918617e-07,1.4832229618134018e-07,3.29700746129202e-07,0.9989960889120425,1.1326783528109527e-06,0.0009519711786095009,3.529884052898985e-05,-29.293333333333333,-1
27291147,3.731963240469384e-06,4.392316432467942e-06,1.9557347004316312e-05,2.9236384308556867e-07,2.1577068759295574e-06,0.9989899450670563,6.181926740731707e-06,0.000584174047502246,0.00038956726130426854,-23.77567567567568,-1
27291193,1.4121854894765194e-05,1.8312097610243849e-06,6.176769700743386e-06,9.03998703318076e-07,1.6739546324615603e-05,0.9913732973863325,0.0005548304084133818,0.004149012253379188,0.0038830865724904817,-25.355,-1
27291241,1.8144758696782595e-05,1.7819017671741132e-05,3.8092920162745655e-05,2.7860463609160096e-05,3.210991153433376e-05,0.9367723899825503,0.012883598931120751,0.02907835904064331,0.021131624974010874,-27.833333333333336,-1
27294499,0.00021530439642613824,1.6934128014147183e-06,1.775005388150495e-06,6.704663476596607e-07,1.8818253306008237e-06,0.914469237135021,8.633097439551601e-05,0.0850338267876404,0.00018927999664909617,-29.0632911392405,-1
27297944,0.019516312363040574,3.7511687926486697e-06,4.430871578556407e-06,2.7117673536905725e-06,4.562834596187398e-06,0.9430403923691169,1.3509060582285625e-05,0.03473613839130248,0.0026781911736366683,-28.286363636363628,-1
27298029,0.0007589484892088488,8.703200896030554e-06,1.4165450630584116e-06,1.3899065442224836e-06,8.876166212703259e-07,0.8473005999045219,5.265698062216943e-06,0.15113945722574004,0.0007833314133425336,-27.748214285714287,-1
27298207,0.9463674836864506,5.720037741064283e-07,1.9988752879974366e-06,4.4960110849445855e-07,3.761298973536328e-07,0.0094365780019453,1.2452091543764748e-05,0.04408705192024974,9.303768974269129e-05,-33.055844155844156,-1
27298831,0.01100487191116755,3.755007057919672e-06,9.907686929031582e-07,7.130577863149153e-07,9.5771777773462e-07,0.9575674633541155,2.756639131179185e-05,0.015576186203380549,0.015817495588709752,-30.633333333333336,-1
27301086,6.588686235016022e-05,7.881956275329857e-06,3.61315255172457e-05,1.0343389782929135e-05,0.0003229233890201902,0.7752284280314752,0.1407279896166238,0.07122123392964153,0.01237918129931349,-26.071929824561405,-1
27301588,3.092500587172282e-05,3.4496569052000253e-05,0.04821717516496954,0.02530110666787508,0.033125558387852354,0.358837126647478,0.42839311568808114,0.08789259137379818,0.01816790449502207,-23.08108108108108,-1
27303130,0.0005464272142688498,0.0003619503402933123,0.00016353129729674003,3.682377673741139e-05,1.0449628356245755e-05,0.2534531671040824,0.0005557540435288266,0.7304778280508657,0.014394068544570543,-26.25,-1
27303243,0.011861107944196887,0.0006507059913319057,0.00010290440893593693,8.025133440213127e-06,4.44441597455694e-06,0.6350133999656464,0.0002174302086170961,0.34718051924534665,0.004961462686510441,-27.49259259259259,-1
27304639,0.011648380652207777,3.7368559677354103e-06,2.9171346866917555e-06,5.264634147059371e-07,1.2058360797478122e-06,0.9739677632816562,7.286800744735616e-06,0.014229265234142804,0.00013891774109974872,-30.103759398496234,-1
27310870,0.07247247296716107,1.3382129797543823e-06,6.006047364346022e-07,2.054316999705804e-06,1.113127287310591e-06,0.028984642474353763,3.3103840427697885e-05,0.8984549518519328,4.972260412145609e-05,-33.576,-1
27311386,0.00012303970072972357,4.983982263662359e-05,0.0007348231622810091,4.395245480232262e-07,3.33241158579956e-06,0.9969338181539955,0.00027806223244912585,0.001045955158528635,0.0008306898332456015,-26.441258741258743,-1
27311627,0.002421767421722625,3.0650838148583362e-06,1.0327740030139769e-05,5.136716042649188e-07,1.1802960525159676e-06,0.9963504294361304,8.843744861013485e-06,0.0009662199050897189,0.00023765270069458214,-27.32222222222222,-1
27312527,5.469048298455487e-05,2.246970947727214e-07,4.425313896701772e-07,1.2550468955804703e-07,6.02239078810817e-07,0.9998553265824126,9.735276747331764e-07,6.971437640969371e-05,1.7900058265399248e-05,-27.317021276595746,-1
27314199,1.3177132777066002e-05,2.2009022524747186e-05,7.611478618956445e-07,5.376660310689185e-07,2.0593142746113145e-06,0.9944740146205987,7.228629566869888e-05,0.00431162285316501,0.0011035319470981287,-26.705479452054796,-1
27315036,2.0096953396477815e-05,2.074724406945901e-06,7.543653192201489e-05,6.55004557632857e-05,0.00013915686186760726,0.9640329383794795,7.897028646681274e-05,0.031641969593789884,0.0039438562129075014,-26.826422764227644,-1
27316574,0.02661979433018476,9.635232871706661e-06,1.626818260617418e-06,9.304171499028582e-06,0.00029870673999095624,0.8357954305747276,1.132644486534101e-05,0.12379764963562834,0.013456526051971632,-29.150775193798452,-1
27317646,0.0001574973124043025,3.364946260115145e-06,9.470554125874984e-06,4.780662091922999e-07,1.489248851090093e-06,0.9954830179280719,9.963326076917952e-06,0.001823024329645536,0.0025116942883550582,-29.670833333333334,-1
27319072,0.5269476590119945,1.3436254711861803e-05,1.0429513774472587e-06,2.758525396542617e-06,5.641983354003552e-05,0.4486007074806908,7.102716889548103e-06,0.006524307412408751,0.017846565812990527,-29.290277777777778,-1
27319892,0.22768401738188918,0.00019428678682359226,1.0310596812663825e-06,1.1609616808606548e-06,1.8568972041891635e-05,0.755967954637949,2.0638542248883336e-05,0.007838916071080131,0.008273425586605149,-28.088659793814433,-1
27320262,0.0006820979528327945,0.00029942130163729535,7.854542609256437e-06,2.8035657076936828e-05,9.632179289803351e-06,0.9180538272991644,0.0008252233235959466,0.06699165646083458,0.013102251282959063,-25.762068965517237,-1
27321197,0.02948802028076853,3.5728837292888716e-06,6.969864116047258e-06,5.97327326686483e-07,1.204656182422842e-06,0.9675909433100467,1.5187853550558e-05,0.0026513259051342045,0.00024217791914567574,-30.267226890756305,-1
27321202,0.00017402273103061036,1.397364536115316e-06,2.1176027459072066e-05,1.3740451836797744e-05,9.30592143435628e-06,0.8855064056183215,0.0021553742683969295,0.10908918335865828,0.003029394258326484,-28.675,-1
27321241,0.19624208572823562,3.3759286886509164e-05,2.132026176786249e-06,1.0671039655734934e-06,2.1668270425758382e-05,0.33521670291275774,2.6530518865345775e-05,0.0006249077081581611,0.4678311464445285,-27.932499999999997,-1
27321582,0.03439942348425159,4.094286057149675e-06,3.1707859084859986e-06,4.674121458555512e-06,5.539226331908686e-06,0.4645739787016591,0.0054854844911915186,0.48811146600193134,0.00741216890121031,-30.53076923076923,-1
27321885,0.0002342743601616955,6.100988769182268e-06,4.745685913150176e-06,0.00017170778824095867,5.253796519410483e-05,0.6608239340182167,0.19598019985033793,0.1399218768453565,0.002804622497809763,-30.299999999999997,-1
27322213,0.010515562767801967,0.0001794896780197744,6.959678430931506e-05,1.8980122033354388e-06,9.511143501327136e-06,0.9375160520112396,3.9309781030142334e-05,0.04669745932227187,0.004971120499622726,-30.37878787878788,-1
27322239,3.051517136976262e-05,2.1941884851553407e-05,0.0011081639792887257,0.0021071968743877406,0.06708390147378054,0.5621755012788763,7.507880416605483e-05,0.36609793782755895,0.0012997627057203406,-23.638461538461538,-1
27322774,0.00015809202862620428,7.820911206666483e-07,3.4110984244164764e-05,8.016096575466478e-07,5.3972796515612076e-06,0.588885288246115,0.40979695692243745,0.0005335941186254028,0.0005849767195221862,-26.208333333333332,-1
27323256,0.00044725411341700854,2.5766350956163414e-06,2.0740128809361943e-06,2.1136573397902905e-05,4.066693735981422e-06,0.7297315869821335,0.2520779907461735,0.016672616057369964,0.0010406981857957204,-31.236842105263165,-1
27323692,1.6669132522435336e-05,5.246267858487425e-06,0.20170689572529596,5.127823453487111e-06,0.0007945068725578874,0.7043657298544528,0.03374594580347818,0.03265025704950511,0.02670962147087571,-23.914864864864864,-1
27325257,9.364236256012784e-06,0.42079571879404903,0.00019492509151505948,2.3193219315535682e-05,0.0020897383927466545,0.04923785989805767,0.001041402056981447,0.5100393120188592,0.0165684862922195,-12.950000000000001,-1
27326782,1.059271320186685e-05,1.6459008499855248e-05,7.52902371582679e-06,0.00045881612466070257,0.0018426861741983735,0.22919240207765368,0.004572455074682772,0.7637876579354896,0.00011140186789735775,-21.709090909090904,-1
27326804,5.680650445332904e-06,4.2802394787165796e-05,7.531555933373477e-06,8.675558087498257e-05,0.001944637400099278,0.007087711683807646,0.0005619553205884943,0.9901741822845057,8.874312895804368e-05,-19.98461538461538,-1
27326842,5.650585537743335e-05,0.0005020560526887763,1.0478012975562353e-05,0.0003456190834888411,0.002873374898741592,0.12775115911810125,0.16851850199303545,0.6947709720573616,0.0051713329282295556,-13.5375,-1
27327185,1.0148912795926848e-05,2.8550012317914253e-06,6.418100809559436e-06,0.0008989219579578897,0.012184363865342726,0.14331297214704583,4.8476467007016535e-05,0.8414068517873827,0.0021289917604264416,-21.29761904761905,-1
27327671,0.4503547524653637,1.3355050077232934e-05,3.2069881152216785e-05,1.4052536124529443e-06,0.00013374381679506702,0.5288104152413863,3.548097750699013e-05,0.0028025820560737677,0.01781619525803228,-28.83582089552239,-1
27327877,0.0001337814729643919,9.625072292616724e-06,1.9666082432944894e-05,0.03874994798263917,0.00017310533105974668,0.8349468614345895,0.017759414074154302,0.08735055081002405,0.02085704773984315,-25.813333333333333,-1
27328781,0.4760320709802509,9.312105029499476e-06,1.2884305594974555e-06,1.431090844497196e-06,3.2755252949688302e-06,0.2964487672276662,3.033164654202182e-05,0.2271841674572103,0.0002893555366022281,-32.430232558139544,-1
27329054,0.0009160324864751718,4.845096500502903e-06,3.933771886203318e-06,3.759583192908635e-06,7.068347033542077e-06,0.4408345526110605,0.002036228692671044,0.5324819183408747,0.02371166107030543,-32.70153846153847,-1
27329113,0.1608159184680067,0.0002090759061599938,8.926480423828616e-05,4.0586649399910715e-06,8.195298345453167e-05,0.7183283844636443,2.7128769171665107e-05,0.0009714765932912678,0.11947273934709321,-26.64666666666667,-1
27329179,0.00019138832679325507,9.993937189559504e-06,3.096677566301912e-06,3.146173163140298e-07,5.210985340606094e-07,0.9875281094356255,7.681518390387362e-06,0.011956728331122508,0.0003021660574620626,-31.900000000000002,-1
27330098,0.01474568015031148,3.872076206641568e-06,5.233458282509302e-07,6.839536000364831e-06,1.1127622374586725e-06,0.9782339283968658,1.4964169016098102e-05,0.006917596489511529,7.548307402233174e-05,-31.581052631578945,-1
27330398,8.309559468949847e-06,5.929719812217017e-07,7.2728477715535e-06,3.177789777187891e-07,1.1119419443793524e-06,0.9976185500459399,1.2109499943579511e-05,0.0004232836995351685,0.0019284516544374533,-26.107142857142854,-1
27330675,7.97086897060456e-05,1.035285200805692e-06,1.5219413993657727e-06,5.463776030246452e-07,8.138084440996322e-06,0.996519955615411,1.2655901092415615e-06,0.00037853830319618147,0.0030092901129334356,-26.084210526315786,-1
27330798,0.0001357485308277271,9.320092986552664e-07,2.2704656043000697e-06,2.750850691643212e-06,1.7713586519970841e-06,0.9169524998688287,0.00012260501598843808,0.0817831556242172,0.0009982662758913894,-28.98846153846154,-1
27330903,1.5080605792270913e-05,5.7752116629522465e-05,1.4059676253635181e-06,2.457704737990194e-06,0.15174385456147793,0.8282773769421239,1.984642365950294e-05,0.010809946243814482,0.009072279434139071,-22.78333333333333,-1
27330971,6.856371100592596e-05,5.985531311806753e-07,1.454461625870888e-06,7.962949755298511e-07,1.0676998104839178e-05,0.9919705458581556,4.090900087048195e-05,0.007221445391411623,0.0006850097307190522,-27.559405940594054,-1
27331136,2.001033534963539e-05,8.723340443811274e-07,3.789555016906555e-05,8.006315239780217e-07,1.5463376576450004e-06,0.9400148274055576,1.520794345189743e-05,0.0589721967448429,0.0009366427174029917,-26.526249999999997,-1
27331288,0.00037179369643739206,2.30181286675018e-06,1.7522748739811707e-06,5.608239442633484e-07,1.8036287773740083e-06,0.958637883712208,3.461382079348539e-05,0.03954718692505519,0.0014021033050434463,-30.952439024390248,-1
27331368,2.1588243204380877e-05,0.001216003299904689,2.3918196446368356e-06,4.4520676458615746e-07,2.813359285214504e-06,0.9937706667048569,6.291622902356528e-06,0.0033879864009285165,0.0015918133425086277,-25.89090909090909,-1
27331597,0.00035079361689074916,1.849753396069983e-06,1.1095756481668254e-06,1.9866172319227954e-05,2.2950531445486577e-06,0.9717384741110895,0.004153056333295093,0.023619836834285878,0.00011271854993078305,-30.65625,-1
27331897,6.172118814791317e-05,4.981285710246292e-07,1.0358134334005441e-06,3.143558390171664e-07,8.060114861392564e-07,0.9901197770089631,0.0021034945010943514,0.007510322846664116,0.00020203014580086787,-28.776666666666667,-1
27331898,0.0008718398062651641,1.1325137967449391e-05,6.954734335575688e-07,9.161925717221199e-07,1.2290700358077848e-05,0.984164048846935,2.49900393702455e-06,0.014677238533477823,0.00025914630505414305,-28.827906976744185,-1
27331924,0.0008279350363289469,0.0025756301408000077,0.00010922637884109199,0.0015693654527971356,0.16643258234506178,0.1491692630954931,0.0004903626864620752,0.001834974074048728,0.676990660790167,-24.588265306122455,-1
27331936,0.0034712058459281047,8.831096472793464e-07,1.989504096995554e-06,6.11644618243039e-07,6.39409814186237e-07,0.9945373670507365,1.614587386850239e-05,0.000918715956151041,0.0010524416051389935,-30.443902439024384,-1
27332145,2.978690686701129e-05,6.236079661698066e-07,2.8674403542661954e-07,2.8714077537778466e-07,2.7852271918394125e-07,0.9992142406017198,1.1135810053664822e-06,0.0007194873684172005,3.389552649448036e-05,-29.296190476190475,-1
27332389,0.2220339477545552,0.00018103069761094082,2.2443387552971545e-05,1.5159302707579256e-06,2.94580073463118e-05,0.7684459941094813,3.8567097261779074e-05,0.0047397907443706404,0.0045072522715501745,-28.271891891891887,-1
27332497,0.08043864841740897,2.3864176528380395e-05,8.790128729285746e-05,1.0223224254819526e-05,1.1802077897346781e-05,0.40197926334709183,3.926263590580985e-05,0.5060308716388834,0.011378163194736658,-33.38148148148149,-1
27332504,0.000467917706306421,8.862850105596614e-07,1.2558991334048661e-06,1.66284431036655e-06,2.458177535755438e-06,0.9518089025452913,1.2624082648523899e-05,0.04401000102932771,0.0036942914304358516,-30.156818181818185,-1
27332769,0.00016698565011967844,0.00018050968537293658,3.415724021819064e-06,2.445812024176606e-05,0.0005420827266509013,0.10815978886738398,0.0020827494031144386,0.009626445971009371,0.879213563852085,-31.73846153846154,-1
27332988,0.0038033145824575183,0.00012498010448014062,2.513014446334216e-05,8.310560607499603e-05,0.00024719893933893846,0.505484099719913,0.0002891829347011902,0.011999511985736023,0.4779434759828347,-27.014705882352942,-1
27333044,0.45958515850520554,5.13356162346113e-06,9.709564652836883e-07,5.977918663053437e-07,2.468494013039152e-06,0.5095028458131743,1.8446045701483782e-05,0.0011649944401928946,0.029719384391757718,-28.714285714285715,-1
27333961,0.00010214681464923505,3.248421406884387e-05,4.089589693145866e-06,1.757458333636011e-07,6.246896072416347e-07,0.9989464937826021,1.0336950848850144e-06,0.0008360902456591423,7.686122280201281e-05,-29.52385321100917,-1
27334642,0.0017848771848975465,9.067309469080846e-06,2.8243506316280154e-06,2.1965950037537433e-06,3.354094847018492e-06,0.9645763223247498,0.0001602462385474127,0.03322534362855249,0.00023576827330139974,-29.65483870967742,-1
27335022,1.6241957611005682e-05,0.000738237562635768,0.002329419476237085,0.52429712278293,0.0020930122332774416,0.0053066253761165924,0.40651030086615514,0.05853657359747562,0.00017246614756151376,-18.816666666666666,-1
27335499,1.4781728444094354e-05,4.897141306047815e-06,0.0008710936682285363,6.634155311386921e-07,2.3698285632657865e-05,0.9958055213288409,2.71850581731927e-05,0.0007298217475479741,0.002522337626295455,-26.23378378378379,-1
27335500,9.66077209066021e-05,5.700897039273368e-06,0.00013072584831340893,8.192111880966467e-07,1.678360435982007e-06,0.998186814858224,0.0002937891368391736,0.0008745161339745644,0.0004093478330790054,-27.153225806451612,-1
27335920,0.0053157478212720235,6.48873628102025e-07,7.42553224772389e-05,5.6928185782968e-07,5.353735702667376e-06,0.9809094091940624,7.553370261709136e-06,0.013422626988213938,0.00026383541252404495,-27.648936170212767,-1
27335937,0.0008362784578170055,9.665627591586483e-07,5.788355192586863e-07,1.7041330235316745e-06,1.233607197931238e-06,0.9901990307968811,0.00010475248016047344,0.005970009446062053,0.0028854456805795163,-30.37428571428572,-1
27335972,0.00015406626281143056,1.0495073197577763e-05,7.062762497876018e-06,7.336848439918483e-07,3.277807170844117e-06,0.9358080712924535,1.6077465892966088e-05,0.06366879477255624,0.0003314208785755822,-28.439130434782605,-1
27335985,0.0023797237198323233,1.1050306659103406e-06,1.5697825506788512e-06,4.252161533300724e-06,2.4517982670073105e-06,0.9215133759446787,3.2569393768694605e-05,0.07536556467700438,0.0006993874916989183,-30.457692307692312,-1
27336264,7.210333106202106e-05,1.7809997265189606e-06,2.8472356750965665e-07,4.817793635269933e-07,1.0517144986082075e-06,0.9977249423709058,2.398101996880006e-06,0.0020300395860122786,0.0001669173928668934,-28.44814814814815,-1
27336301,0.0003931761077432038,2.1892779742657522e-06,1.8623029629537556e-06,1.7897133094518685e-06,0.9213071039277623,0.0734236693654895,7.2315236243392454e-06,0.0035162814098488523,0.001346696371285217,-17.817857142857143,-1
27336331,0.007177659530826522,5.4753862471895405e-06,1.1922217614035207e-05,1.1536493847171396e-05,0.43970708668455305,0.49751660002170517,7.433254519268826e-05,0.052607690460931764,0.00288769665908244,-20.000000000000004,-1
27336345,0.00028509217651183957,5.23684953740968e-06,2.0308880944962966e-06,1.4475376294302706e-06,1.5661965229932465e-06,0.9899513213401177,9.028872331286906e-05,0.009589655194638964,7.336109363426644e-05,-30.93125,-1
27336370,0.0020389402678502974,1.948101281572116e-06,2.7552902588298125e-06,2.8009020799460407e-06,4.906995025032802e-06,0.8709540837097478,0.005731741939573697,0.11981549091593557,0.0014473318782472129,-30.454545454545453,-1
27336506,0.021313209428077323,9.66266177722648e-05,3.2503596295160144e-06,1.0574886205316596e-06,2.3310497138226435e-06,0.9770595822138045,2.6531917884615063e-05,0.0008763246666584278,0.0006210862578390293,-31.052380952380954,-1
27336625,0.000403375380862386,5.794842739862822e-07,4.54150530919546e-07,3.65287038149203e-07,1.0056194732234432e-06,0.9906359659301771,6.099668824587451e-06,0.008079319017559388,0.0008728354612602584,-30.920588235294108,-1
27336709,1.3559337164909536e-05,3.3981759598714818e-06,3.2438276169754385e-06,3.657651540791819e-07,8.932251631502422e-06,0.9944698084197867,9.805139024452502e-05,0.004870883048264642,0.0005317577841766877,-26.10451127819549,-1
27336822,0.0004107189950177508,4.7277514959548836e-07,5.368128718735629e-07,9.913581106469577e-07,0.996401334549805,0.002335630108121894,9.625837853240001e-06,0.00029340768130716783,0.0005472818817627529,-16.087500000000002,-1
27336898,0.09444068215940296,2.881666485695341e-05,2.9821891851105294e-06,1.55849426729701e-06,1.008180665220247e-05,0.9027021223866504,7.734184311127686e-05,0.00026793222788364465,0.0024684822279902228,-30.60967741935484,-1
27337000,0.0008953368312427925,1.0571659237090761e-05,2.1748293121319767e-07,2.389364086255772e-07,0.9937969664908902,0.0038956100674008252,4.579376694483614e-06,0.0001420179503737714,0.0012544612048210474,-13.66027397260274,-1
27337095,0.0004115052896471654,1.2955335792559059e-06,3.7061170331769234e-05,8.623238473876265e-06,0.0001462531046884346,0.9676492852836656,0.0005054381219016291,0.030902866034792732,0.000337672222919283,-26.769811320754712,-1
27337441,0.0006044279350418402,9.494793289343988e-06,0.00013543410943178338,4.2387421260992124e-06,8.767727897301664e-06,0.9552987261135251,0.00042595122855228494,0.04188362571638861,0.0016293336337477292,-28.313953488372093,-1
27338015,2.275762395412876e-05,0.1393916401480044,0.007535380910487148,0.0002242637939477516,0.3037285190405181,0.19437611071373795,0.00012380559566665323,0.35379145017359387,0.0008060720000900815,-18.645,-1
27338261,0.047817364412351494,1.8429574248200589e-06,0.00018107929436121054,3.1381715851213743e-06,4.388296349592007e-06,0.7753944320665471,9.961279763031842e-05,0.17533121337479451,0.0011669286289558729,-27.807070707070704,-1
27338374,0.23909340578388488,3.3485732125940977e-06,9.820196022092825e-06,6.981039877505791e-06,1.3773258643534903e-06,0.05839824323201416,0.0001401072780887965,0.7011628462114831,0.001183870359552584,-31.7,-1
27338487,5.151884099775834e-05,2.3041775355723733e-05,5.4162175239607844e-06,3.116535206187626e-07,1.0606374422555206e-05,0.997589497581534,1.1717822087728356e-05,0.00023282412753805422,0.002075065607019452,-26.24036144578313,-1
27338573,2.057195569191243e-05,3.086780741297923e-06,2.2475485070219703e-06,2.456234164685811e-05,1.0055044146457209e-05,0.8976379799718863,3.7050129694797835e-05,0.07846460129889826,0.023799844928787055,-28.077272727272724,-1
27338627,0.04112275231966893,1.070676236638885e-05,5.425156168775981e-06,8.22581368208214e-07,1.4667411889137027e-06,0.9055748839268449,6.293879916870116e-06,0.004633815740031052,0.04864383289244585,-27.469072164948454,-1
27338828,0.7360610884860377,8.573645070451082e-05,9.960191001633712e-06,5.028063829065705e-06,3.0690426976248934e-06,0.036905988334376964,0.00031055479142999006,0.10355756208532603,0.12306101255459656,-30.675,-1
27338955,1.0283327551136049e-05,1.643340417012259e-06,2.8081867243023794e-07,9.210114794384756e-07,5.176285409065271e-07,0.9968399976211666,4.860420821833828e-06,0.003124919948209776,1.657588314100289e-05,-28.837499999999995,-1
27339257,0.491875249722918,3.429747799380898e-06,8.199472705149936e-06,1.8557724917609267e-06,1.5544462542266903e-06,0.39915004114425023,0.0002619090986250394,0.10742149162204244,0.0012762689729136822,-31.36296296296296,-1
27339480,0.0005750629509495709,2.716941462708233e-06,3.082419961787906e-07,9.513651018834075e-08,3.694884689379285e-07,0.9990049272099635,1.2058654210363587e-06,0.0003781227982066439,3.719136702125329e-05,-28.94705882352941,-1
27339989,0.2232538709824638,2.1774955870557543e-05,2.6438639897468783e-05,4.018837895236155e-06,2.9421262362301093e-06,0.6821143732808249,4.7811080727616825e-05,0.08874862235789108,0.00578014773819336,-31.035064935064934,-1
27340997,0.1028753677332472,2.144153350234022e-06,3.919709381915906e-05,3.8607470839077594e-07,1.0475427349460008e-06,0.8962449569450921,8.755518058586777e-06,0.00039761700008235324,0.00043052793890690464,-28.911290322580644,-1
27341248,0.012757940631889408,6.170377953749778e-06,1.5593247401299258e-06,2.751996572900397e-06,1.1872145917407326e-06,0.011136231845339383,0.0003319913804132853,0.9756887281704543,7.34390580450155e-05,-33.22962962962963,-1
27341296,0.00588433220716609,2.7359024858184975e-05,0.0003792025432747031,1.7904661014095802e-06,0.0007897476054370036,0.9753515214171655,0.0003788635343968804,0.005076948676710396,0.012110234524889792,-25.03421052631579,-1
27341878,3.480217058507031e-05,0.05559391073436646,0.0001523959104880429,0.0043480530254459086,0.07678158280555988,0.27770335007369384,0.03763772615920139,0.21654015741977997,0.3312080217008794,-20.61346153846154,-1
27342302,0.041535047205090644,2.231863784757265e-06,2.2707769976521495e-06,3.2846153064870873e-06,2.0196173113055726e-06,0.9519257040754814,2.200349079700281e-05,0.006229810971667442,0.0002776273835634487,-29.926984126984127,-1
27342483,0.10696895634759121,3.7937297686179823e-06,0.0007418589976834394,9.861165440993708e-07,1.44816857549556e-06,0.8752993312885703,1.9969326125756962e-05,0.016831714875596114,0.0001319411495449398,-30.301960784313728,-1
27342678,0.0036967020706962133,9.819079441991814e-07,1.2365337926256379e-05,9.058451134601857e-07,2.3843838024924835e-06,0.9121188016206812,4.3458316704219276e-05,0.08376338711107069,0.00036101340606121496,-27.68387096774193,-1
27342880,0.09634743826204077,1.5311257483445447e-06,1.2975903956198014e-06,5.579245064017126e-07,1.106756710446014e-05,0.8967320018243475,7.095966588638386e-06,0.0007601809449215363,0.006138828794346587,-28.402573529411764,-1
27342921,0.060595626586573734,1.2896043781206345e-06,1.3683969335363011e-06,1.2107112924388524e-06,2.2834743613096743e-06,0.07652753058868042,8.689209599321859e-05,0.862665830276633,0.00011796826515426578,-32.83,-1
27343006,0.45675446891739363,3.065297104209996e-05,7.581642332122281e-06,1.9648107871892446e-06,7.157080528296537e-05,0.4511242273055611,1.5421202557190808e-05,0.082088663106564,0.009905449238479616,-27.350505050505046,-1
27343023,0.0127410370308633,3.0015261682800927e-06,8.922375645297842e-06,1.6371853426248456e-05,7.0576003309061695e-06,0.29577267406798485,0.06889991124166939,0.6191644160193363,0.003386608284575493,-28.945161290322584,-1
27343037,0.00010526587304375322,3.835081870870575e-06,3.2363353481104088e-06,3.114562943536317e-07,2.5900568292144992e-06,0.9971738943412373,1.2732349278663419e-05,0.0020744784188040572,0.0006236560872936879,-27.814285714285713,-1
27343163,1.1728389927664332e-05,3.994708559770593e-07,1.543571248849714e-06,3.342131597004973e-07,6.538790109151227e-07,0.9624213749667081,3.001981700494385e-05,0.03744558982473324,8.835586735076512e-05,-29.214893617021275,-1
27343271,0.0003983171890716567,1.1002904134047629e-06,3.4963909979070325e-06,6.160778650095763e-07,6.764265140470594e-06,0.9690234754751499,6.910827249139185e-05,0.03046308580808666,3.403623078358733e-05,-29.514814814814812,-1
27343273,0.00019132696655262802,1.211525578800841e-06,1.941384674576541e-06,1.5542691542117026e-06,1.636881490792133e-05,0.7341403256652025,0.0002272817302041381,0.2650312467386063,0.0003887429051189679,-28.3578125,-1
27343350,0.0020008057777037287,2.089852218007798e-06,3.8757156493549464e-05,3.271813592044739e-06,0.0013101104987846659,0.8588776459421096,0.0023604936757858313,0.13519224266693125,0.0002145826163812992,-26.071428571428573,-1
27343416,0.0010237837293236847,8.536282222671693e-07,3.837717321269117e-05,6.161491270806286e-07,1.0668556027742112e-06,0.9943361830086783,4.956120847696446e-05,0.003447387200610808,0.0011021710467454834,-27.653333333333332,-1
27343473,0.6187015062988932,1.0806595479426403e-05,1.085170113743913e-05,3.286334551391155e-06,3.571858055725623e-06,0.24864396634962324,3.990682764428266e-05,0.1318797064516004,0.0007063975830147115,-29.036363636363635,-1
27343813,0.0015462251213929645,3.1823432621089245e-05,4.303528341640157e-07,2.496492693648158e-06,1.576977879461581e-06,0.7141014925956665,0.00011552743245507348,0.28386518874722005,0.0003352388472371381,-28.610937500000002,-1
27344088,0.00046617829852672817,4.952943654896453e-06,4.0773827108241625e-07,2.596369260759536e-07,3.5418703122932867e-07,0.9990515932652404,3.708598077726673e-06,0.00041157921754774433,6.096611472411339e-05,-27.169354838709673,-1
27344466,0.01451991591783946,8.963557697727435e-07,3.7525955075786956e-06,2.9886358742590607e-07,2.7467837467230246e-06,0.9801536899988686,6.843531805632573e-06,0.005201010737164133,0.00011084521571067462,-28.968217054263565,-1
27344470,0.1451360491836196,1.66378876029664e-05,1.766336129973364e-05,1.501380729272563e-06,3.927452570312134e-05,0.5450001767665468,3.135788224408451e-05,0.0003514102431322275,0.30940592876912215,-28.24411764705882,-1
27344606,8.432978163514596e-06,6.559355591850852e-07,1.1075479017484157e-07,8.585994256434645e-08,3.144167203533078e-07,0.9998386549315958,4.4769108367047e-07,8.04606699281653e-05,7.083676221648697e-05,-28.842056074766354,-1
27344607,1.1529525793216887e-05,1.749384840637436e-06,1.7195450758370686e-05,2.340132064558828e-06,0.00024296561275469991,0.9834330708662102,0.0005729290407212532,0.007134320230761911,0.008583899756095114,-23.228205128205122,-1
27344727,0.005445534069331828,8.303155476658898e-06,5.580624840250105e-07,3.693500872907673e-07,8.993873703074854e-07,0.9850019968297298,2.1550765219719582e-05,0.0063885347796917525,0.0031322536006086013,-30.78554216867471,-1
27344831,0.047482436699174936,3.7346268970068405e-06,3.2303544213077014e-06,7.926378762764364e-07,1.5841250542920516e-05,0.9439551963616746,1.0469030709687137e-05,0.00037710530006592396,0.008151193738637336,-28.85849056603773,-1
27344892,6.9586638140486834e-06,7.475030653635191e-05,0.007152289229832497,1.3797939101219928e-05,0.047403372358075256,0.894018511916878,0.0014345546854621352,0.014464961509202772,0.0354308033910978,-22.077272727272728,-1
27344953,0.005201333504791328,3.18108636216768e-05,5.65554269003353e-05,7.460506574374685e-07,1.8100192307831179e-06,0.9927830456520599,5.013132197450792e-06,0.0016960311260884216,0.00022365422445260537,-26.443548387096772,-1
27345000,3.442800124170825e-05,6.153083013509804e-07,3.0066631843304045e-06,3.919396375874632e-07,4.3185013633353355e-06,0.9814667057710876,4.8005404967905576e-05,0.00879977059922336,0.009642757810992799,-26.322727272727274,-1
27345126,1.8907048442310886e-05,2.7208252984987206e-06,2.1719387465764276e-06,5.724912340890968e-06,7.822811782094554e-06,0.8974155634564417,0.00026944614017648273,0.04372595555612607,0.05855168731064546,-26.900000000000002,-1
27345197,3.3457315410084174e-06,1.3099453506138345e-06,1.3923883850610009e-05,2.9768434549269428e-06,0.00012022684038998782,0.9598973115940636,0.0001303434634857635,0.010902490231929254,0.028928071465934135,-24.20163934426229,-1
27345260,8.735031066840973e-05,1.2129102302292456e-06,2.603573861450595e-06,3.5628333567675142e-06,6.144114762244802e-05,0.6421683731234604,6.283297586169429e-05,0.34939017123016597,0.008222451894772675,-28.126027397260273,-1
27345358,3.0479852872743943e-05,1.1881824345383626e-05,2.9664011933215313e-05,4.658908603956894e-06,0.0011095971440764673,0.9942950360818162,2.6098938069098606e-05,0.004003254462197928,0.0004893287760848321,-25.999166666666667,-1
27345381,0.016712162424550953,1.1956129842460662e-06,0.00043262410745675063,1.642846708555811e-05,0.0002192918630503411,0.8961123260618882,2.480027340407933e-05,0.08560176056589679,0.0008794106236831908,-28.248780487804872,-1
27345424,0.003233895301775568,6.743650399816288e-05,8.883623970132383e-06,9.84715027349032e-06,0.0006238055847912307,0.9794211215558922,2.6101974856744824e-05,0.004972852131398869,0.011636056173043422,-26.43366336633663,-1
27345483,2.3957409544458846e-05,1.0334041511706609e-06,1.3501304071933857e-06,1.4794563691306072e-06,1.0204158320501214e-05,0.6788747919129603,2.370004517095346e-05,0.31953328629453615,0.0015301971885401079,-26.069565217391304,-1
27345484,0.0004935425786460341,2.607111935687445e-06,5.259987713565779e-06,5.273914656612394e-07,2.328274487612406e-06,0.9720527815618178,9.143481748818809e-06,0.027407305738523062,2.6503873661803496e-05,-29.258333333333336,-1
27345491,0.012600028331600016,0.00014633680109238774,4.728602204944453e-06,3.363899789417895e-06,1.1706040166195607e-05,0.9027421217235228,3.891328026658566e-05,0.011324561635893259,0.07312823968546447,-27.16688311688312,-1
27345640,1.5324228858594335e-05,1.0878014839138993e-05,5.644270636849614e-06,3.7530362336639426e-07,2.551537496462455e-06,0.9595346237700635,1.144823576355821e-05,0.03897529427292092,0.0014438603657976412,-26.043243243243246,-1
27345805,0.0013104063849188005,1.7287556036036288e-05,1.7639301484573978e-05,7.969398584697899e-07,2.9479173837518987e-06,0.8987261568269229,0.0012643062595005497,0.097975878748174,0.0006845800657211293,-29.740000000000002,-1
27345892,0.0003819065436683472,5.623941234065613e-05,6.1459521623222435e-06,3.9765460494313205e-07,8.882108978653613e-07,0.8807648909287685,6.485660164489312e-05,0.11853037235030998,0.0001943023456024913,-31.354166666666668,-1
27345998,0.0049881663282368306,5.516254340944821e-06,7.882536995455309e-07,7.790676468608555e-07,2.4296482299330207e-06,0.965309947062984,1.1610123365649424e-05,0.026051556313249714,0.0036292069482464612,-29.95,-1
27346019,1.8556169621116638e-05,6.572858733676059e-07,1.6877494989923026e-06,3.320559648207154e-07,4.2664601309659046e-07,0.9989016449264815,2.896085006377058e-06,0.0007025862393041291,0.0003712128422365483,-28.04666666666667,-1
27346052,0.1782282615571406,1.7784448566819435e-05,1.2548453735003796e-06,8.607257753357006e-07,1.8843770331368843e-06,0.8110274668048169,4.461269675779747e-06,0.0009783418615096095,0.009739684110108482,-29.772316384180794,-1
27346053,5.560331053780589e-05,1.7045936434891846e-05,0.0002462877447843467,7.308078820543777e-07,1.4224218579513556e-06,0.9985685531021442,9.536873428173247e-06,0.0003743299321331403,0.0007264898707973021,-26.503174603174603,-1
27346187,0.0004161788166103885,7.9354139310662e-05,0.00010794702408888294,6.017615029850611e-07,2.313663008226731e-05,0.9984674531065998,1.4239204486539257e-05,0.000547052444417313,0.00034403687290092004,-26.2828125,-1
27346254,0.00012054979187486872,5.369412161768656e-07,4.703144703677376e-06,3.2880637819504605e-07,5.10870974293846e-07,0.9952574338694207,7.966811693765386e-06,0.004374431399267865,0.00023353836447042114,-28.288157894736845,-1
27346306,0.01600475780449436,1.1101592342404304e-05,4.337965248887126e-05,5.27814149515212e-07,2.733606843569285e-06,0.9833169220388068,3.542142558422111e-05,0.0004469034636981512,0.0001382526015919849,-28.392857142857142,-1
27346333,8.743071575039078e-05,6.523093979086847e-07,1.4333805023013736e-06,7.838527249404357e-07,5.990207977245137e-07,0.991546421266904,6.186305133593071e-06,0.005470396835751689,0.0028860963130373646,-27.63888888888889,-1
27346722,0.0007176560144812307,3.898909399816249e-07,7.601388536927864e-07,6.262206461578881e-07,1.4925365035945024e-06,0.9910735785496108,6.355157828018989e-06,0.00793947581044808,0.00025966568068855404,-29.20112359550562,-1
27346845,6.970817696951405e-06,4.0033742056099594e-06,6.73287027722355e-07,2.632255604114636e-07,3.722830904498925e-07,0.9996473693636105,1.4572490069243642e-06,0.00027652414632988234,6.236625347151016e-05,-29.390384615384615,-1
27346846,0.08072535786132361,0.00019765596293875288,1.1190829692864883e-05,1.375852689637289e-06,8.271712661664634e-06,0.9138176827720044,3.883871967850232e-05,0.00213992611974107,0.003059700169269534,-31.28611111111111,-1
27346966,1.49255203915675e-05,0.002555805246707805,0.00019993946492712677,0.0003563828273064674,0.00025884631369418843,0.17970311019956325,0.0007960456298028152,0.8158405929229774,0.0002743518746292857,-22.62727272727273,-1
27346970,0.003467598101644595,6.38036204119632e-07,0.0002457296132980559,1.2403003741296559e-06,1.5455091978107849e-06,0.9088685513296625,1.523776106093573e-05,0.08734941993854939,5.003941000847346e-05,-30.510416666666668,-1
27347343,0.000502795386731731,6.839892959708209e-06,3.4310510742004476e-06,1.5568735810129376e-05,6.440151896251996e-06,0.7303363065488726,0.12029585606389756,0.14531763423085828,0.003515127937899596,-31.3265306122449,-1
27347412,0.1779520345516643,3.057148082219536e-06,8.165394880490289e-05,8.54813575505453e-07,1.23956168598838e-06,0.8130924271496719,0.00017800325404213884,0.008483407190843735,0.0002073223816293107,-31.21206896551724,-1
27347654,0.06784232793455125,6.162501637725685e-07,4.1796668793790876e-07,1.6102364693126533e-06,6.966959669773879e-07,0.879848137063395,2.685705668813191e-05,0.05145149472123635,0.000827842074841239,-30.51666666666667,-1
27347921,0.00966099137379996,6.407369550086585e-05,7.636764190991184e-06,8.343766232527554e-06,2.953930702047474e-06,0.008696429707768016,0.014627936592938188,0.9662670311436417,0.0006646030252257446,-29.36111111111111,-1
27347964,0.000249318612177655,9.278368442721746e-07,5.620263706741394e-06,1.1573015227705835e-06,7.158655125935336e-06,0.682432554495807,0.00140221902501809,0.3158350327363065,6.601107349117638e-05,-29.10909090909091,-1
27347976,0.0005062763270132463,6.693945635607399e-07,1.4385310203967002e-06,6.162201954822552e-07,8.912912075001944e-07,0.19243773529322736,6.206991909235625e-05,0.8069751316676925,1.517135598761996e-05,-31.839285714285715,-1
27348006,0.019382783615512527,1.632455441481634e-06,4.934284625003216e-06,4.979677897800989e-06,5.682554700277304e-06,0.612244157929359,0.00024416022289488874,0.36785892968764927,0.00025273957191968417,-29.99666666666667,-1
27348356,0.055829812025498096,3.442306583713527e-05,6.737687602595348e-06,8.839430406738268e-07,9.158929662127035e-06,0.9411992086330596,1.1670254492176143e-05,0.00024200023854066598,0.0026661052222668753,-31.977272727272727,-1
27348373,0.03327407850951418,1.676533643557418e-06,2.2881167946698073e-05,7.0439514034509475e-06,1.8685916352280291e-06,0.8243571800078453,2.5924528515132986e-05,0.13979105155298188,0.0025182951565145355,-28.280281690140846,-1
27348398,0.0008639579666205987,1.5715678374507895e-06,1.1026501939085734e-06,1.2933128734401248e-05,8.304513473481077e-06,0.8859054173754395,0.00214897065031491,0.11075053283257352,0.000307209314812249,-30.354545454545455,-1
27348459,0.0007774530073572912,7.2768507141221314e-06,1.3064525112531092e-06,6.159459167710387e-05,5.400753905044588e-06,0.9366962876595348,2.4686369438285808e-05,0.05145060532255026,0.010975388992311723,-29.544565217391302,-1
27348597,0.030770235573311468,1.7594009871138805e-06,0.003410757236543676,6.181057435140739e-07,3.499463863517353e-06,0.959205136797015,1.2611586408041112e-05,0.004791600798281994,0.0018037810378455656,-28.262295081967213,-1
27348656,0.0010455703330082698,8.93277370587247e-07,7.800111571318743e-06,3.614468961725736e-06,9.694317356509298e-07,0.9563211401048413,7.720361674541813e-06,0.04211692279549799,0.0004953691153386144,-28.7390625,-1
27348664,0.00034320128755745393,7.482289636947938e-07,1.0857659545268962e-06,1.151929880238252e-06,1.0707493422826219e-06,0.96050752523251,3.1320903981067205e-05,0.03866044272083587,0.0004534531809747253,-29.928571428571427,-1
27348803,0.000293390486832818,8.85953796035902e-07,3.8441286787910706e-06,7.917314201537125e-06,1.2411156762935054e-06,0.8876687015371942,0.027832667292135144,0.08399914810989291,0.0001922040615923075,-30.18358208955224,-1
27349041,0.013884471619024525,4.262474912533505e-05,2.304951376548557e-06,5.858040272046522e-07,3.2099157485550005e-06,0.9649611838513147,5.575619439618547e-06,0.0005832401810642481,0.020516803308879387,-30.71132075471698,-1
27349119,0.0012107954983134766,9.778571939936451e-05,1.4901662362882738e-05,3.2796985224352894e-06,1.7093399358575182e-06,0.9871958483421042,2.9933324107884807e-05,0.011373313659484987,7.243275576906997e-05,-30.683333333333337,-1
27349303,0.011083162049855598,7.03483224778444e-06,1.4396283792796614e-06,1.6340165156834915e-06,4.218104970734772e-06,0.901090121955247,5.380732300646193e-05,0.08693470796062877,0.0008238741291489068,-30.316216216216223,-1
27349693,0.0020245636510014624,2.4248160684175588e-06,0.00013184120872413067,2.198977191954496e-05,3.995839286956748e-06,0.7106891031819091,0.006502210864559224,0.2762005570960997,0.004423313570431482,-27.686486486486483,-1
27349793,0.10184532758451784,9.068147039562831e-06,5.510690991693016e-07,1.099653357687381e-06,1.4220569193725823e-06,0.2749876851122158,0.00017917676841339473,0.6224796139344149,0.0004960556740223731,-30.513333333333332,-1
27350040,0.001703858628565462,1.372176351169031e-06,7.784520797510743e-07,3.1236328821008246e-06,2.6280673654552533e-05,0.9444629458910754,1.299077687534962e-05,0.053634296059121046,0.00015435370939494882,-29.603061224489796,-1
27350057,0.0005580567476694031,2.1704329174469694e-06,1.6089119561306749e-06,0.0001496259287897274,3.443300715092191e-06,0.9741219336485358,1.4582874729737774e-05,0.024773221557977936,0.0003753565967088117,-28.921333333333326,-1
27350203,0.00023005431141997863,3.0118094372326172e-05,1.7162873389428898e-06,1.3785692965009419e-06,2.276581449100902e-06,0.8022187794820596,3.151949963047021e-05,0.19687951353201036,0.000604643642422921,-30.70555555555556,-1
27350557,0.0008269914282176907,1.0235715363381444e-05,3.627038871143747e-05,1.5148232933253195e-06,2.1713017517259733e-06,0.8802614836836842,2.8693382524610865e-05,0.1184997793941955,0.0003328598822581881,-30.33507462686567,-1
27350594,0.0076801619717744105,3.8238780731631114e-05,9.43118787404414e-07,1.8406525849496833e-06,2.476470966274626e-06,0.9837146999881152,9.497748572924508e-05,0.006832886497752777,0.0016337750335580353,-30.22372881355932,-1
27350743,9.309544114317797e-05,0.04766629776316246,3.2960804091454746e-05,0.00019886941476140522,0.40673304218704304,0.057024242849361584,0.005401615156653343,0.07508528848477336,0.40776458789901027,-15.273913043478263,-1
27350755,0.001496950415481414,1.131681552120396e-06,7.437378131559351e-07,2.680313576195471e-07,8.19704921031495e-07,0.9924593237549624,7.095306422866328e-06,0.0037933829873833536,0.0022402843801059003,-30.930625,-1
27350758,4.400083237656761e-05,0.005484893975822576,1.6348482557167368e-05,2.4641487235419725e-05,0.08946369437068921,0.24291736893863441,0.0073848927145133015,0.07733115855773375,0.5773330006404376,-20.190625,-1
27350768,5.33613113858681e-05,0.0006858710718221819,3.052378501120295e-05,0.00010859870686486913,0.0013421313982095258,0.7381052928355547,0.0016755031308571624,0.1835937345729398,0.07440498318735464,-26.889999999999997,-1
27350787,2.0663759527363148e-05,0.000600599487870535,7.83499923492373e-06,1.095186126366556e-05,0.004768915907796566,0.9240135210912659,3.7978027126492805e-05,0.03330962318304274,0.03722991168287175,-24.523529411764706,-1
27350810,7.477641962282728e-05,0.010714225355259052,1.570696988042686e-05,0.00010044098082936878,0.01317279305834072,0.3216803072037487,0.0002524562947690804,0.07563427054564294,0.5783550231719068,-20.291666666666668,-1
27350838,1.9057275883216297e-05,3.1823481359861533e-05,4.049818529085757e-06,8.038553066920742e-06,3.949118008816513e-05,0.9659593034779785,7.098396491980329e-05,0.03039529725436001,0.0034719549938144246,-25.506666666666668,-1
27350847,9.006973191447248e-05,0.0007857551701814533,0.00010565234988129397,0.0007477400646763467,0.23466575069377874,0.38177637969217637,0.0029564927255422415,0.15338831600234362,0.22548384356950552,-17.3,-1
27350855,6.904991106456301e-05,3.1619449359286736e-06,3.708686351324407e-05,3.7471175583937187e-06,2.2894248762121043e-06,0.995540996433751,0.00016011983444695342,0.0021612937270907144,0.0020222547427628727,-27.187179487179485,-1
27350865,2.1959875262399346e-05,1.1687928520062996e-06,4.896950049746457e-07,1.2386928802640868e-07,1.943441767799535e-07,0.9995840624318106,2.971267452704847e-06,0.00029763226652570384,9.139745762688049e-05,-29.07183098591549,-1
27350872,0.0001087226333845714,0.0015427428899350028,4.722805712427689e-05,0.0019500939208333882,0.028572360894216154,0.069393216397394,0.017391380044957536,0.028498574498039813,0.8524956806641152,-16.441666666666666,-1
27350878,0.0002627614810280055,8.573636691076216e-07,7.536615825163287e-07,7.474156187394506e-07,9.235402674437892e-07,0.9456673626367238,0.00011023571101506176,0.036183318966906734,0.017773039223188604,-31.309615384615388,-1
27350891,5.253148799551534e-05,0.0003211957186098656,0.00018007178072604316,0.0009129770161545785,0.2259290177600338,0.04914733511758255,0.05325635759486482,0.013970722531205123,0.6562297909928277,-17.65333333333333,-1
27350928,0.00014628517498758872,0.010394895330364844,6.823891168887532e-05,0.00019909241861693015,0.31749763985667984,0.18660135478488843,0.043846506049906066,0.020238101920094932,0.42100788555277263,-14.24375,-1
27350986,5.270080671032229e-06,0.00016057667045162467,6.482468620890866e-06,6.619145603017123e-05,0.0011438159902899445,0.989095650212952,0.0005888450041378479,0.00229691059697628,0.0066362575198702966,-24.58421052631579,-1
27350987,4.15711439221827e-05,0.02052803144176353,1.5117285079235539e-05,0.0001183093723386319,0.09723705468894422,0.3206494979997257,0.00903362116725447,0.009164886477432226,0.5432119104235398,-20.155,-1
27350993,3.367985981538473e-05,0.012006524888392194,1.854607568329549e-05,7.08253307817643e-05,0.1161435127463873,0.47463553548834786,0.03205748079246722,0.007469983173100929,0.35756391164502405,-20.643749999999997,-1
27350996,9.215915935427345e-05,0.029616113252133515,6.279131627739257e-05,0.0002691841095875247,0.14623253884597137,0.18783212377142738,0.020397709845602085,0.10472202099907175,0.5107753587005747,-18.624000000000002,-1
27351001,0.0007974616481677788,1.9898875086011696e-06,1.0995421669287154e-06,5.437310975658149e-07,6.873587681916391e-07,0.9603712392740235,8.36523406100011e-06,0.037153874773687444,0.0016647385505190431,-30.603448275862068,-1
27351003,5.992854815513196e-05,0.0074266115965430975,7.259902415677256e-05,0.0003121273513972412,0.27966699844512377,0.08756349590467913,0.024471726844789488,0.04079691826997133,0.5596295940151841,-18.455172413793104,-1
27351032,2.105634612267257e-05,1.199985123478563e-05,4.0032219636443915e-06,0.00011108887829430663,0.0002371754150556836,0.9695638859942107,0.0014848262859228755,0.020335212845285982,0.008230751161909544,-25.044999999999995,-1
27351086,0.2042714647007621,1.9910765477913766e-05,9.073794254492587e-06,8.128087863022082e-07,8.762941921815724e-06,0.7865634179898227,3.3860128474850547e-06,0.0006886977397232292,0.008434473246403949,-27.418085106382982,-1
27351124,6.567804027897387e-05,0.0020825441546990344,9.478789082243073e-05,0.0004448682040732655,0.20147972861321306,0.21058009591747084,0.03996001444931374,0.20689372749510304,0.3383985552350256,-18.928571428571427,-1
27351169,1.8275739872816873e-05,0.0030184873837789364,6.940491245011327e-06,5.601926921366075e-05,0.3142100302772226,0.3733345960155434,0.0028779824162417865,0.14475426280835033,0.1617234055985315,-21.50172413793103,-1
27351230,1.9707232094262577e-05,4.95594734286177e-06,4.587635995541502e-06,1.5231622499616279e-05,7.114975939590292e-05,0.566610500845117,0.0007746624684892968,0.40409443076861323,0.02840477372045224,-29.080000000000002,-1
27351231,0.00028272850473408617,4.110418450705726e-06,6.525692119221607e-05,3.3073994134189294e-07,2.127059913238237e-06,0.9956145997123194,9.036688655700468e-06,0.00382288785014196,0.00019892210465140818,-28.432394366197183,-1
27351249,0.007027529628257127,7.921172427804193e-06,9.091770002023768e-07,1.0015559205356726e-06,2.1816356124947244e-06,0.750626099377099,0.0007556834473262276,0.24153905496318773,3.961904316881388e-05,-29.99285714285714,-1
27351764,0.001236382784263163,3.0801957844009813e-07,2.422374546579836e-06,1.1112379911025275e-06,8.337112234301921e-07,0.9981405121974959,1.7793311283077314e-06,0.0001424264796279692,0.00047422386414509366,-27.490151515151513,-1
27351811,0.0002031997284521828,4.053178296503208e-06,4.909951394819652e-07,2.2494571101805322e-06,2.219712464260541e-06,0.21384308682437334,5.532513257606936e-05,0.7697009034060407,0.01618847156554728,-30.60188679245283,-1
27351828,1.5092443570553268e-05,6.320431522047964e-06,6.818775513922203e-06,4.2644232385718846e-07,8.104815251517513e-06,0.9968085681130091,3.410752917279467e-05,0.0010101467543998058,0.0021104146952363482,-26.635766423357666,-1
27352074,0.00047164296114709234,1.487614860010352e-06,1.0121216521917066e-06,5.117086420675253e-06,1.799987595473527e-06,0.14196784043434701,4.0719884689723905e-05,0.8567222172340461,0.0007881626752418803,-32.36,-1
27352253,0.615081873281483,6.559478941423612e-06,4.554753791364913e-05,1.5468305213185011e-06,2.705310625934022e-07,0.384659043497267,5.875707965951816e-06,0.00012582194960405096,7.346118524100595e-05,-30.559999999999995,-1
27352389,0.03618334540408834,2.683553293876638e-06,0.0021268377143201164,4.507110514074545e-06,1.6399228626115774e-05,0.6722324347080858,0.0011760841941210673,0.2880571043348606,0.00020060375209017623,-27.325000000000003,-1
27352590,0.0014719637341449304,4.5550173355241975e-05,4.4123748690860243e-07,1.5556543775784077e-06,2.548964677344792e-06,0.6459942811219361,0.00010019153592470977,0.3517190823033672,0.0006643852747300722,-29.472151898734186,-1
27352645,0.2406790273501893,3.165900047447526e-06,9.73192607744331e-06,1.5832488867843881e-06,1.3708531323343194e-06,0.730440976043645,7.652550328711175e-05,0.027508526446872284,0.0012790927278623601,-31.01089108910891,-1
27352657,4.1746227457184215e-05,3.389654539511753e-07,4.976243320970226e-06,1.0327302182146094e-06,2.375006725158385e-06,0.9858650347434754,1.5489960636735784e-05,0.006325201112073964,0.007743805010638508,-27.824999999999996,-1
27352709,0.0009327591272058984,0.00034429660555469424,2.2404325828689185e-05,1.974008969915429e-05,1.5096814324632737e-05,0.5558437306329107,0.00015793347685336395,0.44005022166689045,0.002613817260732253,-26.12586206896552,-1
27352883,0.026634907080160565,1.1115561290823401e-06,1.9469229176148358e-05,3.164610942048101e-07,9.688423361486231e-07,0.9725535054736383,3.562780965554201e-06,0.0007193841047635064,6.677447173647167e-05,-28.509734513274335,-1
27352929,0.0003379267382662414,7.908297056135489e-07,8.160020174157939e-06,4.6589930926149865e-07,1.4870224025350867e-06,0.9634103151013574,4.946903972432784e-05,0.03614763485208937,4.3750496971048033e-05,-28.78965517241379,-1
27353024,0.0031720494878667823,2.573524454305939e-06,2.650307522185734e-06,7.827746678847232e-07,2.03049472150706e-06,0.9421008232133273,2.5925118330006194e-05,0.05456449433103876,0.0001286707480711854,-28.81219512195122,-1
27353174,0.004101803431883813,2.1407285470130528e-06,1.237803079064291e-06,3.403766888796103e-06,2.4781556192622426e-06,0.9859484447540282,2.6439343337389256e-05,0.007434807141757501,0.00247924487485892,-29.763414634146347,-1
27353325,0.0011917112058031493,1.1715649985867815e-05,2.5917447412696585e-06,3.522921093625275e-07,2.3767152306228204e-06,0.9950971791179757,6.9747804506073655e-06,0.0027718775018890744,0.0009152209918144225,-28.317142857142855,-1
27353511,0.0007264295423976008,5.724673843747054e-07,4.014924738336727e-05,9.900088827935264e-07,1.4314838424445509e-06,0.9818911933697491,0.0002289820999355569,0.016527732822830734,0.000582518957594174,-30.145098039215682,-1
27353521,0.0005507630925327214,3.2738998791145894e-07,2.2040871835260834e-07,1.7101889907585589e-07,3.0711219614798986e-07,0.9964100922069982,8.885893953009698e-06,0.002930802024075474,9.843085263916782e-05,-29.867105263157896,-1
27353696,0.00472075659228061,8.802898671613176e-07,8.103016570532407e-07,5.999951517943397e-07,7.083393085529098e-07,0.9672931515890344,5.209794278006392e-06,0.027632859952350135,0.00034502314607219543,-31.532608695652176,-1
27353737,0.0012566349254911258,3.6904828434676947e-07,9.551940214151887e-07,3.8592032320856705e-07,1.1820946629717052e-06,0.9668007606653429,1.648987035961034e-05,0.031530350355658515,0.0003928719258559056,-30.093333333333334,-1
27354125,0.0008544332187207465,7.712696949555656e-07,6.345875193863909e-07,4.6093780722546835e-07,1.3979397999883331e-06,0.9917440361906085,2.560199664057798e-06,0.007043934919508402,0.00035177073667677064,-29.033093525179854,-1
27354711,6.210498775783928e-05,5.671000143633212e-06,5.870192594293972e-07,4.4341518750591483e-07,1.0939141638892692e-06,0.9895981024992603,1.3349277600921026e-05,0.008778073144179365,0.0015405747424472118,-27.956521739130434,-1
27355082,2.724321141467773e-05,0.0019150356942059202,9.840874909182397e-06,3.5723155479766035e-05,0.15808760678103229,0.6977868734536956,0.00016708009185062886,0.017946313483988258,0.1240242832534237,-21.979999999999997,-1
27355166,1.373775726651299e-05,0.00010530191773267534,1.1569972601808025e-05,3.223730623628007e-05,0.18249162577515035,0.5006771101215874,0.0024247235104456217,0.2319975507936453,0.08224614284533407,-24.63333333333334,-1
27355185,0.46727123603803794,6.428239346582708e-06,6.91990696254059e-07,4.262711426957849e-07,2.8958087041327408e-06,0.3187164600891562,1.1172524916785645e-05,0.003415678536582285,0.21057501050141694,-27.707027027027024,-1
27355495,0.007996506175278863,6.150009008941423e-05,1.0921138709328918e-06,7.929479531093144e-07,3.564616053594475e-05,0.9570514904100078,1.712424750427546e-05,0.03441256232706175,0.0004232855276978852,-29.433695652173903,-1
27355503,0.5610121145211469,3.4480279162673997e-06,1.0375215261143515e-05,5.945903576281813e-07,2.106842497268309e-05,0.19085138697453127,1.0496017105142866e-05,0.004348232814890352,0.24374228341381876,-28.242500000000007,-1
27355642,5.0935955930406534e-05,0.009490407826849501,9.582340555852777e-06,0.0006849137013133332,0.0009758338990233841,0.7490490602005363,0.019150706887779496,0.21290389930742473,0.007684659880587051,-26.946886446886445,-1
27355644,0.0006917347192804751,1.4063288374281524e-06,1.6553221113555517e-05,1.380271478858815e-06,2.40176022869782e-06,0.9700801736850506,2.501905342486186e-05,0.013426164091650141,0.015755166868935327,-27.51142857142857,-1
27355774,1.382730701414262e-05,3.03471826799545e-05,5.361700060435837e-06,0.0003094908109720604,0.008458677778983025,0.08217258127958327,0.00032788700347126723,0.9085209551743378,0.0001608717628978711,-21.07575757575757,-1
27355776,2.6162491393762843e-05,0.00025794621340502553,9.025832347701213e-06,0.00033702385437368865,0.004591798814258293,0.3757867727244271,0.0003694302987000419,0.6159554307129307,0.0026664090581637045,-23.205263157894734,-1
27355820,2.7924170261144944e-05,0.0003157517612468371,0.0004851547564850108,0.0006881281717990858,0.29045376671529893,0.37097782298088855,0.004002229685033823,0.33090015966263864,0.0021490620963479762,-26.085,-1
27355950,0.01507371700967908,1.954898427514753e-06,0.00013174164817135605,7.922348037529506e-06,6.781479245200169e-06,0.867631320865355,0.0062999134921979906,0.11077513008289264,7.151817599380106e-05,-32.55384615384616,-1
27356033,0.015530423874143712,8.496552855941365e-06,7.586093050161052e-05,1.6574000805667255e-06,3.223585310383625e-06,0.9183430220815986,6.5053308678349285e-06,0.06324218827053568,0.002788621974105829,-27.561946902654867,-1
27357496,0.0010251920224996808,9.539451402319292e-07,9.644821831471655e-07,1.343117455204566e-06,1.6088713504487945e-06,0.5038652508254191,0.011271922007096598,0.4837851888293292,4.75758995264447e-05,-30.106060606060606,-1
27357719,0.8125368648639146,1.5649879992001325e-06,7.464535656174503e-05,4.328641782000785e-06,8.175042228926902e-07,0.04348412528686355,7.537093016028718e-05,0.14326769458175342,0.0005545878467424959,-32.05555555555556,-1
27358020,0.00019535867327125472,0.00021392851649369745,1.2062447148092057e-05,5.311692839772769e-07,1.2852379745377123e-06,0.9074264871883917,0.00012989590765999622,0.09192478057582039,9.567028395635157e-05,-30.54285714285714,-1
27358802,0.0001843641153077907,6.82837412022983e-06,8.72553401107192e-06,0.0013897252192375613,0.0003977897196090925,0.4291537705258829,0.01362527207096699,0.5537123312255467,0.0015211932153175373,-27.08888888888889,-1
27359760,0.5231925211029013,0.00015398095642612535,4.631206082006663e-06,1.2333472981114875e-06,4.653304972654975e-06,0.45549403403526834,6.25963340374034e-05,0.0027511884631587873,0.01833516124985544,-29.930208333333336,-1
27360515,0.002237463277327543,2.235516205961935e-06,1.7891563501371431e-06,5.142073305277231e-07,3.6630040075513417e-07,0.9970634928513309,1.533259594875606e-06,0.0006743458589577464,1.8259572501502716e-05,-31.13294117647059,-1
27360764,0.0002789819445695381,5.556541763480351e-06,2.8186791673162596e-07,1.3458785205628394e-07,7.810826363093491e-07,0.9985699179487197,1.7901413836295815e-06,0.0010619943287263783,8.056155643219076e-05,-29.44074074074074,-1
27361157,3.67735561560203e-05,8.907785450281962e-05,0.0018600959884039307,0.00023028996793414912,0.07996544500960374,0.6976790904870951,0.0005628107350702995,0.21061578297693914,0.008960633424294784,-20.55882352941176,-1
27361357,8.295460407571444e-05,4.765682479607183e-06,3.620597874336441e-06,8.176946178097685e-07,3.328754489849248e-05,0.9926532771272403,9.436496464400158e-05,0.006549198419723868,0.0005777133644457233,-27.064000000000007,-1
27361482,0.18472379170375236,0.00018273411653399425,8.04655724168048e-06,1.0155768964118474e-05,0.0001300279386675102,0.38126418589808747,0.0005451926813402443,0.007996044544355086,0.4251398207910576,-28.63461538461539,-1
27361590,0.0036545814019450728,6.866059324430478e-07,7.299970588497288e-06,1.0823967845730595e-06,9.004834566690538e-07,0.8892566301383631,0.0019962948022380148,0.10500759826107645,7.492593961525946e-05,-29.97142857142857,-1
27361810,0.03660902850731022,3.923721414087652e-06,1.4304114094127518e-05,5.989645003183504e-07,1.0091905499783929e-06,0.9530558779559882,0.00014822680939322323,0.010011725391714514,0.00015530534503519373,-30.130909090909093,-1
27361941,0.10653823992085776,5.941403859676507e-06,5.64900062689443e-07,8.025065646143796e-07,1.625913542444997e-06,0.8763744068944833,6.659886413436027e-06,0.015840169899135115,0.0012315886750810263,-30.813725490196077,-1
27362201,0.0048189622576797035,1.968439945813476e-06,2.5358809382562353e-06,1.2539453948889728e-06,7.874270377545749e-06,0.9328367102879049,2.6087471234585996e-05,0.06214450883935887,0.00016009860716555076,-29.311111111111117,-1
27362875,0.3968781083667047,0.00045565620665965285,1.3172209271398915e-05,1.1537618617367614e-06,3.235280078672464e-05,0.6015420414742726,3.238408369559189e-05,0.0007798747762997071,0.00026525632044791854,-29.588495575221238,-1
27362965,9.550920679851746e-05,1.3156226396820647e-05,4.6516626416217644e-05,4.065259519688316e-06,2.7410630117869886e-05,0.8836650348893069,2.6831930780603004e-05,0.11601088296855652,0.00011059226210688821,-24.668750000000003,-1
27363017,5.601360432453971e-05,2.2717984153788663e-07,1.1656265659509893e-06,2.441205533242037e-07,8.675922646680981e-07,0.9985047029083512,1.7073295530520801e-06,0.0013302109211705982,0.000104860717374897,-27.404494382022467,-1
27363023,1.9086496924498427e-05,5.943197157528249e-07,1.493195404444925e-06,4.3193359733044974e-07,5.54036436074196e-06,0.99313760302022,4.863631175146954e-06,0.0066498817158895124,0.0001805053227124662,-26.970103092783503,-1
27363377,0.0013333555722713744,1.1426962929293951e-05,5.130112966602518e-07,2.0163846490750023e-07,5.391560493435695e-07,0.9981752503839972,1.4688428028960946e-06,0.00044608730643567313,3.1157125752586865e-05,-28.434482758620685,-1
27363492,5.419566061651699e-06,9.274265343670464e-07,1.3807492550464636e-06,2.000554669010282e-07,1.0853639013324082e-06,0.9989150754612972,2.3088314733862954e-05,0.000911959342070902,0.00014086372067871185,-26.420338983050847,-1
27363680,0.030485606949683386,4.608493441004574e-06,9.005022986290581e-07,7.196161995902682e-07,2.1718134566607583e-06,0.9543604113789165,2.2276876745907426e-05,0.014455223129201084,0.0006680812400574083,-30.029310344827582,-1
27363791,0.4926685268813576,3.0223880656480125e-05,7.393314728673956e-06,5.497926798860772e-07,3.1156277431080046e-06,0.5028036876187716,4.500548134521412e-06,0.0003096571593219143,0.004172345176606243,-29.759615384615383,-1
27363835,9.97120178847669e-06,3.765067829928563e-06,0.0009111453862465172,3.016212373286282e-07,6.340216039462799e-06,0.9930151945892863,1.0974667097768295e-05,0.005872822249706084,0.00016948500076798077,-26.28301886792453,-1
27363903,0.0032988370669403853,8.354398803143049e-07,6.530712461289963e-06,1.8327839478070093e-07,7.696862145947202e-07,0.9964801863958053,8.917415077749029e-07,0.00018240694880722685,2.935872998817236e-05,-27.701351351351352,-1
27363991,0.00042469649425547884,2.9433399453926834e-06,4.631369514804078e-06,2.0495926516224465e-07,7.724259500728383e-07,0.9980048788599742,6.68063614836651e-06,0.0007310227082157151,0.0008241692067307904,-31.449999999999996,-1
27364347,0.0001881933135986811,1.2173112394187252e-06,1.0848622144703358e-05,2.511611775025572e-06,5.049467066421071e-06,0.99841979448844,3.0231426799290535e-06,0.001163150427500111,0.0002062116155556773,-27.414814814814815,-1
27364537,0.0003600037765660707,7.318135030183942e-07,3.557535739333878e-05,1.8199927941954412e-07,6.229435053066089e-07,0.9986477461257521,1.8254346241107523e-06,0.00026580484623673956,0.0006875077031397067,-27.588461538461537,-1
27364819,0.03449764115307873,2.3477332536423972e-06,9.953964899094003e-05,7.845435726739547e-07,7.071584076990965e-06,0.9460832674199778,1.409310674675589e-05,0.01576598329634741,0.003529271513954893,-28.26086956521739,-1
27365033,0.0006331503012085664,2.4156037383930855e-05,6.308871829321793e-05,6.884525621189732e-05,0.9572470757294292,0.04089113899912771,2.0651312603881602e-05,0.000451138635345983,0.0006007550103955277,-20.52592592592593,-1
27365250,1.8172379805215606e-05,4.717064255824644e-07,6.965071000311204e-07,4.895416381008885e-07,3.3760451675675155e-06,0.996659239010371,6.136462567262589e-06,0.003184729068071787,0.00012668927885364155,-27.175892857142856,-1
27365552,8.355154695701895e-06,9.163958692938365e-06,2.0151420626302205e-05,3.4614401887188787e-06,1.610234612754361e-05,0.8798991520227263,1.5743145323164088e-05,0.08627667395285968,0.03375119655875955,-26.596969696969698,-1
27366111,0.39868484167209484,1.0532004427753029e-05,4.082858100418084e-05,4.849179008308788e-07,7.585773483939531e-07,0.5984363994507917,2.774587588515057e-06,0.002726386406196826,9.699380264694045e-05,-32.580303030303035,-1
27366386,0.6134495875993207,1.2352450588264719e-06,8.14006704944735e-07,1.3291437863793896e-06,1.6089220911283828e-06,0.1747546343245291,1.4923007681245792e-05,0.21173760712104728,3.826062978044934e-05,-32.60909090909091,-1
27366507,0.0010040954402192417,1.0399670867936595e-05,3.9639607534855544e-05,5.21254744796785e-06,7.297638260798608e-06,0.9820868664020752,0.00043124157097290845,0.008796037955419177,0.007619209167201979,-33.27857142857143,-1
27366966,5.486867458314601e-06,1.89862529807341e-05,8.10766598361442e-07,4.572694806234014e-06,0.8585579598115892,0.13043677084803446,0.0015229665530153255,0.008687180247462256,0.0007652659580552183,-23.275,-1
27367127,4.272021384847163e-05,5.562952219879261e-06,1.7798248053642724e-06,1.0787085643100582e-06,9.865987682738733e-07,0.994682394180803,8.184219016062625e-06,0.0033102920135389853,0.0019470012884356576,-30.700000000000003,-1
27367178,2.2125839976439183e-05,8.717058842732087e-05,2.069440791615243e-05,4.0702504610215566e-06,0.3272891276595117,0.5562559203795243,0.0016386102422330893,0.11093636550742333,0.003745915124526653,-21.172413793103452,-1
27367188,9.438157111027815e-06,4.852443081399713e-06,0.009233428709107627,5.075932580641681e-06,0.2791538959996319,0.6915204858625431,0.0019331836603391547,0.00936001830085984,0.00877962093474529,-21.34,-1
27367228,0.00015626760879961204,2.3835165059878477e-06,2.223042290590271e-05,1.8787108592659576e-06,1.948664406181584e-06,0.8393569536852954,5.061637801047793e-05,0.013365030248525176,0.14704269076469195,-28.0,-1
27367284,1.9224139710227414e-05,0.0001613628739825148,5.557929724924699e-06,7.952269156403331e-05,0.0007160002473744369,0.9179397693643543,0.0009736361071373245,0.07740722747334963,0.002697699172802814,-26.193333333333335,-1
27367352,3.9932131394652384e-05,0.00024888122994487234,2.8171763211002665e-05,5.392662608380246e-05,0.0028472283948922407,0.7055826231038217,0.0004073564483601156,0.2691268289874268,0.021665051314864785,-26.236000000000004,-1
27367406,1.8469682532271558e-05,0.00010364459206382117,0.00011105356848331456,4.681472101551476e-06,0.05231047845627921,0.931788433936217,5.343976559556942e-05,0.004546593749639722,0.011063204777087759,-23.013483146067415,-1
27367412,0.0006536327971059824,2.648787919263434e-06,1.656009660391479e-06,5.713502921780455e-07,7.105789590399958e-07,0.05458272054455038,8.746998471156146e-05,0.9445859072696807,8.468267712056796e-05,-32.225,-1
27367429,2.0199292158686306e-05,4.482451290534545e-06,1.5872994585219324e-05,6.24756743762606e-05,0.005615535156218619,0.4627033694621332,1.6529929654321166e-05,0.5110458656463059,0.020515669393277265,-26.065263157894744,-1
27367566,7.979784968960228e-05,1.5157839463906945e-06,3.344125099207644e-05,3.2693789653242783e-06,3.7595012233732367e-05,0.9043277817533839,0.009292007829292273,0.08606251006440188,0.0001620810770946889,-26.981081081081083,-1
27367614,4.133450043339915e-05,1.750325276449165e-05,3.5673045207437614e-06,0.00010573254885268163,0.0003045261554256092,0.973184063780795,0.0029971393423516143,0.02117058146848149,0.0021755516463749917,-26.955999999999996,-1
27367674,3.3746533312033204e-06,3.0861315005903867e-07,2.7779429419252475e-06,1.5851084632153337e-07,3.5327188739759526e-07,0.9995398037552882,6.334204253347591e-07,0.000440918384528318,1.1671447601485079e-05,-28.67272727272727,-1
27367750,8.850158522508402e-05,2.1717305824024475e-06,2.1033849120213837e-06,8.06682251513427e-07,1.7860418192533467e-05,0.9877610129149561,3.2204932793179624e-05,0.011977709075855898,0.0001176292752311454,-28.74342105263158,-1
27368203,2.169136423011834e-05,3.058035612195943e-06,1.155461917887392e-06,5.649943530898186e-07,4.7777086527348625e-06,0.9953317560437039,0.00011409342347437858,0.004437204275696519,8.569869235916686e-05,-26.925,-1
27368824,0.00014023419391903435,1.1879428914397794e-06,2.5196638546785773e-06,2.3957063483057937e-06,5.900152649018859e-06,0.7389348558837856,0.00042772994929933875,0.25750613824869606,0.002979038258556408,-29.29479166666667,-1
27368825,6.479674742148711e-05,8.600359486913886e-06,5.441651620698681e-06,1.4624966694101288e-06,1.2886562978096973e-05,0.9113107409391414,2.994182460223752e-05,0.08771002242960331,0.0008561069884764291,-28.401265822784815,-1
27368872,0.11263864277773974,4.389722421874679e-06,3.222405909852507e-05,1.4901445672356474e-06,3.8000106342033225e-06,0.8278407074575146,1.198074209004969e-05,0.059100269136946194,0.0003664959489875843,-33.51666666666667,-1
27368884,7.899811473208773e-05,4.72872125181452e-07,1.4622188984462243e-06,1.4720820234294022e-05,3.8113007783155133e-06,0.9826446995033858,8.355378723645329e-06,0.017075643282387015,0.00017183650873502763,-29.132323232323238,-1
27369018,2.4027112336328576e-05,2.42217078532283e-06,3.96377619846601e-06,0.0002599425008512816,1.232355036084512e-05,0.26812981684679793,0.009861698333739786,0.7054051242273894,0.016300681481540475,-25.92641509433962,-1
27369072,2.9787525129901997e-05,3.580508891574674e-05,2.2288719095130847e-06,0.03283895910445288,2.0209489382177092e-05,0.571281892680908,0.05279040802922301,0.3417749287340732,0.0012257804760055211,-26.76304347826086,-1
27369084,0.00010238753614438692,9.892572303835527e-07,2.4514515466684747e-05,3.4088289272446967e-06,1.0726117747920459e-05,0.18115287803412522,0.00030303695299163603,0.8140304929811787,0.004371565776187792,-27.866666666666667,-1
27369294,0.0005669621940849721,2.422700944618042e-06,1.895869638709747e-06,5.840677503748322e-05,0.00014134347074470368,0.4391892059018795,0.049904675214012026,0.509369333690057,0.000765754183600978,-27.252631578947366,-1
27369367,0.0020360886418544595,1.9397404420659527e-06,3.528993533093097e-05,6.7538107047796586e-06,1.7159847893845355e-05,0.40016809574722767,0.0006670668226791056,0.5955354521243432,0.0015321533295238735,-28.07407407407408,-1
27369384,7.101889019718862e-05,1.984443887072717e-06,6.597302992552529e-06,2.636567256811237e-06,6.16423629472897e-05,0.6933119555446025,2.01939126356626e-05,0.3063102181080284,0.00021375286745258749,-27.497674418604653,-1
27369473,9.838456637521937e-06,2.195116604458185e-06,5.483499989407074e-06,1.450489400848328e-06,3.596574147175811e-05,0.7867124282081803,1.4200090611219362e-05,0.2130269749005739,0.0001914634965303958,-27.589999999999996,-1
27369484,0.00016130232350034567,1.0218950600744798e-06,5.236535267646767e-07,1.1289116817867494e-06,1.460057868331584e-06,0.9457421439518564,4.9889110606804754e-06,0.05404409338171286,4.3336913732893405e-05,-30.985279187817262,-1
27369510,0.0004810795667673512,4.587105412702038e-06,0.0002962805232447559,1.1519973633463003e-05,0.0002875846456105623,0.7466750360665089,0.005354240844644994,0.24359026713943538,0.003299404134741917,-26.85238095238095,-1
27369542,0.0012090596536996497,1.549987936004517e-06,0.0001681483704628888,1.8687395428954175e-06,2.8351059340720786e-06,0.9070631524153014,0.040434830031704665,0.04933302231068668,0.001785533384731692,-28.64666666666667,-1
27369740,0.0006087034355888372,1.1407425252432119e-06,0.00020445698928924053,1.1591695640467325e-06,2.4953663558513493e-06,0.9713815464300748,5.3446849351017886e-05,0.023106437145930143,0.0046406138713208644,-27.487654320987655,-1
27369907,1.1107212118705929e-05,5.355219443723787e-07,1.8680755209164493e-06,4.640411119659934e-06,2.1038226342626707e-06,0.11557096463333352,0.0002904205989131107,0.884070518944462,4.7840779953403365e-05,-30.313043478260873,-1
27369950,0.0014279081978216617,6.879284758174623e-07,1.4484745494530272e-06,5.152203315027075e-07,1.0481076311861122e-06,0.9760288271493458,2.527379975466353e-05,0.02205823029741307,0.0004560608246767774,-28.66417910447762,-1
27370005,2.799568396495382e-05,8.656294229219935e-07,1.9236571293932947e-05,2.2897214750306333e-06,5.794592810152359e-05,0.9370158790853503,0.015381379022448304,0.029965914953533745,0.017528493404409217,-27.706818181818186,-1
27370052,6.005314052802619e-05,1.9465203985277546e-07,6.440549490323061e-07,1.0572625062775123e-06,9.74358433608646e-07,0.9959736207918748,5.203680799658453e-07,0.003771662082505975,0.0001912732890823762,-29.041860465116283,-1
27370070,0.00012808694732585835,5.369946439977389e-07,2.38608240545646e-06,2.0342737535203685e-06,2.4677962233773996e-06,0.9890073771482193,3.187502201324229e-06,0.009702205303736671,0.0011517179514904917,-27.705714285714286,-1
27370308,0.002223073124673785,1.323951355659146e-06,4.427449697539601e-06,1.965629275021537e-06,5.5952797251542825e-06,0.6510710998535184,0.00038735189512118407,0.3456929065521768,0.0006122562644565155,-29.299999999999997,-1
27370697,0.05542370821800158,1.1573522182643448e-06,4.795695988442391e-06,6.130313598164588e-07,1.665368057142813e-06,0.9389157686943476,8.77690633861643e-06,0.005514426117911763,0.00012908861577679427,-28.65277777777778,-1
27370787,0.001670700165446295,1.7689177055358695e-06,4.813906232021359e-07,2.7613692310112e-07,1.107830602391421e-06,0.9964377747875244,6.411735437909402e-06,0.0014990381498045454,0.00038244088593268854,-28.91320754716981,-1
27370965,0.00018013103900048588,8.11762575079296e-06,3.010558868803178e-07,2.062154849325677e-07,4.4784296473552887e-07,0.9969515506419053,9.670197791276976e-06,0.0026398173756593587,0.0002097580055561991,-29.954761904761913,-1
27371182,0.001952784105675397,1.8137728885750227e-06,3.852583369227248e-06,1.3166696149493464e-06,3.003301753768724e-06,0.8908776690531812,0.0004174488936334295,0.10652741325294943,0.00021469836693397416,-28.938095238095237,-1
27371273,0.01436259590432785,1.649708155947358e-06,1.0554861991575637e-06,1.7318671456281364e-06,2.012296840395398e-06,0.9778656751024831,6.483167840598794e-06,0.006656200937112322,0.001102595529894991,-26.905769230769234,-1
27371457,0.002187011024148636,1.4278697144042075e-06,4.689508685780544e-06,1.6361985700873888e-06,5.664767084813027e-06,0.4886446932262743,0.0003573925825438605,0.5084257910773526,0.00037169374562543307,-28.3525,-1
27371771,3.0996741767094606e-05,1.0426379171301275e-06,1.4904425778647543e-05,3.6989619871891814e-06,6.938821398266804e-05,0.45336746936812966,0.0014957706588120873,0.544220416629676,0.0007963123619493872,-27.96944444444445,-1
27371882,0.016846022367712536,0.0039848132469345494,3.859245935332978e-06,1.3190635897460916e-06,2.9311024373696935e-06,0.9412970539493083,1.8681461233263076e-05,0.037348001448166496,0.000497318114682402,-30.791428571428572,-1
27372009,0.0001155061618446482,0.0024057225715647364,0.0788971651442923,0.00036208951769654737,5.247506183042358e-06,0.07034853591612661,0.004166481886108272,0.8275471869411695,0.016152064355014453,-26.33846153846154,-1
27372036,0.00011747655243967614,1.3251684059488934e-06,0.0001804709063380305,1.9035112842302768e-06,2.7166152691286668e-05,0.745518330823509,6.2555030273357034e-06,0.25360874518002385,0.000538326202280597,-28.07272727272727,-1
27372357,0.004241249072136709,2.3067762903319143e-05,2.8819637865730284e-05,4.444490202763747e-06,7.721503619567935e-05,0.9494518341825076,0.0005338166654785302,0.0454992198117483,0.00014033334096115777,-27.327848101265825,-1
27372387,8.619727263906156e-05,7.000475928911068e-07,4.408090968052197e-06,3.2068897778347646e-07,2.1084436355227557e-06,0.9958266403551284,1.6529348378404575e-05,0.002625253915828658,0.0014378418368511923,-26.46301369863013,-1
27372467,0.00036811493424832655,0.00011264393855608382,0.00019139568722033846,8.349984688398068e-05,0.0011712676668418835,0.5839683760088705,0.0005296330651440352,0.3805112412833732,0.03306382756886153,-25.270000000000003,-1
27372709,3.166528550702997e-05,3.771815755194192e-05,0.0316303659740757,5.6857308293557695e-06,1.7177656944158878e-05,0.46806079668480205,0.001645838088892074,0.4964398538282181,0.0021308985931797145,-24.34166666666667,-1
27372849,0.0008269098248130888,1.581606524530454e-05,2.1680363998039743e-06,3.6892857345897525e-07,1.0029491391446368e-06,0.9939524429329468,2.9195734125825686e-05,0.004856322400102327,0.0003157731286542164,-27.54,-1
27372878,0.00024564687472884586,1.3106604177671348e-06,8.289940133814386e-07,3.113204777758021e-07,4.658833763429226e-07,0.9981518620508021,9.315305339846138e-06,0.001275187229455536,0.0003150716813886052,-31.220000000000002,-1
27372953,6.838915653069647e-05,2.9693683738005302e-06,3.073520767290266e-05,1.5640163739041137e-05,0.00010670470254974971,0.7195454113517721,0.0001598027994363774,0.27958338513894027,0.000486962110985138,-25.00909090909091,-1
27372963,0.005418186012769782,1.8171797524560696e-06,5.09711622576366e-07,4.03933358132725e-07,1.6611770945703056e-06,0.9857553862730452,2.375901742800608e-05,0.0032810204133471126,0.005517256281582053,-29.056716417910447,-1
27373251,2.695579761601674e-05,1.806136837829504e-06,3.4771571896988896e-07,5.44850154831644e-07,4.795057089886756e-07,0.99647529559464,2.212484064053596e-06,0.0022245996243188586,0.0012677582909404032,-29.68658536585366,-1
27373586,7.165195855685563e-05,4.3502982801437824e-07,2.125080680941127e-06,9.374796668651864e-07,3.0321019655023164e-06,0.9911374754265279,4.175038316350665e-06,0.008439597903887668,0.0003405699805700516,-27.94255319148936,-1
27374362,0.07947936405950157,8.87764562796009e-06,1.177261729944267e-06,7.120756798835804e-07,1.2159080912550333e-06,0.9161805305704538,4.527049515197075e-06,0.004085475680455599,0.00023811974894475825,-29.548979591836737,-1
27374805,0.0006167033906615214,5.716107672892157e-07,2.6494922445715694e-06,3.906909346844604e-06,1.1050008282096337e-06,0.0773527264882301,8.476662141996199e-05,0.9219026184853947,3.495200110680112e-05,-34.62307692307692,-1
27375784,0.0032168621681431435,2.4953260560935426e-06,1.1665144437710145e-05,7.257851630190397e-07,1.2136951656591115e-06,0.9921211097403173,1.3051573665810924e-05,0.004493197850731703,0.00013967871631971916,-31.585106382978722,-1
27376400,0.002368836259072548,5.368450739589809e-06,0.0005911160193012672,1.8098072780403447e-05,0.00015928412078022096,0.7610471707176375,0.002046390583364849,0.23123304146836307,0.0025306943079605885,-28.137142857142855,-1
27376981,8.080280452307957e-05,2.235171079521896e-06,1.0338179694920502e-05,5.51399531725792e-06,2.894346682561454e-06,0.7843396492474156,0.0009350716282449257,0.21436896588070664,0.00025452874633552356,-32.04615384615385,-1
27377219,2.1092463964793035e-05,3.756451545023643e-06,0.23734593072318924,2.9018279239478215e-06,0.00019128107675006492,0.7043472653194865,0.008218977220414737,0.041127301273846964,0.008741493642878745,-25.116393442622957,-1
27377360,0.0030726330702890103,7.955435172675358e-07,3.164728241910646e-05,1.533036272557609e-06,1.4078292330482186e-06,0.9915520521741511,3.1708671315123156e-05,0.004770326139684167,0.0005378962531185402,-27.477868852459014,-1
27377477,4.7216030114235524e-05,3.394434243482487e-05,0.00816775841722172,4.486774348509446e-06,0.014096248573385203,0.6407147371450925,0.00012386257501574663,0.33626777401138364,0.000543972131003684,-23.83404255319148,-1
27377812,6.148675701630701e-05,2.658746757098113e-06,3.189785309591542e-05,3.728759967144546e-06,8.194607408395086e-06,0.9150264753987111,0.0005620093831386031,0.08425503023758127,4.851825632419798e-05,-29.55862068965517,-1
27377895,0.029734420506945712,5.749063105141811e-05,5.2903658322602444e-05,1.281106918587473e-06,5.388780933466834e-06,0.9619562810155582,6.324134717717628e-05,0.0059006721059284145,0.0022283208471643038,-30.375806451612906,-1
27377938,0.0002560771701558454,2.4354617813212635e-06,6.475433304558895e-07,5.532560154117398e-07,1.4179413768880702e-06,0.9947800578948156,5.3092578088853514e-06,0.004793451395242069,0.00016005007947348139,-29.388421052631575,-1
27377964,3.3234246851079915e-05,7.944154803588472e-06,0.00010069059014568795,0.0025333106132977507,0.4031527480512075,0.4289721731371797,0.0002498653392436588,0.16054650748175348,0.004403526385517506,-23.550000000000004,-1
27378135,0.0001162617907257354,4.959871663833419e-07,1.476857129332935e-06,5.162992415114952e-07,2.296890919059935e-06,0.9923411271457573,2.8580232588234633e-06,0.0042913021412001534,0.0032436648646017264,-27.746938775510205,-1
27378200,0.007687070658509025,0.00010896672633894387,8.286677969084017e-06,1.8635952341000703e-06,0.00026408166419955803,0.7986384474375162,0.00034942224202886603,0.005601291354698563,0.18734056964350562,-26.148863636363636,-1
27378316,0.04193929593126865,2.1503886205347903e-06,1.3914920925973693e-05,8.539738485212746e-07,9.386444675642484e-06,0.9502404358261026,7.636931301316809e-06,0.00034056139009179694,0.007445764193164855,-28.257471264367812,-1
27378420,0.006797889468733551,2.7623083292981393e-06,1.0682446094656186e-05,2.8758108324400086e-06,4.5231816048677835e-06,0.5495003336278353,0.004374067915454348,0.43650823728146637,0.002798627959649012,-32.171014492753635,-1
27378502,0.005229535860126819,0.0005118294224137293,0.00015891639709921332,0.006020922146388792,0.3512978403764222,0.23072287208162004,0.0004501200338302665,0.27619948226249347,0.12940848141960548,-19.72020725388601,-1
27378503,0.0695566049400444,3.3702416523462665e-06,1.1065406974747834e-06,5.046926353403255e-07,1.82293914993347e-06,0.9174812670734813,1.0460018869476199e-05,0.012801968584584178,0.00014289496888555422,-28.351456310679616,-1
27378642,5.917083377849815e-06,9.378069639136397e-06,1.8984592605951219e-06,0.0012720634274971487,6.379839748244414e-06,0.19234170542874196,0.795281786200129,0.010651564429646215,0.000429307061959897,-28.157142857142862,-1
27378789,4.126402283343954e-05,7.00734198656823e-05,0.0416701692259153,9.157390650551945e-05,0.0028473274149810003,0.7278493267993422,0.06049098118539017,0.045860321298283,0.12107896272688361,-23.29615384615385,-1
27378854,1.6576411902430782e-05,0.0007736710484814991,0.0012622118904807487,0.049545556327902876,0.002515753975632317,0.20809258885846466,0.5498884854279144,0.18149373688506767,0.006411419174153425,-23.34375,-1
27378974,1.1759127138112015e-05,2.868052665940067e-06,1.2235441621518967e-05,7.955023457699462e-07,6.927355203913141e-06,0.9168086413612327,0.0015299428259500137,0.05204311931340657,0.029583711020435343,-27.775384615384617,-1
27379077,7.540945004362625e-06,9.438078211828607e-06,0.0011018914720454767,2.0344748456977246e-06,2.9361553149572434e-05,0.97274324025569,0.0007186669207101225,0.02418326210687735,0.0012045641934656814,-25.763636363636365,-1
27379228,7.56518263312948e-05,4.379851985691315e-06,0.0001380413384817509,0.02026022086085947,3.4640794976163234e-05,0.7687062646855735,0.04907474764028229,0.13846459170884884,0.023241461292661216,-27.19347826086956,-1
27379256,6.759727439502195e-06,0.022698668011926805,0.0015037770386474485,0.002939975712082428,0.8469104046410237,0.06666343107347444,0.02308843040494602,0.03424984537683555,0.001938708013624147,-20.055714285714284,-1
27379305,0.028518640161648633,1.2907123608258645e-06,7.600634051037537e-06,2.36292561672642e-06,2.8112408854987455e-06,0.8102350724398928,2.6999701391939086e-05,0.16093488569347952,0.0002703364906729653,-30.348044692737425,-1
27379676,0.0008763836727960382,1.3162556270815778e-06,5.491369323427748e-06,5.352482071596386e-05,6.4984909128682915e-06,0.8612272890808397,9.789940260994024e-05,0.1372562812869655,0.0004753156202096,-29.977777777777778,-1
27380172,7.721255694922115e-06,0.30342355710298186,0.0033720104845754257,0.0020615720248979524,0.5746434899702193,0.03218468001829616,0.015867464553383108,0.05691107493975271,0.011528429650198565,-21.649541284403675,-1
27380754,0.2889557175752159,6.867535615988311e-05,1.516201650202315e-06,4.371691938662196e-06,1.0808407364522532e-05,0.6764568499342916,4.579528886974927e-05,0.02164916489229891,0.012807100652210728,-29.894444444444442,-1
27381012,6.809974917400212e-05,6.346763478254059e-05,9.828977276285168e-06,0.00660161261905363,0.0003301084230325934,0.7169277254803681,0.044295256209434045,0.16556808621821958,0.06613581468865921,-29.00674157303371,-1
27381985,0.19398439772812504,3.026702149620743e-06,7.799023740994449e-05,5.378046715984424e-07,2.83874808904843e-06,0.8055160591249123,4.730791080916213e-06,0.00013057530708565065,0.0002798435564759061,-28.66641221374046,-1
27382085,0.26204937368394526,1.670780225599355e-05,2.824495896373867e-06,1.917358690092421e-06,2.3861651316317825e-05,0.5895712205645772,6.123616857537509e-05,0.0012370365346679405,0.1470358217400754,-28.555681818181814,-1
27382536,0.0005527731317769771,8.618459663086603e-07,2.637837325139403e-07,3.83887108091067e-07,3.0164102045723097e-07,0.9982443853665199,1.271295719708143e-06,0.0010209610641246454,0.0001787979840314878,-30.6875,-1
27382956,0.00025025247890534123,5.7064349805987764e-06,0.0002810399419969459,3.055237930259344e-07,8.391603371704092e-07,0.9970291127662941,1.2242213697731823e-05,0.0020802441723524376,0.0003402573076426706,-29.68551724137931,-1
27382957,0.4188487788910904,7.400513959758006e-06,6.389995713146918e-06,9.02871572830573e-07,1.4021016088252682e-06,0.5720466117209309,4.306925613238988e-06,0.008870745186566472,0.00021346179294431331,-33.59782608695652,-1
27383026,0.33422753479459666,7.626623755041348e-06,3.1822917009338428e-06,1.6472451147706078e-06,6.949230863553761e-06,0.6547519252208817,3.235244379266335e-05,0.009341682773980902,0.0016270993753138732,-29.687837837837844,-1
27383801,0.00011594003820792481,1.835167771151204e-06,3.1173295581368776e-05,4.2102462048435665e-07,2.2055539662990465e-05,0.9968318601525411,2.5585571445450292e-05,0.00042161441765589853,0.002549514792513788,-26.384375,-1
27383815,0.0013277001593902673,4.3497255965517236e-07,1.083548331548056e-06,5.919094142183673e-07,1.0385730007027991e-06,0.005992251761071275,0.0005374654579087115,0.9921258833595725,1.355025875111811e-05,-32.46,-1
27383952,0.00021386213883645548,4.304230472360336e-07,1.2239443975654197e-06,2.0644069232551744e-07,6.928147048540117e-06,0.9990171201677441,6.905577756664456e-06,0.00033019770588040037,0.0004231254545967882,-27.98947368421053,-1
27384062,0.002941295854767732,7.363908255069251e-06,3.439108759280956e-06,7.28866328535915e-07,1.7729841716902947e-05,0.9499424690911968,4.059088835843835e-05,0.005114876912464817,0.04193150552815243,-27.89701492537313,-1
27384064,0.00026420952240981295,1.5931275738596019e-06,9.354959116713643e-06,5.085217581250376e-06,7.199012693933466e-06,0.07509155701538953,0.0010939365135922083,0.9234485995931877,7.846503845488099e-05,-32.94117647058823,-1
27384208,0.03993645779655874,6.860225981389894e-07,1.4865506543073872e-06,3.0658892200002017e-07,1.809807751433681e-06,0.9574076953911783,9.313602196859724e-05,0.0002171816247287151,0.0023412401956397428,-27.7247191011236,-1
27385310,1.014631272301326e-05,0.147993720427054,1.2403299624326502e-05,0.0018028625421721834,0.7020566855366235,0.07472569916796125,0.0005392256772725767,0.03873098286083217,0.03412827417573716,-22.80942760942761,-1
27385431,0.009159518223300392,5.713769423635413e-05,3.245363490975942e-06,1.5269708558239947e-06,5.790232051381224e-05,0.8139120406899514,5.4204879273000246e-05,0.00045631739119616306,0.17629810646718216,-31.2780487804878,-1
27386834,0.0023018829494345933,7.781143927597353e-07,1.407200111315698e-06,1.5705009434964447e-06,3.2289101024462908e-06,0.9500462208947157,0.0002999799908783048,0.04683121191324613,0.0005137195261752314,-28.431764705882355,-1
27386871,0.0001674403727034861,1.4230820890333252e-06,1.8198198073188525e-06,1.2040783477951106e-06,3.0547959708930725e-06,0.30657485197294726,0.10115782759632894,0.5918709209526464,0.00022145732915894857,-29.88125,-1
27386953,1.948334987608458e-05,0.014590576985084586,0.0011574372591087294,0.0008362419186499123,0.5747543563712915,0.1726310724484578,0.01374526554957411,0.21809253429028286,0.004173031827674382,-18.01388888888889,-1
27387156,0.0008016349553441599,2.5323545823150428e-06,3.44351569439379e-06,2.0497637534539914e-06,2.44075819344053e-06,0.584838231020285,0.023733418079662758,0.39054311449436163,7.313505812288277e-05,-31.413636363636364,-1
27387223,0.006102444541068015,6.227086242776103e-07,6.1986235391706545e-06,4.570468669091839e-07,1.3695900593767584e-06,0.9706934671954199,1.1918001427929842e-05,0.022721326160185,0.0004621961328092878,-31.00972222222222,-1
27387235,0.0003076970141410928,1.1965064829154026e-06,3.003458533850502e-06,1.0021175566634958e-06,1.2856144768036274e-05,0.9484081500641104,6.62739328683704e-05,0.05049504731770147,0.0007047734438373106,-29.364285714285714,-1
27387356,0.004757752020804586,6.861776568480904e-07,3.127423187851147e-06,1.5995839582699646e-06,1.0649959221132043e-06,0.873171137159208,1.4434193647265626e-05,0.12139942610415784,0.0006507723414572739,-31.237719298245608,-1
27387432,7.059843552474255e-05,4.424394853652154e-06,1.4145358188819293e-06,1.2591891702108606e-06,3.464887988700534e-06,0.918229833060526,0.00011433323391392433,0.08128086567810396,0.00029380658410012924,-28.521359223300973,-1
27387490,0.00018610900414620156,9.630067277478863e-07,7.811865128594981e-05,1.9005112439036864e-06,2.1795886215579935e-05,0.979544654552099,7.060374041486011e-05,0.01728432878778267,0.0028115258600839707,-28.226315789473688,-1
27387609,0.00016897588768893156,1.7724293414710886e-06,6.437655572576451e-06,2.8128689063472194e-06,4.475849684172256e-05,0.9434427597502555,0.005719156032173206,0.05052428720568456,8.90396735356063e-05,-27.165517241379312,-1
27387894,0.035411421070797575,6.481200651920669e-05,3.352711663536679e-05,4.9466600147596755e-06,1.6531139961518282e-06,0.6928208211879451,5.573131933849432e-05,0.2708529788313706,0.0007541086933828958,-27.4,-1
27388061,2.7585380563740688e-05,3.7375975011209908e-06,0.00035837792684427554,1.7917703551950641e-06,9.182350329429967e-05,0.9885411090014184,3.1535431325063315e-05,0.009889019130538848,0.0010550202581590662,-26.071093750000003,-1
27388363,0.0004913324892149367,2.362949063727799e-06,4.973959525683507e-06,3.091392864120517e-06,2.382639211417052e-06,0.9623678183056104,1.5314765082188415e-05,0.036011723814913375,0.0011009996845142045,-29.200000000000003,-1
27388419,0.026551548511240523,6.135205664354328e-06,1.4428319600255516e-05,6.699251214545236e-07,0.0019305204486630336,0.9447162251335746,1.0389153335117305e-05,0.020447397245411565,0.00632268605738906,-28.16516853932584,-1
27388672,0.00037310609359581914,1.8272097038952713e-05,2.0493840392267337e-07,1.7563300618952938e-07,5.349755719709996e-07,0.9990231506189137,4.504367487852628e-06,0.0004805930548066317,9.945822117499615e-05,-29.08695652173913,-1
27388700,0.00031622534064720223,8.015730592647157e-07,4.057962358567093e-07,1.3213505391479854e-07,2.3643002013045276e-07,0.9993514711393423,2.207470490837256e-06,0.0002857795174168647,4.2740597733496706e-05,-29.7972972972973,-1
27388816,0.001718368371934012,1.1226680547073996e-06,3.3437522861933014e-06,4.859172787836705e-07,7.082211132333997e-07,0.9919380529968249,1.036447360684057e-05,0.006073032723930095,0.00025452087497130325,-30.120512820512815,-1
27388912,8.885508496161255e-05,1.9853815435448897e-06,7.685014778677047e-07,4.0369938327174456e-07,4.383258131426297e-07,0.9986749517617127,1.0223619811079963e-05,0.001026975825066428,0.0001953978002303508,-31.28333333333333,-1
27388975,0.00014568228354296448,4.982120907084592e-06,1.2824662101194772e-07,8.933455841930313e-08,2.1196770430183116e-07,0.9991564672095645,4.9329809616954605e-06,0.0006467268841071668,4.077897203293142e-05,-28.75,-1
27389262,4.319827826194745e-06,6.647654296325219e-07,2.2032879903420798e-06,3.12102519277655e-07,7.6225969336027676e-06,0.9960593798549203,4.9396393836670056e-05,0.0036413550114694397,0.00023474615907454827,-26.323611111111113,-1
27389386,9.054838509498104e-06,6.843257698398889e-06,2.5992091965514198e-05,0.00017470460844263671,3.839674478286051e-06,0.9387065666816937,0.0003040280077625221,0.060645361330868106,0.0001236095085813427,-22.29,-1
27389936,0.0044432623822717385,1.0785879992478667e-06,2.7407087630406536e-05,5.226569696171289e-07,7.635554720015884e-07,0.9949423668978424,4.4661647072236155e-06,0.000561696203550013,1.843646355716667e-05,-28.365384615384617,-1
27390071,0.0071936931160750325,2.1713957705639306e-06,0.00036915703164549704,7.936868997219973e-07,1.3316715892088733e-06,0.9568164522972491,5.03842967016106e-06,0.03554838371179545,6.297865930522194e-05,-27.440909090909088,-1
27390223,7.690137164458121e-05,1.844286470246024e-06,8.562918036034096e-07,3.064436421267465e-07,8.23816480831457e-07,0.9985738143054104,5.757885603660819e-05,0.0012076023959267548,8.027223258488468e-05,-29.213999999999995,-1
27390271,0.0018840147737081091,2.8234267174118056e-06,1.3096619226651115e-06,9.440110052697278e-07,4.114495804959445e-06,0.9820788531442929,2.35122774829975e-05,0.005706302385471912,0.010298125823593768,-27.9953125,-1
27390291,0.005811176113511144,8.678373204307024e-07,1.5807170000097026e-07,1.2341285565865337e-07,2.5592893794564124e-07,0.9929144025679539,2.3628678147364564e-06,0.0011478537061200983,0.00012279949378602388,-29.08273381294964,-1
27390319,0.001843741184259741,2.02776884603091e-06,5.792754159308937e-07,5.201003196039348e-07,1.3807033255893074e-06,0.993254283602335,2.8348652684590067e-06,0.004643701352827172,0.00025093114740246613,-28.433333333333334,-1
27390709,7.144324660201321e-05,1.7377777807604646e-07,1.5244517148730748e-07,2.2621492470396567e-07,2.4338692427806876e-07,0.9994057614601404,5.238053449593644e-07,0.00047126740782688645,5.0208255287148115e-05,-29.44912280701754,-1
27390827,2.000771286212753e-05,1.2325336104098604e-06,3.510734393153113e-06,1.0522446785107663e-06,2.7090835761525663e-05,0.9982253074312514,0.0001497161671332592,0.0011769170979010087,0.00039516524240858897,-26.900000000000002,-1
27390828,0.004505831365514273,7.379913177870758e-06,1.6682417103789266e-06,6.991681638796848e-07,8.436750426962348e-07,0.004116828723790724,0.00139722171195068,0.989834593440472,0.00013493376017754087,-32.42777777777778,-1
27390876,4.19641841417777e-05,1.660308124727686e-06,0.00030358639617715917,4.495535437817735e-06,0.0001927425419462995,0.9760039480860006,6.232301614763596e-05,0.018599383977550725,0.004789895954473528,-25.848780487804877,-1
27390943,0.012852401365141913,2.433351296982744e-06,6.798753075894891e-07,2.7611241603598834e-07,8.960689132125073e-07,0.9773753502512614,8.52673324744656e-06,0.00019551948845742003,0.00956391675395785,-29.078244274809162,-1
27391118,0.00027025057098479453,1.7663345241216714e-06,2.0756669713530423e-05,3.4458118944538126e-06,1.918117839159078e-06,0.8380215194925157,6.499572260960328e-05,0.1600780542997898,0.001537292980128726,-31.40740740740741,-1
27392023,0.5731288486630939,1.5618813081967062e-05,8.790337283866656e-07,5.525703635662343e-07,0.00010622024512437426,0.4104851427023761,5.009368845762222e-06,0.0010357829893245729,0.01522194561406153,-27.907518796992484,-1
27392399,0.0023114402198785174,7.604146998818544e-06,8.572270302022644e-06,1.2625455465958762e-05,0.2274154902093734,0.7342125425347458,7.66560735156313e-05,0.032268518450558836,0.003686550639161091,-21.32941176470588,-1
27392410,9.248150560861731e-05,8.291367092497485e-06,1.1009224993657068e-05,5.488065955541226e-05,0.9563693810974367,0.016499455156140132,5.1774867946680296e-05,0.02061705522252626,0.006295670898699902,-16.975384615384616,-1
27392878,0.0004272753875387167,3.873085460795378e-06,2.092253326174271e-06,1.9034933505329977e-06,0.982218709025588,0.013842062125070814,1.0592596711814144e-05,0.0012067935884443784,0.0022866984445086306,-16.892929292929292,-1
27790720,0.0004877622791488072,2.9517249081327303e-05,0.00045543981396509734,0.22066579085291832,3.850671014459003e-05,0.12863843063214564,0.007186296551902216,0.6419757438087732,0.000522512101920719,-28.403225806451612,-1
27790957,3.6680405914150946e-05,2.6931562895610188e-06,4.811877896664798e-06,3.452531885186959e-05,2.0591452874758714e-05,0.4122764453252429,0.00515700567265549,0.581591141749738,0.0008761050405366871,-26.71224489795918,-1
27791208,0.00397476447914423,4.616243083382639e-06,3.107529462445832e-05,1.876532341359278e-06,9.823298579166732e-06,0.5884904712518402,3.362364078294532e-05,0.4070327121652138,0.00042103709439047534,-28.423333333333336,-1
27791358,0.018397212222003335,2.275378262536129e-06,7.873346833472481e-05,0.0006493056226399401,8.296839600740342e-06,0.5575570153781673,5.61721676921557e-05,0.4031801475052891,0.020070841418010167,-27.189473684210526,-1
27792402,0.0024528786207975604,2.6071033599795788e-06,0.0002473092918641266,1.692863207298389e-06,3.5509272141871058e-06,0.05891623894434235,6.455798301721e-05,0.9378358195457126,0.00047534472048476147,-34.40638297872341,-1
27793377,0.00012581009786592618,1.756583371057945e-06,8.406517489042725e-06,1.052871403170239e-06,2.771876329512261e-05,0.9894264258674346,1.909910323350401e-05,0.008281119214339175,0.002108610981568311,-28.07758620689655,-1
27793451,8.126862899200003e-05,0.0006352778941640482,0.0002567553793982036,4.2102475969398183e-05,0.00024877823060948806,0.8653025908186971,0.05851176635704086,0.006982273467284572,0.06793918674784433,-24.77692307692308,-1
27793481,7.957264410122109e-05,0.00245149301227972,6.322403600823342e-06,0.00036655946751950534,0.00020569695729791542,0.332031800906915,0.0022260308937640397,0.6563785900713925,0.006253933643129228,-27.152631578947368,-1
27793513,7.809183146756382e-05,0.00013178358892839212,8.648734111791527e-05,1.1890220715385408e-05,0.00020414070731710154,0.831572329689622,0.0008206514527249754,0.1652928846288074,0.001801740539299259,-28.063492063492063,-1
27794044,0.00033699914558068823,1.0039760443947453e-06,5.519574461094366e-06,9.399453089161783e-06,1.8270787917163968e-05,0.9421374877485803,0.00017658599560252576,0.005620611964857439,0.051694121353867195,-29.648148148148145,-1
27794964,0.0013458172296668188,9.020692745017338e-07,1.0787750529317962e-06,2.6017822931369032e-06,2.0844822604340795e-06,0.9441352212041941,3.433864168878461e-05,0.05413751878934634,0.00034043702622285155,-31.20555555555556,-1
27795733,3.220471746039098e-05,1.16420444331091e-06,6.198772991957717e-06,1.142879585115331e-06,7.933717142734021e-07,0.9906717551302874,3.1615224279967823e-06,0.0034227387060491317,0.0058608406950403985,-27.81458333333333,-1
27795764,0.00014958699294902162,3.349405114118862e-06,4.8534500102858376e-05,3.4865939645251858e-06,2.835376725193007e-06,0.6915048791159369,0.055645926553499134,0.0969202019648063,0.15572119949690186,-31.11527777777778,-1
27795783,3.0452377320372164e-05,1.5346135313556032e-06,4.47187359471468e-06,2.1320672342517948e-06,1.7262715085890943e-06,0.9816895191019835,2.4123363085678662e-05,0.015413885199803213,0.0028321551319381924,-29.709411764705884,-1
27796951,0.0011561231172050085,1.2903980253381443e-06,3.3675024175501455e-06,1.6750432930527393e-06,1.715163420130474e-06,0.5751410561380295,4.828126399461598e-05,0.42361789324878585,2.8598124828966248e-05,-32.62105263157895,-1
27798374,3.772848458130075e-05,1.3975433693129146e-06,3.388638275862529e-05,2.948831598127139e-06,1.5367563246429624e-06,0.9696728179582994,0.0012678312778860662,0.024948471416739677,0.004033381348442814,-27.526966292134826,-1
27799672,2.6101865112373197e-05,0.0001635198681608125,2.7354554412415034e-06,2.409386316722321e-05,0.0001867424328537021,0.9333795752800631,0.003294129839194147,0.01839956330269864,0.04452353809330865,-25.771428571428572,-1
27801031,0.0005065884126866547,3.0938732600827754e-05,6.990042739270473e-06,2.361518068054792e-06,1.265591423371862e-05,0.201674471053109,0.19406479190771364,0.6017530006695113,0.0019482017493373794,-29.97073170731707,-1
27801204,0.0005453692190752638,4.547282327455438e-05,1.0848793726049427e-05,2.0692523244825615e-06,1.604733037663189e-05,0.3077482833385664,0.014114829140477281,0.6770696527824334,0.0004474273197460837,-29.931111111111115,-1
27801229,0.0001859072670697773,5.335310507918658e-05,5.55180098862579e-05,1.2061771268967686e-06,6.588405040438333e-06,0.12440653078911534,0.2790003994690638,0.5953159560421192,0.0009745407354992058,-30.291666666666668,-1
27801344,0.00013300406012717414,0.0002684785308448968,1.7342025480609875e-05,0.00020560850032304837,4.259484765585321e-05,0.9821486364632138,0.003979107528133184,0.01290897029693076,0.00029625774729068665,-28.748214285714287,-1
27801359,0.0017012316482975958,0.0023136616948444804,1.672996534294252e-05,2.0946822807550547e-05,0.0002643377873995105,0.5051314901844661,0.06835612976287508,0.4110529370528847,0.01114253508108195,-28.112658227848108,-1
27801598,0.0008462796206961555,0.0009281835660504719,2.2581356751907827e-05,3.0766283147067252e-06,1.6431515448681607e-05,0.3574364090887442,0.014822180896839992,0.6221524608089246,0.0037723965182292494,-29.704477611940302,-1
27801619,5.57920594279209e-05,6.096838916594812e-06,0.0010970410957852218,0.00023364290320673978,0.0027604467232591476,0.9587448763481217,0.0004136867497333563,0.024778485713613928,0.011909931567935416,-26.25529411764706,-1
27801782,0.004616383173597751,7.923984056488937e-05,0.0009410726399314234,3.798160760122396e-06,0.16692240534608563,0.8016734800259083,1.1897227506209757e-05,0.0005211896320121581,0.02523053395363335,-21.49433962264151,-1
27801901,5.7354365202916065e-05,9.620054596007114e-07,4.483967442518853e-05,1.4011760416810226e-06,2.885540427337438e-06,0.919217563896451,2.179503943707719e-05,0.08045566383594988,0.0001975344666053323,-27.40267857142857,-1
27802189,0.004200290304918888,6.9593679308272456e-06,7.423694221073827e-06,6.99008505618276e-05,0.00011749826221806759,0.2636741511308401,6.518064766009622e-05,0.6395909774396775,0.09226761830197162,-29.616666666666667,-1
27802195,3.22648179469463e-06,0.021134571246864797,0.0003487049741300873,0.00017376113902257403,0.9316359814202905,0.036443290846532486,0.00047080582518678184,0.007583537062183676,0.002206121003994397,-23.001680672268908,-1
27802286,4.3657186742346906e-05,8.12900334449595e-07,1.608422198533289e-06,4.0006474834479314e-07,4.3304680317603925e-07,0.9974280302357241,2.012296776254133e-05,0.0023506163403647,0.0001543188353215419,-28.954430379746842,-1
27802800,1.455611745996027e-05,0.005838816160728741,6.0610825736026956e-05,4.677779102953595e-06,6.24540404473481e-05,0.9665552304383901,0.00404147958001169,0.021221528086476555,0.002200646971646593,-25.520000000000003,-1
27803111,6.030184235405031e-05,0.00011070263713230705,0.00017458779029295486,0.001697637274895082,0.026830461175088128,0.858939381141776,0.004994399607325676,0.06535996559575724,0.041832562935378445,-25.864634146341466,-1
27803670,0.00047958871846757697,9.794980996553927e-07,9.874255489787097e-07,4.929386658658533e-07,5.940402298008228e-06,0.9405833260435298,0.00017790414282237006,0.058651340020612674,9.944080995522761e-05,-29.277333333333335,-1
27803730,0.0017628270197746268,3.7241580608040483e-06,0.004534357873788979,8.761292565830116e-06,5.849234015517154e-06,0.1568731794245723,0.000888386474371736,0.835532045966384,0.00039086855646624396,-33.196296296296296,-1
27803742,0.0010270233314389275,1.9843748231438133e-06,1.4213863082019933e-05,2.7176304922875585e-06,2.161574902512768e-06,0.8945923038170088,0.0007826239569586363,0.10317055356212687,0.00040641788916692445,-25.63968253968254,-1
27803824,0.00623149458144856,3.89509189018815e-06,6.581284883200222e-05,1.2918913685355054e-05,7.179821729835259e-06,0.6364721355156889,5.5052620565705974e-05,0.356363102283785,0.0007884083223745066,-34.023529411764706,-1
27804016,0.0006669089745979304,3.408741705904256e-06,0.00013587282049220905,0.000816235718541858,4.876734898550007e-06,0.14903613133597804,0.19557930441304244,0.4748961078623992,0.17886115339834371,-30.1125,-1
27804050,0.0020035745886216143,6.9546813408186524e-06,1.070378302940782e-06,1.5762105594959415e-07,3.6662931506822644e-07,0.9971699223342425,1.1214626190729167e-05,0.0006510396415119865,0.00015569949941841992,-31.77948717948718,-1
27804383,9.577002798848843e-05,3.075397952023957e-06,6.596320053135592e-05,0.0005267435376084411,6.595279624310977e-06,0.9015892029834053,0.0014108465039369853,0.0791719523883603,0.017129850680592636,-30.63157894736842,-1
27804571,0.0022631885905389044,0.0004214080393616654,0.000540156522775938,3.7199369623621085e-06,0.4004074654586212,0.5920739489342742,2.1901532748440943e-05,0.001494059407597855,0.0027741515771193795,-19.62142857142857,-1
27804578,0.00046563888654589295,0.00020275038777432596,0.00011786859967424928,1.7754138678952006e-05,0.3563130844968426,0.586854827129803,6.953999679195388e-05,0.002259042940153392,0.05369949342373574,-20.46,-1
27804632,0.0001597879798915207,0.0002366342577401322,0.00021136884350791372,2.4150729841522227e-05,0.058002643578685883,0.8713811397896871,9.034836989499932e-05,0.06693970990589093,0.002954216544859961,-24.25185185185185,-1
27805015,2.7183024652068043e-05,4.6815045461870317e-07,1.7420444759582342e-05,1.2801631471199583e-05,2.0543805987024155e-06,0.03870040508635764,0.0010888253605942624,0.960110646976557,4.019494455484169e-05,-34.80714285714286,-1
27805077,0.00021307413830651817,0.0014603108510241143,6.76765560987312e-05,0.006039446339452467,0.8465152838632652,0.14267624671842366,0.0002944256443541712,0.0017904539996121548,0.0009430818894629647,-19.23611111111111,-1
27805095,4.089904024463346e-05,8.517697509580277e-07,5.735212549330395e-07,1.9126914013241957e-05,7.2589823827818005e-06,0.16673955825990677,0.23933354215918773,0.5938204824181781,3.770693508093346e-05,-30.385,-1
27805289,3.572419643455895e-05,4.625158435031228e-06,0.0010041267955108741,0.001814404581320262,0.002369797803727402,0.31539128340013656,0.016154750893138982,0.661780993419341,0.001444293751955399,-25.0,-1
27805344,8.013551863322188e-05,5.4086532240726485e-06,2.7898514234796136e-05,4.225027199321205e-05,0.0005015050294263594,0.41228996683285846,0.015401466630376559,0.5707211992261375,0.0009301693231156798,-27.939285714285717,-1
27805716,0.0001423230758496765,0.00011056153798161583,0.00012544493633546286,0.0004359326656753448,0.0011680239764870807,0.5530602844043951,0.0015894229278219326,0.004027529643238676,0.439340476832215,-25.182499999999997,-1
27805813,0.0003795206805675038,7.71782657054413e-05,3.3168175772695562e-06,4.795417506435953e-06,9.465175822794815e-06,0.8423881903407056,0.00015003449550050205,0.15441199025270838,0.0025755085539060814,-28.351190476190474,-1
27805896,0.0014816627237363164,3.7420248902009425e-07,2.5998443925404373e-06,5.459252952327109e-07,4.934613586520015e-07,0.006679890625987589,0.0001715764347813598,0.9916321647050687,3.069207689073879e-05,-34.56363636363636,-1
27806005,0.009490498674756131,4.09088430460666e-06,8.870686741234988e-07,3.4228616345364982e-06,1.0848028045105485e-06,0.10579461009011135,8.241013800988991e-05,0.8845936281072332,2.936737247174813e-05,-32.8125,-1
27806354,3.7391422224021805e-06,7.345136109375315e-07,9.618188123433821e-06,0.0021847026402731272,1.2050517261133857e-05,0.051483629738345416,0.7656616699934313,0.18063639737112178,7.457895610444174e-06,-27.273684210526312,-1
27806823,0.00016143059799799433,9.841482168496035e-07,3.1996615155839445e-05,2.3557070111215114e-05,7.255855125628462e-06,0.9647804013841459,0.006177410411415269,0.011449919012307607,0.017367044905523717,-28.968000000000004,-1
27806957,9.350916986320808e-05,0.019257349665025215,1.3108120864934537e-05,0.0010445662278726398,0.015157376334951882,0.715920470745605,0.030397555132750175,0.1673938774387032,0.05072218716436368,-29.5,-1
27807052,3.4961481249733463e-05,4.5272075311268225e-05,2.9439058826819874e-05,0.004658188977970713,0.0008227709509876933,0.5592198101210895,0.05010431074011497,0.2820605245891973,0.1030247220052521,-29.245000000000005,-1
27807477,1.3463134367212953e-05,0.00038839102136088786,0.17319791867544507,4.9822195076011875e-05,0.00024241683576187262,0.1024670054001933,0.00010583094325839707,0.7231701324772266,0.0003650193173106751,-23.57222222222222,-1
27807746,3.971532120630261e-05,1.0030802533625486e-05,7.649255865043265e-06,1.0308782603168258e-05,2.398294579894314e-06,0.04209765251147236,0.029020849341198952,0.9181018531293859,0.010709542561154925,-33.14651162790698,-1
27808162,9.074585943796594e-05,1.6619493444157297e-06,6.350856170228952e-06,2.2872805232182235e-06,2.863672322241357e-06,0.8990563154046287,2.9996969042129385e-05,0.08782288980790845,0.012986888200622649,-29.74225352112676,-1
27808218,0.00020709011907738337,1.3938945695256057e-05,3.349179937015667e-06,1.9768530982333266e-06,5.696904742256839e-06,0.6339510153124457,0.00023111797423697248,0.10445764935753606,0.2611281653532311,-31.39090909090909,-1
27808482,6.421355367961442e-05,5.701101146006235e-06,5.186640983692326e-05,6.380900727214798e-06,0.0005455862023034301,0.9049915431928071,0.00016486910164405585,0.09408577066024534,8.406887761041462e-05,-24.462962962962965,-1
27808995,0.0013232064324104665,4.433131846228335e-06,2.7608102939051913e-05,0.10222771828081485,3.988396716663313e-06,0.04230037566190122,0.001454507137551074,0.8374677197971364,0.015190443058684064,-27.188235294117646,-1
27809307,0.00012313891518923398,1.1902011333141665e-05,8.034805244177562e-07,8.072505651980489e-05,1.0933261390849265e-05,0.952498914197301,0.0005787312943723304,0.04397512052601123,0.0027197312573579444,-28.487755102040815,-1
27809673,0.0003764547957352639,2.9130443500962243e-05,6.124642390365365e-07,3.109051306443608e-05,7.236662346350655e-06,0.8865115245715298,0.01672444605199356,0.09541537225443852,0.0009041322431521344,-28.951724137931034,-1
27809679,4.024297280690052e-05,0.0001487923669824791,1.4307700533103511e-05,0.0011916681863400201,0.010766300825212363,0.8031182378028852,0.07143119159454966,0.11263551774659937,0.0006537408040907964,-26.441666666666666,-1
27809686,1.6924981458251597e-05,5.756897841535926e-06,2.641780478026847e-06,0.01105034371938374,6.251809159866595e-05,0.4535428925265694,0.390661389778053,0.14423081000927856,0.00042672221533881426,-31.24,-1
27809745,0.00020837187199210832,7.1932206219427495e-06,0.0036518031562827826,0.0012050069055055583,0.0037502058297592075,0.885703745895307,0.003907527570049443,0.09547183144753715,0.006094314102944878,-26.43882352941176,-1
27809793,1.1054949199727234e-05,2.2532876946752383e-06,0.0046318784404305495,1.3195229527952217e-05,5.079812179748602e-05,0.85906903795703,0.02921383001731449,0.03324801743364131,0.07375993456336377,-26.09454545454546,-1
27809825,0.0009060995325294067,1.3425421170689962e-06,3.635093135835201e-05,1.5963206196804927e-06,2.76494027447995e-06,0.7687685206632784,0.0007572426635710304,0.22885022562353896,0.0006758567827125858,-28.52735042735043,-1
27809826,0.0005852748422198438,4.706914621572902e-06,1.8345747976363848e-05,1.6718058117434938e-06,3.86608624507741e-06,0.9579746529445069,0.003486226558899754,0.0353331556510454,0.0025920994486732566,-27.293939393939393,-1
27809828,0.00017155943022463416,4.357281121312355e-06,9.503695561158626e-06,0.00015877492052517283,6.191669106670681e-05,0.727280122265113,0.0001563314170609824,0.27115587010128595,0.0010015641980411002,-28.51176470588235,-1
27809852,2.9308401953616612e-05,3.6281572520680775e-06,3.0968633508972643e-06,1.0288348810346214e-06,2.1462164615909597e-05,0.38466598326279994,9.461960354579964e-06,0.614392397089145,0.0008736332656470207,-29.01016949152542,-1
27809863,1.875263543452797e-05,2.2070661843713427e-05,4.050646813987902e-06,9.903373641126176e-05,4.331761816127042e-05,0.6284053030865661,0.0017150642615169922,0.17242212596954737,0.1972702813837049,-26.70555555555556,-1
27809882,0.0003845593162995045,1.3657262270885593e-06,2.8476048767988427e-05,1.2923173797079235e-05,5.180464158227281e-06,0.8471090300233535,2.7071469083898114e-05,0.15117693256550319,0.0012544612128097203,-27.554117647058817,-1
27809928,0.005920977715565229,2.4140520489167766e-05,5.22450945264533e-06,1.081938290297671e-06,1.788035518790018e-06,0.9895794564569138,3.341211447437047e-05,0.0030414943277499266,0.0013924243815456017,-30.699999999999992,-1
27810395,0.000349251039610449,1.7717225008863992e-06,0.00010571105632526873,3.4252583999006824e-05,1.360007229068287e-06,0.01917971450857046,0.03878848868208977,0.940360695661824,0.001178754737851118,-32.22857142857142,-1
27810399,2.5189638294245555e-05,1.0084118347431846e-05,4.525154916653145e-05,2.4261687343007354e-05,1.7506222127735542e-05,0.9576241955601364,0.00012440791508948137,0.04128921067553797,0.0008398926339571279,-26.94788732394366,-1
27810450,3.818625972137582e-05,2.2014897024351143e-07,1.6318521065659812e-06,1.2649847225045318e-07,2.040777496120083e-07,0.0006455450395844868,1.5077148775025263e-05,0.9989581432439765,0.00034086573064381074,-30.043478260869566,-1
27810666,0.0005227446881902215,6.137030597722461e-06,9.260708577990194e-05,7.159484634643904e-06,6.5567388987891015e-06,0.9771102798600912,0.0006606744226717317,0.011931196802153949,0.009662643886981927,-29.397058823529413,-1
27812409,9.985430330849375e-06,1.5523113776629164e-05,1.0774164100643243e-05,9.241505475365674e-05,0.0009741214070012235,0.06092896321288158,0.5763117401421349,0.36114766273854304,0.0005088147364774003,-19.70425531914894,-1
27813952,3.8790366763221145e-05,1.141118894973347e-05,7.131353071939227e-05,0.003538579306444904,0.0001228927569849068,0.9080476186381597,0.031092875624350175,0.04909607368898215,0.007980444898645878,-27.36376811594203,-1
27814181,2.261237028698235e-06,0.07708306518192246,9.997090188610089e-06,0.002247836445976112,0.8764536080345406,0.02348775104319995,0.00740313749875649,0.006798489932568751,0.006513853535818276,-22.12483660130719,-1
27814312,0.00020541275228363752,0.0010918839416967957,0.004727468425253677,0.2349092235072307,0.0008724811192792816,0.0708216324509256,0.013863963990903769,0.670299906676755,0.003208027135671557,-29.09285714285715,-1
27815210,0.00016325772448836853,0.011834197928831914,0.0001143606896747572,0.0006606434822256772,0.03763957291592581,0.4312891807424868,0.24508494425574584,0.26284805806975675,0.010365784190864032,-28.119285714285713,-1
27815778,0.00036708500602227286,1.214111564477244e-06,1.2210481029064701e-06,1.6707696316038447e-06,1.6595192565988315e-06,0.9510934381986502,4.566057804122719e-05,0.047535007098292045,0.0009530436704386788,-30.508139534883725,-1
27816871,0.0002446626103573174,3.819598256705787e-06,0.00021442530066529916,6.93659008252548e-05,3.250151013261806e-05,0.934002080236547,0.041269636941924474,0.005259780166239985,0.018903727735051442,-26.77777777777778,-1
27817050,6.336721413412043e-05,1.6004955491758455e-06,4.649048896670206e-06,2.5744581364361904e-05,1.0214191458947894e-05,0.3480798541022466,0.003336862586761856,0.6446677911813875,0.003809916598200652,-27.671875,-1
27817111,4.163728002338947e-05,8.397570824956525e-05,0.0015555865096857802,3.968493928359604e-05,6.71527845141719e-06,0.36282060993023374,0.005084767869044353,0.5594670042980606,0.07090001818696749,-26.12692307692308,-1
27817127,0.00011877372624841204,1.490719111186232e-05,1.586602697969642e-05,0.000174702699626142,3.6894323613342594e-05,0.48544094561633794,0.3436271638533671,0.08637381886882675,0.08419692769388878,-28.200000000000003,-1
27817260,0.000175322060659981,1.3776202707734016e-05,5.592067601106933e-06,0.0017561925539349883,2.874311319522343e-06,0.2226696397950434,0.7734429629526963,0.0008431799539924085,0.0010904601020445786,-26.96111111111111,-1
27817270,0.0003216128006232362,2.2915946084381334e-06,1.1780669216696024e-06,2.704236283057142e-05,1.776938136280755e-06,0.9860787586134301,8.252802656869003e-05,0.006882997031754221,0.00660181456512673,-28.61346153846154,-1
27817284,0.0014079778385052383,2.6134644039739924e-06,0.00029655597586732217,0.0004254901285892515,3.2062710372845425e-06,0.03011261268824757,0.004124519430060636,0.9626274782501619,0.0009995459531266936,-32.5076923076923,-1
27817320,0.00012367565391866196,2.7672061310129116e-06,0.00010098891366225472,5.314520519366815e-05,1.848851468999071e-05,0.8256366461750474,0.020457780747954856,0.12678514480890452,0.026821362774497537,-27.158227848101273,-1
27818613,0.00013537180030033134,1.0441372295146218e-06,1.5476983776063447e-06,6.999696476293574e-05,4.559476357141322e-06,0.9700283686759219,0.0005369866028885909,0.023111851095076505,0.006110273549085597,-31.15285714285714,-1
27819839,0.008669925975478925,0.00038268523049368773,0.0009419128662063222,4.834764199588813e-06,0.2505901216236835,0.7254841270758974,1.3476025960359282e-05,0.00040531519197383354,0.013507601246106466,-19.628571428571426,-1
27819914,4.319188873749467e-05,0.011717626590297344,0.020064591114439666,4.760073065444853e-05,0.0007955688345825685,0.9361171469761898,0.007223813548577268,0.022789134798709056,0.001201325517812463,-25.273684210526312,-1
27820106,0.0010642364674723578,2.502576057833441e-06,2.89311464408536e-06,7.437089411572762e-05,2.597482283581006e-06,0.915475607442693,0.00027778284484103943,0.08248805197709212,0.000611957200800284,-31.487037037037027,-1
27820127,0.00022152760151192855,8.47859028657045e-06,2.8718145121707662e-05,1.3145242514796279e-05,4.162157488076284e-06,0.67775735736721,0.30548295612529486,0.010463562492669819,0.006020092277902099,-29.406451612903226,-1
27820590,0.00033066642385099333,5.553321395897496e-06,3.8124259455729065e-06,0.00044987639319768257,3.979277040151876e-06,0.8296817782600368,0.13484117827402403,0.032042754673540466,0.002640400950968474,-27.918681318681312,-1
27820593,0.00023519467718106723,6.998881548754047e-05,1.1416941989175252e-05,0.11516619600843889,0.0015522749213948187,0.4701233657822189,0.2739612064882441,0.13667052023611975,0.002209836128925711,-30.039999999999996,-1
27820643,0.0004477721046887638,0.002382399266545535,1.80465446442757e-05,0.00017635820364271472,3.8895105474751965e-05,0.684430438288064,0.024663276123862914,0.2776478384203799,0.010194975942697079,-29.486486486486488,-1
27820696,0.0009658805353383988,1.803603255971693e-05,1.3863065216563625e-06,0.0005729547353344368,0.0001047786518016117,0.8992125755705687,1.0714868042615802e-05,0.09014554250134223,0.008968130798490686,-29.04587155963303,-1
27820697,0.0001625055463009235,6.534178718123091e-05,1.4497115110985109e-05,0.005489078223266679,2.2258081081474233e-05,0.7185292011550904,0.14147227354469655,0.10841254404197817,0.02583230050529351,-29.325,-1
27820711,0.00025681219017280126,5.3788605831414114e-06,5.802478765608118e-05,0.003077850709410161,0.0022859183496540822,0.2341735217619465,0.6852176564266604,0.07414888868946136,0.0007759482244555433,-28.227777777777778,-1
27820719,0.00010840667811252618,0.008573476464739636,2.5511156100670538e-06,0.003211682720968636,3.2979823944861934e-05,0.7891661269136367,0.16625040376964328,0.01820617228421307,0.014448200229131203,-27.282857142857143,-1
27820782,3.802561911491782e-05,0.0021465029700944707,4.311296080812661e-06,0.002027270348162363,0.0002497087895323339,0.8638185987643286,0.011305919359244836,0.07063205641287376,0.04977760644056794,-28.31940298507463,-1
27821053,0.0003952414213911783,0.0024840131811966347,2.5234635515820408e-05,2.5155945013880204e-05,4.031713559872863e-05,0.5408682525095598,0.0008629649038631819,0.45121284300502185,0.004085977262838768,-29.31836734693877,-1
27821289,0.0020497672312329335,1.596436678524573e-05,1.2415009748528925e-05,0.000519562342741408,1.0823613753691681e-05,0.31192170388189244,0.005494596680941759,0.6776195907368676,0.0023555761360363487,-30.644444444444446,-1
27821297,0.0005355065605765605,5.9386079081001605e-06,2.5262793096522598e-05,0.016187679400712342,6.247175040887734e-05,0.47944456073991415,0.036047621172235866,0.44946249404931427,0.018228464925833392,-29.93333333333333,-1
27821964,9.946593373455709e-05,0.0003343046138417166,0.0006642998689650118,0.0009090570377936558,0.00017440588243304388,0.9390005944076053,0.015452190473389305,0.04204738422060439,0.0013182975616330714,-29.251219512195128,-1
27821981,0.00018487643874881104,0.0031465642820458868,0.00015324904257524617,0.00017855214634648762,0.0004022747624396874,0.7339153834025418,0.12936817802531952,0.12879889184011958,0.0038520300598628397,-29.54520547945205,-1
27822072,0.00014459312623377714,0.0004799647774408725,3.173741551167475e-05,4.153217317666412e-05,8.575622525594761e-05,0.8894090685731099,0.0348357511225504,0.07059374789619091,0.004377848690529746,-28.836231884057973,-1
27822175,0.0005437845179085992,4.074818702935096e-05,3.22389358496839e-06,1.4489630583125527e-06,3.2373981568186563e-06,0.9361945298484111,2.1189139936648376e-05,0.06047302217541371,0.0027188158765005022,-28.356603773584908,-1
27822258,2.5360249204685284e-05,9.565506734354893e-05,5.7414576227810756e-05,0.00026457880632806206,6.730475142740513e-05,0.8701497633284283,0.0020013183757612344,0.1091907539530373,0.0181478508922416,-26.0659793814433,-1
27822577,0.0006908817603153306,0.0027860709125256842,3.2718881074649945e-06,4.232943700644357e-06,4.7538018580040495e-06,0.937924293823983,0.006781852673774342,0.05069824980386867,0.0011063923918667958,-30.817999999999998,-1
27822666,0.0002892275345033004,2.510905875349497e-06,2.540940001306642e-06,0.00015405082119625523,1.595541668460551e-05,0.9451040008018742,0.00982842448361999,0.03756975442459818,0.007033534671646792,-28.955384615384613,-1
27822761,8.80415819719322e-05,4.428057747289507e-06,3.357157659143819e-06,0.00017169717361982913,7.853331673233528e-06,0.6043329021093693,0.05592905721738509,0.33893241354636566,0.000530249824208431,-31.307692307692314,-1
27823521,0.00023236311965338035,0.1685435581733791,3.642709709469308e-05,0.0015150922006792733,0.03375951696124166,0.2381623644514935,0.040449430493066464,0.26032718313296405,0.25697406437042786,-29.257575757575754,-1
27823796,4.48999051054978e-05,0.0335130717975133,3.175686489949272e-05,0.0008164278168610461,0.014879582763280668,0.7647520873463262,0.04221472586198107,0.13692817719474032,0.006819270449292381,-28.018181818181812,-1
27823891,0.00012407941332060105,0.0007675047037735192,5.4565558321406814e-06,0.005650225552652993,0.9353415082060647,0.047596357228810435,9.070436075976371e-05,0.002783074821923268,0.007641089156862621,-17.744444444444444,-1
27823940,0.0001140407763091087,0.0025996163816310322,4.572592514803359e-06,5.010273017942731e-05,0.9831159738215167,0.008300553758289888,3.462137680085462e-05,0.002554243773555496,0.0032262747892026775,-15.055000000000001,-1
27824296,8.49218930978247e-05,4.593493334207035e-06,3.381593594757339e-06,3.354167490795325e-05,5.56775802318126e-06,0.6515544425532884,0.2827872777665414,0.06478207621210155,0.0007441970551107,-31.134615384615383,-1
27824965,1.3899245497686443e-05,0.058421825765198075,0.00022483578064846446,0.0005989270544408899,0.28075780904199943,0.49562702601407815,0.003104194358912403,0.15569892736917787,0.005552555370047042,-23.895833333333332,-1
27824973,1.4130762477037893e-05,0.004197576888398845,0.00032264301231478266,0.00047306272533109245,0.1568906620407835,0.7139816522595963,0.0020899274800338895,0.12098433270886788,0.0010460121221966328,-24.926190476190477,-1
27825620,4.594558758095271e-05,9.074232503023419e-05,1.555975001528009e-05,8.09210011142549e-06,6.797884421302448e-06,0.9796525070507446,0.00020395236019294153,0.015845640376902614,0.004130762565000645,-27.847474747474752,-1
27826018,2.848803558467769e-05,1.802521578902931e-05,3.487603784659825e-05,0.00012890649360627462,5.321898470900959e-06,0.9132489720683694,0.010178568181179556,0.06459815117718962,0.011758690891963818,-27.725,-1
27826098,2.4698731185336144e-05,2.0030141372351788e-06,6.100098562089212e-06,1.2140577492826416e-05,4.7561964543068465e-06,0.6231557986764806,0.234109817414189,0.14039495921571732,0.002289726075781294,-27.19315068493151,-1
27826235,0.00014338943705359807,0.00018023431545424417,7.742749429769976e-06,2.0090468978224486e-05,0.00037522692149007423,0.0825073849311245,7.958618413406754e-05,0.45919038783019783,0.45749595716213765,-33.82222222222222,-1
27826276,0.00014806267442990517,0.003921833098211055,5.077144647930446e-06,1.6727437424305315e-05,0.000504606010322679,0.31724125001648584,0.0001660157450533647,0.572706836252656,0.10528959162076894,-30.07,-1
27826338,8.26038615495138e-05,8.076254314512515e-05,0.00011430649095528898,1.2922929116141981e-06,2.853630958915424e-06,0.9465126332935918,7.96592194070517e-05,0.045556560063606984,0.007569328603873754,-29.367521367521363,-1
27826531,1.1520127306212115e-05,1.5326746453668545e-05,4.750738603760491e-05,0.4038555326323288,0.0007405360102733462,0.08198442869006446,0.0010577723821681888,0.5052979703030049,0.006989405722362832,-25.428571428571427,-1
27826578,0.00014074347900545184,1.169844367054411e-05,9.364405785231778e-06,1.7783132834945238e-05,4.019940469676492e-06,0.9308561823353303,0.018310317086797305,0.0312536539162813,0.019396237259825297,-29.122352941176484,-1
27826709,3.124264631605791e-05,3.0756814350565714e-06,9.823228376025712e-06,0.09536259982914416,1.8680106603863555e-05,0.13487289801846433,0.7229065083448372,0.012173234977437782,0.034621937167385555,-27.323529411764703,-1
27827567,8.95202695130206e-05,0.00023007173074555604,5.608033975402821e-05,8.660961687352994e-07,1.3194690206760673e-05,0.9245194836617253,0.00018837110303113227,0.06174255654074545,0.013159855568109929,-28.26923076923077,-1
27827960,0.007175590820353475,2.154036902557888e-06,2.6093896891945865e-06,1.3258666570035045e-05,4.1030232039069e-06,0.2537214359046633,0.001386684621729768,0.7352671072960784,0.002427056240809424,-30.633333333333333,-1
27827965,3.2895223900826966e-05,1.0288995393335223e-05,0.04610523946277596,4.767978611906706e-05,0.0166754234205529,0.6145915789676412,0.0002547582986415432,0.3177526259092739,0.004529509935701262,-23.954545454545453,-1
27828047,0.0022719648216930374,3.2697658412793397e-06,2.542438517189496e-06,3.569201121786056e-06,3.8914642278882545e-06,0.44415420389790106,0.0007872156910685718,0.5501436140480744,0.0026297286715548035,-30.776190476190475,-1
27828372,0.0034609316198649467,5.4136055051785496e-06,1.2143098490133929e-06,2.882287255188316e-06,2.9992675512181435e-06,0.668748653855455,0.0028343512161503165,0.32434640583641783,0.0005971480019512301,-31.012643678160913,-1
27828436,0.0006229433468400758,0.01793845783284733,5.342407327551943e-06,2.5013300487329336e-06,5.93555791793641e-06,0.36111680145256464,0.008091716253193782,0.6113696087362759,0.0008466930829840169,-30.766666666666666,-1
27828585,0.011956665127080626,2.6645537866524044e-06,1.312028158110944e-05,3.970335541006931e-06,7.26883849101652e-06,0.6481949431243134,0.07279117037047086,0.26438189305606075,0.0026483043126746633,-29.072340425531916,-1
27828863,9.280189445960639e-05,6.7842866647360355e-06,4.567171652891771e-06,5.133878973978796e-07,4.041068476121842e-06,0.9728471383048145,0.00021875139876626843,0.01270483087671529,0.014120571610553103,-28.94435483870968,-1
27828994,0.00047106585291646803,3.2572603571331597e-06,1.0570670213579944e-05,3.971064895705224e-07,1.0506181449982304e-05,0.9849364663300078,4.888882420374317e-05,0.013637865654149994,0.0008809821202118148,-29.1,-1
27829036,3.661009054659519e-05,0.0004538133670390847,0.00038537123690843137,0.009514461895338428,0.0011510126337602941,0.7049747501400615,0.03803496181901075,0.24129789834767879,0.0041511204696560505,-27.03448275862069,-1
27829544,0.00019288524978066664,4.3895260510251906e-06,8.57336155566406e-06,2.027199426201672e-06,2.2525495356812773e-06,0.37826371375073364,0.001153777988276847,0.6092944698684685,0.011077910506171901,-31.942857142857147,-1
27829566,0.0050844841585553245,1.3612935142882004e-05,6.703313294020573e-07,1.680182546554292e-05,1.4032447512876869e-06,0.167208034290814,0.0002834357634074054,0.827309102834586,8.245461594813576e-05,-29.23333333333333,-1
27829568,0.00022787496420930697,1.4346959918349841e-05,7.942430363545932e-06,5.069174204475874e-06,6.164754303821243e-06,0.3366040615019389,0.3410323700398564,0.3019591858086209,0.02014298436658426,-31.166666666666668,-1
27829613,9.491571006060296e-05,9.789846635755684e-07,6.705817350125854e-07,1.0936835023673271e-06,8.487866928894669e-07,0.9786378547505974,4.3494679384580115e-05,0.015679275956727707,0.0055408668666358084,-30.99310344827586,-1
27829640,0.00024307058454960305,2.7298375722431108e-06,7.872288558207624e-06,9.253985663989218e-07,1.2112609312586028e-06,0.9828974341598047,1.8612339849745033e-05,0.016093469446662886,0.0007346746835051324,-29.11428571428571,-1
27829781,7.86738887467189e-05,0.1015266352652651,1.177513525183475e-05,0.0005332185601219962,0.005006490703427626,0.6815133712567535,0.003438753264349414,0.08856799731319609,0.1193230846128877,-27.3,-1
27831184,0.028703943081373688,1.4908808049407805e-06,2.1568642551053435e-05,1.8741752382587543e-06,3.0826282517616025e-06,0.06031197097636143,0.0001737263644478873,0.9107256246511172,5.671859985380102e-05,-34.95263157894737,-1
27832153,3.5289281490862304e-05,0.00039909696398887813,1.6788258945048437e-05,0.0009981592125539395,0.6946651616632219,0.03916973512522141,0.00013583806127050088,0.00045734926886139215,0.26412258216444606,-21.75,-1
27832334,0.00017751058691274461,0.0001913838323731011,0.0002200662089946936,3.996827140717547e-05,1.33890417644633e-05,0.2588760184854655,0.01664363575760904,0.7220737887450479,0.0017642390704254232,-32.601960784313725,-1
27832702,6.135431241643103e-05,7.483057009826889e-05,7.155216305189093e-05,0.0003141454503332126,9.603901485248149e-05,0.6970213947894179,0.0009435639541487122,0.2988880126660535,0.0025291070796275594,-27.330357142857142,-1
27832750,2.3225325783854302e-05,6.847814910001034e-05,7.080096316889963e-06,1.1072326031459888e-05,8.893737543177888e-06,0.528378265154131,0.46148186833967186,0.009125183083156175,0.0008959337882655956,-30.522105263157897,-1
27832752,0.00013848230420658326,3.334324976533379e-05,6.1102473653648935e-06,0.0026708779162969393,1.528711861318963e-05,0.680973024198183,0.13701902429180837,0.16755000925702612,0.011593841416735029,-29.2609756097561,-1
27832846,0.00018474568883993726,8.445725751658901e-05,1.778999631938575e-05,0.0004638853214776795,9.530871339173469e-05,0.9509099429261353,0.0039146148349140835,0.036482654769119945,0.007846600492285194,-27.20266666666667,-1
27833884,0.002463362849748299,1.505443033329794e-05,5.656878924223973e-05,5.628851899226664e-06,3.855222799670682e-06,0.8175765601914249,0.04635982961901548,0.1254024935652789,0.00811664648025803,-30.52608695652174,-1
27836060,0.002116137082144848,2.482497717622705e-06,1.0667665358145912e-05,5.9443369557045056e-06,9.440287229001665e-06,0.35411070439354886,0.0005767727545804412,0.6396061455302311,0.0035617054522343117,-33.648387096774194,-1
27837142,0.00014715102856756649,0.0044406219552438776,2.2039780359090054e-05,5.5123126027879105e-05,0.0065388541910956135,0.8352551120179935,0.0013079119115972301,0.12271569389029527,0.029517492098819865,-28.490909090909096,-1
27837413,1.6423460037621016e-05,4.386388790132907e-06,1.9359191430382224e-06,7.5191395699713e-05,0.002343480217339484,0.6473036127898066,0.0008471099003213191,0.32873679568579844,0.0206710642430635,-29.621568627450976,-1
27837630,2.6667532014221903e-05,7.0318064947477855e-06,5.3431934741500135e-06,0.009970670744832084,0.0009841263862820288,0.5664877038958356,0.40232672066337327,0.01980017416028007,0.0003915616174135678,-24.656521739130437,-1
27837708,1.2157276018523656e-05,3.3821208791088706e-06,1.6149173099741467e-06,0.0006150356598426083,8.047400264585774e-05,0.3681526797802416,0.5126580523863999,0.11608076509230807,0.0023958387643543875,-29.57037037037037,-1
27837830,1.2343911140139777e-05,0.0008268733394326321,1.04580729510272e-05,7.331103802777165e-06,0.0004605228058233448,0.9904479082266537,0.0024045352803291607,0.004794875188683378,0.0010351520711838421,-25.13846153846154,-1
27837913,0.00025910481799310946,1.7726781255524398e-05,6.84916979368262e-05,3.4528830177455297e-06,9.893456710338942e-05,0.9982105916900762,9.34900081771555e-06,0.0002653261104753623,0.0010670224513241397,-23.545454545454547,-1
27838486,3.498323640784551e-05,2.4375398830053513e-05,1.7615684853536803e-05,7.394681639300311e-05,4.7454906904352685e-05,0.7572904955330322,0.11728488710559751,0.0207222514464394,0.10450398987154223,-27.708695652173915,-1
27838542,0.001425507151032439,0.01860207467157129,7.998770877899377e-05,4.251485263533142e-05,4.412295415582844e-05,0.3666028636908096,0.007791837598021528,0.5929931591494391,0.012417932223556017,-32.40833333333333,-1
27838565,9.496715230780888e-05,0.0003288844435208163,4.966339059616148e-06,2.756195934207229e-05,0.00016162288229891608,0.05590923497028444,0.30811057982201706,0.5921215966425797,0.0432405857885897,-31.514285714285712,-1
27839108,0.0025001177423286947,0.0023763503242514557,2.551663893950739e-05,0.00877879165087975,3.578154182131656e-05,0.951634945318568,0.005203962069897284,0.02010537893712272,0.00933915577619131,-26.801219512195118,-1
27839246,0.0004138681171796554,6.118367920544303e-06,4.3373282771453516e-05,5.960694051595349e-05,3.11876441514656e-05,0.8234212997016632,0.02643313574242004,0.07769432830991316,0.07189708189346439,-27.836923076923078,-1
27839328,3.32343816179386e-05,0.013127042083656837,6.6525763856366535e-06,0.06263822392811039,0.00021877008849317307,0.6341249653318701,0.017933888981297913,0.21735888475652532,0.05455833787204277,-27.032000000000004,-1
27839364,7.75440502734336e-06,0.00015226612307561797,2.367381936798139e-06,5.926863793659235e-05,0.0009944668706237142,0.8482202154666044,0.00016480574631077085,0.007348614293914363,0.1430502410745704,-26.2625,-1
27839649,3.508838633259055e-05,3.460096377114507e-06,9.575606191291864e-07,1.065386884332129e-06,1.305199783800358e-06,0.9982200667210307,6.283079761916268e-06,0.0008030663525871116,0.0009287072166232893,-26.9625,-1
27841731,0.004060897619299854,2.900605887603857e-06,3.440849548975483e-05,0.00024401196503271295,2.7250131471723514e-06,0.24270920711142777,0.0002995356255110472,0.7454498042367843,0.007196509327419805,-28.490476190476183,-1
27842419,8.634179220410581e-05,1.5597287014747384e-06,5.236952617161729e-06,2.1087236308456626e-06,6.964391905088004e-06,0.8102964907635567,0.00108867116379879,0.04158914663548537,0.14692347984810045,-27.769620253164554,-1
27842521,3.2599842954796472e-06,9.051825686678422e-07,0.008196099246990596,1.2220523432383868e-06,7.179463368525813e-05,0.13534035902025499,0.8488611549424837,0.006549843009961145,0.0009753619274168776,-24.142253521126758,-1
27843188,0.00937435920235461,1.9116352709273455e-06,1.1672630941748363e-06,1.42571202507649e-06,6.915401325662661e-06,0.823987882737411,0.0005338470949459872,0.1656739055876662,0.00041858536590628625,-29.607317073170734,-1
27843587,6.549493686250619e-05,1.2925725944791107e-05,0.014212266058992281,3.901781486984067e-05,0.0028274076244222757,0.7337036567652596,0.006950046248064822,0.22911846167932715,0.01307072314625679,-24.866071428571427,-1
27843967,2.3601442842717405e-05,6.792174175348398e-07,4.933663800499085e-07,3.2819755435139226e-07,6.440637284461589e-07,0.8494002443121099,0.00012155651114247627,0.15043533759904631,1.7115289778138694e-05,-28.683333333333334,-1
27844389,0.013206134215346119,6.127909748698304e-06,4.155164474401823e-06,8.678182935401893e-07,3.101751296245882e-06,0.94467867650771,6.866847708423627e-05,0.04182204083306273,0.00021022732298408786,-28.329508196721314,-1
27844658,1.2944101176619657e-05,1.5884685896970757e-06,0.00025910808468540303,6.209084731120669e-06,5.901059934992982e-05,0.9260379229068574,0.00037226174941563554,0.07186090399816947,0.0013900510070247347,-26.101379310344825,-1
27844773,4.855525193168944e-05,0.0006491501894175082,0.00018618166669693626,0.005836670290377609,0.00823891029043154,0.9156351495206222,0.05718245260911775,0.010688527429596606,0.0015344027518082851,-26.300806451612896,-1
27844928,0.00012335671983207072,0.00011178990183066319,2.9583999212241693e-06,1.70128099276951e-05,0.00013886241493578187,0.08604843650219207,0.0016731744695612967,0.8981025393348203,0.013781869446978835,-32.72,-1
27844971,2.6252811694947803e-05,0.00030699042948104875,1.4161597788343335e-06,1.2986756942630579e-05,0.00011748447193704599,0.25809649298837806,0.02888385990864355,0.7116711339311314,0.0008833825420125913,-29.04444444444444,-1
27845007,8.980926342963957e-06,2.411267755817299e-05,1.4197398722152232e-06,3.4164821811291563e-06,6.203580719628117e-06,0.044750683371782715,0.23321913748066744,0.7218081137967977,0.0001779319440780294,-30.271428571428576,-1
27846556,0.00034515954470911196,0.0004353252256769486,2.130087199448539e-05,0.0002538035440478223,2.9407401224768743e-05,0.9280968493964735,0.01361479675128598,0.0540367520734254,0.0031666051911619373,-28.708988764044943,-1
27846603,0.00013098091344459145,3.349804196340708e-05,0.00012168887577898033,0.026993692405717078,6.253042615962912e-05,0.6423573945552064,0.00022462525007754477,0.12391348310658756,0.2061621064250648,-27.41978021978022,-1
27846986,0.0008953651517472011,0.009126669871750644,8.010226437126907e-06,6.45653596289332e-05,0.0014086916117548305,0.3485547148228211,0.002510546642006692,0.14680721325344287,0.49062422306041065,-30.435714285714283,-1
27846987,0.004721429480482799,0.00337784890270732,2.4770192791462307e-05,0.0007347947582708494,0.005761400932364163,0.43905249660413614,0.0026289030109364884,0.2716175069996568,0.272080849118654,-29.88461538461538,-1
27847155,2.5423384197365694e-05,7.515113689761149e-05,5.090310337811e-06,4.350524511851892e-05,0.0008257784398964015,0.30386248363039703,0.0031841020794580997,0.6687507653276553,0.023227700446041923,-30.164285714285715,-1
27847200,1.0025048957670623e-05,3.841326299174803e-05,1.3818779069461605e-06,4.238439038293601e-05,0.023261377599161137,0.6618622304130939,0.006617054493620942,0.10223192495557325,0.20593520795831152,-29.0,-1
27847244,0.0033176690396866035,0.0010285108938265302,1.1933415756581098e-05,0.016454881320524785,0.9633043108968342,0.01301930314993203,9.758026504199097e-05,0.0021346349986697817,0.0006311760197274844,-16.038888888888888,-1
27847265,0.00036906674718895164,0.001225298477838868,2.71025024221525e-06,0.00013720802961379253,0.3249505500697635,0.1813390176639278,0.00016685053435481828,0.30226774935387557,0.18954154887319455,-29.171153846153842,-1
27847278,6.422289510323994e-05,8.513926806159005e-07,5.224150963435669e-07,6.425002066395813e-06,2.0396271492559316e-05,0.17298168561625915,0.008157180931194361,0.8131973218357169,0.005571393640390386,-28.954545454545453,-1
27848545,7.094508574641925e-07,1.1988237827295153e-07,3.7231163757113186e-06,9.447232828209551e-07,6.997190863623316e-07,0.05444282392810372,0.9427410330762722,0.0026333836255926476,0.00017656247805076933,-27.624590163934425,-1
27848657,1.1637183743376543e-05,0.5019182514940248,0.006553453804283539,0.00025200186012626575,0.030946869384340974,0.016685218376193457,0.002374029832821444,0.05954111251660006,0.38171742554786614,-20.49210526315789,-1
27848835,2.443790575920088e-05,9.749746470831053e-06,9.378777605108558e-05,0.00027194930642542714,0.0001274066877943177,0.895363443287564,0.007812169005184911,0.08111019126558125,0.015186865019169044,-26.14521739130435,-1
27849022,5.70194082060899e-07,1.0348610907808768e-07,1.0181301253235136e-06,0.003916545135431515,1.2044553867284138e-06,0.002741834237048364,0.9932108406923625,3.1370966126671916e-05,9.651270332772008e-05,-25.174999999999997,-1
27849428,3.0935224161795274e-05,0.008529371154226504,0.005126170514627529,0.0543050379577479,0.004906271728333462,0.6940288670977044,0.12532301051593467,0.1012994890141885,0.006450846793075141,-25.270434782608696,-1
27850759,6.995121386243976e-05,2.7954025454083014e-06,3.4269441899127465e-05,0.00013871291864450878,7.71351496620978e-06,0.9888529748890335,0.0011898024965419753,0.008861725337953976,0.0008420547845529357,-30.847058823529416,-1
27850966,2.5296178545257453e-05,3.1477625315635788e-06,2.9328648996504197e-05,0.009852365072574814,1.327718606190138e-05,0.1922303285773484,0.5491423608532116,0.04116951951152701,0.20753437620920287,-26.867647058823525,-1
27851107,0.00014773778747184177,7.860778680482544e-06,1.2340172977028113e-05,1.4774213563946458e-05,4.107069177972915e-06,0.15366391101414165,0.007812427155553266,0.8228138596393537,0.015522982169080112,-33.74999999999999,-1
27852983,2.6293831683934236e-05,4.393416725357918e-06,0.012700020513570876,2.7322773200676317e-05,0.0002553710713267913,0.6116351888968963,0.35526090304781394,0.01869238216729302,0.0013981242814891093,-24.3925,-1
27853420,2.447699611877585e-05,2.0902412352170134e-05,7.171137545553338e-06,0.00043662959712330654,0.0006216298184695109,0.9528244170872474,0.0108612657522098,0.034894011201151834,0.00030949599778171957,-24.483333333333334,-1
27853492,2.5464164042273254e-05,3.473345805442559e-06,1.495072692754087e-06,4.185947003199651e-05,3.7240946224255636e-06,0.498029085910788,0.055207475337029036,0.44377804457383724,0.002909378031150745,-31.684615384615384,-1
27853502,2.898959740120851e-06,1.233189281934574e-06,7.150682388987108e-07,1.1790640165214042e-05,5.3772378039780875e-06,0.166244626009791,0.8295275181206175,0.003909874518544186,0.00029596625581704874,-28.370588235294115,-1
27853513,9.558556562643868e-06,2.832532700269768e-06,7.401524608643948e-07,3.2302017529920945e-05,3.428152951947385e-06,0.273389283015271,0.5528312524087333,0.1709525396680028,0.0027780634957872714,-30.725000000000005,-1
27853610,5.561157848505049e-05,3.6697372364162216e-06,0.00013399976934775154,0.0014810922288869392,1.2588280476075137e-05,0.17692717005240427,0.007995936665517966,0.8098375920447498,0.0035523396428957187,-31.141666666666666,-1
27853619,0.0011210311347410727,1.3105348631790386e-06,6.511067890296043e-05,3.6629297050185583e-06,4.938476155367119e-06,0.9569183105313364,5.760913551955016e-05,0.020689314030582034,0.021138712548194594,-27.918421052631583,-1
27853692,2.694724828296922e-05,0.00011063943150909446,8.425496700603722e-06,7.027912590931373e-05,2.8207286027491205e-05,0.9758210213501346,0.0005593335520836338,0.019797881209463603,0.003577265299888751,-26.392307692307693,-1
27853755,1.2991924021255364e-05,0.0003377686543299883,9.497610908556107e-06,2.2639366591718832e-05,0.0010370042406330732,0.9669081772204027,0.0057519532987558505,0.01802695125717201,0.007893016427184776,-28.030769230769234,-1
27853819,0.0036668269720677043,6.5471809166257435e-06,0.0001449589663186334,8.70806446479733e-05,7.719577859986695e-06,0.2525039910006148,0.0009605896421434425,0.7218505707508462,0.020771715264584455,-30.613793103448273,-1
27853891,6.798222194534828e-05,0.0021311275411700415,8.520596211999177e-05,0.0003672691211078833,0.12398669158290362,0.1742193075489619,0.061692865514852514,0.15266957254318056,0.48477997796375805,-18.022222222222222,-1
27854684,7.782557571283703e-05,1.3761722932021449e-06,3.194085864481253e-06,0.00040583995809344547,4.993935283556768e-06,0.36027239523518084,0.0008009633922252647,0.6368104110399344,0.0016230006054120249,-29.106060606060602,-1
27854761,0.05015904573434717,0.0008255938540284074,4.733484572629977e-05,3.353635757305315e-05,6.505362074161279e-05,0.6708742647803198,0.0009120718474492917,0.26207538351591886,0.015007715443895508,-29.29090909090909,-1
27856185,2.119681016141329e-05,5.804055282034372e-06,4.7489731885379e-06,1.7491550826072822e-06,1.2100819725439013e-05,0.9545242010641038,1.872548533190768e-05,0.029845111146951327,0.015566362490172857,-28.107936507936508,-1
27856524,0.0002312422160875446,2.483526102659492e-05,4.240389640249168e-06,2.0917863647049733e-05,5.541050208060689e-06,0.6336098817796104,0.00014301731164500625,0.3223029652739181,0.04365735885421687,-26.183333333333337,-1
27858079,0.004854451537060573,5.760261902345525e-07,5.130440449654432e-06,1.1813087881817884e-06,8.057352239753402e-07,0.013564938795987807,2.5248256202909466e-05,0.9815130930480903,3.4574852006430785e-05,-34.1075,-1
27859622,0.00021311849056207424,7.358759529542477e-06,5.16387200713528e-05,0.5563508556321599,2.1734291146099605e-05,0.09864023428788406,0.00799364960583705,0.33348640996490914,0.003235000247900746,-28.481818181818188,-1
27859654,0.0027948605509481514,4.254689901612705e-06,1.9028275266019422e-05,5.045280812841107e-06,7.968414945518137e-06,0.5190814062244394,0.0036973030936089833,0.4742003568570417,0.00018977661303576975,-33.01714285714286,-1
27860519,7.219370798207461e-05,0.0001256718761560565,1.1256230412949229e-05,0.001176780975591271,3.4443262778132847e-05,0.774987579683562,0.00036739793587432904,0.1816071901356425,0.04161748619200066,-28.16417910447761,-1
27860948,0.00023288200644636337,0.0004974204875639806,0.000440845993017696,0.004020470351257464,0.0010679520321461358,0.8719335927750705,0.00791125796467517,0.042806853029558896,0.07108872536026381,-26.87846153846154,-1
27861529,0.0001803424212767527,6.116584663151434e-06,0.0029012313986714294,6.97557120241841e-05,6.359537513131216e-06,0.9287989811600349,0.019621561052999538,0.017372199091463616,0.031043453041353208,-27.605,-1
27861854,3.887830271209005e-05,5.191415740761444e-06,0.01382637669493215,0.00020485684687834068,0.000639371870799942,0.9506491510991395,0.0001806517501830623,0.03223573084540788,0.0022197911742061274,-26.486206896551717,-1
27862367,4.249066350612452e-05,0.00028601785103553985,0.000669680665317555,2.594032299278291e-06,0.0007704492666704121,0.9924356499782793,0.00012960048368685628,0.005483865301570861,0.0001796517576340733,-23.348437499999996,-1
27863325,0.000710219131744088,1.3545817132473498e-05,0.00010645927519958803,2.1214575305303432e-06,2.2313956477591663e-06,0.8474325322033405,5.9412978713038266e-05,0.14883781990712056,0.0028356578335714763,-29.698684210526313,-1
27863342,0.00012150794896706443,0.00029041861100254876,4.704948902985336e-06,5.1293757206596985e-06,2.292951066878244e-06,0.4717258639524612,7.516609182654994e-05,0.5271896889679984,0.0005852271520537431,-28.513333333333335,-1
27863364,1.3388005319618225e-05,9.323493673662588e-05,0.0012712553038711893,3.0112985321235004e-06,0.00012204398168519324,0.990286040299153,3.694298219115554e-05,0.006579640522600907,0.0015944426699100928,-25.77619047619048,-1
27863492,8.186097805114407e-05,8.742131741493135e-05,2.9737975010569638e-06,0.00025128147076926624,5.45910595781112e-06,0.9601605002693161,0.001959647205816299,0.03451982258369311,0.002931033271480318,-28.832142857142856,-1
27863524,9.499725158655062e-05,0.0025579199768542924,3.0747628889327466e-06,0.00018257368198550594,2.5860312105070846e-05,0.981599894263313,6.127616621981591e-05,0.012252072794833811,0.003222330790213021,-27.004000000000005,-1
27864385,0.0009169675096851407,0.07921079952733749,3.413979321108143e-05,0.00040727101182616544,0.0023977329287701438,0.4433025808889707,0.118921962062564,0.3274479705997295,0.02736057567790575,-29.570833333333336,-1
27866858,0.0005465943761119461,0.0003682135114341983,0.0011338621313548318,8.421671607915814e-06,1.9266725783939257e-05,0.9066968830047772,3.761820622240383e-05,0.08934060711976513,0.0018485332529423835,-26.16153846153846,-1
27867009,2.4237486082523e-05,0.0009748479605133466,2.299447975337554e-06,3.880723732903724e-06,8.23117727502141e-06,0.9054521608786963,0.0001058934321143088,0.06876613866327903,0.02466231023033121,-27.048,-1
27867295,5.704880675535985e-05,0.006613686470716934,0.00023489331295332446,0.0009117005870534639,0.014917372805588067,0.8584324064696535,0.0015467055904212943,0.1133219150833152,0.003964270873542907,-25.15476190476191,-1
27867320,7.364388331879123e-05,0.005574204003874605,0.00015589627633068258,0.001203515145223944,0.18768213043872756,0.6176754663096415,0.0006882412226532589,0.18365261731880542,0.0032942854014241093,-24.720754716981123,-1
27868671,8.784435513656076e-05,1.0007349305986328e-06,8.152117325258029e-06,7.3811794462702e-07,7.982006578866065e-07,0.9893440176599085,7.850967980548457e-05,0.007794656534081813,0.002684282600209168,-27.494444444444447,-1
27869124,0.45609182786939384,4.1190717889135435e-06,7.326462297442526e-06,1.3986442631901026e-06,4.642596032111018e-05,0.5324880500864525,2.4717333509264755e-05,0.0063587865329998595,0.004977348038973943,-27.358035714285716,-1
27871353,0.0001501719434549681,0.0009980193024028625,3.0467087110599778e-05,5.538792555856377e-05,0.00010460304505931163,0.7864323802330598,0.03287013341666828,0.1762338307609444,0.003125006285741138,-27.872839506172838,-1
27872065,9.676460364032297e-05,7.618149297395881e-05,2.002386669345566e-06,4.810001727659087e-05,1.3297337282407376e-05,0.9626984951422329,0.0032532854601600436,0.03162596162751834,0.0021859119322459497,-28.91363636363636,-1
27872090,3.5987878287422085e-05,0.0007366006102113119,0.00012197099262918813,3.989420715448913e-05,1.1017687557952843e-05,0.6036184909508642,0.017125329840632527,0.3736583710068286,0.004652336825834364,-28.31372549019607,-1
27872346,0.0003215279288342934,0.020234679061961698,6.601182437793411e-05,0.00018193877763819465,0.26954450657148804,0.03849570653088206,0.00013245100565126012,0.03356730559972494,0.6374558726994417,-12.66111111111111,-1
27872375,1.2268157475904694e-05,0.003555565237128011,5.98839710839304e-05,0.01545885238834135,0.006519425729126514,0.3404212287851819,0.4671033369845099,0.12909977521452837,0.037769663532624106,-26.034285714285716,-1
27873105,0.0006175632292542649,3.3082424318109585e-06,2.183577422772462e-06,5.404755345455998e-07,4.672027122461729e-06,0.9897590297956226,1.14839725985219e-05,0.002700826672951971,0.006900392007061017,-30.58235294117647,-1
27873254,2.083115064803855e-05,0.0007678625556975197,0.00040396418384276337,6.439534832794605e-05,0.00019409373497413968,0.8942878108701577,0.010196302728374495,0.08817609476014537,0.00588864466783186,-25.480722891566266,-1
27875292,0.00019948446214249904,9.326578291215682e-06,1.3688068250701631e-05,0.001696007449007551,0.0003309509670652201,0.28837250454502283,0.050046906304282004,0.657935273741585,0.001395857884352932,-33.49999999999999,-1
27875536,1.1224027520116438e-05,3.4033986130982933e-06,8.975775170372039e-06,6.496405107333464e-07,0.00011544835533929284,0.9880181502116014,0.00022145072389815132,0.01101271529056805,0.0006079825767787416,-26.37123287671233,-1
27875573,0.00016831727006073467,4.194391226766376e-05,7.596409731033929e-06,0.0002952398882571673,0.13329563179486933,0.5133937320328086,0.03372987466706022,0.3183947049720016,0.0006729590529437413,-28.51842105263158,-1
27875678,2.6138849522413278e-05,0.00014871615321117787,0.0002729714409981936,2.455941228929255e-05,0.04388783229288774,0.942873303149651,0.0007845894885885622,0.002434122746140439,0.009547766466711106,-23.13214285714286,-1
27876547,0.0003860803037122376,5.2618121270281094e-06,2.1701286271685045e-05,2.459386822031841e-06,1.2775100477327022e-05,0.9805031673761174,9.294575028138877e-05,0.005323675000147526,0.013651933984043501,-27.49215686274509,-1
27876652,0.0007321911443698856,9.789999977814907e-06,8.479667143478569e-05,1.9114980186566814e-06,2.0167436998168156e-05,0.7623175690533047,1.3274177661397516e-05,0.21179364988619453,0.025026650132039946,-28.933199999999996,-1
27877075,0.07371832395858856,1.9670529735307006e-06,1.2402095775773151e-06,7.938345067395211e-07,2.5227404789664923e-05,0.9183493576156977,5.9909572792429595e-05,0.002964684914401219,0.004878495436672542,-28.076978417266186,-1
27877878,0.08795565754084819,1.4276748325344862e-05,3.3682672997649653e-06,2.352521726807237e-06,4.755019126064783e-06,0.37876854306821606,0.0001673329875319062,0.5328571486974901,0.00022656514943571117,-32.803333333333335,-1
27878191,0.00012149709617836331,0.03545191181686788,8.642651891914544e-06,0.0005211710839186308,0.6583034646528271,0.029196506297897783,0.00023101302991913238,0.006320879167018334,0.2698449142034809,-13.814285714285713,-1
27878419,0.0013655937155416164,8.491622358082918e-06,4.458386407589809e-06,4.7936562375024285e-06,4.768704536498312e-06,0.06974971367719615,0.03007650833331781,0.888585861982636,0.01019980992176882,-33.56153846153847,-1
27879446,0.0006690732437268789,1.6951096056439344e-05,0.00017183343962338805,7.769343466416235e-07,7.482487179525057e-05,0.8873233776189622,0.0009396026409069204,0.013359902435289516,0.09744365771929273,-28.221259842519686,-1
27880308,0.06995058974339874,1.8018726249057813e-06,5.5790452611281205e-06,8.230764179351394e-06,1.3725965252315204e-06,0.07548822058654338,0.00011205682469466282,0.8543876074140732,4.454115269940087e-05,-32.7625,-1
27880313,0.0009385909710187967,6.119975138736942e-07,5.3148605937298465e-05,1.3145233901265916e-06,6.372018463631502e-07,0.004100081595096191,0.003709808807013175,0.9910462055183142,0.00014960077986990718,-33.92777777777778,-1
27880477,0.0004439028145942738,9.387264873085397e-07,7.203734750710906e-06,3.090078021474814e-05,1.2284867024646478e-06,0.12160640374565009,0.00041071820439052677,0.8773990658407236,9.963766648628457e-05,-34.324999999999996,-1
27882180,0.00014097589746475385,4.7641684659019924e-07,9.641842768133443e-07,1.7387778777120835e-06,9.127814517460448e-07,0.9916628617838837,7.426915929402362e-06,0.005025363117162854,0.0031592801251061676,-31.0014705882353,-1
27882747,0.0002599442965454606,0.05655053127009524,0.03178299200942605,0.0007207062392218032,0.008682142342343208,0.4910600777570694,0.012177977706750737,0.3274695209490189,0.07129610742952917,-24.975,-1
27887188,3.186854436298288e-05,0.4849155749650566,0.022134226389392133,0.10181044960250814,0.020453841438060907,0.05182259116920953,0.005870983200983524,0.16526206482965483,0.1476983998607714,-18.419999999999998,-1
27890575,0.0008660471371252039,0.026986477752571618,0.00023127321061604467,2.794059714099826e-05,0.09328433072173914,0.7291102153705807,4.986839695283996e-05,0.0010706557991036999,0.14837319101416974,-17.94333333333333,-1
504327934,7.655363782532608e-05,0.0006543903253641065,0.0004041860446260594,3.5536662460806304e-05,0.00023284970264729498,0.9881073904920497,0.00011528603088788991,0.007559776604405622,0.002814030499733388,-19.34565217391304,-1
504328716,0.006681681422562489,0.007598972195548935,0.004034529036955865,1.0703139820444601e-05,0.004928729976240861,0.8240711945432709,2.1040367971269508e-05,0.1500044454803433,0.002648703837285843,-20.763157894736842,-1
504329271,0.0009245931310405368,2.695736433695534e-05,4.219808994723485e-06,1.3565104031975431e-06,3.199180961431514e-06,0.9578353650062288,0.0002609438531990624,0.03431366931318255,0.0066296958316527585,-25.954761904761902,-1
504329427,0.00016478942077709653,0.028862549534429394,0.001267644154670174,0.002258156746880238,0.0019519795404385177,0.8971905252143448,0.04066471622447482,0.024573038302234444,0.0030666008617504345,-18.47352941176471,-1
504329461,0.00011465930436609023,5.54757079182676e-07,1.0852104335472306e-06,5.415233851525464e-07,2.193672400623972e-06,0.9981122837826396,1.5509407624941732e-05,0.0016009207466205883,0.0001522515954505056,-29.615000000000002,-1
504329836,0.0034446993616537415,1.0067399705492606e-06,4.149604965749679e-06,2.0575877139184626e-06,2.488458618146165e-06,0.8950839902125975,3.7512808149356425e-05,0.1010854930219652,0.00033860220436574765,-28.981428571428566,-1
504330927,0.0002692890236248115,1.8202614886962588e-05,0.00017827651450842398,0.28221162322632415,0.00020135752875977833,0.3415490199228956,0.00014529859892819537,0.02685512531941403,0.34857180725065806,-23.375,-1
504333251,0.26100268691281353,4.228741055143421e-05,8.016875670169398e-06,1.0967243483525356e-06,2.9762699243065776e-06,0.7259123436635257,1.4379530471315416e-05,0.012675538403067727,0.00034067420962738247,-25.927737226277372,-1
504333643,0.0989175890505222,2.5552936981990543e-05,7.168466749393102e-05,7.3855742847076685e-06,6.535394541923809e-06,0.8312560013371215,1.7962959615569243e-05,0.06947563053845403,0.00022165754098427837,-26.635483870967743,-1
504334005,0.0009310393315210802,2.437864034434069e-05,1.8559361521996316e-05,1.8687601719949663e-05,0.00010635942982424318,0.9713132980663783,1.5001006459752781e-05,0.027145357752147298,0.0004273188100831077,-22.939726027397263,-1
504334043,0.06255460965970594,0.00023893521187669323,7.612492874206096e-06,6.9133909643999855e-06,4.463025218435827e-06,0.892033755585152,0.0003092045155779509,0.04419128123230684,0.0006532248863234892,-26.698484848484846,-1
504336051,0.007596514517048474,5.3543576847220864e-06,2.9627707046586137e-06,7.032822144435006e-06,2.2996692471885136e-05,0.9431310206131167,1.6612435561110036e-05,0.0488831208401747,0.00033438495109321413,-25.313888888888886,-1
504336563,2.9678455877149547e-05,0.0005012893337488015,4.517490157206762e-05,4.629418844123261e-05,0.009098242237018807,0.31823488504496245,0.0025459598485505393,0.5627580327939359,0.10674044319589296,-13.680952380952382,-1
504336564,7.731952691780513e-05,0.0007082562796690841,0.0002693496625001603,0.00044206906632411527,0.10801650061074619,0.33379085831649913,0.04819003685901946,0.35859649041786285,0.14990911926046124,-14.776190476190477,-1
504336738,1.6572907871204653e-05,1.3887576906388313e-05,0.00013672297107539103,1.2704411160138643e-05,0.02845361609308892,0.6116641451820792,0.001039028019282112,0.357093487497752,0.0015698353407846664,-18.08181818181818,-1
504336762,4.296418341629372e-06,8.317758789701077e-06,0.0003147479116822037,6.28234149288917e-05,0.7954965205827847,0.12766978465778653,0.053137901034684284,0.023211858295339872,9.374992566209136e-05,-17.25714285714286,-1
504336812,6.0293777773685106e-06,6.060179292989892e-06,0.00029984474589555605,0.00013690303803795908,0.9048812463538116,0.06627894727467608,0.009570555165028435,0.017772097628179512,0.0010483162373006172,-16.528125,-1
504336868,4.1441926504650194e-05,0.00012887701988320268,0.00011620725200149604,1.0194973334572247e-05,0.4850015258284282,0.4416807045123897,0.00416216548921781,0.04553203319234524,0.023326849805895198,-14.274193548387096,-1
504336915,6.385493507571753e-06,1.0078142976119463e-05,2.446460590638404e-05,0.0001788111572534193,0.004855451306459467,0.01021738007347781,0.9202369366075664,0.05937350664489259,0.005096985967959961,-18.276666666666667,-1
504336920,5.8596998350764654e-05,1.8467337384837334e-05,1.1277291349954739e-05,0.0007331406805648145,0.06880286701735167,0.09425836106331406,0.6247674328527484,0.20831262744434675,0.00303722931458882,-16.06341463414634,-1
504337993,0.006886812341098947,1.4811997850576392e-06,9.759314612355556e-07,9.292075729160664e-07,1.3072293311947803e-06,0.9474377056780448,0.00020348459373438005,0.04407288053453431,0.0013944232844372594,-29.8975,-1
504338000,0.0026871875605143356,2.4035742382126918e-06,1.7698767387677095e-06,4.252278594339654e-06,4.344965206386721e-06,0.7076161470785589,1.4997605101744463e-05,0.27972062951856697,0.009948267542480429,-28.127450980392158,-1
504338862,0.012643135109347456,4.475219258117664e-05,4.572549273866913e-05,7.2595803908470695e-06,1.1623238260635397e-05,0.8566601336923757,1.4599504605011145e-05,0.13022020807264353,0.00035256311705702696,-26.523188405797104,-1
504339844,0.34393422757107045,0.00211996688038835,0.001986788650156714,5.639931949639657e-06,3.4282339879515565e-05,0.611750797809963,5.0103452914166117e-05,0.03982836257438436,0.0002898307892938622,-25.119811320754714,-1
504340924,0.0035166270127928783,0.0001639363206550255,9.421071734899286e-05,0.0033391944129327208,0.026979046716154403,0.8341540873241138,0.03925211367753568,0.05775820265018479,0.03474258116828175,-22.42151898734177,-1
504341625,0.00038996332910485167,1.0804895259277522e-05,2.9236235118823278e-05,5.201820960349634e-06,0.000394548187020357,0.9961906813787473,0.0005926436779448944,0.001290344650644976,0.0010965758251989788,-24.944444444444443,-1
504342171,0.0009041373422969751,9.706959193828956e-05,0.005547826475593097,0.003937287276171428,0.003858148839797457,0.9310019177572277,0.0003834114955515369,0.017183836154765535,0.03708636506665795,-23.376923076923077,-1
504343999,0.19850961969765607,4.811913632317092e-05,0.00016513613565981902,2.6641713523165075e-06,8.181909951693455e-06,0.7762388873317436,2.1529369036504548e-05,0.02397907481167871,0.0010267874365980764,-25.065714285714286,-1
504345544,0.0003807097557388478,0.0003604808423347922,0.003286666708727651,1.6363427395095754e-05,0.022392974041475007,0.5687926225899228,4.5621086954347235e-05,0.0965402833786471,0.3081842781688042,-19.7,-1
504345636,6.878692512742947e-06,0.036701683202847175,0.00010311093880437547,2.2586531276771787e-06,0.8916320192378476,0.0421198667137132,0.0023392381196755893,0.01641496758175106,0.010679976859720547,-10.92,-1
504345932,4.818873310175746e-05,1.98892941643353e-05,0.00013056918301785912,2.830318905031679e-05,0.4025873724277143,0.5831411703675226,0.00027572945724346884,0.008221484392062205,0.005547292956123071,-17.382,-1
504346223,0.0001784790461124909,3.332448844447708e-05,2.3116910569529913e-05,0.003435576126376287,0.0009651867145487573,0.2505134218509899,9.430346098208316e-05,0.049736541628999445,0.6950200497729769,-23.225925925925928,-1
504346364,0.0025015997525618056,0.02055154865580109,0.012646879389365148,0.00013155284516928273,0.0075924180106414375,0.8701447003478038,0.00026405246414497134,0.08449616421660223,0.001671084317910243,-18.205263157894734,-1
504346647,0.0015857612224461075,0.05225108208013159,5.218020219110649e-05,3.9912814286387735e-05,0.09571147863972011,0.7319618668801604,0.0005693649992535139,0.10862604456822245,0.009202308593588409,-14.645714285714286,-1
504347099,1.2499295322769081e-05,0.0011344548471943327,0.0006979049953833989,2.1367622468860758e-05,0.2991309686960581,0.5996966180003898,0.0003913438244663057,0.0971402986165646,0.0017745441021518934,-14.055555555555555,-1
504347180,3.174551395576837e-05,0.00678284562957672,1.2717385825187995e-05,6.911495216665374e-05,0.4319922924070574,0.029342708020004982,0.3416655243599088,0.1428597333359432,0.04724331839556119,-13.899999999999999,-1
504347225,0.00012093166254286553,0.0018399482179004886,7.634901758264003e-05,0.003646599669103568,0.07626796169785796,0.7961531721260648,0.035242183897496004,0.03782512907543471,0.04882772463601702,-15.766666666666666,-1
504347329,4.07850938665731e-06,0.00016460461022515187,2.2064870487161117e-06,7.451256293853887e-07,0.8098453774017548,0.0027284066437506947,0.0009469705665274651,0.00045886172240323903,0.1858487489332737,-10.484000000000002,-1
504347783,3.7594915189288956e-05,0.018029610012332838,1.599451347332445e-05,2.5424430345752932e-05,0.07203159463427541,0.5950329789203057,0.00019557635457526863,0.003014355916538226,0.31161687030296414,-13.78523489932886,-1
504349952,0.0011940155691280375,2.1867387045525547e-06,0.00011071047765712002,0.017083495669080635,7.270960216683167e-06,0.944555862453166,0.0001269902726653474,0.01735992860819431,0.01955953925118742,-25.815624999999997,-1
504350366,0.0012007181716096975,0.00025919902426807263,4.553167954249174e-05,0.0003929344307731436,1.1397102053113479e-05,0.5679803034659028,0.027682890381225338,0.3936499203495509,0.008777105395074493,-26.189999999999994,-1
504351424,0.0012025821011389965,2.092413886911209e-05,1.8310828051710834e-05,1.687145494872326e-05,0.0005392297138431,0.820343819988101,4.635690957207391e-05,0.08198041956766705,0.09583148529780838,-23.740000000000002,-1
504351466,0.0006793479136458862,1.1013377050135788e-05,0.10710924926730123,0.008481029653200304,0.0111307922402471,0.25915780412629,1.3042860344660256e-05,0.027880322447372912,0.5855373981145477,-24.192857142857147,-1
504351469,0.00022060022169916792,2.7954066909574663e-05,0.08115999470133775,6.82900746333041e-05,0.00044958087440766134,0.8935169567171203,4.3937460574664944e-05,0.021240147694897637,0.003272538188420019,-24.954639175257725,-1
504351474,0.00036526152402782127,1.0558425111613888e-05,0.00014189737188688006,8.190666236347788e-05,8.64043980380465e-05,0.9404695794729514,0.0009934290736280309,0.047779952851872594,0.010071010220119995,-24.936363636363637,-1
504351507,0.0005623667688877585,3.279766873906834e-06,1.3914236122941068e-06,1.0564082037292161e-06,4.817702087021891e-06,0.8932231117800404,2.3818216082262084e-05,0.10605303724747914,0.00012712068673343397,-29.208333333333332,-1
504351699,0.0364311388243293,0.01025365902270003,8.976904259622903e-05,6.367076995867958e-05,0.0006523902993713094,0.7881465128620325,8.067821233626529e-05,0.16384774117342,0.000434439793255644,-21.45740740740741,-1
504351768,0.0016807081240728266,0.0008902724399387854,1.1905697982643925e-05,8.024366055036912e-06,0.00019406158638122557,0.7854282375130465,1.5181269983625663e-05,0.21129050071886968,0.00048110828366957476,-21.567391304347826,-1
504352727,0.0004057302725147617,0.003933751809625131,0.0007918675480890955,0.00993270003089874,0.012270689470361773,0.2968641640205882,0.00033048853366945757,0.0491858840882277,0.6262847242260252,-20.005000000000003,-1
504353018,4.5426587861037276e-05,1.6612857684152727e-05,1.2177309342921786e-05,3.7224800188028354e-05,2.346910011719752e-05,0.3716940025071315,0.32127978204396795,0.30614423962362314,0.0007470651700839855,-28.312,-1
504353426,0.0012218738643951896,6.566989549720994e-06,0.0004908634907603785,4.005560628945271e-05,8.139199431038044e-06,0.8573667160695153,0.05003837978265482,0.030510026737322928,0.06031737826008106,-28.316901408450697,-1
504354365,0.0024180662263387585,5.093179530188448e-06,0.002554161461779181,3.716629335189111e-05,0.00258855108432877,0.979810446608966,1.1105137028617212e-05,0.007532270719622355,0.0050431392890541915,-24.445238095238096,-1
504355126,3.4738454430932546e-05,3.2087623289078315e-06,2.3657783735314657e-05,0.000850699152607082,7.556275199166324e-06,0.9713158903712733,0.0007275861921429912,0.02105848356776069,0.005978179440521541,-27.592307692307692,-1
504357330,0.6827564379077631,0.0004066921612354688,1.1575601612028136e-05,1.2552553413386691e-06,7.182154497004166e-06,0.24655175854722255,2.1815028845195598e-05,0.07016608262381356,7.720071966973428e-05,-25.710869565217394,-1
504357667,0.01388945991315837,0.00014000111997802256,1.1151357791335129e-05,1.0698615075481322e-05,0.0003006163116536539,0.8607435460695992,1.8976117053746818e-05,0.12219273074573982,0.002692819749950401,-22.41794871794872,-1
504357830,0.0014743736004145197,0.010147620313425433,0.0034903338880961656,0.00022637390309426876,0.5235480873679345,0.43701221657113776,0.00017391501437994148,0.021668955279002457,0.002258124062515,-17.114583333333332,-1
504360233,0.0013711452199593175,5.103515981287391e-05,0.0006627520853473181,0.0001820152743692499,0.0005293874756082466,0.9434739100549555,0.009738450019460833,0.027446597658064197,0.016544707052422374,-23.372131147540983,-1
504362035,4.506381115547112e-05,3.0061777731030445e-05,8.873674901111749e-05,0.0009113817190992447,6.0904303521035845e-05,0.445950340661226,6.492256412875243e-05,0.06583888546639709,0.48700970294773027,-23.396363636363645,-1
504365115,4.832044754925266e-06,0.7840166132205751,5.368200096980868e-05,0.0007536223462434904,0.20022672929244528,0.0022768471105236252,0.00032648166045692704,0.0014152973437274352,0.010925894980303334,-17.52842105263158,-1
504366525,0.04130002218073641,2.6123002117394273e-05,0.0006491019780643773,6.195383081073204e-05,0.0016849464709391727,0.7359285027267689,0.002246526630358544,0.1303242678034679,0.08777855537673655,-24.523076923076925,-1
504368253,0.036974301056049694,0.00022031129099099635,0.00012489778506626656,0.0011525727466406073,4.195932465270577e-05,0.9237611255811669,0.00010303476922636685,0.0286674798447351,0.00895431760147147,-23.342553191489365,-1
504368381,0.0010754390771738362,3.838048987500479e-06,2.4615585313690494e-05,7.596153085600785e-05,5.0653737380611253e-05,0.7937714699924687,1.6658881458215723e-05,0.19964609937709452,0.0053352637692670336,-22.7379746835443,-1
504371163,0.0009261187084547734,4.553869478359588e-06,1.980869235783293e-06,3.4136141359184127e-07,8.404428911760439e-07,0.9860428243455189,0.00012053667959960295,0.012859908604853943,4.289511855387437e-05,-28.708653846153844,-1
504376962,0.0014832511723613037,1.3230072123358757e-05,1.2751524396506471e-06,2.8538419173407482e-06,1.1331813633043053e-06,0.9838623156146038,5.945504454323503e-05,0.014329284748214734,0.00024720117243318444,-27.066666666666666,-1
504380857,0.31619923567216834,0.00023031535683844983,1.1997147683444759e-05,0.00038914459665063494,0.00043047759504798806,0.47512188281876694,8.286970772711294e-05,0.20570945321812978,0.0018246238869874883,-21.76857142857143,-1
504381584,0.7237768409452834,0.002185263506995811,3.3596187047419316e-05,8.095831710219587e-06,3.3993115947405145e-06,0.19462029320386562,8.342593712634154e-05,0.06808310766794598,0.011205977408430552,-25.433333333333334,-1
504381589,0.0004819505050460625,2.3314771564323792e-07,7.418026395333904e-07,1.873712348019636e-07,6.212019307359519e-07,0.9976874118164369,8.22234574387005e-06,0.001665979398794929,0.0001546524104575381,-28.719642857142855,-1
504381831,0.001923132227214375,1.4807721469637636e-05,9.002009926013387e-06,1.2896548928969069e-05,0.0001497605356068962,0.639600104365929,5.614852568685117e-05,0.0607364056680282,0.29749774239721016,-24.096666666666668,-1
504382069,0.0001864796346096335,7.056903712541484e-05,9.420289783685261e-05,0.0003495506996439719,0.008382088355624855,0.6064941125960475,7.584358573298865e-05,0.08578325488403561,0.2985638983093432,-21.28,-1
504384590,0.00035031358804335294,6.979878901419188e-07,1.378009329872674e-05,4.823995925721524e-07,1.612167542849822e-06,0.9554965618979938,0.002082211656803236,0.04199853485203499,5.58053568003662e-05,-28.681481481481484,-1
504385383,0.008002673875330855,3.8647281987425926e-06,4.211424667377149e-07,6.057046191532585e-07,2.5541346249600247e-06,0.9832054682734063,7.718353044461564e-06,0.008734759796868873,4.19339914400271e-05,-28.50402684563758,-1
504387218,0.017664490899776404,6.155787281094771e-07,9.69787839050905e-07,4.867037501234639e-07,9.762900712257107e-07,0.9722553923612504,4.222315981558883e-05,0.0050628236990335725,0.004972021519735507,-27.29722222222222,-1
504387287,7.752855788254429e-05,5.811569537390492e-07,1.1536535953302732e-06,5.016858908723664e-07,7.112511590323887e-07,0.986462052458178,6.9189657298190426e-06,0.00979011478446156,0.003660437486149329,-26.95794392523365,-1
504388681,0.008676987481781012,5.292300583634399e-06,0.00023855816243824728,4.617804985954029e-06,4.028656820561655e-05,0.726785928166892,1.659110295845487e-05,0.26383748487368086,0.0003942535384742534,-24.884444444444448,-1
504388798,0.0023015743045204256,2.674162423755027e-06,9.527539106343235e-06,4.472477841649017e-06,9.236083507436136e-06,0.7629707081775067,0.0013571934412026157,0.2320138269343465,0.0013307868795445627,-30.353125000000002,-1
504389816,0.0031185109935691433,4.606671754239333e-06,0.001768178324288077,0.00043818760247518854,5.7977561290417035e-05,0.7888905169987378,0.0008076956156836884,0.19009913352571578,0.014815192706485559,-24.362698412698414,-1
504390492,0.008573788521136749,6.303433880503178e-07,9.01434506269121e-06,6.440495985959211e-07,1.67437648003432e-05,0.9745702165878253,0.00021070199962556422,0.01442666370544785,0.0021915966831147,-28.004347826086953,-1
504390493,0.0006223122247706861,8.979612712337945e-07,2.697475895139998e-06,1.6712435594820866e-06,1.8116929188292248e-05,0.9095474364936649,1.5029365179688705e-05,0.08951025630684246,0.00028158199962807393,-29.62777777777778,-1
504390545,0.00029792029475625393,6.120502018317427e-06,4.500860332066964e-05,0.0011727671293415933,4.590055180702864e-06,0.5986220055987808,0.00020307297707215923,0.3945174331669118,0.005131081672617806,-26.75,-1
504391576,0.039231364032272106,0.006084669408567988,3.2965612757990127e-06,1.4633096224683863e-05,4.2894108216210826e-05,0.948684629850777,2.614157471773011e-05,0.005308330437227145,0.0006040409307215335,-21.04256756756757,-1
504392332,0.01622619863769592,0.0005132020924210809,7.139694217417125e-06,2.8547595319453006e-06,0.00012672713802157256,0.9648178106394779,1.9271578716780476e-05,0.01822803061062799,5.8764849289418016e-05,-23.257777777777783,-1
504395066,6.76984378754323e-06,0.1545402166778726,3.8446006320065e-06,0.0006476666374262852,0.7913103850046099,0.013259526340492215,1.021014225991595e-05,0.0006520282130839596,0.03956935253983561,-20.75,-1
504395322,0.001978157579904626,0.0017685236751550225,0.00025897035667234413,0.009047708063281068,0.01832458448133358,0.7383210163725273,0.13319148622012053,0.05587459032789689,0.04123496292310873,-23.115625,-1
504395895,0.006601604921211482,1.1467583010047663e-06,3.7112686552886245e-05,1.4186780372661462e-05,1.4805139488785073e-05,0.9578821841322431,2.1377707132950064e-05,0.035126500290606946,0.0003010815840901154,-26.917391304347824,-1
504397336,0.0003766001986157898,0.00013899737050117577,0.002154414469718173,0.05483934191115615,3.173895926485299e-05,0.8896582411206726,0.0081906314578767,0.030060054520564206,0.014549979991630357,-24.772519083969463,-1
504397863,0.0010031164366416326,1.2347312883321165e-06,4.3021164655830535e-05,1.6245341288716043e-06,6.502914214480229e-07,0.9936402058763383,2.3449866716082434e-06,0.0052650569045805725,4.274507427351407e-05,-27.42037037037037,-1
504400079,7.855719716705312e-05,0.004953891497642156,0.000320879716864822,5.205972668373605e-06,0.0003124984949602136,0.9872107827146623,0.0002386329521071358,0.0014044406048269707,0.005475110849101015,-19.171134020618556,-1
504401003,0.0017724095969532082,5.641623812226866e-05,0.0005448012365560559,1.2584703162769287e-05,0.0010559786274912223,0.5169353748245106,9.680693998977271e-06,0.47873758682008843,0.0008751672591164212,-23.463114754098363,-1
504401036,0.148146838726038,0.000369016113776835,7.582748780954647e-06,1.3863439117112105e-05,3.0575579846621894e-05,0.7687739850994546,2.322535079168365e-05,0.08175662151002937,0.0008782914321647844,-25.263428571428573,-1
504401676,0.00031922914801140953,1.800346751613425e-05,4.520134294044418e-06,7.503818865550491e-06,0.0075120297153006025,0.9766977511215049,8.336645137345786e-06,0.014113459128253658,0.0013191668211163122,-23.100732600732602,-1
504402555,0.024220876757508215,0.00014378336923206704,1.0661063443372777e-05,1.8181454722939405e-06,7.10807438971106e-05,0.9264399680936497,1.9004063514694395e-05,0.049038017834216165,5.478992906633697e-05,-24.111724137931034,-1
504408291,0.012999267495497985,0.0003165324078650057,1.7997928341483727e-05,1.928376848951041e-05,0.0005811142861452213,0.9628937227937401,2.0587504116696905e-05,0.023003110250283235,0.00014838356552089086,-23.23333333333333,-1
504408409,0.00037106599934998613,0.00025596000795700404,1.272093565846716e-05,1.8142210102385597e-06,0.0005516512647090355,0.9869090844817643,0.00011895002095561916,0.010220209448307012,0.0015585436202883677,-21.877551020408163,-1
504408471,0.00025427986428814056,2.3615749552021372e-05,4.095641660145251e-06,1.3324361325781933e-06,0.00012694250586669712,0.9617712648479154,6.887315213283388e-05,0.002150972685789727,0.0355986231166625,-22.563265306122446,-1
504408632,0.04817869742753412,4.337374834475456e-05,1.099659193612634e-05,1.1977535876271507e-05,7.18067766834438e-06,0.9498170648239981,3.0275216083614642e-05,0.0018765263643757877,2.390761418283006e-05,-26.233333333333338,-1
504408669,0.006898664542176867,6.71491743766764e-05,2.1759785128804282e-05,2.8949640650101827e-07,8.78438648685966e-07,0.9926046236760676,7.208130493544647e-06,0.0003249401876103831,7.448656909085935e-05,-25.538571428571426,-1
504408824,0.002856114875995813,0.00048143029068364326,6.0699075368481116e-06,2.1660715217077217e-06,1.2159129969433829e-05,0.9859716132651215,4.584493888144516e-05,0.01059892774533681,2.567377495298571e-05,-25.04074074074074,-1
504408952,3.544596912607755e-05,0.0017984473686048195,0.00012359897421100678,0.002756702483206701,0.008233023740099047,0.9047850322107266,4.744214425788423e-06,0.008350850797584155,0.07391215424201585,-23.327777777777776,-1
504409199,0.0009509021440469338,0.00023829173004932236,2.8493611839898464e-05,0.23003740047836313,1.8677364281558922e-05,0.5917634769751908,0.001407971992792182,0.1027132918661465,0.07284149383728972,-25.40555555555556,-1
504412460,0.00018019891957573987,4.264925962031255e-06,1.0430232620167928e-06,3.184845678533091e-05,3.4099545146339537e-06,0.21146793500675756,0.7716865994996173,0.01618989434323292,0.00043480587029239004,-28.67948717948718,-1
504413297,0.004235492290755417,6.5606128775248025e-06,0.00020532231075270235,5.283881848297399e-06,0.00010031734212683958,0.6805586102307826,1.5095056691087589e-05,0.3120120737826888,0.002861244491476707,-23.84347826086957,-1
504413469,0.005409424118494478,2.095249510318502e-06,1.7107849674920046e-06,1.2323397997725848e-06,3.2272950376640883e-06,0.9147322422609181,3.5362760506578805e-05,0.0796718539976665,0.00014285119309920014,-28.43846153846154,-1
504413580,0.00010254663748307433,0.0020970262946677144,1.3950078398948819e-05,8.478618858067833e-07,4.9448907336836745e-05,0.9459273456924846,8.951992720363591e-05,0.000607538122452521,0.05111177647808679,-21.29375,-1
504414977,0.0001748862607723502,2.0071932435491304e-06,1.4988096800481096e-05,4.6857983399929755e-05,9.668317948507759e-06,0.9317316665083204,0.026034567963063478,0.041582191768153184,0.0004031659082980997,-27.885714285714283,-1
504416303,0.30632792104663376,1.924780205537307e-06,2.1945694854570516e-05,1.64138780919256e-06,1.7429232672191216e-06,0.48217825690880467,2.944255592277018e-05,0.2112399150520346,0.000197209650467651,-30.259999999999998,-1
504416469,2.8718577727076958e-05,0.00013405200278422067,3.0697263895190884e-05,0.0001858618412878416,3.6302527435870836e-06,0.7511572276948505,0.00019416907503867965,0.23614442636781724,0.012121216923855645,-26.532183908045972,-1
504420292,9.21123077153426e-05,1.5637939689269444e-05,9.400905644336999e-07,3.0094154059339763e-07,3.6066079161287594e-07,0.9993380284013409,1.6452307091889195e-06,0.0005360826756703816,1.4891751978161841e-05,-26.406451612903222,-1
504421020,3.1252310631177015e-05,9.249707661699275e-06,3.847775351442835e-06,2.0594748647467885e-07,4.202023806518284e-07,0.999500925265591,7.551991721073374e-07,0.0003642253087333205,8.911828299212703e-05,-26.35,-1
504423211,0.0018277328440973475,0.00020768214036061256,0.0019761469606528704,0.0036097368020582624,1.5789206230137403e-05,0.09296759198534779,0.003855176465292422,0.6203519321911224,0.27518821140483823,-26.206060606060607,-1
504423619,0.44914279427786113,2.7849767388447186e-06,9.597407553961675e-06,1.703496451035001e-06,2.497635943897154e-06,0.36106249582917754,3.5272161537476934e-05,0.18941531289282398,0.00032754132191213295,-29.04,-1
504423775,0.0027395636239093794,2.3262309270507025e-06,7.675740802844558e-07,1.0707442983891953e-06,2.539060176031048e-06,0.8710072538549541,3.8331893920607936e-05,0.12364207407000147,0.0025660729477326462,-29.819444444444443,-1
504424204,0.046869569723381695,1.5766631747515572e-06,1.4528716796178283e-06,5.607937085606361e-07,1.1751371556307433e-06,0.5244935200637776,1.1721930667754284e-05,0.4280538740587998,0.0005665487576546035,-33.544444444444444,-1
504424299,0.0025743720271289234,2.7702389549110807e-06,3.4015202953709366e-05,9.206771024704386e-07,1.4219342244266714e-06,0.373475084218373,0.0017257195903721424,0.613890844909138,0.00829485120175247,-32.239999999999995,-1
504426029,2.7923608027859713e-05,1.069061780863561e-06,1.8033157615451814e-06,1.7351031526348054e-05,1.3848304709616334e-05,0.7547336204586118,7.903006379074732e-05,0.24487518460134156,0.00025016955444972556,-26.958947368421047,-1
504426195,0.00010010683575851448,0.034733096546502966,9.289293214237939e-05,0.11469627220809815,0.014899537010000241,0.5432934080476027,0.2530885196491191,0.016471812672532983,0.022624354098243003,-22.645454545454545,-1
504426301,0.00015095227226225765,0.3410793774628064,0.0004307263364983141,0.06399199746512171,0.08329996897745247,0.3441473865627171,0.06939226677304788,0.048959473019239946,0.04854785113085386,-21.307142857142857,-1
504427057,6.730788561529202e-05,0.09494924491891235,0.0006046451043234434,0.002175496334953949,0.10426304165137394,0.10528659483583343,0.2467139777688105,0.30893108427322497,0.13700860722695218,-12.128124999999999,-1
504427389,5.5884364565256465e-06,0.004460761416120234,9.453821614526664e-05,2.250461497229837e-05,0.2316690345557733,0.0007384909587058663,0.7606773471671701,0.0018488508883523064,0.00048288374630414005,-14.981132075471699,-1
504427939,5.7309843278429615e-06,0.015544414702393506,0.0019854348549124233,0.00037568489325941857,0.32254262611340234,0.017094169421150072,0.6127468263690903,0.01066039820433396,0.01904471445713021,-12.5,-1
504428006,1.5055619310446261e-05,0.10824407564396994,0.0010826548836426603,0.009147005109062113,0.013165926619217302,0.010717584833284282,0.8442852317180236,0.007673566233903338,0.005668899339586523,-18.515789473684208,-1
504428022,6.777503331098058e-06,0.007341988237745624,0.00032100096530398496,0.0002574211327386144,0.06866788138301759,0.0034836716306102813,0.9122487115781857,0.0038535172119580964,0.0038190303571091406,-13.813999999999998,-1
504428239,1.5681912269218617e-05,0.7969968275905922,6.318213070287407e-05,0.0028076969348382517,0.12410006977205656,0.0013047229138410637,0.013644660466831129,0.0014101131645948201,0.05965704511427365,-17.241666666666664,-1
504428249,6.985968971423152e-05,0.5557462141273153,0.008726504962102968,0.02417415815036591,0.1722645852772519,0.026763420278251293,0.04948869100091902,0.013057079884668057,0.1497094866294114,-16.68888888888889,-1
504428395,8.538353082821941e-05,0.04617963243828112,0.00044109620471533743,0.516056037470068,0.02369997804847715,0.057865856645735,0.3066898881651672,0.029981125364602308,0.019001002132125674,-20.359139784946237,-1
504428424,1.686972418089499e-05,0.005644702435299987,1.5833899210596536e-05,8.802982284285698e-05,0.5148408325393462,0.011624476772776315,0.28733680750202967,0.040869619714034355,0.13956282759027913,-14.969318181818183,-1
504428819,0.02545151646383063,0.0006093264568355986,0.0003932549156821788,2.2112815750991754e-05,0.0023179845119131568,0.5523036420135542,2.5469048262740988e-05,0.41521387399586007,0.003662819778310604,-20.371559633027523,-1
504429299,0.00013772971621963957,0.23530249521398897,0.0001822204462863834,0.00011426685019789865,0.007465307108462729,0.5375938686325619,0.003772387886427106,0.06877875449804537,0.14665296964780997,-25.730232558139537,-1
504429339,5.825747759141359e-05,0.2904703288798466,0.00014585140688799526,0.00013353281006245812,0.008754484392499666,0.42070419711522666,0.003699537607272641,0.13513235442793267,0.14090145588268,-26.185000000000002,-1
504429343,7.86362734957817e-05,0.314689898223951,0.0003430951791913112,7.298891297463799e-05,0.2293495617985995,0.17741188015464784,0.0033392262378175324,0.006649053137736819,0.2680656600815856,-23.281818181818185,-1
504430437,0.00044950958870119934,6.231991575746894e-07,1.5232952398567555e-05,6.716780249887428e-07,1.4411594081899084e-06,0.9261170710420012,0.00010561096808096758,0.07326986526357687,3.997414865031675e-05,-29.147540983606557,-1
504431398,0.0008997106210911189,0.00022161945360144958,0.0002453561875990773,0.00020628745355848535,0.03660090027398978,0.4452259224599624,0.00029802447298614724,0.018188929589758915,0.49811324948745267,-22.177272727272726,-1
504431611,4.4377659593556286e-05,2.0493392477032985e-05,2.394240515928788e-05,1.2537308734324597e-05,0.00020892087932999573,0.9937817558731439,0.002038242299347505,0.0006506967944803586,0.003219033387734129,-24.275510204081638,-1
504433659,0.0012127165074111536,4.958151162460461e-05,0.002688159324355474,0.005761984024330454,0.03669387181824176,0.8382291078327203,3.1297330956428626e-05,0.10624933028354086,0.009083951366818981,-23.42072538860104,-1
533174543,3.529368440447429e-05,4.2271487839962354e-06,2.41068171234371e-05,1.7770330994862365e-05,0.2755282573673895,0.3648944394247267,0.0007738905956693328,0.35791241598257584,0.0008095986483318681,-20.674074074074074,-1
533174547,4.891972828928607e-05,0.0028845816405761245,1.2058477226723978e-05,0.8040410184174014,0.0036052115688526634,0.11490955814385254,0.01247500041478967,0.04963515029555978,0.012388501313451861,-19.181818181818183,-1
533175655,0.0003991785742165313,7.465359681573216e-06,8.836216139278976e-05,5.876958868880585e-05,1.962165768410187e-05,0.39758603747359966,0.004226981956243056,0.5916928269175297,0.0059207563109638555,-33.4,-1
533175850,0.00022387110617526148,0.005556725443861885,0.006309272643155585,0.0018815992683614668,0.1771590908735256,0.7307654783451285,0.0003856818208966467,0.005004674061244427,0.07271360643765058,-17.956060606060603,-1
533177196,0.0006007091236193283,3.296096728317291e-05,2.1139329136420764e-05,2.866530786624072e-05,0.004308769716870999,0.5998064634263136,4.742422773387116e-05,0.3903754477532178,0.004778420147958527,-22.493333333333332,-1
533177275,0.001090477082071706,0.00018901635698679757,1.5975590270111268e-05,2.4968328098620306e-05,0.001590121260880959,0.5467658169653353,1.3894535465465834e-05,0.445979759559029,0.004329970321862034,-22.072222222222223,-1
533177327,0.0001635758064324773,0.0015778598912455013,0.018682464273715147,4.5502029147397236e-05,0.022630412424765236,0.8598063875947084,6.850965996166548e-05,0.09639973590392423,0.0006255524160999768,-18.266666666666666,-1
533178326,3.1368822895824875e-05,0.888745653791065,0.0009166649514698019,7.458977122478854e-06,0.09133606875858176,0.010061778031677253,0.00021964820751396025,0.0006501315656328561,0.008031226894041224,-16.616666666666664,-1
533178451,4.92966129914667e-06,0.9362513662030445,1.240797680572928e-05,1.8345639369707455e-07,0.058951908822672795,0.0005851983176274838,4.204930730238449e-06,0.003420487131450118,0.0007693134999763596,-10.422222222222222,-1
533178511,1.770740608928121e-05,0.07370780524179209,2.8983958499768396e-06,2.1799951433164227e-05,0.725070664028897,0.0021866895234448863,0.00048467803302941264,0.006489116153334157,0.19201864126612994,-11.976923076923079,-1
533178855,0.00012100067552931115,0.00019654523387253991,7.451494052011928e-07,8.01680096755914e-06,0.9837109909990343,0.002696378034235639,4.248515074781158e-05,0.0033908699919249336,0.009832967964282803,-13.899999999999999,-1
533179869,0.0018718271797746502,0.00033794256393844763,7.40903142502394e-05,1.8187459368416177e-06,9.275330145020856e-05,0.9946290880392155,3.3655693489615507e-06,0.0024018458736429363,0.0005872684124421783,-22.200000000000003,-1
533180924,5.771304794061469e-05,0.9781303801317222,1.2586191959178397e-05,1.900104116395441e-06,0.0050375035436466846,0.015376412611115265,6.329837958603405e-06,0.00038113968827588714,0.0009960348432653135,-14.21111111111111,-1
533180990,5.5290828326020744e-05,0.08121022116209553,4.725377970434124e-05,0.000717132946703744,0.6496386859282834,0.24709920634052165,0.0003520661625331462,0.011328419536641245,0.009551723315190896,-23.598684210526315,-1
533182136,0.0006273879229154132,3.90745524800546e-06,6.217978869476965e-06,6.511453033116623e-07,1.229298091026082e-06,0.9905719683842935,0.00013742548920116796,0.008044469220782512,0.00060674310529537,-30.13684210526316,-1
533182633,0.00019764825484382739,0.03943930857780022,5.998499149997482e-05,0.2022936496239768,0.08934352185055454,0.5005653240194763,0.011260674384475654,0.013543276792505773,0.14329661150486683,-22.966129032258067,-1
533184860,0.0005441916448273275,5.324682757650871e-06,1.3612387703693825e-05,4.2287321559965416e-07,1.926806621157075e-06,0.9946828202761797,4.926656261321353e-05,0.0020501008975690755,0.002652333868512587,-25.53882352941177,-1
533184862,4.447418934402544e-05,1.3615951211469488e-06,2.706787579689762e-06,1.2332660982561523e-06,1.7615767541569899e-06,0.7135797825147365,0.008846502504193667,0.2773215693178769,0.00020060824829563583,-29.460526315789473,-1
533185108,0.0004695893030127354,9.737833296544692e-07,1.976284155976344e-06,1.7575848665091857e-06,3.322792879175026e-06,0.9541342730460469,1.3073475041343833e-05,0.028839937032447676,0.016535096698219964,-27.128915662650606,-1
533185721,0.002601569257511767,1.77585097657837e-06,1.023835200362561e-06,6.994850105383777e-07,2.25542431619389e-06,0.9823107273392928,1.3030819266222692e-05,0.014621068483885271,0.00044784950454034787,-28.828901734104043,-1
533185873,0.09770470763923891,4.1523928274218244e-05,0.0008478624411097877,6.864619316655795e-07,2.6699402723773418e-06,0.9008215054784955,6.65325697043752e-06,0.00047740949129763114,9.698136240935978e-05,-28.240000000000002,-1
533186174,0.00017060197295058397,3.728355741687917e-07,0.00022856126193582482,2.669157084336933e-07,2.053695283266305e-06,0.9985596563762472,2.4677761663410507e-06,0.0007436049410298442,0.00029241422510425485,-27.321428571428566,-1
533189525,0.00015134382702136485,0.02542272302338531,0.0003018395225527457,0.1452369744488823,0.21671532960338133,0.5307203058416896,0.016707628449489597,0.01890463224392635,0.04583922303967149,-22.622222222222224,-1
533189863,0.00010640376988296999,0.00021614492065035956,0.0005425948158729015,0.1804738917785425,0.004635398123264014,0.7503350275834955,0.0008715022461691605,0.057820590163740346,0.0049984465983824,-27.55217391304348,-1
533191217,0.00166356359997847,2.9552040983286957e-06,2.474588441090603e-05,7.248956633891411e-06,1.7324285821224732e-06,0.8213026605846133,0.0024257705012015944,0.17439753417985876,0.0001737886606225671,-27.38888888888889,-1
533191451,0.0025381799507173315,1.9735416898906363e-06,1.3729080146227467e-06,1.7633141058644185e-06,5.382746599863752e-06,0.7346339798016823,0.001982547216771411,0.25887545749547247,0.0019593430249461364,-28.804166666666664,-1
533193707,0.0010478732879411513,0.003626547808666993,0.0001944757224866571,8.764687905069246e-06,0.0006917124589817974,0.9435947271007663,5.212248162551768e-05,0.05016731280400945,0.0006164636476169944,-21.47692307692308,-1
533194041,0.007399217304302421,5.9104095573844705e-05,4.016714841464826e-06,6.960961121403476e-06,8.834672856362479e-06,0.8007409724982566,0.0005223894628509236,0.18609604348910222,0.005162460801094762,-26.15416666666667,-1
533194885,0.00017956021828115836,0.0002778673266893187,3.029624561019888e-06,7.273884716559669e-07,7.589987557275485e-06,0.9951343368529054,4.751486148366302e-06,0.004234713296877067,0.00015742381850882055,-24.31875,-1
533195438,7.446174833981307e-06,1.976095756270321e-06,2.4423920406519892e-06,6.926452979921267e-05,3.615288594624856e-05,0.03390223991607272,0.000330614700734393,0.965022552285188,0.0006273110196285236,-28.4,-1
533195444,1.4281819342734225e-05,2.3118315663744994e-07,2.544795036414756e-07,4.929466226467372e-07,6.873376590598901e-07,0.04603392226040814,2.1945494419447983e-05,0.953761232095793,0.0001669523830946636,-30.715384615384615,-1
533195449,0.0006317737581578207,3.195311858401399e-06,2.5135844181810558e-05,0.00016880507829396407,1.066587069818212e-05,0.7234910670494837,0.001433135124291389,0.26142700201384816,0.012809219949186618,-29.423076923076927,-1
533195473,7.101735144739686e-05,1.2483357842589579e-06,1.1637612262434364e-06,4.327312464480392e-06,2.1549636718162015e-06,0.7307593787546365,0.0029432988787757796,0.265909994728091,0.00030741591390260725,-29.711111111111116,-1
533195485,1.241424181058335e-05,3.1517859059165115e-07,2.4848410261401296e-06,6.693100700386106e-07,5.176587798356205e-06,0.05848643255734731,0.00010708071028310125,0.9408208310557103,0.000564595517363374,-29.422222222222224,-1
533198040,0.0006001190700404798,6.765351922054102e-07,3.855007626101387e-06,2.7605450855797653e-07,4.5015922140982687e-07,0.9982072304637905,1.5518710882701496e-05,0.0011086577880484844,6.321621068944267e-05,-30.044444444444448,-1
533200264,3.0486564749641054e-05,0.00015430361552847818,0.0008283601185176961,0.2609789973727076,0.013527411756550808,0.47458301806938963,0.0027597322296863003,0.24168615022642487,0.00545154004644502,-25.412000000000003,-1
533201480,0.0001493213239527002,0.012672837021317154,0.00023169121308070463,0.1315009926524669,0.020106013543080364,0.18602529783840963,0.02113022171653311,0.2636518901554688,0.3645317345356907,-18.20625,-1
533201498,0.00015441016129616938,0.2479480156624289,2.8917914571229555e-05,0.0026906930467123303,0.49903943850643184,0.13628884652264478,0.00045701828789740243,0.021841802138967043,0.09155085775905034,-21.69583333333333,-1
533201854,2.3790058257006042e-05,0.0012066471778658242,2.1585344230510627e-06,0.8164885641322804,0.004009919358034285,0.07938440132705518,0.0004947633928798686,0.015113171997193389,0.0832765840220109,-23.21428571428572,-1
533201920,3.427562765245823e-05,1.4632763697882536e-05,4.5090180843931854e-05,0.5485699869166034,2.1630082903066114e-05,0.18288052919635556,0.002089054419945942,0.2658455928176226,0.000499207994375007,-26.597560975609763,-1
533202120,0.00025528796924794344,4.410428716843943e-06,0.00012403240208055916,0.00012705529621399067,1.7075172175996003e-05,0.89374514886795,0.0022714281661458586,0.1013429561623154,0.0021126055351534103,-30.29642857142857,-1
533202555,0.0003205827807632664,8.528696288331897e-06,3.058497435943799e-05,1.1534890504503145e-05,5.481933376046034e-06,0.962934238777204,0.0023701491713393496,0.03293239018482504,0.0013865085913401462,-26.231958762886602,-1
533203002,0.0005735021013273473,6.499504384488246e-05,0.0012622395400128297,0.19493359602915594,0.01239338890470886,0.5332659241505996,0.015368372004906813,0.23552203589521808,0.006615946330225604,-26.849999999999998,-1
533203019,6.065873416949344e-05,8.92826114551054e-06,4.891499626138273e-05,0.7604597499515314,0.024425792329375477,0.19049329318578714,0.005675368681385363,0.018483070552080132,0.00034422330826417997,-27.759375,-1
533203438,6.770793975687641e-05,5.556394571832341e-05,0.006483591200996791,0.374109933198058,0.008182375421201569,0.5841093768279857,0.003935119576721711,0.01642492334293235,0.006631408546628796,-23.86875,-1
533205437,3.7731537363857345e-05,2.1648725187121805e-06,3.296182620719556e-06,1.5446475520134178e-06,9.628268714901194e-06,0.8359665179727495,0.1373658909950867,0.024778358752313826,0.001834866771079796,-28.94545454545454,-1
533205770,5.171409314448023e-05,3.923559947550846e-06,1.2811999279180592e-06,0.17419228077953022,8.250011689767295e-06,0.7589912820639023,0.05542888448392813,0.008492024762133529,0.002830359045796035,-28.74090909090909,-1
533207497,3.777370649042126e-05,1.364416045302114e-05,2.5824124773310426e-05,1.656258310620394e-06,6.687593285404764e-06,0.35005857090769454,0.47218310610219516,0.1772745873443073,0.00039814980249027246,-31.953333333333333,-1
533209071,4.2859854589822706e-05,1.4203544885940478e-06,4.215682242420006e-06,1.24818996927973e-05,1.1608969941605425e-05,0.7742542958443739,0.19416725627586492,0.03101109298775847,0.0004947681310474528,-31.011111111111113,-1
533213890,0.00018794654966460287,4.364689098262173e-05,2.6250600133447878e-05,2.5882416735852023e-06,0.009428217212514675,0.9809757228499691,0.0010245382787064405,0.0009500823905501825,0.007361006985805237,-22.31190476190476,-1
533216743,0.0004474122537973625,1.5180158661309033e-06,4.9335699263211985e-05,2.2929977483429503e-06,6.560935532273844e-06,0.8535647200570814,0.0006811850582748284,0.14274149518640789,0.002505479796028564,-27.73333333333333,-1
533216785,5.499955643728621e-05,3.087253159765313e-06,5.566557095490431e-07,6.2929541607367995e-06,2.025961903285137e-06,0.9405575097980844,0.00010020471252279189,0.058551382844268654,0.0007239402637536097,-26.73720930232558,-1
533218853,0.0006165803207942971,2.102657774279096e-05,9.388934078756853e-06,9.62002202747182e-06,0.16993748224140498,0.3407763798996497,8.567622387358254e-05,0.0033961493119849737,0.48514769646844347,-22.572,-1
533219145,7.255654583636581e-05,0.0037607676380056396,0.00010304644944225791,0.010213308788973193,0.16622826655885461,0.7489192196066101,0.01604137593489766,0.04033984091375258,0.014321617563627561,-23.95307692307692,-1
533219629,0.17622829326432732,0.00011169469593321604,2.9267576768114598e-05,2.1492390791493278e-06,0.00013215055753415663,0.8204291601492416,1.5814353242055996e-05,0.00036181225756598903,0.0026896579063083576,-26.36428571428571,-1
533221725,0.4412716504339003,0.000486247688433938,1.7892906053902652e-05,4.288197828942154e-06,1.6691847741890033e-05,0.01622540835119521,0.00018768312684510775,0.5414053250947,0.00038481235330070976,-29.61818181818182,-1
533222260,0.0001274092760123757,3.561479309335337e-05,3.6847929178669323e-07,2.1462705472529757e-07,6.423390301363716e-07,0.999546256412535,8.001704378367789e-07,0.00025597682032263576,3.2717082222029754e-05,-26.3046875,-1
533222765,0.00019253527045010795,0.20602407938959783,2.2888264495091155e-05,0.00030951680658895364,0.04490594900217819,0.29302203920364495,4.161013648005302e-05,0.014608378377596884,0.4408730035489678,-20.783870967741937,-1
533223218,0.00012341962985944693,0.49465929904997763,2.0118435879427688e-05,0.001253283329810874,0.3411922693926203,0.14768989049395378,0.0007912773332211704,0.0004712524399839141,0.013799189894693429,-20.91764705882353,-1
533223882,2.1822420685067225e-05,0.3399497734325315,3.321550417614793e-05,0.0002139584122971337,0.0034370857994046656,0.4916738985213974,5.0472398795116986e-05,0.006251834873416151,0.15836793863729676,-18.64222222222222,-1
533226274,0.0008410115227885705,2.2255626354883388e-05,0.0007302719038409825,0.009507638487060448,0.014896711033330016,0.38067539775459813,9.530721988684513e-05,0.012715456164455335,0.5805159502876848,-21.856250000000003,-1
533228737,0.8650228246803969,4.296128675193028e-06,3.32605124767294e-06,1.6421506106888723e-06,6.821399579206761e-07,0.06553574499681793,1.6533143705205958e-05,0.06822104199941796,0.001193908709170515,-31.255072463768116,-1
533229360,0.013044048518478294,0.006991109775353289,1.7408581120673527e-05,0.005082947902042103,0.06028234340491101,0.46440466502924,0.002236156675849519,0.15124343666272608,0.2966978834502791,-28.636000000000003,-1
533229362,0.003959058320954825,0.0039033420978040988,1.3526937417302271e-05,0.0005088348133316112,0.37071690584054445,0.19658301883526513,0.0015472280682376177,0.20732903706144637,0.21543904802499858,-29.631818181818176,-1
533229379,0.0015132566164941887,0.0016519343989672187,1.2386971117681451e-05,0.00018703290812198306,0.1315313458112501,0.5274607631984933,0.001408846575825346,0.09157492797448556,0.2446595055452446,-29.447619047619042,-1
533229787,0.000532982798135299,0.00035395705619654374,7.785273626335868e-06,6.717360529165343e-05,0.02385010763621808,0.75040491992504,0.0005565605250677974,0.19808862883995285,0.02613788434047134,-25.53296703296703,-1
533230002,4.3869914835266206e-05,2.8162898682391357e-06,2.742260086791721e-05,4.636088300646236e-05,5.071793702755618e-06,0.08721393929277306,0.006367009630987586,0.9031612535256514,0.0031322560683074334,-34.14642857142857,-1
533231729,0.0001589838996834966,1.5878166137229143e-06,3.4763603505241116e-06,3.940888176099852e-05,2.6848108046965227e-06,0.7613549917877258,0.001501674414964789,0.23659581845489783,0.00034137357319816104,-26.39677419354838,-1
533237211,0.0007927225935498005,2.4491969330206388e-06,1.0995948131940321e-06,1.1391416621997641e-05,2.0257576788234826e-06,0.9546318352977881,0.00018898726939503503,0.04399803234693285,0.0003714565262871883,-30.76388888888889,-1
533237330,2.7081585855690855e-05,8.200619503776033e-06,4.1685597153577e-06,0.15766860879444186,1.1936033433165125e-05,0.32377252246696264,0.5016224087499896,0.016216713837246766,0.0006683593528511165,-27.426666666666666,-1
533237348,0.00020434075777193348,9.181357987256472e-05,0.0007001977108486006,0.06654370094956943,0.0005967735582228447,0.3765439669165393,0.48914858969191694,0.05260388222005419,0.013566734615204246,-26.15,-1
533237744,0.01285419645088295,2.3198518888842545e-06,3.7997729191302225e-05,0.00046779342645225625,6.54884136299233e-06,0.7363854986479952,0.005597486355889582,0.24374577874727618,0.0009023799490606319,-31.799999999999997,-1
533238082,0.00032653223993042604,6.7570330413712645e-06,1.967008862293118e-05,0.003254149100523776,6.779120396382573e-06,0.9100590965630696,0.0014692426490053086,0.08256889841841095,0.002288874786999291,-30.380281690140844,-1
533239437,0.0004503185239035245,0.0011539965390749592,0.00018685305308302832,0.03992631516069943,0.032475622973545684,0.7969189468619785,0.0027385970731963077,0.06244066659662388,0.06370868321789482,-21.339473684210525,-1
533240180,0.0023873549141390344,7.2302038951330656e-06,2.749538794335969e-07,2.732650423544491e-07,1.5279686089099136e-06,0.9967993013023768,6.122381626020273e-06,0.0007716158613785886,2.629914905362059e-05,-26.025252525252526,-1
533241288,2.1888179641943364e-05,4.0792384739376216e-07,9.060937510723158e-07,8.63061040998813e-07,9.132065040591852e-07,0.994092838446921,5.124718016447414e-06,0.0057271682856480325,0.0001498900846290926,-28.832978723404253,-1
533244189,0.011209133531919916,0.0019719097283381927,2.190136128878021e-06,5.818751336590426e-06,4.222401268680702e-06,0.69036711117923,2.2690233915020445e-05,0.2954907944775101,0.0009261295603525874,-26.109090909090906,-1
533250633,0.01734613634100458,2.285367363497156e-05,3.070825683273484e-05,1.5965307190802045e-06,2.816579255908104e-06,0.9778896520721956,1.421943277453431e-05,0.004013526862513344,0.0006784902510692951,-26.46190476190476,-1
533253042,0.005208703542490115,5.8232565966113845e-06,0.0001216461730193911,0.00034532340628432153,1.3737642810146607e-05,0.9277650569896168,4.404800014393399e-05,0.06581032781695081,0.0006853331720878699,-26.840298507462688,-1
533253303,0.00964893762685783,0.00019165739792777946,4.74331480604313e-05,3.850324751447912e-06,5.353896288459593e-05,0.8759831092658384,2.709052015981211e-05,0.11362680001012568,0.0004175827433939316,-21.998989898989894,-1
533253452,0.003986708713785773,1.423191925179491e-06,2.915033304905085e-06,2.749404198065211e-06,2.1060681472740455e-06,0.9472610069696923,0.002741610036956389,0.0393964248446683,0.006605055737321802,-30.643661971830998,-1
533253763,0.00011167330883060712,5.379927631220014e-06,2.4950045792068645e-06,1.1595142046973838e-06,5.636561772259734e-06,0.9831088485963255,0.00012721336306844872,0.015451635364840783,0.0011859583587473888,-26.34084507042254,-1
533254077,0.0056578153631042065,2.627114722274691e-05,2.723331851286267e-06,6.962820243991643e-07,4.228991811866422e-06,0.9830952765896488,0.0005117956318690117,0.010329705225930847,0.00037148743653686497,-25.418518518518518,-1
533254248,0.04089645099446741,7.571541480487612e-06,1.3358948743197502e-05,2.9253426122008e-06,1.2222685798881182e-05,0.9213320370649676,4.3824011277411695e-05,0.0375142192750174,0.00017739013563552452,-25.12125,-1
533254312,0.00021619545724682704,2.831063716462823e-07,1.0986089151215228e-05,5.404108771034373e-07,6.227370623593979e-07,0.9892457894646448,6.405811158347727e-06,0.010471429432690903,4.774749079703104e-05,-26.976315789473688,-1
533255422,0.0001706604481605584,0.011072946533130278,9.128900361177212e-06,0.0007897162172053567,0.16285839964479848,0.004656863355743801,3.341662899610246e-05,0.0036756603705278743,0.8167332079010764,-18.32758620689655,-1
533255667,0.006428863791525621,1.6912293982898756e-06,4.737616518934276e-06,6.083150616871986e-07,1.624164983888079e-06,0.9828737169476929,0.0005275274106959945,0.008649959748299874,0.0015112707758227375,-28.312244897959182,-1
533256459,0.00344692539825676,4.463328413872035e-06,1.686960857207948e-05,5.030757547162655e-07,6.437784372953908e-06,0.986826351218314,0.005453783061745927,0.0032588593271476547,0.0009858071974219534,-27.587012987012983,-1
533256851,4.909606528071346e-05,0.063661373157003,0.00023146223843466414,0.4392036642450865,0.09861363067338094,0.05738659914417428,0.02989885397533291,0.04421421482235479,0.26674110567895215,-18.020000000000003,-1
533256903,9.118223161058802e-05,0.028823902322614964,0.003872465319356159,0.00060991175051428,0.7037298321129123,0.18749811081404189,0.004251348863024593,0.003583393270384625,0.06753985331554052,-24.388461538461538,-1
533257018,0.0006076811505730877,1.3832657327550879e-06,2.792480463690331e-06,2.3889728309037395e-06,1.0075944731578469e-05,0.7839049435802564,5.007315111263149e-05,0.21503822268927236,0.00038243876502664433,-30.552702702702703,-1
533258669,0.0009060058607266025,0.4670180034536509,4.904483519616252e-05,0.0032875227721768695,0.11004133605741592,0.3480633144673092,0.0013751489532281996,0.007527688495004602,0.061731935105291416,-20.971153846153847,-1
533259172,0.009576990612038379,1.6211289999414562e-06,1.8712068777001035e-05,4.861325012059553e-06,7.205275199476815e-06,0.6977380131230773,0.0003581792034277892,0.2909205065484796,0.001373910714988507,-27.36315789473684,-1
533259912,9.617101908813094e-05,3.7031747945927916e-06,2.3660108381602794e-06,3.9841042204421515e-07,1.911791769546858e-06,0.9941615423219924,4.9774332509811644e-05,0.005549633806432924,0.000134499132152413,-28.17051282051283,-1
533260880,0.008277249559481272,7.686242838961204e-06,3.4353086902039087e-06,8.648363904329259e-05,1.39296154771201e-05,0.2876948324683485,6.509898035336447e-05,0.6795432689868282,0.024308015198939107,-29.04615384615385,-1
533261570,0.0005109277715084936,5.8828733231804855e-05,4.068605874359649e-06,3.233272846542538e-05,0.2617696223665908,0.19943257890525654,0.00039760914798755276,0.0038987753200610668,0.5338952564210239,-22.811111111111114,-1
533261614,0.00014791083178549653,4.350261335419938e-05,1.616433966482594e-06,1.990287313157642e-05,0.07510963893090812,0.17104326671579634,0.00010243430507747755,0.0007182572256488658,0.7528134700703315,-20.87272727272727,-1
533261629,0.002104074113646734,0.009224500941267795,2.0751222473498393e-05,0.000846198757473517,0.07613351813127861,0.2986039944812514,0.005377539068323722,0.01085180772683859,0.5968376155574461,-27.309999999999995,-1
533261746,0.00014599313036741182,0.00017626268704766876,2.1835887682164166e-06,9.994640702050196e-06,0.14320806372451547,0.11494649679601701,0.00010681271409516769,0.0006722794363210264,0.740731913282166,-22.939393939393938,-1
533261929,0.01889778751928673,5.53240374422364e-06,0.00018913894839822176,4.0106459067486614e-07,1.0346429693996557e-06,0.9797524946344192,6.906809188914438e-06,0.0007942943624235684,0.0003524096149790055,-27.381481481481483,-1
533263406,0.001526293154280282,2.2743256824359487e-05,3.361322885409642e-05,2.3199339054363953e-05,0.0017514787098227764,0.8356681859372366,0.0015417314881184033,0.13758207842379572,0.021850676462013486,-28.07058823529412,-1
533263420,0.0032869265475935607,1.9480742467463864e-06,1.522133632443044e-05,3.0921234465691915e-06,7.731701953329998e-05,0.9846844139750756,1.4787544261193772e-05,0.008083078707057868,0.0038332146724608758,-26.65416666666667,-1
533263423,0.27581641515608757,3.2804449118410693e-06,3.7864059084288245e-06,1.0577317059808415e-06,5.3966097647020814e-06,0.7219891277597152,6.93432233236766e-05,0.00037501873664409736,0.0017365739319384018,-25.92666666666667,-1
533263480,0.0023116848033235982,5.183630821045703e-05,4.650756829540164e-06,2.335102875698086e-06,1.3443843913879064e-05,0.9922643857809798,7.036106358007469e-05,0.003983337445339125,0.0012979648949479768,-29.918181818181814,-1
533263558,0.003716859701551053,3.086981918135731e-05,2.6074283704657402e-06,2.0509723450689293e-06,0.007548026193100512,0.9877770640510537,2.3488179228252844e-05,0.0002957649731966965,0.0006032686819730216,-23.0375,-1
533264115,0.00038369205226740876,7.264014494528515e-05,5.0097211264833906e-05,0.0022818618159388083,0.0013362444426070303,0.5514850893109685,0.27837333149389054,0.16016120495966574,0.0058558385684519135,-31.86086956521739,-1
533264152,0.000968444155493523,4.5540664828824115e-05,1.5806377520879325e-05,0.08848920256793155,0.0017652031644194398,0.6580147020427234,0.13209404331721297,0.0856451948451167,0.032961862864752715,-29.901785714285715,-1
533264250,6.874258843126209e-05,2.0113804456262213e-05,8.448230301001517e-06,0.6220596871656247,0.0016622507156663596,0.26364051703086605,0.020700915817434513,0.08919603095856495,0.002643293688654986,-29.01071428571429,-1
533265339,0.0001323365814486015,7.537702722556775e-05,6.2469770602072155e-06,6.102004443324859e-06,0.010847224897715207,0.9612357430609275,1.671101693070486e-05,0.004267301143356313,0.023412957290892506,-22.488235294117644,-1
533266269,0.0004535564496443531,0.00046464075436223007,1.603407148711697e-07,1.3097437243411258e-07,1.4545437290065132e-06,0.998384060023449,2.7554885073161814e-06,0.0006655758217241814,2.7665603496575244e-05,-24.650000000000002,-1
533267244,0.04250284157145692,2.1471469677035053e-06,0.00013763461267995788,1.4477222077548973e-05,1.2739571161968986e-05,0.8512183809484819,5.599357166346588e-05,0.10377138016679491,0.0022844051887154536,-26.405072463768118,-1
533268969,0.005752078561551132,1.9184940292058224e-06,1.1731222398222023e-06,1.0590235521385067e-05,3.4674370672937476e-06,0.9097180631616165,1.3012339184500702e-05,0.08254113490766286,0.0019585617411270973,-31.928571428571427,-1
533270675,0.00041728982780326414,0.0001274363269262701,0.0004848684519265085,0.33190712303566905,0.06466715440095575,0.524295742898034,0.022687402232278425,0.03333399321498334,0.0220789896114233,-25.353125000000002,-1
533270790,0.0002749817808575142,0.003375748868372861,0.00010016357061143097,0.06459184188718736,0.07339116571236189,0.5824670430999932,0.01134513995005191,0.07972450897623312,0.18472940615433067,-23.192307692307693,-1
533272000,6.965930664423536e-06,5.258184147912994e-05,1.834297326418698e-05,2.096860994011415e-05,4.5846890538495764e-05,0.6060893797432007,0.37986077285915776,0.011597096051422777,0.002308045100332462,-27.962962962962962,-1
533272060,8.629954699472918e-06,1.3465815418020155e-05,1.0261028842567883e-05,0.00011644102803058289,0.014233436082861647,0.7257015636777797,0.0017208243170019379,0.09642308841030137,0.16177228968506457,-24.133333333333336,-1
533272113,9.845979105376694e-06,2.5637826476473283e-05,1.7387089438366684e-05,3.50473809692981e-05,0.06317428611156546,0.8283884708224045,0.006456599914128627,0.05875292660516446,0.043139798270747376,-23.282608695652172,-1
533272261,0.0005193628926072905,2.130846641449118e-05,6.804577513309492e-06,7.807042969502737e-06,4.032284231389664e-06,0.8430566767612214,0.00707593823774578,0.11870198222222487,0.03060608751507185,-30.285000000000004,-1
533272274,0.009420921327848471,5.232506485440039e-06,1.9146239355547943e-06,1.5522325982762558e-06,1.1340948792250339e-05,0.9615567318714577,0.0028335230421008876,0.01848256952077882,0.007686213926002647,-30.57,-1
533272328,6.05582455807187e-05,1.1708585261331119e-05,1.2483125520801085e-06,2.856739945617631e-06,3.065988564604582e-06,0.14477907426525452,0.1828763706112642,0.6692894955257576,0.002975621725819573,-31.919999999999998,-1
533272940,0.528721810597433,2.411565050837951e-05,0.00021800032356622903,1.5938471497477213e-05,0.0007916205965114553,0.33560177358245713,4.044075177435603e-05,0.0011400036937886026,0.13344629633246358,-24.992857142857144,-1
533273103,0.36437242630291006,5.838080422837158e-05,1.9058795951422355e-06,1.2096777270953183e-06,0.4789761679362372,0.11004794988298608,8.039900815486644e-06,0.00010004791936907558,0.04643387169613147,-21.216666666666665,-1
533274934,0.13193482050554944,6.14227291083264e-05,7.838357933550037e-05,4.791655345137218e-05,1.3558390357383326e-05,0.551666744650518,0.1621133081421966,0.1457182695302516,0.008365575919231703,-25.465714285714288,-1
533275430,3.873616080684743e-05,0.06283784260456712,0.00015221711873185205,0.00012699557925745182,0.007384605020117244,0.8902351789711777,0.0015968460750191038,0.029432511726414916,0.008195066743907927,-23.77402597402597,-1
533275817,0.00018768826581011568,0.0012450864229925165,1.5703403132761143e-05,0.00023515628054952478,0.0044537589319433,0.7961351086155036,0.03191020503358645,0.011376781545131078,0.15444051150135069,-31.170491803278694,-1
533276098,0.003348950103859656,6.66286287735685e-06,0.00010156575297778385,2.9820199356249976e-05,2.2708210456713465e-05,0.9876208653130997,1.4504682196214238e-05,0.003847217051353849,0.005007705823822359,-29.932173913043478,-1
533277381,0.009035046091898709,3.242093751621191e-05,1.840043432684924e-05,2.5728636255247183e-06,1.2609372552213616e-05,0.8742819675370065,6.828283871357146e-05,0.11538193121610947,0.0011667687082510282,-26.847619047619045,-1
533277492,0.13045396120731323,1.2799818118612426e-05,3.4081503956486523e-06,5.90978340529814e-07,3.6784745708785077e-06,0.8634306646096415,6.9739835973351084e-06,0.005323969543619516,0.0007639532344027307,-28.364102564102566,-1
533277542,0.030386525214056874,3.855926461597354e-05,6.82373459899396e-05,1.1539189221793066e-06,3.2002391927348643e-06,0.9664960315333749,6.577858704938451e-06,0.002822875767449709,0.00017683885769268545,-27.444642857142856,-1
533277609,0.0015425893976015032,1.3630623607458342e-05,0.00018653591318654227,7.398319568977975e-07,1.0566179666457439e-05,0.9908970214581986,3.4136265782456034e-05,0.006787767896325873,0.0005270124336741838,-26.3231884057971,-1
533277621,0.00013456956570425763,1.3602822132103673e-06,9.756478844923685e-06,5.558220751032483e-07,3.479283614337147e-05,0.9987969300657433,2.328266096211411e-06,0.0006992396107130313,0.0003204670724666009,-25.894017094017094,-1
533278764,0.6734055812678226,4.7499693811073386e-05,7.095626454515148e-07,4.8134599708711954e-05,4.703990096073874e-06,0.28235775250313583,1.0429302399317719e-05,0.04388139834320768,0.00024379073717319745,-25.88181818181818,-1
533278814,0.003175005543985533,1.0866136133100827e-05,0.0001696581004335313,0.006335235621728039,7.442485372519307e-05,0.9047896985593444,9.018259683912416e-05,0.06611218290787604,0.01924274567993493,-25.978181818181817,-1
533280122,0.10443221555578545,0.005803827874399434,1.632641977061486e-05,5.8308710585489114e-06,0.2903102207735584,0.49774028887690225,2.617296669285819e-05,0.00048260201121291335,0.10118251465061952,-18.99375,-1
533280233,0.10809442271466725,3.535105376838033e-05,3.682381790586727e-05,1.3014696155212821e-05,0.0007017669920275918,0.8818498580564705,0.00010724564376677082,0.005211505683517291,0.0039500113417211494,-27.013043478260872,-1
533280441,0.32463392551565534,7.431024161197594e-06,2.2004432577873625e-05,7.900734483345713e-06,0.00015731358309754843,0.5808290939297456,3.66153031587445e-05,0.09119234371395987,0.003113371763160531,-27.024,-1
533280749,0.0022794583877294864,0.0011452105423571232,2.256875072246233e-05,4.023285186983156e-06,0.00020581485139472872,0.9954674383892421,3.08547826730942e-05,0.000498154123898902,0.00034647688679508666,-23.089655172413792,-1
533280981,4.798941164269858e-05,7.905380445554142e-05,0.0003211314764043316,0.00022557255214520743,4.9783264181029545e-05,0.5635227752193667,0.0003984004950869658,0.18988986316505688,0.24546543061166068,-24.049999999999997,-1
533281468,8.303365381680295e-06,5.3073863740698405e-06,0.0015039109104539252,8.44035611095079e-05,0.0007945684556740879,0.655471834307916,0.00015584996042770525,0.07238375671294046,0.26959206533972246,-24.893617021276597,-1
533281489,0.00018096001900584987,1.1777099206734746e-06,1.1465457044468786e-05,1.404641980420171e-06,3.5897917019570263e-06,0.7437620862532486,0.00022130718537445286,0.25480404557152536,0.0010139633701981288,-27.946153846153848,-1
533281642,0.0003401381971779958,2.271212893625021e-06,8.936075070209055e-07,4.701270114239447e-07,5.673647468272166e-07,0.9989852087248483,1.774680991534959e-05,0.00048811216245652915,0.00016459179344286134,-30.613636363636363,-1
533281773,0.00025458087317725795,1.1971397409089999e-06,3.090038580683919e-06,5.042388565429167e-07,2.8937171131661564e-07,0.9992315400902942,1.2256381670666933e-06,0.00038525499711491697,0.00012231761235703497,-26.43921568627451,-1
533281941,0.00011944473770201592,4.522057234253402e-06,2.2035463146477663e-05,8.20012196121614e-07,8.216681493172519e-07,0.9989715627250018,3.4793558540815712e-06,0.0007681066325575976,0.00010920734815852821,-27.443283582089553,-1
533282091,0.0012366370869860122,1.7154432461076375e-05,2.7746366857948637e-05,4.484546148064984e-07,1.5482907200626977e-05,0.9981983234142197,1.10372922655537e-05,0.00020226074384912637,0.0002909093015452852,-25.265217391304347,-1
533282290,0.0009432106545429142,3.4211369255004078e-06,5.591637035074889e-05,6.100108517486678e-07,2.1645790127920983e-06,0.8366751243957751,0.0004889362781648444,0.16040409525525365,0.0014265213191227127,-31.589999999999996,-1
533282297,0.004682604832977437,1.439428711870767e-05,2.1704281828315665e-06,3.0796243332786056e-07,1.15934614921525e-06,0.9934165685413511,2.5197926746684474e-06,0.0017614440960608368,0.00011883071305186003,-29.07,-1
533282531,0.01479587809275593,0.00012350835990943324,8.650534879987263e-06,5.969491323884908e-07,6.000259460577785e-06,0.9788232237695969,4.5765165463042823e-05,0.006024129226620408,0.0001722476421813313,-27.912499999999994,-1
533284501,0.0021451956060397222,8.708055291994045e-06,4.405311468908629e-06,8.307074652654167e-06,7.053949742154267e-06,0.8787933541450335,0.0004439429908870879,0.013031674930317216,0.10555735793656687,-27.885436893203885,-1
533284750,0.001113210253290449,1.7753399318990461e-06,4.384083909930244e-05,0.00014541804726244685,6.472646960352195e-06,0.6692165123474525,0.0004457912743498548,0.32495447992397847,0.00407249932767473,-26.512500000000003,-1
533284961,0.00020282027009520248,1.1982251288636597e-06,3.370075820499773e-05,1.8621615900921203e-05,9.129304064991192e-06,0.9899477167064662,7.264017440980289e-06,0.009537295599824304,0.0002422535028735337,-28.135227272727274,-1
533285180,8.098289548444371e-05,4.805930962548467e-06,2.963038706326436e-06,5.7225403530290295e-06,2.2380553200396487e-06,0.7334798164182305,0.015444581267830498,0.24728688386298736,0.0036920059901252994,-30.0921052631579,-1
533286573,6.428017343336262e-05,0.005345162974932835,6.749973348004784e-06,0.0016244085903699694,0.01404938154724572,0.7560456644084563,0.004253841393243572,0.014780026552519443,0.20383048438645063,-28.875630252100834,-1
533287602,0.0031322821017930164,4.575515782261445e-06,0.0002578118403940737,0.0013222830773206315,2.0304080813415256e-05,0.7415466277923295,0.00016925642846390895,0.02251718837869937,0.2310296707844039,-25.782222222222213,-1
533288236,0.6672933669926843,0.0017027681994136706,3.8837079880144635e-06,2.4273586484331538e-05,1.2196017931255391e-05,0.13432500146715975,0.007788044559953432,0.1832890832643876,0.005561382203997806,-29.53714285714286,-1
533288718,0.026362916550706904,3.1870353191538555e-06,8.640829032696852e-06,2.0458528889631678e-05,1.4499291614316668e-05,0.7859488846004516,0.09357075740313721,0.08688470338122516,0.007185952379623358,-28.764285714285712,-1
533288743,0.39135552469369805,0.00045641755640325483,6.271328811178335e-06,1.374135400646238e-05,1.130592935401569e-05,0.515799488903382,0.0024046011454959956,0.08927599503349185,0.000676654055357022,-25.106250000000003,-1
533289020,0.00044205497852764926,1.2607143512420941e-05,1.674575603963677e-05,2.2558743173740073e-05,0.0002703558397701756,0.8836325197390732,1.825862867006093e-05,0.11377847352552559,0.0018064256457077268,-22.72894736842105,-1
533290582,0.11848625888483741,1.417824707590388e-05,8.691685053595961e-06,2.399006777631901e-06,0.0003605019755900099,0.7955825931029027,4.967785459598161e-05,0.0016787632192421533,0.08381693602392457,-28.0,-1
533290584,0.07681753758319741,0.00010927735307355723,1.044188485516612e-05,3.062573174596942e-06,1.2735235650912535e-05,0.9199195601621,9.784018581521868e-05,0.0008408781841251769,0.0021886668380080134,-30.072222222222226,-1
533290817,0.6250418923203023,6.325070676170108e-06,4.514824937615319e-06,8.057990209876195e-07,2.00314743382942e-05,0.37028690322434976,1.148558666401977e-05,0.0004923626328617204,0.004135679066849228,-27.95851063829787,-1
533291917,0.3169352764254671,0.0020249768924933296,0.00163879959483451,0.0006224355644731687,0.0010869405077452777,0.6016536153686066,2.2100480720343888e-05,0.07473214730068316,0.001283707864976454,-21.27741935483871,-1
533292328,0.0009029100890370196,2.8885175364649467e-05,4.44385994613184e-06,1.737404646711329e-07,2.618661930968426e-06,0.99890325036633,1.1357725681350177e-06,0.00014469258493021614,1.1889749428289931e-05,-24.376190476190473,-1
533293510,0.0008438447882268424,0.00022249895252254522,0.00538488843081065,0.003901631954190219,4.013998978564757e-05,0.7784418453079831,1.528699048809292e-05,0.0819624271909889,0.12918743639500407,-25.031034482758624,-1
533293853,0.005349669325662507,0.00011273608563833727,8.614753150092757e-05,6.139134493879521e-05,0.293761724848415,0.5237920459931644,0.0001401267711076678,0.0023798539887433016,0.17431630411082902,-16.772727272727277,-1
533293874,0.18878967558767007,0.0013115078103601361,1.115819794330639e-05,6.588695660173725e-06,0.07005517852346918,0.19623751269020354,5.482017992624419e-05,0.00024280103890217424,0.5432907572758652,-18.76111111111111,-1
533293970,0.02214526834524321,1.2741767983902169e-05,1.8765164282490935e-05,2.1884843412265497e-06,0.003268961914232806,0.4651334011188233,0.0006376353852232505,0.0014112397394774267,0.5073697980803924,-20.365909090909092,-1
533294166,0.0006710387575432454,4.8296315557565544e-05,0.0003203732509927974,0.0004452341625345754,0.008879053955039148,0.5506150187016842,3.6662294002097816e-05,0.056937875538743354,0.382046447023903,-21.468421052631577,-1
533294201,0.012319236702993888,6.361206420566275e-06,2.323394104484103e-06,4.429087883161601e-07,1.3674128064503834e-06,0.9537303379125188,2.0092201010530193e-06,0.00044682535668433553,0.03349109588558226,-27.62784090909091,-1
533294214,0.0028396862295852975,1.3016874247746281e-05,0.007846614608588817,0.008366403218634725,0.0009777248485875931,0.4649656412872921,1.2395725843429058e-05,0.03347129960976866,0.48150721759745163,-24.580722891566264,-1
533294269,0.018367980419639277,0.00012291795011740446,0.0005226916638104622,1.4503500572477037e-06,1.566121243256651e-06,0.9697640292488028,9.662444030428054e-06,0.011174468791870104,3.523301042903807e-05,-26.646031746031746,-1
533294280,0.00016637852754214957,0.004936224231137098,0.0009182541185099837,0.00010322422177214228,0.003943970625261836,0.9686864933255823,8.896709724955897e-05,0.0033243350307814003,0.0178321528221635,-19.199999999999996,-1
533295339,0.22636655737737593,6.758549120555293e-05,2.193576238067089e-05,3.1669077588348828e-06,4.821231678750599e-06,0.7471605376025654,2.640667349970664e-05,0.026216542944655592,0.00013244600887974932,-25.159322033898306,-1
533295429,0.026953004271391218,2.7706075841995772e-06,5.122334357882108e-05,1.4399404520678116e-05,2.407277767618013e-06,0.28781885411710184,0.00012955747497595487,0.681947237459208,0.003080546043871616,-25.561728395061728,-1
533296483,0.15312100583148797,5.6321665861563426e-06,3.925577546435144e-06,2.15790980291404e-06,8.312227901287666e-06,0.835370595899535,7.564694798603243e-06,0.010245622249866616,0.001235183442475076,-27.04181818181819,-1
533297801,0.06541113848294308,0.00011587351805497973,1.8088959486870075e-06,2.040857318386662e-06,1.8426850435429732e-05,0.864087955050176,3.0736240305615574e-05,0.04326215400549728,0.027069866099320623,-28.449494949494948,-1
533297907,2.6273027955560017e-05,0.6385507869162964,0.00026365713333022407,0.00015759551001788221,0.2613678536668578,0.037804295263654114,0.0001637088807203738,0.004631266779700664,0.057034562821467016,-19.11048387096774,-1
589557727,1.584569108614273e-05,8.964498490875592e-07,2.1656861519967787e-07,1.1312697341245577e-07,1.692885165267444e-07,0.9995954991377957,1.1421003607418326e-06,0.0003672287438825888,1.888889292056547e-05,-29.084210526315786,-1
589561745,0.0005235796442714563,0.00015143852874167186,0.00018321436248837868,0.0004957374780828556,6.964977493171409e-06,0.1702259730015679,0.0004752574520182406,0.6283683991489499,0.19956943540638641,-25.866666666666667,-1
589566223,0.2253175257524334,1.1437210426372154e-05,8.195183330691498e-05,8.176691973171077e-07,2.2690628065667836e-06,0.7649369247449966,6.931189450955891e-06,0.00792075446215458,0.0017213880752272623,-29.146575342465752,-1
589569117,0.002188851190656204,0.0017439916775553097,2.649511726838533e-05,4.210754955644691e-06,0.0003395219508060225,0.9908112799726805,1.7009990132392175e-05,0.0045799062305758855,0.000288733115369622,-22.910714285714285,-1
589569950,0.00013828024274486716,2.4879910543266718e-05,1.0275344550212265e-05,3.2826686129619954e-07,3.886422477909328e-06,0.9969079639370809,1.7002782679562052e-06,0.002692928903261734,0.00021975669421177342,-25.49298245614035,-1
589570061,0.0036915749406753753,0.0013702319238253523,9.34728790971748e-05,6.998390447921076e-07,0.0006013391732058433,0.9938560530164622,1.3440209172627278e-05,0.0002298092847660702,0.00014337873375047753,-21.14814814814815,-1
589570487,0.00019143489312170136,2.121117986440666e-05,2.1794604463813562e-05,7.673930471115433e-07,2.4283392562716822e-06,0.939789459288404,0.00013452123767466995,0.05898213407870821,0.0008562489854598212,-27.028235294117643,-1
589570489,0.00022896757799981045,7.091668541804478e-07,3.7328378228744174e-06,2.2563514166040242e-07,1.0758920310148482e-06,0.9967877031758554,1.695308685453789e-06,0.0028841325583177794,9.175784729171431e-05,-27.30952380952381,-1
589571551,0.014912637868167905,1.9290766004503193e-06,9.080411533719909e-06,1.114638732877946e-06,2.050702450795916e-06,0.9123692486105709,1.5222949036002026e-05,0.07256166042500262,0.0001270553179047156,-29.159999999999997,-1
589572579,6.927577997999424e-05,0.028658599094499464,4.7650444740990264e-05,0.0328157740965011,0.01712001042604321,0.7025170504242546,0.09562586453656077,0.05800844634849141,0.06513732884892838,-21.465,-1
589572580,0.0006165892695505815,4.839656007877329e-06,2.128124443641231e-06,2.235008476056961e-07,4.895523179674701e-07,0.9982082806875654,2.9023117491442873e-06,0.0008782410672832418,0.0002863058302343956,-27.31165048543689,-1
589573474,0.00034716980979427085,3.540631731545471e-05,8.437801803295392e-06,1.0849862546149708e-06,8.092308482628158e-06,0.9960770708515353,6.741010975513272e-06,0.003169062151034372,0.0003469347628043631,-26.026785714285715,-1
589573874,0.00014625400543367468,1.4322583397628497e-06,7.789685321554484e-07,4.180473975890614e-06,1.8564355503919485e-06,0.9708894732314398,0.00019213199377730454,0.026253663735376232,0.002510228897574642,-31.24,-1
589574988,3.427679676811792e-05,7.604738435928854e-06,2.2548132357216385e-05,5.156803040230213e-05,0.05072609424678737,0.558689937161799,0.38190214398880346,0.004964589443274117,0.0036012374613724855,-20.330000000000002,-1
589575044,2.5825431163157922e-05,4.8710290692109e-05,4.0545675140971983e-05,0.0006583136723745384,0.18900152112247026,0.01670434215422007,0.697263354139623,0.059840449748202816,0.036416937766113,-16.7,-1
589575060,2.0363502651682655e-05,0.001753996598683408,1.646076645443396e-05,1.0778781254672277e-05,0.6660629457120499,0.023531694682210304,0.2646924707407496,0.004235255997058112,0.039676033218887755,-9.061538461538461,-1
589575078,8.841461210023886e-06,8.637100424281112e-05,7.029088205390679e-06,1.2472953671203347e-06,0.5481828230475859,0.045779591827232645,0.11532632088514731,0.0007130934397947357,0.28989468195121404,-11.953333333333335,-1
589575286,1.4152761499019853e-05,3.262713616933637e-05,4.288284913746671e-06,1.3322766607624965e-06,0.00013652147327896297,0.6782108666823943,2.1900840621934218e-05,0.008758973083760216,0.3128193374607018,-22.63809523809524,-1
589577054,0.0003109444811397809,0.0002274815398297244,9.3635540262045e-05,6.970653905376468e-07,3.8499657593102515e-05,0.9970081896863352,4.768412520458477e-06,0.001853049698652086,0.00046273391827704734,-22.391111111111112,-1
589578162,5.809708817120962e-06,5.4216159486023215e-06,5.6054803395075115e-06,3.8532962373716116e-07,8.199615656748834e-07,0.9982557178969118,3.936902513965301e-06,0.0013677323854170377,0.00035457071886263756,-26.458333333333332,-1
589578861,0.00014598991432227654,7.692817504490177e-07,3.097385491297422e-07,6.233381131763168e-07,3.657013802442615e-07,0.9984293836412231,1.1424286045367574e-06,0.0013577861610741368,6.362979498303629e-05,-27.177419354838715,-1
589579781,3.8954159014771796e-05,8.678692415471006e-07,1.5402282556017953e-05,3.446382019069845e-07,1.1444526824904781e-06,0.998627839242924,0.0002760788176744121,0.0005910638164369181,0.0004483047212680689,-27.806122448979597,-1
589580528,1.3030468037596575e-05,8.476278688085482e-06,7.827577807891192e-06,6.310186241039113e-07,3.930397624424532e-06,0.9961612676864338,0.0027264378846187224,0.0002727648269178739,0.0008056338612475268,-23.674999999999997,-1
589580564,0.003615345791511018,3.3884294175257994e-06,4.317696490628766e-06,1.711038822947272e-07,1.1174727292811859e-06,0.9955544834905925,4.226213550973558e-06,0.000290886602755757,0.0005260631990698917,-28.714159292035397,-1
589582540,0.013073015300631988,0.00010197958479853926,0.00010322888572649139,1.3220173130547753e-06,4.008594063621532e-06,0.985289823404577,1.7152666557304318e-05,0.0012668117055219578,0.00014265784080975144,-26.49851851851852,-1
589583482,0.0002392640055525514,3.901098673197748e-07,1.5828593701284584e-06,5.033733511615886e-07,2.4202658652575934e-06,0.9930262229354406,1.5267664290113163e-05,0.006611993912219507,0.00010235487404338455,-28.82230769230769,-1
589584716,0.00023596597040425135,6.712384334141381e-05,2.2518216886808453e-05,4.674172122720825e-07,9.23663221063173e-07,0.997920056105848,2.2525026796383784e-06,0.0016085892239758968,0.00014210305643059937,-25.824324324324326,-1
589585690,0.0005220507411540061,4.004664874881743e-07,1.2664837145364781e-06,1.583702988189957e-06,9.105357445152262e-07,0.9967943542871287,9.258210710392546e-06,0.0021841301222619326,0.0004860454498102801,-27.066666666666666,-1
589586337,0.011971625288340776,9.869119009670606e-06,5.176204324319391e-06,2.1973708531235317e-06,3.3749143573798444e-05,0.9854871969728751,1.3928939508647459e-05,0.0012962306883057028,0.001180026273208815,-24.95611111111111,-1
589587263,0.00029565807282832,1.0255439066114856e-06,3.133268530676391e-05,9.878317839048407e-07,1.2019655059601224e-06,0.9865915826180063,0.00012100015447994335,0.01196633928705503,0.0009908718411271496,-28.33076923076923,-1
589588472,0.0010804602738425624,0.0003642343047201969,7.75463609006563e-06,1.2874178484561778e-05,0.002000853243589973,0.9458792308346073,0.000505723934123392,0.04050072298275109,0.009648145611790851,-23.260526315789473,-1
589589960,0.03548582920441775,1.878229580055204e-06,5.1976206360191974e-05,7.055186119735542e-07,1.3987839798384325e-05,0.9587887366000236,2.5427912425088276e-05,0.0034372124633242824,0.0021942460254585354,-28.270977917981078,-1
589590560,0.16799181803212787,5.462829395679717e-06,1.6974666636278843e-05,4.884026080642976e-05,0.000478784193322651,0.6355408685483082,0.00012040501933436427,0.19323390209433292,0.0025629443557356893,-24.46984126984127,-1
589592645,0.006139255847060813,3.407589358844862e-06,0.005647712845682338,0.00031544664763521405,2.6365986589580335e-06,0.5760879530357182,8.914209702198e-05,0.35932043766917604,0.05239400766968757,-27.4375,-1
589595488,0.002505477559852387,1.7912283171535503e-05,7.159071615520713e-05,6.281228703372503e-07,9.859730689327606e-07,0.996973047155706,1.2008927271561404e-05,0.0002640831386585611,0.00015426612324551532,-25.637499999999996,-1
589595509,0.0003753639884370324,0.0004592770059510348,7.55335395979395e-06,0.0032347885411610384,4.413438836936788e-06,0.9399132374975567,0.0011195332690833808,0.015764348403727677,0.03912148450128639,-27.529411764705884,-1
589602405,0.010124313457682539,4.845704803885507e-07,1.1945234401257802e-06,5.973797595368818e-07,1.617107386580145e-06,0.9835377734614085,1.3457591021540829e-05,0.006104652809250082,0.00021590909957084668,-27.208791208791208,-1
589602766,0.20019493322988677,3.959065936738169e-06,3.411766349164636e-05,4.542887464283857e-06,1.267605607996053e-05,0.6388688863756389,2.2860332285101945e-05,0.16042834855553412,0.00042967583368245285,-28.088235294117645,-1
589603220,0.00028286096698372634,0.00016611430465744904,0.0001420109910891486,1.9615522236836128e-06,0.002214822548214415,0.9934617930902636,4.3330590558795695e-06,0.0019940432013130847,0.0017320602861990394,-23.990598290598292,-1
589603540,6.825263947246021e-05,2.497040485135307e-07,4.452017579259656e-07,8.37667517296537e-07,4.2785513233183357e-07,0.9988359521623181,5.096703228629801e-06,0.001058717194997841,3.0020871526944394e-05,-29.875,-1
589604163,0.0005314265935399173,2.352203362672821e-06,3.704809835250973e-06,5.558891071623885e-07,8.543094623197272e-07,0.9765891861347125,0.00015716828648385458,0.01947498718067365,0.003239764592822725,-32.10333333333333,-1
589605780,0.004496892787278194,7.147716864898091e-06,6.422999857539041e-05,1.0513309735225063e-06,1.3350753584072968e-06,0.9686564180304928,1.0262210146833868e-05,0.02610417904049992,0.0006584838098099526,-27.808474576271188,-1
589605823,0.0002645890682640581,4.498247529456194e-05,1.8385147489080235e-05,5.6432240494640876e-05,0.00036992896602981875,0.7403091006419924,0.0033875052848935266,0.03863125975164302,0.21691781642389882,-28.0195652173913,-1
589606661,0.0009499783215300952,7.618735369011356e-07,5.945491101548418e-06,5.800239283718171e-07,1.7981574790411986e-06,0.9657038245406003,1.1782235307316865e-05,0.011067381592583083,0.02225794776393344,-27.764806866952785,-1
589608416,0.00028743368171402423,2.994339389948869e-06,8.566668564185788e-05,1.8480370843266656e-06,3.7205876982866042e-06,0.21405841484170524,0.005685374872567023,0.7791076487263193,0.0007668982278800399,-34.741176470588236,-1
589611604,0.016536842736683433,8.42914930506348e-06,5.944895760344022e-06,2.0138661217253128e-06,1.501118428762187e-06,0.030111310780642348,7.34860873735847e-05,0.9506879346547891,0.002572536710895645,-34.35882352941176,-1
589613063,0.0009162535538613801,6.3126993347151855e-06,8.066564096859455e-05,1.8216249822180308e-06,2.0042902442649802e-05,0.9588981507331112,6.511363826232895e-05,0.011735619329268216,0.028276019877768666,-24.985849056603772,-1
589613683,0.002186868990218883,2.541307176527199e-06,9.422704508626711e-07,6.288925487800641e-07,1.835540245336424e-06,0.9775773348037304,1.9832993944321544e-05,0.020110348591743897,9.966660994073543e-05,-27.194736842105264,-1
589617107,0.00042588378979972,3.18142872585023e-06,1.8109729652280865e-06,1.4094381243022722e-06,2.8525783293431124e-06,0.922245537596026,0.00022261941993459268,0.07611214954657904,0.000984555229515955,-29.17777777777778,-1
589618208,0.0002913011898953893,1.7224511275232204e-06,1.157771494812698e-05,3.3163354346130582e-06,2.5319829559219134e-06,0.8966923019383957,0.00624419324100563,0.09646813316312425,0.0002849219831127999,-30.328888888888894,-1
589620671,9.995127402027635e-06,1.5197315508460392e-05,2.0005334456678853e-06,5.096922890748061e-06,1.9645172741165994e-06,0.9904945527532988,0.005554264428663182,0.0035978800437453983,0.0003190483577715739,-26.22,-1
589620870,1.6939263544488372e-05,3.7098432685740104e-06,0.0001877419087564172,9.557002430103318e-07,5.1423629361255924e-06,0.9961780612872776,0.0007611959329390978,0.0024460433786637915,0.0004002103223710261,-26.514285714285716,-1
589620994,0.007559120924009208,8.532826134609671e-06,1.1910546289413239e-06,3.4959532585275777e-07,2.6107885279415475e-06,0.9909054970069866,2.9843348888983146e-05,0.0004736772076312166,0.0010191772478665502,-25.901913875598087,-1
589621600,8.230892424712375e-06,8.817486062240704e-06,1.3420543970745875e-06,4.6027504501297015e-07,8.631045811250284e-07,0.9989567060560807,8.897170306985917e-06,0.0007420633668281266,0.00027261959427397626,-26.24947368421053,-1
589621801,0.0002586782945409975,2.395993624554255e-05,1.4210519799506231e-05,4.808990236047383e-06,0.00011273238752964951,0.9727461539274138,7.682495466192037e-05,0.02504071776152067,0.0017219132280519515,-23.78510638297872,-1
589621949,0.010486154353317251,8.931380448639081e-07,6.97531472454098e-06,8.018579399185976e-07,1.3388179633738692e-06,0.952846140841927,6.322884498396604e-05,0.020917359175467717,0.015677107655631427,-27.884488448844884,-1
589622522,6.452171316568381e-06,3.0942596052506475e-05,3.0309969485323892e-06,3.970852371259456e-06,5.350155582544217e-06,0.9302778820676101,0.005920846084283176,0.063513127720705,0.00023839735513026743,-26.323255813953484,-1
589626768,0.00038406918671539376,5.586328325361009e-06,1.0223036271133767e-06,1.7554827645760725e-07,4.1574117528934197e-07,0.9981073074196857,4.907656153030695e-06,0.0014059496074692334,9.056620857250223e-05,-27.60990990990991,-1
589626847,6.515461641654553e-05,3.085097343728221e-06,4.2062022059408834e-07,3.6746624879913974e-07,7.786383304241442e-07,0.998681660248311,7.730595570603862e-06,0.0012152552249426927,2.5547492615649384e-05,-26.929357798165135,-1
589628335,1.1856995825992508e-05,5.716680728767137e-06,4.381858489092119e-07,6.190740845732992e-07,5.016255560981337e-07,0.9988487667543371,3.1898968837378927e-06,0.001110302563101595,1.8608223633224415e-05,-29.01,-1
589628489,0.058707369758104,6.481856509327989e-07,4.550204100067868e-06,7.715198538396215e-07,7.314368531853345e-07,0.9383990481764524,2.3959402979479584e-06,0.0015215598492955558,0.0013629249293921342,-30.303448275862074,-1
589628550,0.0003025772398203835,1.2754542907698677e-06,1.0210754477219363e-05,1.0014560402222405e-06,2.1030814194117947e-06,0.9272168922428865,6.828263965126955e-05,0.07131243537644807,0.0010852217549663589,-31.93140495867769,-1
589628608,0.00040937122064039333,1.233810491305559e-06,1.40976986227454e-05,1.0501081293409368e-06,1.3216421411076072e-05,0.9903748036637229,5.398578351610299e-05,0.009034143266523126,9.809802694281016e-05,-26.506060606060608,-1
589628986,0.12708662788047506,1.4345623496968196e-05,0.0071321776364710685,5.830605856030774e-07,6.57771712812467e-07,0.8652163331949894,3.4811312189052876e-06,0.00047278892026236216,7.300478078784727e-05,-29.87804878048781,-1
589630160,7.210276236241729e-05,1.7757784947341368e-05,1.5903346220500752e-06,5.538156593962302e-07,1.6304655147609087e-06,0.9970538256548899,2.404752748833963e-06,0.0025489643020847846,0.000301170127170528,-26.91574803149606,-1
589633556,0.2628495584811722,0.007047068254025563,1.4470585788226119e-05,1.108593428593431e-06,9.519845366181616e-06,0.7141946413462359,4.1533766610329637e-05,0.015755131131837078,8.696799553601186e-05,-25.434146341463407,-1
589634160,2.9205119253088472e-05,3.6661860926655317e-06,2.0678416931263e-05,2.9132914235804594e-06,5.870211814824203e-05,0.9951836314386352,4.4268346311532e-05,0.001321454028184715,0.003335481055019842,-23.70735294117647,-1
589635357,2.7973673919435696e-05,1.3859960867898201e-05,3.6577395202800417e-06,6.367440836843016e-07,7.777223514216164e-06,0.9889669842903548,8.035337969327651e-06,0.009430136479717131,0.0015409385500532,-26.290476190476188,-1
589637307,0.04275553539964428,8.190019372086981e-06,1.9148608777367047e-06,3.1073653942878452e-06,8.284010757976822e-07,0.9550225916786234,7.3499435007281616e-06,0.002132296607839365,6.818572367238052e-05,-26.57777777777778,-1
589638826,0.0006386724057021319,2.4291079168207744e-05,9.520523112479836e-07,7.031158379823488e-07,5.746251039075679e-05,0.9888158975489729,1.8059337937608406e-05,0.010206745671761273,0.00023721627791786973,-28.71571428571428,-1
589639462,0.0002283305106082271,6.14230073511167e-07,1.1956500788503392e-05,2.1213099645086692e-07,4.786620251194363e-07,0.9990210874275857,1.1907498491190521e-06,0.0005222161978882243,0.00021391359018509685,-27.838281249999998,-1
589639744,0.00019248058038584515,5.718820498358041e-07,9.906015737795905e-07,3.208202228478543e-07,1.2757801694576122e-06,0.9920509515314428,0.00011599400026455957,0.007203944229359982,0.00043347057453079017,-30.907142857142855,-1
589641076,0.00306783491577312,9.8120475176877e-07,0.00012211535341776522,2.017102066843132e-06,1.2259054129352546e-05,0.9832005970828803,0.0004308017183209885,0.009112985659912134,0.004050407908747793,-23.968,-1
589642050,0.00018572725785814714,8.841468378409358e-07,6.472505899378505e-05,9.205196852820686e-07,1.029783814518617e-06,0.9940699343840432,2.2617435082453767e-06,0.005555868992611752,0.00011864811264737394,-28.716981132075475,-1
589642482,3.462980283958875e-05,0.0005923009175892866,7.797438200489376e-06,2.003561559245204e-06,0.00427984866247714,0.9532805684244696,1.2858977141949992e-05,0.040998513353023305,0.0007914788626994108,-21.14642857142857,-1
589643196,0.0005080283143820413,3.218958686280069e-06,1.303234962215362e-07,8.351733346159328e-07,5.600534541432476e-07,0.9985230572219852,3.21386393047984e-06,0.00046934570506313507,0.0004916103856679567,-27.99047619047619,-1
589644881,0.00025454368007860414,1.247989156157715e-06,0.00017457690354602879,3.977687403998832e-07,5.6514389353314865e-06,0.9919969405660956,0.0002433130371445767,0.006904342186867281,0.00041898642943600335,-27.56176470588235,-1
589645040,0.000539475818292641,1.7064084583377466e-06,3.141448836943541e-05,4.778882709428882e-07,6.424937654123172e-06,0.9868911212084039,1.9852611724661576e-05,0.01210767104101687,0.00040185559780895496,-28.001960784313727,-1
589645063,0.0010863311697771473,0.17159891310296355,0.00021731597752887096,0.0018003545958136997,0.0016769523947865281,0.5106570146047086,0.193136057780543,0.1191729815779351,0.0006540787959435572,-16.38173076923077,-1
589645210,0.03552862290638449,3.49482862225672e-05,9.780477400714055e-06,2.9451136441773737e-06,1.0957283794944108e-05,0.819532855394776,4.1343677420723154e-05,0.14228713183547198,0.002551415024884444,-34.48333333333333,-1
589645235,0.007183634391893222,3.941082904344552e-06,0.00015220450310395937,2.9304561672947946e-07,4.2394072571759086e-07,0.992137067920118,1.4143845797500162e-06,0.0005041939370584857,1.682679399965854e-05,-29.5,-1
589645264,0.006011315699727118,0.00032435199081964406,3.888266062198169e-06,4.1368402368102435e-07,1.2436299339366568e-06,0.9892232023722765,3.417781552997944e-06,0.004402280136435964,2.9886439168025542e-05,-29.161194029850744,-1
589645363,0.00173110549458051,0.00012615757058022083,1.781429728833995e-06,2.385017277420564e-07,1.150015355731299e-05,0.9969022146442595,5.386109486363799e-05,0.0007985577124522408,0.0003745833982500651,-25.387898089171976,-1
589645466,2.3203605206445712e-07,0.9930736986413724,3.684340997096193e-06,1.4048742739516167e-07,0.006308640298376587,0.0002923255119965301,1.4100772665283336e-06,0.0002719245733255068,4.794403318576787e-05,-6.682142857142856,-1
589646466,0.00020881751724461818,0.6051862991505315,5.281845633214907e-05,7.021693380942844e-05,0.00024320174586563598,0.23473471162292428,0.00018141139258921507,0.15927284140411668,4.968177658651588e-05,-7.361111111111111,-1
589646632,0.00010541159956805267,0.7999621774669098,6.341703772263915e-05,1.3291923265018529e-05,0.00014764348878347676,0.1070477248080047,9.898297026097907e-05,0.09253306234132147,2.8288364163742124e-05,-3.462068965517241,-1
589646688,4.145811455849764e-05,0.7704005195345633,0.00016694690237878054,2.0167192491282566e-05,5.391011965819485e-05,0.11383026274930708,0.007782748944130921,0.10767209884184267,3.188760106916312e-05,-7.522222222222222,-1
589646797,1.9012521721422026e-05,0.7751295641737738,9.49552700483526e-05,1.7648280586030563e-05,7.843779626862453e-05,0.1768171098264767,0.006584286622138167,0.041229721342219215,2.926416676774672e-05,-6.196078431372549,-1
589646862,8.52388122058337e-06,0.9001818998143536,2.87173514105582e-05,2.9402163325117407e-06,5.1461365107207137e-05,0.02742560615601969,2.9237199919871447e-05,0.07225958876219032,1.2025253445661628e-05,-3.9399999999999995,-1
589648314,7.632074033952912e-05,1.094610089753645e-05,3.06367656624716e-06,1.1407241132268196e-06,4.650534993175324e-06,0.9995833147249915,1.9894937313954398e-05,0.00017371119081231734,0.0001269573699725186,-23.689655172413794,-1
589649551,3.483413589359314e-05,0.9241148979312517,1.807306065458186e-05,9.64486679378692e-06,0.0001331249383258591,0.06826926746167987,0.00012066250860575872,0.007288793797766961,1.070129902795363e-05,-14.842105263157896,-1
589649953,2.6623175984628534e-05,5.046141551769361e-07,7.589658547965363e-07,2.8388114905109383e-07,2.4494141633457137e-07,0.9985105830786507,6.427864190765631e-06,0.0013955947111439653,5.8978767454506036e-05,-28.62718446601941,-1
589650138,0.03560104484299352,5.817079347312364e-06,0.0008214084801900573,6.665975045843872e-06,4.633361929326488e-06,0.4117712542968762,0.0007925846969037042,0.550894995205699,0.00010159606101494813,-33.28888888888889,-1
589650780,0.004049102999850946,1.9362631741875158e-06,6.711793941253109e-06,1.6490634520316464e-06,1.0207465511687788e-05,0.9653416292088444,1.956170671890901e-05,0.02565958174844805,0.004909619750058443,-29.57714285714286,-1
589652247,5.9364316643334704e-05,1.0559901015905799e-06,4.153191635342869e-06,2.169281287706327e-05,2.5190027234210293e-06,0.07462050348196578,1.440329784517238e-05,0.9250283540599886,0.0002479538462196325,-31.42,-1
589654014,0.0003702887607512618,7.970879393769906e-06,0.00021373766006394117,1.165497720482146e-06,1.7876892933421889e-06,0.955750400584719,3.688582000090403e-05,0.03481591651627837,0.008801846591778819,-29.655555555555548,-1
589654034,0.0005846492932102883,9.306533400162335e-05,2.7574484396018475e-06,9.713740351177738e-05,0.00013378636705710823,0.8902030244129872,1.4997807709368141e-05,0.09244058514929933,0.01642999678378375,-28.637086092715226,-1
589654154,2.9581457090665282e-05,0.00025680106245074463,0.0009555163882292029,1.1182003883324474e-06,7.862859503799646e-05,0.997043744410089,0.0003950645572261133,0.0006982917648276095,0.0005412535646602651,-20.0,-1
589654176,5.6778961415528776e-05,0.04103036488148633,2.1502748862253036e-05,5.561402437831781e-05,0.5980209029357404,0.23797906352365567,0.009097742016112942,0.11322147504051146,0.0005165558678371649,-8.488888888888887,-1
589654183,7.468853233946957e-05,0.7415690381672071,0.0018698137125455685,0.061496811013337815,0.01018508670965294,0.030200172550999167,0.00043432172607107446,0.10095808397250645,0.05321198361534045,-19.69090909090909,-1
589654280,0.0038018642312607443,0.00010651320468877572,1.0097964583100974e-06,9.758699543804539e-07,1.2612105294200251e-05,0.9888125932359776,3.0019253144653173e-06,0.004827539148971959,0.0024338904820796156,-26.854646840148696,-1
589654379,0.001238973997211581,6.6546941979636745e-06,5.843882581865997e-06,5.413209974918469e-07,2.547473365160329e-06,0.9705644836103428,5.864807776678826e-06,0.02785784365186651,0.0003172465616598379,-29.553521126760565,-1
589654778,0.00011095960557467705,0.001167649052854846,4.1430096925285934e-06,4.018398007992625e-06,0.014281976084374929,0.9809579405570187,1.785455541852364e-05,0.0004445057582731718,0.003010952978784768,-23.03301886792453,-1
589654997,0.0018597826424215911,7.105339680800688e-06,1.1359832628209522e-05,0.10038587731244682,2.0586223817560347e-05,0.754409897536092,0.00020416188623630102,0.13440416938806488,0.008697059838611854,-29.364220183486236,-1
589655191,0.00010624298306377922,9.187197406967987e-07,0.0002868443043814727,2.824340268028872e-07,5.073448771187993e-07,0.9939194892700611,1.6769712147487094e-05,0.005600828701972458,6.811652972904098e-05,-28.670731707317074,-1
589655314,9.70452810101326e-06,5.098807492267927e-07,4.312713373444407e-06,4.320259651253275e-07,6.688380436955162e-07,0.9990810457104435,2.4490067739675554e-05,0.0006582443222961059,0.000220591913288195,-27.052307692307693,-1
589655401,0.00010371302611362084,1.1839038040318452e-05,2.305884978516423e-06,4.598499136413165e-07,7.558958625842656e-07,0.9946862415398657,9.19777488426311e-06,0.0042010864780403665,0.0009844005123010317,-27.59178082191781,-1
589655420,0.0072615981070663065,2.477622397834372e-05,3.5689402281129845e-05,1.878680930210622e-05,0.0005869279965107552,0.750359522071037,8.710480893054996e-05,0.04170382114955483,0.19992177343133904,-24.496850393700786,-1
589655704,0.000210467449934627,6.346069336599435e-06,5.046310204655047e-06,5.069175877445416e-07,1.4610798534527602e-06,0.9585245059412542,1.904910297616198e-05,0.04102186003679152,0.00021075709206115357,-28.482758620689655,-1
589655845,1.1617447499619107e-07,0.9993401111279706,4.001982553693138e-07,6.034015246640652e-07,0.0001585425313145559,2.2545450145207186e-05,7.552438124957552e-07,0.0003171811414840462,0.00015974473101810764,-12.22,-1
589655876,3.403728755253209e-05,3.084484667630584e-06,3.0248444062451712e-05,2.960777382530606e-07,3.0909114047508212e-06,0.9958556234523674,3.201541987375043e-06,0.0039064283985890975,0.00016398940163048732,-26.58989898989899,-1
589655913,2.011363487971128e-08,0.9998865322374325,3.762929618892127e-07,4.901708321898681e-06,6.330144373403886e-06,4.57989334774349e-06,7.973635033360901e-06,8.630135436629824e-05,2.9846205282151312e-06,-8.51875,-1
589656289,0.0004298207911934039,0.4571826429485868,0.001904897188917758,3.2727719021453204e-05,0.002364918547643644,0.38522993591907634,0.0002181726482649576,0.15213081462959752,0.0005060696076981744,-4.820833333333333,-1
589656347,0.00020474411246862494,0.49900402043449016,0.0002831601468882891,1.9802625597456045e-05,0.00017355214026941384,0.3113115845572989,0.00010846904460592524,0.1888553429400806,3.932399830053287e-05,-5.428571428571429,-1
589656594,0.00023794971760828973,0.4961786855164953,0.00012644762916476322,1.9678942728965903e-05,0.00017067155111716458,0.20662448221006507,0.0008277747311868762,0.2957328414848726,8.146821676106615e-05,-9.552747252747254,-1
589656969,0.0010669993913586247,7.595491043303114e-06,2.4772848891276526e-05,1.5283412481419726e-06,4.990052371920003e-07,0.0024402068497203335,0.0009866913663070212,0.9952739777173389,0.00019772898885514587,-32.16875,-1
589656997,0.00011262908392975516,1.760333458773444e-06,8.417319854198799e-07,1.0921596129246484e-06,1.3758844815998613e-06,0.9892600590585797,1.2515693471671523e-05,0.010424529903572214,0.00018519615090808322,-26.873026315789474,-1
589657024,0.00017701794134780685,6.825953947485991e-07,1.1482451360210986e-05,3.8071639005345097e-07,1.9476423587908127e-06,0.9867209962653499,5.685886556795666e-06,0.01218444370707385,0.0008973627941678511,-28.156544502617805,-1
589657428,3.524918637856578e-05,2.1786440227859733e-06,2.758515620220626e-05,1.029107897103652e-06,4.391262293194477e-06,0.9955866726770649,6.071628447479401e-05,0.0017121872778339444,0.002569990403832651,-26.519354838709674,-1
589658507,0.0003343115280383142,7.868456187473762e-06,2.3623469529213545e-06,3.082926322416472e-06,1.3091880466895375e-06,0.8982265132758901,3.916128642091901e-05,0.10108965244388049,0.0002957385482606521,-26.44705882352941,-1
589658589,1.5819955020334948e-05,5.3774368201063845e-06,7.69188337142887e-06,1.7950999197797616e-07,2.6293618771301114e-07,0.9992543162717145,5.568938382298261e-07,0.0006891987091282373,2.659640392730885e-05,-26.313846153846157,-1
589658819,0.12110262349961987,2.754679997595363e-06,1.6631301810260283e-05,3.8787960109960346e-05,3.50309011627657e-05,0.7508722857207799,0.005846977259493634,0.08774414639887396,0.03434076227815218,-25.295238095238098,-1
589659155,5.180631710947739e-05,7.588472467301646e-07,8.116456841677118e-07,2.845162105671135e-07,4.244181056572816e-07,0.995217123386141,2.8270172919008138e-05,0.0038647481677144837,0.0008357725288686991,-31.161538461538456,-1
589659326,2.4885789552273994e-05,0.44240417917899366,9.839315053338461e-06,0.0005162338548365323,0.006695504859112111,0.023610351787499793,0.37168996075515004,0.15060584009347433,0.00444320436632789,-12.144444444444444,-1
589659508,2.3274687364059013e-05,0.13172264956204194,8.739778688139945e-06,0.003957642390949004,0.0006087291981799215,0.1776248924138602,0.002362470595887389,0.6814489197126358,0.002242681660393426,-6.22,-1
589660168,0.11782725312741822,0.007789362278091594,2.227771042819306e-05,2.5880969394811368e-05,0.00031794831342033973,0.6450894644994725,0.00020030602069768573,0.22820996307243888,0.0005175440086377732,-21.21555555555556,-1
589660415,2.100673042378748e-08,0.9998717196056474,3.084054283523517e-07,5.539641899580841e-06,3.5736683194179414e-06,5.9061884658308845e-06,8.626631561597958e-06,0.00010143106688748206,2.873785060028207e-06,-8.545454545454545,-1
589660452,8.874480640890936e-05,6.304065045315882e-06,2.679799470878843e-06,3.852361756952234e-06,7.2300771021006205e-06,0.6274295633270739,0.00019055982002874058,0.35741083396473716,0.01486023177837611,-29.499999999999993,-1
589660696,1.6702195500335657e-06,0.9836484963656446,2.0608883570874266e-06,2.9950809048305993e-05,0.0028036453869886304,0.0063518370867855735,0.004036345707323007,0.0028709259401275265,0.0002550675961749449,-7.84375,-1
589660762,9.36869339151498e-05,4.7174179582139724e-07,1.4182067130566294e-05,4.884164980175786e-07,2.628303556475555e-06,0.9987399335307086,0.00016826005749894982,0.0007128668027522758,0.0002674821461441909,-27.619999999999997,-1
589661376,0.0036427420666404245,1.4577105644834463e-05,0.0011579497686074174,0.0002171435851214266,0.009990267370466075,0.4892159229472702,0.00021006968406439845,0.48842516962672233,0.007126157845462874,-22.395483870967745,-1
589662414,2.5275837168960163e-05,5.484099199842131e-07,5.8497010146893855e-06,3.57377116239232e-05,3.1572747582944256e-06,0.2540444785615058,7.099247926493465e-05,0.7457362546858632,7.770533888003448e-05,-31.13181818181818,-1
589662481,2.4936134001963676e-05,3.689375339631589e-07,2.047731427805253e-06,7.476095435687674e-07,2.930866228872958e-06,0.13928162753397272,0.002197605396826647,0.8582373100823885,0.0002524257080758358,-29.45909090909091,-1
589662575,0.0003732923049057679,3.9754368339971815e-07,2.75435493347052e-07,3.7830596169683733e-06,1.5969597728750593e-06,0.032631456911769004,0.00013795589086876828,0.9667292133795404,0.00012202851434933613,-31.388461538461538,-1
589662718,0.00013088058466564884,3.1876001972895575e-07,3.466301854207702e-06,5.179555726338957e-07,1.49238211149128e-06,0.9820389534542097,3.147185806169848e-06,0.017745849875665798,7.537350009464675e-05,-25.573224043715847,-1
589662935,4.997885256062981e-05,0.32635936113795816,0.0183403682010327,7.841862821744126e-05,0.13423120401958485,0.1280821767480909,0.03530993214010157,0.0634011599232158,0.2941474003492378,-6.5375,-1
589664264,0.00026443170370219155,8.714921765875142e-06,1.8910315768264757e-05,1.4577531894565192e-06,1.5271039752645528e-06,0.9104896545521142,0.00017864916505098608,0.08898469496355574,5.195952087813416e-05,-30.92413793103448,-1
589664422,0.006365058300014168,2.5104798367428463e-06,3.000556344369993e-05,1.745333801782596e-06,5.233593349256661e-06,0.7595390951661252,6.913543704117987e-05,0.2335674556029887,0.00041976052339921956,-30.80427350427351,-1
589664612,0.002988263288747931,0.693868919171636,7.366383210197688e-05,5.119261145062104e-05,0.133272924947682,0.06475833331149275,0.0001417612580485019,0.0020333254587525714,0.10281161612008774,-4.424137931034483,-1
589664785,7.059325246575099e-07,0.9734757197135078,2.02782953628772e-05,2.5418784356934404e-06,0.00016930232413536837,0.0036182006412337556,7.001016820296083e-05,0.02257896613094263,6.427491565430752e-05,-7.420000000000001,-1
589665151,0.00015133217990113734,7.411504640292068e-06,1.8728508284867576e-05,3.7358880948484427e-07,2.9228696251306945e-06,0.9970117059373459,0.00019032016371359735,0.002367144083331954,0.00025006116434765787,-25.933333333333334,-1
589665712,0.0033699373000475445,2.8762327398918608e-05,1.089337435090912e-06,2.8868125142180785e-07,5.720377418182049e-05,0.9943702670592229,3.1151101688467204e-05,0.0015992437739852008,0.000542056644788568,-25.207457627118647,-1
589665871,3.656516094030061e-05,2.5388751853998263e-06,2.4827348579521924e-05,9.426532083528516e-07,2.401446177261299e-06,0.994449115223064,6.3443597128534545e-06,0.005098059745728689,0.00037920518740352827,-26.935245901639345,-1
589665881,0.005677312775894115,1.1982828611136553e-06,5.565053790061249e-07,6.953008525696443e-07,2.2431472248388315e-06,0.929008506196548,3.47628989683036e-06,0.06523369569236602,7.231580897753194e-05,-29.063043478260866,-1
589665931,4.9087001867469015e-05,3.0111168087275884e-06,1.4925025990963745e-06,9.358889778431911e-07,7.28904117887187e-05,0.9850218330738609,1.3572950594380041e-05,0.014474266503663657,0.0003629105498391506,-27.72227722772277,-1
589666035,5.5829359903736456e-06,7.0076858509508216e-06,3.5291221326465488e-06,8.17823081535534e-07,7.532100152843066e-07,0.9992184821225514,3.27576550640918e-06,0.0005069986079006801,0.00025355272697065803,-26.409160305343512,-1
589666037,0.0006726085299422816,2.2993404841206303e-05,2.339369325744712e-05,7.028518546235786e-07,3.1553670250756536e-06,0.8796714127803111,0.0010385847967459513,0.11813720026826731,0.00042994830775485717,-29.82252252252252,-1
589666050,0.00014205326331660108,9.831007409742441e-06,1.2971330600599078e-05,3.6028938225924316e-07,3.13040800903418e-05,0.9980227859475462,3.2088280552401287e-06,0.0015687783557334315,0.0002087068978655,-27.369999999999997,-1
589667016,0.002703093672785299,0.0003825441312900058,5.366365395878223e-06,8.530621021202097e-07,5.6198773704683584e-06,0.5980062911452223,0.0008703687923382744,0.3975371132740118,0.0004887496794838259,-31.441666666666674,-1
589667061,0.004214034134911162,5.141568959052383e-06,1.94226043877918e-07,1.0196584248801766e-06,5.377604966793414e-07,0.993224010086126,3.935026731410037e-06,0.002522291852006368,2.8835686300381818e-05,-30.015189873417718,-1
589667121,0.0012648263729285398,0.00035971668464532605,1.0453841874061284e-05,1.1885100845895069e-06,0.0001597864798110412,0.791738099397679,0.0008388316476802065,0.20464631835259972,0.0009807787126974864,-29.58076923076923,-1
589667280,8.308343579213864e-05,2.932400397502229e-06,2.3122569273535245e-06,1.5336661448797011e-06,2.191729995090913e-06,0.9908379190657788,4.018783088203841e-05,0.006321986344307411,0.002707853269774684,-31.646491228070175,-1
589668178,0.018292058695937325,5.5265568935449395e-06,1.7150480107375585e-05,4.363567391269791e-07,1.1546264254283778e-06,0.9802811663567802,0.0002134642655870616,0.0006146008237016461,0.0005744418378284555,-29.732575757575756,-1
589669967,0.001494489301921917,2.0356308444308477e-06,3.512804787230872e-07,3.0966178890954753e-07,1.307675215726735e-06,0.9938947916660489,3.4353822908422956e-06,0.003629593275417272,0.0009736861259934095,-29.054032258064513,-1
589670413,5.283869535457548e-05,2.1530749783953105e-06,2.3583322747104403e-05,9.864010694113213e-07,3.2095001250703e-06,0.9938986184860958,9.772116116726447e-06,0.0043622345811388605,0.00164660382237392,-27.283333333333328,-1
589670559,0.00553010538145698,3.015452113736778e-05,0.00015095548936686223,1.2911769368963574e-06,1.1121757079915353e-06,0.9678044419343707,3.27310723188824e-05,0.024101840194864745,0.002347368053839871,-29.076470588235296,-1
589671370,0.001230535059824161,5.164024048763085e-06,2.2915407656965818e-05,7.417628423005015e-07,3.4972426577755842e-06,0.996856397005321,1.418601278121663e-05,0.0017053931953218426,0.00016117028954607378,-27.487188612099644,-1
589672410,0.004123721617347461,1.1072700981206216e-06,1.1407817224339186e-06,1.3068881762803648e-06,2.29538052219504e-06,0.8676982960618972,7.36157348866529e-05,0.1277057555600121,0.00039276070533742077,-30.04285714285714,-1
589672725,2.189157574282661e-05,6.95044890668588e-07,6.11587539668681e-06,3.2042788156862387e-07,4.882257238412508e-06,0.9983405966746233,6.921431155498069e-06,0.0014668372885193585,0.00015173942455153118,-27.01014492753623,-1
589673081,1.2440745223560314e-06,0.9913236733340753,2.8440659109134685e-06,9.077637468812732e-06,0.004266247595428006,0.00024061944306603142,4.838787295528466e-05,0.003885694874354202,0.00022221110221901018,-14.815384615384614,-1
589673223,2.9901422208371828e-05,0.9861778630101444,4.702373895591216e-05,1.3041777923193256e-06,0.0015045606523440788,0.002910659456509518,7.225594340292535e-06,0.0003779540882238023,0.00894350785948136,-6.973076923076921,-1
589673447,7.271053433478187e-08,0.9987549314815297,2.230751806317743e-06,2.105127266362349e-06,0.00044319612595536867,4.066368476537944e-05,0.00012802511559475887,0.0005427189439718009,8.605605857600745e-05,-11.929787234042552,-1
589673567,9.077571198727595e-06,0.7327400443583787,2.0315462685967293e-05,1.0869842309528503e-05,7.275139158412593e-05,0.030444677465316698,3.2374130103446095e-05,0.23595653426761207,0.0007133555108107437,-6.275,-1
589673733,1.8903021389117392e-07,0.9928204479441398,2.3619798546791264e-06,2.8568116034254977e-05,3.5967608474275946e-05,0.0003755436139099241,0.0025684390361912237,0.004167062483684981,1.420187497027103e-06,-8.575000000000001,-1
589674007,0.08809484447405631,0.0006527449875229055,0.00010551515970772447,0.0014586985048888543,0.001146571975296948,0.5213257901068925,0.0002632246615982152,0.38453580355417644,0.0024168065758600568,-22.233333333333334,-1
589675810,0.0004897395749641064,4.1945657178732246e-06,6.646879765394529e-06,4.0140116232146675e-07,6.830550590724719e-07,0.9920183952960855,1.9385026334317156e-06,0.007383106386624133,9.489433798828736e-05,-26.09259259259259,-1
589676011,0.001700603398933331,0.0004638963783715099,0.0005342688290909341,0.04736253669139601,0.20525939008964156,0.6670341627462377,0.0011695959305978152,0.036064191638733666,0.0404113542969974,-23.05480769230769,-1
589676630,0.0014375636492722915,1.5698093052153179e-06,1.9562544403763835e-06,4.919839054188358e-06,2.545223579610654e-06,0.3580403324151614,0.0001054488639868159,0.6371339952830215,0.0032716686621786254,-30.021428571428572,-1
589676857,0.0029584105676423627,4.569777737580329e-06,0.000833777081312387,0.00020950502812869037,1.3128145847415691e-05,0.2638694848140071,0.036615282891841176,0.6932520697995339,0.0022437718939493424,-33.5421052631579,-1
589676979,0.0072679164126669095,2.724733390892609e-06,2.5396055854458405e-06,2.3976465649939593e-06,7.502690045098524e-06,0.9086612641286138,3.046796650333804e-05,0.08312748515122663,0.0008977016654028848,-28.391666666666666,-1
589679195,0.0010614100725327656,0.9771508341574104,0.00011618865889733939,2.7406161751881586e-06,0.01141629592443945,0.007697412179475,2.0126854007849176e-05,0.002474726217982135,6.026531907971e-05,-6.94,-1
589679886,0.000345903941829225,6.206211834547505e-07,8.989769975870613e-07,2.3931834279194224e-06,8.70836526268142e-07,0.8485384783137837,1.4399881273301701e-05,0.14785249895318917,0.0032439352917893833,-31.08653846153846,-1
589679904,0.002721910231344301,1.2413026001990933e-05,5.144633848994497e-06,5.582459766919451e-06,4.119175070939573e-06,0.5633081471812406,2.2468004110950535e-05,0.43380203449442767,0.0001181807941876407,-34.346666666666664,-1
589680591,0.00022670922940012367,1.7092677863263532e-06,8.39404509926424e-07,1.3917230838939612e-05,2.3752480288982427e-06,0.014328666337451213,5.134557250070737e-05,0.9850643097996749,0.00031012790980899214,-32.285000000000004,-1
589681462,0.02452048402743091,1.2425460714686188e-06,2.780365541333101e-06,1.442162270663866e-06,2.08922896726627e-06,0.8301330794738059,1.6755363183787838e-05,0.14385741410456365,0.0014647127281650911,-30.134000000000004,-1
589682555,5.9190553462564076e-05,0.03187191002774632,3.122370504251707e-05,0.0005337865162839803,0.0007556020936938883,0.7647524253228885,0.0020370443735071866,0.18599382858548275,0.013964988821892316,-26.41666666666667,-1
589682867,0.0017447400661427677,7.75808654479921e-06,3.833158669445911e-06,7.50506264648262e-07,1.4141591169043675e-05,0.9925850775816357,2.833499046920895e-05,0.004779264190341548,0.0008360998287628089,-25.61374045801527,-1
589684413,5.0951165085782495e-05,6.774372147499431e-07,1.1300562558386378e-06,3.222532267821496e-07,4.7136781481961457e-07,0.9928769299331659,6.856175167231006e-06,0.006897024392022791,0.00016563722004610607,-27.721951219512196,-1
589684827,0.010855715349091433,1.7375735085230752e-06,1.700669137194803e-06,2.075464284502731e-07,1.1050547061282396e-06,0.9882359181866935,4.646456090532821e-06,0.0006462256303897908,0.00025274353395454046,-28.368644067796605,-1
589684864,0.00010147356182248766,5.204786469428781e-07,1.8475486620966007e-06,1.7065239005591129e-06,5.241573645039466e-07,0.9960703747140599,1.31805936738068e-05,0.0034186633680371712,0.0003917090538325549,-26.864285714285717,-1
589685081,4.211873254125956e-05,0.9711543930839301,5.279929734843011e-05,1.1530863182371685e-06,0.024469103400371207,0.003987724645367031,3.7958950020753332e-06,0.00021069764190202674,7.82142172194872e-05,-6.915789473684211,-1
589685100,5.384511369760348e-06,0.9795375223710738,2.1226522113068274e-05,0.0013421033099756663,0.0022283974779737556,0.0035504116263342664,0.0016117158742943167,0.00971397608628806,0.0019892622205771103,-15.430769230769231,-1
589685160,0.00013618940134195592,0.9731174689149767,0.00024076050852585447,4.953914516232491e-06,7.36692424065481e-05,0.0009815026397501576,4.6559877080068044e-05,0.025389875807721597,9.019693680725586e-06,-16.8,-1
589688360,0.0013308359833943879,1.2409176057389791e-06,1.943437233273175e-05,2.0155224070996478e-05,6.052289837428154e-06,0.8637040639444058,0.0736807285384527,0.03418860890066493,0.027048879829235428,-27.06666666666667,-1
589688604,0.0298063230625027,1.262062701165869e-06,1.3562970515031467e-06,1.5470578753877488e-06,8.58401226385723e-07,0.01750661177855006,6.914737145754324e-05,0.9525818295655919,3.106440304333451e-05,-32.78333333333333,-1
589688616,0.00011788367743061357,6.221726520447752e-07,2.733879669123875e-07,5.619115718405875e-07,3.5557615730438737e-07,0.009112649241646138,0.00036912042502468875,0.9903689335707865,2.9600036763959035e-05,-32.982352941176465,-1
589688722,0.49002730141390705,4.14933166274875e-06,1.2953657423985008e-06,2.251221342041318e-06,1.121941202827411e-06,0.11768850772387258,2.4400156266322893e-05,0.2972432155951942,0.09500775725080987,-31.147058823529413,-1
589688801,0.009953508533391883,5.751541209894673e-06,2.43742709545625e-06,4.246308274660339e-05,7.082067119092183e-06,0.15941956159628382,4.999994887880568e-05,0.8213707799824282,0.009148415820846198,-31.16923076923077,-1
589689732,0.0005220540219892919,3.43585718664255e-05,1.2269216286631274e-06,4.4497382238947246e-07,1.1980857791485656e-05,0.9899790076312549,2.1439054037582865e-06,0.004433170665761953,0.005015612450481228,-26.454085603112844,-1
589689931,4.209784539178338e-05,8.557627489613194e-07,8.255277566760518e-08,2.57001988200609e-07,3.3006683254987773e-07,0.9998179540237053,4.2577926290205966e-07,0.00010958662788465961,2.841033940995901e-05,-28.946987951807227,-1
589690006,6.691965084226424e-05,3.509687207283265e-06,2.3480517092531316e-06,1.9514011268067697e-07,4.5579405498983007e-07,0.9985910371859925,2.445787449400645e-06,0.0012737254069936927,5.9363295638009184e-05,-28.894680851063825,-1
589690188,8.412218508264254e-06,4.898250421215841e-07,5.569074815330261e-06,8.010636528681873e-06,9.494661333660446e-06,0.9964924169709798,1.0487689450460415e-06,0.003314139410027274,0.00016041843381985017,-26.424836601307188,-1
589690306,0.0006526443791805591,1.1292400430453332e-06,1.258128607764763e-05,4.375110018729914e-07,6.886549102646151e-06,0.9801165326923128,7.986572953703992e-05,0.015617874512603856,0.0035120481001404934,-27.73333333333334,-1
589690787,0.000156862224268163,8.585723177850284e-07,3.4841785028589864e-05,5.868462126104568e-07,5.331746331011362e-06,0.9977067063194797,5.3402272118888245e-06,0.0006929644933559114,0.0013965077857943462,-27.97692307692308,-1
589693943,0.048039432289546824,1.4681118255763932e-06,8.07693508981778e-06,2.6028304642800743e-06,4.616720006330549e-06,0.8032871693812197,0.0002376087941448251,0.1482551736318423,0.00016385130586035642,-32.407000000000004,-1
589694191,0.0008112935031264204,7.135506209949131e-07,1.136338488622855e-05,8.670594120813499e-07,3.019580377065409e-06,0.05099175539324623,4.234055906018394e-05,0.948089089486575,4.955748269585378e-05,-34.220000000000006,-1
589694200,0.007772123060443903,2.2596010711031065e-06,2.1060884828568533e-05,3.4541507837077907e-06,9.636731496264171e-06,0.7533674615681192,0.0011438237508784662,0.23670793711377863,0.0009722431386001024,-31.615384615384617,-1
589694392,0.0012959155550345794,0.21361800436032774,2.2255207228292038e-05,5.554567767524464e-05,0.000499054269500921,0.40856486852567964,0.009615278852442408,0.3655188731677561,0.0008102043843550729,-12.788793103448274,-1
589696112,0.00619561454845379,2.8585340943628288e-05,1.486704282811717e-05,4.389256052394981e-06,3.169403055300481e-05,0.9075013337637337,0.007742009054948954,0.0555464330352697,0.022935073927216713,-33.0719512195122,-1
589696361,0.0005793504258459725,8.067507377458893e-07,7.633533695204661e-07,4.377384346509618e-07,1.786629216878991e-06,0.9979118728413547,3.837977500793563e-06,0.0009073134854041792,0.0005938307981356043,-27.24512195121951,-1
589696723,0.0007784681239250407,0.0052251615325233595,0.2269417203164164,0.009028890580841912,0.026465307169474102,0.2100465159724776,0.0003947387894461849,0.3946012606529421,0.12651793686195328,-22.354166666666668,-1
589697175,0.02256883627328731,5.559894739762736e-06,0.0018340693396915128,2.9859648109532713e-05,1.9994780796972323e-05,0.6656693533660708,0.01691233327861163,0.2928536383997295,0.00010635501896288238,-32.738461538461536,-1
589697302,0.005733759705668995,3.430383464212937e-06,5.616136720883811e-05,0.17822770410660022,1.6711775747389628e-05,0.7475751544763305,0.0008215749776809319,0.02726246672266653,0.04030303648463236,-26.145652173913046,-1
589697529,0.002573117342024559,1.3404381360321535e-06,1.0821394445840101e-05,4.129970981248624e-06,2.5489486847041036e-06,0.9664934538999465,0.009974506898685283,0.020392179508228376,0.0005479015988676336,-31.23611111111111,-1
589697812,0.0027289729892357203,0.00015272649128432648,0.0004797398865985231,8.504303286820617e-05,4.3068828523829405e-06,0.11910629530033494,0.00035986853645860134,0.6653585998866572,0.21172444699371012,-25.803225806451614,-1
589697922,0.0003946318097117536,5.257682557481173e-06,2.4624946962450152e-05,2.7094871865545663e-07,2.8969544029763287e-06,0.9959867790993664,1.3595359845343679e-05,0.0030604010943605232,0.0005115421040744747,-28.678089887640454,-1
589700941,0.0020458707880769865,5.711723632765485e-07,3.473285756574986e-06,8.072063322958412e-07,9.663756680600938e-07,0.9870565620748535,0.0002727428461896039,0.002881461200878424,0.007737545049881357,-27.184761904761906,-1
589701301,0.0011815349338364812,1.2842136762652666e-06,1.8320749727384813e-06,5.408024151121433e-05,1.042023749055627e-05,0.9883776760877504,5.270437107600593e-06,0.009999230098013226,0.00036867167564155675,-28.520731707317072,-1
589701406,5.2212941520286534e-05,2.2149169510274873e-05,1.9043254951856478e-06,0.0015291725340667727,9.78746626877636e-06,0.951347473423926,0.033681244399813084,0.005697877383451717,0.007658178355947798,-28.642857142857142,-1
589701442,5.058977400157009e-05,3.3094553015956377e-07,1.9350283230881685e-06,3.516971859703246e-07,3.4957928007154667e-07,0.9964237317955653,3.925784658549688e-06,0.0034858836704051628,3.290172505005854e-05,-28.716666666666672,-1
589704957,0.00042411863951713117,5.954094783495752e-06,8.824926002743548e-05,0.29447795314561614,8.719001609359312e-06,0.30705108139835574,0.00019751833834553883,0.38362795763081425,0.014118448490930935,-26.88888888888889,-1
589705018,0.001178410723563457,1.797151086066807e-06,0.0008469786163806701,3.3116529104672035e-05,4.2509874717699195e-06,0.7407645716652874,6.21552023036277e-05,0.1873830417004549,0.06972567742434728,-27.809375,-1
589705042,0.28163995668903963,2.6260949795133768e-06,1.5858464862544217e-05,1.764207766685586e-06,3.857302302285726e-06,0.08818871992969504,0.00012135432559874179,0.6299426771159254,8.318586983006565e-05,-34.54482758620689,-1
589705510,0.023548917261896334,1.017446058706061e-06,2.880473520830537e-06,1.9226484578074413e-06,3.042041988003697e-06,0.9448063390371125,2.3388027468308722e-05,0.028816133666710507,0.0027963593967870047,-29.953999999999997,-1
589705898,0.019923007451264272,1.4311622365525969e-06,1.2509423107762276e-05,1.1923353313030275e-06,1.8570046609232146e-06,0.424251177175874,0.0002873353096793949,0.5553832788842151,0.00013821125363066482,-31.99655172413793,-1
589706024,3.816729068556043e-05,1.5355763865863463e-06,7.127498379150642e-06,3.986184838251326e-07,4.4255659867159803e-07,0.9727524705884809,8.283843252769595e-06,0.0271582763172256,3.329771050682775e-05,-29.496153846153845,-1
589706264,7.562540570119228e-05,3.5721091052835864e-07,5.405281086896136e-07,2.305946095728649e-07,1.071277873688999e-06,0.9983744676088764,1.2469465644698231e-06,0.0013016828213289948,0.0002447776060264514,-27.974999999999998,-1
589706502,0.0005991795358486504,2.4578855404925854e-07,2.451077128296721e-05,1.2259017307803204e-07,1.9156655461402555e-07,0.9982756983124608,1.2795312266548183e-06,0.0010602061725028178,3.85657313966282e-05,-28.765957446808507,-1
589706644,0.0019113315788551767,5.505419026081305e-07,6.670931443649935e-07,6.022651214205133e-07,8.49753540010324e-07,0.9819261035383858,0.00012405764702413138,0.015489782301782684,0.0005460552802436991,-30.59700854700855,-1
589706707,0.000492823204405845,3.6313115196002933e-05,5.69295144091167e-06,7.433579925800352e-07,1.1784419398920002e-06,0.9940327324156799,4.158452754502888e-05,0.0051701287166729835,0.00021880326912702142,-31.116666666666667,-1
589707916,2.3839852095986997e-05,0.3191689381818973,3.477836391113584e-05,8.01608074826199e-05,9.873223737604352e-05,0.21350631179700663,0.0005762927386402837,0.4661181301015721,0.0003928159200178818,-7.855555555555556,-1
589708408,4.533453382443043e-05,4.9498456736509385e-06,8.582789714649623e-06,1.9112533594576494e-07,1.0022305942031485e-06,0.9994045912999827,2.3019315209590025e-05,0.0004387848506346736,7.354400903012855e-05,-25.589873417721517,-1
589708651,0.14918122023613178,2.4374190153952277e-05,0.00017311411300144803,1.3972899854459494e-06,5.382921560188297e-06,0.8483118223192166,2.0336941409185195e-05,0.0021426419790978044,0.000139710009443588,-29.503773584905662,-1
589708749,0.00039528498491719157,4.705808196813521e-06,3.403115504048448e-05,1.0535808786146599e-06,4.235185821775223e-06,0.820711078412639,2.4306626974174127e-05,0.17830859296301335,0.0005167112825186094,-28.53333333333333,-1
589709256,1.7684092085708858e-06,6.422074539085953e-07,8.30870872146618e-06,0.9725949776329058,2.637327039462809e-06,0.003632275191293807,6.943091669003696e-06,0.02343295246877335,0.0003194949629347107,-26.373846153846152,-1
589709407,0.0015863824751101193,0.0002578021615271926,5.934593545460986e-05,0.0025432554341130184,5.270614594246572e-05,0.6957129380761593,0.0005298815246302709,0.13063792652306422,0.16861976172399878,-25.713953488372095,-1
589709560,0.018080297598135082,1.870110435456267e-06,6.251832568704063e-06,1.3939557203630415e-06,3.0125093140658793e-06,0.2725210734578967,2.1291816470323906e-05,0.7093266714356636,3.8137283795573756e-05,-32.838461538461544,-1
589709628,0.04660318587297508,1.7275130674480631e-06,5.393714359026645e-05,1.7863984208913223e-05,3.969151815442015e-06,0.5191427458544411,3.3462358450392875e-05,0.36784336737811146,0.06629974074333991,-27.157142857142855,-1
589711120,0.05124102425729299,5.021591113443158e-05,7.5107268444107e-05,2.5944498457898513e-05,6.520094620429948e-06,0.30273094655583516,0.0006733658533922469,0.6445791957361017,0.0006176798247210496,-25.099999999999998,-1
589711142,0.0005718207081422833,6.224346874259215e-06,8.394114432521855e-06,1.3433413039556762e-05,6.475035887036439e-06,0.6255943792296021,1.0779118413596355e-05,0.369811652865895,0.003976841167713475,-27.805882352941175,-1
589711313,0.5741570205667423,1.5649821254016237e-05,7.723983758348924e-05,2.835931058919133e-05,5.1983216063231605e-06,0.09973440486232876,0.0014203079969381798,0.25699404867877884,0.06756777060417886,-30.03939393939394,-1
589711439,0.055099098618138956,1.8571356303402407e-05,8.165515664619929e-06,5.32674568351444e-06,2.8801837002429465e-06,0.686486106472983,5.483774005270443e-05,0.25742001219320026,0.0009050011742733619,-30.415384615384617,-1
589711493,0.00018983527767891688,7.125334823775932e-07,1.5633316766137282e-06,7.583465099978841e-07,8.941833838681009e-07,0.9519880766842487,0.0005117324715442343,0.04694590596879207,0.00036052120268319237,-31.029411764705884,-1
589711515,0.002901443537725511,1.1168810484288178e-06,2.708517977471126e-06,6.594188168008455e-07,2.3158930687340425e-06,0.16250080187336044,2.141134614037253e-05,0.8345310344303938,3.8508101468511204e-05,-33.48409090909092,-1
589711963,8.188100521656263e-05,1.2820095413239697e-06,3.381357739302641e-05,2.512329963272825e-07,9.894620605241415e-07,0.9951339665117509,5.05257124615431e-06,0.004663137935048883,7.962569474624919e-05,-27.54,-1
589712145,0.003742807170282312,5.160679187958599e-06,0.00010471146771845792,1.228145781474698e-06,2.203612741863491e-06,0.3048812014210841,7.812701049450481e-05,0.6911364326017624,4.812789094695888e-05,-32.444,-1
589712387,0.005961339108617673,8.372754398156319e-06,4.092194042300346e-07,1.1267306402290834e-06,1.0891183248546087e-06,0.6291432025103161,6.501188873866504e-05,0.36417241406515904,0.0006470346044011533,-29.464705882352945,-1
589712456,0.0037151542093538823,4.773346828292209e-06,2.489234123652423e-06,3.0793379612683433e-06,4.230428822097468e-06,0.8885493424399893,8.477490575367581e-06,0.10757329843401445,0.00013915507833171938,-29.017241379310345,-1
589712514,0.018502118750441963,2.060835875255237e-06,4.948819834482948e-05,2.0129239603795134e-05,1.8930097232214146e-05,0.2081644030151381,0.0005736999578828132,0.7720172193988024,0.0006519505066787479,-28.29285714285714,-1
589714985,0.0017249778899134766,9.270085168250088e-07,0.00011274600491769315,8.900240555128999e-07,1.4906669908180638e-05,0.9400104173247783,7.438309313579378e-05,0.057772624763048286,0.0002881272217258571,-28.271028037383175,-1
589715234,0.00029496356239128174,1.1575270061815374e-06,2.2265683937240434e-05,1.4658807863167737e-07,3.054413963301855e-07,0.999232591648721,1.3515882079622705e-06,0.00040919587424525876,3.802208601611536e-05,-28.909999999999997,-1
589715303,1.1178210236998509e-05,3.1691450912833152e-06,1.0365252037177863e-06,6.23217417025627e-07,4.13964884516155e-06,0.9968355419423702,4.18126982048187e-05,0.002711050733845753,0.0003914478787851915,-25.77184466019418,-1
589715632,2.273729035762838e-05,4.844374376485685e-07,6.670788453624332e-06,5.186363492737354e-07,4.279152583559479e-07,0.9979769636441835,5.2338604673763256e-05,0.00148008658483008,0.0004597720984561276,-27.580882352941178,-1
589717387,0.0020360199188258253,1.9893809651649133e-06,3.764150373897663e-05,1.4611476613614113e-05,1.8335013473955475e-06,0.01904305573110035,0.0014412447449020007,0.971989663111519,0.0054339406309876085,-33.90833333333333,-1
589717441,0.0009229462137098033,4.885471251634405e-06,6.021882214611278e-06,1.9187424515516562e-05,2.055745335061924e-06,0.04773713146977215,0.0003504675938543542,0.949807685367548,0.001149618831798861,-32.66071428571428,-1
589717612,0.004080898028321943,1.8775161643611198e-06,0.0025135337346492695,0.0009128903080649128,1.0797219581608532e-05,0.09176533876219245,0.0005432486375564131,0.12353993435653803,0.776631481436931,-27.26296296296296,-1
589717921,0.00024959291348902317,4.785023889808661e-06,3.484154069735767e-06,6.922341294646295e-06,2.5918033573416873e-06,0.807699037462549,0.1781616485479392,0.006251037517074942,0.0076209002363363,-28.778846153846157,-1
589719256,4.169978079895291e-05,0.0004157707744630714,2.8032636226955978e-05,2.1090605160436317e-07,4.89043046534147e-06,0.9992424511694786,5.486842990585524e-06,0.0002411177233500609,2.0339736174780667e-05,-23.705714285714283,-1
589719299,5.515007651522214e-05,1.429558484153929e-05,3.623952703885719e-05,2.385812589238732e-07,2.7083340265719488e-06,0.9965773965881588,6.299705816284712e-05,0.0031679272100883656,8.304703990876647e-05,-25.65357142857143,-1
589719695,0.0030262975867664577,0.407216990602857,0.0020340703426952366,7.198321944630757e-05,0.17237103535617063,0.3434287259902137,0.00032935216752377874,0.06661067193531046,0.004910872799016398,-11.86,-1
589719855,1.3728740817633839e-05,0.6126092963869858,2.93457745886074e-06,1.5732119748544693e-05,0.171637747728692,0.002025606840582458,2.7925727846729906e-05,0.21328226239936413,0.0003847654785039774,-9.13846153846154,-1
589719875,1.4111669266728002e-06,0.9083188456574792,2.0450351727069266e-05,2.1069159991915574e-05,0.07193777941314636,0.0012877867524458777,0.00012259683024738895,0.012189427088770733,0.006100633579264977,-11.8,-1
589720121,0.0036261071269583387,2.610252256772819e-05,3.1748424596007654e-05,8.794741609237398e-07,2.1522361539790457e-05,0.8923068455344018,0.0007200077221845728,0.10300956946832658,0.0002572173652642411,-29.71,-1
589720220,0.00023270472245492658,1.0044876904647732e-06,0.0008424078131224749,4.2760587652519026e-07,3.3526298920074047e-06,0.9918168798559831,5.1861659531452e-06,0.006191537851073754,0.0009064988679535292,-28.091176470588238,-1
589720232,3.363705491515302e-05,0.7256107749081646,3.409370050145266e-06,4.879045411475296e-06,0.22112202521999524,0.006331905101055334,0.00020354675536357326,0.0011513229629836416,0.04553849958206062,-10.603124999999999,-1
589720263,3.0010474976284353e-05,5.8831507179514105e-05,2.873685895313205e-06,4.7552257455450136e-07,8.005359543810931e-07,0.9993436638468254,1.3558460177466769e-06,0.0004244071699524163,0.00013758141062452362,-26.131428571428575,-1
589720415,8.546076885265034e-05,0.8825881693805879,0.0016635326150336409,0.009693563733023606,0.02527716968966015,0.01465550779996618,0.0018614171959924729,0.017697864878168292,0.046477313938715036,-16.919999999999998,-1
589720507,1.2154706478662066e-05,0.7541758314520915,1.4211241282661838e-06,4.000463250191964e-06,0.22178045808030017,0.0030820760968019285,0.00015654110921669299,0.0011014357871333867,0.019686081180599103,-15.08333333333333,-1
589720532,2.741321193045646e-07,0.9947419215146394,0.0007414589971028354,6.999160721599944e-08,0.0024257508613439,0.001544938871774029,4.726821014210254e-06,9.894942587785268e-05,0.0004419093845213611,-14.225000000000001,-1
589720592,2.2591313304871922e-05,4.668069349326353e-05,1.0022193999901697e-05,0.02402037237197771,0.00013396982952718593,0.5714186377218419,0.000915537646141867,0.018775881906909715,0.3846563063228037,-27.47857142857143,-1
589720619,3.3922227339660285e-06,0.9855204901649888,4.391122601679051e-07,2.2879817714619232e-07,0.004635757511183722,0.0004904285775670067,3.4721781939475455e-07,0.009289765999450915,5.915039581888621e-05,-5.2727272727272725,-1
589721255,0.00022616843319043213,6.238011234517947e-06,2.863950777651556e-06,5.81340599902627e-07,1.1392454610446614e-06,0.9895760739457404,1.5455189418634146e-05,0.007755311161446244,0.002416168722130985,-27.326582278481002,-1
589722187,0.002472079453491528,8.76326662153024e-06,8.180898443499925e-06,1.8484829163212932e-06,4.233081843605723e-05,0.9897400005896758,6.475041741536609e-06,0.003287938421346153,0.004432383027327568,-28.094886363636366,-1
589722624,0.014686099722247103,3.2403057210706362e-06,6.470183774093129e-06,0.0010006147322973267,2.022547393171559e-05,0.8481342059443099,0.07942734816475436,0.025093019017698892,0.03162877645526562,-28.796774193548384,-1
589722707,0.00204982314400604,2.000044125149692e-06,5.443136075295448e-06,0.0035632263855322165,5.275902809907956e-06,0.43364722126293725,0.007923728556277567,0.552491577982093,0.00031170358614350535,-33.24090909090909,-1
589724520,0.008891793781173944,5.845583448167496e-06,1.6387958226529154e-06,1.7758730176206954e-06,3.6402065002250213e-06,0.9458462642255263,7.272549727496721e-05,0.017632770750597,0.02754354528663917,-29.739444444444448,-1
589725904,0.00044112282623329625,2.786483302591898e-06,6.834568394671739e-06,1.4300404277691003e-06,4.557646484179097e-06,0.9938483658491626,4.480231530745974e-06,0.005249501381823227,0.00044092097264093527,-27.07999999999999,-1
589726148,9.222537871440872e-05,1.2428740185267459e-05,3.863975682873435e-07,2.416768300320964e-06,5.588853287384039e-06,0.997442620778165,9.054507868726676e-06,0.002179682532646614,0.0002555960432640416,-26.666889632107022,-1
589726215,0.00010046974428062597,9.364142105596276e-07,1.5038568852585937e-05,1.2429145252456855e-07,2.4229800454869657e-07,0.9995674771662821,1.0561025376064698e-06,0.0002985592989924555,1.6096115386936926e-05,-28.890000000000004,-1
589726486,0.004535039553936108,0.5232791350309937,6.375100844884284e-05,4.5738458022173724e-05,0.2740771078532267,0.19189820297817736,9.253950253191223e-05,0.005172171684878659,0.0008363139297847438,-7.9125,-1
589726620,7.395904988811262e-05,0.8627344797445753,1.1006238695586611e-05,4.17757893496696e-06,0.11969506238219471,0.012598189148348588,8.429587421763247e-06,0.004323147478301384,0.0005515487916396849,-1.9142857142857144,-1
589726946,0.0006587554440841914,4.909710596399417e-05,7.72651062520684e-06,9.876222062921177e-07,1.7709188524591686e-05,0.9958799185710703,5.774106245808785e-06,0.0011426256841696727,0.002237405767110017,-26.021052631578947,-1
589728262,0.0008529711540569886,4.483565063547555e-06,1.917308082812529e-06,4.7146202085850737e-07,2.046188146058442e-06,0.9877092868856501,3.560904035574624e-05,0.010841916918926216,0.0005512974776975568,-28.614569536423836,-1
589728314,0.06320994929649223,5.11106407120133e-06,2.020068127713537e-05,5.268952240223157e-06,8.677171483330813e-06,0.7887309657133557,0.004207566346838665,0.14094958804592916,0.002862672728312593,-25.649074074074072,-1
589728978,0.0005942918483666279,1.0397452771708154e-06,1.28324160912528e-05,3.0313194026361857e-06,1.7225219668968839e-06,0.9284859952601673,9.672405662410755e-05,0.07068995973884168,0.00011440309326232411,-26.65306122448979,-1
589729079,4.053702285765471e-05,1.1692477699226971e-05,1.818123406589104e-06,3.230197873012087e-07,1.2495912080236235e-06,0.9961494690730912,8.1573788170734e-06,0.0036760731492604475,0.0001106801638724747,-26.57358490566038,-1
589729207,1.5945872436257888e-05,1.9308758451897425e-06,2.2833316734436147e-06,6.317066703076466e-07,1.0069069712992174e-06,0.9453755693296282,1.3405992541310713e-05,0.05430167594567603,0.0002875500385580148,-29.263076923076927,-1
589729216,0.0039345006150261295,9.635836618143433e-07,2.900613251755765e-06,3.371779302902547e-07,1.3296212623073393e-06,0.9935255281739461,2.977681241453898e-06,0.0020984808466316365,0.0004329816870484401,-27.416803278688523,-1
589729255,7.830560964772383e-05,1.7247558917605136e-05,9.621823023744878e-06,6.424136462786504e-07,9.834665378635427e-07,0.1583706975482074,0.001085099565779258,0.8399165030868474,0.0005208989273927205,-32.09310344827587,-1
589729267,7.320878875841944e-05,1.6118957393878437e-07,2.4323860754434845e-07,1.202266491951553e-07,1.215187290776668e-07,0.9995402209567921,6.252038327322767e-07,0.00036780685805236,1.7492019004631305e-05,-28.852592592592593,-1
589729478,0.40160352564746765,9.65198159498912e-05,8.458024793134953e-06,3.6371603940094095e-06,9.886438617510803e-06,0.5025613391086928,1.5848919536171932e-05,0.09448608307817395,0.0012147018063747694,-25.605263157894736,-1
589729588,0.00017340769052548693,0.027616714432453032,3.4393686188038566e-06,2.1372727814201018e-06,0.46962266646605666,0.4914699585390867,3.595469400880819e-05,0.0012754093438971112,0.009800312192571915,-21.77741935483871,-1
589729893,0.07777531503532129,5.8323923866565034e-05,0.001983219051078162,3.2076591064077798e-06,3.633283041411111e-06,0.8872800638716667,9.376351545953856e-06,0.03254973435433396,0.0003371264700394974,-26.685714285714287,-1
589730251,0.2817512829394331,0.002602500496061132,0.00041831763483410653,2.2642166231380973e-05,1.807046867904466e-05,0.29400791252573205,0.0012285465915306292,0.4084014917920188,0.011549235385479889,-25.121428571428574,-1
589730431,0.005559560686578553,3.849721483280135e-05,1.3399477788538627e-05,4.946818280059878e-06,3.3491883295631985e-06,0.8862493316264018,1.3405144641406922e-05,0.1077193667553709,0.00039814308777634847,-26.744444444444444,-1
589730593,0.0009378032570175908,4.578506049594044e-07,6.16113231855682e-06,4.017125684859894e-07,1.1623008958764485e-06,0.9951613533507727,8.18734210332076e-06,0.0036113346893524626,0.0002731383643661052,-27.866153846153843,-1
589731302,0.009143514198142598,3.8143654460581828e-06,9.656139392595406e-05,6.197587938706014e-06,5.972095372204904e-06,0.376674618327665,0.0029975921722041167,0.6051980761827442,0.005873653676561014,-33.63432835820895,-1
589732668,0.007038047931383115,2.2196595656172912e-06,5.229963800999146e-07,9.178260431888549e-07,1.7223195858660766e-06,0.9858818766965001,1.6818417139794316e-06,0.006843068249958642,0.00022994247886922917,-29.556410256410253,-1
589733071,0.014414438077843266,7.181802015936968e-07,9.259263438525831e-06,1.2367017317077998e-06,8.898489759651498e-06,0.9715511515171908,8.819981068347736e-06,0.013808015204638629,0.00019746258412742305,-31.068181818181824,-1
589733106,3.9860919228026665e-05,5.056370519604058e-06,1.0421328405843993e-05,3.59225302178181e-07,2.2005192778881194e-06,0.9909009444580192,3.041263599844075e-06,0.007682473186949801,0.0013556427286976441,-27.75,-1
589733262,0.009911874352806264,2.7819881988727073e-06,1.8216345697096325e-05,5.929695257126473e-06,8.372220676855821e-06,0.1516866254712364,0.0012637600803432944,0.8356347227885141,0.0014677170572699528,-33.872549019607845,-1
589733357,0.0005526757701623041,3.318123107074515e-05,0.00013494868690688247,8.048170755830339e-07,3.932143790771865e-06,0.8589393004128354,0.05323272944632544,0.08655463549940982,0.0005477919924230283,-30.566666666666666,-1
589733365,0.0007112581491962931,2.9875309810787797e-05,3.6269652979473703e-06,7.005204024222521e-07,3.451903317420433e-06,0.8014936109960242,0.00850827507761624,0.18839120079469365,0.0008580002836408657,-30.993548387096773,-1
589733384,0.0015203782553348199,1.678252744030323e-05,3.291216585959476e-05,9.020485286722165e-07,7.151843086809262e-06,0.8070863750867396,0.009988207933960632,0.180909961964085,0.00043732817496450264,-29.91176470588235,-1
589733455,5.0873039376317134e-05,0.00016186930179527804,6.94644413564057e-06,0.010189995989587516,0.0003231160576702411,0.6006281526253326,0.09983791912714324,0.15867785529309938,0.13012327212185976,-27.29523809523809,-1
589733506,8.53510180677913e-05,0.07105128344043374,1.3172191985852272e-05,0.0018440058634678885,7.247485181017263e-05,0.7764304836662939,0.008686326862758212,0.08076498271630139,0.061051919388881104,-25.78,-1
589733753,2.186173394002734e-05,0.00010734817122276847,5.773975191670737e-06,3.91395398885309e-07,7.432723669708711e-07,0.9988324883469246,2.3930702786357094e-05,0.000302089614238721,0.0007053727879300254,-26.296296296296298,-1
589733914,5.636811274098947e-05,6.255237279762812e-06,2.1891655560792604e-06,2.1148670358745237e-07,7.306936643215889e-07,0.9996578750646556,1.9132111212114607e-05,0.0002085608206566893,4.867730753074924e-05,-25.457142857142852,-1
589734589,5.2346837298078625e-05,1.3299891103098346e-06,2.2709344036953566e-06,1.3167130141189631e-07,7.056720536555563e-07,0.9946794694452485,4.787372503103194e-06,0.00522046011128168,3.8497966799386026e-05,-29.0,-1
589734601,3.6188429559391414e-05,0.00013205302983392163,9.724124380205018e-05,1.5376180658261018e-06,8.863745479100996e-05,0.9980249699347936,6.776519996214671e-06,0.0015612216897867366,5.1374079371252314e-05,-23.79444444444444,-1
589735157,0.009583201932800423,1.3854297032485103e-06,9.290710066819793e-06,1.3786684074679e-06,9.35959196884408e-06,0.6952618397140546,0.0006491016892701291,0.29264148259378253,0.0018429596699458678,-32.08674698795181,-1
589735318,0.00019565375070481917,6.006551003195017e-07,2.933664131715283e-06,4.1026968893349215e-07,5.213627167777651e-06,0.9702191419924084,1.3285175552692167e-05,0.029224773868757693,0.00033798699648773475,-31.286363636363635,-1
589735967,0.004393672776115386,3.0309335616070335e-06,2.0899527759154662e-06,6.971962366514783e-07,5.769600668116018e-05,0.9946920640482928,4.6680860915179085e-05,0.000133301197878112,0.0006707670275433252,-24.966326530612246,-1
