track_id,Birds of Prey,Clutter,Cormorants,Ducks,Geese,Gulls,Pigeons,Songbirds,Waders
6868504,0.0008599954693475021,0.010684875697141596,0.01570212491669202,0.3095504915954292,0.45815636775449226,6.831027862831593e-28,0.1713773644951359,0.0228480038998712,0.010820776171890197
6868536,0.0008393469398910123,0.012874233224222398,0.013596815068765178,0.5057524798022418,0.11234263950438213,7.881438121891321e-27,0.25896576112764147,0.07567743852950518,0.019951285803350868
6868565,0.0006409472875572685,0.003519582108109505,0.01550309472661999,0.09907223873767723,0.8214547136445806,3.333374896683405e-36,0.04248653091759292,0.011382056190346681,0.005940836387516034
6868861,9.058177966443923e-05,0.00011597121147669223,0.018583897722911667,0.009086373496566855,0.9682720498037,4.904579015786682e-42,0.0006142394296637073,0.0003842259434185262,0.0028526606125981262
6869275,2.212291796069171e-05,1.50038619223184e-05,0.0064029716896620344,0.0007191017352086064,0.991833876883925,1.1732675021376121e-39,8.49285312909375e-05,6.330995166835656e-05,0.000858684428361991
6871418,0.001570385720485445,0.0032432104914536853,0.1355052802223879,0.18175622598742627,0.28492393248170195,1.8571631447063216e-20,0.3542358460598839,0.020409430813374638,0.018355688223286204
6872996,0.11587130435523314,0.536091095353979,0.006905364336786142,0.0046415454777809706,0.02927871877411902,0.06289169986190292,0.00870823220293968,0.20352346611913194,0.03208857351812723
6873817,0.002477332486309566,0.07182933532146547,0.027475064031578945,0.016042849904380003,0.7775573004721535,1.6083960982285384e-05,0.010681430974815269,0.03710056267379818,0.05682004017451656
6874023,0.010651513111763187,4.6197948037706056e-05,0.003510287744623486,0.0008800967695410499,0.0007488165378855784,0.9396953933095009,0.000943966438375371,0.030896607121365847,0.012627121018906834
6875504,0.010806647015545073,0.00011327349451483151,0.0038665327598041846,0.000533549093424468,0.00026467339950268743,0.06381445048594497,0.002038301509172542,0.9044984513939681,0.014064120848123038
6875899,0.006876443879677387,7.3012049640021975e-06,9.83035378698453e-05,9.694586539371376e-06,1.9464235845498654e-05,0.990102388787721,2.7335665921596283e-05,0.002726645508126993,0.00013242259333431746
6877293,0.0010277628564538358,0.0003695441884753509,0.00441434163628464,0.0012026749485653612,0.0003120721154528213,1.155278078461565e-41,0.0032559441442963446,0.9864602709296951,0.0029573891807763673
6880408,0.04421681614877092,6.363839884237334e-05,0.003106722012146597,0.0005511640702936138,0.00023689678954585467,0.9076231927055645,0.00014818596345791534,0.043241749764203426,0.000811634147174955
6880690,0.007442723323242774,0.00013548711383284067,0.0035530177160680056,0.0012394837921653411,0.0003068064664499692,0.22089694457029285,0.005438751873864245,0.7509167483619023,0.010070036782181723
6880833,0.33448771385300957,0.0006040405483437574,0.0002657872172184906,0.00024748474035388813,7.132136066423775e-05,2.0361271413728726e-25,0.001394361782109192,0.661481784539942,0.0014475059583587836
6880956,0.0002842756706452515,5.515966169874343e-07,2.582788867561612e-05,4.883732908008117e-06,2.6124939839626977e-06,0.9994246229584229,2.7048051857133716e-06,0.00018071712353972394,7.380373002175554e-05
6881733,0.9947833507623962,0.00014877529441719461,0.0001259587467818927,8.709224459247271e-05,7.460283981157553e-05,2.284001816872898e-22,0.00021966409813940985,0.0039150713377497,0.0006454846761115581
6885154,0.310155434736882,0.045598862991097236,0.00941920354688255,0.008571217098938988,0.007041538344761932,2.4567222863130525e-05,0.004614569218027944,0.48932375499976466,0.12525085184078152
6887294,0.0016542160663170703,0.00045311876766297374,0.00042451531635776435,0.00018008282653194244,8.967385131353573e-05,0.8008790908317837,0.005216002157190794,0.18948470947607005,0.001618590706772326
6887586,0.0006572936292488975,0.0007173303944344011,0.0014653359601874713,0.0024540382827700387,0.00044655420996127834,9.929522967710892e-13,0.010491346197588505,0.9807248653988523,0.003043235925964214
6887600,0.0007338007046100751,0.0003183189442598201,0.0005411766619151809,0.0007896384656043337,0.00018100696591742576,2.6260059044007585e-20,0.00789778795494236,0.9878719072984883,0.001666363004262348
6887637,0.014110665285148738,0.004788692557986123,0.010355643539042456,0.0024607997499524717,0.005512598154402964,1.335310418916124e-08,0.004590316865468217,0.9500734709809171,0.008107799513977717
6887702,0.005132232081067445,0.0005308350258679666,0.00011409053765140206,0.00011738957411715675,9.432858938665817e-05,2.1847438426980257e-28,0.0010352308155124174,0.9917080102600553,0.0012678831163417253
6888243,0.0013255014701113242,0.0005084610493439076,0.028982862447295706,0.000785116863803817,0.0004148923495503668,4.666949504031088e-17,0.004746846481940155,0.9601258688839582,0.0031104504539965585
6888737,0.001125075790191598,0.0006633744289865051,0.011563769541582582,0.010500795448915187,0.0014485389677901684,1.0341157530679602e-13,0.024953286214230784,0.9448569177415965,0.00488824186660328
6889024,0.2661183745910975,0.008348566990215064,0.0005901508781799716,0.0007505074389299559,0.0004859400016597854,1.7711167897797996e-35,0.003795222782249907,0.7142747654205034,0.00563647189716431
6890285,0.7820037490325442,0.003253579202306251,0.011427018419951435,0.0014287956685859594,0.0009099110131432561,0.014495249006391906,0.004111435053294874,0.1710745644302359,0.011295698173546193
6890416,0.09460071986501421,0.0011792866358728861,0.018002449777950607,0.0014768663074573684,0.00034661316822571126,9.867038673280977e-07,0.20210093331275672,0.6557496354269621,0.026542508801892906
6890579,0.03200683837386266,0.00043800215129572074,0.0002992370230751897,0.00018758257260542894,7.492891482490306e-05,3.402821532989775e-31,0.004144158510829654,0.9613589899606213,0.0014902624928851142
6890917,0.6365329775810046,0.004452020270463231,0.0017381184273938637,0.0013388947342734905,0.0009105943600100962,1.3959662333552876e-24,0.005891236934715347,0.34413723133660734,0.004998926355531997
6891091,0.001061732116538078,0.0026855728022685313,0.00384200570126201,0.5508175091219006,0.0030511882070560943,1.5131152767754516e-17,0.048824794680611856,0.3801510871043873,0.009566110265975463
6891208,0.008317516803797245,0.00015263398954700548,0.000183776032097369,8.995455848397457e-05,4.666090310527706e-05,1.1855549414965584e-21,0.00504756517273062,0.985607040650503,0.0005548518897353927
6891245,0.20420524623624833,0.002488084593861458,0.002150682677397019,0.001063073250343369,0.0009935799966344094,1.071290147168522e-15,0.006483300571304357,0.7799566380866008,0.0026593945876091088
6891309,0.005581283508746834,0.00012476219658211145,0.0006822006168539605,0.0001384431142730399,5.535709624906908e-05,1.5912927315380687e-13,0.0028058633083393745,0.9887906665890458,0.0018214235697506023
6891366,0.036788886435618215,0.0009967825236787812,0.00023516814482451047,0.00019458217299332588,0.00011261425703027982,2.6674591194068683e-31,0.0008152354133683582,0.9599890327775888,0.0008676982748977184
6891473,0.0019694076457183883,0.00020895450990243459,0.0008017324457723432,0.00042134535385988936,0.00020810135685277376,8.059803652555232e-20,0.01084146748318398,0.9845066468282772,0.0010423443764329293
6891484,0.003690560026685241,7.435276816539986e-05,6.677210177741692e-05,5.062224096163294e-05,3.666931547983278e-05,7.440930585713048e-40,0.0006529537904692844,0.9951245991490614,0.00030347060739986773
6891531,0.03057335255805859,0.00032958693026083693,0.0006948014789589309,0.00019937919436053384,0.0001262841899760779,9.797867772471784e-15,0.001743542323293959,0.9652555922843522,0.0010774610407292013
6891557,0.006416086140126646,0.0004273362835837334,0.0003797581027465555,0.0002333764304963086,0.0001449490848070979,1.337927524121589e-28,0.13721010413950224,0.8533290500683981,0.0018593397503393373
6891579,0.02294169487856698,0.0004269200279447512,0.0006576924251072308,0.0003452481684752515,0.00020600366385252808,4.466981717442847e-16,0.002919239084907116,0.9714943233217849,0.0010088784293609
6891867,0.7720354715787016,0.0038933634799792082,0.0010328433767665336,0.0009321287432125857,0.0006355015602470572,4.9880103789880144e-29,0.0031091034425624856,0.211774670936579,0.006586916881951499
6891888,0.0035417515524266323,0.0008549395957365815,0.0005740752464259951,0.0006338806508056722,0.0001579091302412091,1.2363014912941291e-33,0.0016954476394478828,0.9864334305616843,0.006108565623231664
6892297,0.16891112999427096,0.0008828360710254413,0.00023892256038785735,0.00018742059139835275,0.00014066737553712405,2.2155588066556834e-42,0.0009402746838249064,0.8275645485926575,0.0011342001308978758
6892562,0.8798513194222096,0.0017384959397052726,0.0003353278652705035,0.00030458515239721476,0.00013890980017659463,1.4510755862511414e-21,0.0013100572653561913,0.11442000576070158,0.0019012987941830054
6892587,0.2747007984755279,0.000696906516166511,0.00016050064332240435,0.00022735201657112644,8.668496949079385e-05,9.10506364785481e-22,0.0017740206095789393,0.7195269284530306,0.0028268083163117894
6894293,0.0011257453258417412,0.0004210927632920876,0.7777649575035139,0.07921510457459917,0.059077529102972814,2.2781885984207577e-36,0.019302493346776934,0.036931488067188566,0.02616158931581483
6895609,0.0016032992093690294,0.00036452891732224613,0.003362925706003536,0.004132236848495604,0.0002615324854235834,1.9565691116176546e-22,0.013126435328016143,0.9727641107177056,0.004384930787664311
6895723,0.03905941967014531,0.0007651999308987644,0.0006046615125148183,0.0002693598426516448,0.0003566336512280758,0.8300011778816632,0.007033746156149119,0.12035887419650788,0.0015509271582410046
6895905,0.060293583661603055,0.00024121738327913025,0.0004116742268822418,0.00012184819627188937,0.00013483877763746752,0.7337146252280642,0.003750850555398865,0.20010359186559698,0.0012277701052662835
6895906,0.009387871017892943,0.00023392868677079995,0.00010451566605755294,4.403468060964948e-05,4.328080075181821e-05,0.8634844198724118,0.001622994150642518,0.12459150455525073,0.00048745056961221525
6895927,0.06582230857440785,0.006508903164988475,0.002597891593668174,0.0006974375680204235,0.0017280469405088436,0.7898923601027728,0.006831811254328521,0.12316886348885228,0.0027523773124527575
6895938,0.03815886653823423,8.802270733553326e-05,8.27303250620963e-05,3.3081169721219226e-05,4.010937532516723e-05,0.9254122091310564,0.000610623481403809,0.03518030354923887,0.0003940537226227394
6895939,0.0209735629465237,5.0735226062846625e-05,0.00010597593727702803,3.0994062947651176e-05,4.7147448882558735e-05,0.9670927689969648,0.0007210127226453824,0.010767867536505143,0.00020993512219091566
6895948,0.0055807415674303355,1.1362459284549693e-05,3.5113212643951066e-05,9.964253109171324e-06,1.4742314754556942e-05,0.9812351763235496,0.00035163955195811723,0.012672556382091932,8.870393517779124e-05
6895973,0.04188639916049729,0.0012428996591636319,0.0004354399664622907,0.0002755652074181583,0.0001830291079252326,0.2928664506241888,0.012476386547171148,0.6456793702905591,0.004954459436614299
6895974,0.14205558120659129,0.0003381890257476414,0.0004575074195999772,0.00011211384166953499,0.00012438655541864883,0.48753846778384924,0.003077760717016937,0.3648648732196852,0.0014311202304216478
6896754,0.12812508481918294,0.00040650781201897535,0.0004579917149026689,0.0002101577974017791,0.00014225013232523168,0.03998799758696338,0.0027769348886272976,0.8254000879405787,0.002492987307998994
6897915,0.0063022378218540506,0.0012997554069172504,0.031312792081678434,0.029195501458181967,0.0036870847288869467,8.051549168638541e-19,0.22662136283648843,0.5566515158238154,0.1449297498421775
6897964,0.004931377128459568,0.08843377696105145,0.04783575535381096,0.04494448097015892,0.14985013150700163,1.0073024210046695e-30,0.07777335636189689,0.5404765926228825,0.04575452909473797
6899282,0.16747019819654996,0.001052389225459533,0.000339010219321751,0.00023111045516018835,0.0001762880111443111,4.593725956275734e-25,0.0005869479715420468,0.8283377795212206,0.001806276399601735
6899294,0.7164797802033694,0.00254676845377487,0.0006289189447802317,0.0006704573163398892,0.0002883671816392547,4.6770652278616556e-36,0.0018932295268995023,0.26667039393796343,0.010822084435233479
6899376,0.03473806821451157,0.0002429886105692914,0.0008258964510194494,0.00020156552529272082,0.00011979782311205577,2.5790040545896474e-22,0.002771199650872631,0.9597481811679079,0.0013523025567143785
6899506,0.40988462905997086,0.0002531803180599309,0.00017918295704949958,6.536046075542672e-05,6.433015368527051e-05,0.5240357450266137,0.00044692762864399093,0.06320627539106012,0.0018643690041612686
6899530,0.0013280777109428456,0.001632553698164127,0.0003063639566586081,0.0032645399907698645,0.00022764303730379403,5.199639019824234e-21,0.0027463741985043143,0.9763385131595216,0.014155934248134777
6899560,0.1687757778351066,0.007666483244090995,0.0006698902433483,0.002902308080378527,0.0002669069434884019,2.0260461590840294e-05,0.008407117640765122,0.7819322500670616,0.029359005484169566
6899670,0.12412911110396996,0.0019678998234385573,0.00031595976713163067,0.0003290476572314128,0.00018771953359182116,5.7166084205275694e-12,0.0009581319701897276,0.86771911379089,0.004393016347840373
6899695,0.002077682488159651,6.088422823975442e-05,0.00013681605650468583,6.963685607465887e-05,2.51496856564226e-05,2.0526394023212514e-12,0.0003920813880227225,0.9963013388834467,0.0009364104118428807
6899730,0.3333388652471808,0.005232852434363158,0.0012806509029136238,0.0008984184953676657,0.0004066598355897324,1.6746947094096103e-05,0.0026585998530025473,0.6241511355035643,0.032016070780924166
6899754,0.004175707680317938,0.02038416393942118,0.002083166808235113,0.1966824391403404,0.002934174334449859,2.1067528028254237e-12,0.01817465360990053,0.5955300806180688,0.1600356138671595
6901206,0.5293958997054794,0.0006726115371446052,0.0012585683791797545,0.0005669988599651071,0.00043196037603166534,0.03153490472219724,0.006250275803440071,0.42112460713396455,0.00876417348259768
6902131,0.147877763017761,4.6257405041611946e-05,0.00023394506959796484,4.793278395132164e-05,5.1445740216592725e-05,0.8463442979314773,0.00010088015039038927,0.0035981356276243263,0.0016993422739395535
6902271,0.0016684957152250455,0.0016083833550041761,0.0846995006365042,0.04166499643014582,0.005763138685631953,1.538231807479563e-14,0.0392970942788589,0.8042419915094742,0.02105639938914046
6904326,0.014097209515077137,0.0008556479873790532,0.0002004219254797274,0.0002712673696921187,0.00013375706182502947,5.805103639163409e-47,0.0005747838146967705,0.9817397218541979,0.002127190471652178
6908023,0.0353674135438395,0.0005044794410197104,0.16864412385067254,0.4159955377659941,0.01629038695611051,6.761997317749444e-24,0.012805285641432056,0.03752014899324802,0.31287262380768366
6908625,0.9069489757685611,0.0006684995352286367,0.00044407119028156973,0.0002607436623108137,0.00020360526301668662,7.964883959431124e-05,0.002528969716828678,0.08718067310051945,0.0016848129236591122
6909657,0.15167563291250535,0.00013518940750898188,0.00014758561864836327,7.906717335083298e-05,5.34600779026832e-05,4.8420371172221394e-37,0.0006568144475841533,0.8463385258478686,0.0009137245146312147
6909786,0.027865939899301556,0.0007427385150879471,0.00013051953568617923,0.0003229745693624015,8.507703641667458e-05,8.019284144597535e-47,0.0006670488604111904,0.9641355271897606,0.006050174393973299
6909952,0.03810083461782596,0.00026668146617957227,0.00011493978506287223,8.438242067109622e-05,4.910819187364507e-05,4.883289703946815e-47,0.0008249836991366252,0.9590653827128264,0.0014936871064239467
6910003,0.1570331287228908,0.0019824107554703586,0.00021929516777082617,0.00021922967235710392,0.00010776289643301955,1.1371489513678835e-47,0.00098010784007533,0.8358220177978435,0.003636047147159102
6910407,9.69976448449282e-06,2.3167197715429635e-08,8.323842957763853e-06,6.525699700785294e-08,2.705256891386553e-07,0.9999653077932283,3.972957556350564e-07,1.4172824552701619e-05,1.7395291372806154e-06
6910422,0.3118835059757042,0.0012006991631598666,0.00037717308054622167,0.00039844458656348124,0.00019203765711275634,3.41415587433685e-25,0.0018246330464846284,0.6773478663421537,0.006775640148275026
6910425,0.023563868316076524,0.0004053550079196482,0.0001278287889974389,0.00018525079294250108,5.128052656333265e-05,3.9776062523953587e-48,0.0004768205988100297,0.9723477645556728,0.002841831413017584
6910560,0.003112190448710462,0.0013363226307738227,0.0010254053512143593,0.009112843156462,0.00023029937679581205,5.173289729122217e-40,0.005601179157910414,0.8681721145223475,0.11140964535578554
6910590,0.11928398015480506,0.0002861681482630248,0.00014488043135705262,0.00023610350924674236,6.87801525905753e-05,4.65588701674398e-48,0.0005072846859344611,0.8771759715418102,0.002296831375992963
6912744,3.251772219043723e-07,8.343560932513809e-09,4.989045929233843e-06,4.795350037833104e-08,1.1129897470206807e-07,0.9999848367588079,3.512835428357626e-08,3.4990949295128257e-06,6.147198721214529e-06
6919118,0.4758671932850162,0.0006774637088644952,0.0011059758892006635,0.0004848605679596796,0.00029242281166784895,0.30317473890452984,0.004878287240395542,0.2093355110898456,0.00418354650252011
6920152,0.4668790558792672,0.0013083933459520978,0.0023394871717712516,0.0010038390606042255,0.0004814137896634895,0.00024695735715125065,0.025221246461350478,0.4906529545193467,0.011866652414893384
6925791,0.01854279756661039,0.00018549700628355572,0.015304039600948002,0.0020949128466727527,0.00017010075332326904,0.9044777799947464,0.004692896225418947,0.04828730526393567,0.006244670742060941
6926246,0.3841544181884028,0.004436191840137789,0.03557270173465062,0.0005325550032092138,0.0007102222337969044,0.40742676095288477,0.0026132036094543864,0.1600700718475594,0.004483874589904134
6928841,0.002991182158130645,0.011236165062796604,0.017659430695641316,0.5818978558622251,0.030476414422674604,7.181426024650793e-25,0.014919438755085149,0.0226821255584735,0.31813738748497306
6928933,0.0411804604488868,4.3947858561834614e-05,0.00039543796610571024,2.108920070974517e-05,2.8851498348784662e-05,0.948888676461519,7.450270493343777e-05,0.009187411152157288,0.0001796227087775142
6937241,0.010830010902986166,0.000627292823083386,0.0002631082445776648,0.0005557830372466585,0.00017037155707611524,2.184020027180201e-36,0.0017827784235066812,0.9820704021701296,0.0037002528413938316
6938426,2.5039630180183558e-05,1.2159958500712218e-08,1.9072764426540117e-07,2.037442500658081e-08,2.6354135467058314e-08,0.9999685922848635,7.330035294797861e-08,5.668256082739596e-06,3.7691235760003907e-07
6938530,1.6135561045547e-05,1.0442580895669312e-08,1.2956498714867836e-07,1.1120795658812727e-08,2.0885143466668555e-08,0.999982929385523,1.4914848973603985e-08,6.144250131231402e-07,1.3370006223026178e-07
6938682,0.8776663236647467,0.00046861116294226576,0.0003257563476196187,0.0002455233470787084,0.00016665613546960369,4.459638520604606e-15,0.0008708732410883334,0.11774456295045577,0.0025116931505946077
6939166,2.1087217377330816e-05,4.711716514490971e-09,8.068716674757196e-08,1.0191399291393465e-08,1.0086476439170985e-08,0.999977753582737,2.2504588040655834e-08,8.523959940594176e-07,1.7862254447092836e-07
6939222,0.99736932859688,0.00014410560906370144,9.522258144503019e-05,5.887461744597636e-05,3.572963941278176e-05,1.4671853209461017e-15,0.00018894197304745308,0.0015749996122487535,0.0005327973704548311
6944591,0.8167941998280078,0.03905295616930204,0.002705114630520083,0.0010528280422293292,0.0010665455480584943,0.047745056604252184,0.007489437827731343,0.08003563082907025,0.004058230520828484
6947293,0.002069348904263006,0.000300919021761773,0.016352993065849197,0.000769590548854588,0.0005105967385968368,0.8841308803155558,0.014075156112819221,0.07547551945311237,0.006314995839187332
6952804,0.03136608817830675,0.0015531293158464869,0.003930201925646587,0.003390127616792414,0.0015360394117511528,3.2361862220029055e-05,0.25746150130742457,0.6931470476736142,0.007583502708397888
6975207,1.372469135667824e-07,1.0432623695344445e-08,7.654592549271983e-08,1.3081228466703136e-08,8.175781759625708e-09,0.99999410928513,1.2385976027649607e-07,5.1285100471148075e-06,3.928625896879519e-07
6975472,3.3364718201691405e-07,8.159362247731767e-09,2.730280646419192e-07,1.1047603315711017e-08,1.1655231499673803e-08,0.9999915061420601,9.172475520112598e-08,7.375611273489423e-06,3.8898446757152763e-07
6975490,1.8192804499910928e-07,1.5315661690188393e-09,2.5772861976162813e-08,3.2235708191221444e-09,2.5449835033515637e-09,0.9999977876570784,3.095034997501743e-08,1.7988888295089671e-06,1.675027147417292e-07
6976427,2.4058363173262727e-06,1.1460973467096326e-08,1.8611936668096574e-07,1.8176006422760294e-08,1.6417014064855455e-08,0.999990512409977,4.794902105538628e-08,5.876721531299641e-06,9.249097926326556e-07
10551287,0.013251199819745716,0.0004827859363241375,0.0007347715025478078,0.0009107861436815299,0.0007119757201072292,0.9575817829086478,0.0007299387826671764,0.01053115390167902,0.015065605284599515
10554874,0.09185407678607597,0.23416043784442256,0.017065106289475947,0.008890283768610691,0.034675542842284544,7.78429432222615e-12,0.013754816534550584,0.5693351111029363,0.030264624823859037
10555071,0.04725674239565511,0.0006253348959579536,0.0018222088960731595,0.0007813174721775734,0.0006542601183386696,1.697251329161759e-20,0.003993472988826008,0.9180762380649246,0.026790425168047173
10555459,0.2683328999146798,0.0018034801373853898,0.025196666964941328,0.0038284548111512237,0.004655184024446217,9.842170198095404e-15,0.009174721680094405,0.26491073548658495,0.4220978569807069
10555968,0.001264092477381646,0.0323397028728969,0.03288859532218696,0.5006573980123552,0.17417910376894727,2.898771905227639e-12,0.005855280204891522,0.09416924818674559,0.15864657915169605
10556692,0.05962835225229777,0.004148667257271542,0.005177921736059606,0.005050860708854823,0.0018217505180741767,3.7366364505844355e-21,0.003977487397224011,0.7459450470466751,0.17424991308354307
10557065,2.3792474715019734e-05,8.86971244030424e-08,1.7816752751015285e-05,4.625485703453275e-06,3.1389544996673325e-06,0.9998539034686867,3.076939784725035e-07,4.6514112511506834e-05,4.9812360029595495e-05
10557235,0.004909275174419867,0.00013939266827742294,0.018473913715285638,0.004186577529269044,0.005289758180898776,0.7822047065809035,0.0011876510928841419,0.009538171134965308,0.17407055392309623
10557310,0.01335488580304156,0.0019986969658893393,0.016899635019027612,0.0023126696832643304,0.01011753108884049,1.755855823243033e-07,0.0028307714681083175,0.9358847490362061,0.016600885350039826
10557603,0.030569549211385133,0.0006769057616336263,0.01084603818887434,0.0016302238530285882,0.0025265273033134644,0.003884888745647889,0.0036004487168622527,0.9188829656863484,0.027382452532906176
10557649,7.523355047916819e-06,8.287319432030183e-07,1.6691370324959757e-05,5.202064818429869e-06,7.645563757739765e-06,0.9989614762553762,6.467784315980984e-06,7.184717011853733e-05,0.0009223177042970085
10559369,0.012315789663792296,0.0002387671895454687,0.004980348995257279,4.51305485725452e-05,0.0002877398242850378,0.9659096751675993,0.00011454498588910457,0.015375821845654855,0.0007321817794040227
10559516,0.009134172988612027,3.378713955846146e-05,0.001483803130485527,0.00023835064788005686,7.354114583518295e-05,0.9736436962792986,4.617678351238012e-05,0.009187289170862287,0.006159182713955635
10559765,0.1210249983317871,0.00042488950744938147,0.011806637746252995,0.001108339291613334,0.0018173313892638578,0.5230185599871155,0.0008634520554089643,0.25049967849790017,0.08943611319320864
10559904,0.2650528474586339,0.0030185390707926155,0.08915923172640701,0.003890415426281732,0.003735182352930702,0.11337529422321446,0.004024844040917366,0.44932645292704165,0.06841719277378056
10561136,0.01883773529761814,0.005613885812163804,0.015699860209906054,0.002463800875569132,0.008462289686955105,0.5298883100640832,0.001816895848975119,0.3730418110495651,0.04417541115516437
10561583,0.014256094541084651,0.00017228055175619225,0.00012167968960106614,5.180762872192418e-05,7.321776538434519e-05,0.9782147356498617,6.486894307333961e-05,0.004647400889072369,0.002397914341444443
10561870,0.0019823416421467883,5.903049621838158e-06,2.7607935369601518e-05,5.393404633528289e-06,1.6603781140303286e-05,0.9975276186897297,5.3882544049625216e-06,0.00033611231598112626,9.303092697212883e-05
10562711,0.006681810202488524,0.007135170636330247,0.12265749949251041,0.11649825355555321,0.06076380486584052,7.239740302028524e-17,0.012875360021805232,0.6013358717845919,0.07205222944087987
10566953,0.6744493828366708,0.00014820775452152666,0.0005399743937980746,0.00011735896096879202,0.0001413150390060277,0.3170744431766397,0.0003275446002033245,0.002986293145393963,0.004215480092797815
10567563,0.12178094477965558,0.010586635818469334,0.017604540930575865,0.0013799783893899548,0.004209818626179711,0.1648835914887401,0.0036563335319925233,0.6674049859051305,0.008493170529866402
10568512,0.9027648475325725,0.0026829552122648935,0.0012349012539665915,0.0004902219331252868,0.0007610416537541242,1.9105530999347296e-09,0.0015466668554098562,0.08120553668331247,0.009313826965041298
10569249,0.17961940673124474,0.0001402638758221394,0.000729742147578018,0.0001272936220620688,0.0006333633150037796,0.766220907279304,0.00034487411511967096,0.049972818382362096,0.0022113305315035396
10569900,0.006199271948616609,0.004510760491715694,0.27451872905332797,0.016084904862875546,0.4962090139548918,1.4490164427822302e-24,0.004203534104577567,0.07814399950065021,0.12012978608334453
10569996,0.5358132058446123,0.0008360232464399965,0.0011481979979759414,0.00035771884302746325,0.0005177525323607722,0.3264160020840117,0.0009950285192803856,0.12407016582288617,0.009845905109405162
10570047,0.013235260596185305,0.0004935162028980004,0.009925818572535251,0.0016562999507036356,0.0012137404996203135,0.8755705066708318,0.001604875092330067,0.026129075423134446,0.07017090699176119
10570186,0.6239823252246102,0.003046830575516235,0.008784700075619246,0.0026100229934358406,0.0036596929626738868,0.05516296568340858,0.0026162244753691437,0.24126291085647944,0.05887432715288744
10570190,0.10042093654697075,0.00010728052578996084,0.0009524070291719358,0.0003411521784218881,0.0005949984728759091,0.8815926247578453,0.00018450061361305537,0.01268037110418424,0.0031257287711269656
10570281,0.6642889360777244,0.0006029753171139156,0.0020732661809036604,0.0009747273614826274,0.0010613582732117855,0.20617598521456895,0.0013986598605733856,0.10444544972928811,0.01897864198513322
10570444,0.029985201806065474,0.2668209793556017,0.01203958578910953,0.02288643987085248,0.027684630274119364,2.151072574612756e-13,0.009420201625538877,0.4516091797670437,0.17955378151145376
10570516,0.049543733349894314,0.0007016071674415557,0.006430804782486174,0.0006253260495264767,0.0008939064602645524,0.6931592209136215,0.0013390772156722363,0.2363589951492994,0.010947328911793775
10570563,0.6564683892336538,0.001433226882923741,0.0007970504657322597,0.0006795599656203638,0.0009287116405553636,0.1516879262502359,0.00099332143331569,0.16802520058846,0.018986613539502865
10570908,0.28448465871662865,0.00011915368526468255,0.00022248001953590756,0.0001702731145527363,0.00018687924581943554,0.6994310529725987,0.0001351267408865879,0.01071790018074699,0.004532475323966452
10570962,0.027312525747498345,0.0017379341777397337,0.0054634505067608545,0.0010451208618535803,0.000998441365469464,1.3288387213491206e-16,0.0035113204612968697,0.11235946128550642,0.8475717455938746
10571126,0.25869506280536425,0.0133593901471863,0.0020707721381352444,0.001329152101320552,0.002903295257118025,1.802531211364893e-07,0.0028834403520401216,0.6966540911038372,0.022104615841877073
10571129,0.008872748651220081,0.1030998032201805,0.01056842653601938,0.07386680100631132,0.012316205690676287,0.049262290452272116,0.005820276931082347,0.2650317037029852,0.4711617438092527
10571130,0.0069704141116065975,0.03092827787833182,0.009119306135456525,0.06576417210883646,0.014767672441633573,2.268473352768574e-10,0.011520490925166766,0.48100764974586135,0.37992201642625967
10571150,0.04382245748108531,0.016101398382453367,0.004015793115408455,0.002210849697392634,0.003090991658185251,0.32262245252048827,0.0033083214188892227,0.530782305782236,0.07404542994386147
10571157,0.6850594344386917,0.003932792321923693,0.0008513736431737876,0.0003928797453874152,0.0005366886674314864,0.00030579174499552016,0.002339712798608625,0.29634766657908024,0.01023366006070762
10571249,0.48647433212443864,0.0007875395856980435,0.0006183722169303826,0.00022913334459637343,0.00027252685728295647,0.480039161671694,0.0007795642063802985,0.02387664932797694,0.006922720665002287
10571563,0.01199602061248361,0.0032267316156243363,0.05665528822988179,0.002306166320840468,0.01229999654863314,2.0496068056829982e-05,0.004379172516099614,0.8644939099840083,0.04462221810437183
10571600,0.05280698203554364,0.0002639028400126172,0.0003022323611739617,0.00011548299758765927,0.0004456275437984254,0.8924598140527376,0.00016182095412810125,0.05029760051433531,0.0031465367006827958
10573894,0.20901609775956306,0.006486071607399432,0.0051780275561707344,0.0057875682177741155,0.012493124445872425,0.00998740828474819,0.004601762226448975,0.4899899828096962,0.25645995709232683
10574347,0.03414301749547535,0.02693860529391897,0.004849723966995631,0.004126941168567802,0.006134229995411652,0.32843400079306273,0.00489719231632803,0.5094439593075702,0.08103232966266946
10574370,0.29149902675466033,0.009684299171681943,0.0031693222558846026,0.0025713654629736108,0.004015818204788337,0.1731960317024837,0.003165229700112655,0.3963861465806373,0.11631276016677754
10574372,0.6797233940092982,0.001279154277198826,0.0008153049757643924,0.00030332887007314304,0.0005972695902115083,0.061097165900973194,0.001441015666602778,0.24770279853537533,0.007040568174502567
10574408,0.002390317773605293,0.0320493195994874,0.01148329239135064,0.07764701303938186,0.07529424637515195,6.421824995145256e-15,0.007002844559918846,0.6544663069103361,0.1396666593507615
10574430,0.007479925138326253,0.00046081375640447494,0.0008722295920214286,0.0005233452252888788,0.0005280206464832904,0.4755186846420658,0.0011122273630478625,0.4990271950876677,0.01447755854869429
10574439,0.06501675086318309,0.01457622660002851,0.004475845425436506,0.0021937274837046656,0.0033350308302341107,0.5593363132461582,0.0025918695851260463,0.21521638105925095,0.13325785490687786
10574456,0.010300761089141469,0.0034318171433649217,0.003787178950388223,0.0018317579518065661,0.003704750584648075,0.2769989027074523,0.00335204517790788,0.6490810290089087,0.047511757386381887
10576038,0.01117272780159059,0.04385652890571347,0.004406294733709291,0.001410245906306925,0.00275330711315224,0.8435348470007493,0.002120620994255485,0.04033921345398732,0.05040621409053525
10576770,0.008540044719262483,0.004602738873250729,0.029947031892522326,0.09096724930424106,0.008888786633194977,0.018086768528245097,0.007400897945128386,0.7257449374286714,0.10582154467548362
10577118,0.1523116332865197,0.0008221944507406289,0.007786765599034869,0.0013169079902612935,0.0016943715173281814,0.09183053373128731,0.0021800705697496677,0.4605592630524316,0.2814982598026467
10577354,0.38723696872572216,0.002836920214376276,0.0006810914069435329,0.0001990745081751326,0.0005113365567878004,0.17534786020683482,0.0014358488812904887,0.42426196836603786,0.007488931133831948
10577622,0.1597391512694082,0.00014817679903726306,0.002667531885505168,0.0005144084842539265,0.0006479276537842996,0.784033643185972,0.0004131871724870277,0.04663477761040706,0.00520119593914498
10577723,0.40095961445196543,0.0012881130842512304,0.002354677589916581,0.0006875793550241204,0.001582653105247653,0.3263050083540734,0.002707882727085444,0.256552100505377,0.007562370827059103
10578130,0.03541204054250425,0.1184399180438925,0.031481890391369165,0.012697226652286203,0.06524684371325215,0.018502113363737246,0.006862706143458172,0.5406709091825193,0.17068635196698118
10578295,0.7420301653595096,0.0023265233461907666,0.010485206533854858,0.002215096323181652,0.0017570416367379768,0.0020824665540748835,0.0013769959419615114,0.22775929632261066,0.009967207981878149
10579132,0.719077521235597,0.0005940657487310986,0.005986270595104501,0.0004899447348107736,0.0008978383723868973,0.18227029963920302,0.0009270501144035574,0.08371004893092507,0.00604696062883805
10579372,0.3938262190720726,0.0003337799127205813,0.0012087746062878052,0.00012422131522824549,0.0003542283708187898,0.5771189988226755,0.0011769088982277506,0.023847714436200325,0.0020091545657684486
10579452,0.014547985913510118,0.0009041615179528574,0.19529979008561738,0.04026469187598694,0.09290022018386491,0.37100877779672103,0.007562056475061379,0.09078168258481559,0.18673063356646985
10579754,0.001243105302872807,5.452541710361808e-05,0.0013033369532170378,0.000906628858502815,0.0019485792996901414,0.8812080240096014,0.0009614462624173231,0.004828287580972803,0.10754606631562205
10580098,0.7989929604485407,0.0008416459512679136,0.0030070628046323647,0.0006768124809560007,0.0009893063546628825,0.12993749548129988,0.0009476533076478583,0.02206401235745646,0.04254305081353579
10580150,0.010934226677079146,0.0020144236294227977,0.011739938618259966,0.007594809276911659,0.014748128486736544,0.6872607937290849,0.009377590493516155,0.08247437560956099,0.17385571347942777
10580642,0.014715940004527481,0.00029017119289620144,0.00021764896546403806,8.520258884119714e-05,0.000313145000859119,0.9423192546410736,0.00011960016057971552,0.03968927105045773,0.0022497663953010474
10580740,0.6969569074091483,0.004287834138299755,0.0010090565351123493,0.0011366053695454719,0.0013087130551930933,0.12024535375415724,0.0018395534882917192,0.14666845484851193,0.026547521401740198
10580745,0.4945955068213877,0.0005252309997206856,0.0015038292249584125,0.00034686847900396633,0.0005101741162410147,0.20374406848887827,0.0009061377349282943,0.2870427326681065,0.010825451466775162
10580771,0.09920577978073207,0.010281364454393682,0.003265457431145158,0.007408852716264265,0.006093726069248142,0.0626534188416017,0.0036723170646892657,0.3952392534185432,0.41217983022338256
10580995,0.3480891738931934,0.001840198644671015,0.0025584395359176926,0.0004618605263103894,0.001223664299462673,0.00073413673444984,0.0015224691994240882,0.628161617237436,0.015408439929135107
10581310,0.6166738485305012,0.002808264129696333,0.0117551259628949,0.0009466279003546383,0.0027672104405705787,2.589511291803971e-10,0.002289126309740437,0.35175673625197224,0.011003060215318635
10581368,0.0012437408625038343,0.04927295621432282,0.018846543991270632,0.21665273119913692,0.028920787745977915,1.3958814212721004e-09,0.0066726733307230154,0.5022276233692924,0.176162941890891
10582173,0.008782611796131762,0.0015067900544625435,0.0004983629483041867,0.00025983638505118646,0.0016497577839686775,0.9184074305188069,0.0003708729752234386,0.06507759703185337,0.003446740506197822
10582418,0.008683710895496237,0.7288710389366722,0.0068555731496396394,0.004090511960584291,0.06387342795870331,3.812056707025952e-10,0.005298550210966043,0.14549091572883419,0.036836270777898326
10583009,0.36978951373911173,0.0001882796523376461,0.0005258302426363251,0.00010988775903356205,0.0003953061298396667,0.6164468404237827,0.000387041706203741,0.009328164851103753,0.002829135495950792
10583434,0.02953889488697687,0.000625340973352337,0.20761050025344147,0.002582003706632895,0.002621058238164132,0.0025754168550976906,0.0024983670068261495,0.7226931269762387,0.02925529110326963
10583521,0.9325022113187798,0.000759622616845378,0.0008888141504826792,0.000774218327056295,0.000955899298033526,4.127546596552642e-05,0.0008863544684712824,0.049993906352394674,0.01319769800197092
10584210,0.4812300561645773,0.0008729499297552975,0.0011091509779005524,0.0002966928094206406,0.0003179168278392851,0.09418809500839542,0.0014289613861542898,0.4071917238781044,0.013364453017852773
10584222,0.005915476666889515,1.1474325081848338e-05,5.112852388778778e-06,2.0124059696538742e-06,4.1456977933966764e-06,0.9935631806860801,9.955920830228012e-06,0.0004287783707721857,5.986307419433291e-05
10584314,0.17083974857761267,0.000653692132974795,0.0010497289772849398,0.0002941064911879261,0.00046653587203867046,1.1675613075806522e-19,0.001953046098140487,0.8169836302041368,0.007759511646623744
10584430,0.812899461363515,0.001711830658910825,0.0012549266815813046,0.0003859516760717501,0.000527132272409898,3.154051904477186e-06,0.0008983842381952777,0.17560913734662545,0.006710021710786052
10584519,0.3548757842661231,0.0025317598291583403,0.023903288771595244,0.0015563030417879132,0.004401244002002106,0.24306333180386597,0.0024688752807463755,0.158334506099943,0.20886490690477788
10584820,0.04206832388508237,0.0005613341069571154,0.04794382836575986,0.0003106543394739079,0.005819999772409175,0.79692089182606,0.0005627086385228871,0.09996022672161375,0.005852032344120986
10585136,0.035870235709205334,0.0005128841657450042,0.11587910105509916,0.0013694006594265641,0.0015018675161421408,0.6244256040292715,0.0014106860329346999,0.09116872274870627,0.1278614980834693
10586849,0.016036935466340663,0.002810750107040014,0.011815860691010056,0.016148810892675138,0.00858715102950093,0.8842454964999737,0.001482708672390721,0.018371939690823964,0.04050034695024475
10587734,0.6249820706134813,0.039489685390541936,0.01020788056879429,0.0025784534276683214,0.007820481501400203,0.01717106932706361,0.004194972223376823,0.09799474954188009,0.19556063740579335
10587840,0.06116665698338528,0.005741983682734139,0.008393836843441235,0.029085528897488,0.006458261286742169,0.7681786479762958,0.004795203693828092,0.04940352635581535,0.06677635428027012
10588529,0.9904481841070052,0.00031759315594951396,0.0001650927769766666,9.258976183555939e-05,0.00011017000125304794,6.594961418322764e-36,0.00024948571469792863,0.007948156741776291,0.0006687277405060141
10588664,0.7532876393274679,0.0018885894863326278,0.0005571253519117573,0.0003711088037795949,0.0005515549769082536,8.841768452339235e-29,0.001524377983451149,0.23787120303942372,0.003948401030725071
10588792,0.8590340458070946,0.0005100640276794731,0.0003222655897434191,0.00016896740180544908,0.00028384984033571304,3.696672179669354e-38,0.0006772092018135747,0.137467333390264,0.0015362647412636577
10589349,0.3702042848273618,0.0006082098353342808,0.000489074261038274,0.00020688983310232883,0.0005275263965644485,1.5423462009184185e-16,0.0021769957250641274,0.6229078400644138,0.0028791790571208813
10589410,0.06178269921427128,0.2020979095124952,0.003172154222791231,0.06078822443524443,0.01080855950468902,1.0554128071289637e-11,0.021135830387285854,0.45289992879738306,0.18731469391528585
10589411,0.23771130062400259,0.002832372549836041,0.000581947530117109,0.0004896222598589573,0.000863293290135958,1.5169895816002478e-18,0.0030701937406590997,0.7410486602250888,0.013402609780301403
10589472,0.34163407768097315,0.003246236951344276,0.0006897860070606178,0.0004957285334428917,0.000929019974816782,5.318646056600054e-37,0.0030532300992863618,0.6411137206538509,0.00883820009922505
10589485,0.06800595904702486,0.006397207950403173,0.001455543110987958,0.0014131136146123067,0.002337100689094488,4.26460932954032e-31,0.006856621116356957,0.8912799560635891,0.022254498407931127
10589763,0.06296157308504705,0.0008458656863942534,0.09534113130201231,0.005370500369766474,0.002384608791894792,0.32788938072273843,0.0037420785018013525,0.11460596840499607,0.38685889313534927
10590733,0.003786491786485808,0.005460988735842714,0.167482746931914,0.16305894436594642,0.07865921467257933,0.002417336907642028,0.010061284099405673,0.09016719918560381,0.4789057933145801
10592587,0.007832184356340772,0.684475605314497,0.012627872899242281,0.019602700686238022,0.0423519797264549,2.953760037524766e-08,0.007803139080285157,0.14448472508785443,0.08082176331148702
10592944,0.017645151223906357,0.0019460534041396437,0.028178179041341817,0.03268231059326831,0.13178175134375947,0.4616502657051319,0.009993732633162545,0.26113598507823493,0.054986570977055095
10595034,0.02431867468231267,0.008249247097404263,0.07946117652954333,0.010253554859286262,0.04383547852886209,0.48004647508923004,0.0034255853317002303,0.30223551851938923,0.0481742893622719
10596119,0.0002403629516556925,6.729558205902635e-06,0.00011804381521378487,6.641168112498851e-06,2.726237982161406e-05,0.9970896143805478,1.5269244753118172e-05,0.002276299943916799,0.00021977655777259455
10599481,0.08173829058929388,3.347456837005441e-05,0.00020358269423133906,2.3725456689443838e-05,0.0001133371912731948,0.9149623884559774,3.658112166478598e-05,0.0024017967926437457,0.0004868231298561881
10599552,0.13635179549619608,0.4209908691916522,0.002617162267738154,0.002178663048314047,0.001249588847558647,0.09220591455713724,0.005197442898700664,0.31814159690041643,0.021066966792286607
10599609,0.4567076078141564,0.001810172464976488,0.0016264929160187042,0.0007111114123324509,0.0006626758029060849,5.522584334337296e-18,0.010803198417347195,0.5173406842259479,0.010338056946314716
10599643,0.6782264812011431,0.0005461718942865696,0.0005000127210655617,0.00030529446725048945,0.00026562781878162035,0.22877331243032026,0.0007630614046569466,0.08753225027810285,0.003087787784392436
10599718,0.21721254643879426,0.02567995567896155,0.004153364264581251,0.006701474530263545,0.0021122691046804804,0.11881155931768712,0.012105287305418528,0.29191801255694616,0.3213055308026671
10599755,0.23678338265556143,0.000730871996745761,0.0003609179912322113,0.0006780327954306815,0.00022169689227524155,0.7016376337631696,0.0009643924661678214,0.04258289451868853,0.01604017692072876
10599776,0.26097923251956273,0.0024433397534808347,0.0006139133402769415,0.0011856292342165566,0.00040315414249626714,0.5925004986560245,0.0018188429701048298,0.1143854239184278,0.02566996546540931
10599823,0.20334849067126742,0.0005891126516064302,0.0015273783147475854,0.000600177862301529,0.0013172394979310124,0.7708698295175522,0.0003959044349572373,0.014074430202071029,0.007277436847565455
10599926,0.078892791026873,0.002708021967213358,0.0014940618755153545,0.0005342076313108461,0.0007786166624187309,0.24706450705885402,0.0009839618911878325,0.6532041830223857,0.014339648864241272
10600363,0.3844402716800127,0.0035385711896795775,0.004695443060456545,0.017355127767203,0.0033932742112098477,0.12690320206559288,0.006830087869420846,0.2423071475279015,0.21053687462852305
10600655,0.012349155652413913,0.6931406280945662,0.02809813307221932,0.032756105225785245,0.003716281189793183,1.0734885071768844e-10,0.009349602756704241,0.1741823868812133,0.04640770701995574
10600700,0.6660997634745609,0.012275491170139022,0.0024513165026718254,0.0025954832058001764,0.0007928241443171679,0.0007326129702068943,0.004947464499293544,0.2895339502224618,0.02057109381054879
10600716,0.4457848568101501,0.03123316572914272,0.0015153835354417397,0.0021683259433710198,0.0006906233136687796,0.2792836951549947,0.006576310083472384,0.2149832268476941,0.01776441258206448
10600717,0.032854203952562916,0.01832942485327809,0.0023990424532460666,0.0019407772928405765,0.0005458491280075614,1.7526665643639524e-13,0.01788592316081488,0.8969368774711686,0.029107901687906085
10600746,0.5364087456235813,0.0017655937571776702,0.0003739516107589542,0.00036790334531893907,0.00024462664373825927,0.3896360969877213,0.001957129001149035,0.06025595548451733,0.008989997546037212
10602334,0.15387349815498402,0.00027741094826110664,0.00016123635975985349,8.880017193042377e-05,9.874701648890658e-05,0.8356703664450809,0.0003697431952059822,0.006252128517346292,0.0032080691909425105
10602555,0.004901155972633114,2.2505924593248005e-05,3.8595806440255685e-05,2.6558145699802923e-05,4.099325225132132e-05,0.9933445274467804,2.059994134364132e-05,0.0013845465537554171,0.00022051695650266651
10602707,0.12555840038563393,0.0002471418086780817,0.00022472770607111464,0.00010727534076618341,9.819438240766867e-05,0.6896201151529345,0.0005876442080991997,0.1821185786236374,0.0014379223917719284
10602774,0.004869782372946691,4.869869585868138e-06,8.739470983906654e-06,3.2791753566278656e-06,4.317859794792754e-06,0.9949096036019617,4.26186825831181e-06,0.00013985734126061277,5.5288439851554894e-05
10602968,0.008507111528338173,1.4255614679385881e-06,2.940862513115493e-06,9.104752869939334e-07,1.6304491348839007e-06,0.9913874336618778,1.7297857285936952e-06,7.737745659470954e-05,1.944021905796406e-05
10603667,0.06775009318804079,0.00033798038261973287,0.00019351881519951556,0.0001496009703984104,0.00020311715911822334,0.9214021839512547,0.00010262540153198316,0.008340995644768891,0.001519884487067756
10603790,0.003371000448391995,0.34405027490606593,0.010905792262492204,0.42243844997354146,0.008083509081735251,2.9259829744896122e-15,0.006374650617604741,0.13820346627750651,0.06657285643265892
10603793,0.05120966617037694,0.15061734755243292,0.008911888594168933,0.009305370047042936,0.0035713553100138497,0.23951267977327922,0.008295826925839588,0.4990547247813904,0.029521140845455207
10603811,0.021190947833287677,0.12906120300183174,0.005669206852722767,0.01766532083740464,0.0049540590556727635,0.15047968483396962,0.009692824466269593,0.590858402123108,0.07042835099573322
10603826,0.05805311504832637,0.4527510689020472,0.008195405133172694,0.010868797689981287,0.0030750564878037285,0.019639222482761374,0.01096204095912406,0.39712937065639975,0.03932592264038346
10603843,0.09672037923997429,0.4768896899981815,0.0044399357363522135,0.011663230167273043,0.003396976992960806,6.035951348639279e-06,0.01252180596745992,0.35018059615994784,0.0441813497865018
10603847,0.01008848858402264,0.003446056809633874,0.003301112525100832,0.0028760411417942276,0.000568607728405196,0.02025348552678894,0.01156859383748102,0.9032098893867087,0.04468772446006455
10603856,0.00303299896366839,0.567803796892365,0.00699960263538236,0.30109845645192873,0.005290159158483306,1.3118993213171107e-16,0.00837357451435834,0.05966556965475922,0.04773584172905461
10603858,0.1961039043769211,0.26745600444438195,0.0052228264851447,0.004458921106905352,0.002714860953096423,4.205884942485313e-07,0.0116099743055221,0.4788780101223062,0.033555077617227966
10604136,0.001028466447245509,1.997378893655738e-06,5.8979819398313086e-06,3.1964978821501853e-06,5.579729313630686e-06,0.9987646744865941,1.5766473411333543e-06,0.00016215098341664587,2.6459847373570758e-05
10604299,8.25541882717883e-05,2.9461280989095134e-08,5.204861972063604e-08,3.054862156682457e-08,2.8662600838410233e-08,0.9999142306329748,4.618038248066014e-08,2.4380298057278188e-06,5.902474420340524e-07
10604888,0.08532828598035776,0.011969600585368752,0.015946125406332057,0.007906324163866229,0.06904914348867754,3.5402847521066157e-07,0.002909423848474869,0.7782282120291636,0.02866253046928403
10605284,0.30570381856769785,0.00020581350017723435,0.00015081832797127697,7.696345112014874e-05,0.00012139532494505956,0.6774302773553357,0.00021941742962484852,0.014812251091289303,0.0012792449518385675
10607892,0.10242633775989526,0.00032109727444414005,0.00041401226537139387,0.0003551101617483875,0.000158670960993266,2.3468233394051545e-23,0.0015693923998551292,0.8929099617085372,0.0018454174691552327
10608352,0.6971605787456336,0.005870078431321241,0.0030591660626098196,0.002140558030021492,0.0017329189244250098,0.1744404858434393,0.0033575995044448866,0.09076665957913652,0.02147195487896806
10610526,0.009513869656640311,0.5679684452435609,0.008203484035715884,0.17034054263692944,0.006231655164971436,0.00020745687219679448,0.011233691011395394,0.06937516877125981,0.15692568660732995
10610534,0.007432560202362421,0.8646041946873613,0.009991481797814767,0.029690945375146372,0.009037902531228716,9.12827608914007e-13,0.007692656659166427,0.045473997299865745,0.02607626144614142
10610659,0.014540343870743235,0.0238911965276826,0.005319520103633247,0.008975492791518457,0.02873564218624186,0.7631352705023208,0.0017723455007045362,0.12793228557994252,0.025697902937212847
10611077,0.014011911426094734,1.3042144862103922e-05,2.9667719833538058e-05,1.112293679411183e-05,2.5523331016193418e-05,0.985274749919277,8.846907673145968e-06,0.00044115420367555545,0.00018398141077359613
10611150,0.8998406364882208,0.00047528303941066794,0.0005404380412820656,0.00031889294613590593,0.000160940417238222,0.053296742617727835,0.0008665432327656788,0.04271736916007854,0.0017831540571402703
10612960,0.0016957117715223399,0.0007523322980998177,0.004186336059231471,0.9371581137178234,0.025909466409162175,1.4793052920630166e-30,0.00776875626709921,0.00787641912723665,0.01465286434982494
10613432,0.0006196637914193844,0.0014609032478052984,0.01169601585159218,0.8443392817700147,0.09121460784383026,5.585775727430631e-37,0.0011046010524811876,0.0032511811878013766,0.04631374525505554
10615359,0.019365440124364617,0.0009473723089693019,0.0006133095568702852,0.0013906170799576054,0.0002954766501834505,0.7908827092350039,0.0007266454960576438,0.1791365680233784,0.006641861525214661
10616063,0.0007846221201691517,0.00035987718709801187,0.0006907185167513438,0.0004397535569023288,0.0010099958332052998,0.9797009534809694,8.043944395360944e-05,0.013837046735103276,0.0030965931258476174
10616067,0.009472739568209088,0.0036502914460142416,0.007695761694089096,0.0010465519016459462,0.0033951352127244245,0.7967220975275331,0.0008338651819923121,0.17146808250715373,0.005715474960638038
10616344,0.003704746300337746,0.0009201431348508724,0.0023006351311874425,0.6601863828304859,0.0049698202659735876,0.21109972115299058,0.013425252422227798,0.049922944592612435,0.053470354169333476
10616646,0.0004736828384607406,0.0003058118635050996,0.012300492027091551,0.9523459504438812,0.004703248596529439,2.660272110240376e-22,0.0018227249663267022,0.008202114672555392,0.019845974591650016
10617233,0.9871983550878319,0.0005104535443775894,0.0001491206738336945,0.00011472637648118513,0.0001175033960925624,0.002843491936671842,0.0009551033596332884,0.0052736258430353304,0.0028376197820427066
10625331,0.016595964968704923,0.019595089607055947,0.5551804982954406,0.13315081566370696,0.03873152268963494,0.0412758796260345,0.008638403211711587,0.10384015420795518,0.08299167172975538
10625616,0.7019435703894726,0.006131054301155766,0.0014573360013593456,0.001145090947551498,0.0006455960420378296,0.00024132443759582395,0.006325440505071091,0.2656958487837192,0.016414738592036685
10625848,0.01315925861442897,0.00017041478134881708,0.001968665879776693,0.001936867802422677,0.0004999451670538698,1.794294861781184e-28,0.003779297272561472,0.9695308501250655,0.008954700357342225
10629182,0.0027266348573785374,0.0021036819304532045,0.004583371718674585,0.8581373597672843,0.0015243564472182892,7.131840949765987e-28,0.025383045226538576,0.08041373011627466,0.025127819936177694
10629593,0.6022990592684744,0.00306448107507709,0.001881066487088151,0.001398930153061397,0.0009448346511965038,0.018399699176610346,0.006705411730217393,0.3249528993593446,0.04035361809893019
10631640,0.27586284689993157,0.02012236532420361,0.001362239353090707,0.0018095877038530432,0.0010704783544616123,1.3480633501350207e-15,0.007197403995359906,0.6753969014104002,0.01717817695869789
10631716,0.10469010657102866,0.006812470979245812,0.0067010405189247375,0.006674550693840579,0.011232274849514562,0.5479397529811875,0.03327834554641714,0.16627937110568672,0.11639208675415424
10631762,0.011352426726435565,0.003498802123204079,0.023028944792043156,0.23036993585889812,0.05315462251811041,0.01128689850443839,0.02410042515576322,0.45010488051278996,0.19310306380831715
10631811,0.7039790595682422,0.028822276583685656,0.006784388749026126,0.007202210493928489,0.005839292686585673,0.0004023060151296195,0.023372147795089983,0.1760743157904152,0.04752400231789704
10631837,0.015342620636672497,0.0028996780589251913,0.015738922816737503,0.25811701481174826,0.01596174266749569,0.12497565109329019,0.008258462944547181,0.4469746521480176,0.11173125482256599
10631847,0.3435792708643627,0.013021611217724577,0.004628890905493303,0.003549516440682862,0.004073755846899322,9.680664541066077e-17,0.021024208073336253,0.5627127987023522,0.04740994794914858
10631868,0.0895973561511291,0.0469178163257351,0.012287521708995266,0.04931387762705825,0.06630450443354041,0.0148537669327822,0.12164301514670965,0.208751968803282,0.390330172870768
10633681,0.011485013546599934,0.003909459079772625,0.35189544735763784,0.017308634081474338,0.0038200639553653106,5.800197437336721e-20,0.020183881880930694,0.560164751683082,0.031232748415137224
10634284,0.5975827103749007,0.0015788641196864506,0.018969932844907188,0.019817285442369246,0.005070049489880474,0.006140367567556171,0.005150349209577578,0.19647671978201509,0.1492137211691071
10634751,0.01668418905151802,0.0017778940884999664,0.00921126039921322,0.03755804979206476,0.009369694046851857,0.0006535524724691725,0.02500964293762765,0.8531105701720293,0.046625147039726374
10634784,0.022403688475300835,0.0038204196279646697,0.005795198135897994,0.044608437102345855,0.004932587305611901,0.20406974000226924,0.03279811429066938,0.214184850611354,0.4673869644485861
14964636,0.0381796805553124,0.0007744443951060427,0.0005477520021082412,0.00018353221392142905,0.00018889553106985968,1.6119130996714438e-13,0.005848433291356838,0.9522551247183131,0.002022137292650947
14965242,0.00638256120660217,0.0009322255746283519,0.5109845505453302,0.0050747434508861735,0.3179438517204991,9.976917231630295e-05,0.0012407422119871266,0.025743431809622,0.13159812430812862
14965666,0.2554969408287112,0.0004527898452437254,0.016907651405608386,0.000814042861538383,0.004686744268780261,0.21936897083055448,0.003134767953893871,0.4911570138113605,0.007981078194309005
14972026,0.009822262870172922,0.01229722510758684,0.002723059091883872,0.002180817216602355,0.0014780680479499788,2.729757693329178e-07,0.01362304456889403,0.9486541530613476,0.00922109705979304
14972090,0.00934904389250624,0.013791717871718106,0.001362459585993226,0.0012110985763279407,0.001104487112854231,7.524303073380242e-09,0.00988392164766653,0.9423533153096789,0.020943948478951608
14974044,0.008211450493052299,0.0002477428546774223,0.0017247733407211759,0.0009114215016485053,0.0008243750084353461,0.00010001697592438585,0.05410057255892949,0.8949193175846162,0.03896032968199538
14974586,0.0060880123263293996,0.0003033060340660413,0.002889116193810889,0.0014698878841836894,0.0016414235443100958,1.1360906748292432e-06,0.006843902433359493,0.974458188868937,0.0063050266243285386
14975479,0.49391667849826765,0.00021117912167896105,0.0005429141617900591,0.0001253419300701201,0.0001676961000175384,0.0031888229465992885,0.0007429464125228005,0.4968416326641926,0.004262788164860918
14976063,0.0025292313117142987,0.0011511308858200766,0.000736086711702697,0.0007525657313060525,0.0003392383640197655,1.54388263994783e-16,0.027797801820948098,0.9621813752950743,0.004512569879414374
14976076,0.005989939446702567,0.0005038663943761636,0.0005599774811456473,0.0003474953886614872,0.00046022855599154076,1.5094454227723666e-22,0.012370022639802414,0.9774031372712499,0.002365332822070098
14976116,0.004744227591375521,0.02307093940320583,0.006896940319485245,0.36587496166961564,0.002968337206991265,2.35017542803554e-18,0.02633642425702353,0.4341696215403298,0.13593854801197325
14976137,0.005238059815059813,0.0009207310897091789,0.0003464607605595837,0.0005754311395259195,0.00024168640577630252,2.471341715251563e-28,0.002922555099515211,0.9860933897775581,0.0036616859122958535
14976834,0.00099371465394244,0.0016029417578221755,0.06348815199489027,0.296030203350669,0.607511416077889,9.325534873543697e-39,0.005007093626715411,0.005771128595658635,0.019595349942413107
14978764,0.01486081966381593,0.00032739436769195414,0.003520160793522921,0.0004434997228697075,0.0004799658035290375,3.751012209383513e-09,0.003136892262522592,0.9307981488904511,0.04643311474458458
14981625,0.001506800693398177,3.317310554649296e-06,0.0008812093379292228,1.1556271880496333e-05,3.298653637362734e-05,0.9960257225221646,2.1691541901445896e-05,0.0013584812848250409,0.00015823450097273773
14981687,0.0011186897353212969,2.682884256146545e-06,1.1945215855565306e-05,3.387911245154225e-06,8.080235029851406e-06,0.9975366310728653,6.994444456815189e-06,0.0001193183121685779,0.0011922701888012384
14981722,0.011671748044887598,0.0003493631487115506,0.001498012423185888,0.000719155457774382,0.001416334782017344,1.8723923548176335e-13,0.006589459749869672,0.972843778882954,0.004912147510412218
14984061,0.0011638245590912513,0.017029515540099117,0.004517083866716557,0.1377149523250813,0.004714220614011551,4.90016261262961e-22,0.006342761858719072,0.8097649566523927,0.018752684583888533
14984105,0.003212076681390659,3.5575006095075432e-06,4.2371235623582174e-05,2.6523629968375303e-06,6.186315631096629e-06,0.9960558244371137,1.6578818382340275e-05,0.00047467608828137797,0.0001860765599708423
14985917,0.003322179317251693,0.0016708380591631325,0.005761231370773201,0.024817732138925578,0.0033119851860413914,1.0289543386509764e-21,0.01971533851126612,0.8553852257942843,0.08601546962229455
14985959,0.005713290523619384,0.0001979158524573402,0.0006409761354446365,0.0004013070500105415,0.00048485620029417326,7.56011486603424e-28,0.011531828024527215,0.973472415897243,0.007557410316403669
14986272,0.017165699003768575,0.0049762324183212706,0.01120534847229662,0.004006095994667912,0.0032683165297302335,0.020790616341749404,0.009258676884854423,0.9209820913783409,0.00834692297627054
14986784,0.004884231059429451,0.003836395357449213,0.012324796893380443,0.035810014246440626,0.0028829558192504743,8.439193809578719e-24,0.07572393982592669,0.7919263623479527,0.07261130445017061
14988721,0.0023192976571887298,0.9306103830672058,0.003115283452803646,0.011804119475065003,0.017391384806536667,1.3992655912526889e-31,0.003952084579407365,0.019502842136253203,0.011304604825539685
14988743,0.2643594828066349,0.68784511221107,0.005428923637404313,0.0015588944266193695,0.005742300879650451,1.3422429267377016e-08,0.006570787600380662,0.022902776572131484,0.0055917084436795175
14988773,0.006951592424416604,0.9841989920290288,0.0009691939117294688,0.00030355673101133097,0.0036759875310145504,2.1728237368140985e-26,0.0009016932118308836,0.002189433135678411,0.000809551025289843
14991846,0.002526082754781114,0.0031282288758908232,0.23161244276561882,0.193072595685082,0.32667304098192507,0.00036372988976051475,0.013744496785965376,0.10557115405507973,0.12330822820589646
14993381,2.295352111414335e-05,1.2225301703346856e-05,0.000287437387084214,2.4203372252225124e-05,0.00034103746010300635,0.9976091262929344,6.51294457590506e-05,0.0011405102499403388,0.0004973769691091411
14993467,0.005628234494415662,0.0013800630718361789,0.005294718150650163,0.002050856182260817,0.006340016265399133,0.6103970033039421,0.049494407099133914,0.22354619593355896,0.09586850549880313
14993499,0.007495485194028317,0.005815541002330415,0.012797166966506065,0.008982881227702,0.022520803833024294,0.12582359271974547,0.09652678389871423,0.209488115370978,0.5105496297869712
14993756,0.018774249825018584,0.000312859895728671,0.0019148563509576795,0.002078514191026499,0.0026521766112711067,0.8373981697790815,0.0008224690769286003,0.029459214178057046,0.10658749009193025
14993805,0.00020602004883007167,0.9965369803820877,0.00019496095249365577,0.0001411863929592022,0.0011273188901917569,1.32798928866551e-29,0.00022364898108774366,0.0008581752218108741,0.0007117091305390011
14993862,0.04100253552390819,5.2851069045503316e-05,0.00010997336522188446,5.883340083467777e-05,0.00010899537790443139,0.9248732509698293,0.00011294990739125505,0.005339760484963046,0.028340849900901736
14993915,0.004944730075345338,0.006617258067998182,0.011914346584404231,0.002632308536112838,0.0022258691136351925,0.8299350112055514,0.0512843064621587,0.0699289684735431,0.020517201481251086
14994055,8.591222155609991e-05,3.933014530607157e-05,2.4174947162938544e-05,1.5137521914489365e-05,2.1554763103411824e-05,0.9976518648336263,0.00014462910952726596,0.0008804156369694704,0.001136980820833952
14994074,0.0009621492596152524,0.0005221732869665622,0.01025679957925069,0.00048214535398609923,0.0008643348223005222,0.9783152664972267,0.00229501003389486,0.005048085532772989,0.0012540356339862928
14994471,0.00014242664849948417,0.000108433565719086,0.013852919040189005,0.0008869902924088814,0.002577951540474568,0.977207427196776,0.00020324736416829967,0.0024505948949488958,0.0025700094568156208
14994472,0.003185180237968501,2.2354469933900207e-05,0.0004011104901396438,9.841344144689306e-05,0.00020052862580205395,0.9910061165106736,0.0001896498419125686,0.004097820418405364,0.0007988259637176243
14997775,0.8721409287268272,0.004033270845155988,0.000976168281864727,0.00055171713800095,0.000616781309027756,5.074376095424941e-35,0.003599160444866309,0.11336185351747892,0.00472011973677804
14999004,0.11443106922470792,0.0066562475255754665,0.0010685391853908401,0.00022255694940846285,0.0008240470728617883,0.8605069534059568,0.004996906878578355,0.009785832868522013,0.0015078468889983157
15001560,4.800400941948387e-06,9.185214960051083e-08,1.444945330570903e-05,1.536428850819155e-06,9.305069148828268e-06,0.9998894748596564,5.352986025371052e-07,6.379336147804542e-05,1.601327586616569e-05
15001613,0.0035803888360711397,0.004492631087363312,0.1534045789465175,0.3909073600116907,0.36501143586709284,1.300537138355236e-10,0.00809806370915976,0.05994553346000011,0.014560007952050941
15001738,0.001553605176485936,0.0021966873266326733,0.027890850685552592,0.7725331599128296,0.10965593859542226,7.961849933826967e-13,0.003867851707189849,0.03418055842360375,0.04812134817148726
15004811,0.028443643948967468,0.5352669394055429,0.0037073943639000123,0.003519514931349832,0.0019037699252640896,2.455944058260968e-07,0.02780587093545727,0.3759308860570845,0.02342173483802797
15008061,0.9243469431887685,0.0006370533469339027,9.617881436083381e-05,5.681848871613238e-05,6.248103185531576e-05,0.06954736454743757,0.0005073343228219663,0.0035239821218781735,0.0012218441372275274
15008213,0.9873647155675445,0.0009755407793557335,0.00020145239545521897,9.693942241909691e-05,0.00011930131604857556,3.826627427041456e-06,0.0007132126324081678,0.009646406104050539,0.0008786051552911841
15008611,0.030175781988747114,0.00013251002247942128,0.00054523217041675,6.862357914985406e-05,0.00012976058944633832,0.8302829432728898,0.0006060845710044254,0.13651647515717813,0.0015425886486882408
15019961,0.3634015052312148,0.09827668434849302,0.0010369091434399823,0.0023189549633525004,0.0005512792783699175,3.696490933875081e-07,0.0035897178581635004,0.5008931594900833,0.029931420037789695
15020343,9.963296706934886e-05,6.456601645440659e-07,3.012331267157803e-07,2.100388011102084e-07,1.4700355185791708e-07,0.9996678152140277,4.508105721835602e-07,0.0002278187772230133,2.9782954635933352e-06
15020355,0.00017862501189345512,2.1714172998065882e-07,1.9744216874202508e-07,1.4256389063399252e-07,1.6289738817040925e-07,0.999768198822277,5.141246591039545e-07,4.736023338687205e-05,4.581762606076209e-06
15020443,0.008062425156769606,0.010616263582452486,0.005460560992631509,0.009041590834875988,0.0017119715317761616,0.786328522651331,0.0022810113967976736,0.15393709931748958,0.022560554535875882
15020475,0.0033575918670982127,2.8400742848017375e-06,2.258619259853576e-06,1.4050917754832997e-06,1.555205852121246e-06,0.9960374218673038,1.22183078290707e-05,0.0005357349965633907,4.8973970033225715e-05
15020478,0.005978284133237311,0.033230784779307146,0.0008372970070841797,0.007310405497366999,0.0006827838619176434,1.2313895495673853e-10,0.007409775119190211,0.7909217707778793,0.15362889870087817
15020616,0.06544947252022361,0.040515470866559135,0.0006333121177587173,0.0018833150631821169,0.0004296194461405396,0.043912655332686915,0.006108632806845721,0.6771994072815947,0.16386811456500863
15020628,0.5488594390815853,0.0027716980252484847,0.000859413658922513,0.0008598309743736993,0.0003898499916834154,0.024170474213717638,0.005279638664264114,0.39901659519553334,0.017793060194671324
15020872,8.177413980139509e-05,4.294575578711974e-07,2.756353178651932e-05,3.5170162776683522e-06,4.906848927735025e-07,0.9996862887679772,1.656709130352473e-06,0.000142975852846874,5.530383972938574e-05
15021128,0.5880469777730545,0.0007781303701495122,0.00030615132214291895,0.0003010146260960029,0.00016178793872322092,0.32424173600487255,0.0019233721254776216,0.0771711815417266,0.00706964829775706
15021160,0.7741529890997059,0.0007284043041754921,0.0003480766701266925,0.0004107338256118918,0.00025210305590552597,0.00014309216890556956,0.0013702216341985262,0.2147816562015119,0.0078127230398586
15021257,0.03238245945961291,0.0006932367616025558,0.002100801439852763,0.001324526995751698,0.0009648056159323952,2.5993590028565656e-13,0.14617233090549686,0.8101712009205997,0.006190637900891206
15021684,0.2516079261121362,0.0011962101120003325,0.0004542873295485095,0.00025502383749638697,0.00023643230610397077,0.7130476151776808,0.001501648754906502,0.023417066501709938,0.00828378986841735
15021692,0.11403349305903425,0.00015748550189598567,0.00044849708392110017,0.0004451513632916621,0.00015592702931166213,0.6472000878550145,0.0008861124171510616,0.23185704964489573,0.004816196045484103
15021701,0.0722638698183732,0.00789295209540809,0.000910714645257944,0.00232785245925208,0.0006261349674718357,0.0019352744938114844,0.004194552110110049,0.883552250916819,0.026296398493496263
15021774,0.010695049138487657,0.03609867785714357,0.001214001120638162,0.08985706552657553,0.0009621386444737485,0.09105644046422835,0.008251290849227011,0.4737643019689576,0.28810103443026847
15021895,0.7213588750078773,0.0017207164439093047,0.00041992271854641717,0.00035111903034521045,0.00031144723448286467,0.00017526793318088538,0.001889218674949943,0.26718515327985987,0.00658827967684818
15022136,0.00357144710543499,0.0021650740744628264,0.016395054566464496,0.7200882115416178,0.01089529153851602,1.8494745898413615e-10,0.025723117324766266,0.029935480919816505,0.19122632274397355
15022196,0.042952354963084444,5.7653797049793454e-05,0.00013719019580359578,0.00010710687768758934,8.915901008862958e-05,0.923500477108473,0.0003218865769110023,0.007547460480441746,0.025286710990460076
15022379,0.8866569587904035,0.007716627610558312,0.0004255462455660344,0.0003233054675929103,0.0003147025902589534,0.08894952559038044,0.007305809734349191,0.005767472429129708,0.002540051541761032
15022812,0.021865539639329787,0.0004698594685399678,0.0006889872563679949,0.00029482242456789937,0.000168589988284127,0.0030714749828758027,0.17071577331140514,0.7918531232137787,0.01087182971485058
15023358,0.01978446324725356,0.0001001435460076317,0.000343547827180636,9.07607292820793e-05,5.283296832513412e-05,0.004826800350034904,0.0006044019142772677,0.9712814165156244,0.002915632902014349
15025120,0.8370935895908864,0.0008177519876383474,0.0006813003062239658,0.0005342474239234038,0.0003088698580773472,0.0001144129077529818,0.002765813356870562,0.15134531177790014,0.006338702790726741
15026359,0.10341679909448606,0.0111063192221488,0.41720079846009595,0.00371387990443454,0.0019386979640620907,6.667887783824399e-17,0.00851353744169386,0.44541150880950375,0.00869845910357476
15026505,0.03419364395569889,0.00010300868675590677,0.0007804649391201033,0.00019466012592830477,0.0005834550671137388,0.5965905561919838,0.0008159218444521779,0.3655837063084114,0.0011545828805356922
15027149,0.6793723948089795,0.0006845337036689112,0.0008112544009389155,0.0002574799450917809,0.00029871204617524345,0.23296186235335373,0.0016991847326823372,0.0706493469886507,0.013265231020458925
15027656,0.8022438885428791,0.0060380968685251795,0.0028377820358109944,0.0016540227357779345,0.0017181769525273709,0.021247126023979285,0.00900170000400994,0.1357063871801076,0.019552819656382524
15029423,0.012588829108082858,0.0013579789280079601,0.004275839225426012,0.0040332661420713015,0.0007672549601034482,1.3926508822344532e-09,0.3651280788490431,0.5674996405462001,0.04434911084841437
15030927,0.05357664510840995,0.015427329096018507,0.011694935024250095,0.005962913489339735,0.008819940985457875,0.2161573326853426,0.009940388328268466,0.047247884351021084,0.6311726309318917
15030980,8.271659294554969e-07,3.0077608438269915e-08,1.653883883394089e-07,3.6390330439909046e-08,1.7371663907304813e-07,0.999988522321441,1.1066784084175999e-07,3.0217501693234577e-06,7.1125216531462205e-06
15031320,6.713578826512002e-07,1.0971440523731478e-08,1.5361818352626535e-07,5.754225838605985e-08,1.243923031049655e-07,0.999974433034,4.2846951587435885e-08,2.886371526745104e-06,2.1619865453587557e-05
15031685,0.1351093454515985,0.0035212413626224464,0.0023849116545235217,0.003839861620772321,0.0014768184097430099,1.7380699441761974e-07,0.01134455399565408,0.5530043699657983,0.28931872373229345
15032898,0.0005036120723954146,0.9167459445867809,0.005491709485912923,0.008464909017562616,0.05782966427991858,4.2995474411370143e-26,0.0037497186117369644,0.002807226224089424,0.004407215721603254
15032900,0.009458818982819903,0.2142595638584225,0.03439824215169608,0.22025783778210767,0.03229028978192646,0.022854539386241244,0.09111610544036697,0.2787731733711873,0.09659142924523183
15032928,0.0008334987749009971,0.7678362758759812,0.009252759256642118,0.08526217575481232,0.02820759468194307,1.6590510358433542e-12,0.08297891469131488,0.01171371410645054,0.013915066856295852
15033174,0.009800510567409463,0.004493925378483306,0.16397895514865524,0.2676418522343983,0.07667930533082848,9.487013402626208e-15,0.10231810907785195,0.07483525490402879,0.3002520873583349
15033276,0.0036605385276748934,0.006513649755509386,0.0033798822787345084,0.3032689051310681,0.004437883793520447,5.785809342234711e-09,0.3240651155296937,0.10665638397443464,0.24801763522355494
15033325,0.03249443178521945,0.0010397055816094224,0.0016494261060696481,0.0009963206954255303,0.0009274005916340281,0.543203309084934,0.018213611171464212,0.3495079797373181,0.051967815246325585
15034238,0.8659051425039591,0.0013949800309873129,0.0002090646035605116,0.0002972772127238326,0.0001364167597394572,1.1615998128954203e-10,0.00064250575344845,0.12820406521486513,0.003210547804556188
15034502,0.09180322407156043,0.0031255410323733123,0.010063099265748355,0.005938076137114273,0.007682507911738355,0.31992209100898,0.018015869637735677,0.09271644786013356,0.45073314307461604
15034629,0.00417040987053556,0.0002045677461638125,0.00041562732866145846,0.0004405877010523895,0.0015684552106418562,0.8845924850807043,0.0003842559628384143,0.00412503327255487,0.10409857782684731
15035001,0.036049056926751276,1.681687495721592e-05,1.9244218552960954e-05,6.785468999245829e-06,1.8310764843003194e-05,0.9563425790339108,7.871472243739435e-05,0.007245374823011278,0.00022311716653699215
15035009,0.002333957966128836,1.965480538473271e-06,2.1699019825562135e-06,7.193246016327463e-07,1.2025063481528995e-06,0.9936767462827432,9.800569487676118e-06,0.003945987147920887,2.745082024868958e-05
15035907,0.9238035810218095,0.0024873372469960573,0.00027074300025627774,0.0002487299917714651,0.00020076698487047064,2.6171067503018555e-07,0.0012637901987118314,0.06847282668449248,0.0032519631604169125
15035992,0.001968323779752152,3.41148815334484e-06,1.2580888446863723e-05,4.267615759095453e-06,5.7884130406851135e-06,0.9975522405346654,1.5033821916265375e-06,0.0004293541150632376,2.252978292758187e-05
15036249,0.5121337592163779,0.0015164170614788651,0.0008639779439908101,0.0015453579040230192,0.00035949747331795814,0.12762967386361151,0.0017980754437177653,0.33051819485834827,0.02363504623513383
15036548,0.00017602960455935176,1.8642665295265075e-05,4.109125775513988e-05,1.3653182780045339e-05,1.6492789443835746e-05,0.9918133008150809,0.00017940766999040056,0.0059072235383189455,0.0018341584767761602
15039526,0.0012779176280232874,0.8567504431872663,0.0030150290532270996,0.07720588261383536,0.016886145072960036,0.0004348536828098877,0.003108156202221113,0.015833941504307496,0.0254876310553493
15039570,0.001539839589055095,0.09174832527228913,0.006935902741825611,0.059261439176553424,0.003021398395868951,0.6882188289059192,0.029538660544293677,0.009129873603371693,0.1106057317708232
15039573,0.0022083530153177823,0.1431716858698961,0.05124423618540751,0.13029208816234764,0.018937742195142063,0.4181603041074335,0.010483001003493208,0.04014431297153183,0.18535827648943035
15039604,5.150652784505665e-05,4.0854153021035695e-05,3.567463375415862e-05,0.000465362544391606,0.00010602997093991354,0.9975482258251613,9.678467613404804e-05,0.00016583832518341244,0.0014897233435694746
15039605,0.006279922184066158,0.3496339577923929,0.0009179639920278589,0.008462714341377424,0.0018219009542811422,0.5164862211780592,0.0034649851351701926,0.011423859722513821,0.10150847470011122
15039606,0.005185373898007834,0.00013789291508042997,0.00039703814290974497,0.00030510773514597414,0.0003392987253520606,0.9577887946675083,0.000736542850069229,0.007397967939476599,0.02771198312644981
15039607,0.00013246428673608613,1.9691914022868906e-05,8.567921697152311e-05,0.00045608879903353454,0.0002462975850229344,0.9958543230877416,0.00031622914666122723,0.0005552349225033668,0.0023339910413068586
15039619,0.0008878903498320855,0.007900030584569024,0.02737522581195282,0.019100892628847975,0.015883897593669725,0.8982566301788063,0.0015551137262809424,0.00970092967776667,0.019339389448274347
15039670,0.0013644784526403238,0.002389471513157655,0.0004915121015197242,0.008749034477341894,0.0031986322782692972,0.8814184268089751,0.0014160334599164423,0.009662943133018248,0.09130946777516127
15039706,2.4633466752989838e-06,1.0272012006686747e-06,2.8462079951692086e-06,3.323989090760299e-06,2.04205555354747e-06,0.9998683061021726,1.2635304093551968e-05,5.635743014482105e-06,0.00010172005020386648
15039727,0.0003350925877459399,6.742238998489875e-05,1.893653882895847e-05,6.728948976415778e-05,1.7649217684632767e-05,0.9914830715868772,0.00031564667633927717,0.000818975429843081,0.006875916082931725
15039753,0.0023535294503214486,0.005661447321870546,0.014907353174897147,0.04837409019090241,0.016884420014017586,0.7854998114794765,0.002214934187461065,0.03177790143164815,0.09232651274940523
15039779,6.391214500027457e-06,2.9193614437753645e-07,1.715136366027869e-07,1.1271139097481003e-07,2.2577585481677505e-07,0.9999677632362317,2.542562309340361e-07,4.78251799812951e-06,2.000683801234903e-05
15039847,0.00021250624214873246,1.9740071661278275e-05,5.846179130790316e-05,0.0002443593065148674,0.0005739002503415385,0.9802815762090086,0.0001183544831789779,0.0005613940030246367,0.01792970764281329
15039953,0.007383769686634532,0.005284541718501472,0.004489829649369256,0.0036508493108424766,0.011562209859899673,0.9122654136825543,0.0004077109922416775,0.018797876711478576,0.03615779838847801
15040005,1.8624959504336785e-07,5.676160410247484e-09,3.570312065362996e-08,1.514325556332399e-08,3.2919534158813877e-08,0.9999865511057322,2.8823438362321665e-08,2.9485679204474784e-07,1.284952237152818e-05
15040385,0.0006059229529376338,0.00016821808747123296,0.0016361105380520071,0.0009072513367930854,0.0025821899627488285,0.940445415944408,0.00018263131025561958,0.001198433250163495,0.052273826617170026
15040821,1.5214129612049104e-05,1.465498573101685e-07,1.473853902981638e-06,1.7859181603625842e-07,4.819155129734758e-07,0.9998301163924793,5.89819860937348e-07,2.736181368299626e-05,0.00012443693327542012
15040857,0.00037401527068953356,4.867107920756322e-06,2.7336111651699334e-05,3.112630988174054e-06,1.5246794981219898e-05,0.9968451669237013,1.0378367075466802e-05,0.0009701177696661243,0.001749759023325828
15041986,0.02538533465266795,0.004994442111863574,0.0001112723209799488,0.00011093635072082915,0.00011788624799303101,0.9565391996984729,0.0003182054179133156,0.004292525385762029,0.00813019781362651
15042110,0.015259200653915273,0.0008409296251626538,0.00020847103595398784,0.0002104878657060098,0.00011454953042395583,0.9246953836283603,0.0013249365657420815,0.04169664295468446,0.01564939814005111
15042130,0.0003648654335192293,1.3534923099805787e-05,1.3788978636831965e-05,6.088185968123292e-06,3.5232354822338833e-06,0.997341373107826,5.700309782340193e-05,0.0017784522910540019,0.00042137074659031535
15042158,0.0021889731267375366,0.006654785480485588,0.00029144497837229087,0.002256822459832609,0.0007121675624568557,0.900556483024156,0.0024977285523077016,0.024471074568424237,0.060370520247227166
15042268,6.537355380216955e-07,1.7283447448957988e-07,5.475161550106435e-06,2.26953681009757e-05,2.9487277740946856e-06,0.9999490313794638,8.317443587305752e-07,4.693890046381817e-06,1.3497158693317679e-05
15043753,1.956852513299117e-06,2.0799023616723536e-09,3.03795077897035e-08,1.4351427849597925e-08,2.5208243504882463e-08,0.9999951822764734,2.5774374509554682e-08,1.152293371757925e-06,1.6107841855675527e-06
15043834,0.022166084349422688,0.010000909155765913,0.00635036971169964,0.008983533747221129,0.006108287744980836,0.18888867741994558,0.025221809516588905,0.07294457511418409,0.6593357532401912
15043839,0.0004161069558106056,7.608885016692065e-07,6.087592006477179e-06,4.1024672612417905e-06,5.809908643124524e-06,0.9990406720432776,2.304637847390561e-06,0.000497382870324415,2.677263632752067e-05
15044458,0.4685121791764292,0.0019270831732898027,0.0007613382427264336,0.0005773696301658133,0.00034818812002565004,0.3694094313472961,0.0015188549135275588,0.06370684186239191,0.09323871353414755
15044472,0.5987461411525582,0.0021327320512732413,0.000563385229868558,0.0004276312088087882,0.0003455790220941188,0.35051241086355117,0.0009183681302441275,0.01830094006255968,0.028052812279042105
15044738,0.0011648867181455456,0.01249712692064436,0.11899039463368502,0.1700205625689124,0.09627418289170313,0.5343524016515284,0.007233451409042737,0.015689388772252354,0.04377760443408609
15045093,5.9644660820529334e-06,1.75426260517557e-07,1.8580804463096291e-06,4.5643014456650406e-07,1.434887445431791e-06,0.999512173593204,4.6838402949053925e-07,8.903468438631032e-06,0.00046856526394888824
15045554,1.3391901010496268e-06,8.729413061520789e-08,7.047367929130052e-08,6.767415982628999e-08,1.4275019812703475e-07,0.999922874911702,7.898294934335162e-08,2.039996537263609e-06,7.329872654265247e-05
15045558,0.0003680107410049849,4.9801812656900425e-05,3.667356335476444e-05,0.00011530517580702953,0.00023472609053683404,0.9581912359132462,0.00020423822550461076,0.000867673060230223,0.03993233541765866
15045579,6.184369205295762e-05,3.30803623672557e-06,8.842515816721673e-06,1.0056201967798788e-05,1.0492425658121156e-05,0.9950286717868041,1.3780273605568284e-05,0.00016951496605033595,0.004693490101807663
15045654,1.3663540213470067e-05,2.0377366835517896e-07,4.671998018977078e-07,2.472665417785209e-07,7.492020604724694e-07,0.9998375757669755,4.5384037422311263e-07,6.318885106681179e-06,0.00014032052525763801
15045792,2.5951377525760524e-05,3.1910320417945253e-07,2.3254875424014567e-06,1.9042066641158037e-06,1.6270235226361182e-06,0.9995850327002767,4.329687706780201e-06,1.683354006640898e-05,0.00036167687349106297
15045893,7.72126720417855e-05,1.0842993055939468e-06,6.203733615876352e-06,3.849959662407732e-06,2.5170757676417743e-06,0.9987220108850335,8.9888360707612e-06,0.00018736087265281087,0.0009907716658494276
15046221,7.810850753443921e-06,6.488080426927207e-08,2.2587228968175665e-06,4.831008163767377e-07,8.199313031392856e-07,0.9997512920422535,3.2846903739847985e-07,9.528154573450847e-06,0.0002274138475614897
15046234,1.5451493832994454e-05,0.00014732080399740326,4.2352617394562304e-05,6.116700608662471e-06,7.660018969946881e-06,0.9996279487597961,7.67418899401673e-06,9.532337038669162e-05,5.0152046019485704e-05
15046237,0.0022909364603295474,0.1506752326593309,0.018570831265159907,0.2433003488825614,0.3169974471827322,3.995096364880333e-23,0.019138730520714856,0.01732370981404541,0.23170276321512578
15046520,0.0004853151296990106,1.4489326109048223e-06,7.027213498823391e-06,2.1778894589551635e-06,3.045929140051637e-06,0.9989856205438852,8.877931376515266e-06,0.000209788037864901,0.00029669839246567137
15049213,0.004992643145193215,7.680092551146136e-05,0.013385495694337456,0.0005972344657417461,0.0004339728089605158,0.8991796933485094,0.0002061553735495924,0.02830155839953814,0.05282644583865853
15049624,0.004201485520178794,0.0024898030297228224,0.0045570653410320645,0.010542002127408408,0.016085171622830234,0.6686857664891493,0.04331074204471058,0.020271087019598157,0.22985687680536956
15049791,0.4723746364017928,0.007226812069249843,0.003051067920458197,0.0015581675278062352,0.0017487093027190193,0.31472105089989355,0.004611183419754884,0.10758464309861046,0.08712372935971505
15049898,0.0032278313451994285,2.367711372448205e-05,8.736944403964664e-05,0.00023901091526475144,0.00011021441112252586,0.9883955884018754,0.00031479285875746617,0.0051973532231782225,0.0024041622868380412
15050105,0.00014803022503444822,0.00031039568264028836,7.113238551533153e-05,5.5090686046660456e-05,2.102486801784842e-05,0.9975160961264186,4.570502612427896e-05,0.0001822020783180168,0.0016503229218845991
15050202,8.116897016770875e-05,2.0155203746270177e-05,0.00043121337591846276,0.00012292462949043388,7.269345557798848e-05,0.9973710161929263,5.0048213065648443e-05,0.00021674113470611015,0.0016340388244010476
15050310,0.0021236401274219363,0.004070026288983096,0.008671811910809433,0.004474593186439965,0.0312640739518744,0.8614847268093737,0.0006186535691451937,0.013126474918444936,0.07416599923750747
15050463,2.2048075043566324e-06,1.31572380871088e-08,6.40728919409952e-08,1.8633805437773782e-08,2.3283937926712488e-08,0.9999762623263413,3.7676584132732935e-08,2.8200050978269903e-06,1.8556036598910283e-05
15050557,0.1235698221118368,0.0003246921703292121,0.00016400777211307153,9.651965848646795e-05,6.283152349319775e-05,6.951295670376507e-21,0.0008788871184808716,0.8735736561925609,0.0013295834526994507
15051367,0.023458561679319125,0.019100623432626647,0.0031309870446016076,0.011365715491408208,0.006403592775259054,0.33835289265297436,0.008312225603057711,0.054502877485952984,0.5353725238348004
15051372,0.0015500760443018988,7.46428369751335e-05,5.738218948943885e-06,5.30826336123484e-06,4.703145862668442e-06,0.9955306543626022,1.4416491641731587e-05,0.000622675573590073,0.0021917850627161525
15051440,0.000699719480516325,4.014828386396955e-06,0.00013705415977920268,1.939722790126993e-05,1.790280470721096e-05,0.9967316043510046,2.9641584017342868e-05,0.001743992245658709,0.0006166733180289462
15051458,5.645252732940873e-06,9.319501539260033e-06,2.3600984434901767e-06,2.9811785242933793e-05,1.7950957922633447e-05,0.9986588438675448,6.235246433072172e-06,2.250015490132251e-05,0.001247333135239615
15051493,0.015771234018538752,0.001917858227418526,0.0016874613006597789,0.0001462125590711563,0.0020602041075715944,0.9684090749694676,8.797915845253022e-05,0.0026635759552901617,0.007256399703530002
15051514,1.0155311924649911e-05,8.759870306436336e-07,4.705019415379296e-06,7.633291884880577e-06,4.576761445976773e-06,0.997792207202953,9.267200805885694e-06,3.418675125867618e-05,0.0021363924732809994
15051526,5.437577675423654e-06,4.1567482766586584e-07,1.276427046217229e-06,2.3489742940215117e-06,3.237075921696669e-06,0.9993878860863145,2.1484880024049632e-06,8.02868234861926e-06,0.000589221013569359
15051944,0.0006737722901384776,3.728381463518394e-06,8.418718217995598e-06,3.96296055297326e-06,2.7695946747776737e-06,0.9989004041206477,5.764523467212274e-06,0.00012991113328304494,0.00027126827755412245
15052019,0.00026686733437586966,4.467513168324447e-06,1.96680349331388e-05,9.145020916646505e-06,1.0660371488097838e-05,0.9962597539156718,5.4771288449480326e-05,0.0009414273278305324,0.002433239193165946
15052565,0.00015600915417263145,1.3267722465839806e-06,1.0024862531707066e-05,2.4680245637593593e-06,2.685345847126755e-06,0.9972539075373611,2.7653251400022516e-06,8.829436966248898e-05,0.0024825186084743945
15052976,0.00010141185410247696,1.3754292395525002e-06,1.752167401585782e-05,3.888751404174637e-06,6.0205887322870305e-06,0.9987789651103004,2.9096741839269233e-06,8.549622449131163e-05,0.0010024106935301027
15053085,7.549578802195283e-05,9.739496059143718e-07,1.8707770084385504e-06,1.3966776553936281e-06,1.3170323545388704e-06,0.9993690661506831,5.386086863277858e-05,0.0003186997523350753,0.00017731900370271386
15053109,0.00014814830259257311,1.6994302749691928e-06,5.951959101216486e-06,3.8582408175382775e-06,3.600488065336216e-06,0.997758166246806,1.1092408561466324e-05,0.0017666075235788705,0.00030087540020199685
15053168,1.4797006494815081e-05,3.1207932131556117e-07,6.921851366251588e-06,2.5746116664979995e-06,1.778544948678077e-06,0.9997870448786704,2.297368441647075e-06,6.75079593197276e-05,0.00011676569977065029
15055032,0.00029453783147293086,0.0001497278879573066,0.005342863893102035,0.9696597238502491,0.0036107393500409016,6.9004042343354185e-15,0.0010573124059043368,0.001238700928524079,0.01864639385274219
15055131,1.7456882427121177e-06,1.3453516832573823e-07,1.7411901026778262e-07,2.983048462394882e-07,1.5041473882768805e-07,0.9999285424554467,7.226942615881275e-07,1.6640576047343442e-05,5.159121223795066e-05
15056263,7.030197141415584e-06,2.4924653184679452e-08,2.0468311170004097e-06,3.886358356427415e-08,2.911923250461113e-07,0.9999822889072755,1.1920700953892055e-07,6.351926153465861e-06,1.8079507410882026e-06
15056325,4.873703671534164e-05,1.1042803299780101e-07,6.431510378588601e-07,2.716342190179901e-07,3.544662502029432e-07,0.9997540380473833,1.6093374704333482e-06,0.00018330985457664362,1.0926044314294874e-05
15056446,0.005330629063045018,0.003871122047878958,0.008659647420758785,0.1021536737126407,0.05351270336164917,0.36321496810403386,0.014269836734973373,0.029998226628329183,0.4189891929266908
15057064,0.02482671179818273,0.008810110464168724,0.02185061822713002,0.01547218756480949,0.0157515313605363,8.615021767714636e-07,0.006326379980085955,0.8798358533704329,0.027125745732477224
15057224,0.02671302947685545,0.0010546110265173274,0.0011840408399974795,0.002888367656753034,0.0009280513928776714,0.12860258808896224,0.0781967341326179,0.6515617631800288,0.10887081420539013
15057243,0.006332048104279317,0.0009847730748990117,0.0025596687776385366,0.005427485068941028,0.0011609213883429592,0.0022679915968646584,0.09639175692829638,0.8689088135155361,0.01596654154520212
15057248,0.0033446058526022033,0.0006268493039393832,0.0014664431940990537,0.002664684741056459,0.0005817773430553726,0.03318208603064672,0.021610626298093925,0.9096380191515703,0.02688490808493662
15057289,0.0052553913986629,0.0013226632337139052,0.007145239139730089,0.03793487358142877,0.0035909302074064882,1.2581823346072065e-21,0.05475342244155188,0.6649184802412922,0.22507899975621376
15057296,0.0019051126729494443,0.0009387274339595828,0.007074352347235515,0.8320170352262066,0.002508446240792107,5.400455903194717e-07,0.009229481552369285,0.05288145994822404,0.09344484453267318
15057304,0.017828862905892372,0.001179598081824773,0.010228300293230418,0.02590421275589736,0.0018388044999745317,4.964092232036059e-08,0.11725954792841824,0.5560316685758806,0.26972895531795943
15058303,0.028805695226293303,0.0008546124425765436,0.0027126428011937363,0.0007339171237897132,0.000748046110248477,0.3827169272257573,0.0057342181073388445,0.2316394795984485,0.3460544613643535
15058305,0.009470810499223981,3.289241707489132e-05,0.0073708323455679734,9.627179665713276e-05,0.0003016843764175158,0.9758007074777366,0.00016986850131683195,0.004626248799222889,0.002130683786782166
15058429,0.035050125633748305,0.0016858300302645991,0.0033107964890924887,0.0011366161007366413,0.0013995958542312348,0.025094031170501373,0.0260445634745462,0.7902400579362594,0.1160383833106197
15058514,0.0005848717014068537,0.00024410245597862303,0.0005423659275535544,0.003512729241297693,0.0011537384025758722,0.8582683687658772,0.001736327312009556,0.0019493043350026992,0.13200819185829793
15058557,0.6768661051544334,0.0006768569440735651,0.0009295612807151965,0.0006597667424000515,0.0005031605936250458,0.2126479606341746,0.003530626052363789,0.06459557884764631,0.039590383750568135
15058570,0.00021941062133028558,5.218511749531175e-05,0.0035976603572093003,0.0006677772782009128,0.0011711518693188056,0.9884347337299358,0.00021075001816729674,0.00045349149657700915,0.005192839511765378
15058887,1.9925305641599498e-06,6.406901427796923e-08,7.130515995042338e-07,1.4806747651955204e-07,2.220731982735994e-07,0.9996237100336975,2.45899133887758e-07,3.9755771869713915e-06,0.00036892869812893983
15058936,3.884412127283408e-05,1.0935382260587552e-07,2.1091364049363235e-05,5.124930201454672e-07,1.0244997654573292e-06,0.9998114829761867,3.8582988271837045e-07,0.00012092174060157226,5.62762139864274e-06
15058967,0.00012241155691907724,0.00016767933107874277,0.0036460142664215844,0.9784169948022745,0.0016967778079715052,1.2708107543098103e-34,0.0007211666637022288,0.0008912584877815522,0.014337697083850822
15059289,0.00038944324942075364,0.0012474208248361386,0.004934540360458684,0.9221707503766682,0.05005746633743766,1.066796722069407e-37,0.000876172911324875,0.004989552497876607,0.01533465344197712
15059736,0.0014396538061466116,2.6511362643153748e-05,5.62437597815009e-05,2.6869304553587403e-05,3.790612041340764e-05,0.9882297195632705,9.339859935103056e-05,0.002554151637117234,0.007535545846722937
15061215,0.005781528718040599,0.9733152602039226,0.004196770714669377,0.0008890609420613828,0.0030289702329287962,0.0038133164240214184,0.0020280463014596844,0.004541189827723844,0.00240585663517225
15061312,0.38942765415539415,0.13802925563673357,0.0017409664653645896,0.00217249151672892,0.0008294379936911626,0.09775896070760136,0.023914041882051335,0.0713168343542323,0.2748103572882026
15061627,0.0005946543223084592,0.0004158159603281692,0.0004718661533380285,0.0015259973647317416,0.002248224857842428,0.9590608016907292,0.0015626424067049787,0.0035207897021336913,0.030599207541883344
15061644,0.0011544675468442866,2.9029119563804267e-05,7.41528123586341e-05,2.851319019016953e-05,0.00018555643377062377,0.9931897651192821,0.0001110872766041014,0.001489919234892713,0.0037375092664934705
15061776,0.0028161382329424675,0.0013786214910823547,0.002157642390437247,0.0026707055330423024,0.008816976496309498,0.8308123096432759,0.0026376197871464274,0.01775969418348463,0.13095029224227922
15061830,0.0003069960595050049,6.195266340267781e-05,7.61820361838593e-05,6.26217323167763e-05,0.00018787311746234093,0.9908668393260885,0.00014276882356797536,0.001094278650249101,0.007200487591223698
15061848,0.0006440120024797196,5.3086073372799284e-05,7.750016294109787e-05,0.00011002549507890863,7.24944596154793e-05,0.9940334909439189,0.00014423656933135374,0.0007840043585776024,0.004081149934684221
15062228,4.526788230582443e-07,8.164056695148387e-09,1.0727710557059182e-07,2.391117624917055e-08,3.723646168441258e-08,0.9999724676780938,4.501537963347286e-08,1.5312241445995754e-06,2.5326814758585734e-05
27203641,7.016141230784811e-05,6.990327313301262e-07,0.00039443034885532037,2.004097226017668e-06,4.525536440462817e-06,0.999014062286381,6.163980741338638e-06,0.00043926341080900076,6.86898945077155e-05
27204020,0.0013751031294187742,3.3326563008499245e-06,0.00011754135819555352,2.1670117613037572e-05,2.718438067560002e-05,0.9976658019592242,3.727014605976215e-05,0.0002987193691446822,0.0004533768833676883
27206412,0.0008452262840820893,1.0885316374320935e-05,0.00015855287335476149,2.8074446653708325e-05,2.0234823391722903e-05,0.9722284451038764,0.00011491727368929346,0.023505623144561373,0.0030880407340164078
27206656,0.002042658458021767,1.2582363170553815e-05,0.00017529290413043088,1.3057166154756451e-05,2.696647942424517e-05,0.9915096974121902,3.9385934369216036e-05,0.005013949884215976,0.0011664093983229284
27208230,0.006771447739490401,0.146284027361763,0.01278067793530469,0.00597327464438214,0.1569206944124874,1.7158667262082304e-11,0.0271002025399275,0.31964643649706437,0.3245232388524218
27209390,0.0022872198100988314,0.00013352325903648,0.002749755604804196,0.00028981816116728607,0.00016210048745576413,0.6518868557971886,0.0017055252805257015,0.2825261077637128,0.058259093836010425
27209479,0.000189927986387482,3.930172124561517e-06,0.0006255791461202877,9.341701778125831e-06,0.00029332543519481225,0.9976759398159569,2.7824328940875464e-05,0.0005805053533774724,0.0005936260601194802
27211860,0.0006449788366970636,6.409927732220075e-06,0.0037107880751221602,5.184191936883219e-05,9.054401941788831e-05,0.9915452937110103,8.221201195709336e-05,0.0034945288868692,0.0003734026118251314
27212120,0.004876840197698702,2.802565860650706e-05,0.007914890912061202,6.236973787138918e-05,0.00013092589713808192,0.9689864771487569,0.0002239772163770044,0.014593305508267474,0.003183187723222932
27212973,3.8783507877593596e-05,7.078163730826443e-07,4.721115296541775e-05,1.701588752666251e-06,8.383929166326488e-06,0.9995057889825958,4.515020096456515e-06,0.00027813674598973755,0.00011477125618311926
27213635,4.635201238364833e-05,2.304651785699738e-06,8.856987140609841e-05,6.213931344732094e-06,1.9219291939224843e-05,0.9979936863201463,1.9962042047506918e-05,0.0004668408646394907,0.0013568510143071877
27216793,0.0005153440087508094,0.0008251238127791295,0.011677735968788197,0.0019240535614406778,0.011444300556200163,0.6535846967116337,0.004874964294781825,0.21533106635551807,0.09982271473010759
27217890,0.8628347424139085,0.016772032691395163,0.014015615005922692,0.00375859523431425,0.012150135594935618,9.567870387342845e-08,0.007233422646165369,0.05794925948469254,0.025286101249962174
27218299,0.002942640024086454,0.00021330984148481522,0.001763210052027593,0.0002574279887047362,0.00020919331638621198,0.6992902678283761,0.0009326253273444027,0.29061186714176207,0.0037794584798275764
27219055,0.01236073294356509,0.0059866005046995425,0.005400343042614688,0.0010709354682320322,0.0076746285192689,0.4348567648473223,0.005131537503318724,0.47371549255367607,0.05380296461730279
27219363,0.0007847270900557459,4.1481245304305595e-06,0.00047060307023778406,6.754819766387032e-06,9.072494894902506e-06,0.9980294830345386,1.5153298983182096e-05,0.0005145578987499355,0.00016550016824319857
27219923,0.0009614279795298377,1.9560876704420684e-06,2.8641429135442885e-05,5.696832688662591e-06,5.987762511764185e-06,0.9983388967660695,8.513785120164545e-06,0.00037825527099266405,0.000270624086281616
27221361,0.000244218587283361,4.948870910799042e-07,8.97871658835543e-06,1.7677391400634346e-06,1.445927702808469e-06,0.9995119739553726,2.9019509988823837e-06,0.00014168878675384697,8.652944906892352e-05
27221885,0.00012412692461470447,2.2667666362067473e-06,0.0006188429467636388,1.2931555797257426e-05,1.7322812691645806e-05,0.9962581479281637,2.361593741752777e-05,0.00283575982445563,0.0001069853034597379
27222482,0.0025746959967840174,0.0002969546540428192,0.04301133507799226,0.0008872167804381031,0.004530461558952094,0.45779026834363046,0.004943604794216495,0.435822025255039,0.05014343753890481
27222643,0.0030214637271904835,0.010544348818125842,0.010102396778777905,0.0036382892042363473,0.06424111046340057,1.7284056444037113e-05,0.013566337220299523,0.8555068926893081,0.039361877042217094
27222752,0.00045016875054633236,5.234308688344091e-07,0.0001960118432426702,1.3315744805355752e-06,1.5028915591209762e-06,0.9989587548995772,2.6655854482283106e-06,0.0003657308842896402,2.3310139987354254e-05
27223993,2.4906998933324048e-05,4.6482458366872005e-08,5.1494472293801224e-06,2.0870473913738538e-07,3.017440261133765e-07,0.9999468260718419,3.494441185917036e-07,9.86065052850081e-06,1.2350456124598044e-05
27224111,0.0036993060449048458,0.000854684439130547,0.025963449067867257,0.015301396832880121,0.022014048418635728,2.721780275296887e-22,0.19116919372098773,0.22209061405045555,0.5189073074251382
27224390,0.0007161089362228732,2.521981447321946e-06,0.0002649922251714746,9.642259835511914e-06,9.908443723718935e-06,0.9955692715795822,2.5342791214118846e-05,0.003273117160910497,0.00012909462189225631
27225248,2.551121790625302e-05,2.9669037862983696e-07,8.493035265808505e-05,1.4299206889561915e-06,1.2370160664843328e-06,0.9996298709735539,2.5411927590942193e-06,0.00016018125419697805,9.400138179159475e-05
27226051,0.002119498881048407,0.00024494810843761006,0.03438066359472021,0.0009578641833884211,0.07828526569319692,0.713309483461036,0.0013107833593855591,0.013966788263043334,0.1554247044557436
27226820,0.0017454386078143904,3.47283602214204e-06,6.542234362946958e-05,1.2901302507235818e-05,1.5463686537194317e-05,0.9973058071208996,2.268173674292896e-05,0.000599539086746645,0.0002292732791005253
27227362,0.0022322632030109526,0.0025386531088817535,0.013486521592700172,0.0217057154031132,0.2480445239437019,2.2957023599850287e-20,0.006654761676256596,0.0698216545870456,0.6355159064852899
27227417,0.004375929097533594,0.002721687472161065,0.03492407847933881,0.02575642173999922,0.271060297187906,4.26932445945295e-18,0.020600106152139946,0.2967017790816751,0.3438597007892463
27227545,0.001251717637674396,0.0014446137437078377,0.012274064963113568,0.02158989528178062,0.8355327541741102,2.6992432818059467e-49,0.0032068938816392266,0.01832834188362589,0.10637171843434827
27227747,0.0011288099420198486,0.0015042835460342822,0.005306752132561823,0.0051826210948572905,0.09535466175254409,2.393503175130692e-26,0.002488719274100564,0.0534412078396856,0.8355929444181964
27227927,0.0008881628002670148,0.0006601044336009933,0.0270092797843546,0.011487296228664803,0.4751903407051807,1.3147038162574294e-29,0.003985517536495808,0.01528649930325153,0.4654927992081845
27228008,0.0008688323546886176,0.0008494647133369321,0.009813979453149688,0.005517691261533844,0.1744411688630118,1.717277722101502e-29,0.0019075065246496998,0.01749260449369185,0.7891087523359376
27228350,0.003636726918170228,0.0001585051458081888,0.00738953379851941,0.0007275220943610023,0.0018719424982778145,0.8495167445576882,0.0017909263787894455,0.03642117053237631,0.09848692807600948
27228394,0.000914596148965989,0.0006680973972668086,0.011573843612945705,0.007572922549046762,0.19798247740065494,1.1001850034460254e-34,0.0016042296045751902,0.009646226929003961,0.7700376063575407
27228486,0.01504550340318107,1.9487043933550325e-05,0.00011209427376880981,2.224065514194758e-05,3.52908491437768e-05,0.9828015543641732,4.66485440450388e-05,0.001331381944179982,0.0005857989224326316
27229246,0.00107415826040163,1.4933440532958004e-05,0.0015224223414307253,3.145163689026282e-05,8.668658383507737e-05,0.9889904881482874,0.00015920997378446658,0.006882789552811507,0.001237860062026056
27229258,0.0015610766238123247,9.203272288049843e-06,0.00022176092300074738,2.8242222386954746e-05,8.293330298812211e-05,0.9944336798334069,5.025846265917101e-05,0.0024075240449887548,0.001205321314468973
27229306,0.00030787561212821865,4.829650120721238e-06,9.532116200802243e-05,5.218003033305212e-06,3.270829551218583e-05,0.9970792162458697,2.9615648868068424e-05,0.00201593696555134,0.00042927841690857825
27229512,0.003011404930477231,0.0008035947842751334,0.0005897743296029808,0.00032381258146139014,0.0006732747334637736,0.9499063715554014,0.0005012959537496668,0.03502685117670839,0.00916361995486005
27230055,0.0012234896722147577,0.00021776514409448848,0.00011886543113766015,9.851087251797447e-05,0.00015425221972643175,0.9649964288216004,0.00016199192140015087,0.01878438820973728,0.014244307707570921
27230350,0.06775387687318098,0.00034614178737716944,0.0009593644223281058,0.00016610529180663528,0.00039174258547836435,0.8688876128009587,0.0006099600160734605,0.02647767456633849,0.03440752165645806
27231945,0.0007026720102868056,0.0009089876032239401,0.013080266112164906,0.004388007038806333,0.1317150006420797,2.032340027046884e-49,0.0019240377875494557,0.0045486358697855445,0.8427323929361036
27233361,0.0002556937013348273,5.350035527154863e-06,7.866103796746821e-05,8.032069222642741e-06,1.2915713156243661e-05,0.9954923889043213,2.0013427796932267e-05,0.0008166785742346607,0.0033102665364387247
27234012,0.0006125768753392708,0.0017686088098972732,0.003575092617084795,0.00136571183705447,0.02817824615054454,3.750844017927335e-08,0.004927852311813408,0.939325925802277,0.020245948087549107
27234810,0.0010645971704607488,0.000749042796660054,0.019430905836721395,0.004914201924797437,0.33248995963357286,1.486601398454685e-35,0.005145528668193774,0.00463506396834882,0.6315707000012448
27235927,0.0602386580224179,0.0007056793369313568,0.020365862660618274,0.0015183574065694898,0.0016190672119206252,0.3389989386296902,0.011327947572135084,0.33723067559079334,0.22799481356892373
27235992,0.004148395290422569,0.00030400672739385105,0.00819364895638357,0.0010449783136661371,0.0025203204950890574,0.5386101326634624,0.0029394035091922996,0.07303147744026511,0.36920763660412503
27236473,0.0016626255446954667,1.7353203644513106e-05,0.00026819942318624267,2.5875276963475915e-05,3.6084438750454305e-05,0.9807415313468478,0.00012399417396723595,0.016239880817220814,0.0008844557747241813
27236611,0.00041263362504302854,0.00026887703063608915,0.03295681224984834,0.00541405959373532,0.9018073405341734,1.4645241699908723e-38,0.0007098966741237604,0.00126414575978707,0.05716623453265283
27237922,0.01486767545679954,0.00036140509146124236,0.001509088345680113,0.00036883877891373117,0.0014616846816839064,0.9194208718824838,0.0005163821811634893,0.03961731262846568,0.021876740953348465
27238108,0.035179493886188365,9.884325793823451e-05,0.0006570008561451108,0.0001158584506310005,0.0003431065257792291,0.9388362369184108,0.00016384096621781323,0.003444021704575835,0.021161597434113617
27238172,0.0032668829946351174,3.2842620198089684e-05,0.0022189370995477414,7.06100147985761e-05,0.00026079295368645124,0.9776074848764565,7.27970844924592e-05,0.0018568487457599526,0.014612803610425069
27239286,0.01232927720759725,0.0006044124487514236,0.028690165327176227,0.004815487881089953,0.00842615520648497,1.2461857362474451e-14,0.004833173515847474,0.11081169490506255,0.8294896335079779
27241704,0.001490622993994529,0.0006670996754030427,0.5404803419161784,0.0065512883130264005,0.31227638292368287,0.00547795847533925,0.012074231198211475,0.015848842287789787,0.10513323221637408
27242056,0.001046998974532047,0.0010295046945252486,0.46414093189717304,0.006350456067678312,0.3997639578572026,8.131929038188854e-26,0.010500080301478507,0.07199336489717818,0.045174705310232134
27242549,0.938271756980239,0.0011838148864287891,0.003336013365640639,0.0012240900261460254,0.0017429760512329587,0.006920670893749854,0.002519635302038222,0.03381671983677311,0.010984322657751445
27244942,0.012505474352073883,0.0005153920759601277,0.03891946817245875,0.0016176948410816295,0.0022309857874888853,0.2991991673339378,0.014920275809634481,0.4614953576550297,0.16859618397233472
27245142,0.0009030941340875563,0.0026889915003212206,0.01795176631666439,0.0037570885901312273,0.05237622776699945,5.530394075953643e-12,0.008829907038224226,0.46999371490064024,0.4434992097474013
27245414,0.0011085885309432626,0.0021177917386940707,0.013607754024177026,0.005206235547831539,0.07844529819712205,4.759201431387933e-28,0.008124715182384123,0.6956372002124576,0.19575241656639036
27245486,0.015403861864972054,8.550752976974909e-05,0.003751329874574815,0.00020781617074239748,0.00033921683619550594,0.9126332260261367,0.0007958353059117704,0.018603046306219926,0.0481801600854769
27245645,0.04898205416469519,0.0007119764937216791,0.010637135305762777,0.0018617404445800596,0.004104555744648844,0.34565737726311196,0.008207408562941798,0.21726982996454827,0.3625679220559895
27246508,0.4618334929719941,0.0007552204185247471,0.001462549544025482,0.0006075095377685082,0.000601039670643402,0.4646615535666185,0.00318872190572471,0.0537566213430221,0.013133291041678447
27247366,0.7548756861689253,0.0007243043698426182,0.002841675935304548,0.0012156005134512859,0.0008283512449801887,0.17223166150890656,0.003151693351237061,0.05209322332041042,0.012037803586942158
27248085,0.48898195926216853,0.0007859644366012659,0.003191571694654817,0.0006271662268092988,0.0010736297225109926,0.48065120596631605,0.0017169364810850172,0.014999546645395923,0.007972019564458175
27248316,0.007049579496749353,0.01002441299074006,0.007954670777372781,0.0025206062263082004,0.006585608907964782,0.00020702440107485902,0.003207478328140681,0.9516555332933132,0.010795085578336024
27248920,0.00033264373146293474,0.0012895081505673238,0.003061837066763217,0.0017554586477684126,0.004586063688712445,3.354970094991296e-26,0.0016449598953389253,0.9668388363567001,0.020490692462686595
27249654,0.4646116231790479,0.001809584567128579,0.002560039069668193,0.0018911144197216716,0.0014242510556835373,0.09935079444579162,0.006677434938331475,0.1835392235366047,0.23813593478802222
27250103,0.0007235407393401137,0.0010243525650745597,0.0097347307720622,0.0024781877280516057,0.01576897989079098,2.8823313366364375e-21,0.006687194628778851,0.9131118557858124,0.0504711578900892
27250484,0.001656309504200303,0.010948206466577601,0.005460725886330781,0.008680818943642256,0.02381930223991751,1.8315884551597675e-12,0.02664144124469404,0.7540093122101614,0.16878388350264442
27254075,0.00871005419443907,0.0005427013289059665,0.026565632162698187,0.0038606009700740524,0.001546117795380539,0.0036593388877746054,0.02893703255514027,0.13078607139230713,0.7953924507132802
27256605,0.5195321362445235,0.0006058567807280021,0.0014290131287943162,0.0009338460938227728,0.0007811754149743841,0.3918272700630866,0.0012580789351722323,0.03406485716520804,0.04956776617368998
27260821,0.9783181903304893,0.0005513254103132446,0.0006837765576075413,0.0002745247372292753,0.0002781201603114774,3.2278011832573636e-05,0.0009140508936630194,0.014958245750015933,0.003989488148537441
27263673,0.7468389937466756,0.011207391427464863,0.004564531115879485,0.0018570663400963219,0.0011332176970265816,4.960065517123184e-31,0.006106556932053427,0.21243962034557978,0.015852622395223885
27264838,0.9344037685316391,0.0011414635297033128,0.0014120348660812945,0.001336149843641601,0.0009441726279423998,0.01928209292086574,0.002925869062234854,0.020624811340979828,0.017929637276912082
27267285,0.0006934105486435556,7.131207347160387e-07,8.146067580186406e-06,1.208928025028816e-06,2.4257581921267298e-06,0.9991239618250644,5.381127150187167e-06,7.29255400393356e-05,9.182708457047558e-05
27269056,0.0041275864339559935,7.077461918313373e-05,0.002022516828102799,0.0002275468530093119,0.0004292872251820684,0.9269375493941485,0.0009690222629967384,0.04782885459346051,0.01738686178996093
27269065,0.9463023893214807,0.001745142065311875,0.0007099294092831388,0.00035017150826067143,0.0005396224442942353,1.308331229436558e-25,0.001091258841615126,0.046571797170547644,0.0026896892392065373
27270200,0.5185346360212819,0.0028495053496691448,0.014571698723361273,0.0022543400846778954,0.002005911254866142,0.0551721132193551,0.021096709000713303,0.2715331362978731,0.11198195004820206
27270846,0.016968332848581465,0.0035555328171261993,0.0038986957369890078,0.0014015404620162327,0.001831999017830216,2.756191969232509e-08,0.00824686815624417,0.9421638099954508,0.021933193403842165
27271299,0.7266365837625777,0.001249809309834464,0.0021025470896975464,0.0007711710174553887,0.0007091144469688945,0.00034216357106476377,0.003154359598972225,0.2544368416307555,0.01059740957267372
27271832,0.008895605232199948,7.997049060722393e-06,0.00012168521826698146,1.5030039117895877e-05,2.7171899271366734e-05,0.9892232488807833,4.4018908057200164e-05,0.0009028393220630026,0.000762403451179526
27272650,0.3249197132301392,0.014419246395061985,0.006341239047777546,0.005489791360075413,0.0037504670295169123,4.362891536507681e-05,0.0066392107638321846,0.6183432289279576,0.020053474330273983
27272926,0.8967825593260063,0.0037383230148044337,0.01580191598311292,0.004513693718367347,0.014693828458551772,2.55781497980393e-05,0.0031508513205470794,0.04164321766090021,0.019650032367911963
27272937,0.004021496825831018,4.085519305331223e-05,0.003736841976890019,0.00012690033653572794,0.001291862035879094,0.9724949535932932,0.000162092839829394,0.007953019616974037,0.010171977581714243
27273133,0.007174726951939112,9.448136220511461e-05,0.0003747703507296828,0.00019839496267616286,0.00015592061016518266,0.8291614989767799,0.001773082184744414,0.13793925193003004,0.02312787267073032
27273193,0.0005695000008615152,6.024726740892183e-07,3.750592443747581e-06,2.043392200135945e-06,2.147035397107018e-06,0.9993418220929435,3.1579937481955383e-06,3.232785083297962e-05,4.4648568898608604e-05
27274096,0.0006673359163526798,1.2533654748410316e-06,1.4770567368942509e-05,3.3438376076041096e-06,3.41076070293881e-06,0.999101015175013,5.968036547976381e-06,0.00011244665726163334,9.045568367042084e-05
27274147,0.01418208541530586,0.002353509402850353,0.2470141840293063,0.09019362002469908,0.022059345204102496,4.368195373421802e-24,0.08511892943896557,0.31492578013074357,0.22415254635402682
27274349,6.660528776324833e-05,1.0343282764242124e-07,3.234391190246581e-07,1.8597259022474732e-07,2.5929775392200786e-07,0.9998983145754158,1.8917542826953088e-07,1.1120167896607159e-05,2.289865120531357e-05
27274643,0.7017249355578233,0.003662501426688481,0.001786825621984879,0.0014862780351859758,0.0017270730514113357,0.2521082524790817,0.0042919406850032826,0.018801371948015518,0.014410821194805514
27275251,0.008558642478536476,0.0013143763021690206,0.007708081499727284,0.002448552872320564,0.0024229416044541157,0.4213862576766891,0.004442431155907466,0.019886573287434255,0.5318321431227617
27275276,0.0183582807319037,0.00012026649299558118,0.00037153321846278704,0.00011885936464817261,9.673692908829751e-05,0.9592838947499593,0.0003365583149984106,0.0023274487605176057,0.01898642143742606
27276721,0.00023188673030559965,3.9299114917818033e-07,2.0644010274306706e-06,1.0805242817924925e-06,8.129750339629708e-07,0.999680439343547,2.0933867872429724e-06,4.6973106445133116e-05,3.4256541422548524e-05
27277131,0.00010500728429709577,1.7072295156034193e-07,1.4981332456411523e-05,1.0442687351029593e-06,1.5911950802789496e-06,0.9998061483018119,1.889958745882863e-06,4.760994728309827e-05,2.1556988638566075e-05
27277206,0.011316835900485853,1.643097772265198e-05,0.00012711490779437315,4.694949465966064e-05,5.32196299670831e-05,0.9845992377274733,0.00019846341356459656,0.0024647314437015767,0.0011770165046309279
27277456,0.007205126062510142,0.0004035455907978585,0.0014380533873510118,0.0007503049270428336,0.00046535216135531907,0.4889737949019162,0.002756528277825773,0.4393712238962616,0.05863607079493923
27277630,0.005549614662821608,0.0008005381420813045,0.006041231094655101,0.006676229356365801,0.002733476814822785,2.2761704514612023e-12,0.02939121427864731,0.183051230377605,0.7657564652707249
27278335,0.0017137184943215758,0.017373958847374287,0.0030324185595149286,0.010129440960720193,0.017647947401935694,4.936795768172789e-06,0.00315176476700183,0.9007175080177978,0.046228306155565654
27278352,0.0009822052592248379,0.0028572380058775764,0.003333944913919292,0.008078747197152656,0.015893348876300603,1.2198075021460385e-10,0.002664372797244443,0.9149076900115046,0.051282452816795186
27278359,0.0027009533586551007,0.0009782856487797781,0.0036061407381908018,0.007451646012088846,0.0030498734055456633,0.2005527428855304,0.006386921878856593,0.6499383436685366,0.12533509240381624
27278399,0.02922384817107474,0.004641717360285645,0.0031473123181291495,0.0013521396161044422,0.004803385654736133,0.6671073682239002,0.001139258586833221,0.27850683031561696,0.010078139753319528
27278418,0.001745029752218605,0.0008207253451754874,0.00206241909032378,0.010300011565956948,0.0017240052425332286,1.6962059241841914e-10,0.004483910893501119,0.944047904842158,0.034815993098512285
27279366,0.004704652736980447,0.0033715843254794376,0.006896511059971716,0.03230025854260058,0.0050655695436740335,2.3769841001821266e-18,0.026375175753659337,0.8964662413436055,0.024820006694028878
27279382,0.016782033489545326,0.0010044710157664748,0.006856120740995253,0.0018558187581108928,0.0010565434400893144,0.08966251343646674,0.007631090539423705,0.8385894871435584,0.03656192143604395
27279447,0.0018564982650172948,0.0011784162956032904,0.0027096218587667697,0.016485250440571655,0.002295509909735352,4.246460958554071e-23,0.00979933322276997,0.951453604502313,0.014221765505222842
27279469,0.0007388376437700314,0.005548749928960395,0.010822120631643435,0.04812947079306,0.014104946008567903,5.27140724147108e-32,0.0067609330337814145,0.8984546070742446,0.015440334885972176
27279509,0.0019954842428490742,0.002704031564467706,0.006249623803743743,0.05851258913897095,0.004729953485034118,1.471036850206874e-21,0.013576605156189386,0.8862473115600714,0.025984401048673535
27279610,0.005137230205524132,0.0010506814433200297,0.003225373261568689,0.011323951047402568,0.0026308142078623627,5.431701980988458e-16,0.015882288300359485,0.7036120222792819,0.2571376392546802
27281508,0.002036858864538255,2.2835486484459752e-05,0.0008189528218521085,5.4430138279247955e-05,0.0001933618444549066,0.986889104987241,6.0544538371824126e-05,0.0012481327110538422,0.00867577860772446
27282434,0.12404942888151153,0.0017528497832401742,0.0011913213914128491,0.001281561165909093,0.0006279136972873898,4.919076667333735e-09,0.002962816679663864,0.8612181565244577,0.006915946957440915
27282901,0.0018292177478247296,0.004478430490701698,0.0445462537820755,0.07225838085847146,0.11929762695785215,4.8829502368261935e-40,0.0061414995195317205,0.632060055098207,0.11938853554533571
27282995,0.002305498102535462,0.004850735131978654,0.06943831867417975,0.13123668661784132,0.044051723183076846,1.7272027969636563e-28,0.019651244730747662,0.692891779156376,0.03557401440326438
27283125,0.004505443087173701,1.6265142950549155e-05,0.00012147777568727815,1.9585539824726024e-05,2.881399838335813e-05,0.984519160877652,8.475423633085638e-05,0.005047416595589374,0.005657082746408157
27283358,0.002784490710353723,0.002560048897003525,0.050146127654892014,0.08809498818656986,0.22340956451164695,1.333035420826187e-38,0.014804383269222125,0.5508205407085425,0.06737985606176924
27283987,0.0028258062284408298,0.00013955224037533323,0.0008028526349045618,0.0004221516868185218,0.0007803989279988521,0.9294014941686621,0.00031584547548886045,0.005854071364691532,0.059457827272619404
27284562,0.5414675646100131,0.0010602450344258227,0.0011968625165436786,0.0005071454000802409,0.0009388343060076094,0.42363029061963015,0.0012432745774026079,0.01656808995085545,0.013387692985041166
27285077,0.8576045790896867,0.0006324182420711099,0.0007774869202663825,0.0005719868226705798,0.000537097819612868,0.11088855373816368,0.001426371063046494,0.015659429850941313,0.011902076453541055
27285996,3.999760473338066e-05,1.3820781406892813e-07,2.733368979497592e-06,4.87477010741498e-07,6.248568605583057e-07,0.999891923572488,7.491102754770403e-07,3.261481197993374e-05,3.0730989858358304e-05
27286316,0.02421880655570718,0.08847366323991301,0.008506809129478515,0.0036800210809132296,0.08231322109325302,0.5504309114276744,0.003786921860036971,0.0536448853260313,0.18494476028699233
27286859,0.08789035231460547,0.0006082966669247541,0.0019218041470868772,0.001270503987774896,0.0005045061345651163,0.5574643128305808,0.009639682705180213,0.32898028453161193,0.01172025668167
27287341,0.13603255433889466,6.794200571935067e-05,0.00025742537458071257,6.53357453523068e-05,0.00010236051529154429,0.860741225646478,0.00012384725085051588,0.0016863409946940254,0.0009229681281389361
27288515,0.11599948257772355,0.0008310196871533238,0.0059654876036224075,0.0007280436038533843,0.003980972018698771,0.6765741535067831,0.004149992524422947,0.1284193027715329,0.06335154570620957
27288757,0.10806325539506009,0.0004557722901259789,0.0008564764940574605,0.00016283760021294785,0.0002643517165412688,0.8830623348752005,0.00043576614272185476,0.005665995228423837,0.001033210257656055
27288952,0.009595973787200457,0.0015482135488688934,0.02914141733967428,0.014417310806291633,0.009501349326382101,0.00028168963314133966,0.011380678294468097,0.835984649957186,0.08814871730678711
27288975,0.010114290308519595,0.0009921945511758372,0.014919769877265574,0.0037372750211228183,0.004506478949804316,2.04554719170174e-07,0.0038446145490881045,0.9257079852166337,0.03617718697167083
27288980,0.001991926016786989,0.0014986216275029323,0.031446157024500446,0.013209904167802508,0.00957933715650845,2.6921203953704896e-16,0.005938990004404419,0.8964865594622854,0.03984850454020859
27290039,5.2621605110637524e-05,5.118962774294226e-08,7.065532265449132e-07,8.549861279316466e-08,1.8108979868708398e-07,0.9999373953717173,2.587435902313087e-07,4.479640670608305e-06,4.220307645435626e-06
27290905,0.003729129167879333,6.0813536481517005e-06,4.4077849515752027e-05,1.7113749330326057e-05,2.1444126444269456e-05,0.995272970976967,4.021535009263295e-05,0.00027426197023782924,0.0005947054558847412
27290998,0.0031890536221285204,0.003662483117926799,0.0095297748049536,0.009761051279146294,0.2575779174851924,0.1291948170059571,0.007211721167349474,0.03455764571691724,0.5453155358004285
27290999,0.0030823651956206864,0.0023368047910983765,0.016879472691138403,0.01624209295888883,0.02307416333134383,0.23153128397814898,0.023924179600287716,0.06857979041338612,0.614349847040087
27291005,0.0024939002185811543,0.00014611150388614335,0.0021290774930683804,0.00016991204608011147,0.00016764689186326843,0.9439770141535307,0.0007233744200895659,0.023963218184280332,0.026229745088620342
27291012,0.0047109131190914985,0.0025520966011979796,0.18119846873544992,0.02191936195726381,0.3985705034580742,4.574270899569474e-10,0.017242277834029426,0.052883574410822275,0.3209228034266437
27291083,0.00027711982752885776,3.944519780356312e-06,4.6590022966474276e-05,1.3596587551324678e-05,1.1817288468643072e-05,0.9976436253495058,5.607236350790406e-05,0.0012759000326346853,0.0006713340080559745
27291147,0.00479934815806893,0.0007422732782420037,0.023648904387033747,0.0019048811337823962,0.06759320889462714,0.5488338191885349,0.002126790963293232,0.04379843532103002,0.3065523386753876
27291193,0.0038632023553038485,0.0004932177789302022,0.027173092380509377,0.0025983757272548683,0.010531554090056097,0.5530027171433367,0.0018355913577966319,0.03560194182929601,0.36490030733751616
27291241,0.004685385384022764,0.010892578437202448,0.0041894132871307084,0.014660803098735211,0.00995149390132936,0.15484396255770344,0.01334030868700595,0.1959228219602878,0.5915132326865824
27294499,0.0003757432091219486,6.112944102180271e-06,0.0001668764359669944,2.8862734563669696e-05,1.3843401095068924e-05,0.9903303465391711,3.695418854090536e-05,0.008685811159488195,0.0003554493879498898
27297944,0.1963111520286052,0.0004816498074996062,0.003939419011410426,0.0011254015097164603,0.0009743783303860337,0.3306136363519264,0.003830238842392377,0.4499221092786839,0.012802014839379535
27298029,0.014711130763188428,0.0005356770674790243,0.0032513519912448093,0.0011952369497133246,0.0006072693188552927,0.005391679066790726,0.0018116659716172195,0.9646347417098509,0.00786124716126037
27298207,0.9931854457342719,0.00019256770453433716,0.00012918990805995236,0.0001077310000653562,7.871065796845329e-05,1.2960042992904276e-38,0.00016716824261117392,0.004824422722718554,0.0013147640297703363
27298831,0.03402858007607756,0.00044678054812873796,0.005849565400947488,0.005274459866131082,0.0010167317174039586,0.0008280866805597618,0.004826104429341784,0.8854298832965315,0.06229980798487815
27301086,0.005016371597099152,0.0011327969627025509,0.201001641214336,0.08421774862772433,0.04487130162713883,2.7965113119632246e-07,0.012335550916635086,0.47918174238940353,0.17224256701382928
27301588,0.0014365403316878634,0.0013739826547213762,0.2690209522455456,0.14528135979054246,0.3615995648683942,7.233744446383517e-25,0.010279931837471187,0.023632760316327838,0.1873749079553094
27303130,0.07351110609364345,0.003181407634547324,0.006638661049723977,0.0017774275170182158,0.00130049946484868,8.769541384062328e-07,0.012847022548762905,0.8741199503132098,0.026623048424107332
27303243,0.22259168171631383,0.0016361932667816044,0.00719507695594023,0.0008089593944000274,0.0008254680006595539,0.0001574862050653903,0.005845420656261426,0.751388657893979,0.009551055910598875
27304639,0.000138669498887595,8.999613318857238e-08,4.9920591431352e-07,1.493327840353717e-07,1.7688193576586658e-07,0.9998304562942095,1.9741875112370757e-07,2.2806344159393677e-05,6.955027224949094e-06
27310870,0.39454947623286396,0.0010630411966620168,0.000811744677181836,0.00045261918732659464,0.00043020783788303075,2.55204725610961e-48,0.0011256775254933893,0.5983098407206817,0.003257392621907563
27311386,0.010129264586585132,1.6031929086430646e-05,0.00013787051737343593,1.011970117799009e-05,6.155855235268655e-05,0.9888241136512956,2.269328537904448e-05,0.0005426531415371484,0.0002556946352124664
27311627,0.0004073259117066992,5.9784706351353185e-06,0.00022169740177912424,1.6353818935385374e-05,2.8407045600050504e-05,0.9955302297523729,5.167916210894451e-05,0.0012885509350534941,0.0024497775018081373
27312527,0.0006786595242106917,3.0967332151645288e-06,9.901485217600852e-06,2.5030723097611633e-06,3.8798550170124544e-06,0.9984685972345343,4.332485759119227e-06,0.0007755841236746136,5.344548606176446e-05
27314199,0.003765529062942264,3.7934362711147493e-05,9.199809217817641e-05,2.726599747333516e-05,3.806161783610673e-05,0.9886553890593335,5.305892045004145e-05,0.00512613121320701,0.0022046316738683963
27315036,0.003013543501740125,8.436500106164052e-05,0.0177787671430747,0.001281134684204307,0.0021483254365209986,0.9542723860985568,0.0004114410610747755,0.0055604922705092315,0.015449544803257397
27316574,0.0025010303733308146,3.774059552856536e-05,0.000206383063656053,9.863316599000403e-05,7.035732776244612e-05,0.9712559229478183,0.00011292506992817905,0.005317662640776004,0.020399344815209594
27317646,0.01018650846697609,0.0002982993991806,0.001378798490511493,0.0002582721317160509,0.00026236843111324376,0.736718354377708,0.0011303411017708285,0.2035723510670576,0.04619470653396607
27319072,0.02646032726796571,0.0005560178274715961,0.006277525819740251,0.0018018649748417204,0.0016378151618192775,0.00045650278256171564,0.00557219091093211,0.42360466976266026,0.5336330854920074
27319892,0.07391942428320643,0.00011579749795123063,0.0043102618733574325,0.00024249019642732066,0.0006113725802303621,0.8568622037660127,0.00044234121351758573,0.014729719438118913,0.04876638915117813
27320262,0.0010107195113035821,0.0008608788976308308,0.007982935357487666,0.0013658692109031257,0.0038677542944921942,0.011857992982847473,0.0043554461303096596,0.8741225291037781,0.09457587451124737
27321197,0.9154928228453768,0.00026412213616737495,0.0002937430907647841,0.000185602377343479,0.00018947358470970666,0.07664691502710894,0.0005582058137509483,0.004150212597147547,0.0022189025276305036
27321202,0.01217509183040837,0.0006151110584572247,0.017067630330880997,0.010806447623712913,0.0031425601829094376,2.265037550834064e-18,0.050627061788659465,0.8303297825673012,0.07523631461767037
27321241,0.022640339946476257,0.00024211287361086475,0.0002539521506109524,0.00015472935606505834,0.00021116521103635932,0.9389441511769123,0.00023737197926323197,0.002300847570109887,0.03501532973591505
27321582,0.012405970518063176,0.0011174945120934927,0.0009361484880883959,0.0008774040101679875,0.000233199824272646,1.5831401156788593e-17,0.0023501811345560987,0.9617807315993661,0.020298869913392158
27321885,0.012325501795448703,0.0014654357934821424,0.010062734634268832,0.19133675869667838,0.013462560296402814,2.812967698520784e-29,0.47006763871861035,0.15538804667174044,0.14589132339336844
27322213,0.002367328553659314,1.672629904608459e-05,0.0003640254859121066,2.9612125656989703e-05,3.1780033674487255e-05,0.9890390906438041,4.8203541766347725e-05,0.0034998842597992407,0.004603349056681398
27322239,0.000429235443436711,0.0004990262680317231,0.004439697489466526,0.0012189866635254727,0.0007514038606808415,6.513686210319645e-13,0.002138552412885636,0.9274798102704735,0.06304328759084817
27322774,0.01470272428178689,0.00086188682135105,0.025697168668082148,0.002800788797515043,0.002701541322708458,0.4565293058347186,0.00915324327011611,0.1763568560213897,0.31119648498233193
27323256,0.048874000276510315,0.0021722990406998458,0.0074336035547151414,0.018691449411961714,0.00443190763560763,1.749672593468872e-07,0.06959781666008866,0.6788352738872373,0.16996347456591998
27323692,0.013050866275868305,0.0017026904844511324,0.12977884375515084,0.009025875214459985,0.16219203230813117,0.395053978069481,0.006024530677346529,0.18886176714567382,0.09430941606943727
27325257,0.0016987808085947825,0.3127137357515818,0.026599049078475278,0.020673541874580297,0.2524971555662561,1.3934024935467814e-42,0.006414841764301625,0.3663854891849743,0.013017405971235773
27326782,0.0015051037462405158,0.004753325293877829,0.007183436512786877,0.040038602969725126,0.014589711441405978,1.8192126289404652e-42,0.007751000627895825,0.8598967757659292,0.06428204364213885
27326804,0.0010059526261225478,0.0056926505578390576,0.010392858984987088,0.05286229366187166,0.015813733570317685,2.762890996256977e-49,0.009551270895636626,0.8322552771092298,0.07242596259399546
27326842,0.002774505450922141,0.00907320942880676,0.014816626025069312,0.07860677425748208,0.024388983856091756,6.051291099993567e-47,0.008146355316560216,0.7923203805477828,0.06987316511728493
27327185,0.0008333025329614628,0.0032770790976498253,0.03632170303492439,0.20135987956589582,0.026228454576431238,2.8496979274545697e-48,0.008215408271881951,0.6841103983529828,0.039653774567272565
27327671,0.0029077731308814773,3.3772998457005376e-05,0.0009095374172214388,0.00015352862184000538,0.0002984182376756776,0.9595790483656061,0.0002952566652915991,0.004769379376824911,0.031053285186201807
27327877,0.0008821237908508614,0.0011533160905333223,0.007305053437407835,0.018291583760187906,0.0013665752363205912,0.0004380997122204666,0.007313669893699695,0.4796347068065999,0.4836148712721795
27328781,0.9773058322201281,0.0008062816833168922,0.00044090693149325614,0.00032888383188144836,0.00029289331073988344,1.7375747561387856e-22,0.00042334266803875485,0.014753970647395104,0.005647888707006393
27329054,0.06061480982405208,0.0008634346005597995,0.03386260186513272,0.010767216708880575,0.006754564940510995,2.4321497838246053e-24,0.3528584041048878,0.34018709221293053,0.1940918757430456
27329113,0.8251582100188983,0.00409734152299635,0.001478564127457322,0.0010705162794908932,0.0013596935284070845,0.14391255141664247,0.0017358203970108648,0.004346536657497264,0.016840766051599405
27329179,0.029705017594985117,0.000367928171538144,0.044268836536550386,0.0006100282873816661,0.0008027129313365114,0.42639729907740775,0.004023292710167632,0.46753941466482296,0.026285470025809776
27330098,0.524524158901652,0.00012415803070223765,0.000254526048873007,0.0001522542539300612,0.00015193593486725936,0.4636249635473508,0.00023183988110571404,0.008121697161573748,0.0028144662399452545
27330398,5.025086578114249e-05,4.364777036391174e-06,3.696753234857733e-05,4.686489512796918e-06,5.063984009903334e-06,0.9986051556770115,1.5321066588954363e-05,0.0004304400332838956,0.0008477495744269587
27330675,0.0021691302973522904,0.00014930983926807092,2.612808505130142e-05,1.749987191941763e-05,2.2535073506104666e-05,0.9928339488085198,4.053155468169509e-05,0.0034792413285130975,0.001261675141188205
27330798,0.002917411578649289,0.000339462203965858,0.0008764887993177236,0.0009006074413443119,0.0004290674268483506,0.7367016653702702,0.0028834221673320107,0.1409925045660839,0.11395937044618835
27330903,0.0013702560641029806,0.0005494939403360044,0.002949396954138262,0.0009092210251186974,0.020700994895627912,0.9154172791796057,0.00027646867838731213,0.005022127985160276,0.05280476127752283
27330971,4.0378191732872694e-05,1.9135398260453686e-07,6.822045096791175e-07,4.7060263575255687e-07,7.153633612866304e-07,0.999845003042662,5.033099072392639e-07,6.76959309002414e-05,4.4360000308351e-05
27331136,3.575742026489552e-05,4.649652348274482e-07,1.873893453345319e-05,2.694017438421315e-06,3.499702981086285e-06,0.9994214176585142,1.4958259646938944e-06,0.0003426574357774178,0.0001732740392910161
27331288,0.0012105996021782469,5.856755063801678e-07,1.818614587039983e-06,1.054768978500958e-06,1.0266647192529955e-06,0.9986515125343306,1.9716543259869475e-06,5.405404532662693e-05,7.737644004731072e-05
27331368,0.006984880728382309,0.0007928500809689622,0.0016483504587831068,0.0005875020787941855,0.006533308789725532,0.898884218338847,0.0006369287993622886,0.0473000979268829,0.03663186279825349
27331597,0.003690174088972563,0.0001939558960549206,0.0006620261380238869,0.00034827739671459555,0.00022560098063712804,0.7793747414269532,0.0013017266482975535,0.17134944782830727,0.04285404959603883
27331897,2.9876244547594133e-05,7.419657348969222e-08,6.733572709760828e-07,2.4757909993356076e-07,2.464829870823017e-07,0.9999206048853277,3.517755441491031e-07,3.302019379656925e-05,1.49052848525929e-05
27331898,0.0017530633108678983,3.5415296783023596e-06,8.629101860494657e-05,1.3544207999496505e-05,1.8525836978147003e-05,0.9929779099015914,2.5496583777359157e-05,0.0005510788053279288,0.004570548805174561
27331924,0.0016476640338681566,0.0007792984801700184,0.0470411187038134,0.03653715682824578,0.21350920120530098,1.2004029195986287e-31,0.005609074367425055,0.002912499532689985,0.6919639868484866
27331936,0.0010237107334276079,5.067932157536048e-07,4.987628637734771e-07,2.541812563844197e-07,3.9859090191780796e-07,0.9989149329090232,8.97535620088477e-07,4.590204894496396e-05,1.2898444746364847e-05
27332145,0.00021198047945724736,1.0542583430422987e-07,4.4678725973546913e-07,1.4519277657654153e-07,1.6494355334914544e-07,0.999763671884174,4.264552162821928e-07,1.2393559648165978e-05,1.0665272080306895e-05
27332389,0.9323856039880628,0.0007539560969309043,0.001706527963447389,0.0007929116939450829,0.0015671621159635382,0.04209575244608261,0.0007882376076274883,0.004900301620910021,0.015009546467030168
27332497,0.07995427593581066,0.002093727372113074,0.0055591488253480485,0.003417767850426995,0.00271443226640748,9.003148947188907e-07,0.011363787923343208,0.8353807195749157,0.05951523993674024
27332504,1.5250672887073353e-05,2.856574348417698e-07,2.1299645188364067e-06,1.1874367729721107e-06,5.782169332620753e-07,0.9996723183514721,1.2437052862475811e-06,0.00016482011503483955,0.0001421858796598937
27332769,0.01506743856703691,0.008400594587856938,0.010347718791125452,0.02410263424387052,0.016395491802384487,2.2816153906014462e-05,0.025242500627152747,0.2491234881569616,0.6512973170697054
27332988,0.007283663439652546,0.0026810292563997245,0.005977450410935994,0.012420425238035663,0.012317140207604643,5.066071618972886e-13,0.0060843587813367165,0.061757104904770724,0.8914788277607573
27333044,0.02671348971088039,0.001402232017466145,0.04288421503868295,0.004997248528183408,0.0054415360026902025,0.18370598043986583,0.006990401133609081,0.051542819894180456,0.6763220772344414
27333961,3.557854905925106e-05,5.72141661255129e-08,5.574859719835874e-07,1.27635963646892e-07,1.4331607658093302e-07,0.9999488447452439,3.918379431978154e-07,5.027660974969258e-06,9.271554600230645e-06
27334642,0.042113476916188414,1.2705896400313135e-05,5.6867879979904946e-05,1.3990993729820434e-05,1.4479267094899242e-05,0.9483527802584328,8.727090543032201e-05,0.008991150686623288,0.0003572771961201183
27335022,0.0021015895435741385,0.006166660546183464,0.18511330322832847,0.1721907489918259,0.24295801477250906,3.9163993514624176e-41,0.032430661899357796,0.16058735944458868,0.19845166157363253
27335499,1.0430946165115334e-05,2.227271958864296e-07,2.8886170126678425e-05,3.7191404104205253e-07,4.149788073611551e-06,0.9998888786560137,5.2939926809111e-07,2.9914352817187634e-05,3.6616046298752e-05
27335500,4.160214763102248e-05,1.0171486231436376e-07,2.9192411484106958e-05,2.163669846884889e-07,6.698039386910736e-07,0.9998685837528963,5.153010230158253e-07,2.2632799350962784e-05,3.648570182883089e-05
27335920,0.001749600564446017,2.1628741368645494e-06,0.00010115944140313805,6.5554014469537145e-06,1.5268696148102956e-05,0.994475794301707,2.4130899680524027e-05,0.0034652716631547813,0.00016005615787660082
27335937,0.09327001695704232,0.0006400911811927561,0.003309097073755236,0.0018728209266046084,0.0014876220509666444,0.08804171773509734,0.008686529331935054,0.734329305756168,0.0683627989872382
27335972,0.00044774460737859515,2.530749476655253e-07,4.935768345380472e-07,2.016812203727954e-07,2.9102772130256337e-07,0.9994920351263943,5.227981614026544e-07,4.5715673886959735e-05,1.2742433454634476e-05
27335985,0.004054039290077327,3.978953209115119e-05,9.1599930013977e-05,4.038673376468321e-05,3.0277197649291937e-05,0.9037106867175051,0.00037110876443198395,0.08738566861238566,0.004276443222080692
27336264,2.746118138521614e-05,6.433412054073015e-08,1.5082133307463399e-06,1.482101740776817e-07,5.038907472078487e-07,0.9999350825611021,2.389423977224292e-07,3.0392971581394646e-05,4.599695160954357e-06
27336301,0.0011397852072555837,0.0020245870996566866,0.0470636645924154,0.006528514720513942,0.2616904721523564,8.605630369192359e-40,0.003915323483410658,0.02785154952422094,0.6497861032201704
27336331,0.0014295694445925545,0.007259603183029396,0.017192059822907585,0.005617059853887324,0.15263154288069863,1.2530333511858146e-19,0.008239832884813527,0.06750741908717997,0.7401229128428909
27336345,0.12657948677925207,5.1630885650805506e-05,0.00011200467003865944,4.731339365271813e-05,3.560121259063723e-05,0.8382977418042337,0.00046667119297656034,0.033236315994381024,0.0011732340672236784
27336370,0.0012589408899846225,0.0001448197968008671,0.0013920856962090062,0.00023177195057240904,0.00012700058301595585,0.638246135633026,0.0013600826597597584,0.333783554448934,0.02345560834169735
27336506,0.10236302495596827,0.00019321826730444295,9.246689555900151e-05,7.186606665319694e-05,5.4752581439851954e-05,0.8940651240030174,0.0002309812293123791,0.0020919521018238673,0.0008366138989215561
27336625,0.17003117357956166,0.00039263248671544856,0.0021565487846398937,0.0014867335048515482,0.00042553838406991047,0.13375763577393318,0.008371771869680278,0.6406914051907406,0.04268656042580743
27336709,1.6675894094505747e-05,7.280195450874389e-07,2.0295642064133978e-05,1.3005815442669141e-06,5.8880827625843735e-06,0.9997271153902341,4.322748752523831e-06,6.513253263061709e-05,0.0001585411083720473
27336822,0.0011041959420551456,0.0026199811618519936,0.020146437603476407,0.004624263166952211,0.7646967200489854,8.720425447939664e-46,0.00614042022182576,0.015818625135852107,0.18484935671900113
27336898,0.10152262799962364,6.169412739561486e-05,3.741025136590097e-05,2.6534645148052446e-05,2.8009862868352777e-05,0.8967881195674664,6.88659713216916e-05,0.00079810757766367,0.0006686299971466285
27337000,0.0006920311018007466,0.0012919102906734277,0.04848304274366729,0.006202402651698809,0.6394156618048568,2.871629017313049e-45,0.003203236515114129,0.009980065205257176,0.29073164968693155
27337095,0.00022759434315515226,4.142316132925449e-06,0.0005928086836510289,2.0583227502992962e-05,5.569420431336167e-05,0.9944613225551875,3.29826428201546e-05,0.004401481351235638,0.00020339067600128033
27337441,0.0025998548365202393,1.2425523114041598e-05,4.6489986765269804e-05,8.69864034897351e-06,2.7363039543387447e-05,0.9908276624176533,2.3960536775067555e-05,0.004886976826401238,0.0015665681928784404
27338015,0.009104933511060873,0.5106584567836081,0.011258252768849399,0.009216483880029864,0.0363740515657288,0.20808666355916133,0.00857562563324869,0.07361867801910613,0.13310685427920682
27338261,0.00014760118169004595,2.197444154114578e-07,4.499070692261249e-05,1.239765274690363e-06,1.4459996667297344e-06,0.9995712100845806,9.040591051609015e-07,0.00021925030306063227,1.3138155284142104e-05
27338374,0.9781503417996529,0.0007082543031643447,0.00019510531937637604,0.0001698003679973628,0.000157611688863771,9.940570042033183e-36,0.0005713406668600887,0.017908353210504963,0.0021391926435801656
27338487,0.001992896426178235,4.286601769713941e-06,4.6203705187829054e-05,5.332921965703483e-06,5.340253825885219e-05,0.9975260641153849,7.018125547442665e-06,0.000100423978261175,0.00026437158744613515
27338573,0.0018330436725749217,3.209092250450424e-05,0.0002574636094549524,6.867878302928075e-05,3.984203783486327e-05,0.9750438333397952,0.00011647774003176173,0.018263189163936596,0.004345380730837957
27338627,0.0016902382534810679,5.38073046677215e-06,2.979136951900735e-05,9.98514559730559e-06,1.846903908898266e-05,0.9972817620171843,6.812674213760441e-06,0.0005851292550051112,0.0003724315154434675
27338828,0.7254796172949656,0.008678797090485189,0.001886122026167935,0.0010951417986456596,0.0008745193907168482,3.763470127922206e-33,0.007316147640825518,0.23234983385433322,0.022319820903859852
27338955,5.987828698115785e-05,2.380032399790086e-08,2.8353073014924313e-07,4.055310356744804e-08,5.624120794533867e-08,0.9999300519565372,1.9198436960497885e-07,7.528968130060916e-06,1.9446786162804998e-06
27339257,0.9903250492881469,0.00021159284213334936,0.00013454791787657439,5.541285221500042e-05,5.781382149608502e-05,1.2307645722852888e-38,0.00017891672026934042,0.008464963570116588,0.0005717029877461931
27339480,0.0012030160403184165,1.2841364076871692e-06,4.9943278514756184e-06,9.301298615257128e-07,1.3154231028901777e-06,0.9986656652576738,2.4702726196692447e-06,9.297922606065203e-05,2.73451861039213e-05
27339989,0.9331116304610644,0.0005400617294965867,0.00037453720578705686,0.00039155392869434446,0.00019490741063719533,3.359041952993699e-24,0.0005695334034894753,0.05964740691276131,0.005170368948069676
27340997,0.0007593464657961295,2.8630126217912363e-07,1.744766719804292e-06,4.1003421779937175e-07,4.77510831527059e-07,0.9992190578226833,6.857904272453971e-07,1.0113492807341185e-05,7.877815254708627e-06
27341248,0.1611229625916776,0.000574300599333251,0.0019893672452605984,0.0005276219017445287,0.0003717052486414186,0.4734676186284067,0.003899337126721681,0.34765539970669457,0.010391686951519812
27341296,0.019769859783241348,8.127874142778272e-05,0.0011401434224774189,0.0001532009148218603,0.0033164944407070318,0.9583655781495402,0.00012279732175858658,0.005514939361108678,0.011535707864917161
27341878,0.0022224166136672907,0.00471739211838862,0.02492235414141587,0.15989745169746064,0.4590555931312429,2.6423635593971548e-37,0.008020023929784164,0.012172232685607088,0.32899253568243336
27342302,0.0035760903674398542,8.738349090732663e-07,1.4321706878770466e-05,2.376916605281084e-06,1.9668786128920516e-06,0.9960832702507514,3.668173606465579e-06,0.00021560665866260262,0.00010182521253369811
27342483,0.024831976682147948,5.461801864498387e-06,2.3168761215509025e-05,4.51469653345477e-06,8.341420507415804e-06,0.9742516127543153,1.4146042013517805e-05,0.0005842416179476841,0.00027653622345454135
27342678,0.0006771612560601331,1.5250374514855506e-06,9.056359690373065e-06,1.9294591489036973e-06,2.8377276160455773e-06,0.9972268229067905,8.307007903447648e-06,0.0017738582021732444,0.00029850204316578895
27342880,0.0035127694413941953,4.9852616695428085e-06,7.681768436629529e-05,1.1353921842695033e-05,4.3187413613651736e-05,0.9957695124697619,1.582218076189578e-05,0.00016744506943107575,0.000398106557158795
27342921,0.0750531526906846,0.0005040900236468114,0.001974885898369827,0.0003154466800776925,0.00033023757526538637,0.07058368113482623,0.001196607205414351,0.847516992146273,0.002524906645442197
27343006,0.005776734494859064,2.2749097418177842e-05,0.0006732798279498993,9.197887698266144e-05,0.0004192512474398138,0.9850980826014759,0.00012142395779988326,0.0017833648675520362,0.00601313502852273
27343023,0.07935196295929717,0.0006210387216856405,0.003542883218274366,0.001661272402483694,0.0003792688173526821,0.02568771617499907,0.03072219659637319,0.8416501041705864,0.016383556938947642
27343037,0.00014425060846161135,1.9292032347866347e-07,3.052645053206404e-06,5.082272810964305e-07,1.604257060319006e-06,0.9997835317890823,7.813741656173332e-07,2.2125477447281474e-05,4.395270112512006e-05
27343163,0.00010204903859836054,7.209903352186778e-08,9.216164165314138e-07,1.8533571565487808e-07,2.477595659184644e-07,0.9998348022153806,7.957482436145976e-07,4.873079565900713e-05,1.2195391386677583e-05
27343271,4.434824750557767e-05,5.244053336681427e-07,0.0001389102811070773,2.324942382133588e-06,1.3591014272331793e-06,0.9986959072234651,4.74664267524239e-06,0.0007672214936310416,0.0003446576624728416
27343273,0.0005451437858772684,1.7127578080427106e-06,3.5009700008883707e-05,7.722120331266136e-06,6.111305611777287e-06,0.9968292425856214,3.8344624452944456e-05,0.002165879018267894,0.00037083410202037956
27343350,2.148994967225035e-06,7.342976107798595e-08,4.86122933191267e-06,3.445775441210223e-07,6.469870691226861e-07,0.9998377178533481,3.8293096178284187e-07,0.00014412877123312157,9.695225783662506e-06
27343416,0.000762375509783624,2.745024195246745e-06,0.00028361983199359184,6.251294486684545e-06,1.7140164515280568e-05,0.997677652241949,3.291900470593394e-05,0.0009355049220949629,0.0002817920062757111
27343473,0.9540305409464181,0.000954805437895841,0.00022552236360569365,0.00016745149156042314,0.000172863202242428,6.4949727001770985e-25,0.00034907475924123943,0.040989352940577074,0.003110388858459068
27343813,0.014934260820866786,4.124692095463439e-05,0.0009109035819079826,0.00017834935600232317,0.00011231377694651372,0.928136234770737,0.0004527380566144149,0.053300055886244015,0.0019338968297264159
27344088,0.0038133236609964906,2.4846461971042572e-05,0.0016039792747674243,5.063355121347021e-05,0.00012667646896423733,0.9835168582318239,0.00017993981023659057,0.009476066015996314,0.001207676524030366
27344466,3.288559725706088e-06,3.0594811689693515e-09,1.4891848891983814e-07,1.1372745215474002e-08,4.0772298105242995e-08,0.9999955294081815,1.9744817982968964e-08,4.813850660545036e-07,4.767791953197846e-07
27344470,0.12616617068275632,0.00040435300733755166,0.001199927495531055,0.0003067408619094412,0.000504511558121047,0.8542540438789319,0.001139174028361354,0.008189364621541002,0.00783571386551039
27344606,1.8658593998033855e-05,7.062121075890444e-08,1.8480883671517256e-06,2.612000964600627e-07,3.603254648550873e-07,0.999955959731551,3.6509345370033454e-07,1.7206226536714373e-05,5.270119321311662e-06
27344607,7.153857253615266e-05,1.6572482604863353e-06,2.476675344179191e-06,4.0848209100932417e-07,5.190012367982399e-06,0.9997741133204425,7.96892278883117e-07,0.00012176621908583151,2.205257759282768e-05
27344727,4.642467575423698e-05,2.5868715635066354e-08,7.487082214707136e-07,8.467560269439271e-08,8.630061046672345e-08,0.9999349619542002,2.1685901966510222e-07,1.05123200427303e-05,6.9386378328264415e-06
27344831,0.00046766046354020053,1.7908545330924185e-06,4.3961380594276e-05,3.3882411204176238e-06,9.002819221750823e-06,0.9990093256112338,8.001674964428179e-06,0.00021594635273482744,0.0002409226020572175
27344892,0.004720886298238883,0.004766703098633643,0.12990035796429472,0.012618218648107055,0.14062079797224453,0.0028959328810316126,0.014499850059765455,0.49786042449310963,0.1921168285845744
27344953,0.0006735723883071091,1.557085559670199e-05,0.0006430277758071472,4.0333422093125326e-05,8.144419155767027e-05,0.9921703660971207,3.4356594248706166e-05,0.0018461936084936694,0.004495135066775055
27345000,0.00011708560514476581,4.412899905486257e-06,2.114473516728913e-05,5.457257844221516e-06,4.693107810568398e-06,0.9952706564031853,8.787485630858254e-06,0.0042310724091236636,0.0003366900961877527
27345126,0.00022425040848903476,0.00012351827150431014,0.0004046833720478766,0.00015632050655403862,0.00016216418997472775,0.9582050520400157,0.0005516864902021125,0.014911535395577217,0.02526078932563487
27345197,0.0009396895654725523,0.000772828812495556,0.009856949464397902,0.001407606939200434,0.01723991982423716,0.8740114456740737,0.0008048077617445406,0.0686581087102367,0.026308643248141472
27345260,0.00018310848041149997,1.3568846802669551e-06,5.404841843170596e-06,3.1913740312266194e-06,1.763166018393546e-06,0.9982950005443867,3.0368428819918073e-06,0.0013957836246082335,0.00011135424113843809
27345358,8.102353379800257e-06,3.9766472357737213e-07,2.9531236020303005e-05,1.6134024424914047e-06,3.7925681472992085e-06,0.9997326357793621,1.4853870662863601e-06,0.00010966173087198703,0.00011277987798616658
27345381,3.769882557148288e-05,2.5363721446562163e-07,1.32096243787173e-05,6.192443883488676e-07,8.143139410077463e-07,0.9981993367775557,4.243048709013994e-06,0.0016897387196140369,5.4085808627236576e-05
27345424,0.011443957336441882,0.00028671076644387497,0.03323444418600563,0.001381833900047795,0.003601240822642142,0.6582334278049744,0.002533581525221151,0.05563460818419426,0.23365019547402882
27345483,0.0049498258142719916,0.0007789617662201018,0.0018998029834731123,0.0014444381113505817,0.0014764709145213355,0.6898537534242992,0.0012085174832570903,0.2595627164473926,0.03882551305521402
27345484,0.0346187070303545,4.411454890541489e-05,0.0011638591409504633,0.00014475938474440948,0.00013575825714306388,0.9316004119759093,0.0005625095980043738,0.028921018411200462,0.0028088616527879294
27345491,0.02251174767817326,0.0003146516441329004,0.01150363139855785,0.0008822047440451442,0.0019933364340036517,0.8374160030524651,0.00088970442315176,0.009349760222132183,0.11513896040333818
27345640,2.5347136455454364e-05,2.936097736244347e-07,3.858192901225307e-06,7.906857838165984e-07,2.404295609032262e-06,0.9998638237888773,4.866236533376041e-07,7.25320614699407e-05,3.046360547610937e-05
27345805,0.004778810123406632,0.00015589803408293972,0.0027046249768824,0.000393214178757438,0.00029617551732584826,0.8802693548300325,0.0028563797071115733,0.09562503182294121,0.012920510809459367
27345892,0.002052919288773551,4.164530226898314e-05,0.0014925136149508396,7.279847510591012e-05,6.433491714825042e-05,0.9571483388633965,0.0007574357847786376,0.035016236892141436,0.0033537768614359856
27345998,0.0008280085688815109,3.259628224232795e-07,1.78814931416667e-06,4.832699338828623e-07,6.32853029553683e-07,0.999101491217482,1.0735789232539696e-06,3.6323131354300874e-05,2.9873268258878303e-05
27346019,0.00020285321557295778,2.3850779784290227e-07,9.341477741636111e-07,2.1358453892690546e-07,2.978896118755802e-07,0.9997428507758522,1.2066542441161564e-06,3.4076176849794734e-05,1.732904775804591e-05
27346052,0.00033426363138670085,7.60236891560966e-07,1.0343939580856617e-05,1.5312242051319426e-06,1.7278312861760865e-06,0.9992961219505408,5.0924600931322506e-06,0.0001641630659543622,0.00018599566006111834
27346053,1.883522986280229e-06,7.404793732524059e-08,6.512435238694113e-06,1.6196747510720686e-07,5.365263474297423e-07,0.9999522105980304,4.7094345699663754e-07,3.12466954454119e-05,6.903263082366168e-06
27346187,0.011102441532471289,3.956335188104144e-05,0.0002673710373071223,3.228861040320901e-05,7.078416979188044e-05,0.9857932260321844,9.506123114962611e-05,0.0015477491952194322,0.001051514839591902
27346254,4.719233384322106e-05,2.2880239633850167e-08,4.4890497148986635e-07,4.523568759210888e-08,9.740459181414754e-08,0.9999425128887633,8.470229928754444e-08,4.673661268160753e-06,4.921988335465504e-06
27346306,0.0691008955257755,3.603300003082082e-05,7.185626910276496e-05,1.573573221107919e-05,2.814833471892375e-05,0.9299336446317523,5.94511837024522e-05,0.0005674108288074879,0.00018682449389869168
27346333,5.066684700106478e-05,7.132185505420371e-08,6.97606731064848e-07,4.1344472443392017e-07,3.2914685487712504e-07,0.9999205562924555,2.5706607068312434e-07,1.029086392297272e-05,1.6717410384340218e-05
27346722,1.978588441819519e-05,2.0908860093234274e-08,1.4918485640398468e-06,1.4971288711969669e-07,3.194429691669861e-07,0.9999618347585837,1.8146753481244496e-07,1.372445946933747e-05,2.4915167134899e-06
27346845,3.466562659124651e-05,8.7299239432e-09,1.0362461917710238e-07,1.2913605603767241e-08,2.4434612096289616e-08,0.9999630026865554,4.00190152979833e-08,1.4189859103013693e-06,7.229791670314764e-07
27346846,0.26312297400532436,9.247133877801759e-05,5.35641192911136e-05,4.144786985226522e-05,4.380984481627987e-05,0.7350339766126658,9.325802269995875e-05,0.0006581470016470799,0.0008603511849250738
27346966,0.0006458579835835976,0.024294964250609175,0.006356942474955929,0.01752411923410945,0.0021397627317227587,2.553251468310714e-30,0.002425233589540665,0.9296682203847718,0.016944899350706664
27346970,0.0006357990393272842,3.012398969119537e-07,2.2627321631254026e-06,7.046711998961661e-07,3.9415939134780527e-07,0.9987847673744967,4.897504663609987e-06,0.0005478809907718442,2.2992288089206732e-05
27347343,0.03754800999912773,0.0006203145340883587,0.0751185153377531,0.019172903051748482,0.004713714587015226,5.604045862731482e-21,0.48826288776882915,0.2996959513015781,0.07486770341985984
27347412,0.9650150677589915,0.0009043278220881053,0.003391717740869346,0.0005845441167198465,0.001092262162506735,7.180512248109353e-09,0.003375130661066597,0.022009050498060324,0.0036278920591850845
27347654,0.05282373930888488,3.901869716529061e-05,0.00028917921151155326,0.00014268759934982792,0.00012239072926692826,0.7844995255027508,0.0006291257366747196,0.1547057534474903,0.006748579766905652
27347921,0.09427106392538756,0.0002001565162573392,0.0010066958558917788,0.0001233760441578568,0.00011456818030461137,0.7319220704367945,0.0008396764488136779,0.16895179363616872,0.0025705989562239536
27347964,0.0004391064545227438,5.50628589811325e-07,1.5374968939688557e-06,3.810572972362732e-07,6.452795228697774e-07,0.9992646727188254,2.0058311897408356e-06,0.0002695181905464627,2.15823426117135e-05
27347976,0.009200368803488613,2.876743893515204e-05,0.00019928857489028817,3.998759535485526e-05,2.4932584700929104e-05,0.7815913492520121,0.0003868125914190765,0.2066460747138732,0.0018824184453256846
27348006,0.006571599287043849,5.2957573322139885e-06,9.57587252473863e-06,5.375376384003087e-06,6.10208223523931e-06,0.9913733795484901,7.548080688764048e-06,0.0018108460873776505,0.00021027790792351266
27348356,0.022622969182291078,0.0005953036317713177,0.009568868399742567,0.0007541155187106637,0.0006844116791822201,0.6159001496569751,0.002802243439529183,0.30616051722991294,0.040911421261884795
27348373,0.00016428310113460472,2.3806128062526613e-07,1.2470667178101073e-05,2.5671627804686708e-06,1.6940530393236693e-06,0.9989274693520702,2.4970740527165934e-06,0.0008103307553159227,7.844977314804077e-05
27348398,0.011244101663547015,6.291545165391212e-06,1.0053035332153012e-05,5.957420327923935e-06,5.932915578958137e-06,0.9784236116508745,2.4586102218077977e-05,0.010022831104375077,0.00025663456258084286
27348459,0.008297286757205707,9.48160157302361e-06,3.641086048472825e-05,5.911613270706538e-05,2.3587453448904855e-05,0.9884521966186238,2.3279946864241085e-05,0.002419321339893716,0.0006793192891989783
27348597,0.0010031239094359164,1.0702111951604132e-05,0.00023835203822854877,4.6703419013965455e-05,3.197951640574921e-05,0.988225454724531,0.00015564790456789194,0.004035246682460572,0.006252789693404625
27348656,0.00035929312310669346,6.144405586050925e-07,1.1113018441043335e-05,4.761089559318103e-06,1.5466085022765146e-06,0.9954485498576908,1.0896243341209315e-05,0.0040911689304823215,7.205668831767567e-05
27348664,0.0013036131541370223,4.08366323976696e-07,1.5117861394958013e-06,6.871333108549172e-07,8.691019448376859e-07,0.9984532236932153,1.8651743893346808e-06,0.0002088954763658323,2.8926114173282178e-05
27348803,0.003022227218705939,1.1439908938295215e-06,5.574433827782793e-06,2.6373496945714645e-06,2.8153720253869965e-06,0.9956370133121425,1.682306782408182e-05,0.001229531672365385,8.223358252047445e-05
27349041,0.0078497247901281,5.012506184844233e-05,0.0011649680478110452,0.00011038255099186756,9.010457558565645e-05,0.9572667969198949,0.0002525955863572762,0.012898719845761289,0.02031658262162146
27349119,0.0009124802409612076,2.8605992327282475e-07,3.945628748271321e-06,6.505831695656862e-07,5.991516243061447e-07,0.9990410429537053,1.5586210719176313e-06,2.862459559529413e-05,1.0812165200815119e-05
27349303,0.007339223797828509,4.0960562785089716e-06,3.282193505043815e-05,1.444174409269036e-05,9.63311238938561e-06,0.9911131341789711,3.4704305316948907e-05,0.0011780541981586319,0.00027389067191392987
27349693,0.010656769127742013,0.00012029294899717664,0.00205720939960887,0.0002813926268939301,0.00029696930832359355,0.8930641871279474,0.0015150681048021564,0.0854385732431786,0.0065695381125061405
27349793,0.0006410164040495091,9.120245425471244e-07,1.2026481136017539e-05,1.3856656042438577e-06,1.1625663601717605e-06,0.9967613242674082,1.133385810656204e-05,0.00254703406156745,2.3804671225176164e-05
27350040,6.739581468857482e-07,7.413112202770313e-09,1.8162906584682655e-07,3.699097597056095e-08,1.913861388213994e-08,0.9999791737376909,6.592433828478587e-08,1.8103809080997894e-05,1.737398975199591e-06
27350057,0.0010255273650197141,8.768067609855505e-06,0.0005486611516000339,0.00010231081100499466,0.0001028219822774995,0.9866644277474341,0.00011616085234041839,0.01068358888841481,0.0007477331342985382
27350203,0.14336759346734493,9.92924719920883e-05,0.00011228448417509971,4.5668609738511475e-05,5.704205946427496e-05,0.7257098023114784,0.0003705557387389455,0.12843804160393013,0.001799719253137607
27350557,1.1210979072452617e-06,8.690633660672436e-10,3.128299597370777e-07,4.466309366153582e-09,6.0912849008694284e-09,0.9999981663860575,5.7174439394640575e-09,3.1221342713801465e-07,7.032854677726103e-08
27350594,0.0052563335224067136,0.00022933102863576882,0.014809716134966917,0.000998536200901627,0.0010862871964315685,0.730421775586984,0.002586608612625573,0.04541144080874211,0.19919997090830563
27350743,0.0014516241513154754,0.003138557266003158,0.03202826151333631,0.02681388162265209,0.3901703591954674,2.6158353985355165e-41,0.0056984796810544995,0.045570840260038534,0.49512799631013255
27350755,2.26461681442747e-05,1.0508468485300965e-08,9.075180275460041e-08,2.9471891521689798e-08,2.8398653570086986e-08,0.9999754110795671,5.5559502266161644e-08,7.714179007110032e-07,9.56644069371697e-07
27350758,0.0010997794290912443,0.004075037512432942,0.028759831412016167,0.01823848845374366,0.10651905969581943,4.659934622510088e-30,0.010920283327820449,0.042931090454050296,0.7874564297150257
27350768,0.0021582929625338218,0.002907431837795713,0.020017229179228744,0.012628316749140014,0.019878737200787415,1.827669713003133e-09,0.02692358087988851,0.4940324440871081,0.42145396527584794
27350787,0.0017445315474974743,0.003122755491113888,0.023280764795586793,0.05859414140260969,0.022115744833851148,8.575153018907667e-24,0.012532478953265067,0.07227049656512645,0.8063390864109495
27350810,0.0010144974616385757,0.00721132808560491,0.009285738860948306,0.020342281782684057,0.03513155865380842,2.83571621759429e-20,0.005957369300763632,0.05127162190535124,0.8697856039492009
27350838,0.002634949145829936,0.002928395637486612,0.014097384493108791,0.008052784569401485,0.015899993777453134,0.0193430577197101,0.027730514110142344,0.7522977669538942,0.15701515359297344
27350847,0.0012425572185236005,0.002907723015461595,0.05580165502460911,0.05816090877300576,0.16629836141678178,1.759031408877306e-29,0.0056173428487059284,0.04543071870411234,0.6645407329987998
27350855,0.005427944125325337,4.2303175448556065e-05,0.01602194152194735,0.00014911433067673268,0.0003732580054315684,0.9604466432652983,0.0004957012015761219,0.00856385208560937,0.00847924228868679
27350865,0.0009471259738858696,6.694413978052457e-07,3.6645069495305106e-06,1.122042708539645e-06,1.3598810969702834e-06,0.9988900953007558,5.614361005392939e-06,0.0001258394617563232,2.4509030443803727e-05
27350872,0.0024690490907862722,0.011360403399106784,0.0200435780313862,0.03358756401893116,0.22391582340160315,3.1140248156337716e-14,0.011309711874639469,0.110739340432745,0.5865745297507707
27350878,0.016615959510011,1.5838068204317394e-05,0.00015442665755337307,4.2578925377052524e-05,4.219778086947222e-05,0.9645669806687069,0.00017160063408552866,0.014815605649032237,0.0035748121061599343
27350891,0.001758158011364888,0.003796344858642554,0.04244326395322391,0.09692064063860886,0.3646888103712215,2.865143511991754e-30,0.009511667340251887,0.04554199721874699,0.4353391176079394
27350928,0.0016005688249404674,0.0071431577880410645,0.01257976520333714,0.026598617758213622,0.044326771949013424,5.359428717546656e-30,0.004403425110401671,0.054820205405036605,0.8485274879610161
27350986,0.0014950396588287143,0.002912476555489337,0.011432104921526397,0.022610950373186108,0.012626542890772632,2.671337571975558e-05,0.012844389876708346,0.3328282944747588,0.60322348787301
27350987,0.0015417832230314873,0.003067539055861326,0.026294375062838028,0.05970045868439664,0.05727542137268693,1.5328525093725288e-23,0.005482079073496669,0.11048031620380039,0.7361580273238887
27350993,0.0012403659914899247,0.006186002544965427,0.014619495521360642,0.02244754753020846,0.047456252853969726,5.131247977633267e-27,0.0061581382682142395,0.16708672202765779,0.7348054752621337
27350996,0.0010932779380969334,0.0033916451192398203,0.02160717594205226,0.033105413884863835,0.04033360404715815,3.305658452417208e-32,0.005032898398876018,0.03868092033157798,0.8567550643381351
27351001,0.000218061704082804,4.712595499847173e-08,2.500538629521446e-07,4.466407512483175e-08,8.111415076236375e-08,0.9997658382821613,2.208095218167462e-07,1.255183626475593e-05,2.904409925462346e-06
27351003,0.001000001580812198,0.0035753767459453098,0.05790498785139371,0.047971426984092944,0.21159525590205952,1.1192051927769963e-40,0.006577718088801754,0.11716844568975471,0.5542067871571398
27351032,0.0014753183221526637,0.0038629610508714176,0.008689861778624852,0.01509602844077838,0.013778734746352378,1.714975103985496e-08,0.0059861138906826625,0.26193779465704675,0.6891731699637399
27351086,0.0002018969858656914,8.222261635976337e-07,1.3758168377187599e-05,1.8266347477210607e-06,7.227151227498659e-06,0.9995521688902068,2.954012146410008e-06,0.0001777279278607191,4.161800340435867e-05
27351124,0.0010036182533308415,0.0025450225913645876,0.02501249665882546,0.021357621677319936,0.07904056198348818,3.9410720586454106e-35,0.003042319728751306,0.025282623829314482,0.8427157352776051
27351169,0.0019684876249091523,0.0026454034479376125,0.01543774409306184,0.01797027583014733,0.060438786778621155,1.561706207362945e-29,0.004247954518081936,0.04644176723744248,0.8508495804697986
27351230,0.005587405531439967,0.0007623002245311642,0.010757805390506338,0.010585496020170114,0.012029908267326871,2.7643988765472785e-08,0.03129775978363323,0.2234640504217416,0.705515246716662
27351231,6.575761062170259e-05,8.951583501307948e-08,2.401616520357623e-07,1.4035991961306698e-07,1.764155788276782e-07,0.999917695718153,3.599928683704638e-07,7.0691954595447165e-06,8.471029911882554e-06
27351249,0.0016140735936720364,6.916830024243477e-07,7.335929654687088e-06,1.3117185051390453e-06,1.653884929875659e-06,0.9977651797784443,9.639167716974754e-06,0.0005507934003438893,4.932084373077334e-05
27351764,0.03928111835834225,8.271203235008052e-05,0.000293541572657482,0.0001527997711366907,0.0002691493569188839,0.9555920761462549,7.324872468976345e-05,0.002789602121402016,0.0014657519162479293
27351811,0.020447334008115672,0.0006992173408673488,0.06172916977443641,0.009088697300621337,0.00896215742594183,7.097258441113876e-11,0.031048341690083987,0.4042542181433834,0.4637708642455774
27351828,0.002337921415028693,5.063089775901425e-06,2.0874050432594607e-05,6.573606674875813e-06,3.245229890091409e-05,0.9968804102395848,8.142570608554777e-06,0.0003883775979099039,0.00032018513108363804
27352074,0.002107038315105343,4.9964132704413415e-05,0.00028248017177421334,0.00010893876895575658,3.547900273912899e-05,5.531320893366403e-06,0.001768946742526771,0.9936687397968396,0.001972881748461482
27352253,0.7903389325599417,0.0005678339659735831,0.00019854349589580123,0.0001280624305572419,0.00012358603614268164,0.19043313794925915,0.0006427803671844267,0.014489204163527156,0.0030779190315183063
27352389,0.005434086250224506,0.00016603625906028236,0.036636920431453904,0.001249285071227874,0.0009929513594820933,0.8599267384261365,0.001667866135400313,0.08280405268889719,0.011122063378117258
27352590,0.00013396290533504746,1.0962228059749221e-07,3.789138124681321e-06,4.3608918134059717e-07,2.3395269803875755e-07,0.9996882543084196,6.302189452438563e-07,0.00016150304552059038,1.108071949498293e-05
27352645,0.6668310941194194,0.00010941265776243415,0.00034138712891731044,0.0001303012459617876,0.00015412958612968458,0.320725525515441,0.000247906041244739,0.007850420365387734,0.003609823339735969
27352657,0.0028043275816642226,2.2012360922208528e-05,0.0001430828722146891,0.00012165499921226391,3.6509952046372306e-05,0.98312396925002,5.000731194248433e-05,0.011799734552853167,0.0018987011191246128
27352709,0.0042218132099344835,0.00011408773355513781,9.630163570808768e-05,3.427789731382364e-05,3.9084339277848695e-05,0.979293173730038,4.296256238956823e-05,0.015725373854552277,0.00043292503723062865
27352883,0.4941928158681771,0.00012349437313604664,0.00025719619698611417,9.25510568883311e-05,8.610383635949709e-05,0.49880190265917224,0.00017041913903366083,0.004774395752445242,0.001501121117801923
27352929,2.5264838950432664e-05,2.4671051376000277e-08,9.006557677624057e-07,3.408377625882309e-08,7.477983797220357e-08,0.9998251241022423,2.5983227723874166e-07,0.00014732908507115273,9.87951025571098e-07
27353024,0.0003788650857088774,1.1383747717000972e-07,1.101100792033098e-06,1.47501616595701e-07,2.0713501874761608e-07,0.9995593105151,7.174614254509337e-07,5.154534010772811e-05,7.99202275337805e-06
27353174,0.0018338524491598545,9.70799398396593e-07,6.189946593580609e-06,2.8100818308190113e-06,1.5579831783764053e-06,0.9979319798347894,3.008293907850588e-06,6.954250565031767e-05,0.0001500881054913983
27353325,0.0447236350380673,2.9964006256004873e-05,0.00011048605811307287,2.7140445118531776e-05,5.878158529362288e-05,0.9530028645894832,3.173160176653477e-05,0.0008131771385913491,0.0012022195373103946
27353511,0.0047292316402270645,3.742645863356271e-06,6.366783509509071e-06,5.1913156392953615e-06,3.1882064550166108e-06,0.994382740211018,8.245514892441451e-06,0.0005450065409060477,0.00031628714148919065
27353521,0.0004223290547731174,1.5710261458485952e-07,1.1839859594857497e-06,2.169227496791891e-07,3.462089160544164e-07,0.9995346086053102,6.865925669777835e-07,2.4161903335378363e-05,1.6309623774606863e-05
27353696,0.0019813510894532865,9.7489409457631e-07,4.068125274141504e-06,3.159884472496812e-06,1.7889337397206777e-06,0.997770609875519,3.292161488571772e-06,0.00015009300310243808,8.466203285568068e-05
27353737,0.0034703909899415713,2.100047201460428e-06,5.3040126884814135e-06,2.44513141497404e-06,1.522189525775352e-06,0.9951893372162205,7.035893314695362e-06,0.0011199531344171741,0.00020191138527535243
27354125,3.5926794870456166e-05,1.0802487120938818e-08,2.983808576740684e-08,2.4094730766489463e-08,1.657220843067198e-08,0.9999627161668434,1.9153469182136545e-08,5.458911201085014e-07,7.106861848215413e-07
27354711,0.00040571439871148863,4.1665600188434123e-07,8.277401330538601e-07,2.925514380261645e-07,5.954248340570405e-07,0.999538418252173,6.528844366985051e-07,3.58858914811766e-05,1.719620079060393e-05
27355082,0.00136089526921207,0.005225864849109979,0.02506117494125194,0.013053401558142639,0.04513947756677684,3.4694354747038265e-25,0.008549680289098102,0.15548305509212343,0.746126450434285
27355166,0.0015539181206190049,0.008860008572489045,0.004431836581136862,0.0033273003363444055,0.009290527912525262,0.00014484394357252314,0.010649694436389662,0.6953552396886925,0.2663866304082307
27355185,0.02913805738998441,0.00035155654814576586,0.04292085522170431,0.0017757283277206222,0.015486324708237808,0.6306632756147333,0.0021046472931529306,0.028643654933049868,0.24891589996327093
27355495,0.1638828874564461,0.0005745010943437414,0.029323815204510446,0.005522361222669701,0.005604604264537297,0.3200835425146291,0.05171210473280472,0.08786671364018775,0.3354294698698711
27355503,0.006416190315241205,0.00012824056216161804,0.009450104017423775,0.0005148075700375474,0.001692003213778212,0.8398758084426976,0.0006759199713626639,0.010284371164533661,0.13096255474276358
27355642,0.014645496190322696,0.0014683094917379911,0.08399787633705795,0.1306716156784755,0.18586310289165653,4.873495338212365e-11,0.10317586929334595,0.015131698371307456,0.4650460316973609
27355644,0.02494959123533197,5.208953205345167e-05,0.00913846270015366,0.00045323430819551913,0.0008886329500985817,0.9381535753313331,0.0006084549067653116,0.014223391332550345,0.011532567703517974
27355774,0.0008065573234883408,0.006431999788614357,0.02289310678119582,0.2226117127692715,0.015021110013693117,3.3043319862705473e-38,0.006747109939872148,0.6825971099608973,0.042891293422967366
27355776,0.0005543256677946202,0.016657950060949264,0.006569750918604127,0.08329052702353221,0.0025653583586928526,4.1449408132244195e-41,0.00636084138354307,0.8564888835170782,0.027512363069805708
27355820,0.0015841877918595694,0.002787937872723383,0.03590910488404475,0.13157776393220572,0.00899238362175885,1.2755427067363774e-33,0.010760542291846,0.7448176894835215,0.06357039012204044
27355950,0.005565848757906843,0.00022276599292167867,0.011946529662022224,0.002973998111402946,0.0004659468456213249,3.9788255329018e-28,0.02516456411201069,0.9301745745894335,0.023485771928680864
27356033,0.0001817747126709705,4.322674192857878e-07,3.4433396646220873e-06,1.6949210123068212e-06,1.9566895745271106e-06,0.9995353975518437,1.0156646011569852e-06,0.00025918491127191977,1.509994194154808e-05
27357496,0.0009658009513958072,1.0399232919958545e-05,0.00016874480387019306,4.252136321938874e-05,1.264838414055464e-05,0.988973006573544,0.0010354080363399745,0.008157467677711689,0.0006340029768585223
27357719,0.342448389159252,0.0005662569118030803,0.0022971404288941364,0.00036213088852737657,0.0004004784075223901,2.111119206765758e-25,0.0020476784119728047,0.6483878401393763,0.003490085652651899
27358020,0.050788744654849574,0.00014168601872776866,0.0036968928867124294,0.0002653545806463122,0.00037389280716512523,0.8759637274201617,0.003451477672872419,0.0491957271418633,0.01612249681700127
27358802,0.0030522784316854607,0.000986173313235349,0.007892376417428551,0.05184655180773308,0.005244042692244726,1.360639045690311e-19,0.013509886689469208,0.7156510731420609,0.20181761750614285
27359760,0.32341372650922345,0.0007159041098394191,0.0031054745990498505,0.0009023625483873526,0.000835694833041555,0.5625539933305331,0.0010595401181464558,0.010456015673023813,0.09695728827875487
27360515,0.0007826886988132918,8.401843509918921e-07,1.4438153162314111e-05,1.985886227971351e-06,2.124720310552735e-06,0.9990711793448955,1.9492211161847814e-06,4.7714899637579504e-05,7.7078891485637e-05
27360764,1.7197286115979222e-06,6.635441585958621e-09,1.3028273901042376e-07,2.074751874841622e-08,2.4820021884848286e-08,0.9999935335813914,4.051828183766713e-08,7.824529106914473e-07,3.741233083262723e-06
27361157,0.0006747227033456894,0.00284557480827271,0.06952537338531237,0.012527508552406247,0.009969510969372286,9.346655343625114e-23,0.008911152777558955,0.6226045775395462,0.27294157926418544
27361357,0.0061608122518442025,2.484658533052714e-05,0.0003214567259620845,8.246426541907974e-05,0.00013326368254836866,0.9824997494823375,0.00011602397776002764,0.002829741519681838,0.007831641509116203
27361482,0.016593694903883165,0.0011255030540079445,0.006830772973254672,0.005636889925909977,0.009706648023772736,0.5490307312024142,0.0063749315346256314,0.021204567391492082,0.3834962609906396
27361590,0.0002770686162667915,2.8493511539691128e-06,4.3437422188621266e-05,3.7401551875492013e-06,2.451884104200439e-06,0.9808831487312284,2.473373185100573e-05,0.018635763724593062,0.00012680638342630693
27361810,9.534382563690078e-05,3.442245374061419e-08,8.484380089849475e-07,6.135544958766396e-08,6.986593954941198e-08,0.9998535313898751,2.062403730823208e-07,4.885313897546772e-05,1.0513232876034147e-06
27361941,3.0730043714131035e-05,1.312105577987706e-08,3.7437980856053447e-07,2.5534460609917605e-08,2.1854654695962608e-08,0.9999339148737274,7.930576628417104e-08,3.4196776928185445e-05,6.441098843056456e-07
27362201,5.900110824191444e-06,3.276404635450573e-09,2.868893354601457e-07,5.95425647928068e-09,1.8047196084109143e-08,0.9999931292592207,9.725492371931154e-09,5.88346143821544e-07,5.83911263860471e-08
27362875,0.012435093853368918,1.527382690253792e-05,0.0002023668309248224,1.6457833907200954e-05,2.560008804356245e-05,0.9859530107245831,4.7290500843929185e-05,0.0007830840552842441,0.0005218222861415411
27362965,0.060869878661851395,0.0007763459953448934,0.00767811606337018,0.0011119982196152148,0.002201488615211495,0.001597077796557354,0.004736480889267306,0.9054327746509259,0.015595839107856311
27363017,5.3314208102430414e-05,3.065584833583827e-07,1.0527704031926053e-06,3.826013481273879e-07,4.7606349394019626e-07,0.9998687324182853,4.1348898233209816e-07,5.587925099751009e-05,1.944263990367581e-05
27363023,6.30956620165366e-05,7.505136833201455e-07,7.335970820806516e-06,1.6592750085205315e-06,3.0032528733084154e-06,0.9997460652851519,2.9108923020331365e-06,0.00015372634480101456,2.145280334261864e-05
27363377,0.03950882830021008,2.3571495738401096e-05,7.893969194852442e-05,2.2641012574016032e-05,3.530552194254333e-05,0.9588074397841888,4.218118157002227e-05,0.000527471243121534,0.0009536217687060828
27363492,6.004454810168053e-07,9.163104890242198e-09,4.855150554889575e-07,1.1099277716678176e-08,4.6717475129304255e-08,0.9999936721460753,3.5832057019708876e-08,4.391253916944017e-06,7.478275565644859e-07
27363680,0.06449100995711075,2.3571978071529703e-05,5.912706928156495e-05,2.6949411889860532e-05,2.9979347779455146e-05,0.9330472007009796,7.49627386737712e-05,0.0015290518656372325,0.0007181469305761071
27363791,0.9198526375043986,0.00017160767973403246,0.00021288703836004554,0.0001318874158369741,0.00017093075500862926,0.0743896569970613,0.0001982860148231187,0.0013702668990258815,0.0035018396957513394
27363835,1.1332669405040898e-06,2.6870266057429377e-08,5.164771970122212e-06,1.0858096474325533e-07,1.7767720291081599e-07,0.9999890884276297,2.591836468805399e-07,1.3536645218490876e-06,2.687556857252713e-06
27363903,0.019443448838096088,8.419981639073767e-06,1.7244703550144294e-05,4.247624224948782e-06,7.230752729976113e-06,0.9801374469728668,1.15786964094159e-05,0.00022209447967571323,0.00014828795080779883
27363991,0.0445350604932833,3.410668117711199e-05,5.730478454856888e-05,3.046556564383623e-05,1.954287494321158e-05,0.9496108347961544,6.460185172111285e-05,0.0036903323778618375,0.0019577505746668257
27364347,3.609912581778082e-05,4.393724338905477e-08,8.810156539212413e-07,2.425676283436007e-07,2.71717563596166e-07,0.9999289774768538,2.908463009001622e-07,2.303489092345959e-05,1.015842201471195e-05
27364537,0.00024534676090304074,2.8573936591979995e-07,3.2887003119991867e-06,1.105523280339906e-06,1.680134563037552e-06,0.9996697862440049,1.0897030752062828e-06,3.864709975887e-05,3.8770094736532424e-05
27364819,1.1949149709140362e-05,2.3348894878927204e-08,1.4680307006440043e-07,3.837003348290897e-08,1.3407546228082241e-07,0.9999835778232905,3.31581471800333e-08,2.695388944551655e-06,1.4018824479727068e-06
27365033,0.001800799788473911,0.002329231890308181,0.23448960855746317,0.045980338293775916,0.34644454023652027,2.7032711959518057e-41,0.006954146681134037,0.034261933229009486,0.3277394013233151
27365250,0.0002841004352090057,1.1150428044584604e-06,3.0721652716793936e-06,1.655869749357194e-06,2.686096958952741e-06,0.9994742009802108,1.66255112013723e-06,0.00013016570139619434,0.00010134115727942316
27365552,3.923126831822314e-06,7.533048045901152e-07,1.5408881210575787e-06,1.1201826719027489e-06,2.4799211719962717e-06,0.9995984661589017,1.2828672203214049e-06,6.88195517617751e-05,0.0003216139985150681
27366111,0.9973229766688133,0.00012196642860900589,8.488154097328433e-05,8.113057085067214e-05,4.9221536906381213e-05,1.7758848780641054e-06,0.0001531947977772115,0.0014283662984235308,0.0007564862727684206
27366386,0.09919197513630568,0.0007216943577018425,0.004189829109399089,0.0006359098816456166,0.0004928012932449772,0.018910471735099216,0.0022409280147754757,0.8686223336324206,0.004994056839407275
27366507,0.014763746470490507,0.00014329857368282123,0.00047616567597202886,0.00012539150410175852,0.00010918254091383422,0.8951685102717984,0.00025865327856222815,0.08358263324771197,0.005372418436766296
27366966,8.30313677093439e-05,0.0009619246673669239,0.0001360556870551473,0.00017126720523825682,0.00030544582935471343,0.9852714603017578,9.977756555107631e-05,0.0011064765691904139,0.011864560806776461
27367127,0.0003777958427998598,1.1295968135709382e-05,0.00023304281607672097,5.4686951423862584e-05,3.301030978824603e-05,0.9836883931792496,0.00017639552717027673,0.009588929448108496,0.005836449957247151
27367178,7.628785043497588e-05,0.003346152622103729,0.0001287877566040184,7.263632523062685e-05,0.0013642266712739091,0.9864846161015276,6.337382856774644e-05,0.0010225159200692266,0.007441402924188144
27367188,0.00016937572565267706,0.00015994074224428504,0.0024349956977095036,8.440655574730526e-05,0.0004812731365574325,0.9662128581672029,0.0002908184920569232,0.021616138766047763,0.00855019271678124
27367228,8.754521057068506e-06,3.9976803177304114e-08,5.98837297522192e-07,9.525813193575882e-08,2.459483473825297e-07,0.9999528256261309,1.9140975325451397e-07,3.315068987393583e-05,4.097732604808879e-06
27367284,0.0009228740965443246,0.0011107238502767482,0.00048224480915182573,0.0025430292814923217,0.00155297961918096,0.5544167471025416,0.0014674901735100923,0.049588919454560995,0.387914991612741
27367352,0.0011806522702390335,0.0004436019412602151,0.0013663394693367778,0.003931230135278586,0.0037351237410634995,0.6480678467793958,0.0018598898123183404,0.057392406222788,0.2820229096283198
27367406,0.00033262098857191297,0.0001661658223072991,0.0009000413700190827,0.0002094871534281956,0.00522450803132977,0.9772267770415969,9.521666404808299e-05,0.000889079964208889,0.014956102964489962
27367412,0.2522330430498701,0.000434437500509043,0.0004805281732507458,0.00018594478748080353,0.0001678163877905851,2.268123001758342e-05,0.001271087430203606,0.7393676974647928,0.005836763976084678
27367429,0.004731633211539429,0.0032925123626591406,0.02964032534817345,0.03570278075002094,0.01112909836891891,0.23820600466044967,0.0029348017108238337,0.4316286402776511,0.2427342033097636
27367566,0.0019336780262064258,3.302741492016769e-05,0.0034292440785069433,0.00021082544974309562,0.00014353002519303877,0.9019315861402735,0.0009421496202837099,0.08821490350745495,0.003161055737418289
27367614,0.004481992760638193,0.0023083619587842687,0.005422879389346702,0.013912728978538657,0.010015007868244254,0.17100866100960033,0.006926424310827603,0.09571725034600537,0.6902066933780147
27367674,6.753527558323192e-05,1.9417774453356138e-07,1.3979182438628458e-06,2.2688602979818287e-07,3.6020229456936286e-07,0.999829788161696,6.812128928791032e-07,8.166225807127573e-05,1.8153907443962194e-05
27367750,0.00028765089994589447,2.4666904756135008e-06,1.687817968172413e-05,6.0729838498404535e-06,8.162136636488003e-06,0.9976956679790346,1.2150110292038644e-05,0.0015106133022084682,0.000460337717875271
27368203,0.0003217644060622975,8.484431372582706e-07,1.4625091807624951e-05,2.217372287011374e-06,8.8750540508092e-06,0.9992776534688927,3.076627278282318e-06,0.00016865011264142847,0.00020228942384249759
27368824,9.626602044665643e-05,2.510140745109239e-07,1.0003038124171587e-06,7.732415447649296e-07,6.480907432538798e-07,0.9996031418400033,7.04047812550357e-07,0.0002835743028128091,1.3641138749930653e-05
27368825,3.887953831306676e-05,1.1545932476404422e-07,4.0687414644984553e-07,2.071606119862181e-07,1.631723241854441e-07,0.9998595119197564,2.178129289704503e-07,7.018725792309094e-05,3.0310804671236564e-05
27368872,0.1689115964662809,0.00032933856433641835,0.004978629933585038,0.00028957493308450497,0.0002685898312499099,0.5962000475762304,0.0034435816112876236,0.2189702818490721,0.006608359234873186
27368884,0.0001552374050869097,1.1734561819552811e-07,5.130490164679592e-07,5.249225960913872e-07,3.240737549416613e-07,0.9996981971571861,3.362336051160715e-07,0.00013384522327152,1.0904589864782872e-05
27369018,0.0005522053707311898,0.00019055046635955107,0.004145510611961041,0.004655731090656174,0.0011640595497895531,0.9260204343829661,0.0008819205702023594,0.0520394683401507,0.010350119617183254
27369072,0.0017278541310356437,0.0005144847188389844,0.0026198605370537165,0.0050817144384715076,0.0011333670930506311,0.7932129706070077,0.002262449248267192,0.16512726489148333,0.028320034334791223
27369084,0.00015433894875470974,6.550172368415786e-06,1.1412765707803344e-05,6.008376130453867e-06,5.495999578721748e-06,0.9872504045098595,1.4124635978222206e-05,0.011966820533409353,0.0005848440582126626
27369294,0.001822531746057479,0.0008601503038316416,0.001890409907246227,0.01554277864114621,0.0038578142963722403,0.5022014550314713,0.0028797659649948933,0.30526414900539844,0.16568094510348147
27369367,0.000715824202676895,9.60484677840664e-06,9.291972809122384e-05,1.8873333152931322e-05,1.8925239214322822e-05,0.9701882091192141,7.94054059823786e-05,0.0274539263058892,0.001422311819000447
27369384,3.109617623602477e-06,5.771095464724391e-08,1.5204175876915759e-07,1.2647018637328422e-07,8.641423355520528e-08,0.9998956082017703,1.864493413159204e-07,9.023148784086071e-05,1.0441606290506515e-05
27369473,5.534772771050612e-05,7.18367826289921e-07,3.893897226173943e-06,2.0229510661547153e-06,1.5516542596901716e-06,0.9985633976145589,3.3066189249372634e-06,0.0012803421136788633,8.941905474850597e-05
27369484,2.0507296658652632e-05,1.4877627341455408e-08,1.385210887309481e-06,7.817723684470781e-08,9.333261276649081e-08,0.9999677100782275,1.1710527724870178e-07,8.821689898850442e-06,1.2722315736185457e-06
27369510,9.429145316420804e-05,6.423082005483626e-06,3.110042411525742e-05,1.05552836880637e-05,1.143044237196156e-05,0.9881560891550654,1.1383534989727221e-05,0.011372759533877104,0.000305967090722752
27369542,0.00017894835151050225,8.011944982191561e-07,1.3316800997672352e-05,5.09105974961506e-06,2.1796125162557073e-06,0.9992184895499706,4.460810634697694e-06,0.0005218260564300587,5.488656369242256e-05
27369740,0.0019558473400077816,2.255192084507578e-05,0.00017095866353899144,6.791069585140156e-05,4.571642963340291e-05,0.976776056790006,8.229169658642574e-05,0.018139479771927872,0.0027391866916029657
27369907,0.002296981820077043,4.8903341882769134e-05,0.00018674735630926336,0.00019091986281054543,4.662132842097655e-05,0.82175347717623,0.000637339691801972,0.16936518026353717,0.005473829158930125
27369950,0.00014195388727766863,1.1377668232609154e-07,2.9952299086258e-07,2.078508738557828e-07,1.9052036281664763e-07,0.9998071624803011,2.7472905738448826e-07,3.622029949950085e-05,1.3576932954481214e-05
27370005,3.093038538036894e-05,6.50178485876649e-08,7.373574913196253e-08,2.8727041248714883e-08,3.8540803331220926e-08,0.9999341602584663,8.435059665565738e-08,2.7138917866336657e-05,7.480066247952346e-06
27370052,0.0005340972866795382,1.0837829479176653e-06,5.270491141528211e-06,2.491274475262993e-06,4.200063660563318e-06,0.998215288618247,3.081268403860361e-06,0.0011815015762100874,5.298563823414342e-05
27370070,0.0005311557426053024,9.584366045651435e-06,4.73685776917248e-05,2.636323384283231e-05,3.046190374873005e-05,0.9743845313465804,2.3989405526443653e-05,0.024415729569471346,0.0005308158544874601
27370308,7.498674689186834e-05,1.0108866059649301e-07,1.0101169392957297e-06,4.662242285897081e-07,4.884041717572945e-07,0.999733887379947,1.0266795378927956e-06,0.00017951074024543975,8.522619377576087e-06
27370697,0.007336638733428208,3.452574787327153e-06,1.6461178804883833e-05,3.3827992448449605e-06,3.836773112977031e-06,0.9919694083831125,9.253470090982604e-06,0.000588042725301072,6.952336211725448e-05
27370787,0.004074357137800131,1.0900603751554478e-06,9.232344641080121e-07,3.9387460947236244e-07,5.385127190272453e-07,0.9958901773307373,9.503386575798318e-07,1.8618896911058157e-05,1.2950613726330722e-05
27370965,0.06413098527169762,2.164025962841351e-05,1.582169758069743e-05,9.092799611613273e-06,1.0219564862347994e-05,0.9350496873527293,2.234777124492018e-05,0.0005192995338302866,0.00022090574881467696
27371182,9.840918647307224e-05,3.480414150540914e-08,1.539688799630402e-07,5.097866019420701e-08,7.543854499130598e-08,0.9996120343344111,2.514071968843093e-07,0.00028749723915832433,1.4926425339392974e-06
27371273,0.00039222192628269226,3.554601330740476e-07,3.7898933031395147e-06,4.668552729720794e-07,7.735862516405184e-07,0.9995114395890873,4.4675891900315277e-07,7.315547342774098e-05,1.7350457322545757e-05
27371457,2.0817413607712147e-05,1.605572543669351e-08,1.6651656046831467e-07,4.8263250159796776e-08,2.987535692198997e-08,0.9998183799292633,3.26966925989724e-07,0.00015953143548457776,6.835438253213866e-07
27371771,1.7031996610663515e-06,3.861556559975447e-08,2.591045355322303e-07,1.1435812679489893e-07,9.352238934791822e-08,0.9996954831801232,2.432163918734606e-07,0.0002963365828296377,5.7282203767245756e-06
27371882,0.026240020363872234,1.2458092305700133e-05,4.8363231401893155e-05,9.512124541999006e-06,1.2412730562739392e-05,0.9690460914137713,5.4298453072242566e-05,0.004242872738212113,0.00033397085225983427
27372009,0.0018782443494980458,0.0015309326393433864,0.1278776732660949,0.006563016640196759,0.0016205925526986398,3.640192504803405e-18,0.007041827927353851,0.8447799571887833,0.00870775543603122
27372036,8.44165337557739e-06,1.213936223289394e-07,5.192948738637384e-06,1.2791676148570589e-06,1.2059900200567819e-06,0.9994776939064485,4.647501576281768e-07,0.0004993684370186582,6.231753003850458e-06
27372357,0.00045315435458142037,2.9006599256250396e-07,2.8661180833846076e-06,3.140205820609776e-07,8.23540918598511e-07,0.999500119309198,2.2426034002703408e-07,3.949390887116806e-05,2.7144214328459285e-06
27372387,0.0002202806969189254,7.810573982181022e-07,2.8665606305687313e-06,1.1327871421169216e-06,2.730003329765166e-06,0.9995170647122418,1.1418729943616175e-06,0.00022971163091231283,2.4290678431955017e-05
27372467,0.017394274839451378,0.001568653566170913,0.0027676688760094772,0.0006877683227241255,0.0008168446541383387,4.0856034486768865e-12,0.0016684764757409411,0.9654689205535826,0.0096273927080967
27372709,0.004483648545455274,0.007702266848867527,0.004404404573508604,0.0015559315372707231,0.0031761542507385736,0.07988347260684119,0.0020635792491391766,0.8884065243542054,0.008324018033973367
27372849,2.270617139618005e-05,7.620986144469513e-08,1.658960140476972e-06,1.866714951486495e-07,7.889730210844841e-07,0.9999332964130876,4.680597847071959e-07,3.6620560989815824e-05,4.197980223495467e-06
27372878,0.0006214057518163166,1.656279662067572e-06,3.908852179092742e-06,7.827386727251871e-07,9.60646847856664e-07,0.9982710865168608,7.351107700774962e-06,0.0010480075032854458,4.4840602975092346e-05
27372953,8.990466578194247e-05,1.2127782633598708e-05,8.405318894329921e-05,3.30813616372645e-05,5.850182113582997e-05,0.991605146031066,1.6579745485198988e-05,0.00693047250715859,0.0011701328961582665
27372963,0.0006443739606128586,2.005517070357254e-07,1.1860814544067586e-06,2.561863951336446e-07,3.621180757184758e-07,0.9992782173884862,7.421139917974596e-07,6.970112610882274e-05,4.960473168114663e-06
27373251,6.0465206933427734e-05,3.8798368894746994e-08,2.614422124724588e-07,5.444399157515636e-08,7.346983193323405e-08,0.999932197152386,1.2188714908197357e-07,4.4800837984879515e-06,2.3075153280448373e-06
27373586,2.3218711971982004e-06,2.5162574823716047e-09,1.0699841964559525e-07,4.905769282325457e-09,1.2026313108521145e-08,0.9999946750000781,6.982516830481444e-09,2.7691093921333175e-06,1.0059005622656822e-07
27374362,0.0004070709636470762,7.40839179501498e-07,6.002261222510864e-05,1.6874879100261669e-06,2.9473507832475354e-06,0.9990358612414607,3.928656841015845e-06,0.0004595514983551286,2.8189349598341257e-05
27374805,0.09791064420527426,0.001825089643103188,0.0038099889991300893,0.0017612826112081727,0.001166832397103251,0.006712676108802133,0.012992469799652701,0.8656629812869385,0.008158034948787684
27375784,0.2789831072220788,0.0001376886285239453,0.0002777440886656566,0.00012160306772695188,0.00012615319430839066,0.7062171708352485,0.0003585565041250907,0.009667210557273551,0.004110765902049121
27376400,1.6005990896572037e-05,1.254869020506012e-07,0.00018135704294241302,6.264877973636793e-07,1.9324095647225143e-06,0.9996256425951767,4.15653337127243e-06,0.00016415312758612797,6.000325762766698e-06
27376981,0.09710883122268099,0.0011146533666794099,0.0003373556369871666,0.0003761085257627466,0.00021651374090503756,0.3162632147589816,0.0014910223501557484,0.57735688042797,0.005735419969877269
27377219,0.00012910071965620628,4.6856366667390765e-05,0.00040361363150925536,4.19754854367795e-05,0.00018106374325900672,0.9951008674575166,4.6189419339540184e-05,0.0033027829152647687,0.0007475502613504717
27377360,4.024106605073465e-06,4.4872598519786955e-09,2.280229309738064e-08,1.643038600660433e-08,1.7140915607113052e-08,0.99999393405385,1.1795714687110649e-08,1.7397381708651425e-06,2.294448047580267e-07
27377477,7.581439072447386e-05,1.1782954079571725e-05,6.765055922568509e-05,1.3780547039130152e-05,5.99719294463101e-05,0.9961400414296296,8.530020554855159e-06,0.003458448024249834,0.00016398014505056478
27377812,9.433268966055054e-05,1.290147819218751e-07,4.949676270670223e-07,1.3301944100786014e-07,1.417969268283047e-07,0.9998274272996884,9.578457177806824e-07,7.145163562761816e-05,4.931730528782935e-06
27377895,0.0876832419808726,2.7672272268798993e-05,2.256517688390508e-05,1.4368698795361821e-05,1.7706328622196325e-05,0.9115387915247108,2.996716936535466e-05,0.0002800677556549463,0.00038561909282594763
27377938,5.993252400811207e-05,1.6899458401956135e-08,1.234453949260197e-07,2.756682426626712e-08,7.07433773927261e-08,0.999937326543718,5.5796795043853944e-08,1.8083181576431039e-06,6.381622661060258e-07
27377964,0.005435382962718801,0.0009775133242528587,0.06762362141520936,0.003895101822279442,0.055663898814120705,0.3704393584797049,0.0019391406994853499,0.4707235650565836,0.023302417425645136
27378135,4.3775886907368145e-05,8.742345152835292e-08,5.417917937589385e-07,2.992447606358991e-07,4.947906122656934e-07,0.9999098043243594,1.286542632983649e-07,4.262402445455025e-05,2.2438593971973907e-06
27378200,0.003340024984001398,0.0003678255257683144,0.02689908278718141,0.0004954452556930591,0.006428000343349924,0.8463299679294254,0.0011976087376946959,0.04535708080487023,0.06958496363201569
27378316,1.907707275144584e-05,4.872205152483106e-08,2.4030997382868566e-06,1.4429809153365807e-07,3.242432426948631e-07,0.9999572421882206,1.5491202199100054e-07,1.74297240174003e-05,3.1757398645373866e-06
27378420,0.04976576912059256,8.025823898755952e-05,0.0005606979990497463,0.000280276265805509,0.00014624436407758909,0.6792577435164084,0.0006091811570587442,0.2653695670183155,0.003930262319704324
27378502,0.0009648057126568846,0.0005777872496437347,0.023704946786998395,0.011948606365145935,0.9407556989506505,9.665813362660824e-42,0.001316590181689532,0.0014316266299794211,0.01929993812323578
27378503,3.457310267297705e-05,1.6228232578515528e-08,1.6297516965324427e-07,3.1712519027906575e-08,7.914285663721065e-08,0.9999589262820303,5.704246655386333e-08,5.592234389768906e-06,5.612796625784125e-07
27378642,0.00010586541482986901,8.00781522703385e-05,0.0015317053593268282,0.001193618335725006,0.0001777064434194364,0.9854382039669172,0.005482594391426206,0.004719083066980045,0.0012711448691051122
27378789,9.611743164720367e-06,1.5570107402420757e-05,0.0003248214635899125,1.9180677866855247e-05,0.000244638974540723,0.9988547787161458,7.956977374556098e-06,0.00040030829956576585,0.00012313304034924943
27378854,0.00024499029574864855,0.0011308244585650443,0.003690542281852964,0.007295110616749636,0.0022949373054850985,0.854850065966186,0.0013993784248845856,0.10599431466720802,0.02309983598331996
27378974,9.239998393627235e-05,2.125021075640032e-06,2.2135384703979173e-05,5.2619145652435505e-06,1.7770763717998813e-05,0.9988546046813053,1.1303166047858533e-05,0.0009606188477479319,3.378023689966225e-05
27379077,2.1347192833814516e-05,1.5554769403922457e-06,0.00021429385986248412,5.101480872136446e-06,1.5016381005064297e-05,0.9991923545718737,1.2454424992434197e-05,0.0004803145317456305,5.7562079874401535e-05
27379228,9.864633855485676e-05,1.4524579681010923e-05,0.00251155252390214,0.00011907801561007957,8.99838053733643e-05,0.9933884605581303,0.00041049440264785903,0.0019350335108062726,0.001432226265294246
27379256,0.0015714615952693019,0.0014943355194234553,0.2100252455154646,0.032368489299700265,0.680451880761073,6.677088936374241e-33,0.008951530093207797,0.012640358143757035,0.052496699072104656
27379305,0.0001924077954797319,1.8839034114900241e-07,7.140799459096543e-06,7.27449077039655e-07,1.0408233127463723e-06,0.9997335988642441,6.809103629549016e-07,5.862567761980233e-05,5.589290103413039e-06
27379676,0.0028214650535930553,4.977206139098114e-05,0.002372666168190575,0.0005156379937010409,0.00020670014449300335,0.5886850822448848,0.0021816166050262317,0.40101329005303804,0.0021537696756822543
27380172,0.001399665957815164,0.0010770275520010008,0.12999409058121442,0.015255232143564418,0.8259738058537591,1.0069912590363475e-18,0.004030656477869235,0.007354905920888878,0.01491461551288777
27380754,0.0632194284031512,3.9989662562330005e-05,0.00018628931811081798,4.2504121001572096e-05,7.728637283499982e-05,0.9301034308783599,0.00019118162171114395,0.004125867885529,0.002014021736738993
27381012,0.016333112908508373,0.002020709744530392,0.0944243218506268,0.055085877476579906,0.10968640981807676,6.530032811806582e-26,0.21393551190914933,0.23559015921679133,0.27292389707573717
27381985,0.0019797770879126527,4.318607953963217e-07,1.379622436347478e-06,2.9476224865307556e-07,4.7200600533076225e-07,0.9980027649839194,7.364233995188864e-07,8.833766946148713e-06,5.309486336552509e-06
27382085,0.010135917213669934,4.3582585608719784e-05,0.0015645509033253575,6.896715224794322e-05,0.0002903795569724787,0.9753049469970364,0.00017140425506523106,0.0060936167512094545,0.0063266345848646335
27382536,1.043317027808354e-05,1.122004087646252e-08,2.7059828016738007e-07,4.357873094517348e-08,4.504758932726279e-08,0.9999838083652779,7.572525629147272e-08,3.488049980298053e-06,1.8242445658955495e-06
27382956,1.5538790750047807e-06,1.8057736366065734e-09,6.23718910966044e-08,3.990909428631546e-09,1.4598412905132211e-08,0.9999978162426878,1.2991347863393964e-08,3.5462814613108295e-07,1.7949175616895826e-07
27382957,0.9927378348951936,0.00017333343439879945,0.00015863467663490072,7.440729782500186e-05,6.295870385454817e-05,1.2244799294087536e-20,0.00021721684088101987,0.005619995271462202,0.0009556188797498779
27383026,0.002596777756198803,0.00013609699473558459,0.008490896391122518,0.0003123848778940366,0.0011199197936670917,0.9253126606389916,0.0009487697239185371,0.044675670564896866,0.016406823258575055
27383801,8.380397255457458e-06,1.8924916837577967e-08,1.0444924224867495e-06,7.099527254671845e-08,3.892509177857904e-07,0.9999865748702093,8.595093077274813e-08,1.333632122467394e-06,2.1014859524794422e-06
27383815,0.04002726927472374,0.00010531644824514764,0.0004693098946260359,0.00011148204042916788,9.042270998169367e-05,1.659746280300397e-07,0.00121726031581878,0.9565214845127155,0.001457288828831877
27383952,9.630698351505724e-06,2.6002046781528437e-08,1.9098139215604744e-06,1.0823019370231887e-07,5.758952334622168e-07,0.9999754950154109,2.0169077994165846e-07,8.602386581099268e-06,3.4502674810156086e-06
27384062,0.0015329186907103247,2.8337489393136074e-06,0.000506308433533504,2.259711733072848e-05,0.00018804431196328073,0.997357954226262,2.8970465623961123e-05,0.0001601499881880414,0.00020022301744879032
27384064,0.00042909842405184604,2.3852801659640022e-05,0.0001801473454738957,6.089011720768654e-05,1.7517002082831844e-05,1.3072539573496192e-11,0.0005463174546880771,0.9975000388549133,0.0012421379868500719
27384208,1.5767080668781422e-05,4.345223523997333e-08,2.575823441029351e-06,1.7011507453850367e-07,4.4464053535730584e-07,0.9999569112023676,2.9021468521523155e-07,1.559039921170925e-05,8.207071780480254e-06
27385310,0.00033339299319719285,0.00020111736586465948,0.02016430230967581,0.01679355137090839,0.9508533841103863,2.929784769830545e-33,0.0010994451915089145,0.0010815716484659022,0.00947323500999279
27385431,0.09177417008150376,0.00014907483332194573,0.00020915907852440746,9.365381939466022e-05,8.64301515553511e-05,0.9027053202913013,0.0003348445305541163,0.0031807708999478474,0.0014665763138964694
27386834,1.532890421165887e-05,1.185053374394126e-08,1.8693106496773907e-07,5.2996372117646967e-08,8.730544327355742e-08,0.9999606726378036,9.949630164400178e-08,2.290495869701357e-05,6.549195719869837e-07
27386871,0.00014678707429970205,2.3029043227759134e-07,2.93123371335153e-06,4.6481372001252496e-07,5.080730246236707e-07,0.9990040495033747,3.927075205624041e-06,0.0008325340432183964,8.567893011231835e-06
27386953,0.005754844003277242,0.10729309369107523,0.008064478758505038,0.008473509920806513,0.050320908575284415,0.004904845095953276,0.003250699585223394,0.7840487621016019,0.027888858268273177
27387156,0.0009485724172559933,1.0462871732432866e-05,8.555130930642258e-05,2.2648929496877196e-05,1.1239921706707074e-05,0.9277741921398548,0.0005709424066243694,0.07030129712123373,0.00027509288278871426
27387223,9.783041335699406e-05,6.857187638417527e-08,8.317763867680733e-07,1.769849614718879e-07,2.0824563171201193e-07,0.9998614791742841,3.523134794956671e-07,3.60895330576158e-05,2.962986965362699e-06
27387235,1.9436289281271306e-05,1.1565128866585375e-08,5.387417371996564e-07,1.094481436773371e-07,1.1146702061867077e-07,0.9999595335050875,1.6720756605419053e-07,1.7102408329681245e-05,2.9893677049922147e-06
27387356,5.347968557630838e-05,8.243056176489487e-08,9.128815300876952e-07,4.492258093175763e-07,3.592328749066341e-07,0.9997404133766488,5.61399463216262e-07,0.00019917142343771357,4.570344097822891e-06
27387432,1.1776769770125926e-05,2.053614292076131e-08,3.9438423626002384e-07,8.070010530848042e-08,1.6972709404441747e-07,0.9999481151929018,1.7712726992174932e-07,3.774916535220637e-05,1.5163971273914934e-06
27387490,3.4908241609079726e-05,1.2872703567990782e-07,3.2976374130420498e-06,9.741391655731552e-07,9.495947514753715e-07,0.9996442392722381,9.007516581712056e-07,0.00030059719033925965,1.4004445789619115e-05
27387609,6.449033750669256e-07,5.190553149403918e-09,1.821109429271735e-06,1.6601158927514006e-08,8.774823123206427e-08,0.9999933458667745,3.0887025180224856e-08,3.837073807159503e-06,2.106196456379882e-07
27387894,0.0783732730245811,0.0015123523145724683,0.0009133543870384539,0.0002628942004316363,0.000262649730453226,0.15769830989693678,0.0008063125597719308,0.7572822518989019,0.0028886019873127005
27388061,2.3855683474348746e-05,1.118555111242512e-06,0.00012356352118302432,1.11834177671889e-05,2.8050786433554513e-05,0.999222380895036,3.7937283995374085e-06,0.0005294089735250614,5.664443906999791e-05
27388363,0.0006571606837920459,1.7279061654355963e-05,0.00010886109184705631,2.8478162336657274e-05,2.6070372578684484e-05,0.9872210015487379,0.0001758607517932544,0.009865845160824454,0.0018994431664356934
27388419,1.2597925964946068e-05,3.8360418620662745e-08,2.5192148015529776e-06,1.3777549046860494e-07,1.3269030836639974e-06,0.9999694263018745,2.078688232264589e-07,1.1134178400850606e-05,2.6114711421728867e-06
27388672,7.548200079831322e-06,3.0997743292143546e-09,4.913613156078468e-09,2.8604896048096704e-09,1.95700430113276e-09,0.999992201513157,9.536458487202675e-09,1.7406758845339898e-07,5.385183472837122e-08
27388700,4.617883764591671e-06,1.154801271823137e-08,3.9305935804559596e-08,1.2286289646310704e-08,6.436818503595696e-09,0.9999905800319843,5.885664296615779e-08,4.388857232367086e-06,2.847933191915348e-07
27388816,7.97201494287216e-06,1.0748618072004742e-08,2.059349297444093e-07,2.43364658050629e-08,2.917306254210508e-08,0.9999878560372052,2.931566245583845e-07,2.8532784661687204e-06,7.55319685012184e-07
27388912,0.0063368565306312465,1.1358666598116426e-05,9.833369526593359e-05,7.157855183906748e-06,1.2507865453450381e-05,0.9883123813586471,0.00015589662608888992,0.0049055054464175645,0.00016000195571369636
27388975,2.5323059865809024e-05,2.688566760975714e-08,6.982711228436327e-08,1.529314146194237e-08,2.5118840764936655e-08,0.9999703902552508,5.972077887746209e-08,3.864480835118909e-06,2.2535850733297952e-07
27389262,4.598321270380433e-07,8.945666757868574e-09,3.4894837162194997e-06,3.9778870319894605e-08,1.6703695966957256e-07,0.9999935941296183,9.151505727295595e-08,1.8293114360772576e-06,3.199665481988428e-07
27389386,0.011326898367252026,0.008789876095343381,0.00525238264581417,0.001121217593547498,0.002527060086967699,0.12103644131140431,0.0022988265459088697,0.8397462016592891,0.007901095694473
27389936,1.0732342636969607e-05,7.085274251069492e-09,9.202978590766685e-08,8.009224167522154e-09,1.1878113922025304e-08,0.9999853480507216,5.3076828668413985e-08,3.491100723643319e-06,2.564266909250802e-07
27390071,0.0001056727824955761,2.4121401705864426e-07,3.942642020281935e-06,1.0966287320685945e-06,1.1925667922127402e-06,0.9962594681320788,2.5927588170211224e-06,0.003619100456399251,6.692818647700969e-06
27390223,0.00016901583110113266,1.0939257008363484e-07,1.3601100265783753e-06,1.6828444489169254e-07,2.1349800077169633e-07,0.9997488209706825,9.559154916955824e-07,7.512683949169892e-05,4.229158190552859e-06
27390271,3.3401201326006404e-05,2.4016680087211518e-08,1.1948633101087085e-06,5.5085587741911756e-08,8.647699166786534e-08,0.9999390408755577,1.6005828681985073e-07,2.393248960369654e-05,2.1049326561217714e-06
27390291,1.5466694942393542e-06,1.67518598257615e-09,1.883504592333509e-08,4.7453123704573536e-09,5.755177219059647e-09,0.9999981745133228,6.634936440894758e-09,1.559445982968694e-07,8.522692690337379e-08
27390319,8.543760201264542e-05,5.354577446238669e-08,9.61665829965118e-07,4.786868832610658e-08,1.5176567514199665e-07,0.9999008787242168,1.265561030797969e-07,1.0230376269489123e-05,2.1118954299217987e-06
27390709,0.0001297640500950088,1.0136034796375537e-07,1.9004169953542118e-06,1.8753827107420657e-07,3.946215211133753e-07,0.9998014415642903,2.5603989041933523e-07,6.127990744409948e-05,4.674501144661627e-06
27390827,1.7616244470800226e-06,3.6874357613912005e-08,6.729500148504689e-07,1.75212653396783e-07,2.3734623155137263e-07,0.9999716171456653,2.2162798866703126e-07,2.3437285388363318e-05,1.839933253206851e-06
27390828,0.017995805607973474,0.0002216982583910676,0.0005946018184782326,0.00013837711768834664,7.639253256245919e-05,1.8821113263220804e-18,0.0008198145294997652,0.9770051378643642,0.0031481722710425416
27390876,0.000645776585992171,6.791135924302496e-05,0.0016252693420297254,0.0003113240507077369,0.000593641555080443,0.9496558831641213,0.00013871086372572094,0.04247939309696277,0.004482089982137083
27390943,2.805695859679233e-05,3.625375205453369e-08,6.846536068632965e-07,9.461183331102726e-08,2.1503487761001026e-07,0.9999659072724976,1.2221917740236722e-07,1.41468064764421e-06,3.4683150107438727e-06
27391118,0.007457252315418844,4.7211681685128293e-05,0.0009477711076557596,0.0002031999097957203,8.589203816444592e-05,0.40384542225251857,0.0020129262939480685,0.5818146707871454,0.003585653613667935
27392023,0.0056530003195082845,8.028063498079102e-06,0.00011488359847396886,2.4938874226513397e-05,0.00010064761443866173,0.992028089099364,5.873784660928959e-05,0.0011888889123995116,0.0008227856714816722
27392399,0.001262487037366527,0.0016761040776230053,0.054118633600960885,0.012982856982489193,0.5645058024725303,1.5853202974091952e-30,0.003017691842524932,0.04728114854992123,0.31515527543658395
27392410,0.0003521043005310997,0.0007787184245499938,0.05769059710628306,0.007312622004778055,0.7988926895176153,1.0337405116501965e-51,0.0015421657891470692,0.005062459432222025,0.12836864342487347
27392878,0.0003382771562574736,0.0004523461003402713,0.03235480183001645,0.004796047459808052,0.8991351721282388,1.9734842354282515e-49,0.0009074120161531805,0.0031160547504654125,0.05889988855872029
27790720,0.0029884155371541353,0.0006840692545836125,0.025162495069053454,0.020627937569677065,0.019536013730536997,1.7699055746668825e-38,0.03485495212276769,0.890261154596201,0.005884962120026101
27790957,0.0007426038802453886,1.2332463883684137e-05,0.0010634117403783747,4.6431492053042066e-05,0.0001232688955064092,0.9876577305838241,5.279726467125261e-05,0.010201375413631295,0.00010004826580643207
27791208,3.4926472006139197e-06,2.0052592299133722e-08,5.816906745046641e-07,1.320543637819059e-07,4.936663783264939e-07,0.9999794002104967,7.592941345111618e-08,1.5585002855307368e-05,2.1874602505480446e-07
27791358,0.00319234681908511,0.0005740623785727074,0.593549844775615,0.015250803585552314,0.009429398421626904,8.848258788882345e-32,0.05026773339779278,0.3199401667640892,0.007795643857665961
27792402,0.003866095410186364,0.00014425034401147944,0.0020592248898965385,0.00042237838107320554,0.00023879037689221965,0.0020939193166674957,0.0013144573323778063,0.9879075469774948,0.001953336971399997
27793377,4.7023352941564355e-05,3.367218031153072e-07,1.648414827674042e-05,4.792693832968903e-07,3.0299582747106507e-06,0.9997350984521484,2.0590496736252164e-06,0.00019197471859277055,3.514328905835796e-06
27793451,2.3530500321310444e-05,3.374100001657232e-05,0.0008098336138212583,1.577629057534971e-05,0.0009930328959287377,0.9969619009417995,6.565490615470817e-05,0.0010762758733382728,2.025397804439581e-05
27793481,0.0006293167580273914,0.003545198333742933,0.0015732890086270497,0.001035373914473,0.004889638057443186,0.889576353683904,0.004282537461332109,0.09373215321478322,0.0007361395676671919
27793513,1.2714293940836858e-05,1.8492012081106286e-06,2.4594309089305175e-05,3.6339635005892105e-06,3.992150762210389e-05,0.9990594005909635,1.4895630392402801e-05,0.0008241049560191496,1.888554726399293e-05
27794044,0.005824514323110758,0.0004832680330802963,0.18950665417108378,0.006023025557382792,0.02516834201896534,2.571039496924496e-32,0.018316255139496952,0.7474509032869526,0.007227037469927483
27794964,0.07679833025795657,0.005499762919889244,0.0017875069835631124,0.001600740997919081,0.001664793855553188,1.9421153163560076e-11,0.026208815299601812,0.8647638808070042,0.021676168859091717
27795733,0.00016708870156614513,6.98930029677452e-07,2.5371928443264796e-05,2.4758280944996136e-06,7.191034422645298e-06,0.999556600366304,4.207257940347026e-06,0.00022766301689130164,8.70293630819229e-06
27795764,0.0008895184893876308,4.2724650696498e-06,5.714049855605682e-05,1.2262809630047564e-05,2.0013441179886277e-05,0.9909873867659014,5.6724940248113154e-05,0.007867006077303128,0.00010567451272419678
27795783,7.690370034491038e-05,4.1749904792152797e-07,7.507491552502406e-06,1.7206477299238092e-06,2.4698220945712995e-06,0.9996585827661606,3.2489712233412167e-06,0.0002419333306752643,7.215771170845753e-06
27796951,0.005037002486912451,0.00016543155008233017,0.004693149285892372,0.000369417436101098,0.0005984346616059827,1.6745558648223222e-12,0.004813478526553266,0.982607618933768,0.0017154671174101099
27798374,2.2516562300799245e-07,3.2026238742159306e-09,1.0545235167414804e-06,1.0775163950971243e-08,8.962831118386636e-08,0.9999967239212355,1.91446004045765e-08,1.8370187919823406e-06,3.6620133357089303e-08
27799672,0.0013717355538892452,0.003221655414812325,0.030931698576127396,0.0190382729538369,0.17141006212419002,4.0960913548833507e-32,0.10286267388031797,0.6607788449726336,0.010385056524192622
27801031,0.0014601819754676989,0.00018807501326287377,0.0028608301023650027,0.0007206808415902858,0.0015546320275259824,0.8215843196206102,0.0068947098223753655,0.16140234788584315,0.003334222710959493
27801204,0.002646605870592633,0.00048296901733629785,0.0011990229415655151,0.00046561669132622096,0.0021114810254721722,0.7364366601394544,0.009291998341877324,0.2443853276155361,0.002980318356839298
27801229,0.0012857813885135331,0.00023619541065144365,0.004665036978463118,0.0005764081982227735,0.001953614034296749,0.8300936475982439,0.016900118188430006,0.14259349338533572,0.0016957048178425974
27801344,0.0017997946519284652,0.001487361534651044,0.03425053894066534,0.004405942523109469,0.03176457723759521,0.5002028035008425,0.06254556523117152,0.354789137338196,0.00875427904184045
27801359,0.0020340570057385847,0.0011647562531264474,0.016217518734572067,0.003825402029517304,0.022267461855977888,0.8243697322804205,0.012640860589682269,0.06202755541806868,0.055452655832896235
27801598,0.00015308561990907746,1.7949363240382015e-05,0.0007175815310187727,6.563244380457973e-05,0.0007254020122196512,0.9899744866975542,0.00031818131675631617,0.007872000321136982,0.0001556806943601719
27801619,7.742105646693958e-06,1.796207908039775e-06,0.00011490242982035946,8.205815902181947e-06,0.0001971978551420536,0.9994496676239697,6.3278677199947296e-06,0.00019421938109773072,1.9940712793372614e-05
27801782,0.0007623353961596381,0.0005917102528657445,0.027140557388097352,0.001860665701487818,0.9124699829942962,1.318811658818841e-19,0.0014769135337701338,0.0027842622369221343,0.052913572496401017
27801901,7.940000379649571e-06,1.1360262175314868e-07,2.4470416717402424e-05,4.0109379750727544e-07,2.526201695152041e-06,0.9998986988082473,5.067880936698748e-07,6.446976048113952e-05,8.733279664934612e-07
27802189,0.003383004752392526,0.00010850388192225793,0.0032312214266425063,0.0007223658030985105,0.0002884851844403889,0.41388318932849566,0.0035526317090230097,0.5727479478746094,0.0020826500393757654
27802195,0.00019607766276861496,0.00016823496318256503,0.00912360142548857,0.0019341863365958177,0.9861288441262721,3.3873014976822815e-24,0.0006036658552105326,0.000750859258746086,0.0010945303717357197
27802286,6.355615955721691e-06,1.1700084322471656e-08,1.2376743599208902e-07,2.5388220603774554e-08,5.7828274025742716e-08,0.9999856388092049,1.212013477902712e-07,6.888643883329671e-06,7.770455933567068e-07
27802800,6.281198173227798e-07,9.557424564868689e-08,3.758782675484709e-06,4.035532938751316e-07,3.105689868257029e-05,0.9999585394213799,3.358070564840388e-07,4.321980256074627e-06,8.598625925070598e-07
27803111,7.185715986779689e-06,2.633398486257419e-06,6.43647227909491e-05,1.2093671896227965e-05,0.0007703016371266159,0.9990211098843964,7.74026605767133e-06,9.343949013340124e-05,2.113121312568971e-05
27803670,4.218744382766257e-06,1.432834854418768e-08,3.3994019369381673e-07,1.3358115146940512e-07,9.789087512911205e-08,0.9999439857177135,1.174517362345721e-07,5.005738142806591e-05,1.0349641705840458e-06
27803730,0.0005637156103574231,4.7172225391338163e-05,0.0007007122269055268,0.00014690533950953086,9.666102607587562e-05,1.3749091214359024e-24,0.0009741678161374785,0.9963978004042948,0.0010728653513280236
27803742,0.005217001404386706,0.0017795303141500897,0.19881394092350493,0.021978995460397374,0.03854424967146851,1.5503198066940712e-16,0.025996255439046434,0.6875227734359427,0.020147253351103185
27803824,0.003217437636751621,0.0006735388180503993,0.023045977566048835,0.004956141056448525,0.0012151821200763555,1.4238526666637397e-41,0.031479865362742956,0.9265863335813158,0.008825523858565438
27804016,0.0014631569239488594,0.00015668014037251138,0.0031791361149507607,0.0006669655784901113,0.000503974342628755,2.6489769359026483e-31,0.0038877801794073943,0.988795323619641,0.0013469831005606184
27804050,0.3846044654533684,0.003532475438382838,0.0009572276355460883,0.000901638845721534,0.0009451868014294324,0.5538017663359359,0.006380612409046363,0.04022161321987945,0.008655013860689908
27804383,0.0008854998795419395,0.00011934446815224536,0.002236850152937754,0.0007150807054294434,0.0008172901063055545,5.165151715524425e-22,0.0017057345498938067,0.9911932381929309,0.0023269619448082063
27804571,0.0005313255228246865,0.004804214432141324,0.005650131148753524,0.004067981482761128,0.9571348196656153,5.68607615573442e-41,0.006397460945856723,0.00934616666944657,0.012067900132600931
27804578,0.0005035865428916978,0.0015144411229011377,0.01178691318108585,0.004519656111427438,0.9244939542579091,1.282023083174703e-48,0.0031961614024359855,0.012106579328951771,0.04187870805239695
27804632,0.0015309010191728845,0.0027058070753745037,0.032748877982163124,0.00402413571758238,0.8639292652572477,8.01505846351449e-08,0.008910698234271677,0.03161266418466432,0.05453757037893884
27805015,0.004443523122408824,0.0012279073350019098,0.010751386563437177,0.0025000018006521014,0.001396613633692967,2.485856872696477e-15,0.03426477058882672,0.9410198569598872,0.004395939996090535
27805077,7.969152708908734e-05,0.00010976350202200249,0.0010828347529824513,0.0007185800404222419,0.9943733745492862,1.554811235521294e-54,0.00030043778837633066,0.00045009385569206315,0.0028852239841297687
27805095,0.004432141181134962,0.001403048517903766,0.042161021937453455,0.03337777734834249,0.009732249625695872,8.213459937465098e-30,0.15795653711946436,0.7309990052323343,0.019938219037670787
27805289,0.0011080447912535543,0.0008443644186840003,0.3312750105884591,0.16525007180985354,0.262819561337274,2.78155999839946e-49,0.030884975663140753,0.20198532740736633,0.00583264398396874
27805344,0.0022354605338493956,0.0009806044657712965,0.026920037598257163,0.09703179543012684,0.021175406802703137,2.21647477407156e-31,0.0865243220514246,0.7505909670954198,0.014541406022447734
27805716,0.0009174339604749469,0.0004961402213894117,0.07003668041168283,0.004795930951371921,0.8007677671723838,2.8142625137137855e-54,0.0032851693779758586,0.0016872593614450614,0.11801361854327616
27805813,0.00032881446721136435,8.666956269976302e-06,7.147421535311922e-05,1.7767054073196876e-05,0.0003117540180115572,0.9936421571543933,8.350976666302633e-05,0.004921565755975606,0.0006142906120487409
27805896,0.012661633777163405,0.00023266363286337312,0.0005664528036596195,0.00020106920642588814,0.00020504076803782857,1.2521117166181477e-25,0.0011118640677721908,0.9841652434682681,0.0008560322758094544
27806005,0.06111752338030414,0.0006653139704721625,0.0005555416381131215,0.0002419134261990344,0.00029667658144650987,3.1459630362457924e-29,0.0032830086271354135,0.9324833963358496,0.0013566260404799069
27806354,0.0029691794383959564,0.0015632482686143867,0.04425852636173414,0.02497061496367651,0.05391645239289496,1.6290572582305112e-24,0.12650750419937362,0.7391734447395185,0.006641029635791887
27806823,0.003460671266764053,0.0008152541749662315,0.09359589969907052,0.05610161493126742,0.01038422668810529,4.987839990156877e-25,0.09899216089966825,0.7204738624266276,0.016176309913530598
27806957,0.009135253476314687,0.002049599337198548,0.008420943712776536,0.018850526632916878,0.0722327711304495,0.0030389545435997034,0.06313343666911361,0.8015866832468527,0.021551831250777895
27807052,0.0015002779164747858,0.0025014388512419002,0.0045021462700699216,0.012167501122817514,0.010669319374444692,2.6576441604354567e-09,0.07108519351789946,0.8867384674642279,0.010835652825179776
27807477,0.0034190658234097547,0.003431829251381563,0.6512157556586681,0.004120475926353433,0.008559637287856336,5.081942553628332e-08,0.006100544705084062,0.31974311959831053,0.0034095209295107024
27807746,0.006721756520187099,0.0010239539281700642,0.14891830742940337,0.011526638242306559,0.01946572600826311,8.222310060505019e-43,0.11971613479485624,0.6604888666409566,0.03213861643585704
27808162,0.00011437181258504526,6.895459601566701e-07,4.22295117627438e-05,1.8549750402077168e-05,2.8090573461293707e-05,0.9994009268906096,6.9526920574162225e-06,0.0003152603886158327,7.292883454580348e-05
27808218,0.09083955043913267,0.0365674452929012,0.0016377275054441157,0.0020160419390392145,0.0018337165578225837,9.464727968576258e-08,0.04311071208610945,0.8068748562626027,0.01711985526966837
27808482,0.006316759190277077,0.0010805551260995073,0.27020019197886885,0.008181560676075159,0.09398768240706087,0.40051030291960316,0.015603004525592693,0.1952691947047419,0.008850748471680808
27808995,0.0014916207219124226,0.0005110580516197192,0.05607496383371974,0.043743659686694095,0.018810571028430947,8.817754069110662e-24,0.009720926878876858,0.8631095895772235,0.006537610221522795
27809307,1.1750180231059646e-05,3.448926283644852e-07,7.187923793407672e-05,5.566050228166832e-06,1.5413201008647078e-05,0.9990147391451345,1.0318339832050822e-05,0.0008439587863588333,2.6030166644311523e-05
27809673,0.00047882035672414385,3.532389556050778e-05,0.00021451912802780137,0.000168150469528332,0.00033496556668927667,0.8415593553205823,0.001876090316718913,0.15458007448253192,0.0007527004636367445
27809679,0.0016311262481628155,0.0018495162681964887,0.031286204626147465,0.04391421439727711,0.08485611334377788,1.6456602078921248e-18,0.0555759336609425,0.7738732228391054,0.007013668616390257
27809686,0.002396940880992651,0.0013951915149495752,0.017350559366104877,0.03174009983922637,0.025963404450197226,2.3947223240112825e-18,0.09223806173503253,0.8201778605466388,0.008737881666857981
27809745,2.6878849099409813e-07,1.640572451516e-08,1.5576686967678118e-05,2.8286720305801817e-07,3.8111785631628703e-06,0.9999683905812347,1.492425862596809e-07,1.096562298150756e-05,5.386262480350028e-07
27809793,2.4360148018998287e-05,2.771305269742746e-06,4.357297800072265e-05,2.3015777299154577e-06,0.0001065769249089926,0.9997006082907571,8.297693380961482e-06,0.00010276100112476775,8.750080808956626e-06
27809825,0.0024959639042690966,3.4713391931014007e-06,0.0003508522575037625,4.6359314387066566e-05,8.32694191808829e-05,0.9925035262113745,4.03325112138519e-05,0.00424499581496058,0.00023122922791698306
27809826,4.5650529856157275e-06,2.8630997486079537e-07,0.00036378468946154235,7.1616599111709324e-06,5.430579586676141e-05,0.9993187428958052,7.594945040145523e-06,0.0002347703777519446,8.78827320286869e-06
27809828,0.0002944110371249697,0.0001159327696979471,0.0006221287087082223,0.000768295665358694,0.0003504646348388665,0.9205234031351027,0.0007401369282000802,0.07594952727810467,0.0006356998428639268
27809852,0.0028718120044108684,0.00012156126449550846,0.0023529770250402702,0.00045301651108798106,0.0055192996839312294,0.7966712312086893,0.0018250706272801842,0.17690556980415842,0.013279461870906228
27809863,0.002293298403922039,0.001998358492002397,0.16760984496764927,0.0168346836070212,0.26981252136511286,1.0053895978897325e-30,0.039916663037388264,0.462586474943156,0.038948155183748015
27809882,4.7387858236152673e-07,7.147970598175055e-09,3.033290808450157e-06,4.942570232729726e-08,3.3289147732989723e-07,0.9999926491078254,4.167035054486362e-08,3.298333902981615e-06,1.1425337994668241e-07
27809928,0.01583705909926491,0.0007920786077118064,0.002516508315311192,0.001723838946815633,0.003253794532507815,0.3589696011964733,0.01715692099897637,0.564252911989646,0.035497286313292985
27810395,0.0042449494120861495,0.001632661689923895,0.002527967164232749,0.002187520767246598,0.0008196130819556133,2.1520055036478282e-26,0.01653017169014026,0.9650024393835281,0.007054676810886749
27810399,7.019278539681743e-06,4.652863828276696e-07,2.5112805083858896e-05,1.133307880417569e-06,2.235401788115721e-05,0.9997284396293045,3.2393560305760318e-06,0.0001563273005639953,5.5909018332997266e-05
27810450,0.07932130927059038,0.00402290252578711,0.002309742904806694,0.0016295589707502525,0.0011084640715390702,1.8291038931149704e-24,0.005174528625402195,0.9006317062185711,0.005801787412553171
27810666,0.021736603415223796,0.0005541403743115242,0.2990825863155956,0.04706592512625525,0.030510733494231234,0.0025321683865396787,0.06970584659082199,0.5001088271072132,0.028703169189807698
27812409,0.0008071668322613057,0.001392594955080212,0.1519659471941296,0.03004789895891662,0.5973880123228578,3.1879565799711193e-52,0.01249626705063077,0.1698144586159936,0.03608765407013014
27813952,0.0013233521317044215,0.0006280203490305675,0.46587019231219856,0.16334096685423447,0.2813520275133019,1.3766866259765906e-42,0.03280443475940279,0.04171264789421339,0.012968358185913903
27814181,0.0011721049232946998,0.0008488755307683591,0.010784511843182994,0.004275263575458336,0.9692846653922185,3.1855862262918023e-10,0.002612517260617098,0.006191566654551038,0.004830494501350446
27814312,0.0010410333429082938,0.0010558336473584756,0.015597659331951855,0.05913305445888713,0.0020650262589108196,2.021838369373131e-36,0.023098169436991226,0.8943750853606687,0.0036341381623234865
27815210,0.00391646276305919,0.0009762468347209062,0.05156462495099058,0.008968299352558894,0.8025542587863411,2.4621501138045016e-05,0.01430036355129664,0.09881372316157175,0.018881399098322853
27815778,0.0005113183908485984,2.271729046435097e-05,0.0010416429948404311,0.0001479286998761809,0.0003073696804865284,0.9213309126554527,0.0006794919806596483,0.07301000024109015,0.0029486180662814227
27816871,1.3591852124271369e-06,1.141416760562844e-07,8.430246444880685e-05,7.940697437361445e-07,1.6045554538949058e-05,0.9998688181089441,1.359251039209524e-06,2.310558652326334e-05,4.1016378733832006e-06
27817050,0.001095957130306756,0.00031672972601327865,0.012070217514228748,0.0031047859883815013,0.042513435398694274,0.8681054441708053,0.0026345727204591276,0.06738706766874333,0.0027717896823677432
27817111,0.0029434205614653416,0.0003830527768987852,0.08509076866559728,0.0015831160558635038,0.0012027278921014429,4.607905096221118e-08,0.00400659414472279,0.9016816827056576,0.0031085911186422106
27817127,0.000132964490885473,1.2458821795408814e-05,0.001043262078234338,0.00011807794243837684,0.0008457213893918785,0.9841860885940374,0.0003120824558263747,0.012858658902746664,0.0004906853246442499
27817260,0.00011948990139653687,1.8480282618730907e-05,0.004701589944577696,0.00011376380697459042,0.003286428031170455,0.9870925603296341,0.0005712357699916822,0.0038034019996702473,0.0002930499339660107
27817270,1.2248080545524018e-05,2.654011057265995e-07,4.5459570735827596e-05,2.36408896177326e-06,3.099294821156716e-05,0.9998169763978447,4.6071452981747455e-06,7.66195370414753e-05,1.0466830255150268e-05
27817284,0.002740252226985516,0.0002749998183868516,0.00571380335746513,0.0012667305926314673,0.00044388770417051515,1.717437713721199e-41,0.2314754435943185,0.7565331583936212,0.0015517243124208414
27817320,1.9723403002867916e-06,3.0949369274879645e-07,4.987686538240073e-05,1.4017495641938218e-06,4.8987428591198526e-05,0.9998503912422951,4.569764351256343e-06,3.9310536840096365e-05,3.180578982563086e-06
27818613,0.003380131311595717,9.223184001765363e-05,0.005382884731391114,0.0017710442178251792,0.0009668375794414647,0.631965290834669,0.0026994220270041406,0.3485190039823484,0.00522315347570735
27819839,8.05609063788404e-05,0.00014092377045644711,0.006903801789578072,0.0009211440193507189,0.9888263591562918,7.030030133394311e-47,0.0003216219945024623,0.0004951991791326074,0.0023103891843090233
27819914,0.0014350438131971181,0.0036954626737566868,0.35521841477024474,0.013012125663512147,0.41921868437635296,1.4657248370184032e-23,0.036349358757070564,0.14073261194565292,0.030338298000212822
27820106,0.01337821211287887,2.9135971610391536e-05,0.00017186673306452524,5.5720765708340756e-05,9.186714929455826e-05,0.9100723973478819,0.00017103865468481852,0.07572380774366679,0.0003059535212097355
27820127,5.5461169510993664e-05,3.869571939292802e-06,4.262450098978578e-05,6.619156740532223e-06,4.8165640613086e-05,0.9823477934819242,8.933626837499863e-05,0.01733442065162375,7.170955828324064e-05
27820590,8.630000667948255e-06,1.6632245924398508e-07,6.561772865108902e-06,1.3088391629802221e-06,7.444081520606384e-06,0.9998925326872772,2.6035368608554266e-06,7.887911338362507e-05,1.8736458024737992e-06
27820593,0.004375612724038688,0.000708721338085323,0.04302994371669958,0.033613385761761996,0.39999066779202475,2.6864962656771895e-38,0.12828420950820152,0.37720854783399577,0.012788911325192434
27820643,0.0007053779862611783,3.6170853806524106e-05,0.0015225561132478688,0.00016769734125146206,0.005986574508747807,0.9814620966941782,0.0004250485298929833,0.00915273066416558,0.0005417473084483556
27820696,5.053300534314015e-06,1.8768344052766344e-07,5.865807331276286e-06,2.1188773758987637e-06,1.196567168021492e-05,0.999822746694881,1.579803920643747e-06,0.00014586668477981928,4.615476056234907e-06
27820697,0.0016433089301261007,2.5148630463189522e-05,0.00042569187514098704,8.382751345736626e-05,0.0005825266599267132,0.9861364699632114,0.0003910626599098299,0.010460809818364376,0.0002511539494000319
27820711,0.0002760204099533692,0.0006291140495844956,0.003983960560544033,0.00527043576204241,0.00450525474320679,8.550469971974832e-25,0.01663431424145788,0.9665116819606036,0.0021892182726075027
27820719,2.1708193531635102e-06,1.878803910294237e-07,7.293311198805279e-06,6.106341187554171e-07,3.953245188899269e-06,0.9999148883963519,2.0154777764196988e-06,6.711156800350468e-05,1.7686676176251902e-06
27820782,6.820348199674454e-05,5.963752956310585e-06,0.0002385860604870674,2.7993300649645036e-05,0.00015137048742452558,0.9974976118486399,6.143797707935653e-05,0.0018913483796487295,5.7484711117756444e-05
27821053,0.00299208547345402,3.63423675739494e-05,0.0004702826964582546,0.00018793062056275675,0.0020356541961250177,0.9870522501030502,0.00027662640073525176,0.006219129017353757,0.0007296991246868265
27821289,0.005666877865410848,0.0009821249076968721,0.007072055400723404,0.004661687266799096,0.0024296518356856983,1.751124509901135e-28,0.036157707947076914,0.9383243550192899,0.004705539757317212
27821297,0.004880084633138183,0.00083768533585276,0.01699398762066255,0.012750699504015157,0.00914507104142567,4.495013723973003e-21,0.04727554883712271,0.9000367585693748,0.008080164458408154
27821964,0.001131756204113123,9.76999450302941e-05,0.0012065117944895694,0.00042895857044837713,0.004520694915819061,0.9821763545724114,0.0009764134629131739,0.007037138086801391,0.0024244724479736313
27821981,0.0002592523785023761,2.1985051817244804e-05,0.00013754050924980084,4.872919046083463e-05,0.00021129595443630287,0.9919554215965466,0.0001979968055244586,0.006999366365505173,0.00016841214795720378
27822072,3.985192272957169e-05,7.4081036956045035e-06,7.596405321163136e-05,2.422208808916559e-05,7.510353442372546e-05,0.9970113025655017,0.00011650215460553594,0.0025817886607733716,6.785691696966067e-05
27822175,1.500210654672012e-06,1.7721151740765215e-08,3.7676097024942526e-06,5.144262322202715e-08,7.101923731420302e-07,0.9999881963653994,1.0173802218828437e-07,5.322204616437678e-06,3.3251545681848963e-07
27822258,3.383632046439188e-06,7.713002804205065e-07,0.0007751968196250702,4.791302134718136e-06,0.0003857020698140593,0.9987501807036004,7.540786340730654e-06,5.1173679090640315e-05,2.1259707067522958e-05
27822577,0.0003743578632871982,1.0625250629775945e-05,0.0001353431205983688,2.624165037892084e-05,0.00014708197716646005,0.9930867931214159,6.57296056227443e-05,0.005969127223416734,0.00018470018748399647
27822666,1.319561983251362e-05,7.110566833152041e-07,5.7750072172155496e-06,2.410277245140194e-06,7.438173087539871e-06,0.9991096381064402,5.218802878700265e-06,0.0008479253624930728,7.687594122312804e-06
27822761,0.0013154555650125917,0.0006188019118370256,0.004778529516290646,0.011533872194281576,0.0017881215189974118,1.6489508720731179e-22,0.03719262069639702,0.9397023289268125,0.0030702696703712676
27823521,0.002434371438169776,0.002894338388875063,0.06225519270518905,0.06123173941349343,0.17410301180902227,3.1903876520891364e-38,0.4573962708543891,0.19661994195632052,0.04306513343454073
27823796,0.004483935991801687,0.01610540486101239,0.006737367052998394,0.00643047223099195,0.022382250112618234,7.863335948847005e-12,0.664381285533963,0.2647830493524107,0.014696234856340385
27823891,0.0007798836752352312,0.038495642563351376,0.005882405027023856,0.007652016523747337,0.8831291289437211,4.523201249674744e-42,0.01639971921744225,0.038879528332599764,0.008781675716879114
27823940,0.00039665545435278536,0.0052364650967753525,0.0036295991996377953,0.00403447868640709,0.9631309782557574,4.939833037299974e-49,0.007125011588878402,0.011353920638975083,0.005092891079216089
27824296,0.00434847314265222,0.0009887150695361245,0.16018878096408803,0.11439076715681211,0.02775283433807006,8.207091792116172e-39,0.23651190518470475,0.4439771797562555,0.011841344387881276
27824965,0.00034111650200469,0.0002559765860549701,0.004462977103306986,0.0007139911207772709,0.0554345284153655,0.925974779782433,0.0009292436680834436,0.0111935313810621,0.0006938554409120082
27824973,0.002062590735639417,0.0006799266351046774,0.006265228532877085,0.0013137910528333526,0.03957877247496487,0.9369670406310501,0.0016639427687861498,0.010310772383576246,0.0011579347851679925
27825620,4.4389250922569255e-07,4.573089534477801e-09,1.2771211630852854e-06,1.3524924661986868e-08,1.7619646606100228e-07,0.9999962776953615,3.315029350672689e-08,1.7002958132855304e-06,7.355037917081276e-08
27826018,4.602248177189713e-05,1.3514030895193269e-06,0.0007241691657233023,2.679889507283556e-05,0.00017641950087956507,0.9980168603704064,4.537576563776367e-05,0.000923049343165752,3.995307425310936e-05
27826098,4.6875429763981246e-07,1.4161500633157122e-08,2.058841811234422e-06,9.657987873556336e-08,5.087267952224808e-07,0.9999612496973549,2.4700526595905646e-07,3.4659447989435446e-05,6.967851060588161e-07
27826235,0.005132591568007135,0.010796971315944447,0.01029933850142177,0.046766609948375164,0.03096382355069869,1.2873927976738464e-21,0.1592239212267916,0.7021253536501113,0.03469139023864989
27826276,0.003515880302364394,0.014672826281301598,0.00799186277985434,0.0628970736302047,0.11840636306556393,5.667615129414841e-16,0.17366283561613244,0.5889398869927669,0.029913271331811236
27826338,7.726130761652388e-06,2.035972796219219e-08,6.021882619361775e-07,7.013609241838167e-08,4.187922918660623e-07,0.9999522526577976,3.002017772797886e-07,3.6739284610918324e-05,1.8702486783311148e-06
27826531,0.0018617212669260886,0.001510429996575021,0.02325528040265526,0.01437502314207014,0.013675113021632499,5.041083569942469e-31,0.015149288627502405,0.9263977626364482,0.0037753809061904344
27826578,1.4031508258406408e-06,1.7027928302384812e-08,6.963783781958274e-07,4.597383692728152e-08,5.037560006936235e-07,0.9999826280603763,2.3255596720928257e-07,1.4024736028632131e-05,4.4836065787705336e-07
27826709,5.672909710585748e-06,9.723268452719555e-07,9.757330361796517e-05,4.196231290133917e-06,4.255090862831995e-05,0.9997415809417248,5.313801113684033e-06,9.691632976332654e-05,5.223247305940374e-06
27827567,2.0002997978908303e-05,3.6215399434986313e-07,7.29318696983689e-06,7.018967453513996e-07,1.476654178658165e-05,0.9998616393836457,2.9604197942208046e-06,8.775776883845016e-05,4.515650246739125e-06
27827960,0.005063236026509467,0.0006709098291106423,0.006430762893462306,0.0018607184061479333,0.0012217414903088995,4.872959989860646e-27,0.04226445330515684,0.9340621744973496,0.008426003551954237
27827965,0.0010960280217093019,0.0009643919451040895,0.03360564842617566,0.004632168726401422,0.008884010918268069,4.2680530641453174e-29,0.010065183310585436,0.9373838161086298,0.003368752543126248
27828047,0.004776705022076873,0.0005641456549347529,0.0009800352733239928,0.0004855034748354213,0.00042082352438969006,0.0007378228628733227,0.020870700936287633,0.9671423252394311,0.0040219380118472065
27828372,0.5189733346768521,0.0005611972824473807,0.008209648097399472,0.003109928443519696,0.004618362665476369,0.004395241340973169,0.004924054872702538,0.4416384208857068,0.013569811734922438
27828436,0.0004812872357759408,2.7590655586777202e-05,0.0022722894648499357,9.57707104300452e-05,0.0004424516560797177,0.96080746244358,0.00044412306468856526,0.03430595197934479,0.0011230727896642991
27828585,0.03602533968938558,0.00013300566321427045,0.028594257641257097,0.0007153017585693223,0.0021526306971913793,0.8401650354528101,0.0011445723712425414,0.08975700546240357,0.0013128512639259964
27828863,0.004492409745312493,2.2132366677410553e-05,0.00023074469156450294,9.419773324319197e-05,0.00045048368511102385,0.9834249373318444,0.00012147458447771587,0.006200890656647855,0.004962729205121334
27828994,4.310490239302473e-05,6.200060525778847e-07,1.971123668587333e-05,3.732579096521992e-06,4.371548183292737e-05,0.9996524990702614,5.09045495316581e-06,0.0002025328195884249,2.8993449136048436e-05
27829036,0.0021132852095973906,0.0005864111465950055,0.010219654633035235,0.0005438758435847457,0.003803951070141808,0.9631366133823736,0.0023976935166357422,0.016406552528300804,0.0007919626697356069
27829544,0.003734245145034057,0.0019103525389041625,0.0018680632976118023,0.000601350821191491,0.0008012950756887375,0.021142960381339563,0.026011044813118982,0.9412472974276337,0.0026833904994775395
27829566,0.00692371700989104,0.0006057784716082639,0.010174576866241136,0.0013118076136895012,0.0005088963065203757,1.730989661702855e-19,0.08288488510345102,0.8942866174577626,0.0033037211708360687
27829568,0.0033416548069649223,0.003920102094115549,0.00190283538222165,0.0015102813074702576,0.001906462099214096,3.9418091048324676e-05,0.12829305455303705,0.8531751971514131,0.005910994514514984
27829613,0.0012660221784558353,0.00040212114593150757,0.0002761727690931504,0.00012879208036537735,0.00015287755851813028,0.2809906653665247,0.00959659182307479,0.7054332630341685,0.0017534940438679904
27829640,0.005211191765557269,0.0013613030395859787,0.0007267381483158281,0.0003379925537998896,0.0013345371340291114,0.8017494795602179,0.01131148757346496,0.17565982194190216,0.0023074482831268754
27829781,0.0009465857344420561,0.007638473467305336,0.007626303404015567,0.0479146104320726,0.07535621454845214,1.214503958585169e-41,0.196710397502493,0.6510260705953042,0.012781344315915252
27831184,0.12763439604764298,0.0008927005016418112,0.00086021467959347,0.0005036117488746232,0.00039255005059695943,6.91941897110144e-21,0.001757217198454507,0.8659739636950903,0.0019853460781054655
27832153,0.00103091631836938,0.008015658559640057,0.013269963820226088,0.014735247167402595,0.9069466579074611,1.729957700054688e-40,0.03159863990925473,0.020412138467776196,0.003990777849869823
27832334,0.005615522994191923,0.000917762228818437,0.0043288164211144915,0.0012148088732972357,0.0024992190027954,9.13058380644625e-05,0.014985964495834328,0.9630051427610388,0.00734145738484486
27832702,1.1300143834076609e-05,2.160151552681474e-06,0.00018110944022162054,4.601987131278536e-06,3.051229733123791e-05,0.9995391027599506,2.9356414317513296e-05,0.00019207688407395874,9.77992158695119e-06
27832750,0.001123452620676532,4.569186493935395e-05,0.0007936611872623961,0.00016305257042538532,0.0012546878162666745,0.9612337869691256,0.0006379942899878302,0.03373709355613237,0.001010579125183955
27832752,0.0006086694885344488,5.933332299903582e-05,0.0011770022258461134,0.00019386790826939664,0.0017984828927187623,0.9307579753439246,0.0011237281597275997,0.06377764659873049,0.0005032940592495904
27832846,0.00024595314055534946,0.00014984844936261792,0.0028620267068289263,0.0002862100875506542,0.0020828407328062903,0.9816892489592087,0.0031222974804074547,0.008582291027917896,0.0009792834153621085
27833884,0.04661692266848159,0.0002397563314981954,0.0010524730269460244,0.00031440418388746765,0.0005904989013499724,0.8464524427827417,0.0018939365872573002,0.10065803031454905,0.0021815352032886533
27836060,0.015344564570851362,0.00040156868237226616,0.0008522038482756279,0.0004086896464156423,0.0002978190447949046,3.026524464388262e-15,0.007060039664624202,0.9736988149883562,0.0019362995543067926
27837142,0.001720655291970199,0.004027698472894397,0.0019277868821956337,0.0036062671291123504,0.02397092782707937,0.05851562792098282,0.009894848475708071,0.8827854778333111,0.013550710166746197
27837413,0.009235906735702478,0.0031611689254495514,0.005158119940577662,0.0036326953497773005,0.012293163240556066,0.428350132919359,0.013916430160598525,0.5149098770450451,0.0093425056829342
27837630,0.0008528364933276505,0.0023834893574375625,0.005135720556873869,0.0032719212681788833,0.05983976382436793,0.7241389351507924,0.011448240152047883,0.1919813308861188,0.0009477623108550817
27837708,0.0030177857229767885,0.004450202284173805,0.0015410583610747596,0.0054727701127760455,0.004500125815868384,0.399957017014669,0.03382841790047403,0.5419662233391122,0.005266399448874972
27837830,0.00240130822199376,0.00861209315714363,0.026313046822821123,0.013355008903422042,0.11061959348080241,0.009301919110994577,0.045621627797414285,0.7698204029827315,0.013954999522676783
27837913,0.018398384657240696,0.007683292164144114,0.5224957770101051,0.012258306640509128,0.24234160316727235,6.210527689410896e-20,0.04625145313329011,0.10094897207817315,0.04962221114926541
27838486,0.0020815626629238563,0.002707592082170596,0.002797487763648412,0.004873054228030702,0.00922187333320842,0.576884978979069,0.03998166653615121,0.3575944266913111,0.003857357723486692
27838542,0.005584487009454144,0.0024185849324551245,0.007953416140104069,0.004948131902269689,0.013621168970937323,2.2113771269282248e-11,0.06720796526523573,0.8710232905614784,0.027242955195951803
27838565,0.002644978311035145,0.004572856714715023,0.00711605790211928,0.012615580525376877,0.018857585057116766,1.4330318411941568e-13,0.17529490536720455,0.7641356423638795,0.014762393758409648
27839108,0.0007618777400786941,7.993492206907506e-05,0.006761053345491147,0.00011453287633163828,0.00734834817311914,0.9812740124155173,0.0002353892068782996,0.0029984940286263365,0.0004263572918884641
27839246,5.039302764663025e-06,2.4240646238303565e-07,3.882487058667288e-05,1.6806230134029069e-06,4.812341030253281e-06,0.9998432852297604,3.336085836747176e-06,9.6407766093769e-05,6.371374451594242e-06
27839328,0.006224226791119699,0.001178475535856266,0.05649313408076869,0.0239799210252048,0.14107546351465278,0.08246749375589905,0.06771983266710621,0.596400030195925,0.0244614224334676
27839364,0.0015006137631880354,0.0016465334552736668,0.03712949287721164,0.07088865396887496,0.42999306066252296,3.84291584999992e-31,0.0608421109979735,0.37949476460146114,0.01850476967349419
27839649,0.0026793054636917385,0.00012875194127479685,0.029253249191680146,0.00027938810806315916,0.0012432547562659837,0.9176825758200351,0.0005403159097018564,0.029084109175129845,0.01910904963415736
27841731,0.0035242395661800423,0.00015415311350444876,0.0024572970172827336,0.00039926559542986806,0.0005551122335174611,5.844389092763e-20,0.003646426938946166,0.987513047506867,0.001750458028272341
27842419,4.322130897992334e-06,1.2375020049557165e-07,7.912955248448955e-05,2.4824137044205018e-06,1.6641330902282746e-05,0.9997380082968238,3.955797263399918e-06,0.00014250295438130822,1.2833773341834268e-05
27842521,2.605563339281144e-06,2.659543104043588e-07,4.9459196866532206e-05,1.0779383419700926e-06,6.55733950943973e-05,0.9998561387064668,8.930575184668176e-07,2.2526163503753953e-05,1.4600245582815334e-06
27843188,0.8981614799033165,0.0012964571463804748,0.0005285316693052239,0.0003813208794357028,0.00048291813402592994,1.377903344697133e-05,0.002218611103947945,0.09502585300578702,0.0018910491243540172
27843587,0.0005590260728459268,0.00015381405858023582,0.009277004675963648,0.0003925702320281719,0.003890845087978455,0.9823875188053492,0.00020450877489109473,0.0026948039802803464,0.00043990831208273897
27843967,0.007002578456125943,0.0006464819482091298,0.009110946266953029,0.0012462650527525858,0.0010926628916157768,4.976831246247476e-06,0.020087266388553248,0.9549146494408449,0.005894172723699192
27844389,0.07034187121698311,0.0006084215969246601,0.022429571475132228,0.0018433853629415357,0.00204909601180838,0.5816240815457415,0.00436079195166079,0.2944992152865615,0.02224356555224627
27844658,5.174134112780414e-06,4.177422672205824e-07,5.204152023225814e-05,7.628000882735495e-07,2.4217243197815394e-05,0.9998618832668523,1.4302208257304674e-06,5.0260411643776855e-05,3.8126607796753953e-06
27844773,5.3402288224044323e-05,1.0793843293571453e-05,0.0008042320661399925,2.9254869580014547e-05,0.001408613437025505,0.9971706130944223,3.746784394813288e-05,0.0004336567353218308,5.196582204458875e-05
27844928,0.00863158316847545,0.05495254058136525,0.004237263296928759,0.012979320811105829,0.009703507761368928,3.921474005454575e-18,0.12937573153259432,0.7592788305174807,0.020841222330680743
27844971,0.0034909226467773114,0.044014627397224594,0.0022092512423018853,0.0074284340500338775,0.013578916278285447,0.016424307145803924,0.1068980362544345,0.7925360867328233,0.013419418252315176
27845007,0.00122941356945586,0.003866255714134593,0.004373376633293085,0.01566769559164339,0.029100995038996248,4.410051746074556e-31,0.3114806939415128,0.6231443519035775,0.011137217607386396
27846556,5.382352215656311e-05,5.6781458168858026e-06,0.0001401166260450292,2.3822686756307445e-05,0.0002583069449226737,0.9982034298501677,4.72115661503216e-05,0.00121194949783437,5.566116015017059e-05
27846603,2.5860333512388496e-05,5.1186503468424e-06,0.00026316776684926613,7.957951365399483e-05,0.0017615533040169125,0.9971291084154694,2.9142792733338686e-05,0.0006053817236616453,0.00010108749975607772
27846986,0.0021669838626811474,0.010057099109902056,0.002620549812457349,0.005551579220273527,0.03666405727579695,2.872476884499088e-07,0.06908728914288408,0.8368492106880101,0.03700294364030636
27846987,0.005119106432260346,0.018355419314488985,0.0021070975234085978,0.0024460494297890616,0.0100209520333741,0.07555317866292607,0.017699917802370048,0.8515094638310258,0.017188814970356976
27847155,0.043467020905620705,0.03528542408299821,0.005381338005818056,0.005598241434177931,0.015285907833283239,2.053399284500673e-10,0.03409255745549661,0.8378759366231805,0.023013573454084835
27847200,0.004702096675391666,0.01826498179200624,0.0012890581485565523,0.0029283920691863447,0.003696351753137687,0.04642688727787091,0.021374194080144515,0.893532529679311,0.007785508524395138
27847244,5.083918632107036e-05,9.096246340930777e-05,0.0007608615526006571,0.000929919822301715,0.996269255311781,9.970339191839911e-58,0.00029100457887553375,0.00022979559905825765,0.0013773614856524914
27847265,0.016583171964709223,0.010874620622262484,0.005167380753202538,0.007960727449971823,0.08872790371608798,9.162902048335073e-12,0.04509699227164797,0.7028628314037406,0.1227263718092145
27847278,0.0010470583975688177,0.00042267426302602885,0.0007913881828991859,0.0008506711220642394,0.0004225607949360329,0.3031589252391907,0.004371850308639066,0.6878979147983495,0.00103695689332645
27848545,4.729901639529432e-06,2.539745260811651e-07,0.00014002381213060877,1.8938035643794087e-06,9.060106811592719e-06,0.999541318384982,8.494795450837694e-06,0.00029023661482647785,3.988606068545795e-06
27848657,0.0003618260269582776,0.0024667322644544047,0.020972850582047137,0.010483518481779933,0.9395052006477341,4.791124206191868e-26,0.008066948615241425,0.012634520712183215,0.005508402669601498
27848835,4.352134145330762e-05,7.149670715237771e-06,0.0011046764588650807,2.9697028463798274e-05,0.00048516692623117757,0.99768859119868,2.7887709071318015e-05,0.000558853194105434,5.445647241472639e-05
27849022,0.005802151571962747,0.09786446504480337,0.002313182494560363,0.0036391283369104506,0.02648122337901701,0.8056494425054304,0.0052879537321940855,0.048853559177846326,0.004108893757275479
27849428,0.008208454017154636,0.0020332985041697496,0.014965592740258932,0.006465988638629983,0.2825592561435867,0.6288406078870732,0.0036144694833642717,0.04224584423296894,0.011066488352793717
27850759,0.003776497572746213,0.0012117679906880209,0.015356059833790292,0.013209806803629334,0.005230848178736687,1.0307578412879442e-40,0.4845740594691443,0.4677106870625252,0.008930273088739863
27850966,1.7338582613873604e-05,1.9215123621148694e-06,0.0003842949050728194,1.064587662158777e-05,7.146879405499473e-05,0.9990939570059514,1.0959790413366585e-05,0.0003911292898022077,1.828424310776326e-05
27851107,0.002655676177297328,0.0014116484107271519,0.003638339597977319,0.0024166617283573437,0.0018264319574856328,0.00028022891990354195,0.03760680952787476,0.9426475326307185,0.00751667104965831
27852983,0.011770816063104452,0.003007671222724892,0.13909422488241713,0.0076887163766348006,0.08802228223881739,0.6040720591879671,0.09266920047223404,0.04785628959929174,0.005818739956808554
27853420,0.0014108604045613953,0.003536548959014514,0.057640246421552674,0.06974836534398857,0.5871033263333757,1.3258734158084897e-32,0.03674473608634698,0.22107985119451942,0.022736065256640674
27853492,0.0009593220677422649,0.0015090117251058016,0.001524731212967944,0.003319946553114104,0.0013842858119293834,3.9744306821288144e-21,0.06752977163499194,0.9208303185242894,0.0029426124698593036
27853502,0.001307696853473204,0.001982121783461047,0.015299065371338728,0.06994436619570002,0.034428794168402665,2.4879506924344664e-34,0.24514160658537346,0.6184792636888102,0.013417085353440734
27853513,0.0012621810970722055,0.0017075196739255478,0.004237180683757548,0.021213273537661743,0.006548443195470907,4.727148954990582e-24,0.3078500025502756,0.6492503851767448,0.00793101408509157
27853610,0.002412100668196775,0.0005428852755582052,0.01519927409243231,0.0906263719222623,0.003283009977839655,6.426435673689394e-43,0.33418804589304285,0.5447379241294674,0.009010388041200551
27853619,4.194011916400208e-05,3.0918877002501173e-07,3.565486500841624e-05,1.441379877123398e-06,7.785857539663136e-06,0.9996104007095916,4.2036325354447734e-06,0.0002890160362128921,9.248211300848887e-06
27853692,0.0015793972290993128,0.013866683769118223,0.008461164056777371,0.022252977170680692,0.07464194525238911,2.572980632339995e-26,0.1256681546498895,0.7438891260905767,0.009640551781469057
27853755,0.0025239652094304864,0.018177793889940223,0.006512719980013926,0.025948083375005804,0.04382520596510183,2.5507551495797522e-33,0.1688066316998687,0.7066811616111754,0.027524438269463613
27853819,0.0015786309545880416,0.00011189829746204038,0.001396903448066217,0.0006114890798298302,0.00012748209320681957,4.353227535467536e-15,0.0030423018708702356,0.9916068104737812,0.0015244837821911255
27853891,0.0007495972930479796,0.013736800583279755,0.006694285843181777,0.02117389216926332,0.8458978400792715,6.355907506346729e-44,0.021507531828032483,0.08029887354599483,0.00994117865792839
27854684,0.0032616198979824817,0.0008284933087992939,0.0543431202363213,0.02902714246196896,0.2494526423041444,1.857264504321705e-31,0.044526527550732505,0.5860610826140497,0.032499371626001354
27854761,0.006479525041933712,0.011707849893391598,0.09472811082522119,0.03045069411781965,0.0920683209351456,6.115425932652099e-13,0.46313547525422943,0.2467137667397251,0.05471625719192218
27856185,0.00010951764123208142,3.745783906420538e-06,0.0011904750592720604,2.101483591610681e-05,9.020843923611832e-05,0.9973845186331769,3.95796181283865e-05,0.0006770905242785289,0.00048384946485352173
27856524,0.02430747728995486,0.0004886759500514531,0.013123153463295794,0.001774708172692307,0.00507339131569765,0.5667092927927995,0.002865790947133621,0.3833531977410731,0.0023043123273017814
27858079,0.005518375225938324,9.420981629913815e-05,0.0009065390028306878,0.00016521261196973991,0.00015130766278550036,2.1591336917956617e-08,0.0010333769626192971,0.9911433030727206,0.0009876540534997527
27859622,0.0015933171750080778,0.0052880281499942785,0.003969380545218127,0.013784288541791378,0.0027424093839208998,5.0627090744527156e-18,0.02215258431372116,0.9454620024481587,0.005007989442187433
27859654,0.002663531045447312,6.713814650299298e-05,0.0006300591161707666,0.0001895211260209579,0.000196386040434039,4.934833286286401e-28,0.005161386607903743,0.9902875390408656,0.0008044388766545753
27860519,0.0006781371238799519,2.612646923673052e-05,0.000318232203456742,0.00014059467593544029,0.00012212785173642578,0.9936879894228081,0.0003427441628608667,0.004198570437703555,0.0004854776523820708
27860948,0.0013921446112254445,0.00043473060861711355,0.0014046614811800131,0.0003847130863961193,0.014961477173763251,0.9753753458326608,0.0006014975885028737,0.0038558549032453523,0.001589574714408804
27861529,0.00014188004035325488,4.850041502855311e-05,0.0013424134891900444,6.956083414720337e-05,0.00012965177847112198,0.9876282314118636,0.0005651852488506965,0.009533752391149976,0.0005408243909455735
27861854,0.0003151294402145005,3.182291967819382e-05,0.0011033206809485335,9.962372059923831e-05,0.0035290944965054053,0.9894156394829329,4.6050933887142864e-05,0.0050914021300140725,0.0003679161952200611
27862367,0.006894234945397297,0.0007768174236445736,0.45739905589543045,0.002437114341163471,0.06522370557407199,0.4181574683172841,0.00246968280759582,0.0274792891499857,0.0191626315454266
27863325,0.007448830678548843,0.00023295245994698005,0.008342716746954377,0.0005458364464510467,0.0024019164408292234,0.747115044161194,0.006970678032176282,0.2160344739641337,0.010907551069765573
27863342,0.0034470495382619357,0.00020383199548936948,0.005620864922969366,0.0005872325145194611,0.007804902061201535,0.9164179801001145,0.009608561914506441,0.05292362452002173,0.003385952432915504
27863364,0.0027215356808246998,0.00012431864063655113,0.008630739155073267,0.00022521356551460613,0.030046666881316318,0.9443974386350119,0.00018737644588070758,0.004614704823675192,0.009052006172066725
27863492,0.001029927198429539,0.0002038873875484847,0.0009329375927692432,0.00024595501225489725,0.003935485417700247,0.9245700580668815,0.0051920580717309,0.0623882628992134,0.0015014283534720394
27863524,2.772577481071235e-05,6.456301907989715e-06,0.00010753618108909743,5.745427711059769e-06,0.000937953288860196,0.9981061370782165,2.181903196665599e-05,0.0007035894357276703,8.303747971004733e-05
27864385,0.007813462376571604,0.0026581461309621987,0.009398048901455128,0.004288513845155545,0.011203564969256796,0.7055944937168196,0.047879211368303184,0.20390012452381184,0.0072644341676641345
27866858,0.02083058848653021,0.028744590099171224,0.0627458170790276,0.05213022434213388,0.19060064530163293,1.5315399125780635e-05,0.2257148897018541,0.15307055926139818,0.26614737032912605
27867009,8.197009415859539e-05,1.2348455120746806e-05,0.00125712721249252,3.4094955191101815e-05,0.001725991836407132,0.9937679305475443,0.0002936604089011764,0.00229537978380807,0.0005314967063762261
27867295,0.008507059935981017,0.03155460417729326,0.03386140197846761,0.060554690619946984,0.48849963844395095,2.866879337932216e-18,0.06611397330603694,0.07931702685455261,0.23159160468377055
27867320,0.0038364526988109828,0.008703648724657714,0.053077403805211476,0.014762982301985406,0.6003603418204383,6.364047401658395e-15,0.012990977198920783,0.0437577782897286,0.2625104151602403
27868671,1.2043320501932744e-05,5.8207984365630105e-08,5.473736107168582e-08,2.416611545072695e-08,6.283767657862613e-08,0.9999812559630923,1.5146505935017064e-07,5.711069209255544e-06,6.382329996645547e-07
27869124,0.02345172541546879,0.0011844491707698566,0.009641498582485834,0.0020002146439057006,0.020298758235351513,0.0025749351270116846,0.00506758031303974,0.07916834040473039,0.8566124981072365
27871353,0.008425877203751722,0.0015429258491014885,0.09421075125189216,0.01323444888578891,0.1919798809738842,0.16243124488794564,0.03320923925277325,0.41112761709090995,0.08383801460395265
27872065,0.005227389127304268,0.00043592719932054067,0.025425735042301934,0.003779265570586894,0.050783210394779274,0.8285357547945873,0.0077781771833831375,0.06990056799845913,0.008133972689277392
27872090,0.0008538345087590315,6.81476521569352e-05,0.005520308606882789,0.00038871103713897644,0.005283815948492773,0.9589931659741427,0.0017966670775300697,0.024708886007563616,0.0023864631873330884
27872346,0.0004927288967305788,0.00704395214974535,0.00416744602292197,0.005014793717055207,0.9002334491779613,6.634351846518939e-50,0.004261806020254594,0.006355430540835827,0.07243039347449513
27872375,0.0022732037803965322,0.004700612323521855,0.04077452319747814,0.016682724463592372,0.22720037439611618,3.814909734005332e-14,0.02778178785737932,0.6678169612337361,0.012769812747741274
27873105,0.2896834605643508,0.00028722331958722997,0.0011593789847821182,0.000500386371938844,0.0016361144008232432,0.6771939090776112,0.0009305948564036496,0.022794906054084057,0.005814026370418836
27873254,0.00012803423742649458,5.819218392053448e-05,0.0006001082538740244,6.872893927938212e-05,0.006140112520436556,0.9919866842884467,8.64375602810563e-05,0.0007653795538856809,0.0001663224624494194
27875292,0.002245866551786696,0.0007169196867308584,0.0011834672397654507,0.002661877871594758,0.0007749614137436628,2.0647910917471274e-21,0.04956934518444843,0.9375083711826033,0.005339190869326717
27875536,0.0004058541883847592,1.305315619246371e-05,0.0005685996227038215,2.3870616428162018e-05,0.0019260031477186961,0.9934624346541087,3.265639189369487e-05,0.001403666530452393,0.0021638616921172815
27875573,0.0007109862951405186,0.0012702444025607165,0.004628819968861802,0.018150322918278516,0.009988282067934777,2.4842020593410344e-35,0.061392871103655634,0.899188399200994,0.004670074042574
27875678,0.0025501061919825873,0.0006236330072330993,0.004749348250291416,0.0003748023393807784,0.046004281745554355,0.9270419130837292,0.0006428878266614133,0.015452605014486965,0.002560422540680166
27876547,0.0002663919997440787,2.878481225726639e-05,0.000237092721858162,6.197862436856216e-05,0.000241110951300341,0.9944442963719797,0.000130025086701454,0.004343294826577863,0.00024702460521238746
27876652,0.011526948085576515,4.2551045712122353e-05,0.00014589240226897362,7.174547459256929e-05,0.007134457854001281,0.9734254273623077,0.00010490887255242955,0.006795225866687768,0.0007528430363005582
27877075,0.5809346715694049,0.0007718146580416118,0.0021960738703704183,0.0006729085184892795,0.0023045111890361986,0.3631176338219074,0.0014918339392574352,0.0192060430900485,0.029304509343444068
27877878,0.06302670256009597,0.000475498377613982,0.001337120338902943,0.00038039788749337104,0.0005398588307990472,0.4776842001359814,0.0040301434284050475,0.4468200707075753,0.005706007733132906
27878191,0.0005591472280928737,0.006647647527981663,0.005504777851182744,0.006478300757578515,0.8888563884854094,8.094948432985934e-55,0.0032401944302970402,0.01191241602050056,0.07680112769895729
27878419,0.004557046050322205,0.0008699993234280636,0.011275500841524094,0.002673010673510914,0.0023009897517915585,1.5251109592451793e-11,0.03519013972030831,0.9107781848374034,0.032355128786460345
27879446,0.0008428390690605623,1.3448326502553263e-05,7.386466069123951e-05,3.6462119699617125e-05,7.313378247983523e-05,0.9940782744139887,6.113578963676853e-05,0.0044108001417627555,0.00041004169617817456
27880308,0.05850767764285216,0.0005865614458914487,0.0009973714782538904,0.00035075707653878355,0.0002910945198407754,1.2841008378438208e-29,0.0032931960351374827,0.9336374408529433,0.0023359009485421577
27880313,0.02911782318625038,0.00048125461513959494,0.0004972252327850693,0.0002770181082767775,0.00020354323958708345,1.536194927984403e-33,0.0013785142086260925,0.9669367672639565,0.001107854145378609
27880477,0.051717322358013094,0.0012264448976700823,0.002527325483513748,0.00111843557867302,0.0009860614509940213,5.815073133325804e-24,0.006473074832502509,0.933232736002496,0.0027185993961374266
27882180,0.1379425266235525,0.00045625826953542205,0.00035055675258003477,0.000423840729551232,0.00036872728355534095,0.8183567815593363,0.0015024154888321503,0.036775744392502044,0.00382314890055482
27882747,0.00027685131261909743,0.0012486701841398402,0.01449108105852183,0.008316721507744495,0.9154153591131806,4.007688323169095e-46,0.0076048060113271514,0.04881930373249085,0.0038272070799761624
27887188,0.005255943765343831,0.11654178350638582,0.039203680813366566,0.01728219950938304,0.24185102384163698,4.018104624936026e-27,0.364631873285744,0.19497380968836214,0.020259685589777685
27890575,0.0007625781542580318,0.0006588530022797772,0.052006408837031615,0.002978876652146303,0.8605896485014022,3.168421944642658e-41,0.0008092648379508923,0.0009928974134173212,0.08120147260151403
504327934,0.002987382464469627,0.005934543170181245,0.028757401122949083,0.009968537137315044,0.19901085915363476,1.0999374153030832e-10,0.026079968215861015,0.6945193653658601,0.032741943259735354
504328716,0.003076740990595488,0.001245406108410264,0.02022457853295709,0.0014579081033031392,0.004431445829971297,4.36820011962218e-18,0.010979531628393744,0.9529921340253218,0.005592254781047158
504329271,0.004048331820078544,0.0002861980435757515,0.0771800656072732,0.0026675461371135434,0.007540257654224598,3.9253210663755675e-11,0.015553515239670515,0.8881687521201714,0.004555333338639171
504329427,0.0027420129714926674,0.06268107582136319,0.01821507940489515,0.01694034376654118,0.10660310776078138,4.592843499061074e-20,0.050219292694932985,0.7178205790897427,0.02477850849025063
504329461,0.007629846721628253,0.001179580443441663,0.007876597300187648,0.0031121810901504733,0.0015568698557936987,0.160829881191591,0.02484014024544081,0.7842601000779899,0.008714803073776648
504329836,0.008112005054148287,0.0008404653957878901,0.05066888387736879,0.008534056235541588,0.004117492520790741,3.2993922342655843e-06,0.17009754559644044,0.7424035697450023,0.015222682182685687
504330927,0.0030346826395440175,0.0010883411665851433,0.7253579803065621,0.013735019437468576,0.03066777658989881,1.1889778655092581e-32,0.026871439236969226,0.19119691925127974,0.0080478413716926
504333251,0.009706107475762655,0.00033701828551327965,0.04058470837828097,0.0007074612396989413,0.0020781292865013614,0.9163843213236273,0.0011846706788655379,0.027148024741168904,0.0018695585905810295
504333643,0.0001727333580653445,6.7254331860017744e-06,0.0009548913401146626,2.089314907906835e-05,8.488373691864325e-05,0.9966930401765819,3.735210785040637e-05,0.001989239558466479,4.024113973743757e-05
504334005,0.005461212500191548,0.0010746309420507027,0.06246271566530568,0.0033150612760652945,0.09129246939850173,0.5850758914607567,0.03976600920148615,0.20592360972328838,0.005628399832353857
504334043,0.021032487176437988,8.571649560402058e-05,0.0038858293107288016,0.0001926976783111772,0.00027133362350399644,0.9002069540599544,0.0004270605620898431,0.07321496544378595,0.0006829556495836045
504336051,0.0043126260310281,0.0009331041963330496,0.011918930518350041,0.002469084083767863,0.002888344918822208,0.6618005108461511,0.003176492638559871,0.30797783992948935,0.004523066837498435
504336563,0.00025546873933493715,0.0005697714204509123,0.0011010088787360255,0.0011875504810589018,0.005464648244532779,7.42523173572988e-39,0.005190831742283253,0.9842144529144671,0.0020162675791358794
504336564,0.0002107082311944375,0.0004409263092756201,0.0010813658823374014,0.0006902903586461526,0.0030652462564927756,4.135623976677346e-33,0.002984518978607857,0.9901459063621543,0.0013810376212914275
504336738,0.0005956272824136294,0.0006670990796007487,0.008962178568348134,0.003369507069015684,0.05653379191448251,4.559025211439381e-38,0.013711081017671819,0.9118116949678903,0.004349020100577034
504336762,0.0014708266189839658,0.009627875207467499,0.006981907146694921,0.007986757542525069,0.08055023751587286,1.8502737182199198e-33,0.033019744793410195,0.8521547302571821,0.008207920917863399
504336812,0.0013152396244670126,0.0012276631792512381,0.016596158380398775,0.008661429319899794,0.5158840922523762,1.6417783402206364e-52,0.026227897241532523,0.42591864134096735,0.004168878661107259
504336868,0.0009870770398551225,0.00229486395707157,0.021593153205988775,0.007170002790252555,0.2462628879035651,1.388124528645921e-38,0.043064346896844095,0.6667163656914943,0.01191130251492858
504336915,0.0012663441214855798,0.018850034430952962,0.009537886189557374,0.010434964286428882,0.09936939878589025,1.000927363143002e-33,0.19381301835603357,0.6511376950219088,0.015590658807742705
504336920,0.0012571127732990898,0.0078225207014321,0.012987938784549433,0.014073238989074671,0.33772360160679893,6.950492185638688e-47,0.037372224230688804,0.5773209082384958,0.011442454675661093
504337993,0.0020432693207672057,4.526500353644034e-05,0.0007334108951612813,8.758418356557766e-05,6.798386629129045e-05,0.8886635104810665,0.00027270163748161066,0.10781195672739105,0.0002743178847390222
504338000,0.0003433683965478018,1.4099122471366217e-05,0.0001679134684674732,3.098482262162108e-05,2.4123231538098325e-05,0.9696393387727074,5.492704963704947e-05,0.029556810943504448,0.00016843419250465197
504338862,0.00020394207938861437,8.298467002351169e-06,0.0004049307078047849,1.978971355701096e-05,3.490119449047222e-05,0.9945990620640209,3.553615491913586e-05,0.004636022692319435,5.7516926497295045e-05
504339844,0.015616935849715024,0.00029552833957486956,0.0020081682354903423,0.0002157756584337229,0.0007076614373168776,0.9360046097029118,0.0006735134442425339,0.04340351981251435,0.0010742875198006424
504340924,0.003001686839737319,0.003088699673862831,0.09035557257376159,0.010191776239845702,0.606065840739674,2.4962564650085008e-11,0.03265251732533025,0.22804524464240875,0.026598661940417018
504341625,0.0034739684817044606,0.0007906737035914012,0.42990277995494114,0.006225349133731752,0.02798057273279133,0.3511797754862316,0.012754960997475862,0.14394015509572738,0.0237517644138051
504342171,0.011507519375962427,0.0031461750232793665,0.1679974784936193,0.05491797664189944,0.11934937855800823,2.639462981461819e-06,0.01682240777871317,0.5586530587963869,0.06760336586914963
504343999,0.0004364440595758575,1.4609556674072153e-05,0.0005807450797202717,3.029430278832981e-05,7.720113022636315e-05,0.997374303534506,8.890293764393298e-05,0.0013299891738039792,6.751022506111427e-05
504345544,0.0027582470535339938,0.008985499311159759,0.07409166222445529,0.005951864018924206,0.058787780633805534,0.0018843557884872335,0.027342760678242383,0.797534054468133,0.022663775823258618
504345636,0.0017577813942351232,0.009305717897241817,0.02494783333361827,0.009279235736939801,0.20097350745805925,4.900784669684762e-13,0.05698855221802999,0.6769259532514147,0.01982141870997103
504345932,0.005743080494432737,0.00304739835280907,0.042040695454708496,0.005985104530693662,0.529465063387695,0.02992959726287177,0.020642415878871466,0.33663566786580057,0.026510976772117188
504346223,0.0012699027715718748,0.004687151813812269,0.007415927249980756,0.0018597671121726102,0.01822649167073185,9.229091060811556e-20,0.004289415979715574,0.9561698271246811,0.006081516277333961
504346364,0.007089476936223857,0.0019070961489373016,0.011015945177566929,0.0007881553068489512,0.006001974464608069,2.2418979658736783e-12,0.003811726877312866,0.9656730982235961,0.0037125268626639375
504346647,0.005404149099757774,0.005074127484889548,0.027348020513475384,0.005134350147857866,0.15451652092443482,1.8194889043993967e-05,0.049070839964622005,0.73442411715297,0.019009679822948596
504347099,0.0027929833079990765,0.003456533978354269,0.03273206827364602,0.005086653148023057,0.626325006886683,7.90709929951404e-14,0.07509674123398526,0.2421303022302709,0.012379710940959281
504347180,0.000556308565825602,0.003400259580094591,0.0018960699820211153,0.0012123522986841198,0.01691657773731709,1.2347945309831098e-14,0.024851349205140424,0.9464811588411939,0.004685923789710714
504347225,0.002735429448322492,0.00411868252835296,0.12849887337316473,0.02018454811798859,0.6790987522752802,1.2820887489743355e-36,0.029920840409250627,0.10630445455020995,0.029138419297430516
504347329,0.0023080822815463226,0.0041790598150888685,0.017157405587954273,0.003848125363281283,0.7593813464192367,1.1065808711553057e-15,0.11859214652827896,0.07354749221477416,0.020986341789838252
504347783,0.004866140180393439,0.006753423777985085,0.035300548969970764,0.009675598885022549,0.7549353629078907,1.8621496471420596e-18,0.03376451325053807,0.07501045323264426,0.07969395879555526
504349952,0.001338895471517909,0.00046603747319621895,0.039099422872875,0.0069548571291889625,0.004098508777391673,1.6635623376156066e-05,0.1565438783224809,0.7809221811040052,0.010559583225968009
504350366,0.0028846093843289105,0.0004302866925106408,0.04836679151641489,0.002088577573819121,0.0017203500872064272,6.181279728169589e-10,0.011976670558624346,0.929657745601788,0.002874967967179836
504351424,0.0061947197830525885,0.02145855003084931,0.002619059413827009,0.0015777789415459143,0.00480522679740181,5.14649407085065e-12,0.012299729098995491,0.9429051670760629,0.008139768853118482
504351466,0.002692776881833112,0.0035885886062072174,0.0020820351300382877,0.0012644320994970825,0.0019777942559416205,4.021073857967877e-09,0.010180701619634193,0.971172779644293,0.0070408877414816304
504351469,0.004648874518646685,0.003968581311895535,0.15257110263766754,0.14256745413251246,0.025727260165982063,3.028082711131927e-17,0.05576206210456771,0.48900460585896566,0.1257500592697623
504351474,0.0018036071621805815,0.01025120717868844,0.0023217864529788534,0.0015738839432538686,0.0026760658299711353,6.219535739923088e-05,0.030929021568558868,0.9428740146042811,0.007508217902687973
504351507,0.007565796560208027,0.0006690397875009845,0.0006537775627325762,0.00047022612191585796,0.0004291718316212233,0.00011108479395372497,0.002569134492770312,0.9856363957355996,0.0018953731136977293
504351699,0.024881723437987557,0.0032586951201634745,0.10789894431738707,0.0034201219892702507,0.01499145881428085,0.004929854821053007,0.006959793638813353,0.8249489532957887,0.008710454565255741
504351768,0.0023159772478603454,0.0019388303525041829,0.021055201146883546,0.002152980580093402,0.014405709669730118,4.626845410557486e-08,0.03719655422666452,0.9091813749392126,0.011753325568597347
504352727,0.0013520181215466104,0.005429105483436803,0.005206079121442012,0.004736899635094263,0.010334146341240956,1.016891790984151e-20,0.03548267791227554,0.922682380618703,0.014776692766260757
504353018,0.005456698431828382,0.0010283108539993562,0.15692672894326448,0.025409912415380754,0.017717317655702322,9.038165455789777e-12,0.6543567493317489,0.1274984458247279,0.011605836534309662
504353426,0.009124533357006992,0.001301704243909543,0.2875020178629192,0.04839346984581705,0.026287174692227543,0.002194087568539455,0.4965525027155965,0.1077482285424081,0.020896281171575604
504354365,0.00018583322976835546,4.3984341265539486e-05,0.008867229298434415,0.00017583400781804006,0.0010057425972299673,0.9815618224870075,0.0009225682865109397,0.006467944613523848,0.000769041138441311
504355126,0.004811853797408087,0.0010334711987386386,0.7639876618476171,0.02654838186554149,0.08414841654162854,0.0009831321772525038,0.07510893697619087,0.031681416639956404,0.011696728955666397
504357330,0.0031206427965468626,2.773707659718339e-05,0.0012826278268863434,4.097605180087314e-05,0.00014523114706292012,0.9945165335120558,6.182029134879118e-05,0.0006790394003841141,0.00012539189731715592
504357667,0.1485564643328501,0.0023389079334381188,0.054696948003770174,0.003646739051274381,0.03572588990711317,0.5241062928813489,0.007541851365605162,0.21492765662474023,0.00845924989985975
504357830,0.006547043812238809,0.0020718110736459776,0.25675410115666064,0.004669980508626536,0.16027003662080178,0.08464401832526196,0.06712661220210746,0.4032747435225909,0.014641652778065877
504360233,0.0026242061187224117,0.001589304916827672,0.5262528896655174,0.021195657245451183,0.06443123773771868,5.887609871351253e-21,0.030024214199709028,0.3254191553601681,0.028463334755885715
504362035,0.0010299433542322078,0.000567445408441785,0.7927000719656914,0.01262884529877697,0.005728605240175693,1.0469537433841156e-40,0.013330970928966243,0.16450749158392255,0.009506626219792981
504365115,0.0015297027606061592,0.0017228164946024801,0.039852782343185955,0.017958418698917934,0.8853410253429166,6.826666921983398e-47,0.01983343253514049,0.01668374522774464,0.017078076596885663
504366525,0.002672240209668208,0.0005078103987510186,0.008221228029063622,0.0009569122607896279,0.002129938000483262,0.06331551325137834,0.0012209290712558447,0.9179902237738456,0.002985205004764355
504368253,0.013565677283054611,0.0006681227926373532,0.18902112224250284,0.0010169774117914302,0.004201704911345949,0.32284383109542764,0.002982857798145678,0.4627896709387091,0.0029100355263854513
504368381,0.0007550671558156873,8.90795223687146e-05,0.023213382882533013,0.000256535910585903,0.0016946194156978803,0.9015009037189212,0.0006255364108109003,0.07091485516629652,0.000950019816970293
504371163,0.019534075714113773,7.985769739793658e-05,0.001233201109234535,0.00019958480105034194,0.00021134705964528862,0.8937578402301913,0.0006643563782245092,0.08315306757724969,0.0011666694328927392
504376962,0.03385855053929514,0.00035180765383079825,0.005475911159994126,0.0005156119091808758,0.0005547846054616666,0.35731489088896445,0.0021995204800137258,0.59716515973392,0.0025637630293391636
504380857,0.007069221608543732,0.0007658655967632033,0.016186965314196465,0.0009594112341147307,0.007119393591919564,1.536013081906403e-10,0.00521529512720255,0.9599653420878042,0.002718505285854424
504381584,0.005678238614888853,0.00039826820952670536,0.017786871176523545,0.0005684435070471861,0.0009017606289385149,3.3914515119525576e-20,0.0036972543557868124,0.9687626662195447,0.0022064972877435174
504381589,0.0025672809149076084,4.817812570740739e-05,0.000775079493221238,7.383922871384915e-05,0.00018739229480892552,0.9093388293536441,0.0006778152124982303,0.08593950822425574,0.00039207715224289614
504381831,0.002969823767380165,0.0003053808121437993,0.1923426965194258,0.0006885553926276485,0.009909453329737514,4.0347821484733614e-08,0.0056352225740962485,0.7862005689445938,0.0019482583121736643
504382069,0.000481116713326797,0.00026210481888613656,0.20909759910481474,0.00228809899929452,0.009194759248190782,1.663038712189599e-17,0.005046425631682461,0.7701702305106014,0.003459664973203134
504384590,0.008735862371492074,0.00035836470729698483,0.013572626772213395,0.001121194482646497,0.00239320437983202,0.01608712844513874,0.022203265922384856,0.9321448665864208,0.003383486332574444
504385383,0.00010366344838404894,7.40231249020758e-07,5.685925435835413e-05,3.3582988249674138e-06,8.240220985653578e-06,0.9989765563135581,1.189392959895478e-05,0.0008130148710783705,2.567343196242375e-05
504387218,1.0334901115375846e-05,1.3382505866546555e-07,6.148644156797526e-06,7.534177587037283e-07,1.0369170309498269e-06,0.9997718780637397,3.098783270077566e-06,0.00020189338401818352,4.7220638515858075e-06
504387287,8.056626484159288e-05,1.0186293517001038e-06,1.2479040227670475e-05,2.5885769032180346e-06,9.644823096633897e-06,0.9993759529372614,1.088648170429892e-05,0.0004920456230716313,1.4817623541752019e-05
504388681,1.4647755227506411e-05,1.3720477474447023e-06,0.0007114378155469147,7.208288301688192e-06,2.1793238877661937e-05,0.992611884582874,4.5677832243204856e-05,0.00656577845806787,2.019998111382801e-05
504388798,0.0027385158936911428,9.216993391650056e-05,0.00419934413115629,0.0005228660830932367,0.0002235991306319248,0.028091645708486566,0.019444093312096324,0.9424444830595664,0.0022432827473615803
504389816,0.0020883515002111394,0.0013137773156553872,0.797090342656509,0.014930551873010369,0.06444173794292754,1.4791212652987174e-09,0.01909820261173115,0.08783711568898417,0.013199918931850014
504390492,5.01608262716796e-05,5.537285875866065e-07,1.4005847755995809e-05,1.8491638872445202e-06,3.972380714268057e-06,0.9989934811675572,1.0630033573117095e-05,0.0009162975060808667,9.049345572101502e-06
504390493,0.005290950534934334,0.00013317452373352195,0.001272655326312338,0.000372946987237981,0.000290191645992536,0.1580294518945508,0.002952240130286442,0.8295489786935235,0.0021094102634286803
504390545,0.0012962011428900694,7.362236806656402e-05,0.014823722883240034,0.0005947443870677546,0.0007475586933296738,1.263074216889081e-07,0.004191454430188683,0.9773176201915972,0.0009549495961984452
504391576,0.009167629164621681,0.0004713290508275808,0.027981685026543336,0.0007109039137289345,0.03169521047019104,0.9078684376369199,0.0007983840122345388,0.0176992341838002,0.003607186541132709
504392332,0.00044722504315797344,2.189394219096817e-05,0.0007470381114254713,1.5015673441862972e-05,0.0001726450753026638,0.9922745300067615,6.516101048014467e-05,0.006144921806355594,0.00011156933088374277
504395066,0.002548301605653321,0.0045185254241258774,0.025125719183474903,0.011964887043820505,0.5080299558091547,0.02964988290850764,0.08610988653879831,0.31452165512490976,0.01753118636155509
504395322,0.0021594439705323208,0.0014602655943280723,0.36509192222440734,0.03545898880220498,0.2960107819122407,0.017674282998723322,0.12454489458575624,0.1372505593333127,0.02034886057849442
504395895,3.403033199617538e-06,5.382565913977977e-08,5.262718318429713e-06,2.648404871477476e-07,3.7451562392835563e-07,0.9999316884115599,6.133375282652598e-07,5.7856615546421624e-05,4.827020772341134e-07
504397336,0.0020916493807646417,0.00108567351034327,0.7156098528098792,0.07469220663858814,0.0605159006873493,1.0361904642094885e-16,0.025169567615190607,0.07383438841588993,0.047000760941994776
504397863,9.663021962125127e-06,3.136115491164609e-07,1.0670412902976441e-05,1.8324576423589377e-06,4.819076384036595e-06,0.9990962209858093,3.0783102948259923e-06,0.0008710114224704428,2.39070098479302e-06
504400079,0.00043426121798622734,0.00016215012675573672,0.1916810341061048,0.0055049782717589806,0.7933374975333234,1.6067236510980106e-19,0.0018052088868141729,0.005417974201979367,0.0016568956552773368
504401003,0.0031332919711978976,0.00021438749545840647,0.015275783414491989,0.000676882062460911,0.008812793988673264,0.7158729429452091,0.001207845147707571,0.25337338374779245,0.0014326892270084617
504401036,0.006165961651870938,0.0001303886130372333,0.015311619122796067,0.000392200239170445,0.002636026010072489,0.8849023472838592,0.0004793272867455566,0.08909348480337127,0.000888644989077037
504401676,0.001272324366046024,0.00011508273498688027,0.003415948928812093,0.00033704106217619177,0.02412084927048244,0.9611546888365237,0.0003673331391142573,0.008170740476262326,0.0010459911855962476
504402555,0.005575202507068145,0.00015579139482348078,0.017605233890968287,0.000295923992185143,0.00865994219047484,0.9465777501980861,0.0003676141946849094,0.01995702096777315,0.0008055206639358912
504408291,0.014692036403554548,0.00115211484946639,0.01881862336381142,0.0006580911099734963,0.008875685434088653,0.6043224451420889,0.0024948847603305175,0.34600840578732567,0.0029777131493604245
504408409,0.04571895416336992,0.014358391511451365,0.05097478584496311,0.004581240009567957,0.16405726700588857,0.11068228267893002,0.015793187619998202,0.579195151777917,0.014638739387913874
504408471,1.114005641970476e-05,2.7789412470526795e-06,2.129717124556576e-05,1.7096224308988828e-06,3.2796994607628105e-05,0.9990702542733721,9.843112688564201e-06,0.000843140977738769,7.0388502496454975e-06
504408632,0.07597175084077078,0.0008400694513237573,0.008781157385916925,0.0009016284519370645,0.001822894068529736,0.60419440523522,0.0098874422980352,0.295613832708509,0.0019868195597574968
504408669,0.0025015795908057185,2.5775746366694045e-05,0.000796575451343889,1.8515750348217636e-05,0.00011448977599571118,0.9906906920980258,0.000306749467379977,0.005461654380264067,8.396773946984358e-05
504408824,2.628128527379873e-05,5.098462375784912e-07,6.57298978674404e-05,1.1755467470053698e-06,4.5154185149573395e-06,0.9993849129768423,2.9757831705480025e-06,0.0005110269723693427,2.872272976896753e-06
504408952,0.0031559019186012693,0.009493056020337575,0.02348586995817092,0.010271804459549519,0.19162146911760833,0.6783635548713625,0.010377962975171556,0.06267020060213227,0.01056018007706608
504409199,0.004203933026529267,0.001412161037206414,0.02572806442840686,0.043447338397986174,0.019536457529373896,2.41944824229814e-13,0.034586306171767146,0.8675324058135605,0.0035533335949277886
504412460,0.010008983444231638,0.000767930880577585,0.007295552049787601,0.006289236343831725,0.002963831174269691,3.0522868424186004e-09,0.525044585053235,0.44475356812151057,0.0028763098802693635
504413297,0.019536688010629417,0.0011742978709926501,0.014039896248352574,0.0014851395640644745,0.0053240949665690745,0.43170571299701044,0.008103359680600225,0.5150766733190942,0.0035541373426868695
504413469,0.009179003595648572,0.001351591425564418,0.005614173532178665,0.0016382631884413253,0.0013569743210800531,7.535003172561106e-12,0.0769857594968854,0.9006772282731805,0.003197006159486122
504413580,0.002305638234645342,0.006514724337197961,0.0078076427326269435,0.0006644272111439722,0.005835100636380571,0.22969830695325782,0.037633103794773005,0.7075449004858765,0.001996155614097849
504414977,0.002419762512932257,0.0006015381122875047,0.033289268838945854,0.0033971057537680017,0.0027001906436655834,8.962444928134176e-22,0.567059278236963,0.3884634003604761,0.0020694555409616934
504416303,0.009647955735951438,0.0006980025976509364,0.005293366080455314,0.0005900335909727798,0.001119014204598447,5.944854069404409e-11,0.023996912671561663,0.95719423597453,0.0014604790848309363
504416469,0.0017812535396460889,0.0009142889456765351,0.030728559396733336,0.007485667733335463,0.02594923633588055,0.5315426045936891,0.207901424348024,0.1704219082729792,0.02327505683403591
504420292,8.776272677195038e-07,2.305574694871894e-08,1.3522635887141886e-07,2.6225384308651264e-08,4.676038954214005e-08,0.9999875461543317,1.994376884053203e-07,1.1035074221880996e-05,1.1043861055984574e-07
504421020,0.07011074704260592,0.0007762602113677528,0.117347186221055,0.0028417978916816583,0.010436583858538535,0.1744646856632656,0.029746480347774322,0.579460943136084,0.0148153156276272
504423211,0.0007661157295529677,0.000895598627902016,0.14822260642879703,0.008997282374752787,0.0033140522968101113,3.0331906094014954e-35,0.012363457402162955,0.8240870826342437,0.0013538045057783319
504423619,0.010683440638794402,0.0001739420250225931,0.006677428819914369,0.00044154966099470207,0.0003785685092078369,0.00021078325138858224,0.0019473855763736004,0.9779417023568413,0.001545199161462656
504423775,0.009318015433067435,0.00020827004014237595,0.00978853555653984,0.0010862642320009646,0.0003995213560036134,0.004960299369633444,0.004464518338784795,0.9668465652067436,0.0029280104670839956
504424204,0.0032480732698108457,0.00030931204923968417,0.0021992881862684848,0.0006739807275442151,0.0003411094329699916,5.810266834976545e-15,0.004651638933350314,0.9839187350667871,0.004657862334023609
504424299,0.0025679569963337396,0.0001942670006843088,0.0010899967637037742,0.00020290323128118931,0.00016077185834871812,0.004300721602014195,0.003651284037952915,0.9869128241765036,0.0009192743331774786
504426029,6.586856095124429e-06,1.9375218890481036e-07,8.282328250142917e-05,8.083104538706531e-07,3.83730798188519e-06,0.999709851480986,4.801579381581498e-06,0.0001898159184510484,1.2815119600888539e-06
504426195,0.0037271556298776854,0.004904826049240034,0.08153927036335848,0.1531946491232093,0.15083816534026737,8.246140517857107e-16,0.4168898124007952,0.16689945972228504,0.022006661370966015
504426301,0.0042647821594682485,0.007846156912302674,0.17200414299978656,0.27212760406174075,0.20280388813147793,8.3494354786765e-37,0.11508052389257531,0.19623070296263595,0.029642198880012606
504427057,0.0014462024076933215,0.17295824381659933,0.01467320477146484,0.04483869280631136,0.18373041615369287,2.35988321693917e-17,0.4242260473709173,0.1374027261172738,0.020724466556047164
504427389,0.0007764837774981847,0.0005817758496421281,0.037598962390829896,0.03259899684178395,0.9051940921400192,3.0880922658497e-35,0.01366057277537889,0.0031950727052441155,0.0063940435196036495
504427939,0.0008685509829060072,0.003956541411150203,0.015931025640731303,0.03454284087359762,0.7121316118484642,7.513770524227892e-37,0.20542548392423626,0.01726182382564254,0.009882121493271914
504428006,0.001072180735258597,0.004762941854015474,0.010303366137004989,0.010808437428889936,0.2755402360101348,0.2799347826460245,0.23866776721435637,0.1679901247780386,0.010920163196276778
504428022,0.0007371154468315991,0.0007076659822076707,0.02276558227938801,0.03276840936335276,0.8896669008154803,2.0621707075001556e-30,0.03937276950137663,0.008713217122359214,0.0052683394890037805
504428239,0.0018553331729653521,0.0029510319259011333,0.030227978759521507,0.04503062615462971,0.8348333229338192,1.8041011803788871e-16,0.025671237835649847,0.03354809758851658,0.025882371628996575
504428249,0.002131510053128133,0.018429548326245538,0.035629696911531276,0.03071055106000951,0.735268364967353,1.829256879064157e-26,0.02034274788829968,0.11024120613548787,0.04724637465794503
504428395,0.006854676464741761,0.0020032053203997355,0.09521401502863518,0.10106755207796247,0.740808531106333,4.34036634761458e-20,0.0250983353269227,0.01468265024344804,0.014271034431557033
504428424,0.002056475739845428,0.0018743365020160254,0.038446166790321465,0.058045170795311865,0.8150263834970124,1.0185972579665303e-35,0.015293435361778168,0.0198768868146489,0.049381144499065846
504428819,0.0007576404558616744,9.137062921392997e-05,0.019472511625731277,0.00016791695288954702,0.0013612827390876684,0.9589181224288458,0.0001452934711546593,0.018728252652412684,0.0003576090448027091
504429299,0.0027987983642358315,0.0027489658155330646,0.05757067466146537,0.029704950047387168,0.3909257936481613,0.0100102706503399,0.35632282633009166,0.13271308652880145,0.0172046339539842
504429339,0.00028017449503101103,0.00023330712138626043,0.0017796746184017664,0.0010334632971665816,0.0070395536444430975,0.8871114025812148,0.01843951941540118,0.08072898388576842,0.0033539209411868436
504429343,0.0017602348273869702,0.004464693851674724,0.025948530402874943,0.008104812536065636,0.512545509975311,0.1017192009022944,0.07123328865646239,0.23102510413449373,0.04319862471343622
504430437,0.006303064758604331,8.661198238283105e-05,0.00320834507600619,0.00024794869235186253,0.0003070350110704982,0.05731602084919557,0.002074117787869177,0.9300095556446613,0.0004473001978583543
504431398,0.003187096197991849,0.0022870822709451255,0.11386275657644014,0.011688877902339101,0.271103852927133,1.9630870835837545e-07,0.026027322357974458,0.5631365344219752,0.00870628103649278
504431611,0.007109853376902046,0.0017396173263904808,0.5186467909678875,0.004031421662869695,0.11750086655519587,0.0467725975954939,0.12484759494261799,0.17547096566840573,0.0038802919042367654
504433659,0.0013231446515996853,0.00032891846809948494,0.6655270165142435,0.010533498958225434,0.29865699085251446,1.177008218996066e-18,0.002779440672698211,0.017409119019891166,0.003441870862727966
533174543,0.0061666777788253885,0.3921027190856086,0.0037273352200324662,0.01724157527925224,0.23640372617987807,0.0008459667120223674,0.021627626971149772,0.3024435205684105,0.019440852204820645
533174547,0.00410782015307686,0.8688466569058182,0.0018813721011549228,0.01064222499350219,0.01695000161055067,3.7326973764154733e-16,0.01864186711328486,0.06905499590704167,0.009875061215570243
533175655,0.0036461096661796998,0.0010510043624577122,0.0012145472327625272,0.0013683416867122866,0.0005927387044011286,5.250582385699627e-11,0.008731920840963686,0.9807439505757586,0.0026513868782585847
533175850,0.013764661268213529,0.03224362605300833,0.014151969608403194,0.02082998911217123,0.40506492462171984,0.4090346962795362,0.010739634905412765,0.06602039442958949,0.028150103721945492
533177196,0.005551280632697272,0.01298567232190139,0.0150935854744838,0.006387793922323311,0.0217904243227959,3.9374329147581823e-22,0.0299372755559503,0.9026256591587416,0.0056283086111065484
533177275,0.007930296525901229,0.008184851397101907,0.0034913745012086737,0.0013844012005508873,0.0036253129291148843,5.949685746526424e-09,0.00878133617154268,0.9643726524160542,0.002229768908839969
533177327,0.004033582989917654,0.2780655757818613,0.015612286088109245,0.014826849743060927,0.0805817080965131,5.416929503785561e-14,0.02378608486847272,0.5756020341996063,0.0074918782324045015
533178326,0.001386189766972424,0.01295462062403166,0.004732497158813922,0.003099942536254995,0.9606835529879658,4.748055949243372e-16,0.0012682175657738584,0.009186426770148824,0.006688552590037956
533178451,0.00467110198623469,0.8928055542943761,0.002927270529083034,0.0014468587516279587,0.06382205076597629,3.7089261436429664e-33,0.0030070541372333804,0.02818246022447236,0.0031376493109959965
533178511,0.0018521480436719064,0.8976821015928538,0.0012407801279238258,0.0021653231495370987,0.05441656437297402,2.279212698713595e-31,0.004185449646339329,0.03473055644915745,0.0037270766175424193
533178855,0.00627148508207911,0.046232837061747724,0.009063340933424905,0.006460938054395307,0.8674870568478521,1.2935067295254831e-24,0.011955309282360426,0.03094818126621044,0.021580851471929972
533179869,0.041473371821184025,0.003245432717727116,0.05602675663105285,0.0029943464925639898,0.22631870703667775,0.5684610039991802,0.0032294460388862475,0.08177644118854849,0.016474494074179225
533180924,0.019411824054071818,0.9433963456734936,0.00209091310772773,0.0009193721166244733,0.021250079221618923,2.513033637368507e-21,0.003006107356839595,0.006995998942008799,0.002929359527615004
533180990,0.0013743511055981001,0.003161899964349093,0.020216962280043854,0.009198548461721068,0.9390287254059727,1.0414997975656508e-27,0.00753449996993733,0.008693064683786476,0.010791948128591435
533182136,0.0013456785403566417,1.2190690093461998e-05,3.0386020816156484e-05,5.839433142261085e-06,1.578153823318661e-05,0.9951258398314335,5.012009259707888e-05,0.0033757446912628932,3.841916206489648e-05
533182633,0.001228717672458609,0.0004987679209478042,0.020965903514040988,0.012947264785165304,0.9412821195220493,2.985976317801747e-17,0.0021848805389074986,0.002342047479778713,0.018550298566651555
533184860,0.001031006093685546,7.805455654445687e-06,5.567430201334169e-05,7.299304420568825e-06,6.146004944374068e-05,0.9985942320338974,1.1308556249516992e-05,0.00011398646371380838,0.00011722774092158726
533184862,0.0010722609019779572,1.2399393462221225e-06,3.616057452950611e-06,1.1810443391858107e-06,2.364544892083475e-06,0.9984576781174267,3.6096729709271232e-06,0.0004440170474346264,1.4032674159430424e-05
533185108,0.0017606612991342603,9.1120590837208e-06,2.581540924760288e-05,7.627538979736783e-06,5.264763008574734e-05,0.9979683175740567,9.81475680371489e-06,6.74409310494952e-05,9.856280155901516e-05
533185721,0.0005621957545550537,9.019584934617315e-07,6.296469840894487e-06,2.1338453132694426e-06,9.12259591876318e-06,0.9993629588850915,2.24522301037579e-06,3.9886105098464156e-05,1.4259162678116263e-05
533185873,0.07105189380354526,0.002851346149062993,0.0012786370435559284,0.0007070802525743158,0.001085312353397757,0.7773654456090066,0.012808771578537709,0.1302214203539064,0.0026300928564130786
533186174,0.0051419093541735785,0.009458795685943436,0.0024798675704763283,0.0010512399677875945,0.0016280633761529175,0.5180317958170282,0.016904003054490586,0.440337915806482,0.004966409367465379
533189525,0.0013179720982048177,0.033686988007800636,0.007909598551388449,0.4426415122685009,0.2277407947023084,4.731842355650163e-37,0.03343093762571729,0.22665988827630298,0.02661230846977643
533189863,0.004949102457083041,0.0018975562637355303,0.06780788761664568,0.6946983246091811,0.05790432845641526,1.3808551439723647e-36,0.020081806813823246,0.10026246358149478,0.05239853020162142
533191217,0.04063694779696834,0.0022157484276840267,0.03255057566508635,0.00396253794361836,0.026359861252542964,0.09616860508761065,0.005875935645481204,0.773638999238163,0.01859078894284496
533191451,0.4074650979869019,0.006842963401453109,0.0015227343278684,0.0016353010043320313,0.001812884186057582,8.766706326942109e-13,0.004000564975919279,0.566988367388191,0.009732086728400048
533193707,0.03905147698805106,0.010381467812482191,0.013132803358083828,0.008152145314335252,0.17109800099373143,0.7059786438226789,0.006453197009163266,0.026106676917602035,0.019645587783872032
533194041,0.4563190913703853,0.033958309540108554,0.0017981123448965615,0.0027014639813204974,0.0036778522906290613,0.00042786588856980566,0.01077741325442426,0.4690580713559374,0.021281819973728626
533194885,0.011535028030490151,0.00016318163809906906,0.0012383684271224903,6.0245568472298846e-05,0.0019309275054032085,0.98182929814461,8.910654948109518e-05,0.0026021440887249547,0.0005517000475969024
533195438,0.006394030026338246,0.05714006347560448,0.003931697361874627,0.10664759639393309,0.007818644145168658,9.069511632341031e-22,0.022820443809389374,0.7387132069464213,0.056534317841270165
533195444,0.010442545074789382,0.012355789463633126,0.0008110600256177717,0.0013366769608650442,0.0009833472638536992,1.2936325977927258e-15,0.014936023346152655,0.9486292064350627,0.010505351430024191
533195449,0.05359731060722282,0.09404047198775602,0.0022162999352253457,0.004897809946548654,0.0033222603069729523,0.0002006890458695389,0.022400160861644713,0.8007187847095343,0.018606212599225607
533195473,0.06628105624663994,0.007411309063708543,0.000900823120357596,0.0006114049404582435,0.0007220862240368308,0.0005000650550774818,0.00864499842826389,0.9116315766719325,0.0032966802495247964
533195485,0.007381797989703942,0.015127089811343697,0.0011505172850297459,0.0023441914485782312,0.0019922716290744287,3.916934579649299e-12,0.008944083661728478,0.9495625642921782,0.013497483878446325
533198040,0.006211904783543247,0.000923243031261879,0.0007479849081114403,0.0004230645928586644,0.000531756541047016,0.6665436427901209,0.003276902120423129,0.31706224992104837,0.004279251311585365
533200264,0.0037809277271812205,0.004750262622864548,0.014362582851832959,0.16509424165566802,0.02670585892189456,2.6426914528197375e-33,0.023745240465866443,0.7335901909621739,0.027970694792518354
533201480,0.011843268682863343,0.03792781932933017,0.03164696805159467,0.036757100975848146,0.3925440942982684,0.0019313076214145888,0.014017735170613343,0.45296864327563746,0.020363062594429736
533201498,0.0017496012329446004,0.06979345424627323,0.013043067306844958,0.025132492977858346,0.50941413097042,2.1316411033624524e-08,0.020699748840594962,0.2904550293696951,0.06971245373895796
533201854,0.0045780613779947505,0.003992374380242192,0.07777341937153825,0.06749057107129873,0.2804241712359693,8.551029067796956e-23,0.011675818099911276,0.529251794068083,0.024813790394962607
533201920,0.011498808814714967,0.002264209118213586,0.12868387824746935,0.07404804048106953,0.08299382372207303,1.3666146048568413e-09,0.032782102141059644,0.6267526650160142,0.040976471092771014
533202120,0.00020031868156231576,1.2216372982204465e-05,7.129557460518527e-05,3.070583088994412e-05,4.900345621703676e-05,0.9938685197434586,0.0001437345503376226,0.004575190981321178,0.0010490148086259798
533202555,0.00044839263695522466,1.8055178879789506e-06,7.926721386603756e-06,2.3637785988525846e-06,2.477306588939486e-05,0.9994219149652761,3.7913539845477057e-06,6.497508686489983e-05,2.405687315643858e-05
533203002,0.007841042633615052,0.010621567435544882,0.006459885866437663,0.031778666704355446,0.015327394884354367,0.006477115492879626,0.015083306279507849,0.8686780029028188,0.03773301780048621
533203019,0.01075820467424588,0.00772369824679976,0.01872065627528416,0.5872562293945333,0.05189362947429925,6.341687706754562e-26,0.07684253045817843,0.15211528808715324,0.09468976338950592
533203438,0.0016342787160844301,0.002680431653636396,0.04287727215837804,0.5031399467049027,0.15680802063607646,8.541279975003012e-34,0.007587083973007111,0.040189045612072906,0.245083920545842
533205437,4.996165913943127e-05,8.659956213914302e-07,1.8939050132425926e-06,8.051334707881538e-07,1.5354531422995553e-06,0.9993108441431883,5.886825185523413e-06,0.000618736877797132,9.470007442009981e-06
533205770,0.004594527448135529,0.00676639890308865,0.032891625345039706,0.13513716581107094,0.021327905783318855,1.7735664714651719e-09,0.1084041828961236,0.6591192518204421,0.031758940219214195
533207497,0.013238914851296945,0.01376860506712758,0.011021587525830238,0.010906560570866452,0.008695662511321887,0.20284602023577397,0.09213381423329359,0.6212186784253725,0.02617015657911679
533209071,0.092303963297618,0.007538688629042481,0.0011309943974862878,0.0010681092971182027,0.0010681581864063808,0.0005576178454295528,0.014046496628777421,0.8762165107072993,0.006069461010822357
533213890,0.009092286057303431,0.0030568376217267657,0.049380811850871,0.0039843099839997915,0.8649610902852467,1.1417394202756429e-17,0.006177577881741774,0.041376310424877105,0.021970775894233345
533216743,0.11947190426070071,0.0013104027411114986,0.023234104729148716,0.007265748304172688,0.005777751072297186,0.13838852798614212,0.012367151155976346,0.6731358145457091,0.019048595204741548
533216785,0.00045124844899496676,1.2007956838180717e-06,5.432203451847641e-05,1.4122156066951981e-06,5.532078288610923e-06,0.9991271436066832,4.174276214310414e-06,0.00034723703721028316,7.729506799484645e-06
533218853,0.002359126060097809,0.007193297919123487,0.003764339531689598,0.010124129573879818,0.6796068623296245,1.548812639188092e-34,0.0030536787807957945,0.007419231190759684,0.28647933461402925
533219145,0.0010712343591341071,0.0005088289800951412,0.017904632104942395,0.03535374274194371,0.8636325354027059,1.800463205215381e-32,0.00567642798515756,0.0015485520469054285,0.07430404637911574
533219629,0.07705848105857441,0.08694917521407754,0.007105809357086532,0.002949455824724372,0.004452239149541631,0.4417967371811285,0.01366218036930715,0.3439404846568086,0.02208543718875133
533221725,0.04801105038626686,0.007275832892174053,0.05838213325763626,0.008871480386663688,0.002494658049957083,3.7089444884456676e-20,0.04395729330092617,0.8170425987473031,0.01396495297907278
533222260,0.0372852766041096,6.059476872600685e-05,5.8782658881325646e-05,1.0638615477156842e-05,4.2755335682819025e-05,0.9620696870424267,5.71421723339298e-05,0.00023842699260593654,0.0001766958097565773
533222765,6.990715989033774e-05,3.248980397932128e-05,0.001160826138049968,0.0008871287023466207,0.9932055552884229,6.181546736785511e-32,8.321501578682459e-05,0.00014350824376685762,0.004417369647757281
533223218,0.0002613495087554521,0.0007736456888367959,0.011216072796758098,0.012979267257716209,0.9595309663581642,1.611428389310538e-35,0.0019068338985716426,0.00297511131114389,0.010356753180053739
533223882,0.005001672984409312,0.008348495181501544,0.011712313304904017,0.007006418165609032,0.9248656909435926,2.5261242936976736e-05,0.0015426313555934866,0.01818846006842964,0.02330905675302332
533226274,0.0012138546146354518,0.0030600251115074756,0.01854469283477128,0.7864544805544315,0.10782249963880201,2.331139951538094e-43,0.008604362870629536,0.0343178470886726,0.039982237286550114
533228737,0.9628745666940075,0.0007462854014382433,0.000518543244495175,0.0005517921004708946,0.00038726130130474197,8.47618153496672e-33,0.0011012110197015238,0.029914153566997025,0.003906186671584848
533229360,0.007382509584504177,0.019219006128817686,0.00661326955005478,0.06705830088225309,0.11116747921968857,7.550777948326756e-33,0.09402186682258107,0.5039401409291939,0.1905974268829068
533229362,0.034877267857379615,0.06773963778938019,0.00413643354571124,0.025113806123617292,0.02766952038966907,3.076318032323871e-14,0.1244365161081861,0.3590450473952843,0.3569817707907415
533229379,0.03095675329926052,0.19983296213542606,0.0026685502772021263,0.011598559443132858,0.016020611329856806,8.260550157986989e-11,0.025732857828566068,0.673456999450203,0.03973270615374709
533229787,0.010684775578223716,0.011414562183665673,0.04183382649892407,0.01921703243213891,0.646090840323452,4.191500740140577e-25,0.026124029525760872,0.12632363700614221,0.11831129645169258
533230002,0.023051024466956806,0.002299298698168574,0.004752880967465504,0.0028821956037493692,0.0026045215000538497,0.0003986356678588441,0.028810853050098097,0.923730882536064,0.011469707509585213
533231729,0.6161661633638282,0.004409977125777802,0.0027451224261210065,0.0021263956585033774,0.002618098015569136,0.0519945113797796,0.005750910256951756,0.30523878176087377,0.008950040012595266
533237211,0.6222874045312378,0.0008853797108113618,0.0015284087675640373,0.0006430692105585843,0.0017345243644754642,0.31453235376259264,0.002726210882206314,0.050615541784847264,0.005047106985706591
533237330,0.0075116031531274,0.004081453024309515,0.033178543278929704,0.08157734222303104,0.02841256488516513,0.7728816747706709,0.021320171406618068,0.04368997321793712,0.007346674040211075
533237348,0.0022006735717303248,0.005731935519048433,0.008922547756707751,0.03877663295350821,0.012169229971998052,0.2606252034467588,0.01407929573048477,0.6476489699975452,0.009845511052218463
533237744,0.03229071134279506,0.0013214501166078562,0.0028082856559995687,0.0009889381591050264,0.0009013817381594207,0.0985063435103366,0.012065671231693238,0.844896957756913,0.006220260488390201
533238082,0.10474984375303045,0.0016603990134022473,0.020739182736976884,0.028552984277136227,0.01664139277237133,0.37853266467052316,0.009260782331007167,0.2894079698872175,0.150454780558335
533239437,0.0014935239651519775,0.008735522406844727,0.056002707988125545,0.3543103908164592,0.38594097324490506,5.298889848515003e-49,0.018726369253933135,0.09457621648394836,0.08021429584063203
533240180,0.32311687403642225,0.0006491145924274674,0.0020289080167656976,0.0009626254106720629,0.0014642127788492547,0.6482048863365143,0.0009722668307365733,0.019660155421737185,0.0029409565758752847
533241288,0.00011814637935316447,6.568935820908392e-07,3.4089528889705122e-06,6.188677704949533e-07,1.65728647656947e-06,0.9995408593530453,2.922741474206896e-06,0.0003228727730731484,8.856752336057704e-06
533244189,0.0076712586271208945,0.0004042058553550531,0.0020699744651445522,0.000435458883506927,0.000708845680059731,0.0020917856905548647,0.0031319835346613747,0.9818297656151641,0.0016567216484325523
533250633,0.6896388147961522,0.01171849838359126,0.00031426231332640876,0.00033670018211835203,0.00041055425130478936,0.29006818246269617,0.001455244387032153,0.004376328926717188,0.0016814142970614666
533253042,9.369795722687346e-06,7.398335403692303e-08,4.056078231053081e-06,4.882619502497935e-07,1.3716585111477305e-06,0.9999584367042915,2.226460995685995e-07,2.5286923379368706e-05,6.939484602456352e-07
533253303,0.052845683388764865,0.001763153611276501,0.24649355077399254,0.008935557192110376,0.46653976923868756,0.09652214143240401,0.0038009400982682547,0.078355178560691,0.04474402570380499
533253452,0.30204170821540155,0.001664022544079186,0.07420822480268358,0.033141382351554984,0.007135153011368159,2.2641977193711973e-17,0.04808832766050221,0.34839063499766576,0.18533054641674457
533253763,0.00044395590135832554,1.4528017453308409e-06,0.00010981835403589279,2.2497134253920633e-06,1.4131625960965023e-05,0.9992636032906006,6.298188709725413e-06,0.00013745621054443274,2.1033913619424966e-05
533254077,0.7269178067321357,0.1644888571866338,0.0023798480036228294,0.0026273126119060854,0.004557538746042899,0.00010617172967972892,0.013823464387457917,0.0796828033139324,0.005416197288588737
533254248,0.5379757712745424,0.0013513385652930607,0.019192441879814857,0.00391269554328705,0.023698992502559527,0.291392908217036,0.0023638572091336605,0.09852165986912786,0.021590334939205667
533254312,0.020465878182113116,0.0006872806500449592,0.020969507637283905,0.0018390789827319562,0.0021474515032543218,0.237441892832411,0.008231011325110065,0.6924001771028614,0.015817721784189366
533255422,0.0007953424151100694,0.017684590472563978,0.0022935649558989634,0.005132363632741236,0.902072870543962,6.900979941146755e-41,0.004303523532970632,0.011977153540779514,0.055740590905973574
533255667,0.01658508563354352,0.0001814676579927455,0.003769774120088638,0.0006503428300020982,0.0011331819140693268,0.8405052175650324,0.0010488374266667128,0.12726978576387293,0.008856307088731665
533256459,0.010285758339683631,0.00012823755880303245,0.0009926851503479002,0.00011601330415444873,0.00017355370333373886,0.9648771261937549,0.0003974398950015444,0.013256555593679664,0.009772630261241064
533256851,0.0012858064441911758,0.4336417187272497,0.008708900708010028,0.14966685307701827,0.017645570470028935,1.3969529986137508e-23,0.00651174200889475,0.36045473183378807,0.022084676730819087
533256903,0.0005499098958882215,0.0004739914489266583,0.008196131385260898,0.005934945673175217,0.9144100482551469,7.165859871745407e-41,0.0019800905567941567,0.00697792746311428,0.06147695532169356
533257018,0.8506505766427959,0.002257015601620764,0.0011668483931468825,0.0006899910394916053,0.0008062299873675642,2.9893834737845264e-06,0.003856559342037149,0.13593059512134867,0.004639194488717703
533258669,0.00047337157692992055,0.0005531398335749213,0.011808516134767947,0.0018657380455524366,0.9755675411578508,2.303145873105159e-19,0.0017938589892482204,0.001836343695573937,0.006101490566501852
533259172,0.40411221674155035,0.009098814093245491,0.0009770061286525106,0.0008812622931316724,0.0008298814569788884,0.1899077394885093,0.01103803708614352,0.3790410571619621,0.004113985549826108
533259912,0.00529387193185266,1.5340670869765684e-05,0.00032050649537553505,2.8529350946231823e-05,9.353421986409267e-05,0.988490435038383,5.577091437833301e-05,0.004935371365438994,0.0007666400128915782
533260880,0.18383692744115293,0.0029699833573920975,0.0011843582934135356,0.0019328814656913175,0.0005625879646159811,7.397894568627125e-17,0.006592126738412389,0.7933241548712916,0.009596979868030119
533261570,0.0051702159821949605,0.019285861006720882,0.01925418237490407,0.029335033078371375,0.8545937495359484,9.29071982784083e-09,0.01028950735492766,0.016876046629356444,0.04519539474685637
533261614,0.005366103118572308,0.0830740274470094,0.003289675278316835,0.009479295298762545,0.7062814231462984,0.010957749931720044,0.007697588502627524,0.04319452636327324,0.13065961091341977
533261629,0.0053941764193794215,0.05065204102681128,0.004905414855992237,0.018415874846190644,0.04976953363788964,0.6134480890705489,0.022741665030704423,0.03069561854859206,0.20397758656389126
533261746,0.003854908681275864,0.01567240183549073,0.003379551552944644,0.013778220092288102,0.7728329815400169,0.03056032722093116,0.005942531225588495,0.03692161922533277,0.11705745862613133
533261929,0.9799324757191397,0.0008603149679526046,0.00045911647028846976,0.00019406159634697626,0.00036851347838333,0.013165837070838671,0.0003064122203164443,0.0033544954255090714,0.0013587730512248256
533263406,0.08208679008092987,0.29426348010434716,0.011535936150780171,0.03574316553089452,0.08608321296996366,0.024447836119832676,0.0906801682493946,0.2947138676199209,0.08044554317393648
533263420,0.055878858687307055,0.012496720639523718,0.010401437535816177,0.0029773216992440054,0.006268711364258964,0.2526777871103444,0.013272867924300453,0.6065115569628803,0.03951473807632493
533263423,0.06519899254269942,0.02234354082768785,0.00423032045760782,0.003564818310084221,0.00379816734604169,0.5135468692550667,0.01432008480421052,0.3432738256703889,0.029723380786212894
533263480,0.08349570993136218,0.003450142767709997,0.0015139311224474543,0.00037109508008406134,0.0003951168168864037,0.7452776749582515,0.005925629455645068,0.1549704452515514,0.004600254616061844
533263558,0.1933037217738865,0.04244184407671988,0.04222654776947448,0.004979467826823963,0.3298931068709358,0.007906873746057152,0.02847231093604608,0.3143710758626192,0.03640505113743694
533264115,0.011647076846541921,0.0022731149452881795,0.08476812439760076,0.04119398464124219,0.021648812836792087,6.909421460822256e-20,0.09011493046354478,0.6561919927350695,0.09216196313392054
533264152,0.014814946714604007,0.0024535037824847347,0.028532490122209025,0.03855319881515019,0.4411331725427556,2.7590947648380055e-23,0.0861013770166219,0.31785352328555116,0.07055778772062339
533264250,0.007388906581470388,0.003841557422350317,0.024448648976810882,0.32639183783238046,0.0775825012450366,2.8658236234961394e-29,0.04041759377143614,0.4832256501026199,0.036703304067895196
533265339,0.011777357349267468,0.008169763344639348,0.3890313150961913,0.011293409397644519,0.34736377277465613,1.0273366067975772e-13,0.011112995966101848,0.09979073955125838,0.12146064652013826
533266269,0.08454576275183605,0.0008636892714057223,0.0023174715774476056,0.0006747001357235246,0.004024144192703498,0.8789965803774307,0.0015713668100774743,0.021140796733709784,0.005865488149665907
533267244,0.3961496501114895,0.0036581604599383788,0.0021499918015447936,0.0014183606325157531,0.0027090210206525663,0.48377448243223925,0.003281041536838328,0.09748665894356003,0.009372633061221351
533268969,0.027176336473116697,0.0006769954056250339,0.0036541501982900308,0.0037217816458545343,0.0015893872037799732,2.361109209701814e-08,0.004325282849729174,0.9456671855439254,0.013188857068586936
533270675,0.005944859025112328,0.024906067747155473,0.018760808164668973,0.6218014197080484,0.0255025098871329,2.1790582061921423e-25,0.02516510383384484,0.08838499423665211,0.189534237397385
533270790,0.001220322174313296,0.0060062634303835495,0.02430002780581273,0.6855448638710546,0.05955276891189167,1.2820672230670186e-43,0.015598097054316584,0.09575040884186442,0.11202724791036311
533272000,0.011452829453001453,0.05423846462076063,0.021903687500948378,0.08820256406590624,0.12481850488687078,0.1818471607916927,0.11670016521320056,0.3648398635575719,0.035996759910047305
533272060,0.008634474183055445,0.06690701982292463,0.01828904928429691,0.08930874725332108,0.5114415376058854,0.030068940095410456,0.06203794922933248,0.17457603654788076,0.0387362459778928
533272113,0.02031689951974306,0.13020102388032873,0.028744755108874746,0.04480002488908199,0.5882366862464791,1.9408397724707235e-05,0.04764706160435746,0.06937839435630722,0.07065574599710303
533272261,0.5738954130580959,0.030256418793697126,0.0035768319332719427,0.006167358687343003,0.003718055253984712,4.282685512289656e-06,0.11196044298566836,0.18085944451565603,0.08956175208677064
533272274,0.30301714505137867,0.0037436777206441953,0.0008810168809918848,0.0004564106086030864,0.0005619517507708365,0.1751014706401958,0.005571061219141208,0.5051164543762207,0.005550811752053525
533272328,0.36434252485139584,0.013910345910213562,0.002715169259620428,0.004091657766611445,0.002472127868060719,1.9816804261181187e-07,0.030615720203930673,0.5624199973272961,0.019432258644828802
533272940,0.0372236023427497,0.05307479627297278,0.15167881726558016,0.01668357650736139,0.11086638305990786,0.11542753485586088,0.026676178945125573,0.1478471521152618,0.34052195863517987
533273103,0.004647561901279596,0.007993790123682993,0.17679976392188446,0.008077225631089414,0.6800346973154324,4.838683186603161e-30,0.0036766628652883035,0.023885313139806446,0.09488498510153634
533274934,0.5527831011433274,0.007831874610530842,0.0027425247425502284,0.002263298370987479,0.0026953716617662466,0.02528732631417891,0.010583871272431065,0.38745329907922754,0.008359332805000284
533275430,2.9575351925650047e-05,1.5915160270983482e-05,0.0003267744937624828,7.334223254187148e-05,0.0035273821521468692,0.9954505424724548,8.202386399588251e-05,0.00010497278504536933,0.00038947148785601097
533275817,0.008909035242951596,0.0022570688316227833,0.006805330139477196,0.004059414417779447,0.028632925479467147,0.09483091988439528,0.10990569179281302,0.11375748957506678,0.6308421246364267
533276098,1.379442455369807e-07,9.018586288355429e-10,1.0497583316467151e-08,7.2513899936154595e-09,1.071304010592534e-08,0.9999984937099257,5.643117955685525e-09,2.263345500560551e-07,1.1070042887665301e-06
533277381,0.06769977657093866,0.0009695135499759505,0.001577066193663624,0.0002442755328229336,0.0004985972472891781,0.905108217755308,0.001542045086261738,0.014281030837960795,0.00807947722577898
533277492,0.16587195732939958,0.0006272229605471804,0.00124203990215203,0.00040783727013708846,0.0013181646113304792,0.8059093361130485,0.0011316519930107544,0.015211713076967665,0.00828007674340678
533277542,0.43712701400008375,0.002858053692344053,0.005459568976028719,0.0009963308891879157,0.003284979384879713,0.5135431849965352,0.0023847359819656787,0.01833002086118617,0.01601611121778879
533277609,0.7828146060372816,0.004298680536053862,0.020858839183058954,0.003101595101754341,0.013811168494320292,0.024579676166537064,0.005378852693656389,0.04927963162944233,0.09587695015789514
533277621,0.17801664143600565,0.010932645287523416,0.04548252474284213,0.005046377219691361,0.05630927262789579,0.30178249133110907,0.009527473913565091,0.2838328528841225,0.10906972055724498
533278764,0.025988456904256264,0.0045942221982385924,0.021109093800935425,0.006050026054319111,0.002558309924863228,0.00011213515272899233,0.01256925403161315,0.9155430736735184,0.011475428259526707
533278814,0.029787541299396723,0.0028390255863115802,0.004000595955295452,0.004741990912059387,0.003955726507624261,0.5366880012312766,0.001116656756126879,0.4061791513500931,0.010691310401815961
533280122,0.0028149564176195223,0.016424146990582554,0.010918948440345692,0.00734729842961479,0.9358467597989133,1.284765052485093e-10,0.004868484335659938,0.012017899086834333,0.009761506371953383
533280233,3.6631748511189737e-06,1.3176607004525e-06,2.554675779221442e-05,1.7927078838281214e-06,8.086333527890099e-06,0.9999287394817108,2.6013205911748503e-06,1.5215598095240303e-05,1.303696484719869e-05
533280441,0.03894270080992406,0.0014977003229562197,0.22546774395831976,0.0044098061923232255,0.03524023703012437,0.4327976420010991,0.011129380681641161,0.05194148183902848,0.1985733071645837
533280749,0.032140243398847426,0.025564931175338944,0.3212003386233717,0.00932145304858944,0.3028764794953889,2.1241575898119102e-08,0.019847368811192923,0.2510222947867051,0.03802686941898974
533280981,0.1103887450471331,0.0462663974440008,0.015077786402285456,0.020957538596336287,0.029320509857644624,0.0015374301707900332,0.031248355103169485,0.7238248019608563,0.021378435417783857
533281468,0.044149198005209216,0.04168186776093443,0.0025944957743358863,0.012559204812406178,0.0069498231314353565,0.835125371587212,0.0014926468227084847,0.0492678634572188,0.0061795286485395754
533281489,0.004464744186807058,0.0005825243827502649,4.108403818811109e-05,4.339531784383616e-05,4.5514657114516214e-05,0.9698065272345133,0.00028880704386467077,0.02428079425128411,0.00044660888763413035
533281642,0.8874100103243038,0.0014112167730363744,0.00014760113346339536,0.00011775507098563298,0.00011483627653160325,0.09791207601544313,0.001084636170969056,0.01039447466627725,0.0014073935689897263
533281773,0.4635645155470236,0.005251704773474382,0.003479821855847335,0.002414000727840741,0.004460013330218079,0.25686775329304135,0.0021577966260319706,0.2360420111954859,0.025762382651036524
533281941,0.007233820961865256,3.2653297444218535e-05,0.0011033277327084953,1.2868279925522042e-05,4.74514467469405e-05,0.9895550051354499,0.00011881897245526334,0.0014498936023146286,0.00044616057108972523
533282091,0.3813427715016896,0.0008638052865258648,0.016565502123568793,0.0008869280634809055,0.02537452665289173,0.45467001873576196,0.0019987519251311874,0.01365448177222076,0.10464321393872919
533282290,0.6131373173360312,0.004406565367665689,0.0006145474260713529,0.0003734898866168871,0.0004285248068948631,0.24795289610231533,0.002978084791670479,0.12505226215633358,0.005056312126400806
533282297,0.1791799179866625,0.0007039176944465936,0.00011165960429530171,5.84293347902102e-05,8.902829335278842e-05,0.814468210353915,0.0005768383027944062,0.003236967926663656,0.0015750305030796728
533282531,0.10517874705784917,0.004160135647156099,0.0003626006226808511,0.00020362174813612339,0.0004762159980700284,0.865163483066655,0.0008915378226653847,0.019920224705174128,0.0036434333316131932
533284501,8.421449911855099e-06,1.0406378823792552e-07,3.225150123743185e-06,5.798316427517317e-07,7.6043287651974004e-06,0.999939336123302,1.5009058484606277e-06,1.1006050463301394e-05,2.8222096154361026e-05
533284750,0.0005692605603278037,4.269550689197552e-06,4.616579071931893e-05,8.951265670462215e-06,3.1855020802593845e-05,0.9950071212378392,1.1381291820869778e-05,0.004287394839335453,3.360044279516985e-05
533284961,0.003673197057955782,6.061593948441652e-06,1.1369963953053915e-05,6.3451682178799275e-06,7.6091634722019695e-06,0.9961912986909709,5.03723583110805e-06,8.073954041827518e-05,1.8341585232418658e-05
533285180,0.00021029172221847208,8.079692126003181e-07,4.6615096856765135e-05,2.78797098378701e-06,6.845578698348258e-06,0.9995296597655463,1.2889144401424029e-05,0.00010431497097109067,8.578778111139351e-05
533286573,0.005923535707257635,0.0005759204235366426,0.015459057972312706,0.008598817993620046,0.8671700458123807,1.1540342901719196e-27,0.021184954808654437,0.017337011704706713,0.06375065557753115
533287602,0.122616563204727,0.005641030188266336,0.02792383641104131,0.01338462452512119,0.031596841505810415,0.3817155237089659,0.01047396907310428,0.3731258267345457,0.03352178464841783
533288236,0.8578209509948941,0.002435717719248546,0.000878027400894017,0.0007657240534919465,0.0006827348563125947,1.4847487334831746e-23,0.0032569796700877666,0.1296118393789236,0.00454802592614748
533288718,0.06329753014750637,0.003314512987562167,0.003323255839184907,0.0035976571336941857,0.001859362216221903,0.23052959895175973,0.011204555451835504,0.670154070265027,0.01271945700720819
533288743,0.02328909468189675,0.00161487388414389,0.005423976054705896,0.0010982198992170425,0.001437407332231713,4.4490696115493344e-20,0.010201622359865452,0.954776293111002,0.002158512676937228
533289020,0.47853883475214476,0.011639442106019481,0.0035721482329203946,0.0013416359937005171,0.008552466990447472,0.001815227499881519,0.004169267579486368,0.4812981724255123,0.009072804419887106
533290582,0.04923359222073835,0.004175274957735862,0.0009322413354975395,0.0005321335428420174,0.000818129123554635,0.7625649677693982,0.0017059156068460102,0.15062696314704088,0.029410782296346537
533290584,0.08626493768964244,0.0030835807887828683,0.020412912748740686,0.0015098147345145704,0.001956596837148017,0.46556211782300244,0.013846306365262375,0.36277085050974084,0.04459288250316575
533290817,0.18596829747687701,0.0013228870602514198,0.11783525557089944,0.002314973765930029,0.00666904025910575,0.1252731740828903,0.004661907472701871,0.04284058305439428,0.51311388125695
533291917,0.01859008581677937,0.00102344981611629,0.027259721837543084,0.0012065656066315917,0.024425640239779604,0.6209149637007781,0.0012587312756899914,0.30283108851378854,0.0024897531928933015
533292328,0.058852676889382116,0.03508241285846867,0.0423197527721188,0.011652402136158275,0.03307486087055009,6.239066448746967e-07,0.028362813754839428,0.7476203982323482,0.04303405857948969
533293510,0.05838731795552212,0.003584200457377882,0.0035358424404353856,0.003859445566046,0.005180198047136308,0.8065987269596384,0.0007909210393963516,0.10921501238891998,0.008848335145527497
533293853,0.061859243046475235,0.03959679030248901,0.08800421174208853,0.022650035861937326,0.5255982816020861,4.5053210177444726e-15,0.03935506134649617,0.06795428898874624,0.15498208710967698
533293874,0.003718462725376967,0.13924908324806343,0.005435177018560998,0.009072995378811292,0.7478740267788764,1.6903515346656053e-35,0.004992690443189797,0.02027308641025379,0.06938447799686745
533293970,0.0014294360822398073,0.0018160132639508044,0.0030563481385343745,0.0024645861647890595,0.9236998844329886,2.3573514013858264e-37,0.0014496369920366805,0.003386076555472037,0.0626980183699887
533294166,0.0013780442097915478,0.003041169116078251,0.015746147022638483,0.007898820295684308,0.20419725180683218,0.6791004420920783,0.0009647718034626431,0.07797477469163325,0.009698578961800989
533294201,0.018283355401512123,0.00021729306420091772,0.0013944548571056762,0.0003300215002229912,0.0010616231711319808,0.9196273147635727,0.0005834160729396773,0.008445332988264356,0.05005718818104963
533294214,0.0011678291901269186,0.00026162187184924945,0.0061057322480963,0.0016495690925106402,0.023384365535519643,0.9327124151290054,0.00022598844236473704,0.030937801401560862,0.0035546770889662805
533294269,0.002189175579720013,5.7517006337229075e-06,6.632924348353719e-05,7.633955569255235e-06,1.7939165802608905e-05,0.9966696391497031,1.1085718497770994e-05,0.0006705539996580544,0.0003618914869319466
533294280,0.004488699814638449,0.1790777809153879,0.006209260871713374,0.007997423013061446,0.08095996295229638,0.5828173223800931,0.0035595137372905344,0.1263083010699068,0.008581735245612097
533295339,0.0027826603460487645,0.00037426530045994846,0.02955134991478503,0.00046698024894501193,0.0017995300566367126,0.8476694255155012,0.0012108622429464091,0.1147478474530671,0.0013970789216097856
533295429,0.010455504632209242,0.003609229070225148,0.0175411806603396,0.005733909216621951,0.013739396085201827,0.2013377294245228,0.005393182823427568,0.729606339932567,0.01258352815488499
533296483,0.01860805428345228,7.642082637096191e-05,0.00021608961258963696,4.050999372295302e-05,0.000247052573469196,0.973091750141559,0.00015432763139004938,0.00516196672749694,0.002403828209948855
533297801,0.5769418157804594,0.003903517525707368,0.0039872245256119725,0.004798882537744461,0.00802254209931578,0.2248564716119696,0.013045874106442363,0.04910358426520008,0.11534008754754896
533297907,5.109276313883086e-05,4.409928388644423e-05,0.0004288347593093903,0.0005222995772677161,0.9962321982246705,5.855512203601795e-36,0.0001354020870286752,0.00012163257016859817,0.0024644407345301303
589557727,0.0014664689483915403,0.00013362939590533498,0.0012846050484522714,0.00026193914413238207,0.00014894691800381826,0.9484811828614775,0.0015085761775404643,0.04529301345971644,0.0014216380463803412
589561745,0.004884255791809147,0.0020031825904078806,0.05626463437890169,0.018130325006729058,0.007496695440497978,1.0779097856087699e-34,0.04332632035362103,0.8614755867988457,0.006418999639187475
589566223,0.9702486429410048,0.002235290174198612,0.0013306551805204693,0.000881311107133051,0.0009618906687517836,0.0011367963302667623,0.002549457209180901,0.01726504389362696,0.003390912495316676
589569117,0.47370347996189255,0.1426709278675618,0.013415941035154566,0.004883949424390995,0.015764409542061975,0.12964091520339843,0.015889798998455648,0.1739432266872214,0.03008735127986264
589569950,0.0006174275061180299,3.4682138425402826e-06,0.00024889964002840974,9.063066385709919e-06,2.36918525181151e-05,0.9988444775802016,3.041456275848409e-05,0.00017507888932766417,4.747868881956271e-05
589570061,0.25063523129245,0.050660984383632576,0.011976078158639651,0.004477460678588013,0.013629639844576522,0.562960555892509,0.01497981208296768,0.07716368448025887,0.01351655318637765
589570487,0.0002897059596159859,3.6990031360306846e-06,0.0012967395219638301,2.3702057345247655e-05,2.731803886350326e-05,0.9969985008833554,4.2057559876058445e-05,0.0009137407716075782,0.00040453620423641136
589570489,0.0006176017441540284,2.0771646380565366e-05,0.00036136198852663055,6.090546464074913e-05,3.486789826351482e-05,0.9944964218324044,0.0005807780832464101,0.0035692034785543814,0.00025808786382945474
589571551,0.0004811613024517409,2.0043288261708777e-06,5.1346263997720785e-05,1.0800373445820032e-05,5.568988523249761e-06,0.9986739044728339,1.4050904798122848e-05,0.0007319047437593473,2.9258621363876564e-05
589572579,0.005501723642812866,0.026641708625826856,0.04265880929029538,0.5564418540605763,0.019454720412995334,1.8793415871329803e-33,0.04044926072565219,0.26719613208341075,0.04165579115843021
589572580,0.005794293214314959,2.751529613079359e-05,0.0005611655999242816,9.889039584641376e-05,0.00011734318061262946,0.9921122675574441,0.00014651672445886369,0.0006737105819543258,0.0004682974493134944
589573474,0.0023932979359393364,1.9414953610679395e-05,0.0016180943729376118,8.110632780290969e-05,0.0002592433241820711,0.9898814019008595,0.00016457677306220934,0.004705259289498243,0.0008776051221074027
589573874,0.025174776112995345,0.0027089888472825235,0.006642915583528805,0.004570770515469077,0.0016361901727102884,0.08758445795220872,0.03390193485421113,0.7901823003824685,0.04759766557912575
589574988,0.003192174904900783,0.02706679778619518,0.018479432161932454,0.07347874907866579,0.5067604542123997,2.1436549847138305e-18,0.017765262985923205,0.23907621665502843,0.11418091221495463
589575044,0.0036155272497831064,0.023281275987526457,0.018790904646977212,0.04941303876737047,0.2507372527055596,4.7183529014128615e-19,0.025170219642508068,0.49335809676372433,0.1356336842365508
589575060,0.0037166298971272175,0.02050359614335625,0.020005355650377133,0.010186594466657562,0.767941337429012,1.7051777605915705e-19,0.016094496015481477,0.10031820077726303,0.061233789620725364
589575078,0.001494051019757284,0.007021891268435011,0.026365851105904115,0.011812504734427994,0.8501462163050058,1.4934757112520821e-31,0.011272800797807552,0.05695835343287521,0.034928331335787176
589575286,0.00032860413155758826,5.207449895462869e-05,0.0019073613144982237,0.00014628076507095807,0.008775039660574519,0.9870571490391512,0.0002124261965724226,0.000524776915347924,0.0009962874782724087
589577054,0.002083645111189288,0.0003816762562647909,0.01603520279651323,0.0006012703053039719,0.014714890510754869,0.949271988362581,0.0012641010712186776,0.013404416002016455,0.0022428095841576707
589578162,0.0026745689042771167,0.00012595998919836233,0.0009191041124583775,0.0002892405684561722,0.0002443704752955461,0.9674749958706981,0.0034174017831413695,0.024000241489417363,0.0008541168070576886
589578861,1.3353801844060384e-06,6.574839365843798e-09,3.196255982815894e-07,2.281329974066677e-08,4.283464013378052e-08,0.9999977425193635,3.0624672715155925e-08,3.828433499237836e-07,1.1678405196922167e-07
589579781,0.06660965036460306,0.0015076839781058863,0.08621973325075592,0.004724351339057078,0.008582099181183408,0.3638721558715814,0.06509641151874625,0.38500175488757576,0.018386159608391295
589580528,0.02535241285505414,0.029111342290152924,0.08898459395342241,0.015974452057249504,0.02554390991867871,0.18296218234847875,0.09755908937042038,0.5109222141830033,0.023589803023539847
589580564,1.8334354708706818e-05,5.7704898098695154e-08,1.786840373847695e-06,1.4449801779437578e-07,3.665390920084293e-07,0.9999739279915275,3.0839899246039e-07,2.0587836156524573e-06,3.0148887740973583e-06
589582540,0.013970352152429436,6.485347790947333e-05,0.00041503429582642477,7.206166395388955e-05,0.0001031514957448409,0.984020311658431,0.00013599647227613122,0.0007471748438340186,0.0004710639395947839
589583482,2.9027197928253162e-05,4.482339854088977e-07,7.543361805829409e-05,1.7576956746137574e-06,3.789757805759623e-06,0.9996572230845985,6.7729777497753586e-06,0.00019856863977046795,2.697879442899299e-05
589584716,0.0003242232990397024,3.8057302620769446e-06,0.0001011643201775079,1.020123743616621e-05,1.335890406221381e-05,0.9987454016566714,5.289856774761988e-05,0.0006757044708517411,7.324181375148862e-05
589585690,2.809421566912798e-06,2.544314361281103e-08,6.1606463698770915e-06,7.287765824089638e-08,3.1285450290010853e-07,0.9999857662001623,1.8122195949012348e-07,3.1325390424881197e-06,1.538795594270876e-06
589586337,1.3864231709624682e-05,6.776053392992633e-07,0.00011106299691158574,1.885721685472117e-06,0.0001344642711956709,0.999685633930423,3.2931708072990384e-06,1.995959297107387e-05,2.915847895689565e-05
589587263,0.0002956685278816319,1.330555207582998e-06,4.1229697308319465e-05,4.37059838350856e-06,5.404984169411446e-06,0.9993350205201764,1.6196073562581494e-05,0.000250631311217528,5.014773209289367e-05
589588472,0.0005760869802642546,4.140498186025692e-05,0.006501474290300004,0.00021892833522341865,0.01161264475823408,0.9788188981087045,0.0002733962203976509,0.0010330991343825483,0.0009240671906333056
589589960,0.0002975028645179713,2.4773796607399897e-06,0.00018224383857104676,5.855335662216198e-06,2.1651022076973628e-05,0.9992252185312174,1.554614636696003e-05,0.00010908479449313067,0.00014042008743376497
589590560,0.022290291442453626,0.0007886841419765865,0.037842543693867095,0.0021240140785250467,0.005441158015886837,0.7370371847954442,0.005298029193346609,0.1824872210318031,0.006690873606696903
589592645,0.0011268020558126016,0.0004654460389598676,0.0013760320087674587,0.0006411713570843308,0.00030337343139687006,5.454707889339217e-33,0.003215581413367484,0.9910270549825485,0.0018445387120626876
589595488,0.03343570209012266,0.009380612430344167,0.10355015391495173,0.020216717322640614,0.017495828637358317,0.06079795723330056,0.45592828248857964,0.25691884915574625,0.04227589672695606
589595509,0.019765836146147756,0.05362262282792222,0.0130382733932683,0.0979086595962102,0.016909820017979322,6.777868911182276e-12,0.085323950888444,0.6231848795905922,0.09024595753265811
589602405,9.665358699390255e-05,1.4895365142628856e-06,0.0001362185687714554,4.507654880181121e-06,5.9307666349541605e-06,0.9994488731999006,1.2890568194750829e-05,0.00021318640042770087,8.02497176823139e-05
589602766,0.8386256841184018,0.007642832380110981,0.0016582818917640486,0.0011951384691778091,0.001159869163506248,3.6117007652522655e-33,0.004840094424007408,0.13991027222946514,0.0049678273235665175
589603220,0.002397806337831353,0.00018596434287794836,0.003651198233133989,0.0017673814359193724,0.0024938149631246005,0.9803976089462381,0.0004914763312469784,0.005771336509492374,0.002843412900135319
589603540,0.17853398792945027,0.0020784253862325144,0.0038662739031537726,0.0020865780303638624,0.0011918644835303281,0.5430348442574405,0.038293916078677916,0.22154961315719063,0.009364496773960175
589604163,0.14282266759992684,0.0021648993751530394,0.004763926469499001,0.002496698671199793,0.0011588603047695714,0.024626631632502068,0.03303729142493124,0.7797220125210588,0.009207012000959625
589605780,0.3503051713990507,0.0019997789094452676,0.06499423025133258,0.01284654897095329,0.004039025377495131,0.052167525099250114,0.022953452080756255,0.4712217094723955,0.019472558439321375
589605823,0.01678103315573122,0.008607049053680706,0.03809456117822543,0.5571562270425842,0.03354615626358965,1.2585343786338912e-23,0.04545127636314959,0.11462632401964017,0.18573737292339904
589606661,1.3555797618108775e-05,3.6190136612882215e-08,6.2024109299309835e-06,1.254720739616461e-07,2.0770385370216587e-07,0.999976827612817,2.4645334180611563e-07,1.2078115831022387e-06,1.5905476456322692e-06
589608416,0.008549028548431616,0.0015854216991620432,0.011337511193142838,0.006626789899008308,0.001537651374660343,4.551268428373262e-40,0.06954959605806144,0.8913319818185241,0.009482019409009234
589611604,0.011881916035004155,0.0005514229101699905,0.0019524329237863701,0.0009495122441522506,0.0003646599512441652,4.959620856532014e-34,0.0116374446359404,0.9701519186831284,0.002510692616574368
589613063,0.0007929133003242519,2.7387353351048908e-05,0.005946986222957691,0.0001849384214082451,0.0013149916108054765,0.9873113627944893,0.0001576089013594539,0.0028258073388719644,0.0014380040564324905
589613683,0.16435366713750224,0.0006277260013864761,0.002969856386445436,0.0014183883928217578,0.0007148966427336154,0.7175297311529771,0.008143532407299295,0.10008824087547856,0.004153961003355423
589617107,0.004273307043313055,0.0006480155113231265,0.010517116942054103,0.0033711959208057975,0.0005730161472190937,1.1009420166568873e-25,0.012409468243678407,0.9632059434552728,0.0050019367363335464
589618208,0.0016728284251821403,1.0853936083975903e-05,0.00024290356342339232,3.261992962448773e-05,1.2339353847743093e-05,0.9926355665672958,0.0001336555594002553,0.00505682755472313,0.00020240511041911792
589620671,0.005800174696559101,0.002878265776058602,0.011673765142911033,0.010781416249047004,0.003072363636332418,0.021900834822422336,0.015658825123634156,0.8786262787135918,0.04960807583944353
589620870,0.0202907052959879,0.00036522241024152414,0.0014748692535825573,0.0008956525937526306,0.00043173385421156027,0.92587743413687,0.0025315581507105466,0.03838309226635436,0.00974973203828904
589620994,0.0009357616348117567,3.227292680637461e-06,0.0003901078814324755,1.1144466691645356e-05,8.474327641636377e-05,0.9983046743099189,2.084299026756922e-05,6.563575331358269e-05,0.00018386239446716444
589621600,0.27082756175643685,0.0019358493771935328,0.02875131481004876,0.00576293449650284,0.007905696458071,0.5040915629468625,0.009844340291992248,0.11158879933798745,0.05929194052490466
589621801,0.0012020276994547739,0.00010223841796533337,0.007886860591569364,0.0008881531497567518,0.0010379018013889484,0.9697300941873257,0.0008501201170533212,0.01589854803653045,0.0024040559989553455
589621949,0.00017591430684556404,5.191034333893e-07,6.88479334763864e-05,1.875320787918168e-06,4.77018535287008e-06,0.9997095015472036,3.1575434662443713e-06,1.1388526859251222e-05,2.4025532574738143e-05
589622522,0.005957081128314108,0.00023656625844496246,0.010764920370202389,0.0030259818505750705,0.0012709836469485959,0.8874275263599598,0.0047342152803129325,0.07587423457763079,0.010708490527611348
589626768,0.13473322811034344,0.0007552397414804123,0.017013902114457198,0.0018896839929566545,0.00245458223608362,0.7994585875610591,0.0037815600676418095,0.031560864801088676,0.008352351374888947
589626847,0.003254928379809384,8.651702712359541e-06,0.00012819276604237993,1.5510196672241e-05,2.126291852648727e-05,0.9961149164316903,4.22033558414937e-05,0.00023474744437591665,0.00017958680432938234
589628335,0.06310364988002622,0.001618539041039923,0.009870672886435703,0.0037190527560616326,0.0017279690973152038,0.26132185787223594,0.034982207767328584,0.6060166533242933,0.01763939737526351
589628489,0.8212296900087809,0.0005355125754063097,0.0009017544928313425,0.000691650884741705,0.0003505039932554084,0.16364344640578998,0.0008544394881390388,0.007654426993183932,0.004138575157871465
589628550,0.09239444370264589,0.0027964148323154927,0.1427311146868072,0.02592975110723176,0.003201784615902259,3.1805907516638484e-14,0.03443279940832002,0.556640671331132,0.14187302031561358
589628608,0.002344780351565109,3.6753420208889744e-05,0.0017674924252576146,0.0001719178579794044,0.00024413125342052344,0.9805997630908347,0.0003527546115442594,0.013885417832909247,0.0005969891562801024
589628986,0.19662858804994549,0.00036075247598470146,0.0005746896318689321,0.00022814507777937655,0.00017353371384314493,0.787682777338351,0.0011791251210204513,0.011463128130181608,0.001709260461025003
589630160,0.027354021012486608,0.00017372799183082503,0.02589200934555541,0.000941895977813308,0.004625369515650331,0.9108600676456475,0.0014371537842747099,0.004461806481898566,0.02425394824484272
589633556,0.04322902626066269,0.0004060919242999065,0.007253428383327855,0.0006493382753240216,0.0009222504507535055,0.9286904100253102,0.0005176196957354711,0.009148203822964659,0.009183631161621847
589634160,0.0007647617968608864,7.976445129673995e-05,0.004377122352283989,0.0001636674804238904,0.0010658179545506377,0.9897934551726708,0.00048001230893262675,0.002242012656967039,0.0010333858260132343
589635357,0.0035158270255967834,2.3259382224254545e-05,0.00519394971776751,0.0001183054235923403,0.00015295319478393702,0.9876127596119388,0.00029129966828906435,0.0025722132987292252,0.0005194326770778681
589637307,0.18221127339285415,0.00036872564995791115,0.0024659610314711985,0.001032140219654985,0.0008465265487794772,0.8065473231061187,0.0005059089895460573,0.003708071441080727,0.0023140696205369805
589638826,0.18547239657450754,0.0018213277370176628,0.19717984242991973,0.0241816438309839,0.014627299251622043,0.13293465710674213,0.09697553478640673,0.02570282698485251,0.3211044712979477
589639462,5.4482043432436986e-05,2.7581129846063036e-07,7.283293189338238e-05,1.1720236703153862e-06,1.0801664162818195e-06,0.9998227328698768,2.3407522357923262e-06,1.984559932121174e-05,2.5237801855211986e-05
589639744,0.37415124400722555,0.0019507024486341035,0.004160387762288653,0.0027269090451367706,0.0012418977556436731,0.07648618180807151,0.03336894820110358,0.4705378458233433,0.03537588314855282
589641076,6.852253937577112e-05,8.133554892880568e-07,2.799063229076549e-05,7.82716181928604e-06,1.0892539474649047e-05,0.9998013617603496,3.5597538347254077e-06,5.393790076483842e-05,2.509435660111578e-05
589642050,0.0026250272279129882,2.533535322350413e-05,0.0005927104871722662,3.3786471418493575e-05,2.191210031690498e-05,0.9895050673737444,0.00012863862037849888,0.006097242937159397,0.0009702794286735401
589642482,0.0011523031393712315,9.607424451089187e-05,0.0015275559871396275,0.0004057926610089532,0.004195851973692241,0.98786271776171,0.00017438508655811868,0.003671002879985577,0.0009143162660233857
589643196,0.1182399720419273,0.00016140034333030567,0.00045914397610943294,0.00023616954895512498,0.00013200569503094331,0.8711114683606175,0.00014372252694123383,0.008319889619718187,0.0011962278873700858
589644881,0.0002906197779589689,2.939460676103379e-06,4.454234185924706e-05,6.547107679847605e-06,4.719735858204906e-06,0.9982961583329196,4.9380446874201277e-05,0.0011115182744701486,0.00019357452170361988
589645040,0.002199527664511514,7.702401076273913e-06,0.0002584263770965812,2.4321151837202875e-05,1.9031041560223512e-05,0.9946386979345487,0.0003100425427933323,0.0019396427372175562,0.0006026081493585723
589645063,0.09897300833390447,0.3116417944974949,0.014706623781213846,0.015610539126482878,0.03754602133252491,1.1348052301796422e-36,0.01607999639682206,0.4863651986514165,0.019076817880140533
589645210,0.1506032708951196,0.005963256001944663,0.0030982379476707594,0.0020991699852374863,0.0017767539193996689,3.623424710695188e-16,0.007097397722003506,0.8214931363772978,0.007868777151326107
589645235,0.0002372675111559568,7.434008442341548e-07,4.824249715479729e-06,9.252149834010657e-07,6.024606893866671e-07,0.9996452348248506,4.04229780877453e-06,9.90198640434347e-05,7.340175908995184e-06
589645264,0.00012228648689042044,4.4437645707396723e-07,6.92391281392857e-06,7.529104211155155e-07,6.518691330696047e-07,0.9997339341373793,4.0183960979722465e-06,0.00011295120367594346,1.8036707131210867e-05
589645363,0.00045965941084912177,1.4959040737420366e-05,0.002197455053811299,5.454268622734101e-05,0.00021395951727194604,0.990047432605445,0.00011822493389411268,0.0003916448008776408,0.0065021219508861975
589645466,0.005729325701958548,0.9032952614421117,0.006152893064407647,0.006275686830042144,0.016222379680586548,7.019349378279939e-21,0.006246884446963747,0.021497152709536962,0.03458041612439267
589646466,0.006293135430485939,0.7385213391400487,0.0069364444131492465,0.01040713289316789,0.024171130230470107,1.2695744562794714e-36,0.027930066363796392,0.17617584113926127,0.009564910389620465
589646632,0.0060100472330611105,0.8540098824452163,0.0050490513560180915,0.012102189992796223,0.010550436333607983,4.692520810498203e-42,0.025552795828670687,0.07483933623735099,0.011886260573278818
589646688,0.003934995895559979,0.7852629868274686,0.003693625750823791,0.011076000733668857,0.011633836529045372,6.272276143308151e-42,0.022959743056412144,0.1492419054421507,0.012196905764870631
589646797,0.0025773663036335716,0.9287546873557961,0.003091156845323182,0.008291174747908178,0.008891637447757153,1.0979658272018768e-32,0.008051234743376243,0.032062780129525334,0.008279962426680179
589646862,0.00594430048138648,0.8633990948097308,0.005681483550247448,0.015015531575662341,0.010064509277115974,1.2171955472508294e-30,0.020075467134338047,0.06440560572142717,0.01541400745009176
589648314,0.00041086966624127137,0.00041504352585501007,0.006263039933128568,0.00039394499856002977,0.0021135988844315293,0.9790163264872117,0.0013593666098412158,0.004420154187803114,0.005607655706927556
589649551,0.01748035126640892,0.8427514325584099,0.0053831842216566,0.006709499300675719,0.008005266347213406,7.581304986432598e-41,0.012692295136813265,0.09456626707297404,0.012411704095848061
589649953,0.0001540689505809452,5.262193082183035e-07,5.3690069181284734e-05,1.8717163585228337e-06,2.271020431789174e-06,0.9996495501341025,4.771068789760724e-06,0.00011203518062169622,2.1215640625411296e-05
589650138,0.0239110194049132,0.001136840470523435,0.010850076423692097,0.009450835578542819,0.0021400828328173908,8.180071088599287e-28,0.06001581731348784,0.8655763617932998,0.02691896618272347
589650780,0.8821219100574051,0.00770201210103164,0.003481402199126407,0.0023038115200336106,0.0016620721739982482,1.864751910444967e-25,0.009939205198104949,0.08628568672249294,0.006503900027807011
589652247,0.0017055041632784197,0.00016916583375490278,0.0006582388754744118,0.0005995798243965905,0.00011757783197567481,8.044363854345656e-38,0.003371020160317381,0.9914503867508915,0.001928526559911167
589654014,0.015001451583900316,0.0016324773381771584,0.02285861513088632,0.022136317460117193,0.0034105029205324074,3.1550884130148158e-21,0.20132405177148804,0.40081521850049173,0.3328213652944068
589654034,0.03077472540841426,0.001586059936680144,0.3959511139931119,0.2753154517578106,0.02766903924505208,2.693820107543704e-16,0.04863065619460978,0.01716607356459527,0.20290687989972564
589654154,0.02191240402955753,0.6182939482578321,0.015328528436308362,0.008770565673935502,0.028465147291936804,9.926099007595595e-08,0.022572210860597453,0.24559790492899927,0.03905919125984285
589654176,0.0021246953682213555,0.5206980122455273,0.005101858543839884,0.10719456466132746,0.034220316572391926,2.787384439039443e-29,0.017576182924622492,0.27236373302504235,0.04072063665902735
589654183,0.0015516695355664392,0.1868970439037066,0.00423863638799982,0.3649826499596759,0.009749054279527197,1.4191384925486375e-34,0.007331479843594184,0.4088192321746115,0.016430233915318424
589654280,0.113807622883807,0.0010103119418091138,0.32053749406771365,0.00705042598537195,0.016534723674030177,0.386409837861784,0.019568379939479373,0.04369637180983131,0.0913848318361734
589654379,0.00013810106985689326,5.4897314870798e-07,3.6682483007030257e-06,2.1983949281055194e-06,7.088862880422946e-07,0.999787274183927,3.9312147658737744e-06,4.8347778478978075e-05,1.5221250305674452e-05
589654778,0.019808685445093385,0.0142228561273199,0.10359264354428552,0.12834663510754507,0.1681157674105282,0.2519310556110478,0.014887112471059543,0.0485664623994852,0.25052878188363537
589654997,0.018377853729454312,0.001908718337440479,0.15120490208551196,0.41451494378737586,0.008649838119715422,9.198997134929101e-16,0.016921250271674685,0.3267162157713377,0.061706277897488615
589655191,0.001417053876621911,6.9731260738687e-05,0.0010699042414605904,0.0002741089358419664,0.00012143087595005871,0.9776159041407031,0.0014742823526417612,0.015343599495421523,0.0026139848206205183
589655314,0.0019181444121339325,9.863192690243834e-06,0.0005381354298076254,3.0320095652170867e-05,4.240645874291035e-05,0.9946860977549884,8.271609934280399e-05,0.002034564443779178,0.0006577521128627491
589655401,0.0061768706089519124,6.227696143872663e-05,0.04990550144454588,0.00038860029781582914,0.0006752643436269925,0.9253463531807862,0.000769888411519216,0.003883240575785868,0.01279200417552941
589655420,0.003265668222991895,0.0001987730979556743,0.0852904918518725,0.0016635054911444396,0.029709281299845597,0.8542144991456254,0.0016285083927670909,0.011341284842472642,0.012687987655324673
589655704,6.97639828810859e-05,3.7629458316193496e-06,0.00039204503714432585,1.6428591917243416e-05,6.955959479081128e-06,0.998139158671697,5.259102459460503e-05,0.0007255074951042297,0.0005937862913507298
589655845,0.003283694728764109,0.755378475255269,0.0032929623850273836,0.04659607601901232,0.009625858521931978,9.614155037473058e-23,0.00574707673876143,0.13353042875626564,0.042545427594968085
589655876,0.005487088762882634,2.1379975111502476e-05,0.000672695628621466,5.537090675520881e-05,0.00010269651144713403,0.9923954560442985,5.2005294326689405e-05,0.0003049432933819753,0.0009083635831750158
589655913,0.004204767342194916,0.7536431834278248,0.009418965419039355,0.07302190125209582,0.03461433976220496,7.84359723466721e-20,0.013157004703083407,0.047155835929290534,0.06478400216426639
589656289,0.006469291525008342,0.8817498880630843,0.005119450302883604,0.011352039608613767,0.010628484323791315,4.178455926747013e-35,0.019023983283831723,0.051547407213723896,0.014109455679062965
589656347,0.012854155384327031,0.7997567620094119,0.0074701649273616845,0.01575363893018266,0.018065510534416147,5.21178142297508e-29,0.03007177584398882,0.10243155073833746,0.013596441631974354
589656594,0.009669094256350784,0.7923506525000947,0.016865295459175374,0.039850848490173944,0.02320833690957395,8.523697137143762e-32,0.020207863340252465,0.06697998767283142,0.030867921371547268
589656969,0.0024050372218144,0.0006446459389873583,0.005355454892460817,0.002215627879867119,0.00029954517561771657,8.09315605706199e-43,0.02026119210710878,0.9649848941785184,0.003833602605625386
589656997,0.0007784661460053744,3.652902005605524e-06,0.001686022098919822,2.350468905354321e-05,0.00016283960669046674,0.9968565746469753,2.7218175203942025e-05,0.00016750900880760055,0.00029421272633831043
589657024,0.0007431313260480872,1.819050218801312e-06,0.0005719249037527017,6.457469365996367e-06,2.2482533886099717e-05,0.9985010809525828,1.117540900699689e-05,4.264224909661424e-05,9.928610604181564e-05
589657428,0.004824890563698286,0.00021677294740265178,0.005606602357398882,0.0006368854018417756,0.0005053997379886901,0.9029574903033881,0.003372690281711336,0.07786962848340835,0.004009639923162111
589658507,0.010870940711679716,0.0018300439684742764,0.003703345968828263,0.003914956540118121,0.0004804462037182691,3.601860315575013e-08,0.019918431955577652,0.948145903491282,0.011135895141718422
589658589,0.00011847940051033104,1.046422060844607e-06,0.0002231878342605652,2.6937346787419945e-06,7.1564415088980675e-06,0.9994923639355878,6.6809080773185075e-06,0.00012266399812734018,2.572732518813613e-05
589658819,0.043155957841775346,0.0007868638990300141,0.0073875170215366645,0.0040940418459219745,0.0013774471218336419,0.002119799753208002,0.0072868140581854954,0.9184114961078954,0.015380062350613639
589659155,5.4977734989907734e-05,1.0783096586602884e-07,4.560378979085692e-06,1.8774280907779596e-07,2.5339048725797033e-07,0.9999277246444596,6.604966733003099e-07,7.1107675203602224e-06,4.4170131156185065e-06
589659326,0.001677579710929578,0.5819145595728783,0.0032292379422764195,0.1808373066534971,0.006525361438737104,3.900764720021279e-34,0.012338889125598468,0.1844270389277248,0.029050026628358212
589659508,0.002633277259524472,0.7882780118498078,0.0030453338195438875,0.01810937691859643,0.011032488864372044,7.703678656190282e-34,0.019315806974509568,0.12907141937392802,0.028514284939717673
589660168,0.6899134725001271,0.018916412405068108,0.00733806757481843,0.005491431993256018,0.0073503570664542415,1.069933512092175e-08,0.005099230466679774,0.2530129492600268,0.012878068034234394
589660415,0.0031179644778710097,0.8406332538641219,0.004348604646465725,0.08351328006785694,0.011657398945900012,8.269140903136841e-21,0.013219837671804615,0.019814193912923987,0.023695466413055734
589660452,0.00366900424680766,0.0005546952747484817,0.004845411392024069,0.005630028805177854,0.00042783815854950116,3.803646801194753e-35,0.00782007050082396,0.9635823211818668,0.013470630440001866
589660696,0.0037334474303948686,0.6725274062733612,0.006261306507640474,0.06645571476815532,0.021110578029605982,1.5418481306092594e-12,0.014908851440793852,0.12743735263905154,0.08756534290945486
589660762,0.041468168397525124,0.002959507406633313,0.01796439006739316,0.01844098414587885,0.004264201662250342,0.27865657008169287,0.14042043831417758,0.3795602830568746,0.11626545686757409
589661376,0.12693953493120613,0.013967961597015213,0.2832223772732977,0.25475655089371163,0.0857613079011167,6.036051417051654e-07,0.013247729382216102,0.05482105966828216,0.16728287474801262
589662414,0.01684040797225218,0.001984892256928855,0.05234345056400817,0.04165816459677402,0.003623343568713696,6.13045364248365e-26,0.014609144570894943,0.7991782428664275,0.06976235360400082
589662481,0.0011692785958288346,0.00025933743757147027,0.0007734508118837386,0.0008215092090019249,0.00011664655276395091,5.553215824592308e-32,0.0035468733653859297,0.9863921612466304,0.006920742780933764
589662575,0.003302112260326262,0.0006350554753952523,0.006188946841569785,0.004656093712226916,0.0003590436191319023,1.2597164175996025e-38,0.014724662516857657,0.9411125512790453,0.029021534295446995
589662718,9.61883387392412e-06,4.253799311710869e-08,2.213121643611949e-06,1.326459111241013e-07,3.522650478405524e-07,0.9999860084545353,1.1642227127812725e-07,1.0737952615195453e-06,4.419234621156824e-07
589662935,0.008255136566751227,0.8126796192316078,0.010993775924032034,0.016077153368287765,0.02917833271144583,6.967027646056213e-25,0.01788639401785521,0.058514809859779214,0.04641477832024082
589664264,0.08851522929730359,0.00015164009630706029,0.0024489226417650856,0.0002981367654056683,0.00021262038984567875,0.8208432009074356,0.0021916435964372087,0.08122707922559187,0.004111527079908113
589664422,0.03600876914680003,0.00021552240860603814,0.015557882803591865,0.0012941882329919438,0.0008642776090188471,0.881267115675438,0.002727277728227362,0.05475108505625966,0.007313881339066191
589664612,0.031839948953943306,0.8594649695662829,0.01215423719943209,0.0064252408771101974,0.022716251650209244,3.113225477047614e-28,0.024010060752288127,0.024132850940029815,0.019256440060704434
589664785,0.0019344888409196625,0.6847745796544025,0.004938822312820815,0.14386190386208728,0.012217704310204016,1.2211246322056766e-39,0.016989764746454566,0.1157104711603411,0.019572265112770194
589665151,0.00945941587195669,0.0004017173412071967,0.8116796808086877,0.0021990931774257213,0.03290500224270685,0.10864707441065832,0.0017121218161010462,0.015299147064297584,0.01769674726695905
589665712,0.2294824251094214,0.0010114880873422314,0.26036014071734387,0.0038579639150682896,0.05765612405017791,0.4003427236310997,0.004405470416832252,0.005493189531303871,0.03739047454141045
589665871,3.185407296150537e-05,1.1806270611507364e-07,5.008518141182012e-05,4.077605060541848e-07,1.951452098914139e-06,0.9998872153171584,9.44854732551293e-07,1.978541095007146e-05,7.637887474517425e-06
589665881,0.02120593953305155,0.0019125340907093376,0.016990772398161554,0.004450430182455281,0.0012306639233816165,0.17702937233025698,0.010603290058151462,0.7552867623438508,0.011290235139981335
589665931,0.002411466867187109,7.326979538739796e-05,0.00847016485480583,0.0018874096812298152,0.0010273015154371966,0.9549266741750267,0.0003186451006469278,0.018305495391577633,0.012579572618701518
589666035,1.5088367986617534e-05,5.177190245180843e-07,0.0009051520916579456,2.5948935560417603e-06,1.4731128522691572e-05,0.9990133471613104,3.254648062823822e-06,3.0113259524342207e-05,1.5200730354658537e-05
589666037,0.01453063830868995,0.0006220086807578834,0.5056860468880188,0.0032196594946183495,0.004770027184600072,0.27963066138034154,0.00867202477916197,0.07695495185735736,0.10591398142645421
589666050,0.039248711366465586,0.0015300508265951936,0.019784314107421107,0.002322626552411042,0.0021900119665049793,0.6630965826028066,0.005886276526100705,0.11372890238337792,0.15221252366831692
589667016,0.01917168334061028,0.006645865538656098,0.02005528943857018,0.008929696619598564,0.0023718495650477214,3.319908639175959e-05,0.06558677246472275,0.7837409611874826,0.0934646827589202
589667061,0.07002412420108042,0.0008254851083052972,0.0059137687261877694,0.0016520152872865925,0.0010357294392784613,0.6921032185931467,0.002707356080409512,0.221168462602515,0.0045698399617902525
589667121,0.10988939123894689,0.0008469517458876738,0.008466556847326903,0.0038934725010039972,0.0011179587972725885,0.5006609759585836,0.008310653534829586,0.22203537076414293,0.1447786686120059
589667280,0.047816993619523365,0.0012723950944307828,0.039258154656886736,0.041939697588763473,0.0018894423878417087,0.5673485300540781,0.006102261384428879,0.15590066777789888,0.13847185743614795
589668178,0.02524192854791696,0.00040441387526899406,0.029829032887951586,0.0013069312224268388,0.008215134852424262,0.7566278390665871,0.004518343114791235,0.030687322315742328,0.1431690541168906
589669967,0.009504124732544314,8.31254686624201e-06,8.174820937396939e-05,1.9914048157151965e-05,1.4862574980346058e-05,0.9897935802219102,3.028162655462283e-05,0.00031175067703536236,0.000235425362577873
589670413,0.027726891302743206,0.0011723426126823081,0.1712120668704737,0.008695136402971213,0.007324903285847194,0.36159941779469423,0.010943941433033613,0.2446332714377808,0.1666920288597738
589670559,0.3179116602942996,0.004757328129802479,0.013729006225549938,0.009242074893141798,0.0074919254762449965,0.15004945503071324,0.032923698288464094,0.3559961925323055,0.10789865912947827
589671370,0.020261987288587083,2.7903319550087346e-05,0.00033740020310749286,4.008678962913693e-05,5.3119777921424866e-05,0.9785075489849147,6.0578414096554994e-05,0.00025741788356011864,0.0004539573386334817
589672410,0.0062027447832443145,0.0008631588946265724,0.002979944615877576,0.0018338628697753229,0.0004164632603190019,1.7749948123216122e-26,0.02187227706364164,0.9584179805339664,0.007413567978549121
589672725,7.8989661776071e-05,1.492187679489076e-06,5.442482687981789e-05,3.462645395071273e-06,3.5719166692333778e-06,0.9995242032602742,8.217627231358433e-06,0.00024365033835656622,8.198753573814616e-05
589673081,0.0031641437250445326,0.7418322942594269,0.005375750828390709,0.08914644081953539,0.020011965892516935,4.1761200121742984e-23,0.013279849479058695,0.04383271113080776,0.08335684386521909
589673223,0.006883190774306633,0.8343439181888067,0.005770278311718624,0.009265027501196451,0.014074437427772965,3.14344894707964e-20,0.005504928231618964,0.09410330475438486,0.030054914810194882
589673447,0.007067576704623195,0.6721173781840377,0.009660807847692136,0.07819769469137722,0.0337496936637176,4.9826394135091875e-14,0.01190877136648764,0.10211083139525037,0.0851872461467643
589673567,0.0013856696290124788,0.6048879870563686,0.0031059623892829907,0.011669198165641114,0.015360948034195568,9.7002410506322e-41,0.006634449058282854,0.34252467134939824,0.01443111431781811
589673733,0.001109234290519224,0.8139625835080937,0.0024452217553001293,0.08969299137549719,0.006746242455792339,7.28981281904616e-46,0.007209425219840064,0.06669440113200284,0.012139900262954462
589674007,0.6506467564186348,0.04260529082485477,0.004893159839458671,0.00376802045875223,0.003809819911670878,1.8209514130206793e-33,0.009677967929776715,0.2746052609512677,0.009993723665584183
589675810,1.4603901151266996e-05,3.5153775368660465e-08,4.8252126000708415e-06,9.152611679322479e-08,3.400552740452468e-07,0.9999782465348328,1.896845175876734e-07,7.629174092106764e-07,9.050143228413631e-07
589676011,0.004412355044783448,0.00408813326282806,0.08992801503201911,0.420548857428524,0.32960080548312903,6.296795746443901e-23,0.01745548095565861,0.028345832673964937,0.10562052011909281
589676630,0.001308098525010882,0.00019922821531526271,0.00042013582310007245,0.000531803594167044,7.11721971943179e-05,2.1991493641796312e-39,0.002301208703760805,0.9911719581328633,0.0039963948085882
589676857,0.004686405697162713,0.0006557850583388295,0.0018379130224206106,0.00260077398680164,0.00039851134788795254,7.27724453943625e-39,0.0038278001276661673,0.978342985327911,0.007649825431811118
589676979,0.010092160012139018,0.0006989017257416566,0.007920596492470604,0.002989882009063645,0.00047371089162454147,3.106786359684836e-14,0.00846344068508004,0.9570108038265246,0.012350504357324942
589679195,0.01300477965701136,0.9094326799348001,0.006407633545877008,0.006148564117162575,0.017442718512335142,5.92044722596707e-24,0.014929772035166466,0.014379279391955482,0.018254572805691906
589679886,0.008197282538220352,0.0007981260215962803,0.006255577570708442,0.003045125722445378,0.0005105484038848266,8.630350332513831e-23,0.005962878686943519,0.9651820797808937,0.010048381275307428
589679904,0.08947205695412377,0.0016113478817460104,0.0025542311792758265,0.0014872977195650578,0.0008413061753309095,7.355350496484751e-30,0.0077852771206755825,0.8907639481495261,0.005484534819756595
589680591,0.0015115549316906576,0.00015997768987775071,0.0007438803416470899,0.00044925740171755153,7.470342601233292e-05,7.366212265414064e-35,0.002156826235096201,0.9930747145514364,0.00182908542252209
589681462,0.05209088183013898,0.0011976598965588836,0.002727878955743667,0.0014792715938582808,0.00044812673475798457,3.478611471497661e-17,0.003725132160861217,0.932532713258745,0.0057983355693358996
589682555,0.004323580670738239,0.02187927811625772,0.015916407339812505,0.5187971213579122,0.05075806928532946,4.322964864588886e-11,0.020776388919475735,0.14783586184417438,0.21971329242307008
589682867,0.0002853854631989692,3.374033584658276e-06,2.579471923005882e-05,5.539073482312107e-06,9.073687315478225e-06,0.9995167647744445,4.211288149760057e-06,0.00010402685225815975,4.583010833608199e-05
589684413,9.731258592513822e-05,2.2604642903554757e-07,8.905573318389938e-05,7.619421054349572e-07,1.7878224746402807e-06,0.9997842338117765,1.546477014035315e-06,8.766799555626128e-06,1.630878153555542e-05
589684827,0.016991767808846654,4.033297842688665e-06,3.9967533205446496e-05,9.476210017431613e-06,8.796573304345524e-06,0.9822535077102469,1.3151582155859169e-05,0.0006086393485449636,7.065993583592626e-05
589684864,0.006192376519712143,7.216686884851795e-05,0.001822587785984979,0.0003138839655621962,0.0001658582566962301,0.9761649295696978,0.00105150835738468,0.008811042104697606,0.0054056465714157126
589685081,0.01929783658757387,0.9141303728052748,0.006760175991179002,0.004563921929829074,0.017618882353114828,1.0836770929809168e-09,0.004516571815496003,0.00893668408725527,0.024175553346599966
589685100,0.0009711466315558042,0.9083995149138182,0.0013003213174410748,0.013103735316165368,0.002944435993303242,1.484003520051201e-43,0.004547472406482988,0.05506144975636066,0.013671923664872684
589685160,0.0010948215650620626,0.939187521019023,0.0010877725424650786,0.0031261875085973967,0.001471720494407916,1.8727304042526057e-33,0.0033526045460813233,0.04164359375949352,0.009035778564869658
589688360,0.019110742583086024,0.0013872979443841297,0.13857499112683982,0.32423911015444207,0.00330763696660661,2.731979017135851e-06,0.06345598432552607,0.031035359093121745,0.4188861458269765
589688604,0.02281949326122217,0.0018797487455096472,0.00029894579459297974,0.0002947029071381082,9.9089605373705e-05,5.667989968330476e-50,0.0010167888316387006,0.9713200675330022,0.002271163321522635
589688616,0.0011927193510946079,4.3342916699706926e-05,8.918337181791943e-05,5.411641552038989e-05,1.826402762382542e-05,1.5807727786405982e-40,0.0003952669493278925,0.9974529296761674,0.0007541772917483121
589688722,0.8382311315151636,0.0006606520780289574,0.00022132627324828298,0.0002306802362344646,0.00011470754507215406,2.5603648958363193e-47,0.0010943245364646555,0.15549671736610177,0.003950460449685963
589688801,0.0007622736824976126,0.0002273004305780722,0.00016286870769362927,0.00014934987998334616,4.197102820650255e-05,1.6861460901906258e-48,0.0021218688279592357,0.9956006616690448,0.0009337057740369132
589689732,0.010780025758575626,0.00017972929544589981,0.024768457644275828,0.001157984919832084,0.006031489173032093,0.9005322140873627,0.002597774785561573,0.002922979025355916,0.05102934531055829
589689931,0.0003581392609981774,4.318594084715224e-07,8.35995919132489e-06,1.2261562286015374e-06,1.6828085437419098e-06,0.9996115706811745,9.11095317144834e-07,7.95255546872601e-06,9.725623669345764e-06
589690006,0.0003297328352434064,8.8512991512017e-07,0.00016850735783113867,2.9501252067404924e-06,1.1634502918273657e-05,0.9992793373725387,1.2967308575757863e-05,0.00010655530818039589,8.74300595903662e-05
589690188,0.06825472645023224,0.0003929892818545335,0.10458125379862548,0.009511316453967699,0.005480733367466207,0.6466278510979043,0.0036072395655114137,0.01285070859226182,0.1486931813921763
589690306,0.030708153452941655,0.000280861661652014,0.0032012519781967675,0.0012398218283835138,0.0004470269873351047,0.8926985918494947,0.009950546854730324,0.05305713785279982,0.008416607534465968
589690787,0.004417261374367931,1.0328654516601152e-05,0.001490984483033462,8.520280920249573e-05,0.00016407897815689862,0.992619957652845,5.50207542588855e-05,0.00013183975971086602,0.0010253255339078959
589693943,0.2952421844136361,0.0003545501397718649,0.011213475073817904,0.0022784749957778664,0.0006777207979966028,0.5659148083827582,0.006543501089906857,0.07293148251178791,0.04484380259454662
589694191,0.00446992399732504,0.0003074664436804332,0.0015125335985230169,0.0008036934816668144,0.00013145300305391125,2.3322572208715967e-38,0.003616909996128724,0.9827266495262125,0.006431369953409816
589694200,0.004698910690615805,0.0002967626559131981,0.004966213079295641,0.0030461654008865804,0.0002739402999606757,1.1339333136816972e-33,0.015633293074793456,0.9523326308114328,0.018752083987101893
589694392,0.08855272572320697,0.7108281819107385,0.0075894288731863605,0.00583844631315548,0.009283712555055116,4.474363722595852e-25,0.011955548066478581,0.15341215574839623,0.01253980080978295
589696112,0.49254563707016796,0.0019006572600404042,0.006835538953037986,0.007343281714106982,0.0013363899972800776,1.3121920817074922e-24,0.051819590995974905,0.3437524556706374,0.09446644833875424
589696361,0.0030276694511600748,4.054075036075994e-06,0.00011542132935428909,1.5976810116826616e-05,1.4919362680926196e-05,0.9965810174997471,6.917145577001188e-06,9.59861562375405e-05,0.0001380381700901419
589696723,0.0018259040603004002,0.011012008878638338,0.028597354672381375,0.6707910846087355,0.02031570781832629,3.6828012484268033e-41,0.01345397731827801,0.19269034612950597,0.06131361651383409
589697175,0.04729773168976062,0.0012263830779034538,0.04402495571993391,0.20797634707541207,0.0016024693986829014,8.726534209818965e-46,0.053559398926565305,0.5823992017060333,0.06191351240570846
589697302,0.00456137568358443,0.0018397560836910225,0.05324850956988959,0.6399461399717777,0.005933846740442488,0.010008444209942275,0.012196077192541859,0.08561018356398359,0.1866556669841471
589697529,0.03336133446214953,0.0018611660851154937,0.0970970690261487,0.2375054453177743,0.0023808331649404425,6.764994026114275e-28,0.06231269491486517,0.4419740164398679,0.1235074405891385
589697812,0.004288844187079003,0.013799706028372615,0.47797431811909297,0.19425779672634108,0.0037564916569564435,8.208581646350871e-42,0.027432097661321812,0.18090580123389038,0.09758494438694576
589697922,0.020833954195770228,2.7554852025781228e-05,0.00023109516613635035,6.904412570299558e-05,3.063304906607721e-05,0.9768458325548274,6.295359577851413e-05,0.0008519619652884554,0.0010469704954041855
589700941,0.03413211996000172,0.0003534476391743709,0.05817159425753195,0.0030943651539204623,0.01522850052972306,0.8165786644754748,0.007975269413086072,0.04183216068249442,0.022633877888593217
589701301,0.023480955456818445,0.0010348921742085106,0.020376238993767424,0.005701718684115613,0.002870065287052575,0.6986872409953744,0.029854136965715577,0.13285252057013186,0.08514223087281562
589701406,0.005241927981047585,0.011231234195299512,0.005555365958181829,0.5398171520142403,0.0033580205202529438,1.2105395151164863e-25,0.2095702072569657,0.09040177502799251,0.13482431704601963
589701442,0.09219180989990435,0.0013047258960321975,0.12097305392427696,0.006196292635689514,0.004202213795510684,0.10939324832773019,0.1941945630990969,0.4046255012580004,0.06691859116375887
589704957,0.0008757764176827766,0.001696173785509357,0.0008038648626889352,0.5242741541983622,0.0005401785463409641,8.204010212490851e-19,0.0028644244087813546,0.423156120804991,0.04578930697564336
589705018,0.007301069550349151,0.001576563933886532,0.02731034972390719,0.056036584383731394,0.0007441575550248807,8.09334989920689e-46,0.1667314867338588,0.6944903353500443,0.045809452769197796
589705042,0.6081834404995142,0.0009156581634638969,0.0008574765266775189,0.00045531755122028047,0.0002541868691410694,5.82886131051798e-43,0.0019472540311929391,0.3846056081991335,0.0027810581596565973
589705510,0.17193232521888607,0.0008739731166403549,0.0071194041501549885,0.00434606465930137,0.0011839146579879045,0.007637703015157951,0.01995264479012491,0.5289950011634852,0.2579589692282614
589705898,0.05547613582417945,0.0003824992502302439,0.007372885794272023,0.003242547928226857,0.0002531359017396498,8.490007678373637e-10,0.12466933379928627,0.7713140649849942,0.03728939566807051
589706024,0.022460793588857133,9.834458881878055e-05,0.0009077941292106626,0.00023004350976916932,0.00015454245534104972,0.7836553357537606,0.0026550644222713866,0.18862014177649147,0.00121793977547969
589706264,0.0007267175536604022,6.39837645670699e-07,2.8064637458690815e-06,1.3550398599358672e-06,6.719916237967557e-07,0.9991856321193249,9.409460740100615e-07,4.189965857324549e-05,3.93363894922295e-05
589706502,0.00028474760176368995,9.347800337040716e-06,0.0005527364702260883,4.4851456569297426e-05,1.2589836244443774e-05,0.9963747046340427,8.9208734731395e-05,0.0012278740969620056,0.0014039393691234092
589706644,0.0018097027873598078,3.15205814840673e-06,0.0002711901504410641,1.4179634506506097e-05,1.6008563023383286e-05,0.9974430213494573,2.053027383164001e-05,0.00012204513308906948,0.000300170050142708
589706707,0.03980391711635796,0.000448551194512519,0.0011152196789708999,0.00030686485697477576,0.00016809324389850398,0.8838541704527092,0.03137394678627993,0.04103295101125937,0.0018962856590368058
589707916,0.004035523638580798,0.8816474162006367,0.0017389697281502154,0.01848082213671472,0.005942267021149748,3.354308161298549e-25,0.004315030036924276,0.06861373164276628,0.015226239595077403
589708408,0.000129735628731471,1.472570324061887e-06,1.2431721273610174e-05,7.948782364781798e-07,2.030580495174649e-06,0.9997296390063743,1.9426071778847737e-06,4.4253981732547495e-05,7.769902565442311e-05
589708651,0.07137705682656052,4.6477061550568694e-05,0.0003019965571883701,5.325281367110456e-05,5.7588432849241386e-05,0.9258981269457542,0.0001958498730161555,0.001777031362592526,0.00029262012681725066
589708749,0.0346244120500482,0.0029876946111378885,0.04365330518210983,0.007346529801911926,0.003710402136482347,0.240246744960556,0.21744839327020182,0.3883503156882662,0.06163220229928569
589709256,0.00022517995695745284,0.00032577558884687354,0.0078608821403938,0.9766843144475432,0.0009218715721711682,8.711245323606918e-46,0.0026785983874724967,0.004161145961612956,0.007142231945002066
589709407,0.0015142611875819947,0.0029088278132260925,0.007805515158077048,0.8743528382975934,0.007597726223434862,4.456770239960895e-42,0.015198395650559688,0.07029956373246787,0.020322871937059284
589709560,0.1264651087235604,0.0012249116186405396,0.0007856872273232495,0.0005189778412623429,0.00023144896202943922,4.520265319388094e-43,0.0029055246425222455,0.8649229352253581,0.0029454057593035843
589709628,0.009681549463819139,0.002102533227684169,0.0005421822892863993,0.0009841187618748986,0.00029114611191846705,7.620319667736071e-31,0.001609568712385526,0.9792983996186848,0.005490501814346553
589711120,0.020174121327549147,0.012519322444735793,0.0012820830143999828,0.0014684025014106308,0.0007595973875060025,2.3943911594061566e-37,0.0061337970189159425,0.950534567366024,0.007128108939458357
589711142,0.009642965798436633,0.001413018591957019,0.0002789070448312593,0.0003422454612199654,0.0001957932467649623,7.15836853662318e-37,0.0012572938307766084,0.9851657192632939,0.0017040567627196342
589711313,0.7856026923935232,0.001102627356462151,0.00039073876620657227,0.00024428964513734634,0.00037368440802780777,2.5986326100743754e-44,0.00129463765391476,0.20774653394774814,0.0032447958289801015
589711439,0.3680992385036931,0.12424391926342551,0.0032221705626167426,0.0024384517666014164,0.0008924091559139874,3.9419351115137613e-35,0.02485716101529158,0.46669846226163747,0.009548187470820205
589711493,0.005037953419351773,0.00026399575534352156,0.00014985422855713193,0.00018244044882326674,3.87736896815063e-05,1.625451417965959e-37,0.0016009669503806528,0.9905010475809626,0.0022249679268995805
589711515,0.015651262970371983,0.00025518990370984726,0.0015586649544948677,0.0006293749252414352,0.00011877735146636215,5.928203862100343e-27,0.0020861269887206095,0.9749025838010112,0.0047980191049837185
589711963,0.0008752325575017138,0.0001781415280574436,0.002943125452171757,0.0011696697414550618,0.0002723748426115602,0.9778083600973307,0.003357777600903511,0.007372694563421959,0.006022623616546395
589712145,0.0031651971819744635,0.00016730829015419263,0.0014460943691203087,0.0003375965287454391,8.499364393098003e-05,2.0879406490219306e-29,0.0075670973764664085,0.9847072082155982,0.0025245043940100398
589712387,0.018343905104798497,0.00017863918868471864,0.00018461885562439637,0.00016617708970276344,7.676842502467514e-05,4.127809629041355e-39,0.0027935434164910906,0.9772143132439345,0.00104203467573949
589712456,0.00564466712620652,0.00037780483993330827,0.0024521074227576056,0.000561762504880776,0.000196878471035647,2.7372488976224934e-09,0.004137612195571636,0.9848557108101927,0.0017734538921730214
589712514,0.02479354754631897,0.0005137383790381497,0.0012488518775950017,0.0009125318632261575,0.00037609980948622704,8.567379556189084e-36,0.11193256182589109,0.8576586243820156,0.0025640443164288143
589714985,0.04379867262907982,0.00016046520492042066,0.014734468573559279,0.0014648553098013505,0.0004808771798067095,0.9045886753145999,0.005048947968905841,0.021745208595661637,0.007977829223664955
589715234,0.003838473232466141,0.0005726719310834992,0.0018867532696340012,0.002620955963929817,0.00015117445873562245,0.9620362333820195,0.0037753480758551403,0.013460776338611327,0.011657613347664898
589715303,0.011928432114367154,0.0006012020802168272,0.4904727712323186,0.06062294307884218,0.01971437925486132,0.1316779512244976,0.008891555440402984,0.01026691931299476,0.2658238462614987
589715632,8.999657944850738e-05,2.807797489700363e-06,0.0002018081703869698,2.0434152558124165e-05,7.713382175721088e-06,0.9990972035846879,6.902952105607924e-05,0.0001585486635464873,0.0003524581486506233
589717387,0.0038328022051511506,0.00031395543031655456,0.0001494989014675611,0.00022059680302940693,0.00010917018128670308,2.0182157128500465e-40,0.0006936570117814431,0.9937507979978101,0.0009295214691570925
589717441,0.000813460795739555,0.00011987198188815988,0.0004331448746892716,0.00034023572563657897,6.191531107325898e-05,1.1936541353969326e-43,0.001009793097762364,0.9947350975964173,0.0024864806167933604
589717612,0.0014287468501222673,0.0008315575959130933,0.0007931388775499244,0.0023001933630297823,0.00017722418622271652,9.394328191158036e-42,0.0026934190744419073,0.9803210169931061,0.011454703059614161
589717921,0.010807185550720856,0.001140616289579228,0.11066676551418145,0.03455339085601953,0.005179800655801259,2.0519031958338617e-26,0.5371959621563008,0.049289787404524256,0.2511664915728727
589719256,0.00021518437751678519,3.725131145542992e-06,5.525645763812616e-05,3.616745307863534e-06,1.329782738977217e-05,0.9995911875122298,1.7539120436848333e-05,8.699847642342524e-05,1.3194351911730186e-05
589719299,7.342015337394825e-05,8.948994942981113e-06,8.906049924919502e-05,2.472455940298185e-05,8.970806368665422e-06,0.9993779324665125,0.00017505400858999382,0.00010935749393960244,0.00013253101762003469
589719695,0.06270861417914711,0.8023432656900281,0.017950625815754663,0.003368993661467859,0.023759222590164785,4.445467046345875e-10,0.022910508092619943,0.052455281925984996,0.014503487600285716
589719855,0.001982000285280865,0.8882616151833567,0.002820842391143306,0.015185812793544728,0.01483109894952168,2.3140146490173754e-31,0.008773261848122275,0.01517102955400112,0.052974338995029305
589719875,0.0020657931820512866,0.9207933618950437,0.002608727655305021,0.006507531108355803,0.009012985263876927,7.926083407520626e-23,0.007884564671981512,0.014743956244047502,0.03638307997933831
589720121,0.01625590178284947,0.005029147883003533,0.004914034801695338,0.0018023216053565806,0.00067774300847223,0.23775833152955594,0.02436899526827349,0.6844002765016874,0.02479324761910599
589720220,0.002021078559774361,5.1214030607941984e-05,0.0003883623300253103,9.485997024580685e-05,7.554469290841831e-05,0.9791108467754042,0.0060466563488012146,0.011521038177140725,0.0006903991150921019
589720232,0.0026981725628420863,0.8944721214565428,0.006432220473334578,0.004302330670538477,0.023589163130720337,3.6288366465281306e-26,0.0072251455979946404,0.012762033133678777,0.04851881297434817
589720263,0.0016232074112257182,5.846412565931094e-06,0.0007303609501913226,2.4533604904223974e-05,3.246510253541877e-05,0.9965041372917186,6.822478302181742e-05,0.00031165487254730873,0.0006995695712894313
589720415,0.0013973209129055967,0.7012263725365017,0.0036699435775226935,0.16534818274510835,0.015099755043576973,4.706660282993962e-22,0.01672957669267731,0.016823938101221052,0.07970491039048633
589720507,0.001096379363346655,0.9599240144444623,0.0018838549095579163,0.00383002473447457,0.003900123921489923,1.220933054865261e-21,0.005600363587424337,0.007652813455482214,0.016112425583761955
589720532,0.003975713747111221,0.9575699696751384,0.0029670067000648866,0.0018277594151163827,0.004672625808933781,3.492356670531748e-18,0.005208210611535992,0.011114101389251663,0.01266461265284779
589720592,0.005183229082972212,0.10938392600145226,0.006439877332790334,0.42324811594187584,0.00400904789191815,2.8156284902693937e-06,0.022464848615148435,0.16440236858756072,0.2648657709177918
589720619,0.0014283191489463626,0.9651329862064462,0.0023214872303013133,0.002338734273801903,0.005907051183279019,2.6453341265376897e-23,0.003926275944987163,0.007746514319064102,0.011198631693173963
589721255,1.5216084089611943e-05,2.2915990679150304e-08,3.382445457232964e-06,4.641494584542195e-08,9.309454254104619e-08,0.9999737175994984,1.2363915622626373e-07,5.928806889700152e-06,1.4689994299056364e-06
589722187,2.0498763067096366e-05,6.404639204713144e-08,1.5134045516338067e-06,1.9195793998719024e-07,3.466530207766477e-07,0.9999708626190433,3.2068563163990346e-07,3.765746642069458e-06,2.4361237114281125e-06
589722624,0.0032564573745721983,0.0035320887476567634,0.02561988238715194,0.702144926152453,0.003321857217730743,1.3774554643073515e-26,0.04090630082277767,0.11669987233501293,0.10451861496264474
589722707,0.008063346092549656,0.0015201702037198736,0.017166607507135064,0.0437368382762074,0.0020358534684415527,1.0941495591190958e-30,0.3971013564558421,0.48538813867187774,0.04498768932422657
589724520,9.353094156719207e-05,1.1706584237617769e-07,7.69250470062313e-06,2.9661360334884443e-07,2.6654544415959065e-07,0.9998798807994052,5.081144834758192e-07,6.429215437173588e-06,1.1278199516399007e-05
589725904,0.005128119538825101,8.077003237008238e-05,0.0011205941631007045,0.00024694835540819114,9.703359714917161e-05,0.9836411576961497,0.0009762705154585371,0.0044382407440197525,0.004270865357518811
589726148,0.0002474664820701697,5.833995791493948e-07,0.00010984402108345754,5.615225998813233e-06,5.622620541718709e-06,0.9995232499501541,3.236555129854597e-06,1.957780478414769e-05,8.480394065858677e-05
589726215,0.037704201207510134,0.0007151895713312012,0.0010071747184401327,0.0006541342283110484,0.0002435459010046757,0.9285734868922756,0.013945419392447863,0.015033913714048103,0.0021229343746313493
589726486,0.01743983756895514,0.8442401218827573,0.012702689225707626,0.005627351985881502,0.08588734893432745,7.06346009928161e-07,0.009837244732717666,0.013262269136682025,0.011002430186961329
589726620,0.0019542357077465536,0.9733989903793571,0.0023983843181462367,0.0012958323810472222,0.005410015935710822,4.7779870766775336e-29,0.004924327269445866,0.006008233880752593,0.004609980127793708
589726946,0.002876348507763456,1.8441338504525485e-05,0.00024109599046109572,6.682531448942682e-05,8.41447978837439e-05,0.9951084074986358,0.00025209577876624965,0.0008859558687188705,0.00046668490477673767
589728262,0.00012419058506191148,5.045335950775732e-07,1.921757414760035e-05,1.2116942785150892e-06,1.0130088458567896e-06,0.999743213413385,3.540248522673545e-06,9.888187678801928e-06,9.72207544845953e-05
589728314,0.026260968912969536,0.0001147020267693827,0.06083132423171576,0.0014609410140387251,0.0014681957917768017,0.8664962965877135,0.00185023222082389,0.03723778540122656,0.004279553812965924
589728978,0.00015158129075294684,2.661273571450507e-07,9.753933490258909e-05,3.827036113124343e-06,9.967870282319368e-07,0.9996992543279045,1.505892630485949e-06,2.0468283703567503e-05,2.4560919607324195e-05
589729079,0.0016379321220851082,2.591163290031377e-06,2.4073846885922783e-05,6.3716175871131455e-06,5.506881143102671e-06,0.9980968937035538,6.383323774903412e-06,0.00013663196762716618,8.361537405278516e-05
589729207,0.1428293706225173,0.0023212684132974475,0.1395973899436682,0.017314781800380114,0.00660534648541506,0.005385352074047204,0.3314994607160458,0.25518260437075135,0.09926442557387764
589729216,3.0851313596388013e-05,5.2715972326015965e-08,1.0102476128244486e-05,1.9704222490093062e-07,4.02571439934297e-07,0.9999478278096452,2.795505813546755e-07,2.5640666419952978e-06,7.722453769649648e-06
589729255,0.01092395121433504,0.001828721726251078,0.024214128282435337,0.0766459523644406,0.002298050603485788,6.268880947031919e-27,0.30527982038803136,0.24943649935268702,0.3293728760683337
589729267,0.00010439836987366322,9.985739179343046e-08,1.2142422584453273e-05,4.1838644780311774e-07,3.5112372085779734e-07,0.9998611036182539,1.324266255167923e-06,8.077789113439518e-06,1.2084166358978071e-05
589729478,0.8482954762814867,0.0013326912942640526,0.002833238534781986,0.0007707846727191865,0.0010787615743881958,0.057785028785103366,0.003591632215032399,0.08013820233165805,0.00417418431056597
589729588,0.006965421811330412,0.004246585092841838,0.14500792769278434,0.29542080042164165,0.13443657084411975,0.16232550855689726,0.011164251975619783,0.01940678290896172,0.2210261506958032
589729893,0.9552628004379695,0.00039836155408888764,0.0013085985228282135,0.00028534982776324755,0.0003334602295078246,4.3750347816498215e-14,0.0008375582729793236,0.039713034102937125,0.0018608370518821463
589730251,0.2691993938423311,0.08995374160963962,0.002063685471286784,0.001566596558687185,0.002423405554161583,1.6224608961087737e-37,0.003734128919354992,0.6233917666856487,0.007667281358890113
589730431,0.8299973910125008,0.0008856676714385232,0.0005622981632181698,0.00032311515153502803,0.0003789184613467175,3.251988645924405e-16,0.0008830918229567024,0.16509864399888752,0.0018708737181161526
589730593,0.1556737746996406,7.626972863558517e-05,0.00024539572730433636,4.8634345359674305e-05,5.7056985352389537e-05,0.841840701780858,0.00026383945724569186,0.0015075384637870863,0.00028678881181661714
589731302,0.07399928751541304,0.0007317451539697995,0.013609438271868762,0.012191889253431634,0.0007878251579615386,1.5984842784542126e-20,0.007552335151812324,0.8251446489249286,0.06598283057061438
589732668,0.9869654286399863,0.0005805997837341258,0.00023302185918142095,0.00024326459359868017,9.257949447317483e-05,2.4770212359153986e-09,0.0004330507449210679,0.010370012273820502,0.0010820401332633368
589733071,0.029076149358822617,9.960722716014255e-05,0.00025986138530994835,0.00011723662997734798,7.41512216194122e-05,0.7538354198302203,0.0015303087438025057,0.2137768744249199,0.001230391178167764
589733106,6.193716432039019e-06,7.666539988524959e-08,1.9860242696985607e-06,1.5602555180960021e-07,1.764548654618564e-07,0.9999511479682098,3.249680760027406e-07,1.7044298604118643e-05,2.289387859126508e-05
589733262,0.04168380190708981,0.0007238564695911274,0.0030487311388362782,0.002063594933060651,0.0005619391836468798,3.758298479942177e-05,0.0021911797585857018,0.9377825730568983,0.01190674056749175
589733357,0.0009322277229313846,0.00010886214415287249,0.0005887293625042192,8.929646729168513e-05,6.0736518269974865e-05,0.9661347027699083,0.003967983748934576,0.027508468855417283,0.0006089924105896589
589733365,0.0001401412272740549,1.8196917919793773e-06,3.7060670501595095e-06,1.1834321252095478e-06,6.647179951204783e-07,0.9986119516614596,3.74011882063295e-05,0.001183563211793904,1.956880230390224e-05
589733384,0.005757715525928206,0.0002873704104891326,0.0003207051835316016,0.0002766929380742752,7.686159005343316e-05,0.9708498712124036,0.004213378838541731,0.010704180224401403,0.007513224076576645
589733455,0.005545462545890303,0.0029487394311867553,0.019644438848122923,0.6011309658957815,0.01285099308596482,7.61156383272568e-36,0.07046396771542227,0.028346536058172285,0.25906889641945907
589733506,0.004552928599640348,0.007780029846806274,0.04443056078090774,0.5270563451214836,0.04329078588081773,3.558796234153996e-19,0.058831721396055824,0.06835151760642975,0.24570611076785878
589733753,0.0025528729156742884,0.0004095466975295033,0.009258138708660366,0.0009922412015595987,0.000903803714146521,0.9239666100570568,0.01114561155985736,0.044868082875613655,0.005903092269901764
589733914,0.0006143013946273963,1.2615826038911638e-05,0.0018856272078201588,7.283533535069515e-05,0.00018208050500631546,0.9938760386483928,8.464642569304694e-05,0.0006231306106113405,0.00264872404645939
589734589,0.00027563458781607725,2.2677718871981212e-05,7.469739782402427e-05,6.994663904792944e-05,1.383817997392077e-05,0.9974860574583733,0.0004973286027122138,0.001432633434690802,0.00012718598068955282
589734601,0.001453852906643127,0.0033458135975618893,0.045245676068146105,0.003123609400563305,0.07673023901756641,0.8106456689293653,0.004787371431989669,0.024474448448017168,0.030193320200147006
589735157,0.020592901145718216,0.0004739714514566122,0.005809194214877001,0.0026664058841735583,0.0007721489902924679,0.6130055912856303,0.007730431954217587,0.32508747118695835,0.02386188388667602
589735318,0.012208368586705095,4.93966809895e-05,0.00040717565986998745,0.00013340355947097626,4.797100568704455e-05,0.9786918128460478,0.00028670647551411817,0.006527696610307811,0.0016474685754075576
589735967,9.743353578455012e-05,1.7106439427924845e-07,3.97197592880862e-06,3.6533559231431816e-07,1.0300972016603003e-06,0.999872523729435,6.021121750304029e-07,1.6416241664970658e-05,7.4859078233942065e-06
