track_id,cnn_emb_0,cnn_emb_1,cnn_emb_2,cnn_emb_3,cnn_emb_4,cnn_emb_5,cnn_emb_6,cnn_emb_7,cnn_emb_8,cnn_emb_9,cnn_emb_10,cnn_emb_11,cnn_emb_12,cnn_emb_13,cnn_emb_14,cnn_emb_15,cnn_emb_16,cnn_emb_17,cnn_emb_18,cnn_emb_19,cnn_emb_20,cnn_emb_21,cnn_emb_22,cnn_emb_23,cnn_emb_24,cnn_emb_25,cnn_emb_26,cnn_emb_27,cnn_emb_28,cnn_emb_29,cnn_emb_30,cnn_emb_31
2537685,3.9976833,2.131353,-3.6442971,-0.7094113,0.6849649,-0.346027,2.4332287,1.0174865,-1.0529251,-0.3127796,-2.1443686,1.1199571,0.87725914,-1.6015662,1.4936683,-1.214813,-2.0985005,-0.5636208,0.2394784,0.9018641,-2.8680198,1.6774052,1.744549,1.5776553,3.897733,2.1467807,1.8156614,-1.5646191,2.2077572,-0.09311323,0.06958519,-2.0494678
2538937,-0.0018814728,0.58965653,1.234887,-4.063936,0.29598042,-1.4370555,1.814342,1.5056161,-1.1770049,-0.6774661,2.4766436,-3.0602348,-0.13196099,-0.5521585,-2.447531,-0.115897045,1.6955032,-2.2530537,-2.3355255,-1.6876903,-0.756196,1.0811534,2.6032906,-2.9082115,0.07023133,3.9215817,2.713155,-0.78260785,-3.5892498,-0.34241217,0.96083045,1.1929234
2539560,0.8840371,2.4924772,-1.985458,-0.14700733,1.1656132,-2.3747718,2.3058264,-2.0424936,-1.9350883,-1.6965997,-1.7718368,1.8556448,0.9351389,-2.897381,0.117479794,-0.051018443,-0.9319574,0.8307114,-1.1130818,2.065088,0.5608486,-0.7958386,3.7586353,-0.5550386,0.5072843,-0.9658455,0.97867346,1.1740438,-1.293889,0.47737533,0.043042265,-0.21200255
2541207,-0.2617203,-0.13270003,-0.40105152,0.37826744,-2.25204,-0.63180983,1.5286227,1.197025,4.039133,-3.1752687,-2.3389318,0.75470567,-0.661201,0.6581853,0.23709726,-0.1590954,1.0144011,0.6955025,1.4565839,-0.46151656,0.35412425,0.4102618,1.2582217,1.037596,0.88826406,1.2989676,-0.24692693,-1.6336876,-2.1533194,-0.14937115,-0.4389032,-0.1897744
2541221,-0.18546723,0.047929555,-0.4430726,0.077661395,-2.083095,-0.49164453,1.3481293,1.040027,3.4919899,-3.1889577,-2.7081368,0.6968869,-0.7760132,1.1697443,-0.04579834,0.045908466,1.491426,0.20377758,1.8652109,-0.0636142,0.2073989,1.0915985,1.255263,0.49172553,1.1290563,1.0192957,-0.7278259,-1.1940678,-2.3508315,0.005965464,-0.5321069,-0.048443716
2541333,-0.23303004,-0.15039688,-0.8486481,0.007790955,-2.0677009,-0.23312998,1.523976,0.8145186,3.162078,-3.0218668,-2.6595204,0.5742555,-0.5103097,1.0400642,0.10845896,-0.17809783,1.6831897,0.42309105,1.8364868,0.1451872,0.34198922,0.87369114,1.309518,0.8851937,1.1244918,1.177315,-0.48454246,-1.5317953,-2.1699488,-0.3270109,-0.44180387,0.14457515
2541877,-0.41882154,-0.843791,0.66217583,-2.1928113,1.698105,-1.7580949,-0.3369457,1.6895925,-0.8482727,-1.2548765,2.4064412,-2.3203833,0.4592011,0.28978637,-1.289666,0.11591928,1.8735281,-1.7942667,-1.4969825,-0.5129847,-0.6134629,0.20824958,0.81675833,-0.9029455,-1.067968,3.159346,1.0634501,0.14330582,-2.9236255,0.53269523,1.0678003,0.45839804
2543060,0.2702184,0.57384956,-0.6569281,0.6995877,0.051309038,0.29667693,-0.65192676,0.8033591,1.5852926,-0.14470989,0.7474729,0.86982673,-0.8281238,-0.77546567,-1.185343,-0.061949752,-0.14186057,-0.19035465,-0.6941351,-0.5050874,-0.87004,-1.7955712,-0.26176137,-1.3137928,0.44917712,-0.5856943,-1.3640198,-1.3717529,-1.0636884,-0.73354554,-0.8440778,1.1222403
2544666,2.494589,0.48774508,-2.8420725,0.87971705,-1.3382697,0.82785857,2.1565495,1.7144601,-0.7224751,0.7770963,-0.2545038,1.1802707,2.0937746,1.3023943,1.0367024,1.3560079,-1.7655238,-1.6997484,0.79134035,-0.65267384,0.14722778,-0.4316823,-0.6237232,1.7269069,3.1741807,-0.08269143,0.8856832,-1.5911669,0.6372105,0.97839963,0.2774949,-2.1514552
2544721,1.9511018,3.3931668,1.7543873,-0.5329127,-2.5280561,-2.10081,0.08906163,0.5547731,1.7288473,3.3703227,2.0645645,1.6836445,-4.5223904,2.612335,-0.6297873,-0.83199096,-0.760676,-0.23031017,-2.6177444,1.679784,-0.93812954,-3.442429,1.2383974,-3.246139,-0.086420864,0.29376793,-1.5210053,-2.8819273,-2.720643,-0.71630275,-2.6748226,1.1691117
2545062,2.6185877,-0.086082466,-3.489675,1.8300545,-0.3409819,1.2750626,2.0238037,1.0996109,0.19695216,0.9104569,-0.084387474,0.08154817,2.119827,1.1379808,0.39322072,0.9335894,-2.0529687,-2.9676173,0.53873354,-0.63931483,2.3568573,-0.48017755,-0.17979448,1.8057523,3.9094121,-0.10735461,1.1642661,-0.96055365,0.63529265,0.25904003,0.35359216,-2.798662
2545789,-0.5567073,0.33917788,0.70605874,-3.2169008,1.1859936,-2.0922246,0.6394986,2.7629607,-1.2421473,-1.7534647,2.9632323,-3.7559693,1.2426431,0.67670125,-1.8560568,0.54954183,1.6750259,-3.0019314,-1.8738332,-0.7045575,-0.16175207,1.6185862,2.1459017,-2.7503803,-0.092070356,4.449164,2.3464725,-0.31123808,-2.9171119,-0.092968166,1.640902,1.4865274
2546005,-0.19913736,1.097769,1.4125203,-5.031555,-0.63368297,-1.9670829,2.4123101,1.5860318,-0.61811095,-0.735342,2.7975817,-3.5623724,-0.11157627,-1.0387791,-2.9417315,-0.030136125,1.1901888,-2.7496812,-3.314898,-1.6559544,-1.1081891,1.747585,3.3095934,-4.4742465,0.40205023,4.183189,3.7217846,-1.3340617,-3.4096506,-0.5624755,1.507314,1.6872807
2546959,-2.0501757,3.8897843,-1.5232341,0.87765086,0.1848656,0.6636526,0.0683928,-1.9235535,3.0377579,0.048442133,0.5511396,1.5990564,-2.621274,0.90020096,0.47098246,-1.8365891,-0.12584698,-3.7856023,0.6970277,1.5620353,1.512511,-2.6632383,-2.3104794,1.9021664,0.8950749,-0.087442845,0.3346769,-0.41235816,-1.831251,3.1945255,1.7855285,0.74640965
2547633,-2.5056043,5.553552,-0.9457286,0.6560583,-0.074906595,0.38372627,-0.28061804,-1.4407053,1.6645646,1.4173366,-0.10017714,1.3422472,-1.9075342,1.1223634,-0.08899523,-2.421479,0.6009459,-4.5575595,-0.20220597,4.049886,1.6971153,-3.4539416,-2.5175414,2.2752519,1.6878517,-0.035128534,0.5257618,0.31128,-1.7694452,2.5222347,2.379812,1.3537788
2547739,-0.7482278,-0.44514436,-0.55794877,0.4035718,0.9052409,-0.17148414,-0.20209055,0.5509702,0.59378517,-0.5095708,-0.17107674,0.40840012,-0.064928494,-0.4713582,-0.53847325,0.15170819,0.7337774,0.27152875,0.46370846,-0.51766056,-0.3494948,-0.4286357,-0.22217742,-0.130256,0.10023944,-0.6904732,-0.48284113,-0.20912385,-0.23903927,-0.17104082,0.23955946,-0.023928843
2547752,-1.8594908,4.771812,-0.8896914,0.015496833,0.047107227,0.43473727,-0.009542402,-1.3151889,1.5044225,1.2935312,0.0060319044,0.83402413,-1.9921628,0.95339066,0.32793316,-1.7724457,0.6060833,-3.6588209,0.4266975,2.416639,1.2985045,-3.2639391,-1.6652998,1.7247801,0.76173353,-0.057768255,0.98897225,-0.047213495,-1.5704951,2.7778606,2.448541,0.8972193
2548671,0.13791366,-1.2543688,1.7032335,0.6929134,0.14360651,2.9573247,0.16375285,-4.53637,1.5771089,-3.1938925,-1.7723067,-0.022453066,2.390122,-0.85563284,0.21031561,2.8991826,-2.3938344,-0.65243727,0.60361147,-2.3652065,-0.06786442,-1.1204792,-2.6073916,-1.6606838,0.7979186,0.023505483,-0.8323362,-1.8049351,0.67512494,-0.20487688,-2.1795394,1.5636652
2550468,0.11148966,1.1655157,-0.67405397,1.1469233,-2.9590251,0.3656599,0.562894,0.03447074,-1.0926892,-2.519978,0.49056184,-2.354652,-0.038579,2.7667642,-1.2416335,0.77335936,1.9337782,0.9893425,0.2819243,-0.30575857,-0.71305406,0.6642363,1.9715978,1.8403599,-1.6288617,0.6346122,0.122134276,-1.3404874,-0.76516235,0.49183345,2.7074528,-2.4597237
2551038,3.4595582,0.022668175,-3.9435005,1.301505,0.24479444,1.1498638,2.8196654,0.9693342,-0.089518756,-0.076683,-1.2041701,-0.46018606,2.2403693,0.24236009,1.2194619,0.9034984,-2.244543,-2.720702,1.06081,0.3653896,1.6963068,1.1920377,0.4032692,1.0295098,3.5700424,0.5789344,3.126817,-1.0577431,1.161445,-0.31821695,0.451608,-3.686438
2551275,2.5571136,0.8243705,-2.6546168,-0.70234907,-0.8588006,-0.4545343,1.9949384,1.1388744,-1.0126116,0.41799682,-1.611972,0.9157668,0.7937575,-1.2298367,1.0888847,-0.049388006,-1.125488,-0.44308686,0.5598271,-0.022394754,-1.2960131,1.2097099,0.59620273,1.4304866,2.5284793,1.2196537,1.7196393,-1.6936934,1.0890716,0.34652677,0.14135873,-1.0526196
2554865,4.0272207,0.39488414,-4.3422585,0.61569655,-0.062239755,1.0419817,2.92325,1.4567534,-0.33534202,-0.06933938,-1.6213533,-0.5446616,2.1680007,-0.51347286,1.4295102,0.3795952,-2.792768,-2.288207,1.1255313,0.43788958,1.0214438,1.4011693,0.88514864,1.4639325,4.378596,0.7973786,3.6096745,-1.6198591,1.136392,-0.535339,0.59317386,-3.831393
2554897,-0.12365003,-1.0055462,2.858988,-0.61621296,-0.93340147,0.5146849,2.1891434,1.3447615,2.6271229,-3.1543913,-2.2154021,1.3036904,-0.47493264,0.6088863,-1.1273688,0.4137506,1.3266248,0.39791405,-0.28622562,-0.65398175,0.0452214,2.9411502,2.0574126,1.7370855,1.7491436,-0.014060006,0.27245262,-0.07306263,-3.4476125,-0.58731073,-0.13039337,-0.28368187
2555581,0.13174461,0.57437146,-0.735717,1.2884982,-2.6888201,0.6575729,0.625384,0.007167984,-1.4135929,-2.6176498,0.87024283,-2.3099012,-0.4612136,2.6951704,-1.6732936,0.5341602,2.2432597,0.73969656,0.80068225,-0.38095486,-0.52697486,0.39488947,1.9755124,1.8106816,-1.676473,0.550215,0.40812734,-1.6753882,-0.9369636,0.3819233,1.9354719,-2.3972352
2556706,-0.31845203,0.8548978,0.2573952,-0.045751743,-0.2645204,-1.8285072,-0.6843375,1.9990635,1.7563344,1.0968448,1.8822169,1.3222572,-2.0118701,0.40655676,-0.6481907,-0.4034698,0.25043768,0.56844705,-0.4545989,0.3442686,-0.40720746,-1.724199,1.1258142,-1.5367063,-0.15753922,-0.71678424,-1.4682343,-2.0980937,-1.318801,-1.1752822,-1.0464371,1.1046202
2558952,-0.23182465,1.2588133,1.056753,4.925971,3.4654787,-2.392329,1.2203019,-2.0884516,-1.4672985,-1.3380264,-2.2537167,4.203269,0.25877944,-2.5692682,0.18581788,0.15059796,0.326314,-1.3955743,-1.5004832,-0.19638477,1.3442088,-1.3751563,5.623322,-2.6802175,0.053075753,0.25952733,-0.6773711,2.7773845,1.0411658,1.7234042,-1.3226538,-0.7978794
2559234,-1.4196676,0.86075735,1.4882433,-1.2858827,-1.3667973,2.329601,-2.2416873,0.683653,-1.1491317,0.07801977,1.1183937,0.6867113,1.8792117,0.55864894,-1.0933754,0.55403256,0.6077862,-0.3142944,-1.4102759,-0.670704,-0.7498291,0.13819079,-0.8312819,-1.5849335,-0.7987136,-2.1625726,0.027580095,0.600284,-0.49223766,0.29118007,-0.99318826,-0.9545592
2559314,-1.1934242,0.56254804,1.4240433,-0.9801461,-0.66330296,2.3138263,-1.5197245,0.37496752,-0.4841889,-0.27224076,0.7724215,0.32971424,1.6896048,0.3774407,-1.1433412,0.71836114,0.3668166,-0.26687074,-0.907619,-0.7064192,-0.38635817,0.5520299,-0.36850202,-1.279392,-0.6293466,-1.4694432,0.25095734,0.2764187,-0.19408819,0.2706726,-0.7473772,-0.9226241
2560009,-0.5009668,2.2174704,-0.82538086,0.5509092,0.015718518,-1.2294381,1.445037,-2.4672642,-1.510836,-2.1330283,-0.6416488,1.0961844,0.6370171,-1.8846678,1.0355558,0.18192142,-0.31378904,2.0195136,-0.29621115,0.8574667,-0.0014930964,-0.025918305,1.7598381,0.34158927,-0.567164,-2.1425908,0.36319983,0.65507716,0.25538895,0.6639624,-0.18775654,-0.69234455
2560243,0.11135945,3.5619993,-1.9793345,-0.36334667,0.8389872,-2.7951496,3.2187893,-3.542509,-2.4253857,-2.2236612,-1.7717432,1.8732449,1.4987541,-3.5453491,0.41450077,0.37299308,-0.9825822,3.0121567,-0.9619134,2.165735,0.75159204,-1.169969,3.4132888,-0.56623405,-0.9822889,-2.3050046,1.1822664,1.4538802,-0.76889527,0.4404719,-0.28213143,-1.5754424
2561850,-2.6335313,4.096297,-0.91752064,-1.3851687,0.5017764,-1.1437637,1.2825458,3.7739842,-0.7806691,-0.56080896,1.021798,-0.7449453,4.13964,-0.38338503,-1.3072174,2.4604435,0.2276276,-1.5185875,0.10797294,-2.1796193,0.69469976,3.492374,1.4841009,0.8571561,2.3582158,1.7565888,2.2467742,0.84837884,0.3564333,-0.54861605,0.5351375,-0.38076848
2562490,0.0067906864,0.5773064,2.833152,0.05780852,-2.5616984,0.36205232,2.6039343,2.9356222,5.880912,-2.253517,-4.010101,1.5545778,1.3283473,0.15839964,0.4221128,-1.9168006,2.500964,-0.032334268,0.5493454,-0.99406904,1.5331463,1.7983432,0.55025667,2.6244316,3.0317223,0.84661484,0.15279678,-2.0781891,-4.13337,-0.9981299,-1.2419806,-2.446852
2562695,0.3536719,-0.82004297,0.14491637,-0.7543968,-1.2905033,0.043180697,0.76520777,0.22195643,2.104642,-2.93685,-2.087341,0.3066817,-1.0649605,1.1882105,-0.7142794,0.31870514,1.3083234,0.18551333,1.3044423,0.41494554,-0.39981,1.4099735,1.676907,0.52722394,0.8592861,1.0356591,-0.54209995,-0.27823785,-1.9768867,-0.22022623,-0.08302628,0.14555097
2563010,0.90973634,1.6693103,-0.0072672274,1.2506793,-0.8523144,2.440536,0.34149545,-1.2920594,1.8221841,-0.8656003,0.79056793,1.4891818,-0.6491211,-2.3197253,-2.750709,1.0440832,-1.0854738,-0.9687529,-1.23929,-0.8420366,-0.35646275,-2.1094341,-0.35901955,-2.9772353,-0.2841597,0.35059664,-0.8755301,-0.37912413,-0.5855399,0.30659282,-2.541812,1.8725488
2563268,-0.27217007,2.0947883,-1.1740376,0.50441515,1.1268442,0.30784273,-0.5539788,-0.7661262,2.5022116,-1.3231347,-0.11765489,1.548517,-2.4824336,0.563813,0.027006853,-0.14461635,-1.2248906,-2.417545,0.6434649,0.22169533,0.7685862,-2.700318,-1.0426526,2.347892,-0.27391508,-0.19628169,-0.117835954,-1.366635,-1.3910801,2.1900852,0.5685071,-1.0007094
2563532,-1.0070332,4.3815227,-0.41317773,-0.13366781,0.28334022,0.71046966,-0.4236772,-1.2774119,0.9107735,1.0857435,-0.8085805,0.8395429,-1.9845649,0.83197993,9.2539936e-05,-1.8744793,0.7024051,-3.9643443,0.40236625,2.3830743,1.2130526,-3.7438595,-1.6710846,2.3487058,1.6459098,-0.094688326,0.89898413,-0.76195097,-1.4892678,2.5490773,2.5065393,-0.059358925
2563760,0.58071494,-0.9620867,-0.32487124,-0.4875511,-0.7031055,-0.39840302,0.6947061,0.1599337,0.85680306,-2.6222782,-1.3184438,0.33385676,-0.79996306,0.8053966,-0.8323646,0.6852642,0.7539601,-0.041137785,1.2617444,0.16254424,-0.60691255,1.4514786,1.4074363,-0.10282691,0.6476653,0.8404672,-0.4885763,0.07234497,-1.0746722,-0.25032952,0.20845596,0.5067577
2563806,0.16858704,-1.8180623,0.41267148,-0.77220654,-0.46928298,-0.54667634,1.6590688,0.6771276,1.967336,-3.2464345,-1.5350089,0.2762465,-1.3767823,0.8336001,-0.88308907,1.3893962,0.9461461,0.49785346,0.97236836,-0.24625956,-0.8443851,1.607848,1.7634784,0.54724354,1.0194833,0.93346864,-0.11086217,0.004883472,-1.8118026,-0.43130687,0.5416149,0.72069526
2563952,-0.85336995,0.5870379,-0.6973444,1.312895,-1.6259037,-0.7497056,1.5208179,1.0528718,3.4067044,-1.7113837,-1.2158256,0.6211773,-0.40321094,-0.027330311,0.8823724,0.09431444,0.37001216,0.8392361,0.77853155,-0.28615278,0.13890253,0.34136948,0.5368889,1.2020483,0.4079858,0.46452838,0.40579724,-1.1622759,-1.4081056,-0.17255202,-0.5592669,0.109086215
2563954,0.419278,-1.0526457,-0.44247517,-0.6386744,-0.7756572,-0.49328288,1.1565882,0.41547754,1.3767661,-2.504548,-1.5442241,0.4312042,-0.8359805,0.9469953,-0.5918111,0.793871,1.2543385,0.26527473,1.3256227,0.14621691,-0.71574587,1.6018765,1.1085612,0.07393871,0.9938708,0.85092235,-0.32951322,0.027293641,-1.1099727,-0.09670187,0.26542807,0.49681887
2564233,1.7151163,2.0733793,-1.1856731,-0.03369374,-1.1795855,-0.67906874,1.2794628,2.0242074,-0.3609427,1.6921853,-0.83369094,2.0898378,0.42593965,-0.14222687,0.6369626,0.5999253,-0.4728895,-0.56069034,0.7665636,-0.0734607,-2.5745735,-0.6571619,0.040302295,1.8580457,3.1714966,0.54327434,-0.102635376,-1.5999883,1.510486,1.98602,0.3500829,-0.38351876
2566102,0.07780594,0.40698317,-1.7248456,0.68820894,-1.2781944,-0.67296237,-0.15153575,0.3093122,1.1265693,-1.3227717,-0.7055232,0.18623275,-0.6304681,0.7898112,0.15728255,0.26894063,0.40507782,0.42836374,1.2508426,0.41572326,0.15788051,-0.32212472,0.9770742,-0.33147267,-0.40012723,0.40642256,-0.09539638,-0.39138454,0.053404085,0.05843457,-0.37774554,0.048970956
2567729,0.19380848,-0.39765283,0.19494049,0.33671618,-1.671037,-0.43971005,1.6667243,1.25251,3.3793397,-2.7961457,-2.1553602,0.34247285,-0.3469032,0.3383867,0.05897083,0.278827,1.1674651,0.5974557,1.1913158,-0.32521266,0.31870586,1.1357584,1.0927564,1.3014383,1.2788236,0.85879695,-0.039278097,-1.3270015,-2.036979,-0.32660645,-0.1090297,0.33984867
2568309,-0.014299337,1.76369,-0.81184036,-0.5180223,-0.5506794,-0.40982935,1.0832822,-1.5022719,-0.9564285,-1.694806,-0.12320917,0.042889107,0.4828966,-1.458681,1.3573864,-0.19909683,-0.3717218,1.8059067,0.13405752,0.57209873,-0.32302293,0.52411795,0.40171915,0.9588957,-0.03635239,-1.5799351,0.45959985,-0.0035380684,0.053210225,0.17736396,0.012744412,-0.20995817
2568576,-0.33349392,1.5315863,-0.4241351,0.8460851,0.14186177,-0.6009345,1.1277363,-2.1120238,-1.2370543,-2.0016217,-0.38518488,1.0192918,0.3373555,-1.4147862,1.1988292,0.19286594,0.06263383,1.5258931,-0.051235702,0.23437206,0.20757484,0.028695434,1.1190028,0.3973387,-0.33726722,-1.9026488,0.16898148,0.47323376,0.5284699,0.95985556,-0.38512158,-0.7047623
2568632,0.14831826,2.3548112,-1.2570823,-0.57179296,-0.041417703,-0.86708003,1.9217583,-2.1041713,-1.3217466,-1.6824129,-0.31023347,0.26348573,0.8600282,-1.815353,1.5871358,-0.24400398,-0.42482153,1.5857784,-0.33820882,0.31590998,0.04850197,0.25392342,1.4005659,0.9954659,-0.50947756,-2.4200118,0.5604791,0.21095349,-0.53937846,0.2802876,0.7869818,-0.11747158
2568863,-0.00425506,2.7199185,-1.1502571,-0.14499313,0.023590578,-1.5657429,1.791355,-2.1545691,-1.4780165,-2.0874112,-0.95647687,0.7980033,1.0447103,-2.3049955,0.9288607,0.21996962,-0.8793814,2.2113883,-0.36384892,1.4065518,0.13005912,-0.10004711,1.7223222,0.12752591,-0.41465828,-2.080671,1.0234706,0.64018756,-0.6384941,0.30584654,-0.09681673,-0.7492885
2571739,-0.22283678,0.88772476,-0.53870463,0.5752679,-1.5519454,-0.89403576,0.58094376,0.9917698,2.278965,-1.2223086,-0.9742003,0.08485225,0.15318592,-0.4122338,0.63371724,-0.27959108,0.16113484,0.51013756,0.948447,0.15753432,0.09697215,-0.1850902,0.6257803,0.732146,0.22290926,0.7270763,0.18200088,-1.4040953,-0.5127493,-0.28754428,-0.36905944,0.02891251
2574423,-1.0021653,-0.699249,-0.70657516,0.60560566,-0.13022049,-0.58856183,1.0764147,-0.22927853,-0.027258836,-1.0561715,0.99940735,-0.4862291,-1.439864,-0.72944725,0.43854305,1.4363422,-1.0576307,0.86002904,-0.40065905,0.17870362,-0.38330114,0.225482,0.25155196,0.20276757,-0.93430525,-0.7119888,1.662056,1.4284511,1.0626229,-0.043163694,-0.280812,1.2388684
2574449,-0.5187165,-1.0377172,-1.7280896,0.91542745,-0.17661394,-0.6934561,0.38169545,-0.5120089,0.038235523,-1.1699632,0.91928476,-0.65968776,-1.5602685,-0.41185772,0.44722623,1.6706247,-0.56539434,0.6980919,-0.037774175,0.23867868,-0.3659371,-0.1071157,0.6328002,0.2640291,-0.45730776,0.27410394,1.180433,0.5646301,1.1253437,0.45521036,0.08351476,1.4671512
2574463,-0.46430004,-1.3742335,-0.65616757,0.3358247,0.26161203,-0.2978507,0.95879245,-0.5195191,-1.1993979,-1.4934758,0.9292377,-0.70085657,-1.8599186,-0.29218537,-0.036766745,1.8662906,-0.6788448,0.8489931,-0.36867645,0.13513432,-0.86733276,0.482121,0.42590985,-0.08109705,-0.9579636,-0.60163605,1.2542843,1.8648493,0.98622614,-0.07961606,0.3473611,1.43214
2574491,0.3195682,-1.4409964,-2.2581017,0.43415862,-0.8016602,-0.69938755,0.19772884,-0.6246669,-0.27780378,-1.2161497,0.8699401,-0.892666,-1.851925,0.17752007,-0.012048205,1.4622864,0.08068393,0.71837515,0.8986149,0.5752743,-0.5042771,0.0016163923,0.52943116,-0.786016,-0.3329463,0.63738716,1.2753388,0.0053944625,0.6818384,0.47008616,0.48083234,2.2442472
2575828,-1.1088104,1.5853547,3.0468335,-4.64521,-3.7694814,-2.6007624,-2.7434845,-0.65651876,-1.8655033,2.390619,0.9024942,1.0080584,2.9046562,-4.627295,4.9294243,0.995729,-3.083684,2.1491303,2.5525177,-0.8790621,3.1492996,-1.449141,-0.12418307,1.0557694,-0.8133884,2.5019493,-1.3234991,1.8839948,-0.81602025,1.5464473,-2.4186947,-0.27957094
2576295,-1.22966,1.5484198,2.0203218,-2.9752915,-2.332733,-1.4097967,-2.8546772,-0.6099407,-1.6556575,2.3517747,-0.09337484,0.6807305,2.1499782,-3.3636432,3.0795681,0.5159815,-1.9118629,1.0108107,2.3662233,-0.2580219,1.7694817,-0.95942813,0.5047123,-0.6190893,-0.38222432,1.4121183,-1.0545928,0.8330921,-0.43306842,1.0895125,-1.5695906,0.4315705
2576961,-2.9085305,4.4268994,-0.12900288,3.3518965,1.268211,-0.3709937,-1.6519998,-3.1495237,3.106663,-1.5935159,-0.4730129,3.9400692,-1.9268825,0.6266919,-1.3147699,-2.0729084,1.2365586,-4.0108285,-1.0721141,2.365759,0.33155078,-4.7314043,-1.260343,2.6764522,1.1786265,-0.79458654,0.14247154,1.28064,-1.9787196,2.0103672,-0.29797012,0.69892776
2577177,1.2181183,0.03288003,-1.2745627,0.15119159,-0.825797,-0.0011129733,0.77416784,1.2021321,-0.48773667,0.79340786,-0.4122803,1.1462164,0.98614067,-0.06814455,0.086795926,0.34453154,-0.33283472,-0.7780581,0.33420706,-0.23490655,-0.65592104,0.6021093,-0.09182048,1.1760421,1.6229506,0.67977256,0.10890368,-0.77528095,0.64995027,0.90774935,-0.30849594,-0.17509577
2577231,2.902198,0.21631972,-2.5773108,-0.054490544,-2.4662533,0.5345017,1.8689148,2.1977618,-1.1185431,1.7137648,-0.5401396,1.1503589,2.1694884,0.42633256,0.86503136,1.7070284,-1.7116051,-1.2783433,1.2163154,-0.5583839,0.2196754,0.023346353,-0.38805097,1.6812514,3.4586527,0.18997073,1.3407749,-2.150333,0.8723551,1.5424896,0.26517457,-1.7030709
2577725,3.8127763,-0.60679567,-4.084706,1.5622699,-0.5635443,1.5163075,2.584495,1.4572667,-0.2861804,0.49914736,-0.56128174,-0.50173146,2.8674114,0.5304006,0.77676356,1.5229118,-2.6047218,-2.787959,0.9540978,0.39059624,2.6907458,0.42391032,-0.2013885,1.2782108,4.6727533,0.37147275,2.9214551,-1.4137862,0.7943045,-0.3230122,0.1919018,-4.105974
2579151,0.6701506,2.228342,-0.7831222,0.8340197,0.06634099,1.0235388,-0.82331765,-1.0322331,-0.3410232,0.40723553,-2.570232,-1.7811238,-0.41911086,0.82154834,0.19623516,-0.9224626,0.9201772,0.28701225,0.08829166,0.68369424,-3.368405,0.82580274,1.8773339,-1.3558515,0.25042528,-1.6321138,0.5969414,1.2541826,-0.3226434,-1.5971562,1.1874152,-0.91080534
2579567,2.6301877,0.109201185,-2.5813336,0.88413686,-2.4917407,1.4609667,1.8196896,2.7592216,-0.29390174,1.7402364,-0.1372234,1.177171,2.5390413,1.1313614,1.1860245,2.8852549,-2.1182964,-1.8073075,1.567866,-0.4345368,0.8328471,-0.93252534,-1.139884,1.9631747,3.9831736,-0.47036007,1.4538282,-1.920492,0.15880477,2.078441,0.6719932,-2.7957244
2580224,-0.32714233,-0.9180447,0.2980008,0.092564985,0.29732683,1.3070022,0.2585702,-2.2369664,-0.16088635,-2.0844493,-1.0672202,-0.082282305,1.6751729,-0.1653001,0.18223742,0.87568176,-0.8809984,0.6705355,-0.22795612,-1.7054274,-0.25966766,-0.86630094,-1.7612795,-0.30379426,0.1474997,0.48032635,-0.8876352,-0.7789909,0.63152945,-0.34453726,-0.8751799,1.3986049
2580240,-0.023834337,-0.8058808,0.45245188,0.32565013,0.37810248,0.9823918,0.35954687,-1.7443858,0.0664584,-1.6728772,-1.0348436,-0.041610543,1.3680887,-0.47513995,0.15530086,1.1376973,-0.8086707,0.7956355,0.18583947,-1.5769023,-0.18948784,-0.93586755,-1.7044812,-0.6719339,0.09987144,0.49387598,-0.8360473,-0.509724,0.95696396,-0.10709773,-0.68768877,0.35247728
2580241,-0.07721861,-0.73644227,-0.25858343,0.3554581,0.5053396,1.5406533,0.34063956,-2.508726,0.33590358,-2.189798,-1.080449,0.11913067,1.6245122,-0.8421863,-0.053462207,0.82352465,-0.6189404,0.7377114,-0.10780287,-1.6046425,-0.03343612,-0.43182686,-1.3329164,-0.54775554,0.11316672,0.059434835,-1.2202963,-0.8262359,0.9965029,-0.42777863,-1.0498286,1.3871684
2580309,0.31242722,-0.8200261,0.30402184,0.39160833,0.06708926,1.7875297,-0.26316535,-2.0874662,0.7408263,-1.7283499,-0.71968746,0.13178335,1.3272927,-0.16654018,-0.45879593,0.88168466,-0.5078711,0.38501754,-0.0317142,-1.3687373,0.21451673,-0.65141135,-1.0794063,-0.6116065,0.55137265,-0.037570413,-0.6971104,-1.2016633,0.60701424,-0.4004258,-1.5304856,1.1796273
2580395,0.13273375,-0.7879555,-0.446512,-0.22122985,0.17441154,2.219909,-0.47949174,-2.17512,0.9168769,-1.6562607,0.0079894215,-0.28579748,1.3349053,-0.6169575,-0.52188325,0.32019892,-0.24033207,0.89221567,0.0075750053,-0.5818906,-0.28029898,0.44110337,-1.00617,-0.25601578,0.3648193,0.0014484785,-0.3997142,-1.4756064,0.3875343,-1.0035348,-1.3479544,1.6387465
2580449,0.0049924664,-0.2594778,-0.17487645,0.6963664,0.49631688,0.33586916,0.9242341,-1.8577708,-0.27330852,-1.6832933,-1.0955937,0.20603327,1.8803957,-0.5146155,0.676417,0.5630835,-0.36108518,1.0381266,0.37843248,-1.3559424,-0.025905818,-0.5039209,-1.5867707,-0.8664713,-0.907123,0.14832948,-1.5923623,0.028686626,1.301202,-0.0019712336,-0.011301205,0.9724049
2580712,-0.51963115,-0.6452466,0.14528024,0.25343585,0.94272095,1.2348977,0.7002861,-2.7761614,-0.30292115,-1.5628473,-1.3437914,0.11070478,1.6452421,-1.1211578,0.7198789,0.75483274,-0.43544468,1.0791011,0.2506464,-1.5273746,-0.24976295,-0.58530676,-1.9377037,-0.7682135,-0.34895763,-0.13604566,-2.1819794,-0.15018363,1.0747893,0.23443405,-0.28423297,1.1784387
2581148,-1.3548814,-0.65668327,1.9914966,1.2244048,1.5925148,1.191383,1.3455583,-5.880687,0.25007844,-2.7449322,-2.7730045,0.61993575,2.7511892,-1.4115872,1.7145755,2.859208,-1.2716762,0.38830408,1.5041404,-1.8319491,0.25037768,-1.281161,-3.1402524,-1.9801832,-0.15009333,0.22026828,-1.9028096,-0.15289177,1.1576596,1.4558014,-0.9710497,1.0240566
2581177,-0.068830445,-0.12431813,0.07235634,0.00012421608,1.0349215,0.29470387,1.1200087,-2.587021,-0.5033051,-1.4465069,-1.3725281,0.30072585,1.2991488,-0.9547876,0.66000074,1.1556311,0.29546696,1.4036144,0.2696373,-1.1521294,-0.13352507,-0.8978983,-1.3571497,-0.77251136,-0.5391238,-0.42257062,-2.3330395,0.24887674,1.203979,0.45769465,-0.16020684,0.97636724
2581226,-0.91282433,-0.729155,3.2888913,1.3151028,1.1255146,2.1051908,1.2859328,-5.77438,0.9124958,-2.3843625,-3.2309804,0.5602153,2.9792926,-1.5988226,1.3869324,3.7129662,-2.6042838,-1.311288,1.6001847,-2.5122912,0.6123363,-1.9636918,-4.1333036,-2.7312574,-0.18095617,-0.57276183,-2.1169012,-0.744754,0.7658752,1.2931733,-0.95995516,1.1317225
2581473,0.8737686,0.69793797,-0.6690031,0.33656418,-1.1992941,-0.04418257,0.8011492,1.6018466,-0.8418316,1.202195,0.091972716,1.8819065,0.6639803,0.387417,0.7143066,0.43021134,-0.2547377,-0.78936225,0.22862451,-0.72980374,-0.8484393,-0.3986874,-0.29017574,1.5711273,1.9654732,0.20853193,-0.46234605,-1.2455875,0.6468128,1.1421531,0.110568106,-0.123354204
2581970,0.6214276,-0.75390035,2.8073874,1.354146,-0.2896872,3.1838293,0.66283935,-5.370531,1.797842,-2.5213175,-2.2655182,0.63076526,3.1336944,-1.147943,0.35689652,3.2629492,-2.7232354,-1.9671823,1.7526033,-1.8211223,1.2250336,-0.88872576,-2.86373,-2.3564286,-0.0713418,-0.79692465,-1.2504164,-0.99346066,0.7757755,0.62134534,-1.9436842,2.2018123
2582361,0.8933417,-0.76605076,2.5705364,0.3354476,-0.12834427,3.7654324,-0.53794676,-6.0591636,1.46525,-4.3284726,-1.605234,-0.16317879,4.1080894,-0.7681214,0.32981533,2.9262993,-2.3511844,-0.45967448,1.2436969,-1.8224432,0.11607656,-0.36009565,-3.2327325,-2.0952537,-0.5351295,-1.1165842,-2.6892297,-1.4672595,0.7717576,-0.06025024,-1.5351869,3.5738423
2583904,0.15704909,0.88608396,-0.04039965,-0.22819614,-0.21699338,-1.8167658,-1.0891763,1.8713623,1.6813205,1.1003172,1.7094783,1.5358217,-2.0000184,0.71415216,-0.91284955,-0.16838136,0.47371608,0.45442754,-0.6085484,0.20024243,-0.58911747,-1.5616572,0.9549843,-1.5825893,0.10550694,-0.8771045,-1.3687745,-2.4781,-1.5862528,-1.0150547,-0.8585603,1.0859221
2584941,-0.8694578,1.1761516,-0.8739179,0.67618537,-0.10365016,-0.23024043,-0.24759959,-0.38943696,1.341714,0.3289471,0.3529495,1.305064,-0.66335255,-0.41309038,0.07049374,0.61192125,-0.3778929,-0.15328981,-0.06815952,-0.73708135,0.403229,-0.63580143,0.495516,0.77631253,-0.6317257,-0.27166176,0.21447532,0.6460363,-0.90862864,0.15719435,-0.21741998,0.05004111
2585144,-0.6787644,2.0635219,-0.5522074,0.44388032,0.28144923,0.24955282,-0.18712147,-0.589183,0.9233507,0.0486987,-0.15032628,1.1617137,-1.2371114,0.21076167,-0.2639045,-0.21091273,-0.49022198,-1.9872088,-0.08883907,0.46002758,0.7128089,-1.4840294,-0.30140293,1.3876541,0.007905243,-0.15347655,0.44434783,-0.19980143,-1.1659997,1.1621825,0.6175409,-0.09003119
2585911,0.59285766,1.4375991,0.36963812,0.27357227,-0.30323222,-0.23946801,-0.28430262,0.5382611,1.4105613,0.6771057,0.9680522,1.4254665,-1.8353432,0.20498563,-1.1377048,-0.45883358,-0.033806533,-0.06936575,-0.79487586,-0.11889165,-0.6254391,-2.267292,0.38311365,-1.8320924,-0.39978674,0.2870421,-0.82418805,-1.0565072,-1.3435086,-0.5888556,-1.5148842,1.1116661
2585932,0.5154223,0.7264132,0.109845705,0.34672806,-0.4691681,-0.4654663,0.6162763,0.95577556,2.2692437,0.6020433,1.0266802,0.7978183,-1.98246,-0.4203951,-1.5534073,-0.13386789,-0.52226835,0.91754466,0.011267792,-0.030366858,-0.24142212,-1.697395,1.2141795,-1.711497,-0.2791822,-0.16052246,-1.7097797,-1.9435267,-1.5207157,-1.1512827,-1.8029188,0.9464902
2585936,0.040746164,0.50518084,-0.4466139,0.34508613,-0.22074905,-0.8945869,-0.62281257,1.32423,2.2706532,0.47042182,1.4655886,1.2395744,-1.5849633,-0.5413663,-1.4234432,-0.028519101,0.117678955,0.7931702,-0.025542099,0.06985266,-0.2056477,-1.2071229,1.0308182,-1.8869004,-0.09874008,-0.5453825,-1.6334991,-2.2389214,-1.0632892,-1.2462591,-1.6681869,1.1752049
2586046,0.47499958,0.9380186,0.29846275,0.56744945,-0.019498762,0.62127554,-0.30224422,-0.06353945,1.5569533,0.07932976,0.63903314,1.0049477,-0.9107832,-0.5453946,-1.2890583,0.12201371,0.04158953,-0.17296371,-0.7822941,-0.43526754,-0.33594364,-1.5288315,0.20096838,-1.7869626,-0.49401563,0.27939585,-0.43181026,-0.55648285,-0.6687642,-0.23264997,-1.4764371,1.2696675
2586155,0.20109561,1.6957418,0.81408685,-0.010860108,-0.79339653,-0.978262,0.062186558,0.5696131,1.981582,1.2558552,1.0213164,1.1222839,-2.9859803,1.1139848,-0.69377863,-0.39106607,-0.19144128,0.84642375,-0.35943103,0.7308118,-0.07424341,-2.1205807,0.9699192,-1.726667,0.038221613,-0.5425477,-1.8296674,-2.0552032,-1.6162113,-0.9767616,-1.5855266,0.5232986
2586523,0.43634382,1.496091,0.948301,-0.29998896,-0.9769643,-1.2455481,1.5529557,0.5994919,1.3093629,2.104176,0.6907919,1.0444978,-3.6955135,0.93961954,-0.5023913,-0.6552404,-0.5102621,0.88100463,-0.53393734,0.057858508,0.07606773,-2.8779697,1.1611319,-0.9907509,0.007530004,-0.1379458,-2.1341841,-1.5493504,-1.6848611,-1.416655,-1.8630794,0.0016474202
2586591,-0.072114654,0.8743429,-0.022552226,-0.51913446,-0.4797278,0.46106917,0.9604852,0.93391323,-1.5905458,-1.0974098,-0.065606356,-1.3502127,-0.22962259,0.2005704,0.17736346,0.283725,0.53124195,-0.47168306,0.25994,-1.308725,-0.5074594,-0.15171637,0.97481436,-0.088417314,-0.79226905,-1.0193716,-0.6804999,-1.0408684,0.3380882,0.6899174,-0.6260222,-1.9913536
2586683,-2.4449878,3.6262555,-0.5223778,0.44437152,0.50458646,0.8234281,0.012029368,-1.5524113,2.5159023,0.5147719,0.482294,1.7117621,-1.8629872,1.0931766,0.63015324,-1.3267018,0.0054982565,-2.543584,0.6561687,1.6310222,1.0739266,-1.9880083,-1.2803059,1.508815,0.050795496,0.43195933,0.6377235,0.71655965,-1.600376,2.974365,1.5458747,1.1630814
2588248,-0.008134928,2.246414,-0.40396965,0.11040996,1.4037219,0.016063508,-0.29432696,-0.8621925,1.7192925,-1.1690968,-0.41045326,1.2560191,-1.59946,0.07002613,-0.8831608,0.18866219,-0.39452302,-2.7880158,0.04322372,0.62585276,0.014952859,-3.2696457,-0.9059521,2.692317,0.9788156,-0.15963484,0.35995296,-0.9946655,-0.86368257,1.566619,1.3476788,-1.1021258
2588392,0.03293677,0.6397008,0.32162657,-0.122373186,0.072776094,-0.3849936,-0.020156395,0.660328,1.3021733,0.7584954,0.7079357,0.872819,-1.3209355,-0.13566507,-0.9792205,-0.38011628,0.08496982,0.81736714,-0.33538973,0.025992135,-0.19172622,-1.4135286,0.9561645,-1.0630683,-0.3448023,0.08842689,-1.2949142,-0.9816626,-0.8465302,-0.7712093,-0.794991,0.6396714
2588474,0.42026743,0.17974174,-0.15673761,0.7689509,0.20010583,0.851724,0.19959636,-0.3508781,1.480187,-0.52729213,0.18875103,0.582335,-0.23643513,-0.87576777,-1.4146994,0.13893741,0.030694887,0.14223516,-0.18634091,-0.7794299,-0.23104326,-0.90422404,0.11028035,-1.5623821,-0.57696223,0.09186563,-0.6665631,0.055722438,-0.23250735,-0.088559374,-1.1035817,0.78377724
2588485,-0.17139387,-0.11251039,-0.60938054,0.6256004,0.1335885,-0.18506582,0.5539754,0.74228275,1.9496098,0.1384908,1.2555339,0.7351038,-1.023143,-1.3994807,-1.5209392,0.033560447,0.18102159,0.6455121,0.3622915,-0.40419346,0.15547471,-0.95882034,0.6378373,-2.1343174,-0.6027827,-0.34131232,-1.2193558,-0.7186262,-0.04647558,-1.3144339,-1.298274,1.4917344
2588549,0.27812615,1.125552,0.7963014,-0.20060405,-0.5142955,-1.6600753,0.29681882,1.4920942,1.9147451,1.7557403,1.35974,1.265733,-3.3396852,0.5660256,-1.1369449,-0.9907343,-0.113792375,1.1469681,-0.2989379,0.60642856,-0.27343234,-2.3284879,1.3808494,-1.7060212,-0.5315732,-0.33904588,-1.9609761,-1.7547492,-1.4541234,-1.7967588,-1.692101,0.69218683
2588599,-0.17458227,0.27350688,-0.12948166,0.29581723,0.37741706,-0.305734,-0.34093148,0.26942995,1.3030542,-0.07835985,0.27615649,0.75153464,-0.91970694,-0.35024124,-0.80850637,0.07704021,0.24672689,0.3824996,0.057950627,-0.10059161,-0.47609925,-1.0889019,0.3112983,-0.97824603,-0.05792074,-0.5288652,-0.7949163,-1.08311,-0.58623046,-0.56030476,-0.7101942,0.49456978
2588601,0.33219066,0.48411024,0.03594459,0.72557825,0.507798,0.85474026,-0.14828156,-0.07261286,1.4313692,-0.14652024,0.31474122,0.6483477,-0.60331404,-0.8328675,-1.456038,0.30493954,-0.25216824,-0.048903264,-0.19386233,-0.53534186,-0.28647682,-1.2396984,0.111756265,-1.6405762,-0.5726619,0.12950218,-0.45898426,-0.5508278,-0.62662923,-0.62343854,-1.193851,1.1718122
2589535,-1.0524837,3.056024,0.3592594,-0.91691756,0.3951793,-1.5480592,-2.3845143,-2.1801884,-0.5125706,1.1234071,-0.32923272,-0.9467341,1.3792021,0.64443856,1.8487395,-0.531025,0.38042974,1.4377577,1.885223,-0.39503312,-3.0788639,-0.34381393,0.67943543,0.16961338,-0.43415445,-1.5061436,1.3423645,1.7738473,-1.9635615,-0.9300646,1.9337593,-2.494586
2589713,-0.06633901,1.2750531,0.5841552,1.5125079,-2.3219764,1.0802977,-0.22133636,0.1805775,-1.4052428,-1.7906545,1.0555195,-2.1069846,0.59126216,1.6321993,-0.6075887,0.6685541,2.207898,0.057546258,0.03526727,-0.4753277,-0.048279345,-0.03805299,2.2311687,1.4270256,-1.003013,-0.4382231,-0.38293323,-0.96718585,-1.2289343,0.9830611,1.200519,-2.523122
2590669,0.9205263,2.283108,-1.9939069,-1.5547048,-1.0383176,-0.8216725,1.7517909,-1.3726587,-1.0074953,-1.5773345,-0.2895621,-0.75816137,0.94211054,-2.1757178,1.3148482,0.09194222,-0.8125186,2.065392,-0.1211507,1.0846806,0.041606784,0.48187166,0.814939,1.7272254,0.43055254,-1.85049,1.0634152,-0.27056816,-1.1042645,-0.21372616,1.3379447,-0.13653654
2591527,0.20383447,2.251867,-1.4818215,-0.7500355,-1.4536383,-0.141365,1.057999,-1.3226739,-0.9191409,-2.3785954,-0.072167926,-0.59647703,0.17006366,-2.289308,1.0374414,0.13088498,-1.1083165,2.0848417,-0.29503283,1.1435694,-0.4197966,0.30809596,-0.05843394,1.1156548,0.06099973,-1.9389073,1.001432,0.2417873,-0.40667817,0.22581011,0.44427082,-0.56354904
2592316,-0.65114135,0.5497736,-0.041832935,0.39019722,-2.1421306,-0.89284563,1.4844021,1.6616056,4.657354,-2.2210548,-2.4085476,0.8686597,0.3245545,-0.22153845,1.1542742,-0.9940076,1.2628621,0.6053004,1.4119531,-0.7998697,0.9569867,0.47908682,0.60975224,1.4122175,1.0611839,1.1723487,0.010815946,-2.6295407,-2.0716949,-1.1724752,-0.7032417,-0.64698315
2593441,0.9407323,-0.8951503,2.2182066,-5.8294334,-0.8553392,-2.1478958,0.9306271,0.6466811,-0.6433575,-0.19704716,3.1866307,-4.4000645,-1.9501717,-1.4363114,-2.1730719,-0.5794579,0.80005544,-3.203746,-3.7339404,-1.4335064,-2.0374255,0.23294562,4.1627936,-5.500669,-0.62169266,4.109055,3.209303,-2.8782594,-3.9790695,-1.3296024,2.6782992,2.3543813
2594198,0.1147719,1.7579429,-1.3098617,-0.30555367,0.90948915,-0.5491455,-1.054366,-1.7772591,-0.057030067,0.27277946,-0.97236484,-0.7462561,0.41167942,1.0403965,0.007381983,-1.6062039,1.0608563,0.5981561,0.72731525,0.5747893,-3.2689793,0.33146694,1.0891452,-1.039547,-0.0561734,-1.2925886,1.1625036,1.3188784,-0.7959048,-1.1628861,1.2704822,-1.9600874
2594386,1.7761215,3.1334805,-0.51983833,1.271386,-0.20618746,-0.57986337,-2.08729,-2.2252085,0.09017499,0.70631593,-3.2122204,-2.9966824,0.5621846,0.8070293,1.4178736,-0.60245067,-0.4921939,0.9456707,1.3205336,0.84556717,-4.462931,0.48240596,2.1256194,-1.1368831,-0.43266875,-1.7389313,1.4999117,2.238948,-1.077356,-2.19494,1.5822736,-2.6662967
2594397,1.8284272,2.497071,-0.6996372,1.8046731,0.14050853,1.0005436,-1.1195885,-1.4533747,0.16401157,1.5447248,-3.889828,-2.1720567,-0.04911164,0.9620416,0.03427674,-0.23772869,0.6051681,-0.7892891,0.57314944,0.15423363,-3.9993694,1.7468342,2.066359,-1.8863572,0.017260835,-2.2820911,0.9553878,1.1450489,-0.6147731,-2.0056777,1.032556,-1.4510893
2594633,-1.3660775,4.719138,-0.56237864,0.082952425,0.4712714,1.0027348,-0.0015157685,-1.541568,1.9225594,0.20379767,-0.62304604,1.0895411,-2.5976293,0.9204043,0.56562793,-1.813773,-0.2067006,-4.609673,1.0446465,2.241503,1.1870729,-3.5364306,-2.2894633,2.2064543,1.0812099,0.21288472,0.8116862,-1.1869111,-1.6698923,3.4923644,2.5930586,0.07651527
2594702,-1.1728932,3.3435092,-1.0111703,-0.20442952,0.78506917,0.85403556,0.041724134,-1.2998048,2.17871,-0.44595253,-0.7123718,1.3848807,-2.5500915,0.5815587,0.41463074,-0.9616981,-0.72048306,-3.8061962,0.97056234,1.0987113,0.7989152,-3.1166358,-2.2174687,2.2540793,0.7773391,0.4010346,0.52402395,-1.5654558,-1.3157759,2.993035,2.187264,-0.5837797
2594923,0.07363272,1.0332588,-0.69231707,-0.82199323,-0.8600914,0.05813917,0.48747605,-0.7022975,-0.5573346,-1.3185233,0.36994308,-0.8089794,0.18258436,-0.97416127,1.3274944,-0.22873652,-0.5170829,1.4082009,0.10751267,-0.2649639,-0.4918115,0.93428135,-0.41158855,1.0876417,-0.19625428,-1.3306311,0.40792412,-0.40589106,0.11351174,-0.07082451,0.52806437,-0.29684728
2595232,-1.239773,-2.7578585,2.7358458,-0.34778202,0.4568923,0.5572085,3.3181012,-0.46338817,0.43539554,-4.319129,-0.6565998,0.1990079,-2.655999,-0.5275293,-1.6545488,2.2588375,0.3578259,0.731667,-1.3876727,-1.6395205,-0.34226838,3.284739,2.9392228,0.8687659,0.6301701,-1.7145077,1.789063,1.1355549,-3.028388,-0.2578228,0.7354825,1.880571
2595454,-0.37625304,2.7309165,-1.3376724,1.2977778,0.9424827,-2.375292,2.0990613,-2.5461562,-1.8816035,-2.4961154,-1.3731425,1.8820087,0.53962535,-3.0089424,0.72004336,0.4692908,-0.6807316,1.5527096,-0.75330496,1.2390913,0.42930022,-0.5450587,2.754578,-1.0967461,-0.36683613,-1.9109515,0.35100043,1.6970266,-0.15857819,1.0882534,-0.7742984,-0.7086854
2595530,0.29422262,2.6520789,-1.757105,-0.30881754,0.8058293,-2.4528108,2.4791105,-2.5983145,-1.799279,-1.8335243,-1.4407957,1.0471505,1.2663183,-2.664353,0.7936456,0.051372197,-0.64503956,1.8575269,-0.7718989,0.83498096,0.15778643,-0.53742063,2.941177,-0.25533056,-0.2411915,-2.1550806,0.631652,1.2048651,-1.107365,0.33460268,0.17017321,-0.47698864
2595618,-0.83773863,1.4908357,-1.007632,2.2106876,0.4948399,-0.92594904,1.171374,-2.159799,-1.2542077,-2.5438516,-0.007233165,1.2924408,-0.29106084,-2.041627,1.2498703,-0.11467263,-0.95320314,-0.30775508,0.05501182,0.41387162,-0.0034051836,0.20254964,1.7139906,-0.26028615,-0.04290525,-2.0208797,-1.0227993,0.828464,0.42757246,2.094606,0.13194925,-0.39837334
2595943,0.51862925,2.1293364,-1.1223727,0.8102327,0.9901975,-2.2097406,1.9998349,-1.9787039,-1.365033,-1.7496516,-1.6066785,1.5489347,0.4118618,-2.325275,0.75379616,0.08054374,-0.5704229,0.8558697,-0.6143766,0.77527946,0.5427429,-0.6150932,3.1068728,-0.69178486,-0.14775619,-1.1929126,0.15508942,1.377087,-0.52493614,0.8856824,-0.31873575,-0.4213759
2596487,-0.4691827,4.8435802,0.42488855,1.1095455,0.3933342,-0.70554155,-1.8919945,-1.0220134,0.039490283,-0.62822455,-2.460473,1.5434908,-1.3338464,0.08542499,-2.8532653,-0.9541692,1.2567551,-4.638176,-0.7248111,3.6186748,0.6678605,-5.496747,-0.52057636,3.7054763,2.7486868,-0.90007925,0.31831372,0.2760229,-0.7665522,1.6685951,1.8687007,-0.65100443
2599006,-0.48942536,1.764362,-0.20090117,-1.3195294,-0.07608875,-0.59718895,-1.4132614,-1.4520413,-1.0237316,0.11502605,-0.7489449,-0.83942115,0.3189043,0.095052116,-0.058403283,-2.3849828,0.11516607,1.2334969,0.9257962,1.2404915,-2.8036067,-0.4824831,1.5170065,-1.0355477,-0.43364483,-1.0851178,0.2046179,1.9067103,-0.38918036,-0.41114756,1.2051438,-1.0010498
2599039,-0.49580556,2.1906862,-0.3552671,-1.290781,0.3771279,-1.1609753,-2.5014288,-2.113594,-0.68785614,0.24926522,-1.0716411,-0.92766386,0.87948364,0.3814668,0.76615155,-1.799389,0.0692797,1.1631216,1.6434354,0.63660085,-2.959894,-0.43817985,0.9257375,-0.7419198,-0.32620293,-1.1244993,0.40810993,1.6402406,-0.91308755,-0.37248382,1.3821403,-2.510764
2599057,-1.5102528,2.014605,-0.6561456,-2.1651661,0.26863354,-0.94685453,-1.5768979,-1.2015678,-0.96887356,-0.38070005,-0.04176182,-0.115840584,0.5637822,0.21295974,0.16624263,-2.1805983,1.08688,1.3372462,1.2968297,0.8537096,-2.31581,-0.7130878,1.0896735,-0.9211291,-0.35206026,-1.3363442,0.25156572,1.393577,-0.6181923,-0.28681287,1.4149448,-1.0897228
2599181,0.019167371,0.7093294,-0.12666048,1.3717511,-1.5237335,1.2295161,0.11049619,1.7221032,-0.2747031,2.5691895,1.8921089,4.0047545,1.6707888,3.4284036,-0.15909213,2.069287,-0.5191423,-1.2299734,0.7255439,-2.0054057,0.25104526,-1.972232,-2.274018,1.3794307,1.4466542,-1.8598413,-2.4883196,-1.2438376,0.9097661,2.425133,0.42331254,-0.28824848
2599619,-0.07938401,0.6881672,-1.6834048,0.12460925,-0.025979377,0.8389967,1.7876934,1.0676409,-2.5142553,-2.3359747,-0.64536256,-2.2533927,-1.8984025,-0.16017196,0.19282298,-1.3644924,1.3460685,-0.53890765,1.1570537,-2.4120781,-2.0541239,0.34842497,1.7423767,-0.6990957,-0.83159417,-0.73765314,-0.49708,-2.1146495,0.8296322,0.7203215,-1.385805,-3.2886918
2600452,-0.82863533,-0.46378756,0.49461427,0.23120067,0.80913544,0.033581097,1.0871519,-2.1619363,-0.9095492,-1.394894,-1.8243526,-0.11513226,1.5957985,-0.59156877,0.8554718,1.2593839,-1.0405964,1.1157347,-0.1435417,-1.7115074,0.003309548,-1.1838042,-2.1031487,-0.6638366,-0.16698407,0.81202364,-1.3129239,0.11471425,1.5548974,0.05049924,0.16626549,0.37278932
2600810,-1.0711883,0.7442442,-0.15986776,-1.5425205,1.1544987,-0.6435116,0.3982166,1.5317456,-0.4786082,-1.0931451,1.6357833,-1.6370386,1.5996046,0.6832816,-0.9914228,0.14819503,2.0208483,-1.5626065,-0.7520588,-0.44582227,0.4791607,1.2479305,0.53040874,-0.967831,0.09302102,2.6267338,1.3652413,0.7672771,-2.3991697,0.33574665,0.644839,0.5035921
2600876,-1.1310923,0.6637642,-0.080740735,-0.84730023,1.2836787,-0.31835678,-0.3088748,1.7572731,-0.92430913,-0.055914648,0.18031654,-1.3914405,1.1589162,0.5558593,-0.8853343,0.81249714,0.9679986,-0.78769,-0.9667759,-0.93575156,1.0932351,1.4645424,-0.059820578,-0.22047776,0.2087236,1.1074117,0.79588705,0.1027372,-0.8493984,0.11873685,-0.027603533,-0.5549403
2602213,3.3303626,-0.94198,-3.6520045,1.6035271,-2.980171,1.3671848,2.109492,3.5705643,-1.3253531,1.7924432,0.11999551,0.40739784,4.1099334,0.17952798,0.38657737,2.1539936,-2.591738,-1.9799368,1.1477425,-0.2140168,1.5035571,-0.87077963,-0.8401605,1.9660821,5.2876863,0.45795986,1.7055881,-2.1335785,-0.77278006,2.4017966,0.29314435,-2.7293255
2602462,-0.1763612,0.730566,-1.8420398,0.5083528,-1.0117159,0.67230934,2.1924772,0.7472274,-1.7783982,-2.5751204,-0.41359672,-2.3941178,-1.5200851,0.3544738,-0.24117811,-0.81398934,1.1594085,-0.121420026,1.6942668,-2.1335082,-2.1714323,0.9811137,2.0529375,-0.17674768,-1.4284266,-0.30950418,-0.2739927,-2.2588809,0.94454986,0.93760717,-0.50267863,-3.2048576
2603312,-0.43302232,3.580213,-0.94896686,0.527087,3.202844,-0.08690095,-2.4006615,-1.7616019,0.48811102,1.5309516,-1.826154,-0.7985097,2.2068527,2.5485506,0.42602158,-1.4962945,3.2002962,0.36469296,1.8854991,-0.40077102,-5.0441055,0.9340826,1.6505787,-1.5492245,-1.2045133,-4.6637845,2.9202366,0.60734224,-2.5773566,-2.6771355,4.0182858,-3.1524394
2604580,1.588324,3.7706566,-3.202781,-2.7590714,-0.6500568,-2.966498,2.9598105,-2.071793,-2.306341,-1.753198,-1.9951006,0.099525526,1.9976677,-3.5544438,0.73812866,-0.39414766,-1.6996572,3.5100076,-0.8567465,3.0520935,0.12067072,-0.52080315,3.19885,0.8082989,0.09308586,-2.3657932,1.5687151,0.39506796,-2.2742627,-0.9520275,0.56984746,-0.84329957
2605025,-0.0936694,0.5625422,3.3339887,-0.04173082,-3.032907,-0.07763872,2.5613441,3.7514174,7.0259476,-2.5936441,-4.3959103,2.238576,1.2933594,-0.08785379,0.38932773,-2.3993456,2.9235086,-0.043160155,0.5693742,-1.4570991,1.4676089,2.3176517,0.6680339,3.061356,3.1317806,1.0397748,0.0755224,-3.147075,-5.277799,-1.5138129,-1.2540244,-2.6980815
2609566,-0.09710287,0.27410746,-1.8063273,0.23045574,0.4107385,0.5592672,1.4206011,1.7259606,-3.0522082,-2.04863,-0.50418365,-1.6184462,-1.8452672,-0.22025436,-0.16870882,-1.4423658,1.593748,-1.2316419,1.1379337,-2.014336,-2.6624367,0.13146618,1.7667838,-0.41634366,-0.8992005,-1.1272658,-0.39639953,-2.1182394,0.35036984,0.21239913,-1.910308,-3.3547187
2609648,0.07250733,1.4180689,0.1299324,-0.55434555,-1.2124852,0.6161608,1.7577571,1.5779136,-1.858323,-2.516536,0.059933815,-2.5420752,0.022608329,0.8901321,-0.3170209,0.555854,0.86965436,-0.38928172,0.09447007,-1.8304282,-0.50167763,0.07768183,1.2329694,0.4585768,-1.7686952,-0.5201835,-0.9718147,-1.8094927,1.0327692,1.0699931,0.24084802,-2.9693468
2609710,-0.3307073,0.6889229,0.7114401,0.14634234,-0.8459298,1.1721053,0.97091776,1.5665472,-2.0260205,-1.8526512,-0.25016844,-1.8211545,0.20673384,-0.12512696,0.070897326,0.36286104,1.0423076,-0.92522115,0.2607852,-2.0293422,-0.71921456,-0.7010553,1.4953984,0.64226645,-1.5195581,-1.4520802,-0.73212177,-1.7056899,0.40980592,0.5712096,-1.0342336,-2.8929172
2611384,-0.5628053,0.65611273,0.51076096,-3.7038841,0.94475156,-1.8733084,0.6272688,2.4325256,-1.3149738,-1.861448,2.210119,-2.7251613,1.2640451,-0.015487056,-1.9415997,0.67501533,1.4107447,-2.3046494,-1.9588767,-1.237042,-0.47800562,1.5051856,2.331585,-2.345186,0.3265702,3.532475,2.496043,-0.06676857,-2.9219165,-0.01626106,0.9635803,1.1022269
2612084,-0.9910694,-0.40416998,-0.17863637,-0.3328812,1.8450907,0.4949437,1.0793265,-3.6404026,-1.3001875,-2.0727782,-1.2800927,-0.3196341,1.6331012,-0.38386977,0.8615598,1.2147412,-0.6584876,1.6600853,0.083691,-1.7343853,-0.6437894,-1.3000308,-2.4186554,-0.14471835,0.09919231,0.45243746,-1.285138,-0.75666124,1.0846786,0.8909888,-0.12804435,1.1185971
2612937,-0.92599297,0.58332765,-0.28187418,-1.8244745,1.2785922,-2.4070566,-0.34422296,2.178237,-0.82048106,-1.955035,1.8962337,-2.8170965,1.3437866,1.056098,-0.87110287,0.07101886,1.930778,-2.0629315,-1.2326232,0.77768713,0.12022511,1.7582481,1.230329,-1.6042526,-0.73532605,3.31778,1.2108338,0.11049369,-3.0429864,-0.087455064,1.4174188,0.6655939
2613132,0.5539841,-1.710707,1.1040502,-2.4925842,0.99171853,-2.375609,-0.26354092,1.4645362,-1.0970733,-0.40160993,2.1758144,-3.236523,-0.689026,0.81773335,-1.4072945,-0.7543957,0.86547965,-1.7339903,-1.94792,0.0017690659,-1.2953024,0.5746933,1.4081572,-2.5225897,-1.1768345,3.9258337,1.2333578,-0.8275197,-2.8786342,-0.14306594,1.2909291,0.96310794
2613140,0.33841214,1.2538104,0.42052644,0.79766923,-2.251643,0.42541137,0.16868895,-0.1745722,-1.4904014,-2.2433505,0.8063846,-2.2455401,0.6989372,1.724685,-1.2927358,1.1127954,1.6844898,0.055568993,-0.014286244,-0.3086898,-0.2884192,0.1859225,1.7611077,1.4989867,-1.2738665,-0.27715608,-0.0813481,-1.0215925,-0.21547554,0.4619625,1.8529423,-2.381494
2613230,0.5122542,-0.5644732,0.6585297,-3.3844225,0.66356194,-2.3193388,0.20477696,1.8531641,-0.92638874,-1.1588665,2.7132215,-4.30413,0.212107,0.08588584,-1.8459597,0.12157516,1.0111969,-2.7538874,-2.5803728,-0.84175175,-0.87412906,1.1276981,2.5904121,-3.6857703,-0.7212497,3.8116217,2.2157366,-1.1930552,-3.367681,-0.17287146,2.074706,1.7028705
2613399,-0.36001664,0.879086,-0.36145386,-1.4660305,1.3955833,-2.5328307,0.6569277,3.090957,-0.895275,-1.9058876,2.337852,-3.4183114,0.6958056,1.1661326,-1.4915582,0.3463927,0.84811586,-2.3447487,-1.3497498,-0.13920614,0.19358867,2.0548801,1.6433457,-2.90051,-1.0278466,4.545018,1.7011594,0.2753658,-2.9706163,0.3042476,1.024487,0.7914911
2613434,0.47858146,0.8985595,0.25984734,0.53551435,-0.4454839,-0.42719328,-0.3311426,0.7026601,2.2740417,0.7872797,1.6089426,1.2103541,-1.788174,-0.47361273,-2.0211763,0.25175908,-0.46891183,0.4087307,-0.30650023,0.16048886,-0.11813779,-1.8669386,0.904217,-2.410459,-0.43960974,-0.16291791,-1.4348087,-1.710451,-1.1996496,-1.2545719,-2.0930898,1.7122895
2613521,-1.3727081,1.2609007,-0.24020797,-3.2153928,1.1087042,-2.6068375,0.7216315,4.4186096,-0.79776305,-1.747614,3.0689678,-4.555403,2.1240687,0.57651347,-1.5443288,0.5271342,0.9789304,-3.4661732,-2.5185075,-0.3472208,-0.04932871,2.871189,2.3756795,-4.2290926,-0.72290933,5.4276953,3.0273607,0.00719076,-3.1165857,0.26120195,1.4236288,0.98245513
2613583,-0.7740071,1.5957794,0.40102845,-4.5368443,0.30825084,-2.0630648,1.5896251,2.2463057,-0.42586583,-1.8583995,2.985642,-3.4655066,1.4675388,-0.3341435,-1.9540845,0.8865769,1.6619496,-2.8194249,-2.8908243,-1.6589537,-0.24678281,1.7998691,3.179745,-3.7485218,0.4464305,4.4158363,2.726036,-0.23588903,-3.6129453,-0.3643033,1.8326379,2.2025018
2614207,0.02327544,0.5099123,0.028360184,1.6370375,-2.9104044,1.200413,0.030594494,0.25486675,-1.7594184,-2.2112706,1.0589021,-2.6830196,0.45756078,2.5122871,-1.0569344,0.7136558,2.7135417,0.47335124,0.13440314,-0.46411508,-0.20668101,-0.2094671,1.9612066,2.3316414,-1.6448371,0.38027546,-0.27343008,-1.8132442,-1.0128264,0.34738258,1.6630055,-2.6840415
2615096,-1.5665444,0.16976728,-0.04131606,-2.36947,0.93433785,2.2716208,-3.653794,-0.47600567,-1.9995803,-0.73500526,-1.0272682,1.9348651,2.0971816,-1.1302917,-0.09972929,-1.352943,2.24433,-3.803651,-2.5907538,0.3630773,-0.78099793,0.3356853,-2.418014,-0.13232078,-1.5601373,-1.96868,0.8983771,0.5976866,-1.9022621,-0.9896482,-2.0894825,-0.8929398
2615421,0.15858284,0.9872261,-1.28901,-0.802939,0.241826,-0.10017806,-0.7530877,-0.9621073,-0.056456678,-0.3840455,-0.942797,-0.5082368,0.06651751,0.36737704,-0.58067244,-1.3035187,0.8230137,0.35721567,0.2797796,0.8657178,-2.2472026,-0.1825289,0.9930287,-0.9306677,0.04648997,-0.78765047,0.26537803,0.81311226,0.010165439,-0.34437022,0.89195114,-1.1951536
2615522,-0.78871334,-0.59699196,1.2713274,0.2899582,1.1696273,0.9518893,1.0758175,-3.6457121,-0.15701261,-2.1164963,-1.6081396,0.5845006,2.4845748,-1.4309987,1.0702844,2.0564911,-1.430865,0.8087711,0.31922984,-1.6478815,-0.119841546,-1.1894456,-2.5863557,-1.3003223,-0.5441672,-0.07757795,-2.048015,0.13050143,1.6478226,0.66401213,0.020563878,0.688721
2615955,-2.6498437,0.9718727,1.7345312,-1.9132024,-0.61286896,4.44749,-3.2146025,-0.22707064,-1.8118713,-0.018896736,1.5383636,1.2771969,4.118492,-0.1956727,-1.0204481,1.1042212,1.5578268,-3.4563737,-2.2861452,-0.7852043,-0.878102,1.1798191,-1.4262645,-0.81561667,-1.4444447,-3.8521821,1.108116,0.12084581,-1.0346204,-0.21226692,-2.3393803,-1.5886716
2616196,0.098048806,2.5274527,-0.6441482,0.69620895,0.60690457,-1.9391053,1.6778241,-2.300195,-1.3813128,-1.5796119,-1.0500138,1.5459739,1.0928893,-2.177777,0.6862777,0.14176133,-0.60214645,1.6129391,-0.66238457,0.81877327,0.17006788,-0.24493703,2.567846,-0.7181003,-0.45054883,-1.5725728,0.32028615,1.2891748,-0.18872565,0.37355787,-0.33606085,-0.69937664
2617442,1.3392386,0.7035587,-0.8042603,0.2524378,0.12837999,-0.23623997,0.72462493,0.6224876,-0.2814178,0.2535919,-0.098449,1.7064918,0.4455095,-0.14493176,0.26809257,-1.2003757,-0.14642678,-0.7526943,-0.58404297,-0.27668852,-1.6066543,0.58833706,0.4312849,1.3887888,0.9839795,1.0029908,-0.8928767,0.026412684,0.54295504,0.87408054,-0.6766249,0.017407611
2617859,1.2954108,0.029665165,-1.3522573,1.2134401,-1.6047359,0.39332804,0.91688395,2.163303,-1.1188321,1.7861654,0.40517294,2.3411717,1.814076,1.2788658,-0.101647615,1.5859338,-0.53072816,-1.1972618,0.4806031,-0.9217625,-0.44570553,-1.2824383,-0.8599684,1.547212,2.132807,-0.2951128,-0.8521098,-1.2305497,0.23800623,1.792444,-0.4296667,-0.6397398
2617890,-1.050826,0.4189766,-0.23666154,-0.23544559,-0.043536942,-2.9553719,-0.8635097,2.1324153,2.0467694,1.5536515,1.5603676,0.8537865,-3.0092914,0.86373895,0.038303826,-0.36957592,-0.05327989,1.8518338,0.76352406,0.5575161,0.4217187,-0.8729737,1.7798599,-0.043312907,0.7761003,-1.3985502,-2.0856144,-2.5969932,-1.5951306,-2.5426762,-0.003075106,0.18435219
2618443,0.23448434,-0.9301751,1.67811,-4.641015,-0.07868636,-1.5431845,1.2221491,0.37548968,-1.0010762,-0.68509346,3.2344983,-3.6057236,-0.7333396,-1.1817479,-2.061717,0.013059242,1.9979689,-3.0434508,-2.9144435,-1.020474,-1.10326,0.013547566,3.3922157,-3.5686655,-0.2822199,3.7509646,2.6714227,-1.5178461,-4.265761,-0.35749996,1.856723,2.5370917
2618444,0.92228967,1.9493736,0.6921237,-0.08404114,-1.5680605,-2.1611485,-0.46500164,1.6059736,1.9670953,2.1559896,2.0713208,1.8253357,-3.4609401,1.5840586,-0.8648461,-0.61740166,-0.35308772,-0.080459066,-1.5122745,1.0232421,-0.8910626,-2.9109826,0.91227835,-2.4684482,0.5863726,-0.7804575,-1.7134964,-3.103509,-2.7324896,-0.6695676,-1.6957434,1.2754214
2618528,0.7340437,1.8263597,-0.22638616,0.6857908,0.6077174,0.32849148,-1.3774647,-2.0615957,-0.29121196,0.8138782,-2.4209883,-1.5290768,0.4532191,1.4117508,0.114071235,-0.8754012,0.76611555,0.32489112,0.62136346,-0.12731963,-3.3861454,0.36734143,1.3806976,-0.81732637,0.04472077,-1.5282891,0.8894663,1.8547266,-1.0588301,-1.7139663,1.7418264,-2.625917
2618756,0.7054679,-0.8070323,-0.5714511,1.8132048,-0.9437288,1.0722349,0.41297662,0.6576536,0.0619694,1.7341682,1.9527874,1.944083,1.8472655,2.2001631,-0.024766143,1.5987853,-0.3488853,-2.159691,0.1295163,-1.1601559,1.3731915,-1.339599,-1.0938022,0.8510653,1.0381242,-1.0131471,-1.2308654,0.08533253,0.41380078,1.8395473,-0.39018425,-0.72220755
2619345,-0.06986447,-1.5286069,0.056174945,-0.36332393,-0.031861912,-0.23144642,1.4859291,-0.085423686,0.61394244,-2.9230838,-1.0199536,0.2142582,-1.5326821,1.0081347,-1.4298807,1.5421278,0.40275452,0.6703715,0.40923432,0.26767427,-1.0812356,1.3531047,1.2363718,0.6825339,0.62470216,0.20802416,-0.3328593,0.97503996,-1.3741138,0.02302017,0.36594954,0.7122785
2619512,-0.72875303,-0.22897609,-0.67932373,0.17605975,0.76930183,-0.4222772,0.35173124,0.84064955,1.2776493,0.21746317,-0.33991522,0.084912956,-1.2002835,-0.9040394,-0.08136165,-0.2884634,0.42178518,1.2875191,0.6022978,-0.6214601,0.2500781,-0.758131,0.6706155,-0.10213131,-0.22010535,-0.5703591,-1.4882137,-0.5911581,-0.59166026,-1.4024678,-0.053238556,0.028990693
2620118,-1.5617908,2.7611284,-1.3900616,0.24036215,-0.039791685,0.5443987,0.07397547,-1.237485,1.8432661,0.40695935,0.2256732,1.3695145,-1.8410679,0.4754588,0.5794204,-0.95539844,0.13826494,-2.6994028,0.3510272,0.7911199,0.8170585,-1.8079376,-1.05977,1.6115701,0.48660314,-0.24736166,0.6306574,-0.51726234,-1.2817558,2.199993,1.0963949,-0.17372817
2620599,0.28959057,-0.88434273,0.2206555,0.39312837,-0.30928323,1.4369147,-0.2571146,-1.1526306,0.5731065,-1.2464554,-0.6291241,0.058753725,1.2396109,-0.38372898,-0.14940947,0.492473,-0.90748817,0.4010071,-0.34988567,-1.3056407,0.20861125,-0.3191837,-1.0689449,-0.3204495,0.042149838,-0.032507483,-0.43994564,-0.99756014,0.6720205,-0.92288,-1.0334352,0.91088593
2621045,-1.213578,0.26190877,1.4261287,-1.2365875,-0.36176866,2.6307254,-2.797019,0.4174202,-1.1954284,-0.9614265,0.009595465,0.7495947,2.335307,-0.28305143,-1.3533862,-0.12772252,0.6526134,-1.1751108,-1.7957927,0.21560702,-0.93840176,0.1807498,-1.2863679,-1.2144784,-1.143292,-2.0215497,0.46034935,0.8073124,-0.62917703,-0.1900529,-1.7292337,-1.2870709
2621160,-1.942153,1.421948,-0.63970774,-1.8797352,0.28384626,1.9719524,-3.1204624,-0.71553683,-2.0145745,-0.5479682,-0.80449563,2.5943217,2.1840353,-0.27897888,0.6190957,-0.31236482,1.9756756,-3.966013,-2.7453728,0.123021156,0.14992554,0.4686007,-2.007812,-0.74498886,-1.6655324,-1.923615,0.9197475,0.1405202,-2.1122854,-1.4507694,-1.421252,-0.44054133
2621177,-0.6196015,-0.4827994,0.22745328,-1.5199169,0.73173213,1.9522123,-2.7694287,0.22969149,-1.2889029,-0.4486476,-1.4138298,2.0643992,1.3933296,-0.53384405,0.17738283,-1.4989115,1.4126171,-1.881545,-2.033346,0.48859742,-0.261897,0.06434552,-1.5477293,-0.51053494,-1.0260241,-0.85178703,0.4436792,0.23269181,-1.3172864,-0.49457076,-1.0570706,-1.1049441
2621220,-1.621616,0.7191583,0.01830824,-1.8824483,0.5006717,1.8656423,-2.5969167,-0.21389653,-1.9290131,-1.0286311,-0.6226019,1.797042,1.8418972,-0.2370566,0.33155558,-0.6662382,1.7132738,-2.6363616,-1.9467933,0.24588874,-0.20125659,0.68625796,-1.6582525,-0.8080299,-1.2761681,-1.5347774,1.1681037,0.5145492,-1.7279989,-1.0785246,-0.92165244,-0.63176495
2621411,2.3657808,0.3468641,-2.3342843,0.60663736,-1.2347827,0.5102678,1.7007494,1.6802973,-0.29849195,0.859407,-0.54348665,0.9990115,1.7815772,0.24130818,0.5673962,0.94932574,-1.2911377,-1.3657852,0.81062096,-0.41507286,-0.37621564,0.053524066,-0.14461827,1.6459947,3.1258037,0.3659722,1.0281154,-1.3470508,1.0576843,1.1081656,0.19722743,-1.6976098
2621439,-0.9674902,-0.33679163,0.15385409,-1.62975,0.44528452,1.7787848,-3.3150015,0.4599684,-1.9461192,-0.5510921,-0.8921998,2.0217018,1.5378882,-0.7369007,0.10567526,-1.6819897,1.221675,-2.4013498,-2.6503518,0.48379505,-0.95177287,-0.009524807,-1.8258009,-0.5719873,-1.2185904,-1.3069227,0.43307683,-0.009945124,-1.1165794,-0.73257375,-1.4006567,-0.9939936
2621490,2.1731472,2.1119308,-2.210663,-0.9107982,0.6644333,-0.68098825,1.5281658,-0.14624342,0.2903005,-0.9362236,-2.5331793,1.1119049,-0.3284989,-0.83575904,1.7103798,-0.44474202,-0.80380666,-0.37068602,1.0507107,-0.09510348,-2.9222035,2.0834517,0.73080295,1.2324092,1.006461,1.0254815,1.9862981,-0.71441126,2.299389,-0.25529692,0.6573658,-1.004112
2621535,1.7750478,1.5772364,-2.2575989,-1.0793581,1.9738886,-0.35356992,1.470262,-1.136406,0.839699,-1.0554174,-2.0665998,0.66992545,-0.5005368,-0.828641,1.468745,-0.49582633,-0.83167964,-1.0279747,0.8685325,-0.2025696,-1.9538747,2.8591957,0.9034743,0.88288474,0.07048461,1.0507903,2.495756,0.039524753,2.6356692,-1.2329233,0.36343122,-1.5820283
2621736,2.597296,1.5060259,-2.895669,-0.6697325,1.4327807,0.23051041,2.6187644,-0.22656038,0.28172725,-0.81202257,-2.4997606,0.0019505201,0.18862192,-1.0260456,2.0276532,-0.40697834,-1.3775207,-1.2956909,1.1100016,0.48260507,-0.59925586,2.5129387,1.4601845,1.2278954,2.0811934,1.2611287,2.9923773,-1.4013162,2.766873,-1.0138936,1.1527156,-2.4912548
2621842,-2.6833174,0.5631591,-0.6526567,-2.3091574,0.4995717,2.2412384,-4.6630454,-1.0829939,-2.7020624,-0.7171593,-1.5758501,2.9342742,2.4940362,-0.33816808,1.5401914,-1.2631443,2.9929318,-4.5480347,-3.4679537,0.3555853,-0.28900257,0.6698355,-2.7943368,-0.6287236,-1.6356052,-2.2380555,1.0454334,-0.12217735,-2.013938,-0.97995055,-1.71529,-0.8005121
2621882,1.649435,2.1275334,0.57273436,0.6957174,-1.8512868,0.21540046,1.0243077,0.020319574,2.1437159,1.4725707,1.2735097,0.95595056,-2.5302193,-0.4818241,-1.6987567,-0.43550456,-1.0896249,0.37253556,-1.5308014,-0.33197948,-0.5169727,-2.619518,0.72898656,-3.1580536,-0.5829545,0.42606515,-1.5474628,-1.3768908,-1.1626558,-1.0325615,-3.2924583,1.3688459
2622021,3.0286825,1.6834419,-3.3237386,-1.481052,1.3741889,-0.23160908,3.2342606,-0.35990152,-0.037587523,-0.7183263,-3.2848675,-0.05612197,-0.43957427,-0.57504493,2.1512163,-0.34671625,-1.8028022,-1.0227314,1.7496892,0.6952283,-0.83095455,3.1299229,1.681537,0.9170714,2.3970988,0.94434774,3.9270892,-1.8921815,3.1838422,-1.653348,1.5070902,-2.7369654
2623166,1.880596,1.5834628,1.8214079,0.2543648,-2.447881,1.6652634,-0.50326115,0.36398292,-1.3161763,2.2233088,-4.228258,-2.9032018,-0.9095486,-2.7363174,2.7234585,1.2290286,-1.4430606,-1.8759694,-0.07700677,-0.16148588,-0.30119333,0.13971718,2.5625763,-0.78205425,1.472267,1.6704369,-2.6903656,1.5699545,1.5083638,-0.7450904,-1.8092936,0.44479918
2623283,2.7517529,0.8515611,2.9840558,1.2495428,-3.7306187,1.6072717,-0.118597895,0.972367,-1.1572801,2.9499516,-4.8206563,-2.4408586,-1.0521507,-2.2671466,3.2096438,2.9406452,-2.5505357,-1.3732814,-0.44520319,-1.1112975,1.0396872,1.3706061,1.8071848,-0.36204427,0.749359,2.0380068,-2.6404748,0.93877196,1.1992637,-0.68933284,-2.89776,0.27309954
2623316,1.0462412,1.1054069,0.92930406,0.37810695,-1.8263627,1.2336317,-0.43002573,0.37887865,-0.6046318,1.6852964,-2.7145586,-1.0137583,-0.9390196,-1.6434737,1.4046965,0.29040623,-0.97289574,-1.1149236,0.19851656,0.43615323,0.37261277,0.4351247,1.8666735,-1.0909611,0.76039577,1.4589095,-2.0825834,0.17414187,1.1116447,-0.9980938,-0.9016263,0.853691
2623382,0.798404,0.13316934,1.1179407,-0.9596082,-1.9083849,0.17535095,-0.19542149,0.4337589,-1.0110095,0.8871084,-2.0374277,-0.47064716,-0.71373874,-1.8978904,1.2240947,0.34682703,-1.6169368,-0.7995293,0.07872729,0.6146965,0.8586122,0.099949375,0.9534428,-0.5864807,0.5766475,1.7912719,-1.4439825,0.7800039,0.94699234,0.17457488,-1.2070585,0.35174498
2623425,-0.53511506,0.38157532,1.9569933,-3.0929582,-2.495052,-0.70403796,-0.7518109,0.24492323,-1.4511263,1.5168922,-0.1405376,0.32624346,0.7504515,-3.6512737,2.7128367,0.6157418,-2.0492673,-0.41882038,0.9095964,-0.34711826,2.587344,-0.5153401,0.26455015,0.47506618,0.22698288,2.8372684,-2.1088336,0.6319858,0.4176592,1.0346744,-1.7061843,0.27905333
2623475,-0.49746013,0.27242634,1.7585977,-2.5240996,-2.5826213,-0.4622054,-0.8209451,0.027461763,-1.3594332,1.0864794,-0.868785,0.31279683,0.3643732,-3.0761688,2.2278316,-0.0041229445,-1.5443885,-0.29868737,0.82917005,0.16324827,2.1432462,-1.0240896,0.6587311,0.4082445,0.2298304,2.433096,-1.9471992,0.9802824,0.93444276,1.3043852,-1.2652029,0.22368255
2624398,-1.2885764,0.90023625,-0.1026715,-0.38677558,-0.10805051,-2.8825436,-0.69526285,3.3617868,2.1129997,1.3854879,2.3400738,2.0242276,-2.3339565,1.0211695,-0.9476218,-0.6277926,0.85222,1.2307833,0.10813068,0.84572864,-0.51538074,-1.5164741,1.414166,-1.2476664,0.50656116,-1.4332943,-2.3741298,-3.5573628,-1.9141507,-1.857751,-0.7902213,0.61836785
2624655,0.5211444,1.1784655,0.032377817,-0.24026951,-1.0529636,-2.0285716,-1.035515,1.949636,2.2144659,1.8088664,2.5984724,1.5423189,-2.5685148,0.80942875,-1.0197634,-0.40185717,-0.07137315,0.5820831,-0.63365906,0.7249127,-0.95806485,-2.261963,1.3479005,-1.9950653,0.19397816,-0.59238887,-1.9713826,-3.2157223,-2.0173173,-1.4227732,-1.7049062,1.4191873
2625503,0.6648288,1.8102072,0.107404865,-0.21960303,-1.7662908,-2.4779382,-0.6894208,2.0166187,2.494508,2.2791877,2.564859,1.6503645,-3.295247,1.1771141,-0.48320907,-1.0190935,-0.31953365,0.34696558,-1.1249089,0.6347151,-1.0781454,-2.6033492,1.2682312,-2.5399847,0.91623545,-1.0224502,-2.358323,-3.9215748,-2.5336812,-1.8099102,-1.6971189,1.3618327
2625508,-0.88591933,0.79170287,-0.9011347,-0.31449965,1.4213644,-1.4987886,-0.7694038,2.1660113,-1.0089066,-1.8854628,1.2208239,-1.0203071,1.9379785,1.1903696,-0.10721121,1.1110646,-0.06381597,-1.1564325,-0.3255076,0.20220277,0.7672434,1.6094844,0.111859754,-0.5860739,-0.86954135,1.8351915,0.60997736,0.44694787,-0.62290215,-0.25950944,0.64064246,0.3547364
2625519,-0.81367654,-1.4397409,-0.4337949,1.5849501,1.7137837,-0.8548708,-3.4948375,1.1584921,-1.3842331,-1.4950831,0.42440724,-1.9761881,0.1250396,1.7071323,2.089706,0.84257865,-1.1634979,-0.16282849,-0.68996185,1.2140234,1.184313,-0.49591175,-0.8657318,1.5464995,-1.923324,0.30852306,-1.5828396,0.11679888,1.339116,0.82746774,0.2854117,1.38174
2625551,-1.20956,0.4862551,-1.0603428,0.32891575,1.3910464,-0.46615902,-0.35904562,1.80482,-0.48667273,-1.2721084,0.4197313,-0.8288723,1.7934344,1.1162865,0.43729007,0.88495374,0.24817756,-0.43657094,0.20232901,0.47811648,1.0235696,1.4331691,-0.56494844,0.8271895,-0.4545289,1.2135757,0.03068633,0.34379333,0.17929357,-0.19774726,0.60530204,0.052368376
2625564,-0.4257625,0.5114377,-0.026127022,-0.7470594,1.2398864,-1.0675429,-0.3857963,1.7830461,-0.8685099,-1.3594271,1.5875303,-2.236696,1.0178157,0.8200262,-0.2610552,0.9326478,0.7617813,-1.5821054,-1.0930251,-0.16646177,0.506226,1.3440546,0.75242025,-0.7828689,-0.077772185,3.1115432,1.315587,0.20175903,-1.6609222,-0.1552575,1.0263911,0.8497279
2625602,-0.8726015,1.1784046,-0.90637463,-1.2293004,0.9122245,-1.8229221,-2.1648118,2.8001487,-2.9005013,-0.75779694,2.2353897,-2.4175599,1.9596429,0.82995677,0.31840885,3.4531724,-1.7009248,-2.567306,-2.2065628,-0.9935521,0.005682324,2.1120198,1.8979654,-0.99213374,-0.61618567,1.8219529,1.3239065,-1.6915574,1.1081803,-0.6594626,2.5014803,1.1400566
2625854,-1.3559229,1.5180658,-1.0452441,0.42958948,1.5472065,-1.6832026,-2.1297965,3.900987,-2.5504508,-0.90390056,1.2742336,-2.4782805,2.1732652,1.7755864,0.2911911,2.8505666,-2.0490158,-1.6870024,-0.7574456,-0.23501638,1.6480701,2.6777482,0.45286036,0.48825657,-0.30967978,1.396454,0.5594713,-0.9292839,1.4779918,-1.365465,1.1473448,-0.49827054
2626055,-0.12950417,-0.33459008,0.17011583,-0.24324322,2.379404,-1.4358795,-2.369093,2.8948214,-2.3479943,-1.3876598,1.0335282,-2.6967719,1.1266233,0.46987996,-0.50065506,1.6256205,0.40859935,-1.8050824,-1.7340707,-0.33027643,0.2734448,0.6861559,0.39825654,0.008296845,-0.10098489,2.143333,0.27254635,0.2632416,-0.50821674,0.44059706,0.42065552,0.14425047
2626171,-0.14420944,-1.2902327,0.60732895,-1.0103773,2.2511978,-2.2019165,-2.6961262,1.2838039,-1.4142559,-0.37126663,1.5485573,-2.6355808,0.036725275,1.1320612,0.09812712,0.91126883,-0.15218258,-1.0501566,-1.6887344,0.38080826,-0.32487553,0.19071881,0.4549001,-0.093811154,-1.4568547,1.7263619,0.1685478,-0.47989947,-0.71114475,-0.73392373,1.1377761,0.5455687
2626189,-1.2461182,1.519655,0.08402054,-2.1124682,1.2467643,-1.3895589,0.89059985,2.232845,-0.83552194,-1.322596,1.7124478,-1.840366,1.8636669,0.29956922,-1.9332118,0.4922292,2.0748992,-2.0832307,-0.9500339,-1.0041157,0.4554138,2.0182443,0.8574773,-0.8275262,0.8396492,3.3477526,1.8848861,0.8450888,-2.7314801,0.3490157,0.30210295,0.24713576
2626275,-0.7845714,2.4248738,-0.10804549,-2.2257323,0.30996653,-1.5502754,0.5568727,2.9421155,-1.1868416,-1.0098993,1.5773431,-2.5737298,2.077274,0.2784002,-1.8508153,1.1809375,0.31642812,-1.6133093,-1.6569728,-1.2961988,0.6697506,2.1855073,1.7867479,-1.5591512,0.98036367,2.418652,2.1489675,0.060452443,-0.99692714,-0.4306381,1.2047632,0.324744
2626333,0.7157566,0.86368465,0.005827287,0.8373831,0.3225379,0.50168806,0.8000919,0.15745676,1.6525241,0.2526866,0.5960669,0.83548325,-1.0843357,-1.1259975,-2.2672694,0.058713935,-0.289639,0.43268943,-0.19242029,-0.6904082,-0.12946291,-1.5824534,0.45635816,-2.4489355,-0.7789644,0.040873066,-1.3763353,-0.48211578,-0.5232139,-0.819448,-2.057477,1.2727889
2626694,-1.5394986,2.4088573,0.7821466,-3.5412998,1.0603497,-1.8789434,0.10505079,4.0927434,-1.3986075,-1.6784809,2.0780115,-3.560654,2.9132385,0.33942804,-2.2461348,1.3692278,0.08671393,-1.8193315,-3.0605593,-0.9492647,0.28272298,3.1853175,1.8997641,-2.3653228,0.3821539,2.9545002,2.949789,-0.10137065,-1.7182959,-0.5634285,1.0115001,0.6189762
2627118,-0.72618437,-1.4305367,-1.7888335,-0.06305324,1.0466397,-0.017346267,-0.39177877,-0.47228044,3.4216437,-0.78357905,2.166113,2.496383,-0.030816318,-0.5359624,1.275782,0.8052449,-2.0526836,2.1095297,0.787804,-3.9830186,-1.5883589,1.7692766,0.64262074,-0.25496846,-2.9906116,0.045878552,-0.7727037,0.5894607,-1.081019,-0.2371058,-1.5077784,1.1965519
2627376,-0.2023437,-0.9280349,1.2577226,-3.9546263,0.29488578,-1.5858984,0.8294828,0.7913321,-0.4713524,-0.9821333,2.8351989,-3.3112588,-0.39817727,-0.09132747,-1.8272349,-0.42559928,2.2216926,-2.7089381,-2.2169127,-0.64203364,-1.1849242,-0.055278827,2.3959084,-3.0932395,-0.6640369,3.9027715,2.3812752,-1.0546036,-4.1320624,0.029629003,1.7590115,1.9485127
2627820,3.4117362,0.13538481,-3.4949422,0.22587,-3.8628635,1.5763954,2.2083678,3.566243,-1.4763432,2.6039903,-0.32231054,1.2838049,4.0963855,0.6803057,0.70908463,3.3220031,-2.8543534,-1.8329467,1.5177318,-0.54344183,0.39781886,-0.8477819,-1.5598927,1.7042549,5.212969,-0.08564365,1.9140527,-2.6502004,0.30960494,3.5702589,0.6329385,-2.792288
2627965,-1.1922157,-0.11899538,1.2956438,-1.4201479,0.20310666,2.4930112,-2.59719,0.5801702,-0.75817496,-0.53169143,-0.22336705,1.0639303,1.9118012,-0.26260787,-0.9122748,-0.6603787,0.7390404,-1.1805909,-1.9127805,0.5431762,-0.81516844,0.48162037,-1.3949823,-0.47255138,-1.3924177,-1.3547972,0.40347055,0.6621662,-0.31070533,0.1240752,-1.6579301,-1.0131508
2628038,-1.1952851,1.1641496,-1.9055649,0.85763097,1.0132308,-2.0400317,3.8544586,-1.8509082,-2.2086484,0.012218932,-0.41780868,0.82097286,1.7498462,-2.4548361,2.210146,-1.3496096,0.6335418,1.7352182,1.4346303,-1.3805813,0.3792427,1.2742928,-1.451891,-1.4536937,-2.983495,0.28630877,-4.684259,1.5309072,2.2566357,0.6829718,4.505848,1.4836323
2629220,0.044221718,-1.8480135,0.9288802,-0.66682833,-0.088783786,-0.1448884,1.4695346,0.014530025,0.13506505,-3.5515769,-1.2216029,0.39361128,-1.6644994,0.7108021,-1.5938113,1.5122137,0.46763957,0.18805386,0.15304911,-0.14833327,-1.0408171,2.269599,2.035932,0.041806385,0.40949637,0.07118563,0.20934384,1.1322575,-1.5765864,-0.20970169,0.7759027,1.2938641
2629404,0.78736734,-2.2670963,0.64807236,-0.57136345,-0.5512862,-0.15117422,1.6436352,0.14117059,1.1781654,-4.4512024,-1.356689,0.69314563,-2.4220052,0.8929055,-1.853568,1.7861824,0.98729175,0.5619716,0.5676478,0.27335718,-1.0857714,2.7665143,3.0404482,0.56911874,0.8659138,0.27390593,-0.077728964,0.35879675,-2.9237382,0.31645876,0.99104416,2.0713532
2629411,-0.55992746,-0.03432141,0.073306665,-1.37326,0.59749275,1.5189965,-2.0502808,0.15459467,-1.2106729,-0.74692035,-0.8488644,1.5231663,1.1515313,-0.51128036,0.43370125,-0.918338,1.3880315,-1.9061607,-1.489431,0.4029023,-0.13019027,0.43452668,-1.2147082,-0.4349978,-0.92713076,-0.6096639,0.7975402,0.38410503,-1.1924415,-0.59135926,-0.78338015,-0.8080827
2629477,-0.4384757,-0.97401303,3.9423237,2.0346496,0.4260143,2.8998396,0.35729638,-7.5235653,2.1798093,-4.032921,-3.130839,0.41097635,3.9681175,-1.417267,0.7257576,5.1188793,-3.7595475,-2.6796055,2.7743015,-3.2776434,0.82249343,-1.6306679,-4.5384474,-3.3193007,0.1255085,-0.47400317,-1.4462652,-1.871671,0.16966468,1.2261301,-3.5368917,1.7702488
2629763,-0.031388607,0.61424947,-0.8667985,0.82036185,-1.6662803,-0.72878754,0.57517314,0.5488714,2.7412417,-1.2106268,-0.66176087,-0.088957876,0.1262513,-0.10199669,0.9195748,-0.44958144,0.2688581,0.5681699,0.69910455,-0.22168125,0.2927477,-0.26191133,0.2555934,0.9025773,0.13669832,0.6544149,0.23695919,-1.3768629,-0.49608287,-0.38905683,-0.2214559,-0.21476036
2629827,-1.8473654,2.4056263,-0.744,-1.585704,1.7890556,-1.3653867,0.5777645,3.5898206,-1.0680277,-1.3368962,1.1932497,-2.8955574,2.966885,-0.086047456,-0.8934959,1.528639,1.3422487,-2.3138502,-1.5543274,-1.2072508,1.0015008,2.3514132,1.3418226,-1.0832639,1.3606844,3.0980773,1.6337014,0.69187015,-2.0120144,-0.07954377,0.7053993,-0.0835771
2630136,0.082173884,-1.1359113,0.7383996,0.124712914,0.44107118,0.7423,0.21645382,-1.9573681,-0.40219402,-1.7505798,-1.0409311,-0.10366118,1.7308755,-0.3272906,0.14912185,1.2964499,-1.1255273,0.7417231,-0.40486145,-1.5673746,-0.16963735,-1.2032884,-2.0853906,-0.27080208,-0.21704528,0.5312389,-1.0651596,-0.27862802,1.3450053,-0.3489644,-0.114020854,0.4986603
2630215,-1.5023313,1.7067411,-0.07580969,-3.2405243,0.9720689,-1.9596878,1.7522852,3.2170618,-0.5084412,-2.7435455,2.945527,-3.100091,2.2819853,0.023506884,-2.175579,0.23205511,3.2889884,-2.9935277,-1.2684481,-0.6974221,0.30125412,2.5105543,1.594643,-2.295489,0.3296058,5.218102,2.2959812,1.6101624,-3.7923682,0.7794715,1.068439,1.4582767
2630244,1.9999794,0.97792566,-1.845374,-0.6203413,-0.17093544,-0.5302171,1.3634286,1.102965,-0.07055694,-0.013068942,-1.8661908,1.0394304,0.4389147,-1.0948244,1.1714624,-0.21961045,-0.69169885,-0.30156744,0.86289865,0.205903,-1.9053097,1.3778654,0.51080537,1.5027264,2.0207589,1.0256774,1.4850324,-1.239101,1.6272188,0.4350466,0.4787675,-0.61601907
2630311,-2.1041768,1.4738446,0.9269272,-3.114836,-1.2604927,-2.2374358,-1.7031485,-0.996043,-1.0969077,0.38088682,0.7269642,0.48511547,1.975272,-2.5699177,2.7242756,-0.8024028,-1.1434737,1.4647062,2.5381477,0.07942754,0.73195136,-1.4199625,0.19784038,0.48425353,-0.445648,1.1107461,-0.22624119,1.5028281,-0.94785744,0.9728266,-0.5519149,-0.8525999
2630495,-0.02955572,-1.8849602,0.8972243,-0.30941457,-0.6232343,-0.9730274,2.2845054,0.5070603,2.2304397,-3.5544677,-1.2403154,-0.20234096,-1.8063945,0.27180076,-1.1402432,1.9419383,0.7782037,0.91386485,0.07708326,-0.18299226,-0.82553416,2.192738,1.9117383,1.298646,1.2696383,-0.17391916,0.45357206,0.33944494,-2.5278711,0.05745002,0.61826414,1.2314867
2630496,-2.8821723,1.7937714,0.69514346,-4.2084107,-1.0956042,-3.0501828,-2.8134515,-1.9324018,-0.6385215,0.28853106,1.9880973,1.1689221,3.0923293,-1.9782381,1.656421,-1.8405794,-0.5438538,2.095567,2.795989,0.4159646,-0.2825294,-1.8520235,-0.35894352,0.36164105,-0.8669206,0.9724169,0.45731118,1.4315903,-1.2908154,1.6166079,0.23579457,-1.7149273
2630590,-0.9040899,1.647383,0.3102395,-3.3306994,0.85491234,-2.6541712,0.32887274,3.026952,-1.0064578,-1.8635366,2.4208066,-3.9287755,1.7636915,0.10412015,-1.4552041,1.0277271,0.75050867,-2.8362007,-2.5075715,-0.95856214,-0.23492426,1.9016523,2.6330795,-2.8599758,0.20956944,4.252805,2.3153744,-0.12850428,-2.0763595,-0.6049892,1.6269823,1.6189543
2630598,-1.5650805,3.581891,-1.4354041,0.8872316,0.032070473,0.9183351,0.11575778,-1.7300279,2.5157974,-0.21717256,-0.07677832,1.0876814,-2.4535642,0.6220888,0.5996788,-1.3148377,-0.13778201,-2.9404023,0.7410595,1.0480766,1.0744375,-2.2461708,-1.7427591,1.5225668,0.32301533,0.20064,0.34086734,-0.27531564,-1.7346618,2.732645,1.1340346,0.3522136
2630776,1.9094092,1.3073198,-2.017046,2.3586142,1.2025075,0.8264106,1.7194002,-0.50434667,1.1625316,0.9249753,0.088665284,2.5251553,0.85037667,3.2270503,0.85941917,1.5183839,-1.1242119,-2.3763368,1.1270747,-1.4297084,0.42570394,-1.5558642,-0.88845325,2.210827,1.5458963,-1.8389233,-0.12548974,-0.16223703,2.835238,1.0553877,0.77020437,-1.6807821
2630832,-1.1997757,-1.2357711,0.42982805,0.27731034,0.95799744,0.7022651,0.7200988,-3.5680192,-0.7173723,-2.5977223,-1.1927662,0.34029734,2.1806657,-0.7273265,0.82703334,1.7118678,-0.9246797,1.0472649,0.3717075,-2.2491724,-0.8583683,-0.95623535,-2.3203535,-0.7685533,-0.44867074,1.0273094,-1.6341994,-0.43860373,1.1126168,0.21676785,0.032458246,0.96800894
2630924,0.18837607,3.2162817,-1.6745328,-1.5145067,-0.29669183,-1.6809294,2.1079373,-2.2692857,-1.5888371,-2.1968026,-1.0197204,0.48765558,1.2622354,-2.3224008,0.856703,0.5363187,-1.0311084,2.913652,-0.47768873,1.6783624,-0.09976888,-0.22484252,1.3843608,0.34904242,-0.57973856,-2.128713,1.6213355,0.63046664,-0.9556058,-0.28687608,0.16130003,-0.96313286
2631142,-1.9228987,3.2708585,-0.38700637,-3.0288992,0.78960854,-1.2864617,2.7966504,2.7268546,-0.4029273,-2.044344,2.273376,-2.1420991,3.09708,-0.44830927,-2.3117957,0.77318347,3.4475584,-2.8616607,-0.93246293,-1.4374096,0.77810484,2.90057,2.064424,-1.2697967,1.7569395,4.555323,2.6717646,1.5502894,-3.6347742,0.25420007,0.39242688,1.0514973
2631186,-0.55015767,1.5721246,-0.56128657,-1.3055841,0.60320354,0.061313376,-0.8605479,-1.1206888,-0.12076156,0.1630699,-0.51524645,-0.11516641,0.7739604,0.022212572,0.49913853,-0.80140764,1.2629068,-0.32012758,0.9748237,0.32668433,-1.6553925,0.19114535,0.9145549,-1.0394088,0.50472856,-0.86652195,0.59761554,0.3518686,-0.44528908,-0.70418,1.0769756,-1.2742482
2631450,-0.8887001,0.51493025,0.88193274,-2.0381799,-0.99382734,1.9256895,-2.5214062,0.8765354,-1.3978899,0.1332455,0.071180835,1.0713872,1.723771,0.13619985,-0.49163714,-0.26426676,0.521116,-0.82434016,-2.24504,-0.08674991,-0.36486426,0.2740084,-0.90745306,-1.5334563,-1.6939912,-1.6334684,-0.33481395,0.31904036,-0.776377,-0.16488862,-1.069168,-0.8204797
2631711,-1.9055774,0.5305239,1.8078648,-2.5240922,0.27389818,3.5383904,-4.095183,-0.19590859,-2.0090306,-1.1774814,-0.09070474,1.5167986,3.1917944,-1.0730377,-1.7096763,-0.3909561,2.149262,-3.4981194,-2.8982117,-0.11413342,-1.2889725,0.56896734,-1.8463788,-0.17609234,-2.0652845,-2.9036865,0.8949434,1.0013814,-1.4211153,-0.20382324,-2.5863612,-1.4821969
2632253,1.7280118,2.3735335,1.0023025,0.58709675,-1.5315607,1.7062606,1.389178,-1.672292,0.9689032,0.2318368,0.18467689,0.90065265,-1.6968482,-0.6597298,-1.7343694,0.51429313,-1.557009,-0.66173303,-2.208375,-0.91639394,-0.58837336,-2.6789234,0.058804028,-2.5458648,-0.40889922,1.3309015,-0.55689746,-0.21870896,-1.1478479,-0.23958217,-3.170682,0.8651959
2632427,-0.58306223,1.3651978,-0.39421526,1.2292975,-0.05929476,-0.4061913,0.78952926,-1.6005167,-0.9159902,-2.0558164,-0.06391402,0.7654343,0.22803153,-1.4821919,0.9288686,0.12067258,-0.12636335,1.2709694,0.06825906,0.4766147,-0.118255734,0.15680948,0.73854494,0.19465476,-0.50753677,-1.7918653,0.07850687,0.74061716,0.762103,1.0084896,-0.4012982,-0.69755185
2632456,-0.49845937,1.3504164,-0.51285905,0.9540637,-0.33399618,-0.65071106,0.9978139,-1.4596021,-1.1327107,-2.1997695,-0.1241504,0.6175247,0.31568235,-1.5541204,1.2024064,0.013714734,-0.22596161,0.9002016,-0.09178503,0.28182924,-0.0074944347,0.4000825,0.98587275,0.39124262,-0.20864683,-1.7472366,0.09222813,0.64217955,0.4363033,0.92848307,-0.062237844,-0.40590566
2632613,-2.430475,4.0542154,-1.6730019,0.13472201,-0.0007075146,1.1892552,0.66538733,-1.9212961,2.9290118,0.42394102,0.37062898,1.3022077,-2.686485,0.93269235,1.3745984,-1.9775784,0.35639024,-3.3876011,0.6388445,1.2280047,1.287803,-2.4979627,-2.4127386,1.5318706,0.5472996,0.35951322,0.49409303,-0.6189312,-1.9186883,3.671556,2.0405264,0.9812213
2632761,-0.015303696,0.7543322,1.2928486,0.2532699,-2.1657276,0.87894577,0.20366248,0.76667845,-1.2620391,-0.7731302,0.91690975,-1.983466,1.1605399,1.1442966,-0.19183521,0.84379613,1.7043651,-0.4752752,-0.078533165,-0.21918158,1.1169033,-0.37849712,1.8514527,1.4098377,-0.7608276,-0.8714724,-0.85404164,-0.75099266,-0.79000264,1.1859784,0.28305846,-1.7413987
2632860,-0.71428865,2.0324383,-0.44203693,2.06381,0.23976135,-1.3196803,-1.0841709,-0.9335189,0.53694355,-0.97762936,-1.2424285,1.8408201,-1.2991065,-0.09462872,-1.9833977,0.51322716,0.008167099,-1.9435706,-0.6504467,0.62050074,0.83299243,-3.2904634,0.33773062,2.5300782,1.3952281,-0.90600026,0.01039226,0.53131264,-0.49760342,0.23013918,0.32979906,-0.90471077
2632873,0.64193934,0.857355,0.39428806,0.9884751,-0.53437597,0.3881166,0.8759486,0.20351541,1.8822562,0.70648897,1.0625833,0.8443723,-1.7151124,-1.163761,-2.4554112,0.04235571,-0.89962715,0.58214,-0.109233364,-0.16897695,-0.10882731,-2.0723603,0.5484116,-2.0353456,-0.501853,0.20328376,-1.860482,-1.2537638,-1.0319605,-1.3151401,-2.7892754,1.5478945
2632955,-0.75558066,2.2852376,-0.50417835,1.4910535,0.6695758,-1.8263383,2.2113636,-2.9788609,-1.7129755,-2.2195606,-1.1569993,2.0692787,0.827023,-2.1591787,1.0991204,0.5298035,-0.26335126,1.189268,-0.81191176,1.000801,0.52921087,-0.2795033,2.8725793,-0.53728837,-0.7808252,-1.6570036,-0.10970928,1.6309483,0.44861403,0.95179206,-0.45909783,-0.6645588
2633008,-0.2739299,-1.0269165,-0.05196735,0.15121406,0.6980108,0.10248758,0.6014135,-1.0211898,-1.0088098,-1.1968447,-0.8798828,-0.008795682,1.3622037,-0.3286006,0.48769715,0.8414664,-0.5070592,1.5461568,-0.45017773,-1.1531854,-0.3131418,-0.91711205,-1.4648007,0.25421223,-0.3665802,0.7872238,-1.0757562,0.49468622,1.3817053,-0.101646915,0.73185426,-0.2688369
2633048,2.1879816,1.5579205,-2.364517,-1.1357499,2.069914,-0.7870042,1.8524631,-1.1126455,-0.005936384,-1.1551398,-2.3839707,0.28868565,-0.67566484,-1.4255282,1.6159519,-1.6744728,-0.6689838,-0.53315574,0.32655144,0.12323015,-1.8482686,2.860352,1.7745588,1.3742315,0.69765353,1.5037403,2.187314,-0.46170136,2.5867534,-1.7083856,0.46128908,-1.0108217
2633100,2.580442,1.5544809,-3.069161,-1.204029,0.6019447,0.08642107,2.33494,-0.009587537,0.21842414,-0.7556514,-2.6203637,0.5417514,0.6880289,-0.97266996,1.5313263,0.106260225,-1.4928716,-0.9950772,1.214535,-0.033478476,-1.7780122,2.4948895,0.9590242,1.4383065,1.8085872,1.1106769,2.7567356,-0.87276083,2.219232,-0.37997547,0.566648,-1.7614497
2633140,0.9703192,3.658483,-2.8058634,-2.7182276,-0.85690403,-2.1912024,2.8392518,-2.4131482,-1.4929115,-2.512789,-0.94676274,-0.6869415,0.6350475,-2.9015331,0.5810439,-0.35613832,-1.7739956,3.2911644,-1.002744,2.5864325,-0.3132877,-0.5031295,1.5159817,1.4718522,-0.34900567,-2.9476497,1.8459494,0.45285028,-1.3240403,-0.5104319,0.9983053,-1.2382383
2633151,-0.83446497,1.6969261,-0.047271334,2.2769945,1.0866714,-1.5141371,1.6690027,-2.4343932,-1.4572543,-2.212979,-0.743186,2.001646,0.15536295,-1.8672078,0.7338268,0.1319987,-0.03394072,0.6886213,-0.558874,0.3408903,0.19790852,-0.24846387,2.317814,-0.78036684,-0.73744273,-1.8172461,-0.21445598,1.6835955,0.8555279,1.5313718,-0.6847435,-0.8075267
2633396,-2.36274,2.3878407,-0.29699096,-3.244402,-0.35844597,-1.9673014,-2.0166063,-1.5223566,-1.2454472,-0.33385354,0.8022325,0.50186384,1.1369691,-1.2015451,0.8913601,-2.7207165,0.2554556,1.8836199,2.5546184,0.86942214,-1.831575,-1.8371339,0.96773094,-0.49617475,-1.0012685,-0.71874416,0.1913142,1.8180959,-0.6752214,0.17947367,1.0265672,-1.3310858
2633524,-0.20652336,-0.6816196,-1.205542,1.6087533,-0.049103387,-1.1358612,-0.7589277,-0.8138762,1.434835,-1.1336827,0.006839324,1.6829833,-0.36122873,-0.5509905,-1.2594651,0.97013086,-0.55262595,1.2215118,-1.1225272,-2.7803838,-0.4852988,0.19545819,1.3427768,0.94005007,-0.30260992,-0.72725415,-0.9946088,0.8225302,-0.5907732,-1.3339162,-1.4218403,-0.024382591
2633630,0.06106157,1.3046216,-0.2926159,-0.7865,2.826957,-1.1587737,0.41930097,-2.0554368,1.3870149,-1.6013304,-1.0281472,0.8691342,-1.2815253,-0.8563138,0.8177318,-1.6124177,0.773453,-0.61112255,-0.109679,-0.312138,-1.8955822,2.5017126,0.4732869,0.21478656,-1.9843684,0.8582228,0.23387524,1.3492802,1.9414086,-1.2047814,-0.595455,0.52064955
2634166,-0.6799457,-0.21044947,-0.63552517,-1.2986375,0.81138915,1.0030591,-1.9969792,-0.025085699,-1.0867468,-0.24715436,-1.2485868,2.112368,0.7246988,-0.29950422,0.98894286,-1.487829,1.4723848,-1.9062954,-1.4829941,0.36268774,-0.032570228,0.15039773,-1.694571,0.03225392,-0.8807222,-0.42987636,0.5422177,-0.26177543,-1.3353689,-0.69681096,-0.7099706,-0.7199371
2635054,0.16909498,1.4050629,0.5417105,1.0437496,-2.8361225,0.699068,0.29647532,-0.29279113,-1.275816,-2.2138233,1.3082345,-2.2679787,0.55232805,2.2947114,-1.3695352,1.6742129,1.6006378,0.42089567,-0.104188256,-0.45303914,0.1914013,0.58237827,2.0331974,2.0624394,-1.2713264,-0.1298192,-0.26745144,-1.0428789,-0.450691,0.90556645,2.660892,-2.4984493
2635186,1.44868,1.5438426,0.4031419,0.9128855,-0.43108088,1.2934997,0.7489998,-1.0291638,1.697013,0.18173653,0.6603379,0.8902487,-1.2054033,-1.5225891,-1.9265178,0.27232614,-1.0017259,-0.5499882,-1.0838574,-0.8404934,-0.296703,-2.048922,0.589201,-2.5745974,-0.7677436,0.7680726,-0.8227268,-0.09884534,-0.7416767,-0.41518635,-2.5175345,1.3439457
2635671,-1.4058479,1.3905789,-1.6349794,0.52541745,-0.11788124,0.5464345,0.4714937,-1.4020102,2.0663526,0.28824937,0.99911547,1.2670522,-1.7735988,0.15329221,1.0367751,-0.22966619,-1.0676395,-0.9292905,0.15092696,-0.94912404,0.7930239,-0.48768255,-0.5788523,1.064448,-0.52163655,-0.21058592,0.3032417,-0.0783526,-1.1615479,1.7024738,0.26084942,0.3092759
2636103,0.22344266,-1.9902604,1.2477453,-0.82862973,-0.033072546,0.1762777,1.5732688,-0.35847867,-0.087479375,-3.5380893,-0.91149515,0.42591912,-1.4455622,0.82080424,-1.7837105,1.5770688,0.48215297,0.10407,0.10261221,0.18299593,-1.0484735,2.4852316,2.324348,0.27354893,0.6021281,-0.011706486,-0.08439604,1.2575115,-1.7557957,-0.22083434,0.74970746,1.3058714
2636698,0.292782,-1.6570922,-0.12336898,-0.20565495,-0.51956123,-0.2130622,1.2372389,-0.1370112,0.79833657,-3.5259032,-1.0843742,0.5737191,-1.5224769,0.8425258,-1.1529678,1.190092,0.53141314,0.13344064,1.1975433,-0.21086995,-0.8490177,1.9698989,1.882349,-0.24030237,0.36444756,0.5200509,0.02977551,0.21932359,-1.6818826,0.060660236,0.737232,1.2706641
2636708,2.6723895,1.7659521,-1.9439212,-1.1616745,-0.22298293,-0.61755246,1.5328319,0.277989,-0.10401225,0.2622425,-2.2335348,1.1187264,-0.48732895,-0.46889716,1.9014391,0.10168931,-0.9604531,-0.48958027,1.0694913,-0.016250677,-2.1525557,1.4548688,0.9195506,1.4589031,2.1543856,0.6144057,2.353741,-1.3859934,1.8267494,-0.14580922,0.72820044,-1.1423668
2637017,0.2626285,1.4643152,1.781182,0.25903592,-2.2963898,0.34461758,0.051379558,0.15348662,-0.6806246,-0.96244746,0.8563974,-1.8398136,1.4933351,1.4006932,-0.27463633,1.4446092,1.022009,-0.21607259,-0.30660847,-0.21620436,0.93431836,-0.3284201,1.2628832,1.5038044,-0.8192676,-0.7904873,-0.6882275,-0.71502906,-0.2291954,0.8765483,1.2215539,-1.5823444
2637632,1.2964139,1.2277716,-1.9725839,-1.0352252,1.9486432,-0.3418976,1.6149461,-1.3161354,0.16755396,-1.1079191,-1.6130973,0.5312144,-0.4881313,-0.39135712,1.3638763,-1.0501983,-0.4240921,-0.7862823,0.717686,-0.03756524,-1.0319936,2.6938972,1.2517008,0.3890522,-0.3040468,0.54405314,1.9078608,-0.51422596,2.614739,-1.8276691,0.6719655,-1.2158986
2637698,0.7754183,1.2556404,0.19514675,0.6217653,-0.51908123,0.24557018,-0.42976165,0.03323277,2.1402617,0.49949828,1.4139541,1.1234432,-1.2868162,-0.8389546,-1.8774259,0.07284521,-0.26971418,-0.19451424,-0.7108218,-0.012630944,-0.29831007,-1.7996122,0.60031724,-2.3931592,-0.5548887,0.24386615,-1.0593587,-1.2374312,-0.6822071,-0.7907263,-2.01206,1.6892922
2637841,0.014623499,1.0295182,0.1648297,0.94960666,-2.4432607,0.72436154,0.5859679,0.032117788,-1.5269226,-2.5533192,0.6879508,-2.6746364,0.3344471,1.8991945,-0.9596888,0.66752714,1.984819,0.3604316,0.3096716,-0.57832545,-0.25226378,-0.022604268,1.8502688,1.4132949,-1.5842689,-0.3729202,-0.2672138,-1.3198146,-0.53407884,0.8446872,1.405476,-2.731156
2638316,1.8695289,1.6054735,-2.1885538,-1.306038,2.0988722,-0.5368509,1.8614137,-1.3904368,0.26724365,-1.3834304,-2.3631692,0.27402556,-0.7639653,-1.6243703,1.7009487,-1.5017848,-0.5835877,-0.43507892,0.638194,0.29474986,-2.1068149,2.9302537,1.805481,0.8102215,0.25297266,1.1397815,2.3454115,-0.23971091,2.5031145,-1.455268,0.46862563,-0.90932727
2638347,1.0219094,1.7095779,0.52755755,0.540582,-0.7358044,-0.5741425,0.7160827,0.5451966,2.1826165,1.5116493,1.4778038,1.365524,-2.47241,-0.3707443,-1.9727904,-0.37468353,-0.8946755,0.42837736,-0.4911222,0.36765882,-0.44431058,-1.8063132,1.1659716,-2.1492121,-0.635993,-0.051895738,-1.7987204,-1.7300178,-1.5554223,-1.4383973,-2.7048786,0.93369323
2638469,1.8461572,1.6503845,-1.5100955,-1.2225711,0.20413819,-1.167083,1.6091082,0.8102145,-0.2677291,-0.41309938,-2.1591215,1.1766047,-0.2676407,-1.9114202,1.6327107,-0.27952048,-0.6502913,-0.26281416,0.99981236,0.060572274,-3.1134453,1.6154107,0.35325935,1.4942217,1.692511,1.8168182,1.409821,-1.4996278,1.7407669,0.7171813,0.3061957,-0.6442599
2638498,-1.6412479,0.95750785,-0.72001463,-1.2597829,1.9580003,-0.9513199,-0.034764007,2.025298,-1.6585835,-1.7016002,1.4222302,-1.5069346,1.7877939,0.5271534,-1.0498405,0.579272,1.8999581,-1.722176,-0.28085932,-0.63091296,1.0414062,1.3875774,-0.16553609,0.20504111,0.36886972,2.6532745,0.56541735,1.2384088,-2.204658,0.3104136,-0.36299828,0.06573933
2638661,-2.888304,4.2688613,-0.8304889,-3.2000384,1.0377835,-1.0513768,2.5699759,4.2006335,-0.70421356,-1.90749,1.4689617,-2.1977694,3.6928854,-0.6312358,-1.610051,1.7857562,1.899249,-2.2296023,-1.8035992,-1.9235785,1.1511024,3.8538604,1.8363109,-1.4472243,2.274689,4.3480635,2.9250152,1.1696581,-2.4684386,0.45468423,0.81780165,0.13631737
2638709,-0.2118834,0.42153394,2.299123,1.1098686,-2.0625794,0.8560165,-0.7185217,-0.64935875,-0.37699023,0.4105898,1.4675285,-1.2923523,2.2081842,1.5384431,-0.1251766,1.1667979,1.5189726,0.09200938,-0.7662095,0.642378,1.6656706,-0.27309492,1.3745048,1.9861503,-0.32700625,-0.23463343,-0.7219494,-0.18063878,-1.0240849,1.3197942,1.0686768,-1.0188721
2638792,-2.3283746,3.609238,-1.0800035,0.65516835,0.04498101,1.3289812,0.52927667,-1.7469258,2.547208,0.36470136,0.58560216,0.93178517,-2.4321601,0.7374035,1.2972456,-1.1197604,0.040618356,-2.6447065,0.4626085,1.0309391,1.4789921,-1.6486255,-1.6920604,1.0267696,0.17756441,0.32459038,0.6336243,-0.43130052,-1.7357239,2.79094,1.4883163,0.07850237
2638833,-0.27473333,2.5744414,-0.9884866,1.725141,0.820574,-1.4974381,2.350683,-3.0226235,-2.320573,-2.716088,-0.74303037,1.9350848,0.04326833,-2.5507143,1.7215037,0.04988428,-0.4035647,0.83621335,-0.7785856,0.09299133,-0.30468422,0.13636768,3.1755915,0.23271869,-0.8314765,-2.127097,-0.81103444,1.590887,-0.23062357,1.4123937,0.428928,-0.19585776
2638915,-0.98619306,0.08269231,-1.24092,-1.8990736,1.1495719,1.3774445,-2.9387326,-0.08292903,-1.9111753,-0.72473824,-1.7608384,2.9185653,0.7186031,-0.46197808,2.0491672,-2.0307126,1.898273,-3.3229198,-2.445298,0.035186872,0.052665368,0.1837889,-2.0560093,-0.46247166,-1.1994115,-0.8552154,0.7938299,-0.046467014,-2.6588194,-1.5846459,-0.4076529,-0.38607818
2638943,1.0951254,1.6876733,0.47280085,0.77305275,-0.31312808,1.0711924,0.4188044,-0.66064185,1.4910758,0.28392875,0.7324373,1.1143546,-1.1602908,-0.95037353,-1.8956982,0.3070411,-0.96286756,-0.3346419,-1.1862524,-0.53955114,-0.28781334,-2.06629,0.08578978,-2.4396415,-0.9415988,0.6673577,-0.65592825,-0.34517506,-0.5279442,-0.43627775,-2.3617404,1.4633127
2639030,-0.7244755,-0.48682058,-0.385733,-2.091839,0.7284806,2.079619,-3.5951786,0.490502,-2.0568063,-0.22913787,-1.6516489,2.696808,1.2757109,-1.0653404,0.7851235,-2.2579572,1.6807821,-3.1355567,-2.9345884,0.4335178,-0.64167833,-0.1849343,-2.294576,-0.32181138,-1.3223212,-1.3258171,0.5412108,0.35659945,-1.3816679,-0.95231247,-1.6558665,-0.9029927
2639042,-3.2344835,3.433322,-1.9329398,0.04686962,-0.038214527,1.4785264,0.991194,-2.181868,3.4479752,0.0073495414,1.4211649,1.1583289,-3.0001843,0.66987824,2.281812,-1.421442,-0.29543868,-3.2170427,0.48729894,0.69376653,1.7830143,-1.5554569,-2.7128851,1.0317887,-0.45316067,0.5989449,0.25392494,-0.6843896,-1.9958358,3.7843068,1.982486,1.0019112
2639424,-0.09071852,-1.4718313,0.9064332,-0.6493513,-0.36843923,-0.2170738,1.1840742,-0.08104692,0.7754652,-3.5743046,-1.4592716,0.70720685,-1.4280791,0.9073066,-1.2922949,1.1609634,0.62554437,0.08943819,0.8833728,-0.018304342,-0.8040813,1.9350592,2.2252846,0.097044125,0.35136712,0.2362703,-0.26569185,0.4915055,-1.7844493,-0.48232788,0.40181887,0.9441916
2639500,2.852907,0.6979811,-2.8278432,-0.23494884,0.38805845,0.5047651,2.2953482,0.87762624,0.24771482,-0.02008952,-1.6707159,0.42605138,1.2638192,-0.45202374,1.4875768,0.11394316,-1.5800943,-1.4747872,1.0892602,0.39297268,-0.39752498,1.8075345,0.656628,1.2798401,2.5763037,0.68310666,2.610882,-1.2005008,2.1161342,0.105681196,0.90007526,-2.6819806
2639502,0.02606017,1.6276822,1.8585734,-0.16103475,-2.067447,0.04925991,0.2752454,0.3867993,-0.31631255,-0.8206464,0.6925036,-1.8768471,1.7537152,1.1439941,-0.1410559,1.7397254,0.98047084,-0.37532973,-0.4702967,-0.2568246,1.2916627,0.11540939,0.9211406,1.3310121,-0.67698383,-0.5456664,-0.49543127,-0.5106365,0.18397428,1.2292093,1.5635835,-1.8382901
2639504,0.5550319,0.9037668,0.13844444,0.5364477,-0.26109588,0.0017303079,-0.6707018,0.49386778,2.0098677,0.27770618,1.4010164,1.1001611,-1.3252666,-0.6577495,-1.577411,-0.06970243,-0.23741965,0.05872359,-0.55798566,0.010160173,-0.381216,-1.8122247,0.83126235,-2.307077,-0.5526589,0.07952359,-0.92468584,-1.1839433,-0.95216936,-0.8184311,-1.8599095,1.8961314
2639582,0.503479,3.0717666,-2.5487914,-1.6342043,-0.91255563,-1.4975096,2.0410311,-1.668449,-1.4189525,-2.7588391,-1.0211802,-0.29262117,0.88373184,-2.8649578,0.88274294,0.20477608,-1.2357748,3.053644,-0.063776195,1.9155775,-0.37972623,-0.3723995,0.8591702,0.58554673,0.039862715,-2.298572,1.6083344,0.15276854,-1.1369077,0.10261466,-0.31073245,-0.6655566
2639590,0.10975236,1.9464048,-0.87863034,-0.3483089,-0.4411724,-0.71279615,1.1966947,-1.2656435,-0.8415581,-1.8681775,-0.14493418,-0.0658405,-0.0045643803,-1.9358567,1.0854626,-0.04200385,-0.45183066,1.8392401,-0.013687853,0.3686682,-0.20938674,0.4012142,0.31747314,0.47773647,-0.20406619,-1.8576788,0.54745173,0.27517542,0.22876033,0.7584432,-0.1907506,-0.017200314
2639656,-2.020753,3.326516,-1.6635804,-0.4242439,1.1064588,1.3036213,0.74365824,-1.9603294,3.013256,-0.38266236,0.35346833,1.8985752,-3.2287886,1.1082728,1.5146085,-1.6896154,-0.68493026,-3.1619642,1.2016188,0.24114597,0.9963724,-2.8507757,-2.5812926,1.7048383,-0.30771145,0.4694529,0.2605685,-1.1828762,-2.010315,3.6618774,1.9994434,0.037098363
2639822,-0.7122177,1.0828929,0.16153821,-3.8511975,1.1208662,-3.160822,1.6822112,3.403165,-1.1147938,-2.1090298,3.6397605,-4.1326957,2.015679,0.08050585,-2.4023576,0.4693323,2.8654218,-3.430702,-1.9345013,-0.14839277,-0.28879246,2.4118576,2.2774801,-3.4373517,-0.03056763,5.8206806,2.738105,0.4368812,-4.7607517,0.1834106,1.054415,1.4943159
2640078,-2.2202835,3.8772259,-1.2755904,0.80990696,0.042254068,0.66962737,-0.5072577,-1.3006967,2.405632,0.2783782,0.59065723,1.9622737,-1.9756392,0.8568403,0.23123935,-2.0008245,0.7224893,-3.430394,0.24817069,1.6149209,0.9349429,-2.7100587,-1.677928,1.5579228,0.6557561,-0.047375232,0.5214781,0.23453636,-1.8068986,2.4621964,1.2335621,1.0374438
2640331,0.34477803,2.9519198,0.10844192,-0.41051018,0.67595965,-0.31156266,-2.4237714,-2.056778,-0.5071588,0.67197794,-1.6523304,-1.6648824,0.6692234,1.4054323,0.58718616,-0.82091576,0.5413698,0.5635946,1.2960026,-0.17775255,-3.5092213,0.6074289,1.5839999,-0.9348574,-0.48856896,-2.4573603,1.308901,1.7661895,-1.1864437,-1.5435069,1.9194582,-2.3830812
2641138,-1.5956662,3.585031,-0.1153529,-1.0358208,1.872546,-1.729294,-3.004832,-2.546398,0.28205222,1.5787506,0.20529945,-1.0306304,2.9706082,0.9988427,1.3064455,-1.1337291,1.8137197,1.2755904,2.7516959,-0.92355496,-4.1017694,-0.7366638,0.7079274,-0.44798106,-1.098958,-3.3056586,2.9350638,1.1633155,-3.0016274,-1.6963838,2.8166802,-3.603514
2641500,0.4811196,1.3598839,-0.08163764,0.7419476,-0.09473269,0.39553925,0.44585165,-0.4080414,2.1368446,0.3623606,0.8709442,0.8484295,-1.6894767,-1.0672021,-1.7805547,-0.00078216195,-0.72217804,0.08346786,-0.26268435,-0.45374617,0.0011151256,-1.7788644,0.6450837,-2.2375855,-0.64618933,0.33106384,-1.3740106,-0.9118836,-1.0972353,-1.1946474,-2.4673605,0.74390393
2641651,0.11964224,-1.0745046,0.97299427,0.63202786,0.4956698,2.1879375,-0.057940908,-3.7568252,0.6809125,-3.1415946,-1.7068233,0.3419611,2.2641423,-0.8156312,-0.019967519,2.5845797,-1.7667723,0.04314677,0.2917413,-2.1348062,-0.08727974,-1.3511921,-2.3977087,-1.3668598,0.32447356,0.39893138,-0.8395977,-1.1839627,0.64805245,-0.15852092,-2.133121,1.3806456
2641784,2.116396,1.4434032,-2.8338628,-0.85552347,3.850452,-0.13575234,2.1341746,-2.8936756,0.88828474,-1.9535072,-2.7986474,-0.8798671,-1.5052972,-0.8409541,2.0019453,-2.17078,-0.79932624,-0.9087123,0.42248726,0.8346378,-0.46099174,3.3932087,2.6885343,0.88687307,-0.089741826,1.0373544,3.2704668,0.35618898,3.351774,-3.0886276,0.5246278,-2.3027568
2641904,-1.4940194,2.0323694,-1.5613985,0.10952492,0.27584028,1.0367433,0.93613625,-1.4882106,2.5020027,-0.34591657,0.8914109,1.0991085,-2.1158702,0.118682995,1.2541047,-0.26454997,-1.0887513,-1.7522418,0.74784195,-0.43792933,0.973957,-1.2279062,-1.6285509,1.0472603,-0.4721548,0.32675788,0.43905228,-0.7875437,-1.2444911,2.583809,0.91536754,0.2035372
2641984,-0.26783538,-0.71795046,0.28938898,-1.1879594,-0.21104039,1.7345951,-3.2466135,1.0372808,-1.6913865,0.6698419,-0.8442026,1.8157777,0.5010501,-0.6456647,0.22259429,-1.6019722,0.52917147,-1.2761238,-1.6158819,-0.16721535,-0.6365779,-0.67166424,-1.4696329,-1.5652838,-0.64845216,-0.9513286,-0.12693755,-0.13529184,-0.6392674,-0.5353806,-1.051518,-1.1917421
2642026,0.4111103,1.833359,2.0592532,0.7819145,-3.2972138,0.55556375,-0.34596497,0.019191075,-0.30772048,-1.4373511,1.3985342,-2.200478,1.840185,2.5279624,-0.71748674,1.7191973,1.6930664,0.44625074,-0.56636035,0.185887,1.0884497,0.4638391,1.8882165,2.3859873,-0.9950927,-0.21175139,-0.4937547,-0.2639972,-0.71600336,1.2587656,3.0148046,-2.1965363
2642313,-0.7527578,0.30711854,-1.4715387,-1.6476043,1.0025632,1.4118493,-2.862576,-0.49496615,-1.5846567,-0.4257815,-2.133403,2.7132483,0.56949365,-0.5994092,1.730731,-1.4757901,1.8036158,-3.2544127,-2.4371862,0.23374447,-0.008881403,0.3162951,-2.357235,-0.18831804,-0.8605518,-0.9504911,0.8909346,-0.2558571,-1.857063,-0.93648684,-0.7860143,-0.5130564
2642366,-0.7740764,1.9626964,-0.10205864,1.7330028,1.1443846,-1.3157681,1.6641096,-2.6867306,-1.4227595,-2.1347725,-0.83903724,2.1601799,0.52821463,-1.7655962,1.1502638,0.15227899,0.15375574,1.2297729,-0.40465993,0.46575612,0.39500314,-0.4725728,2.4704716,-0.6917831,-0.9052403,-1.7726985,-0.020628408,1.5802833,0.83176947,1.436928,-1.0220611,-0.6732269
2642397,-0.9157958,-0.28595102,0.68777245,0.43881276,1.2578231,-0.9541736,1.7515508,-2.2268107,-1.3939862,-1.463064,-1.9451365,0.7905746,2.0217834,-1.0255158,1.0246458,1.3256199,-0.8548561,1.1554712,0.19013667,-1.8554876,-0.02060923,-1.4621822,-2.3811316,-1.2574681,-1.2576503,0.47332823,-2.5938733,0.9367032,1.7454883,0.7313907,1.2591342,0.24717325
2642539,-1.2533512,1.1063151,-0.4794417,-2.357231,1.3555175,-1.9740533,0.836078,2.3679,-0.43006498,-2.275573,2.5183198,-2.5115983,2.0793133,0.5009092,-0.92171264,0.6796578,2.2335238,-2.586012,-1.0947443,0.30998015,-0.1339095,2.118191,1.3013058,-1.912855,-0.41874608,4.453307,1.794824,1.1460909,-2.8604825,0.31638378,0.89077014,1.1550652
2642569,-1.0639164,-1.0486127,0.4844485,-0.1405322,1.2457582,-0.8030874,1.2183081,-2.4564703,-1.8278435,-1.7078992,-1.8918482,0.23883875,1.6918936,-0.56525594,1.207577,1.5646749,-0.6534541,1.5733198,0.07397896,-1.9537647,-0.5833812,-1.7610639,-2.3484633,-0.54208404,-0.7237717,1.1429576,-1.6911488,0.8012256,1.7419922,0.5400031,0.6293866,-0.26275146
2642659,1.2501628,1.4215575,0.1257193,1.3640494,0.32716194,1.3457677,0.91621035,-0.47397617,2.1909535,0.23849115,0.8686407,1.0433137,-1.3758719,-1.8534917,-3.0742383,-0.15557268,-1.2840004,0.12187677,-0.46028435,-0.66949177,0.21877466,-2.245368,0.49558187,-2.5565948,-1.2730166,0.5411581,-1.537065,0.19364554,-0.4381061,-1.1988789,-3.2572134,1.5643953
2642785,-1.338997,2.1453664,-0.24334872,-2.8060746,0.63390625,-1.7381653,2.0587792,2.7174866,-0.33625892,-1.9266676,2.3710973,-2.7964065,1.7886136,0.36042193,-1.6898237,0.7778244,2.388565,-2.5466835,-1.6819063,-1.0525235,0.34956634,2.7426147,2.0411165,-2.5803542,0.67949903,4.3137436,2.755542,0.4252108,-3.347533,0.21699129,0.79999703,1.3131248
2642973,-1.0677993,-0.0689577,-0.28992552,-2.2357242,0.7724916,2.341267,-3.1597672,0.009006191,-1.7564774,-0.32956713,-0.9905123,2.3824873,1.821932,-0.5380319,0.31073746,-1.3973669,1.2812556,-2.8109164,-2.800593,0.10506609,-0.5476097,-0.24816383,-2.0678964,-0.3087687,-1.2867571,-1.4580506,0.58761644,0.259355,-1.8061329,-0.75797427,-1.2342894,-0.9709518
2643216,-0.6709826,1.0283698,-1.1527622,-0.79673856,0.95269734,0.9964892,0.096344665,-0.73676735,2.0478263,-0.79467165,0.36213046,1.6589366,-1.8998139,0.20744911,0.9735199,-0.2842806,-1.2222222,-2.018165,1.0133637,-1.0307984,0.03217811,-1.501628,-1.050727,1.7227265,-0.53894484,0.14177689,0.32600647,-1.3517069,-0.9812636,2.1496975,1.1150216,-0.48226592
2643424,-1.7673745,1.8165088,-1.4913626,1.1733768,-0.3170691,0.59531206,0.5089684,-1.233704,2.4646502,-0.20115592,0.9281602,1.4652147,-1.8895905,-0.025109474,1.1492084,0.022137173,-0.62547165,-0.7826311,-0.24147995,-0.8128969,0.6676464,-0.4818064,-0.8814317,1.0512594,-0.41540423,-0.16114852,0.20799534,0.20734565,-1.3487082,1.7363728,-0.2662627,0.45106113
2643990,-1.5720999,-0.47079247,1.1865181,0.3747791,1.9869118,-0.64980835,1.8287826,-4.412905,-1.3636353,-2.4860864,-2.4327188,0.35892433,2.6032515,-1.3929665,2.0947266,1.9403933,-1.0441737,1.459646,0.7702807,-2.0884287,-0.94701064,-1.4475014,-3.3961356,-1.6667398,-0.671453,0.9567232,-3.0594268,0.82011855,1.7118607,1.5527062,1.2204628,0.4126426
2645828,1.7452217,0.90979236,-1.8031901,-0.5995407,1.3441707,0.47333366,1.2132536,-1.0745015,1.0030282,-0.7731635,-1.0424978,-0.08359502,-0.19031271,0.0017903722,0.9611879,-0.5691747,-0.85032326,-1.1796284,0.61712515,0.10656624,-0.37028393,2.1084428,0.99492383,0.83759844,0.1600875,0.24351513,1.9040997,-0.11593379,2.3688152,-1.4569687,0.25309655,-1.6552948
2646199,-0.8355945,1.9494737,-0.42449766,1.7062441,0.48081443,-1.3736697,1.581197,-2.5070143,-1.52296,-2.5207772,-0.785836,1.7032605,0.28500423,-1.9229469,0.9589854,0.094073474,-0.15505008,1.3737832,-0.41944975,0.8571433,0.466043,-0.2158803,2.0279284,-0.3792956,-0.7238782,-1.8993748,-0.0013966113,1.5236757,0.84110564,1.3488402,-0.6333864,-0.82357717
2646300,-0.2745564,1.9194795,-0.589373,0.85248476,0.43964964,-1.0671155,1.5018203,-2.2390983,-1.3656595,-1.7796295,-0.5115351,0.77677125,0.9103252,-1.6263922,1.3511558,-0.24604365,-0.34158888,0.8554672,-0.22854911,-0.13187419,-0.14094862,-0.019367218,1.9596665,0.6534132,-0.45325252,-1.8561602,0.011233106,0.9553486,-0.12083587,0.66881174,0.27863753,-0.32103804
2646370,0.8056752,1.4042188,0.17719562,1.283364,-0.19381188,1.2146807,1.2736886,-0.13676259,2.4726474,0.5026372,1.341602,1.2345684,-1.3124918,-1.9251835,-2.4612458,-0.31362712,-0.6618934,0.466424,-0.6399344,-0.544674,-0.22447623,-2.0362892,0.8280761,-2.8163362,-1.3361987,0.4581948,-1.679787,-0.73739475,-0.7531306,-1.564968,-2.8974683,1.8651867
2646519,-0.71582806,2.4126327,-0.13325989,2.098966,1.2276818,-2.190111,2.0555303,-2.9240015,-1.9115807,-2.1503313,-1.4453021,2.4348178,0.8098578,-2.4357073,0.6212298,0.25499317,-0.21249203,0.79518217,-0.73906803,0.68098736,0.3902628,-0.42285344,3.3266938,-1.0203639,-0.9658095,-1.7210459,-0.10510208,1.8205615,0.088837266,1.2111615,-0.6765225,-0.96100473
2646810,-3.3495834,3.090075,0.12976904,-3.5355628,-0.33988824,-2.9376402,-3.1928213,-2.27272,-1.3568496,0.30310076,1.6010838,0.46093214,3.0703022,-1.3628697,1.9495556,-2.1933792,0.19035044,2.6814003,3.4885154,0.44634837,-0.6678902,-2.2275743,0.17414527,0.22101386,-1.3295916,0.03496763,0.9294488,1.7368901,-1.7062434,0.6635987,0.7175371,-1.2381898
2647763,0.3179818,-0.30327058,-1.8847996,-1.3540523,-0.09731254,2.2537987,-0.027966596,-2.9373956,-0.19842708,-2.3608277,0.64143527,-0.32669634,2.5078115,-0.8043096,0.21377498,-0.46727198,0.95994437,2.7269979,-0.08736515,-1.352289,-1.0363582,1.6120452,-0.34844872,-0.11912862,-1.4806073,-0.89307487,-2.2394292,-0.6809958,1.3774734,-1.0802318,-0.42644972,3.506563
2647804,-3.1742828,3.9003305,-1.7665845,0.62781537,-0.5030119,1.8032718,0.7786956,-2.4414687,3.509029,0.056276806,0.8959182,1.4480611,-3.0574553,0.8179012,2.1793823,-2.0339015,0.005079504,-3.3423946,0.5113511,1.2617812,1.9025055,-1.9834046,-2.5314991,1.088826,0.3498324,0.5002608,0.05942313,-0.48328823,-2.1091335,3.8762975,1.722386,0.9250163
2647842,-0.84742945,0.33614212,-0.1261329,0.43413696,0.6181426,-0.7011638,2.1443074,-2.2821372,-1.0310099,-1.2425791,-1.3174165,0.5550512,1.7746258,-1.0723082,1.5977228,0.48581037,-0.03853277,1.3204781,0.4857216,-1.5339351,0.05814138,-0.13160457,-1.7116464,-1.1927826,-1.1342316,0.01983926,-2.7111423,0.5433793,2.088292,0.78001016,1.037219,1.5059446
2648050,-0.36460352,-1.4310708,1.9752976,0.19835135,-1.2283102,-0.39425066,3.7757137,1.2035495,3.071025,-4.3236313,-2.1087587,0.7762809,-1.2490753,-0.18565772,-0.37580892,1.3835409,0.76334935,1.1803801,-0.5734067,-0.9701129,-0.590356,2.7633803,2.133284,1.8936712,1.9411231,-0.30423135,1.0355479,0.4392885,-3.6328025,-0.28489935,0.7052708,1.1777761
2648177,2.2824206,2.9598112,1.3993039,0.3855619,-2.269771,0.6166986,1.6282604,-1.3554251,1.4370437,1.3603967,1.2647706,1.768173,-2.576306,0.022368448,-2.469303,-0.061730675,-2.1913457,-0.42946714,-2.7969859,-0.47938895,-0.3286288,-3.4536934,0.58099425,-3.8490422,-0.32203427,1.4886153,-1.0437726,-0.7238213,-1.2928724,-0.24037628,-4.7424498,1.2310032
2648548,-0.6884335,-1.2206208,-0.06434891,-0.15634137,1.0744219,-0.4990268,0.9696544,-1.5180086,-1.8036757,-1.5521401,-1.1240411,0.044629153,1.3656528,-0.3192653,0.6331952,1.0600896,-0.55774385,2.0357995,-0.4174792,-1.482903,-0.66708744,-1.4481837,-1.9711221,0.2721697,-0.38176817,1.3637223,-1.175784,0.63686407,1.337354,-0.10379811,0.5503763,-0.06727722
2648554,-0.72597235,-0.25890228,-1.1525313,-1.4919052,1.3341432,0.85149616,-2.4298232,-0.2676246,-1.3809166,-0.8731717,-1.8037534,2.7573495,0.7567067,-0.35818136,1.6688356,-1.6976404,2.076869,-2.6500897,-1.7767307,0.48676512,0.10486893,0.20389673,-1.518512,0.21217379,-0.93934536,-0.28416634,0.77391124,0.11315565,-1.7202452,-1.1975416,-0.3409716,-0.56001276
2648802,0.28127435,-2.7314694,0.9419402,-0.70600295,0.17947523,-0.7548829,2.085791,-0.17587882,1.1339008,-3.7384815,-0.5802468,-0.053236663,-2.382761,0.888779,-1.8881756,2.0517886,0.77118844,0.65884274,0.17994776,-0.4829085,-1.5291471,2.3319645,2.128429,1.2094293,1.1436536,-0.3736382,0.4466407,0.83221555,-2.2824202,0.14387333,1.1173987,1.1905695
2648895,0.13829397,-2.1270802,0.5848927,-0.47550634,-0.38077068,-0.42652738,1.1607685,0.13328362,0.70420945,-3.5863807,-1.1839795,0.17312688,-1.8616221,0.8844288,-1.4376055,1.5555584,0.81120247,0.41592932,0.44464043,-0.051289238,-0.88099056,2.391607,2.219039,0.14400224,0.2739805,0.39756775,-0.16809037,0.87223846,-1.9178265,-0.07132853,0.6913111,1.2652913
2650142,-2.8700058,4.624802,-1.658191,-0.017774867,-0.6076459,0.84780574,0.719818,-2.045786,2.4901638,1.3568153,0.8828,0.79128677,-2.2090292,0.71601623,1.8065305,-1.8732889,0.36941642,-3.0925863,0.34635654,2.0877733,1.8991326,-2.1285083,-2.482009,1.3598198,0.04953578,0.19593704,0.462064,0.05795102,-1.8830788,3.5530293,2.3726416,1.90956
2651076,-0.8458141,0.570421,-0.26599452,-1.2357882,1.4282068,-0.93339956,0.18054415,1.3683189,-0.8736384,-1.6951046,1.4946128,-1.6204709,1.3045914,0.51339114,-0.98067844,0.40049365,1.8855871,-1.56501,-0.6230665,-0.19170016,0.47524163,1.3220198,0.5590644,-0.47972614,-0.21439706,2.9527245,1.0360287,0.68389505,-2.1933806,0.22723258,0.5012408,0.43891323
2651084,0.35383758,-1.6427859,0.031399053,-0.6000861,-0.4869781,-0.12986699,0.91724104,-0.21880665,0.56780946,-3.0917783,-1.3068166,0.49042416,-1.1326498,0.99293053,-1.4814575,0.9902946,0.69880986,-0.13466533,1.3288159,-0.03720259,-0.9541463,1.892538,1.884405,-0.15915692,0.5560172,0.7663197,-0.445467,0.16161585,-1.4403942,-0.16059491,0.3867436,0.9965864
2651253,0.36400542,3.0879273,-1.0355988,0.992724,1.3722073,-2.5056396,2.681438,-2.8395069,-2.3122437,-1.5422766,-1.9322758,1.9234396,1.7415543,-3.232492,0.70404136,-0.22589794,-1.1054062,1.5452017,-0.7783032,0.9113026,0.30992612,-0.75915086,4.214767,-0.5709185,-0.55774623,-2.1739337,0.25334966,1.7224728,-1.1548095,0.4783095,0.72635865,-0.5388286
2651369,-0.95951235,-0.11207999,0.8843239,-1.2750888,-0.16751264,2.259774,-2.3722959,0.52267486,-1.1230569,-0.15896466,0.5068757,1.3602699,1.6780047,0.1401268,-0.5019331,-0.14220916,0.56543946,-1.092218,-1.9774529,-0.36184853,-0.39517376,0.13708691,-1.1503038,-0.9295784,-1.0378106,-1.8030378,0.27706054,0.1648535,-0.80181146,0.057326257,-0.9102074,-1.3071994
2651460,1.1187516,1.1138903,0.25986376,1.343452,-0.6280425,0.46857393,0.78335124,-0.04771351,2.362764,0.6966408,0.96807975,0.83629006,-1.6870221,-1.2291405,-2.3549168,-0.4147204,-0.99845916,0.22338018,-0.05017172,-0.62514406,0.24803309,-2.4720588,0.9244398,-2.7698493,-0.9271854,0.17669559,-1.7351638,-0.8166714,-1.19556,-0.9688095,-3.0959427,1.6722763
2651782,2.6557367,1.64079,-2.0433073,-0.16413812,-0.48168907,0.16268784,1.6358243,0.8974399,-0.11064252,0.9443801,-0.60709304,1.5634432,0.90928715,0.82824296,0.9842623,0.6452832,-1.2024382,-0.97360355,1.0241417,-0.85719496,-1.1777608,-0.098616935,-0.04781728,1.6962045,2.4644098,-0.17096347,0.6761049,-1.8252534,1.7994943,0.3905189,0.23388092,-1.1149634
2651974,-0.15974966,1.2292523,1.3791078,0.22669314,-1.8898107,0.32644653,0.42304248,0.4244799,-0.8976618,-1.0643953,0.89692336,-1.8477936,1.3370047,1.1188233,-0.3334783,1.0043921,1.0212712,-0.44969106,-0.29003197,-0.56532735,0.70350057,-0.3226537,1.1228496,1.2736809,-0.81135076,-0.5110847,-0.4987007,-0.84214574,-0.15912034,1.025769,1.0425401,-1.8085049
2652095,2.4512525,1.0565971,-2.9059496,-0.5053161,0.6142152,0.51971436,2.2945848,-0.32747707,0.0019317865,-0.32030016,-2.228937,0.3568732,0.09508997,-0.46589753,1.424917,-0.33576435,-1.6789951,-0.8686769,0.75512487,0.16426235,-0.5124385,1.8994683,1.4735491,1.7090939,1.7112442,0.68801075,2.8833573,-1.0559404,2.3427052,-1.0769345,0.63583386,-2.1034462
2652103,-0.6097396,-0.986427,0.95153725,0.3316159,1.4925891,0.16762312,0.7721282,-4.6002693,-1.2919188,-2.6605146,-1.5343156,-0.18900172,2.4967027,-0.7009148,1.0010256,2.5158517,-1.4093108,0.99409527,0.57412124,-2.3773751,-1.1961573,-2.1709943,-3.030632,-1.0711731,-0.093021296,0.7769229,-1.6442401,-0.056437448,1.9017453,0.5199055,-0.66079533,0.3627389
2652343,-0.74026114,0.0032086559,-0.89628184,-0.6626739,0.6174069,0.7062409,-0.116083875,-0.6805789,1.8628107,-0.4856267,0.87394714,0.95483905,-1.1463131,-0.012758438,0.7328962,0.047321834,-0.6631605,-0.05353973,0.5168495,-1.8741257,-0.10069168,0.12536593,-0.08806854,0.4410233,-0.8228792,0.11351839,0.19953461,-0.48535705,-0.867964,0.73401576,0.34049606,-0.24806654
2652354,-1.6603155,0.48686442,-0.9001556,0.20792927,0.29484546,0.464395,-0.224414,-1.0137198,2.5796018,-0.5320559,1.0906432,1.7459699,-1.1207213,-0.28976053,0.4099348,0.6082786,-0.81329054,-0.057494327,-0.55595034,-1.8107839,0.14561558,0.01731594,-0.3354271,0.40992963,-0.91443896,0.34798336,-0.28141662,0.43343908,-1.3222487,0.5670713,-0.031053167,-0.179039
2652838,0.58746284,-0.7154917,0.1367507,0.52773607,0.11029741,1.0757488,0.4331418,-2.268476,0.5709578,-2.2992275,-1.4886246,0.37003815,1.4846544,-0.31388134,-0.09827126,1.709226,-1.0353054,0.5700617,0.05719459,-1.5409799,0.047081575,-1.2087212,-1.7229195,-0.9278269,-0.12383647,0.2648388,-1.3232546,-0.77534765,1.1870058,-0.381117,-1.1920906,1.5062178
2652904,-2.1914039,4.0066257,-0.18067083,-2.9288745,0.6734617,-0.8147408,2.462162,3.2016988,-0.74654734,-1.7081343,1.5276115,-1.2352604,3.397549,-0.8986878,-1.9443406,1.6186308,2.32841,-2.471531,-1.0842137,-2.3836303,0.7163191,3.056931,2.2261705,-0.88343894,2.029511,3.2878966,3.107585,0.93715173,-1.7943064,0.07869902,0.3890929,0.34068322
2653156,-0.22611456,-0.50141895,1.9893752,-0.22514015,-1.8752749,0.15964696,2.6305823,1.6928529,4.2178135,-3.0634723,-2.7747548,1.2884784,-0.25496024,0.5492146,-0.07895783,-0.23399718,1.42551,0.50729704,0.28816792,-0.5466382,0.3519459,2.3357472,1.7142911,1.8993169,1.8657904,0.5915755,0.4836869,-0.7389222,-3.3506112,-0.74730843,-0.81475246,-0.46009287
2653304,0.00032991916,1.5938578,0.24272291,0.11625146,2.1272933,-0.58632654,0.048342124,-1.047384,1.2958224,-0.8630963,-0.0031127557,1.80057,-0.85644346,0.26173878,0.6733458,-0.88924414,0.63405085,-0.9628096,-0.19346812,-0.62018996,-1.5597936,1.0998052,0.12779559,0.43024236,-1.5002136,0.25040326,-0.8919326,1.0465827,1.3142267,-0.15880524,-0.59183013,0.7186918
2653323,-1.345403,0.20133053,-0.9067002,-1.3164014,0.741476,0.95890594,-2.5305953,-0.34688824,-1.5372117,-0.7758014,-1.568938,2.4668775,1.1667665,-0.28854945,1.1820434,-1.2496619,1.5382137,-2.4687095,-1.7963883,0.7312927,0.01564102,-0.41324383,-1.3220217,-0.8923694,-1.012907,-0.55679333,0.3821306,-0.15021725,-1.8597982,-1.154814,-0.40602213,-0.7044265
2653918,-1.9464778,2.4455185,-1.9053643,0.67450076,-0.21958143,0.871873,0.9150377,-1.6843097,2.882916,-0.008736039,1.0797503,1.4040096,-2.15853,0.46114266,1.6098908,-0.2809848,-0.55799866,-1.3234186,0.05151106,-0.6961425,1.1553675,-0.698501,-1.5461484,1.0131497,-0.5398285,0.15304957,0.16580835,-0.15870157,-1.5941662,2.510965,0.41392678,0.71113014
2654204,0.3842099,-0.7867303,-0.30003878,-0.31399354,-0.72625756,-0.17696688,0.6146517,0.15477195,1.2624177,-2.9351094,-1.426528,0.5260298,-0.76171035,0.9733494,-1.022657,0.6979757,0.942017,-0.04704518,1.1588379,0.2755227,-0.6349657,1.4646554,1.651569,0.08792366,0.26878315,0.939494,-0.52640754,0.1263213,-1.6201358,0.15267527,0.20142569,0.21139523
2654353,-3.1100085,2.3173513,0.3953476,-3.723023,-0.36326382,-2.2954502,-2.4472876,-1.5058116,-1.5467575,-0.20349145,2.1178782,1.0709848,2.3910587,-1.436737,1.4144069,-2.5950637,0.22431871,1.8554574,3.0731895,0.7169545,-0.8559094,-1.7204487,0.10224755,-0.2343071,-0.830747,0.43037295,0.18073265,1.3151681,-1.1888553,0.83474076,0.75011,-1.1356767
2654929,-0.43492973,-2.7260683,2.3053143,-0.35431844,-0.27276552,-0.898868,3.609565,1.1785,2.398932,-5.127722,-1.304404,0.45905253,-2.2543845,0.4826472,-1.3914405,2.5896811,1.236749,0.6942775,-0.8410933,-0.8704565,-0.86561626,3.3344865,2.8763895,1.7485156,1.4171681,-1.0176753,0.836435,0.8145917,-3.7921255,0.22974199,1.1769518,2.4118736
2655002,1.3834372,1.4240131,0.5479604,0.92986006,-1.0703795,1.2599509,0.9467259,-0.55488414,1.5804154,0.03749,0.64898545,1.0282086,-1.2804892,-1.1436832,-1.8187996,0.6045074,-0.95120424,0.034261905,-0.8352417,-1.1230918,-0.53458744,-1.6546066,0.5155497,-2.594152,-0.07010418,0.6626785,-1.2360489,-0.8300634,-1.1716136,-0.055340037,-2.525038,1.1344593
2655463,-1.950432,-0.7325055,0.60850024,0.268465,2.1392336,-0.93015563,1.9475331,-4.4774632,-1.7703443,-2.6028464,-2.0977125,-0.17615063,1.939411,-0.93057305,1.6399596,2.1102433,-0.76355046,2.3004193,0.89087856,-2.7905166,-1.4938962,-2.211289,-3.13785,-1.1428233,-0.49355203,1.5170896,-2.8488543,0.64325154,1.7021086,0.9231118,0.6285054,0.23082224
2656592,0.10099684,-1.9678013,1.2057494,-0.82194465,0.054235566,0.033921853,1.623771,-0.17908588,0.022008989,-3.3710475,-0.77529407,0.50960803,-1.5998781,0.7167221,-1.7209238,1.5722382,0.44393542,0.47670174,-0.1620774,0.2436577,-1.290735,2.261757,1.8832127,0.5455456,0.6845138,-0.18183096,-0.047888495,1.8265892,-1.739866,-0.20258245,0.42407963,1.1776778
2657103,-1.7397696,2.009503,-0.73832124,-2.3667166,0.26436403,-1.7891601,-1.62764,-1.9848887,-0.77647525,-0.50289685,0.29403242,0.21292508,1.5026634,-0.33726308,-0.39996523,-2.739852,0.52735454,1.4292796,1.845599,1.7002116,-2.842419,-0.8346771,0.33400708,-1.1875318,-0.88815546,-0.86103547,0.72690743,2.0053623,-0.6460094,0.6308277,1.5107907,-1.9180294
2658291,-1.8704854,0.9947444,1.0386828,-3.478049,-1.7033719,-1.3389115,-1.3316106,-0.7656693,-1.306659,-0.04404419,0.8873269,0.5440698,1.0417433,-2.5071478,1.3820511,-1.8807532,-0.77531785,0.7413276,1.6896785,0.71419734,0.7465542,-1.2545402,0.21347621,-0.07479082,-0.2740847,1.7635515,-1.2057528,0.8093655,0.12447323,1.0726752,-0.46947816,-0.2408014
2658303,-0.8573271,1.667953,-0.62455183,-1.1303034,0.86912835,-0.06450955,-1.4760736,-0.7766912,-1.0385299,-0.30706894,-0.36938927,-0.22968796,0.24457853,0.014972114,-0.09622295,-2.613871,0.9387969,0.20301785,1.4759904,1.5302156,-1.378431,-0.6102136,1.3774738,-1.5976963,-0.092660666,-0.7691083,0.15176801,0.872102,-0.17767073,-0.56353354,1.1913365,-0.22971997
2658365,-1.5888363,1.3969368,0.16983926,-2.447487,-0.39711192,-0.91899115,-1.596609,-0.7344943,-0.8696822,-0.2390227,0.6346813,0.48738682,0.9175306,-1.1522067,0.6685638,-2.3790069,0.11672744,0.8913392,1.7284523,1.0058931,-0.25465664,-0.69392663,0.54219985,-0.8211939,-0.08617086,0.28378922,-0.45759222,1.0362806,-0.3345969,0.21248409,0.41968697,-0.22543281
2658530,-1.4578941,-0.17017555,0.088511586,0.30194253,1.2987152,-0.14794497,2.1558344,-3.9011848,-0.79585487,-2.2825973,-1.7853378,0.599021,2.7904687,-1.3928986,1.508652,1.8983095,-0.30333877,1.1057376,1.4478712,-1.8188748,-0.8049544,-0.91585594,-2.719573,-1.640046,-1.317877,-0.18396229,-3.7775207,0.39961705,1.2550839,0.760349,0.71186036,1.2170495
2658566,0.9570572,1.024703,0.2304547,0.42240027,-0.33922297,0.42914343,-0.030179512,0.2748281,2.114675,0.02317625,1.8158575,1.4963943,-1.5428562,-0.9663212,-2.1819713,-0.118605085,-0.34999597,0.009120427,-0.7126878,0.10352164,-0.7433459,-1.8058726,0.97633266,-2.146081,-0.5213028,0.06721261,-1.2065623,-1.5228268,-1.0317751,-0.38743103,-1.9767036,1.6204714
2658867,-1.1727753,1.0722067,0.6054216,-3.7288241,0.21185237,-0.4563761,1.8622886,1.665254,-1.0735732,-0.36724937,1.9163136,-1.9988408,1.7193372,-1.1026884,-1.7051176,1.1067675,1.4221902,-2.5017467,-2.1905084,-2.1059337,-0.4768683,1.7137167,2.5915587,-1.7136383,0.7914863,2.4193344,2.9197712,-0.7423072,-2.3355794,-0.7904925,1.4710639,0.46104622
2658934,1.3709226,3.0663264,1.2194394,0.49250075,-2.184291,-0.9613611,2.281674,0.13796222,2.1682608,2.4530141,1.9991039,1.1959941,-3.602133,0.08552693,-2.048403,0.27800083,-2.3062148,0.7647566,-1.2569504,0.066374995,-0.058562834,-2.3055053,2.1119146,-3.127184,0.28601232,0.4945461,-2.77437,-2.0009422,-1.7073423,-1.7418557,-4.1934004,0.3931948
2659161,1.1451111,1.1191862,-0.6321841,-0.5760085,-0.08739337,-0.2625975,0.45533562,0.6908292,-0.058347434,0.1852278,-0.8336473,1.5943315,0.40375507,-0.45168415,0.8168332,-0.10663538,-0.014919706,-0.32812592,0.35958531,-0.15927497,-1.8102003,1.0035859,0.053772736,1.0425557,0.6857041,0.28047046,0.22132316,-0.43277928,1.1761316,0.37829307,0.0052723456,-0.027608626
2659211,1.0847323,1.6883782,-0.35599023,-0.62154144,0.3988169,-0.5012104,0.2717597,0.40599042,0.4748773,0.5875162,-1.167743,2.0949824,-0.29876062,0.16662228,0.71488124,-0.057451293,0.33325148,-0.5096192,0.7022819,-0.5869768,-1.9198854,0.8880318,-0.003021028,1.1979953,0.38477895,0.090495735,0.35571834,-0.065941915,1.8444306,0.0064404793,0.07493982,0.21098945
2659233,1.3285065,1.6406884,-0.7582459,-1.3349664,-0.4571509,-0.42777324,0.8342314,0.8233316,0.560811,0.6556847,-1.5482432,1.5321872,0.032935273,0.28909078,1.2352059,0.87179685,-0.32003278,-0.37840125,1.2705166,-0.24318045,-2.3940158,1.2495326,-0.31228986,1.0087081,1.0283878,0.035717398,0.9899259,-0.8062738,2.181065,0.35263398,0.80521786,-0.4367293
2659256,1.2619063,2.5142958,-0.5079177,-1.5210662,1.3193063,-0.65869564,0.9155212,-0.47576356,0.82024705,-0.5447734,-1.8604659,1.372163,-0.85694253,-0.81434435,1.561303,-0.20711775,-0.00013991445,0.02095296,0.8478479,-0.17702481,-3.0638394,1.8698565,-0.0014942549,1.0796758,0.17444982,0.08882281,1.4015578,-0.258814,2.3454838,-0.33299175,0.7294114,-0.15468079
2659773,0.777338,2.3027353,-0.6685677,-1.5042286,2.8813002,-0.77788085,0.656447,-2.1709995,1.632016,-1.6062608,-1.9865035,1.0002887,-1.7667742,-0.8290018,1.7622762,-1.0712602,0.3986565,-0.30186015,0.83827156,-0.13926065,-2.7552376,3.0425239,1.0765796,0.06993816,-1.5604627,0.38903603,1.5413017,0.9721543,2.994643,-1.7469975,0.6011835,-0.1833143
2659941,3.5816555,1.9716637,-3.5135932,-0.4839454,0.9443506,0.38949674,2.9637866,0.1287454,-0.01762718,-0.7166675,-2.5616143,0.6878938,0.2079862,-0.49108765,2.3548129,0.12423293,-2.1003478,-0.85197437,1.5744914,0.20413283,-1.4925781,1.9542555,1.4531153,1.5457952,2.7794187,0.78018737,3.109903,-1.7948961,2.6410334,-0.49203852,1.2734622,-2.8419325
2660379,-0.29354727,2.0864136,-0.32232705,1.6948792,1.1959171,-1.7734814,2.1458414,-2.5739193,-1.6668823,-1.9748368,-1.0103201,2.0640445,0.7189552,-2.2022495,1.1717072,-0.14357156,-0.17522694,0.86546767,-0.67385644,0.58133084,0.71448827,-0.31307888,3.604828,-0.19966479,-0.74363714,-1.8256652,0.09949021,1.4800473,0.3678983,0.5013992,-0.20947629,-0.5592074
2660443,-0.11049959,2.0489836,-0.89454573,1.3051986,0.72512203,-1.6088693,1.6582114,-2.351479,-1.4254992,-1.6995448,-1.0512874,1.7704831,0.48410016,-2.389257,0.8542591,0.015511621,-0.055179674,0.9429109,-0.2751727,0.86522466,0.4347024,-0.3442223,2.4429998,-0.27669072,-0.25352922,-1.7097642,0.3432089,1.3450593,0.12544107,0.9044197,-0.10076335,-0.53875214
2660958,-0.9014075,-2.6335502,2.5897005,-0.8685142,-0.005374901,0.69361717,2.7794745,0.041224442,1.013916,-4.361573,-1.0801814,0.42832643,-2.639915,0.76547396,-2.167557,1.9752195,0.7384987,0.42467624,-0.7264229,-0.7728976,-1.0082387,3.5864725,3.204464,1.2720733,0.7491318,-1.3767928,0.66919184,1.2575837,-3.5137053,0.017058216,0.94606984,1.7847246
2661092,-0.9444129,-0.1264406,-1.4104937,-1.6747484,1.3294761,0.9162447,-2.8115287,-0.39294,-1.5415013,-0.22513855,-2.099827,2.6816034,0.45945334,-0.43770713,1.4266989,-1.9740324,1.722624,-2.784898,-2.4288135,0.5201471,-0.30709344,-0.6520567,-1.4170897,-0.50018257,-0.97476983,-0.47486904,0.7153826,-0.46186948,-2.028306,-1.5458664,-0.33130506,-1.0116245
2661237,2.843611,0.2870891,-2.8108723,0.9064082,0.09785028,1.492676,1.992163,0.8974076,-0.094783485,1.0511614,-0.5582628,0.537052,1.9277399,0.41244107,0.86966413,1.0657585,-1.9436758,-2.2976696,1.4288453,-0.25612962,0.819008,0.48959953,0.0943272,1.3730396,3.0525815,0.05978775,1.9921017,-1.2417365,2.0078263,0.110537186,0.89387083,-3.0234268
2661238,-2.8362525,2.3400419,1.0417501,-4.5881834,-1.0643615,-3.2280486,-3.0788834,-1.0780457,-1.5398437,0.8496917,1.7624162,1.5893381,3.048064,-2.363542,2.6772885,-1.201225,-1.275708,2.9523444,3.1867764,-0.15656957,0.464394,-2.0575738,-0.07038994,0.5879971,-1.2155128,0.6465969,0.029739749,1.7942653,-1.816774,1.3283613,0.18475094,-1.739935
2661465,-0.54757553,4.0913672,-0.8736109,0.07502122,1.1811672,0.7283888,-0.2134466,-0.77006465,2.3438215,-0.6323115,-0.9723901,1.4337167,-2.7069244,0.8305455,0.15179552,-1.4719346,-0.44167137,-4.5887594,0.5108756,1.9123249,0.7968378,-3.8999074,-2.0871336,2.5180497,1.0052763,0.56745803,1.1195356,-1.0333912,-1.5010664,3.231771,2.3236032,-0.4761429
2661531,-0.45837095,1.612765,-0.55857545,0.8443991,0.61738926,-0.96421826,1.3055538,-1.7339683,-1.2193906,-1.888783,0.012634985,1.0028837,0.47365516,-1.605887,1.6265686,0.08603382,0.04071426,1.0787348,-0.071460575,0.097145416,0.44460073,-0.016101718,1.4905089,-0.06514077,-0.30262867,-1.7115499,0.040894493,0.9261775,0.52515036,1.3803167,-0.31765965,-0.17235243
2661693,-0.39250737,0.88512945,-0.16799416,0.100799695,-0.24133566,0.32962435,1.1422666,0.045629326,-1.237538,-0.8220054,0.25996324,-1.0491477,-0.26976067,-0.33206666,0.27298507,-0.7093306,0.30015564,-0.33161977,0.9679086,-1.4590266,-0.64891243,0.6951192,1.137506,0.2819588,-0.22557859,-0.56951356,-0.45095178,-1.3015581,0.67857265,1.0422528,-0.48622245,-1.3737615
2661827,-0.26043102,0.22917394,-2.185868,0.48619345,0.5309597,0.46127695,1.2530973,0.74451864,-2.4548259,-1.8657391,-0.38393694,-1.4330347,-1.7168155,-0.40314928,0.15736078,-1.7744932,1.2114898,-0.6920196,1.2133547,-1.8359805,-2.317319,0.008811459,1.4117237,-0.81323946,-0.8946073,-1.3372085,-0.17885435,-1.8173159,0.3268549,0.3538249,-1.769031,-2.4502776
2661942,-0.2138172,1.0077326,-0.45789492,0.64417136,-1.8819942,-0.83633107,1.2418934,1.4351434,3.5037181,-1.4265405,-1.7085543,0.61471975,0.56052184,-0.21788907,1.2914318,-0.7386739,0.79693437,0.52802163,1.1541209,-0.5905589,0.6142874,-0.03734686,0.46256244,1.2476666,0.57456464,0.95021045,-0.19913812,-2.1094391,-0.83773655,-0.84045297,-0.6122088,-0.39212024
2662122,1.6206869,0.5040175,-1.5740002,-0.10827673,-1.1917859,0.056782365,1.0290699,1.3794295,-0.651022,0.63126045,-0.6305765,1.0224466,1.1724434,-0.31855655,0.70944864,0.3702632,-0.58812565,-0.8480627,0.043011766,-0.09765268,-0.9546508,0.3583602,-0.06915866,1.3169502,2.0864697,0.6963667,0.20315257,-0.7768353,0.2969312,1.2611346,-0.16484669,-0.631899
2662499,-0.10158768,-0.2940774,-1.3294364,-0.865127,0.33643252,1.0502007,-1.9351645,0.043913055,-1.5849735,-0.0010496005,-1.890245,2.3044066,0.025014587,-0.018162549,1.5579036,-1.5888258,0.5894526,-2.2259853,-2.0648253,0.46637353,0.3713341,-0.41463828,-1.1077192,-0.98202616,-1.1438341,-0.35915238,0.34302372,-0.45784461,-1.5241526,-1.7289784,-0.44036967,-0.6460583
2662958,-2.6855435,1.7786602,0.7187725,-3.67468,-0.74579865,-2.4390163,-2.798322,-1.5562574,-0.9202404,0.12451189,1.3080374,1.0470523,2.628122,-1.4398408,1.6741141,-1.9547112,-0.5329857,1.6790426,2.5416067,0.2941866,-0.5425649,-1.2327027,-0.3114292,-0.19829021,-0.7572071,0.7816113,0.26283693,1.1083591,-1.3486676,1.3834984,0.2496463,-1.4248656
2663119,0.43137226,1.4297854,2.462341,0.99872607,-2.6441708,0.5004891,-0.80371845,-0.5014776,-0.34280324,-0.6379258,1.7368063,-1.7109526,2.2114425,2.318733,-0.5331365,1.7745303,1.8574706,0.26502836,-0.8126928,0.072317824,1.3580344,-0.0045359284,1.8069001,2.2071598,-0.3680654,-0.17090668,-0.65020335,-0.30375466,-0.99008816,1.1225474,2.2183661,-1.9208632
2663907,1.6021119,3.6694195,-3.4630973,-4.4056034,-1.779507,-1.5228745,2.1166441,-1.1359096,-1.1905931,-1.8986851,-1.2638083,-1.6566592,1.4640285,-2.837536,0.6873687,0.05961113,-1.6522925,4.343252,-0.0753783,2.684532,-0.6101392,-0.32382074,0.115547925,1.5587883,0.10416683,-2.4805233,2.7183402,-0.51571363,-2.2710176,-1.2935601,0.25739256,-0.85737133
2664137,0.53559804,2.891413,3.2700443,-0.2254975,-3.152465,0.3898587,-0.25104904,0.6763723,-0.12110627,-1.1625421,0.67655843,-2.3823214,3.088364,1.8050777,0.29210556,2.1580186,1.4561359,0.13779932,-1.3672442,-0.00747158,2.089609,-0.3830371,0.96501344,2.0977862,-1.052307,-1.0053656,-1.7515572,0.44242248,-0.424615,1.3344507,2.0263503,-2.333049
2664159,0.07701169,0.9074714,-0.6405814,0.33064198,-1.5144016,-0.65613395,0.89932084,0.9404137,2.319424,-1.49445,-1.5435497,0.4453839,0.40525827,-0.048698727,0.5078886,-0.6207617,0.65763944,0.3117026,1.0194466,0.3334616,0.17192681,-0.072594866,0.5330454,0.69640833,0.65717506,1.1275837,-0.28018877,-1.1575277,-0.5524948,-0.49030542,-0.37927318,-0.3677288
2664311,1.9940038,2.5995228,1.1081874,0.5570391,-1.7368487,1.8495386,1.9620528,-1.6334114,0.8172002,0.8769164,0.117953226,0.78809154,-1.7861204,-0.6055512,-1.9606311,0.4514234,-1.714792,-0.96773493,-1.878776,-1.3297446,-0.11770843,-2.9827423,-0.24529105,-2.8494444,-0.28399593,1.1229619,-0.4319685,0.3186434,-0.8275269,0.07392867,-4.025123,0.84352094
2664357,-3.8661144,4.109609,-2.0629969,1.6276592,-0.6136716,1.7699908,0.91383064,-2.1194172,3.449717,0.05419553,1.056875,1.4494132,-2.7455764,0.5839431,2.5534246,-1.827626,0.0034254156,-3.277075,-0.35491595,1.6085932,1.8381686,-1.5584362,-3.0396612,0.9202165,0.3879023,0.05911655,0.07907869,0.8704342,-2.6155846,3.7770233,0.7871231,2.1040726
2664810,-0.41415575,0.7671658,1.0766629,0.17039251,-2.7911978,-0.5352278,2.1920807,2.5259786,6.1542053,-2.0642738,-3.4037108,1.1614952,0.78198844,-0.03162885,0.96908695,-1.1808791,2.1811967,0.5324003,1.478285,-0.66115576,1.2288636,0.7829237,0.59077626,2.5069535,2.3449593,1.5924978,-0.21720082,-3.0201516,-3.302618,-1.0474538,-1.1688576,-1.2764535
2664852,-0.54051006,1.3231237,0.2997276,2.8248265,1.5110228,-1.5151433,1.3242604,-2.0013156,-1.1330097,-1.8755572,-0.66403794,2.0340347,0.18097557,-1.7424542,0.8036485,0.039045308,-0.044273842,-0.020660467,-0.60432875,-0.30427063,0.269896,-0.15080404,2.880206,-1.057083,-0.5231154,-1.463321,-0.5326749,1.6136156,0.7877404,1.7762808,-0.82461596,-0.6132518
2665017,1.2498052,1.4160907,0.48030907,1.127177,-0.027367223,2.3269005,0.802163,-1.7445958,1.1198715,-0.83644235,-0.13260287,0.9196342,-0.3848678,-1.7117108,-2.1603973,0.7628303,-0.7718434,-0.8053797,-1.1244885,-1.1797035,-0.24667048,-1.6982387,-0.25983632,-2.2160034,-1.023827,1.0355551,0.1005711,0.77184707,-0.4320218,0.2596417,-2.3725646,0.9703799
2665042,0.26123172,1.8465686,2.5471895,-0.41658685,-1.751337,-0.052685596,0.09744202,0.56486183,-0.17328656,-0.8008714,0.87375176,-1.6229618,2.0677385,0.8536646,0.16818063,2.0046124,0.6705489,-0.44863206,-1.1683296,-0.34823075,1.5692403,-0.18315834,0.6241426,1.354942,-0.63165826,-0.820583,-0.78525394,0.0022973083,0.037345164,1.4980272,1.5110676,-1.6584474
2665078,0.61610156,-1.8704007,1.146177,-2.7912884,0.71754795,-1.740594,-0.3527977,1.0216882,-1.2178494,-0.48640555,1.8791298,-3.3168027,-1.3447642,0.95868707,-1.325488,-0.21207018,0.72593784,-1.2719204,-1.8883029,-0.62007374,-0.7132226,-0.025838155,2.1490643,-2.8225064,-1.4175254,2.6136746,1.0271664,-1.0506079,-2.4332814,-0.252864,1.550545,1.1888212
2665339,0.33657986,2.9689538,-1.0723227,1.0206567,1.1976302,-3.0711958,3.1513517,-3.3395543,-1.9227498,-1.276293,-1.6087297,2.2297325,1.5077724,-3.1090393,1.6015222,-0.7044532,-0.6678496,1.0749519,-0.7442184,0.99929464,0.45910215,-0.41892982,5.0530844,-0.8721924,-0.023956098,-2.400821,0.14638166,1.5613804,-1.0488153,-0.01904238,0.7102103,-0.39093986
2665871,-0.18837354,-0.12534943,-4.4795394,0.83519477,0.6044021,0.6069513,2.3742929,0.8307873,-2.559254,-3.206954,-1.2346382,-1.8833174,-3.749745,0.5773693,0.10241173,-2.52288,2.0722027,0.46706325,2.59773,-2.090035,-4.0555887,0.16170788,2.1855164,-1.0670393,-1.4430562,-0.04114576,0.33743104,-2.15878,0.35546353,-0.08999663,-1.6171942,-3.6972253
2665918,1.6682674,1.378109,-2.505647,-0.939275,2.5703487,0.1417911,1.5323666,-2.069918,0.75960183,-1.5915405,-1.4126732,0.03212032,-0.490397,-0.10461897,1.436648,-1.3123571,-0.43257523,-0.932947,-0.042956535,-0.058304437,-0.8364797,2.820517,1.6196597,0.60503715,-0.4835472,0.41813943,1.9452357,0.46092507,2.5556126,-2.1972382,-0.2766701,-1.4142166
2666372,-0.10109087,-0.025091436,-3.324279,0.7450401,0.4199076,0.832931,1.9206557,0.9172714,-2.667692,-2.59709,-0.82649773,-2.0470228,-2.932563,0.24816108,0.17948194,-2.177155,1.9098583,-0.00063754804,2.309039,-2.1673806,-3.3268964,0.3933043,2.0815465,-0.63650644,-1.2246436,-0.37311623,0.21940413,-2.295517,0.3038399,0.15102065,-1.8925507,-3.153129
2666373,-0.9659258,-0.031376492,1.0586241,-1.3442554,-0.028692108,2.4683828,-2.5575707,0.39389625,-1.1959305,-0.06587527,-0.2054585,1.5750796,1.5471863,-0.26354963,-0.829042,-1.1087446,1.1418724,-1.4472994,-1.8566685,0.27998203,-0.9124976,-0.07492609,-1.1564202,-1.1089797,-0.9112764,-1.7549564,0.5250957,-0.15751718,-0.37015387,-0.03546676,-1.4018213,-1.5012602
2666397,-0.049842205,0.24573271,-0.5164264,0.7582336,-0.32834455,-0.3002373,1.1015171,1.1245362,2.5996227,0.9982758,1.5698067,0.69553596,-1.6824436,-1.4544078,-2.2474864,-0.18458089,-0.36456186,0.99183846,0.74539244,-0.5289374,0.49186686,-1.6974412,1.2790551,-2.1412058,-0.65595484,-0.27343366,-2.39321,-1.1381162,-0.9035572,-2.0520153,-2.2894437,1.476122
2666524,2.773532,2.4299076,0.9816236,1.09185,-1.9968882,5.2779255,2.9285505,-4.79372,-0.030789265,-1.7417086,-2.187333,0.07111251,-0.23113815,-2.069271,-2.0894365,1.6820438,-2.1545582,-1.418697,-1.9751644,-2.946453,0.03666846,-1.7881665,-0.35970435,-1.8091086,-0.18714216,2.7271135,1.2431475,2.551215,-0.34311518,1.7239015,-3.8398583,-0.54900485
2666729,-1.1348057,-0.18352191,0.91727656,-1.9364332,0.48168305,2.5031185,-3.1242409,0.025179822,-1.4929893,-0.38007998,-0.84506965,1.5299826,1.9117469,-0.81699026,-0.4014642,-1.0069457,1.4632688,-2.163362,-2.3508914,0.07110736,-0.5563943,0.05515416,-1.6604717,-0.7146633,-1.6047564,-1.6830335,0.6067115,0.34561187,-1.0719246,-0.4145452,-1.3620974,-1.1104743
2666852,-1.5581664,2.1556334,-1.7136812,0.20267193,0.09374765,0.16880101,0.3287256,-1.1251965,2.2507224,-0.14242306,0.09898123,1.4721621,-1.6257298,-0.10488087,0.76262176,-0.007952593,-0.47127116,-1.9232266,0.33716777,-0.34915584,0.63142055,-2.0586889,-1.087174,1.4771614,-0.16771832,-0.4257376,0.2320266,-0.28722125,-1.2512782,1.6561424,0.65862757,0.08137445
2666935,0.6171033,-1.1414734,-1.1848247,0.64945066,-0.95234454,-1.3085759,0.6468476,0.050486825,2.124081,-2.6103997,-0.28469458,-0.27247265,-2.1307511,-0.0327704,-0.11595202,1.1741843,0.24328844,1.0182624,1.7785174,-0.27959165,-0.3953539,0.79117984,1.3408433,-0.042681888,0.38217068,0.19712667,0.2869192,-1.3052951,-1.3451036,-0.072144486,0.7560723,1.4694592
2666951,-0.18369311,3.761534,-1.4264851,0.72760206,0.713157,-3.0576754,3.1706445,-3.52232,-2.4346223,-2.485933,-2.0061567,2.1845474,1.3279914,-3.431148,0.17467397,0.47492468,-0.90070105,2.5884404,-0.9907822,2.440551,0.2872764,-1.0330737,3.7852955,-0.57594365,-0.7620791,-2.6468015,1.1789846,1.5452933,-0.6811224,0.46469408,-0.5304724,-1.5922468
2666992,0.27448103,1.9439129,1.9350395,1.0389117,-3.4418814,0.39484525,-0.5384618,-0.018970992,-0.8827023,-1.7100419,1.3811065,-2.7970095,2.0466714,2.6513746,-1.3461206,1.763117,1.8205098,0.39371288,-0.4966679,-0.29356268,1.0248281,0.18722017,1.8003812,2.5626132,-1.1983802,-0.20446412,-0.8306745,-0.7935115,-0.6288432,0.67282903,2.4804611,-2.65885
2667307,-1.4825742,2.4730976,-0.56689733,2.4768548,1.2965195,-2.3802717,2.1926084,-3.1269062,-2.0261757,-2.9171252,-0.82357913,2.6724682,0.94671535,-2.3065238,1.0774925,0.27915922,-0.36003253,1.3674873,-0.7276384,0.76970184,0.2314961,-0.5622417,2.9048173,-0.9675192,-1.0013899,-2.3764532,-0.1914403,2.0728316,0.66655195,1.7962699,-0.48832476,-0.8393035
2667312,-1.1602807,3.0832334,-1.304638,1.1896994,0.57793415,0.76242954,0.79629743,-1.4919848,2.3982756,-0.7734589,-0.22073284,1.5213044,-2.3824613,-0.1250679,0.17609477,-0.09317314,-0.45878243,-3.0971935,0.24770686,0.043183446,0.9687029,-2.8698392,-1.5201946,2.0367186,-0.14781085,-0.48718965,0.5246707,-0.48267,-1.373502,2.2344973,0.9683767,0.30167654
2667507,-0.7560939,2.8711448,0.5510409,1.2480357,1.9689591,0.11707693,-0.40763545,-0.74699074,1.9161289,0.06961267,0.31945792,3.0933995,-1.0929096,2.1745207,0.6143361,0.07889138,1.3509576,-1.155808,-0.06742753,-1.4425263,-1.5215904,-0.8437805,-0.9588941,1.1615924,-1.4563066,-1.2406756,-1.8522043,1.530503,1.8595937,0.5356836,0.29849428,1.0036951
2667513,-0.10193208,-0.6410396,-1.4650038,-1.4319639,1.0564762,0.91160387,-2.4072762,0.21898459,-1.1121651,0.024020627,-2.5184782,2.429624,0.12382635,-0.5646256,1.5543493,-2.486254,1.2692738,-1.7203618,-2.129707,0.7687082,0.26829502,0.11048025,-2.0023959,-0.057115316,-0.77830267,0.1612792,0.39532673,-0.49952,-1.2483233,-0.712345,-0.6251506,-0.83208394
2667565,-0.09758244,1.382158,0.18342833,1.0056492,-0.74168134,0.6802437,-0.52574944,0.66854805,0.07922393,1.7081693,1.3430986,3.1053,-0.39789692,2.1197743,0.030055646,1.1708357,0.88914627,-0.7898731,-0.073803365,-1.1481438,-1.4459225,-1.9459754,-1.0842628,1.2018733,0.11755207,-1.6326082,-2.620058,0.28591368,0.5300839,1.446057,-0.04854147,0.85589856
2667574,-1.3335638,1.6722629,1.2509816,3.3148837,-0.988408,1.1797409,-1.1515319,1.3261048,0.7781858,3.4005177,3.3811626,4.518141,0.48254487,5.227479,-0.8185386,1.8258638,1.2583013,-2.2587802,0.17797907,-2.5196698,0.6438044,-3.7147365,-2.6325994,1.9281515,0.057768226,-2.3157032,-4.4078684,0.0694011,1.2474707,2.341715,0.07049975,1.2146113
2667663,1.0668639,1.4688914,-0.6367557,0.4409926,-0.8851907,-0.02975106,0.8693538,1.2774998,-0.28977716,1.3478162,-0.040500097,2.3413403,-0.09806128,0.98312575,1.124816,1.3806849,-0.27205586,-0.58684367,0.56528443,-0.33290341,-1.9589981,-0.94686276,-0.3761815,1.5403498,1.5385795,-0.410936,-0.8951772,-0.782751,0.7871662,1.5455023,0.37383687,0.17734039
2667728,-0.95699954,2.096704,0.78038913,2.1796665,-0.5951203,0.768935,-0.9956596,0.44983473,0.852079,1.9197028,2.0769835,4.0782213,-0.30374643,4.0058393,-0.106686175,1.1526843,0.8040575,-1.7306243,-0.22292425,-2.310238,-0.12611513,-2.4699187,-1.247052,1.4313465,-0.42215428,-1.9626054,-3.8121438,0.14308855,0.8830475,1.6023073,-0.2643964,1.0405313
2667932,0.86155266,1.4626813,-0.6110269,-0.55629754,1.2833325,-0.2706972,0.25211293,-0.99844366,1.6733406,-0.5494144,-0.99685305,0.93210644,-0.704417,0.45502168,1.0189575,-0.061834976,-0.26727518,-1.2153867,0.4148768,-0.63670534,-1.2532097,1.4726032,0.21152557,0.79129356,-0.649827,-0.33820072,0.54667324,0.55847055,1.9300123,-0.72467685,0.3965914,-0.20796925
2668541,1.659357,-0.939198,-1.5932254,1.896938,-2.5449464,1.3427804,0.8676324,2.866517,-0.4852367,2.391312,1.4674703,1.357378,3.272455,1.7797534,-0.40380108,2.3053713,-1.2441485,-1.8789433,0.72344714,-0.67502683,1.5385369,-1.594447,-1.2661965,1.6000143,3.0823743,-0.5055754,-0.11577328,-1.034507,-0.13091955,2.62864,-0.14703847,-1.5482954
2668578,-0.7592573,0.8238364,-0.073630236,1.8829972,-0.46853924,-0.18495978,0.72487265,-0.7061788,-0.50254995,-2.1462867,0.42055124,0.37374723,-0.9364491,-1.1983092,1.1621001,-0.14186417,-0.40626436,-0.05841615,0.15343277,-0.16482528,-0.24642158,0.6479373,0.29422104,0.09175967,0.16015252,-1.3392149,-0.65523297,0.69035345,1.1441127,1.5103774,-0.21240355,-0.048615284
2668600,-0.553634,0.42763352,0.26765424,1.1523191,-0.1379444,0.33837697,0.05474317,-0.104076214,-0.42120123,-1.7467886,0.68520594,-0.16744913,-0.47334057,-0.77016485,0.871752,-0.0967419,-0.11040063,0.2954148,0.11149214,-0.3682441,-0.45190582,0.7588668,-0.41400903,0.4730873,-0.5033594,-1.0257717,-0.33752513,0.5208352,1.0806177,1.1917764,-0.20843431,-0.034689523
2668691,0.27911633,1.9741126,-1.0750278,-0.6879864,-0.85245895,-0.53547597,1.3837296,-1.1790947,-1.1317526,-2.2148664,-0.1898138,-0.27302858,-0.17331378,-1.8961997,1.2883215,-0.08581787,-0.74271894,1.7149287,-0.16835116,0.49942726,-0.32691103,0.45770073,0.10554573,1.2256006,-0.20921537,-2.076428,0.21029805,0.0759974,0.04912087,0.2264781,0.2675242,-0.44535768
2668763,0.4592101,0.87351626,-0.7014907,-0.74793816,-1.052443,0.41525158,-0.08258287,-0.39522466,-0.27790928,-0.34618253,0.16536921,-0.87183934,0.39079782,-0.931402,1.5276241,-0.42067784,-0.23748548,1.2159038,0.24653214,-0.9220842,-0.6427885,1.0244013,-0.16940738,1.5990763,0.4275167,-0.96352375,0.21975581,-1.0499092,-0.3485593,0.087616675,1.0207205,0.42064494
2668961,-0.43494478,0.90990096,2.1108818,0.45363072,-0.09467884,0.31979713,0.061055835,0.45179093,0.5766948,0.9275987,0.46036744,-0.6014511,2.164438,-0.4036237,1.3210973,0.33940348,0.24061073,-0.32727805,-0.7529707,-0.65583014,1.6151261,-0.06497895,0.14811973,0.18059629,0.0930791,-0.9521679,-1.2990965,0.28460482,0.05423937,1.048782,-0.22191925,-0.27424854
2669169,-0.66893685,0.8361734,2.2801292,-0.019275535,-0.22728416,0.5094653,0.27910435,0.2591863,0.6173917,0.78365684,0.84584826,-0.61213416,1.7295321,-0.33120078,1.4493141,0.027011063,-0.30982482,-0.12336111,-0.5003955,-1.0400594,1.6275535,-0.45920485,0.6263249,0.8085375,0.15013345,-1.0758784,-0.8933913,0.21950851,-0.123362444,1.5926614,-0.08584726,-0.28486526
2669302,-0.3881016,-1.6812596,0.88498956,1.597626,2.5172148,1.3641458,-1.2181827,0.2089797,-1.1002442,2.6196473,0.36042568,0.92969024,0.9089621,-2.152256,2.0414538,-3.161622,1.5814922,-0.9383978,0.5417446,-0.5357354,0.26044858,-1.6159304,0.78005075,-0.6241901,-0.14719485,-2.1108413,-0.6092283,0.23977731,-1.3943564,-0.72503585,-3.8245454,2.086827
2669690,1.437034,-2.397251,0.8971023,-1.049644,0.65676296,-1.5283334,-2.7671452,1.3499285,-1.6525954,0.16631223,1.0812116,-3.3562639,-1.6949402,0.95684355,-0.51091284,-0.33373696,-1.5837735,-0.6695221,-1.9683739,-0.67207247,-0.50366795,-0.22245212,1.1842114,-1.9944108,-1.484795,0.86430275,0.026561152,-2.0584235,-0.28786072,-0.0688269,1.4837966,-0.26096258
2669825,-0.2880255,1.5746713,2.88916,0.253814,-1.3391278,-0.090962365,-0.17273432,0.7746547,0.0068615116,-0.056690216,0.41851744,-1.2596418,2.553408,0.5872801,0.7785734,1.4181712,0.90454036,-0.6525074,-1.3185215,-0.28879896,1.4278066,-0.52637124,0.5760861,0.9338933,-0.72495705,-0.97836024,-0.89142495,0.3514687,0.13025616,0.829507,1.2480644,-0.9908102
2670308,0.07941643,1.6753457,2.011186,-0.1768799,-2.0716794,0.29421115,0.28193676,0.76950705,-0.3729149,-1.3135586,0.5733654,-1.8684925,1.8836796,0.9257681,-0.18088911,1.5886778,0.9735462,-0.6016874,-0.7286272,-0.7356255,1.1793706,-0.08564837,0.86468357,0.99279237,-1.0001845,-1.0632234,-1.0009415,-0.2581462,0.2135257,0.9989157,1.096175,-2.0295773
2670822,-2.3304932,0.40465608,-1.659056,0.4250973,-0.8621394,1.1297857,0.271739,-1.2529972,3.111724,0.24753672,2.2031403,1.5359046,-1.2241166,0.38979855,2.3784,-0.4955229,-0.02264971,1.6375768,-0.1357109,-2.639192,0.04029093,1.3385698,0.06526009,-0.9494051,-1.1394017,0.41759872,-0.28819546,0.9617004,-1.3086535,1.1270458,-0.71936345,0.99202514
2670869,-0.51963663,0.89421487,1.7407143,0.740586,-2.1350625,0.44303757,-0.07530058,0.027896006,-0.1775648,-0.2459211,1.3376383,-1.6616663,1.7687263,1.7337419,-0.59331805,1.2162297,0.7059701,-0.19814917,-0.81312424,-0.19859694,1.1995763,-0.19153146,1.0799699,1.5850435,-0.6062324,-0.4041851,-0.47465774,-0.39559528,-0.47701338,0.6808076,1.5018003,-1.4491981
2670919,-0.15567122,1.3414905,1.7400477,0.3855969,-1.7457018,0.91215545,0.8218031,1.8364196,-0.58813566,-1.9177089,0.44981432,-3.171486,1.8869826,1.2024984,0.48514032,0.87902385,1.2245189,-0.7968568,-0.87885046,-1.3781216,1.0409807,-1.4292772,0.6849272,1.5361874,-1.5958053,-1.6441385,-0.76890606,-1.4392215,0.22385742,0.9254731,0.31295377,-2.6697302
2670936,1.447074,2.2296908,1.1114179,-0.17252555,-1.6137196,-1.6650454,-0.14221673,1.0314183,1.9095056,2.2060816,1.7516696,1.5375925,-3.6319716,1.4902523,-1.0805892,-0.4406255,-0.43218184,0.011739992,-1.6249356,0.9036829,-0.8759612,-2.5623536,1.2586788,-2.646292,0.11356592,-0.23406449,-1.5732136,-2.8434994,-2.868052,-0.5826815,-2.0647633,1.2201905
2671161,0.6780802,-1.8457187,1.0458856,-2.4827042,0.51208705,-1.3355935,-0.8337197,0.63834906,-1.0745746,-0.24867676,1.6642351,-3.1099577,-1.5263295,0.4629985,-1.3631233,-0.3829023,0.5841288,-1.3083736,-1.8198044,-0.6804547,-0.83321506,-0.43482572,1.8965971,-2.4585118,-1.2487932,2.2688775,1.3194859,-1.164684,-2.3669198,-0.08867842,1.3951347,1.0564699
2671241,-0.427601,-0.11416748,0.64588726,-3.14008,0.45658723,-1.7188679,0.25687283,1.6370583,-0.9774591,-0.8250683,2.018911,-3.0483167,0.15488946,0.08807315,-1.3210422,0.21465914,0.8725971,-2.198767,-2.0277002,-0.56383854,-0.33229837,0.869472,2.264415,-2.5502608,-0.2924668,3.3541684,2.2368824,-0.69148225,-2.7710798,-0.71269065,1.6767952,1.2652092
2671492,0.3438847,-0.45951974,1.145871,-3.9985008,0.042455282,-1.7623343,0.6821642,1.5002153,-0.82284904,-0.35051242,2.2650323,-3.8226235,-0.77228993,-0.164838,-1.9880277,0.13860936,0.7994771,-2.4942775,-2.657053,-0.78764427,-0.75645596,0.598156,2.8318858,-4.2134876,-0.34231624,3.616919,2.4492724,-1.2190658,-3.0101542,-0.489017,1.7156042,1.5436608
2671688,-0.66057044,0.2220327,-1.5538789,0.92097783,1.0281479,-1.6385759,2.6529386,-0.51962954,-1.8931264,0.14450668,-1.155724,0.40194386,1.1448302,-1.3240589,1.4791279,-0.6829526,1.0034266,2.0849872,0.9511539,-1.0490985,0.044402987,0.40341517,-0.76595134,-0.9731104,-2.3407729,0.2702825,-3.7340465,1.7055517,2.0073042,0.68749845,2.1918411,1.0144323
2671728,-0.5384696,-0.84036475,0.59987336,0.35498554,0.787401,0.27943948,0.5662703,-1.7476392,-0.79238105,-1.263396,-1.6643513,-0.10862744,1.5216067,-0.33660185,0.5218372,1.2100818,-1.3008337,0.87759185,-0.22790766,-1.7864408,-0.11776894,-1.3073045,-2.1092823,-0.3714624,0.02514295,0.98635125,-0.67124206,-0.07414575,1.4266094,-0.19686662,0.07056601,0.032079637
2671952,-0.99191505,-0.37663466,-0.01171666,0.8276328,0.4484348,0.7147287,1.2460963,-3.530876,-0.30379543,-1.8131067,-1.2679155,0.086168915,1.8340651,-1.235739,1.0241023,0.9533927,-0.9408021,1.2051562,0.6533812,-2.8325913,-0.38112953,-0.83465,-2.4052942,-1.8303716,-0.36401367,0.46692514,-1.9145696,-0.38002965,1.4007065,0.5668221,-0.42993045,1.3179889
2671981,-0.061961118,0.9673621,-0.26357138,-0.13914548,-0.5699623,0.5065181,0.25807178,-0.4943284,-0.19428249,-1.1264013,0.42553997,-0.15723242,0.17867081,-1.2321731,0.86138946,0.1072882,-0.23651429,1.515424,-0.04771431,0.15895756,-0.4452446,0.4504673,-0.50356424,0.57950366,0.035201777,-1.0237489,0.51100415,-0.28792113,0.49588147,0.37955302,-0.09605289,-0.04812091
2672055,0.011925172,1.7003303,-0.7843717,-0.05993092,-0.57266575,0.16839354,0.903588,-1.5271525,-0.796835,-1.8641306,0.039639063,-0.05454166,0.30779442,-1.7195426,1.1963685,0.084521174,-0.15984787,1.6270517,-0.041663636,0.7543204,-0.5733687,0.6627023,0.47324052,0.9786252,-0.22465223,-1.9203526,0.38447535,0.10569243,0.5784613,0.2608111,0.3096142,-0.3538149
2672112,-0.4336153,0.790554,-0.6252892,0.055021808,-1.6788316,0.7934297,0.1949366,-0.2707732,-0.0012055608,-1.2864033,1.224563,-1.0557344,0.5315557,-0.68689954,1.9753599,-0.65439576,-0.93342847,-0.26277444,0.2539393,-0.675623,-1.1141343,1.2511827,-0.16626894,2.032201,0.5696947,-1.3579086,-0.20664509,-0.60700625,-0.9950245,0.28352568,1.9156196,0.52406985
2672189,-0.77625835,1.9939786,-0.6283696,0.50615233,-0.073375806,-0.60908216,1.4591581,-2.472771,-1.5928751,-2.277815,0.4563236,0.4038627,0.6262243,-2.0229518,1.8528559,-0.34522486,-0.35685423,1.3152655,-0.33439875,0.86140007,-0.24647862,-0.09635711,1.3049752,0.5861654,-0.5517374,-2.7021117,0.30058855,0.4215741,0.1846816,0.49078903,0.91685915,-0.21629879
2672227,-0.25634852,2.5841806,-2.2681134,0.035053387,-0.5377863,-1.1107814,1.4625998,-2.1909027,-1.5171418,-2.110142,0.43277106,0.49801347,1.0122783,-2.7605476,1.4473917,0.18615517,-0.4124636,1.7786655,-0.011647768,1.2390372,-0.6269425,-0.27815056,1.4455186,0.7855578,-0.0043532327,-2.5997388,1.002869,0.40123066,-0.75748396,0.5997037,1.1776602,-0.031910844
2672353,0.48152602,2.4542816,-1.8035166,-1.6485382,-1.4382157,-0.5180805,1.5083097,-1.7557094,-1.1615216,-1.5710677,-0.44483176,-1.0064616,0.92356503,-1.9640442,1.9503844,-0.5355697,-0.6662707,1.5298172,0.30111647,0.7558768,-0.21856034,0.48605973,0.88350487,2.1345363,0.29239908,-2.1229117,0.8642334,-0.50477874,-1.3199086,-0.5757791,1.567188,-0.09431998
2673263,0.34902123,-0.22163692,-0.08227871,-0.44735515,-0.8657489,-0.33023268,0.620171,0.49307838,1.1108781,-2.0622075,-1.4571744,0.30004558,-0.31890294,0.52419776,-0.8028229,0.26184314,0.6934287,0.21171835,1.104426,0.6636762,-0.4954729,1.1371889,1.0011742,0.24038748,0.4805289,0.98696685,-0.5260604,0.0933574,-0.89307827,-0.19005865,-0.11412903,0.22043139
2673325,0.0776428,-0.37860653,-0.639373,-0.27755082,-0.31599188,-0.57848597,0.5438177,0.09047601,0.056938104,-1.5818344,-0.122077435,0.2329252,-0.8166623,0.14334556,-0.4096698,0.80692464,0.14786303,0.26363277,0.691543,0.5572627,-0.6760754,0.5921404,0.4138117,-0.0026234668,0.00039418414,0.40197682,0.21743071,0.861034,0.5190731,0.21951425,0.14027847,0.7607895
2673800,0.5928304,-1.9200463,0.083043024,-1.0358789,0.11658314,-0.081098,0.96771824,-0.5557592,-1.0831491,-3.0138016,-0.67327076,0.41313332,-1.7625364,1.0418841,-1.5568888,1.8077438,0.70795375,0.12556556,0.4722939,0.8108684,-1.4250994,2.0674503,1.8083376,-0.12497312,0.21631442,0.44267297,-0.48499975,1.7158861,-0.7817737,0.021870129,0.59644425,1.4897126
2673842,0.40063918,1.6264338,2.4622307,0.9081583,-1.9707793,0.65065664,-0.747192,0.6141666,-0.72617996,-0.5686723,1.2040151,-1.967616,2.3287635,1.6169703,0.18741919,1.0330381,2.3085306,-0.42155778,-0.5076368,0.13301001,1.3269918,-0.68545544,1.4967595,1.8409551,-0.99776417,-0.99811715,-0.67722195,-0.07688485,-1.287761,1.0111928,1.1041785,-2.1878006
2674240,0.17239378,-1.8192167,2.578268,-0.69558,-1.0741396,0.15888505,3.3239987,0.88724005,2.8374655,-4.0831046,-2.5855417,1.2900681,-1.0255646,0.53735816,-1.1070663,0.86944306,1.5506295,0.35404992,-0.41926494,-0.8581511,-0.40945312,3.2401924,2.4483018,1.9780781,2.121522,-0.15140112,0.41421017,0.33888695,-3.4875388,-0.64839745,0.36939216,0.56538785
2674241,0.018138412,-1.3430922,0.5743679,-0.50633925,-0.8965547,-0.6892549,1.826459,0.7085937,1.5634416,-3.3717985,-1.3750091,0.624066,-1.5573746,0.8660601,-1.1135573,1.1163828,0.858713,0.780043,0.5467038,0.35505852,-0.74116117,1.8965372,2.0320065,1.0216978,0.8028678,0.38600957,-0.5618647,0.33684236,-2.4386501,-0.32334527,0.34265685,1.0600071
2674379,0.6107865,0.70025975,0.09877438,0.7849972,0.18414038,1.1971138,-0.122182116,-0.36014983,1.8015788,-0.54137826,0.77918637,0.90486526,-0.59012944,-1.3606671,-1.816907,0.534501,-0.21971868,-0.2664243,-0.45332748,-0.43951374,-0.12978451,-1.1961484,0.064766526,-2.2674313,-0.85758924,0.3009413,-0.37641323,-0.14736062,-0.37627143,-0.20939718,-1.5490236,1.6612043
2674483,0.09188616,1.790961,-0.5908676,-1.0875142,-0.80881935,0.17558303,1.1247339,-1.5268327,-0.90262294,-1.2155033,0.14018592,-1.0335455,0.6364498,-1.0623406,1.5938916,-0.56396,0.018635448,1.537422,-0.08879171,-0.09068107,-0.31120113,0.9606353,0.5753093,1.8706499,-0.25582808,-1.9230071,0.29449916,-0.4073527,-0.17503458,-0.60822856,1.4603932,-0.10885642
2674555,0.019424763,-0.38424277,-0.8953533,-0.746037,0.6374834,1.2171521,-0.05343119,-1.218507,-0.7992836,-1.6004704,-0.30163458,-0.11734775,1.190465,-0.19836283,0.109955855,-0.4053615,0.14048573,1.9662801,-0.83491004,-0.9049691,-0.9254148,-0.1866721,-1.1165041,0.39959258,-0.42468747,-0.14471287,-1.0976847,0.21605901,0.9130722,-0.6702365,-0.4606356,1.080124
2674589,-0.90995026,-3.3177776,2.6206424,-0.57533455,0.75412196,0.25566584,3.0337083,-1.5316527,-0.86838084,-4.4225397,-0.12930109,-0.17623018,-3.018248,0.45013696,-2.3686063,2.813807,-0.27201068,0.48072302,-1.5078982,-0.8443142,-1.1661395,3.4373274,2.9526186,1.2143562,0.3265472,-2.2384615,1.57798,2.726353,-2.0945537,0.018641882,1.1826832,2.527508
2674811,0.20731741,-1.023485,1.5923207,0.8735924,0.4321666,2.5234907,-0.06920735,-4.027449,0.64142543,-2.4103973,-1.7978016,0.10524602,1.9964988,-0.82062775,-0.12149285,2.2468379,-1.8587862,-0.06668895,0.37466666,-1.9846793,0.1168443,-1.5505489,-2.625816,-1.4991626,0.8720823,0.19533464,-1.0459849,-1.5240368,0.6278212,-0.14867662,-1.9498279,1.1006529
2674984,-0.23760198,0.92017066,-1.3232437,-0.6407316,0.6006736,0.4339118,0.32026857,-0.82310885,1.6164771,-1.0788549,0.78834504,1.0407108,-1.1725168,-0.5811767,-0.17387795,1.104873,-1.404741,-1.2530559,0.42603248,-1.2977607,0.3394647,-1.3381673,-0.974131,1.6613183,-0.71719724,-0.016960694,-0.1332619,-1.1353937,-0.7709426,1.6208743,0.85372734,-0.07667932
2675421,0.72324985,0.8754932,0.21379437,1.0740982,0.17832892,0.7631868,0.037905145,-0.009779364,2.1613817,0.050112236,1.1904999,1.1113651,-0.8510545,-1.6084377,-2.2305138,0.27847034,-0.2780891,-0.046510585,-0.41928566,-0.32165688,-0.1941507,-1.6538528,0.45880446,-2.4775324,-1.2279402,0.11697003,-0.805811,-0.47567794,-0.77834195,-0.6500124,-2.047622,1.9899329
2675422,-0.9236382,0.5501529,-0.61150134,-0.8158771,1.5242736,-1.7434179,-0.45136476,2.8980412,-1.1544648,-1.2822456,1.5527011,-2.8594656,1.2737576,0.9491693,-0.7910496,0.041720167,0.36126268,-1.3178138,-0.6143708,0.30329743,0.69455516,1.758958,-0.09591375,-1.0358797,-0.345818,2.923242,0.7818223,0.53661656,-1.4549241,0.21048969,0.053427014,-0.07867211
2675523,1.1525029,1.7823869,-1.0711865,-1.015153,2.6311967,-1.2038714,1.144122,-1.2228937,0.90227145,-1.4509976,-1.6928385,0.89947003,-1.4690088,-1.6032052,1.6898556,-1.5768698,0.38181877,-0.28884503,0.27408823,0.12053578,-3.0480845,2.4816446,1.0821635,0.8675047,-0.59637094,1.3065268,0.93732667,0.51523226,2.2797518,-1.1522042,0.23476063,-0.07815901
2675871,1.1949868,2.7559257,-2.4186044,-2.1724942,-0.96407545,-1.0721993,1.8070524,-1.7626168,-1.001081,-1.629512,-1.0412912,-0.25832638,0.94508874,-2.4991994,0.7091665,0.22674887,-1.2083383,2.8431172,-0.33923662,1.8605342,-0.22359179,0.13990897,1.3596255,1.0551561,0.026614457,-1.7635227,1.5295913,-0.31737217,-1.3168019,-0.4145197,0.44889566,-0.4393806
2675895,-0.15741074,-3.2009373,0.47514725,2.06116,3.7636423,1.9085574,-1.5489794,0.90197027,-2.2662354,2.9633431,-0.25175136,1.3534257,0.32339698,-3.0503557,2.6736436,-4.127904,1.7384846,-1.5126723,0.35609496,-0.018822897,-0.73798954,-2.8860018,0.92310154,-1.1706274,-0.8259386,-2.5882285,-0.8941112,-0.09305373,-1.4800383,-1.6882067,-6.045081,1.9336525
2675937,3.2547066,-0.7689079,-3.7024956,3.5545487,-2.0843458,1.5642352,2.2765424,3.3842635,-0.91918194,1.7837143,1.287517,0.31509173,3.8604403,1.7227069,0.58303183,2.3182673,-2.1618044,-3.1952956,0.53200275,0.0901851,2.5736523,-2.1909266,-1.3461125,2.1595936,6.1182694,-0.09136078,0.8202735,-1.620534,-1.0234714,1.6727641,-0.20710464,-3.5811963
2676333,-1.4082738,2.3204587,-1.1819502,0.8537203,0.22708523,0.49498558,-0.044081833,-0.6783128,2.0296636,0.40892005,0.5359021,1.5932403,-1.6924084,0.14099985,0.68187815,-0.36245856,-0.63532984,-1.743696,0.261438,0.41931188,0.748809,-1.2404983,-0.5387509,0.95651466,-0.7388462,-0.08242411,0.3933258,0.49578208,-1.4017287,1.7312493,0.21917202,0.6046003
2676572,-0.20913026,-0.6957804,-0.33163333,-1.3473177,0.85269153,1.1575353,-2.653283,0.4191755,-1.2611849,-0.34981224,-1.627103,2.0580294,0.4198569,-0.5237286,0.88007754,-1.8511602,1.1039234,-1.3045163,-2.1191769,0.41201928,-0.47122934,-0.19706006,-1.765804,-0.45002076,-0.7000615,-0.56608516,0.51732886,-0.026818737,-1.1054631,-0.51298547,-0.42498696,-1.2252551
2676589,-0.29461512,0.5843662,0.75783443,-0.020272134,-2.2242277,-0.16139871,2.828941,2.122096,5.263319,-3.3713825,-3.8936937,1.4978861,0.330972,0.3704896,0.632096,-0.583474,1.9841474,0.60015416,1.9875864,-0.69716734,0.7978356,1.4371089,1.4564759,1.7336062,2.359393,1.4601382,-0.23030935,-2.2967327,-3.400373,-1.2236868,-0.9137034,-0.51451844
2676600,-0.30144134,-0.44251034,-1.3443521,-1.3628856,1.0202161,0.6174106,-2.1103497,-0.33738947,-1.130566,0.10939298,-1.9356457,2.7701457,0.12740088,-0.22819313,1.5764087,-1.8367553,1.7156405,-2.1467834,-1.4972366,0.7878051,0.10016297,-0.51501,-1.1918244,-0.37593523,-0.7368349,0.11930176,0.54168427,-0.60678625,-1.5637684,-1.2095824,-0.2816979,-0.77859306
2677330,-0.13164002,1.2035371,-0.9158249,-1.1553589,0.16919449,-0.7996852,-1.6036068,-1.530692,-0.30184412,-0.6873862,-0.372548,-0.22340766,0.5017175,0.33955598,-0.48298782,-1.3037373,-0.08014372,0.2453957,0.6650246,1.1158172,-2.2020333,0.10378338,0.56160647,-1.0067825,-0.11522259,-0.035466716,0.6069877,0.96145785,-0.6469267,-0.240715,0.6819358,-1.1949778
2677644,-0.5249275,1.7647456,-0.1158592,2.5380528,1.3242809,-1.6779428,1.6968626,-2.3736763,-1.6097484,-1.8822187,-1.1607447,2.4328895,0.37716192,-2.5034366,0.91261214,0.08966395,-0.3954611,0.89207274,-0.88178563,0.22403128,0.66026026,-0.46662855,3.2917438,-0.9834685,-0.51933146,-1.6155576,-0.22446026,1.7955145,0.5493981,1.1511567,-0.5701754,-0.51787806
2677979,1.2510909,0.22142935,0.21473363,0.13060999,-1.5592201,0.92384565,-0.39579186,0.19260742,-1.3912816,0.0107148215,-2.8570478,-1.998568,-1.5517167,-0.5356915,-0.24861638,-0.8254672,-0.76161194,-0.771464,-0.13119636,1.0272579,-0.98522156,-0.11489807,1.6628653,-1.1941699,0.6325843,1.3187635,-2.1322942,1.3117044,1.7375246,-0.067824215,-0.856195,0.06732803
2677989,-0.20816837,0.9121994,-0.34658664,-0.60345274,-0.94720113,-0.03315206,-0.59838384,-0.6503784,-0.7645573,-0.24339882,-1.471371,-0.52932847,-0.39701575,-0.4292499,-0.1319271,-1.4948151,-0.33801344,0.21149053,0.49942526,1.0198122,-1.3040346,-0.17666636,1.408231,-1.1912526,-0.16148156,0.09028367,-0.8299623,0.9914472,0.7273211,-0.14010116,0.053526755,-0.3506144
2678047,-1.0070093,1.679462,1.1850251,-2.1627762,-1.3666071,-0.13971798,-1.0948094,-0.12105775,-1.3512037,0.5176675,-0.14364092,0.1135453,0.45584142,-2.4187953,1.5306133,-1.0237702,-0.29709992,-0.21503608,1.5448229,0.7167985,0.58416563,-0.6241761,0.8644479,-0.4162736,0.6419767,1.1395738,-1.4776917,0.91116834,0.20407544,0.22555527,-0.26881725,0.3426119
2678064,-0.30890268,1.7050661,0.08973022,-1.213487,-1.0917517,0.39944896,-1.601127,-0.18771616,-0.8773858,0.45902365,-1.7490202,-0.08226851,-0.57252866,-1.8584571,0.26981795,-2.0240803,0.30206597,0.11971544,1.0899497,1.2868251,-0.7003727,-1.02016,2.0874002,-1.1723533,0.39943695,0.448634,-1.660847,0.9730092,0.9081273,-0.8863284,0.119968265,0.49188983
2678075,0.089056,1.689164,0.43741825,-1.1070985,-1.2827067,0.05657284,-0.35846004,0.43270802,-1.610626,0.81020623,-2.1251585,-0.63089794,0.28036422,-1.8962371,1.5189723,-1.1690487,-1.2933174,0.6409478,0.9909601,0.92238206,-0.60308915,-0.3494746,1.931232,-1.1209155,-0.15600148,0.6974063,-1.5520003,1.9506999,0.65534323,-0.3806741,-0.12990558,0.011426859
2678088,2.0136735,0.75870836,0.7205097,1.3941711,-1.3536552,1.4796792,-0.53111607,0.18816064,-0.16008924,1.1504092,-3.4142592,-1.7154633,-1.1385653,-0.95388824,0.48750174,0.03633681,-0.777575,-1.2182047,-0.27366966,0.5628637,-1.1598387,1.1039044,1.6332738,-0.97165066,1.2937204,0.58300793,-1.4315926,0.42722508,0.70387024,-1.1952268,-0.4526248,0.00034379214
2678107,-1.5180825,3.2627354,1.1673284,-1.7360235,-1.4110445,0.10216363,-1.9560255,-0.01896112,-1.9696233,1.8200295,-1.5577923,-0.51618236,1.1357932,-3.2509496,2.6402838,-1.2694583,0.042522937,0.49522856,1.9298717,0.55037457,0.44645426,-0.5225473,1.6566542,-1.0569953,-0.4366163,0.40108088,-1.872231,1.7600722,0.020741016,-0.6042151,-0.18517399,0.8783915
2678229,0.3639772,1.7890106,0.081137985,0.20131235,-1.060884,1.122946,-0.6122324,0.16891685,-0.61596364,0.37542677,-2.1226852,-1.0788915,-0.37619758,-1.2271957,0.23417155,-1.0769004,0.13736682,-0.21165965,0.31557494,0.7725389,-0.9476225,0.07232626,2.217715,-1.2578956,0.42306787,-0.016048416,-1.2368534,0.7729312,0.49964076,-0.8871668,-0.0064780302,0.20902583
2678325,0.46225244,0.82416654,0.0022120364,-0.4302535,-1.0646397,0.22924782,-1.1655923,-0.33038205,-0.7174576,0.26932335,-2.041474,-0.6281676,-0.04586361,-0.92924744,0.15894742,-1.4243729,-0.3340298,-0.15108173,0.30959964,0.7077964,-1.0660759,-0.8256993,1.2259483,-0.44638652,0.60021025,0.84546125,-1.8267742,1.0789399,0.80435777,-0.11532858,-0.049718354,-0.6704021
2679652,1.0364466,2.033859,0.90047914,0.49682978,-1.1935534,1.1569439,1.6918426,-1.5210229,0.919956,0.18330732,-0.44823432,0.5330039,-1.6502836,-0.7659353,-1.2760714,0.79640657,-1.2966945,-0.009569176,-0.7503602,-0.916861,-0.043931294,-2.0672386,0.19910836,-2.0478683,-0.05177115,0.8140757,-0.76683944,-0.029812716,-0.7308778,-0.2273495,-3.0808904,0.07705475
2680204,-0.15494356,0.96890724,-0.13210607,1.3973167,0.3793787,-0.12037982,0.45260924,-1.137347,-0.5074186,-1.1878322,0.08954159,0.7295173,0.1992815,-1.2977909,1.2452092,0.0914036,0.04675917,0.34601545,0.24368952,-0.106488205,-0.2229119,0.26328826,0.8892802,0.2026066,0.17271134,-1.2593327,-0.049650624,0.19011019,0.4484536,1.4501046,-0.2399848,0.012815669
2681640,-3.8661273,2.573117,1.0395955,-2.5169406,-0.17205448,3.341663,-3.5525918,-2.1950948,-1.7402263,-1.52441,1.8380008,1.5067142,4.469204,0.5392922,-0.7573938,1.9951236,3.1214395,-4.696985,-2.6679823,-1.364696,-0.41792667,2.0728433,-2.2829995,-0.5471331,-2.1216776,-4.0826364,1.5728288,0.55147314,-1.9589814,-0.9238206,-2.2395344,-0.4159134
2681669,-0.5176816,-0.26707554,0.34185016,0.72215354,0.84704673,0.27106008,1.3552755,-2.687528,-0.3316413,-1.8953315,-1.9244018,0.5505074,2.0056643,-0.98711336,0.7500162,1.0183668,-0.27039504,0.88784707,0.4221799,-1.1676421,0.1095033,-0.86877054,-2.0569944,-1.069337,-0.82886755,0.5776962,-2.4923294,-0.10460223,1.4247103,0.37167573,0.39748526,1.3327157
2681753,0.2881519,-2.8937304,-0.2003931,-0.1662403,-0.9831331,-1.304214,1.7246214,0.2626194,0.8397465,-4.213363,-2.2572339,0.2768656,-3.0292861,1.2359961,-1.1733309,2.2116642,0.8029546,0.6938402,0.8011955,0.35535976,-0.88546294,3.1237376,2.852035,-0.2814727,0.27110672,0.66836077,-0.12483499,1.0434717,-2.6075335,-0.3278034,0.4800794,1.7401098
2682267,-0.9369692,2.8587985,-1.5186553,0.8580311,0.4214968,-0.21234733,-0.8101564,-1.678129,2.9342244,-0.9655873,-0.18810502,2.446165,-1.9876121,0.31022465,-0.547385,-0.35572258,-0.61998445,-2.7648032,-0.09239109,0.44353616,0.47183144,-2.5126526,-1.336959,2.4151802,0.4111126,-0.7111291,0.06266843,-0.00029192865,-1.6674247,2.2039263,0.24302897,-0.18648973
2682450,0.4831177,-0.2928712,-2.1414175,-1.107857,-0.5005008,1.9775431,-0.24937278,0.45661274,-0.021029238,-0.76706505,0.838187,0.13313769,0.98939776,0.014366932,-0.106312305,-1.3598514,0.85616535,2.5608618,-1.2379949,0.18345553,-1.1742642,1.5953169,0.42582145,0.91110116,-0.7241222,-0.6159834,-1.2588382,0.2275004,0.39771155,-1.9684762,-0.69731325,2.1997046
2682539,-0.9417482,-0.42942002,-1.1446463,-0.037016645,1.0209985,-1.3767917,1.5088574,-0.48850435,-1.9913116,-0.709883,-0.7682138,0.47924227,1.3088009,-0.6454728,0.9344148,-0.42257214,0.36015517,2.4670358,0.08775717,-1.3524704,-0.92313814,-0.45825887,-1.3158237,-0.034920014,-1.7897758,0.74852675,-2.2502146,0.944134,1.50266,0.034338366,1.5724386,0.27215463
2682720,-0.1877727,-0.49683803,0.048900727,0.32509965,0.48547778,1.2386758,-0.01442454,-1.4656672,0.2532872,-1.8647033,-0.6931646,-0.35852656,1.0945096,-0.1379084,-0.06437271,0.47845483,-0.11813984,1.1963178,-0.565829,-0.98345506,-0.37037206,-0.26627705,-0.94026977,-0.21275571,0.51057637,0.118282944,-0.708861,-0.43302575,0.41213846,-0.49807373,-1.0320865,0.92380214
2682751,0.39581165,-1.0300311,0.22988135,-0.03668791,0.1664331,2.311935,-0.3529936,-2.2633593,0.7625356,-1.9749728,-0.3631918,-0.15333392,1.4749447,-0.343014,-0.43282738,1.3480082,-0.9345134,0.5853992,-0.0012081265,-1.3547869,-0.64808345,-0.64406127,-1.4304014,-0.16363135,0.49830514,0.026915018,-0.6144719,-1.3704487,0.332146,-0.6844972,-1.6627674,1.3059727
2682882,-0.8664524,-0.4753198,-1.146818,0.14638135,0.98526525,-0.83442384,1.4422439,-0.9615926,-1.7488222,-1.0783306,-0.5375646,0.35971183,1.441535,-0.925752,0.7512702,-0.3373688,0.2820172,2.4140766,-0.16494644,-1.043095,-0.5896052,0.02049175,-1.4536076,-0.02162645,-1.1071888,0.94586873,-1.6659315,0.9008862,1.4781042,-0.0027564652,1.4613951,0.38854778
2682892,-1.3974857,-0.42604515,-0.49009168,-0.2944826,1.3456018,-2.038108,1.7643443,-2.0309908,-2.4179199,-1.3772609,-1.6223433,0.035272118,1.876026,-0.2919752,1.4479697,0.8439585,0.5008579,2.7196293,0.20085269,-1.4795222,-0.54762805,-1.0323402,-2.0976298,-0.583293,-1.2261393,0.9318018,-2.645092,1.5675136,1.714988,0.32410863,2.0159025,-0.23262632
2683122,-1.0620118,-0.47788227,0.39173067,0.8579385,1.1781622,-0.58277243,1.9019523,-2.8775933,-0.64938694,-1.4886084,-1.7868088,0.4939437,2.0559897,-1.4023987,1.0008059,1.2294613,-0.72708946,0.89924777,1.0072494,-1.6922972,-0.5172281,-1.323808,-2.3561525,-1.5451018,-1.0898143,0.66616297,-2.902438,0.4237812,1.6196902,0.62439597,0.8297717,0.49310762
2683965,-2.8006527,1.4602044,-1.067751,2.3119934,-0.7888662,-0.63898534,1.1093938,0.07756645,0.6024194,1.2169614,1.7781295,-1.0471189,-0.546833,-2.3091884,2.2407792,0.124178335,-1.9306546,1.5870038,-1.16563,0.27311942,0.627786,-1.5055411,-1.2946421,0.7876545,-1.2647276,-1.68204,2.785906,0.43445683,1.7822505,-0.028563894,-0.6432331,0.662526
2684026,-0.28116587,0.58055145,0.07133046,-1.1723927,-0.7898319,-0.8546057,-0.250988,-0.43954223,-0.937039,-0.4329641,-1.3952839,-0.60398316,-0.19073205,-0.8737807,-0.24806829,-1.7528477,-1.0587099,0.39652595,0.50123763,0.80439174,-1.0931859,-0.82346225,1.246414,-0.53419435,-0.2313456,0.246046,-1.0285147,1.9988242,1.2195007,-0.079143435,-0.37144417,-1.0063423
2684055,-2.3731008,1.1526995,-1.5974435,1.7130554,-0.13488063,0.78141576,0.33052373,-1.447516,3.559772,-0.36299145,1.5548272,3.070965,-1.4473784,0.0889494,1.6669567,-0.454991,0.0014257096,0.4267165,-0.7979842,-1.8403878,-0.071169324,0.011845127,0.22756061,0.08467905,-1.1088266,0.677883,-0.15737098,1.4188179,-1.5712452,0.79514915,-0.97939533,1.4031584
2684336,1.3494769,0.84121984,0.1986631,0.9901318,-0.37759075,3.0378752,1.4078372,-2.1557484,0.93240094,-1.4506462,-0.83161014,-0.10651919,-0.20028071,-1.9936727,-1.7540206,0.6433801,-0.6484118,-0.6085229,-0.5424772,-1.8288432,-0.27102748,-1.1410012,0.3056937,-1.4690965,-0.41521275,1.3494959,0.0020895675,1.2385215,-0.42222878,1.0738975,-2.026338,0.30840465
2684745,-1.4525908,-0.51838434,0.7807194,0.5972104,1.5499575,-0.4560109,2.0414917,-3.916558,-0.91051555,-2.1300123,-1.8669173,0.2347009,2.3374872,-1.2408136,1.5555943,1.4857035,-0.13811904,1.3162,1.0845115,-2.0137084,-0.51378465,-1.4873128,-2.5853593,-1.4981786,-0.70396465,1.2424752,-2.8194258,0.030845506,1.433655,1.1688056,0.6945501,0.9380573
2684984,-0.24967629,1.5624144,1.0911309,0.34844556,-1.211348,-0.13067333,0.34888634,0.7346033,-1.075049,-1.1764634,0.38001892,-1.5838319,0.96333516,0.7625423,-0.047429327,0.7958247,1.1800158,-0.44082454,0.21105242,-1.0595282,-0.22705808,0.031667575,1.0219415,1.0106297,-1.0485637,-0.85135704,-0.533529,-0.66499573,0.12738086,0.8669011,0.92510736,-2.147835
2685524,-2.8394625,3.32324,-0.21893553,-3.7592645,-0.46985355,-2.797584,-4.373741,-2.6116593,-1.3178759,0.18355322,1.297412,0.34671593,2.7326872,-1.391671,1.3818189,-3.2461088,1.0659349,2.711686,3.806823,0.66478914,-1.5204998,-2.0892735,0.8610994,0.08648808,-1.7319883,-1.1944344,0.81800956,2.0761971,-1.6867152,0.21217266,1.4898672,-1.0516506
2685591,-3.2913206,2.845951,0.55081826,-4.468797,-0.84002656,-3.5602584,-3.639744,-2.1637204,-1.3061943,0.27791122,1.7078236,1.402408,3.0301101,-1.3906782,2.1803944,-1.882654,-0.37718257,2.6742187,3.6288366,0.6114061,-1.9882711,-2.3201141,-0.2738419,0.00886108,-1.4255346,-0.59616613,1.2766899,2.2502558,-2.0266542,2.0675366,0.37913904,-1.7267488
2685694,-1.4741949,3.0097063,0.059479203,-1.7628489,-0.031859957,-1.9260466,-3.2276688,-1.2727872,-0.67144257,1.2650273,-0.3629576,-0.3407844,2.6106257,-0.62164205,1.6800069,-1.1989068,0.15925074,2.2930665,2.8153229,-0.2095707,-2.706758,-1.3166524,0.6644776,-0.5938135,-1.4291404,-1.7222366,0.9425971,1.5507768,-2.1952984,-0.20358309,0.89302623,-1.912149
2686058,0.6143557,3.1662385,-2.3916538,-2.304959,-1.8426443,-1.2600135,1.7341418,-1.7458631,-1.8889482,-2.6170547,-0.41686586,-0.8047558,0.71553993,-2.7961812,1.2802353,-0.10804953,-1.5497541,3.0095124,-0.4964959,2.095916,-0.8335808,0.44463575,0.44375136,1.6889491,-0.45058742,-3.1090999,1.3940735,0.24657908,-0.9970308,-0.76257807,1.4570823,-0.84932363
2687162,0.7877548,2.294028,-0.21716566,-1.2617652,1.8874861,-1.3172007,0.5582011,-0.9249558,1.6926143,-0.78091544,-2.2200787,1.0999967,-1.2305814,-1.1768109,1.2745863,-0.91380614,0.1748051,-0.588887,1.1827624,-0.15111542,-2.934422,1.898697,0.23820654,0.8257007,-0.065101326,0.902884,0.69589114,0.45691648,2.6874168,-0.18615018,0.9595021,0.2067608
2687837,-0.13707015,1.8402462,3.387773,0.6258661,-2.514519,0.113917716,-0.92307425,0.024425779,0.13427222,-0.014409063,1.3683676,-1.3540972,3.0458918,1.7926083,0.45233595,1.6889225,1.2452152,-0.15742457,-1.3581407,0.22515003,2.1992817,-0.87598383,1.0152819,1.8911318,-0.5618326,-0.96735305,-0.79738635,0.77433383,-0.63229066,0.94826365,1.9948643,-0.8754638
2687864,-0.44464642,0.8614491,1.5262613,0.46158764,-0.9987669,0.11071021,-0.44322658,0.26888558,-0.85522276,0.10298598,0.7915484,-1.1105186,1.4349059,0.23605105,0.74267054,0.06290555,1.1557795,-0.31800774,-0.5889711,-0.36510345,1.2052617,-0.70448524,1.0835403,1.0356374,-0.61143064,-1.0460234,-1.0018429,0.1605287,-0.6042554,0.63362837,-0.43682444,-0.49509653
2687894,0.05417294,0.7610708,1.9796467,0.4382656,-0.4057442,0.33690494,-0.5592529,0.32070616,-0.2879904,-0.00014388375,0.8826303,-0.72969556,1.7987237,0.41986144,0.59356797,0.87414247,0.8855663,-0.44424435,-0.57621086,-0.06943132,1.0256381,-0.92751443,0.63435036,0.99794877,-0.5742814,-0.8735169,-0.53867775,0.0046343617,-0.5346512,0.5378688,0.09805985,-0.30065808
2687903,-0.4870007,1.4499009,2.5226343,0.13546868,-1.6405382,0.1362143,-0.2479583,0.50624686,0.101033434,0.35637456,0.679601,-1.1623541,2.489558,0.53568375,0.90878975,1.2401707,0.352624,-0.11791021,-0.70154953,-0.18242677,1.7795117,-1.3429099,0.78674424,0.84328294,-0.38234386,-0.96739835,-1.1274914,-0.08995028,-0.5585021,1.1102543,-0.09154977,-0.69488394
2688339,-0.009277219,1.714507,2.2861693,0.5249708,-1.6407062,0.46768504,-0.53579307,0.76836586,-0.6399113,-0.9246392,1.0407025,-2.0263333,2.114349,1.7608217,-0.13027371,0.87030244,1.568222,-0.4317201,-0.86460483,-0.28405032,0.8864307,-1.0635767,1.120012,1.6234691,-1.3023165,-1.1643654,-0.51917654,-0.25402054,-0.3263408,0.85089314,1.7759547,-1.6095455
2688903,-0.91144025,0.3954757,1.5983783,1.9295741,-1.8644366,1.3636901,-0.9533678,0.024917249,-0.740006,0.52660954,1.3953842,-1.393702,1.9341654,1.1867715,0.7142351,0.43220907,1.8876066,0.019173263,-1.0085865,0.3548289,1.5119774,-1.0386682,1.5813867,2.0575674,-1.1797136,-0.93048704,-0.5839768,-0.10745615,-1.5072539,0.42548513,0.25405395,-0.63440806
22772491,-0.7802171,0.8492231,2.076653,5.349272,2.477172,-1.2905914,1.432892,-1.2692606,-1.0256999,-3.330207,-0.16381681,2.4840202,-1.3862127,-2.0752058,-0.4705779,-1.3055761,0.19727768,-1.9972976,-1.8949646,-1.273611,0.28297907,-0.5412011,3.4862332,-0.14156212,-0.7662815,-1.587048,-3.256677,3.338009,2.3835218,2.881749,-0.4243183,-0.43058798
22772736,2.392261,1.2275562,-1.3978654,-1.0573568,0.10292564,-0.624266,1.266117,1.051408,0.26809514,0.66838324,-1.6382197,0.8505669,0.74846345,-1.2254804,1.2342007,0.31948265,-0.7324226,-1.1159972,1.7914726,0.60628325,-2.6257205,1.7632667,0.45490572,0.94151825,2.2968526,1.2585799,1.4901142,-0.1458836,1.9910119,1.3878118,0.83166903,-1.4520637
22774119,-0.42067385,-0.10385691,0.88413733,0.52885264,-0.31869227,0.46248588,-0.1966901,-0.5091038,-0.70213914,0.11986345,0.82446545,-0.84378314,0.763536,0.29987028,0.51397276,-0.5058107,0.45776016,-0.32974064,-0.2537806,-0.20128973,-0.13215816,-0.7784507,0.9035931,0.5657955,-0.42038718,-0.8304626,-0.1550605,-0.36021867,-0.19609685,0.7757736,-0.4880529,-0.08530047
22774339,0.8645698,1.7102252,-1.1234897,0.33563828,1.0188912,0.069471896,-1.7489873,-2.2839215,0.5622258,0.72502905,-1.8852965,-1.0630996,1.2014983,1.6506205,-0.4162857,-0.35579747,0.8419042,-0.3644257,0.40772825,0.06332046,-3.8901236,1.4589863,0.7683406,-1.3176275,0.17660248,-1.8452971,1.9094135,0.6104475,-1.3525242,-1.5105866,1.4344438,-2.5753078
22774957,-2.4895375,2.924038,-1.1212883,1.5006056,-0.84304726,0.17808625,-0.62356687,-1.03686,2.1423883,0.97454256,1.170769,1.3783821,-1.2638819,0.3490398,1.275467,-0.16710688,0.13409056,-1.0619152,-0.33352265,0.6925506,0.76419204,-0.37980485,-0.3225206,0.7359641,-0.7099594,-0.002409516,0.3850462,1.5525694,-1.41137,1.2722479,-0.11326593,1.0454828
22774968,-0.86880416,1.2951657,1.607473,5.485221,2.9028256,-2.2193103,2.01573,-2.5487359,-1.2928725,-3.5986838,-1.489379,3.1071072,-1.112314,-2.9081755,-0.5664419,-0.5885074,-0.20591156,-1.2933451,-2.0443585,-0.061647166,0.16530445,-0.8578446,4.3447,-1.3561741,-0.717723,-2.2899992,-2.1918929,3.6665235,1.7105043,2.8105366,-1.0934175,-1.021087
22775238,0.050501864,1.4870164,-1.7073134,1.4642444,0.3469485,-4.0469613,4.542593,1.4749175,-2.2361133,2.4745204,-0.2812261,1.5658865,0.48558873,-1.8447411,1.6654139,-2.3271194,2.1700478,1.7178861,0.872666,-0.20527291,1.0862329,1.9066225,0.26042217,-1.045238,-3.8815093,-0.6195964,-5.6237283,2.3718143,3.2191715,0.91542625,5.4005575,0.7985184
22775276,-0.18772423,-0.57205045,0.61801326,-0.43759513,-0.4000133,0.08027909,1.6401784,0.6246761,1.1389512,-2.3987675,-1.3055658,0.49013054,-0.6049463,0.36939436,-0.43912634,0.8984462,0.8135058,0.5706816,0.4833201,0.16678546,-0.39859024,1.2402606,0.68781394,1.0709326,0.8231725,0.6364671,-0.06017729,0.4336768,-1.0324279,-0.3818723,-0.01872789,0.51073277
22777908,-0.5516107,0.08087742,-1.4323258,0.5273848,-0.7462228,0.73193496,1.6254834,0.46507916,-1.1784109,-1.7938466,-0.1128404,-2.0160599,-1.2980808,0.9483938,-0.31940493,-0.6310569,1.1480078,-0.06970349,1.2096417,-0.87631637,-1.1967223,0.1011,1.3705472,0.21909404,-1.3254254,-0.14708818,0.06310183,-1.661238,-0.1534398,0.8933347,-0.44132906,-2.1806347
22780867,-3.079518,1.875273,-0.5694377,-1.3599437,1.5458604,0.22018945,0.77312434,2.5058491,-0.87269217,-1.7523783,1.1014619,-0.9189346,3.305264,0.0111463405,-0.5552984,1.6253642,2.4065478,-2.0945687,-0.5669923,-0.56709415,1.3591527,2.1359835,0.3448333,0.29611737,0.72252554,2.3736806,1.4520442,1.2868822,-2.0637538,0.2605012,0.23934022,-0.13600922
22780948,-0.3210753,-0.58406943,0.25030035,0.017592728,0.7368822,2.2219045,0.3511466,-3.0671318,0.19190273,-1.8773155,-0.5896671,0.8645285,2.2868185,-0.62977535,0.6307699,0.92453086,-0.47190088,0.72065425,0.10105431,-1.290649,-0.0532178,-0.16135599,-1.449688,-0.5806939,-0.52252567,-0.12146962,-1.4496167,-0.50813603,0.93574584,-0.04802816,-0.59064394,1.9221829
22782874,-0.059871487,0.61440367,1.1628759,-3.1594222,-0.4306359,-1.071047,-0.003729716,2.1975985,-1.4448842,0.76513666,0.897989,-2.8988936,-0.4023075,0.21089324,-1.9097761,0.7258855,-0.8148786,-1.4337324,-2.356495,-1.5236237,0.18695554,1.4292634,2.512933,-2.8428705,0.061996475,1.7869214,2.212126,-1.9820238,-0.84028053,-1.5119361,1.8386605,0.54749763
22783356,-3.6270497,3.706064,-1.1307219,1.5893697,1.1628314,1.2160944,-0.016657367,2.5948567,-0.53654635,0.6684335,-1.8188583,1.2254157,3.6948993,0.7870073,0.92903614,3.0831504,-0.84618616,0.33534145,0.6180867,-0.6830905,3.0316541,3.5500522,-1.4412858,2.5953834,1.1700572,-0.9039705,0.4469515,0.88084847,2.3807087,-0.99226904,-0.24894777,-1.7497958
22783410,0.8061245,0.7506512,-1.4304261,2.0410624,-0.5417993,3.9311857,1.7172521,-2.89159,1.3851755,-2.9112754,-0.72700185,0.6795166,0.579379,-4.0474176,-1.8585743,1.4604161,-1.3282219,-0.1777601,-0.39723277,-2.7392273,-0.12108146,-1.3127288,-1.1284513,-3.2013562,0.8047787,0.30219343,-1.2702144,0.4078767,0.53864264,0.1846367,-2.4868338,0.28042516
22787501,-0.40375268,-0.99986684,0.7561105,-0.45727092,-1.1192901,-0.182302,2.391438,1.0889282,3.3534145,-3.1383166,-1.8643466,0.84571385,-0.6285148,0.31015715,0.14594337,0.56524414,1.3274022,1.1221167,0.6557206,-0.24683312,0.03981785,1.7024267,1.1740346,1.5362377,1.5975842,0.8201767,-0.03587628,-0.45052475,-2.464428,-0.7829636,-0.12808959,0.11180999
22787502,1.8980391,0.5687446,-1.8641907,-0.037796564,-0.25760454,0.64316666,1.2241595,0.29589313,0.29663885,0.08835259,-0.42361775,0.48981813,0.95238376,0.11896396,0.83366835,0.64507383,-0.786726,-1.5388592,0.5373357,0.045757405,0.25724208,1.0924455,0.00051883236,0.9013465,1.5705293,0.058986872,1.5480068,-0.4393694,1.2490739,-0.05763216,0.13820621,-1.646343
22787741,-5.1351614,2.970061,-3.3897405,0.4629639,-2.2812383,2.7536476,1.0952218,-2.6447947,5.546785,1.0404295,3.2884994,2.685867,-2.5777228,0.25125372,6.1933146,-1.524894,-0.71451527,0.3792017,-0.026506025,-2.0522199,0.51143163,1.6753143,-2.4205093,-1.5250707,-2.9985015,1.430706,-0.44135943,2.0394316,-3.1304655,4.340127,-0.0074391626,3.8992083
22787873,0.16369635,2.9105277,4.0380936,1.6089959,-4.3658366,1.7685385,-0.44036174,-1.9705921,0.7850873,0.8360336,2.7201655,-2.2520642,4.281799,3.7964547,-0.5083983,2.5143843,0.49703485,2.0570543,-2.5176296,-1.4544963,3.645162,0.93107367,3.191216,3.459851,0.30271155,1.143681,-0.5751106,-0.5456684,-1.1522996,2.2397995,5.0035644,-1.5936326
22788972,-1.8788077,0.80542517,3.8262775,-3.980517,-4.033761,-1.5668144,-0.7745562,0.58278865,-2.2690494,1.8666564,0.039642375,1.0349395,2.0125973,-5.5155354,4.723969,0.88320696,-3.050712,0.4681757,2.2734973,-0.9652792,4.3918815,-2.1735926,0.4709236,2.0293438,-0.26772803,3.5593593,-2.3329093,1.7031301,-0.07120885,2.017937,-2.4763908,0.25400066
22793277,0.13666512,0.4331069,0.3141615,-0.18824095,-1.772714,-0.39927205,1.4264303,1.3449639,3.4936087,-2.5093117,-2.5530267,0.99756134,0.4728925,0.31868908,-0.08472345,-0.7272607,1.2836771,0.16182649,1.5613337,-0.18121777,0.13061677,0.8643425,1.0216414,1.2425213,1.1978143,1.3096454,-0.58222747,-1.4963816,-2.0374036,-0.7438896,-0.36085266,-0.5904974
22793581,0.851187,-1.3763462,1.3067282,-2.6924899,0.9389466,-2.0119703,0.46735674,1.6391541,-1.0146427,-0.28288177,1.723299,-3.6008713,-1.1337557,0.9750697,-2.0342486,-0.9971716,0.9315479,-1.5541315,-1.6080548,-0.6418912,-1.1119518,0.43569756,1.4496626,-2.6675518,-0.7937663,3.330369,1.439573,-1.0511576,-3.4199305,-0.25542274,1.1374748,0.48930824
22796594,0.055184145,-0.7090938,0.81615615,-0.4405899,-1.7844472,0.09749428,2.4634328,1.10739,3.3079216,-2.8910902,-2.3561628,0.8064875,-0.5389997,0.5730344,0.20784381,0.78403854,2.1388524,0.49297506,1.1498344,-0.3128816,0.14646532,1.8163826,1.1713187,1.513706,2.2339807,1.0820222,0.07095782,-0.16644987,-2.3312654,-0.26549622,-0.12844299,0.12168949
22797718,0.9640278,2.5167959,0.94564193,-0.7309132,-1.5280077,-3.0738277,-0.34234524,1.808,1.8768361,3.1422558,2.36854,1.5908788,-4.3860865,2.3106658,-0.05000874,-1.1446486,-0.22689544,0.054111026,-1.3151096,1.8424796,-0.79495746,-3.0607772,0.8798375,-2.2073731,0.29633254,-0.49313626,-1.7748715,-3.5244005,-2.7218516,-1.4600264,-1.711708,1.1374645
22798027,-1.891193,4.844897,-0.5490699,-0.18788248,0.5445995,0.8220585,-0.55024546,-1.5517652,1.9932495,0.9842281,0.3548883,1.3566813,-1.875581,1.4969027,0.59454095,-2.0666833,0.37398207,-3.7418816,0.46565282,2.6786954,0.67842144,-3.3388717,-1.7798458,2.0607214,0.08507803,0.16102695,0.82383204,-0.378825,-2.029614,3.4782734,2.5025344,0.93875945
22798852,0.41497526,-1.3646278,-0.29475015,-0.59380496,-1.0061266,-0.14260814,1.422305,0.14823043,1.375436,-2.74868,-1.4229976,0.4039658,-1.1817167,0.892318,-0.5852768,1.3461653,1.3602241,0.39808923,1.2626795,0.18316619,-0.37887597,1.5144498,1.2985315,0.35491633,1.1127082,0.7376324,-0.28131574,0.8712333,-1.4882395,0.2670902,0.34647143,0.51188767
22800672,-1.7462813,4.1026945,-1.171733,0.037881628,0.9237072,0.7532669,-0.074913904,-1.4324251,3.0224662,0.2871225,0.63238084,2.180789,-2.2297597,1.3485616,0.66620415,-1.5061996,-0.5320625,-3.5198543,0.73510426,1.4459364,0.75718623,-2.8681977,-1.4481175,2.015449,-0.5190072,0.30526754,0.8349778,0.062150672,-2.0814676,3.2231119,1.6025678,1.4206878
22800746,-0.92621243,0.27850243,-0.02642246,-1.1634804,1.2115533,-0.7001036,0.08849363,2.0021925,-0.8859736,-1.3370943,1.5857772,-1.6192148,1.2348568,0.40075982,-0.05595181,0.54910314,1.4962293,-1.7028109,-1.0542787,0.105779074,0.42528635,0.75074494,-0.11065011,-0.35154623,-0.31909975,2.377335,0.87114006,0.71554166,-2.1251423,0.24376673,0.45372415,0.5206436
22800885,-0.1894926,-0.22921008,1.9017519,1.5414894,-0.083541304,1.6117252,1.041131,-5.3753333,0.86121476,-3.1200063,-2.5291178,-0.45657003,3.45538,-1.244341,1.0290956,2.870241,-2.2507389,-0.2550755,1.7669739,-3.1189353,0.11689833,-1.1763092,-3.31028,-2.8417666,-0.76205015,0.18519369,-1.8957584,-1.1910449,1.3618133,0.7337002,-1.7112975,1.6254888
22802170,0.27092728,1.0381271,-0.63753915,0.7317654,-0.4143672,-0.45336184,1.0851161,-1.2739705,-0.31650513,-1.2133358,0.45053473,-0.31243616,0.6940295,-1.4208642,1.4377744,-0.273936,-0.27291155,-0.2383633,0.35630178,-0.5231352,-0.28820512,0.27495706,0.88254553,1.2829623,0.476159,-1.986699,0.39498752,-0.1761579,-0.7570523,0.9948239,1.1156541,0.6436579
22802199,-0.1258887,1.3158662,-0.19912148,1.5427583,0.2701154,-0.5730166,1.2380344,-1.106063,-0.7763777,-2.315922,-0.030754946,0.62584895,0.29049355,-1.2939172,0.9058456,0.0671853,-0.12783572,0.07383486,-0.21217668,0.30817935,-0.5493662,-0.00922659,0.91089964,0.04955475,0.53982615,-1.5187714,0.24495314,0.5824533,0.31902188,1.4067624,-0.090133086,0.15252846
22803550,0.12494621,1.7063805,-0.81476486,1.0390213,-0.25912496,-1.1562912,1.1744757,-1.4881167,-0.7562451,-2.1372943,-0.33586696,0.64025915,0.35282266,-2.3538408,0.7176729,0.272207,-0.76045376,0.847315,-0.18743159,0.8698042,-0.004530281,-0.23508716,1.2605085,-0.017150715,0.2874754,-1.5377599,0.20557503,0.999646,-0.31104437,1.2603793,-0.2920472,-0.24246264
22804089,-0.6456863,1.3509462,-0.95031327,1.1646659,-1.3375832,0.19264163,1.6297649,0.5674828,-0.890122,-2.2487373,-0.42782253,-2.497662,-0.93873,1.3342805,1.1846073,-1.1278841,1.497101,0.8076922,0.5495166,-1.785668,-1.3545535,0.0114479065,1.7104647,-0.29877818,-0.78507906,-0.25140926,-0.33536068,-1.1863652,-0.3321278,1.4679613,-0.06587447,-3.2891245
22804171,-0.13260023,-1.2764249,-1.3652939,-0.13579558,0.41946468,-1.1270674,0.35783106,0.3174784,-2.115894,-1.400071,-0.7670809,-0.018833738,1.072122,-0.033730708,0.47121158,0.46327615,0.31845337,2.4367826,-1.1056184,-1.7723953,-0.59684193,-0.6104772,-0.49771404,1.0177484,-1.0334446,1.4467942,-0.035926264,0.816401,1.3944287,-0.5344494,0.79726326,-0.81413645
22804799,-2.5819418,-0.18612729,-1.8774629,-0.13761365,-0.009600095,1.5624695,0.105894014,-0.80172926,4.368117,-0.3291648,2.9549575,2.7835922,-1.3351505,0.014382657,3.414114,-0.36744422,-0.77262765,1.96941,0.42690763,-3.7941864,-0.7900627,2.4284043,-0.23361462,-1.0966628,-2.7812886,0.4677319,-0.3141706,0.76799965,-1.8578925,1.6863627,-1.0092648,1.6259731
22806079,-0.053386103,0.4791335,-0.32251418,0.132682,-1.5911793,-0.5239166,0.7215237,0.95495105,2.972715,-1.8780478,-1.3901205,0.3996709,-0.35462463,0.040826138,0.5064566,0.11272097,0.6591702,0.5622123,1.2015644,0.31027097,0.16965915,0.56833684,0.545124,0.9562803,0.571165,0.895213,-0.5560933,-1.251988,-1.0325427,-0.24894273,-0.6212712,-0.18714264
22806107,0.5365047,3.685589,-2.8936493,-2.8982127,-1.6305254,-1.090431,1.9184328,-1.9154048,-1.1256204,-2.0226693,-0.62423074,-0.7565563,1.5050019,-2.658125,1.2553425,0.26260462,-1.1757197,3.5321627,0.042044904,1.8414072,-0.8849615,-0.071762204,0.52072334,1.4503628,-0.18020925,-2.3240254,1.8184667,-0.28448755,-1.4548564,-0.56789374,0.5061941,-0.4389101
22806776,0.9680002,2.0097923,-0.80619967,0.34129417,0.84743035,0.56977475,-1.2577473,-1.3009137,0.11247547,1.1921041,-2.1263173,-1.5988761,0.7577525,1.0255246,0.09404503,-0.38231727,1.1894495,-0.1091169,0.43931687,0.16089359,-3.5584805,0.8839412,1.6235793,-1.2028482,0.33685082,-1.9700994,0.914304,0.7906797,-0.888335,-1.4412338,1.526014,-1.5570997
22807913,-0.5803738,3.541142,0.016172647,0.008024318,0.5440078,0.21835291,-0.27849752,-1.1839343,0.2801206,0.10205946,-0.98732305,0.3297056,-1.7370173,0.49663916,-0.9804673,-0.9717637,0.5538328,-3.1998494,0.31316578,1.9444072,1.0285176,-3.7275684,-0.60803795,2.312891,1.307189,0.09318718,0.6164957,-0.89021426,-1.095098,2.1790388,2.494709,-0.22037001
22808008,-2.1779206,3.7093012,0.3329781,-1.4910203,1.4571282,-1.8181983,-2.2338784,-2.0640337,-0.81157273,0.9841314,-0.1299072,-0.8986503,2.812373,0.40749186,1.715567,-1.7327459,1.337336,1.8603613,2.4244206,-0.85422826,-2.7553594,-0.9676532,1.1771914,-0.2703092,-1.3167993,-1.8354148,1.4792691,2.1984313,-2.4794314,-1.1082923,1.8565859,-3.3440773
22808192,-1.3457596,-0.33181572,-2.2528636,0.7617856,1.0138267,-2.3370824,3.002134,0.8771065,-2.0003812,0.64346206,-0.6516053,0.115254596,0.7306372,-0.8184484,1.682634,-1.5584257,2.2729018,2.965412,-0.7437201,-1.2064289,-0.24215993,0.9125762,0.33416435,1.058743,-2.7161834,1.2295201,-3.0937715,2.3380258,2.162844,-0.057539333,3.0818868,0.762317
22810147,-3.9627852,4.674145,-1.5934994,0.8849145,1.9078058,0.819977,0.018180326,4.063483,-0.63281935,-0.5701564,-1.0862604,0.26650497,5.1078596,0.92093277,0.3980661,3.1309667,0.0036942288,-0.035572514,0.64212596,-0.22467372,3.5780149,4.629429,-1.1335859,2.0920727,1.446276,-0.23788661,0.73289156,1.5529442,1.6622698,-0.6222533,-0.19647965,-1.5977558
22810371,-1.9354051,3.0295813,-0.24254614,-0.6272753,0.22365908,-0.13116208,0.9244553,2.2270412,-0.64840126,-0.0840456,0.11026364,0.0061633773,2.7166967,0.52955914,-1.2261337,1.5311996,0.51118416,-0.74463695,-0.381007,-1.6829729,1.3455603,2.0938847,1.085716,0.5812779,1.6856923,0.5098473,1.55682,0.5795812,0.26382738,-0.14457266,0.24726102,-0.7239625
22811922,-1.3301301,-0.7259705,0.83220345,-1.3513945,0.41821247,1.7699177,-3.4247668,0.17977624,-1.4952801,-0.30820465,-0.9664299,2.069399,1.301214,-0.8488611,-0.077519916,-1.4504262,1.4833933,-2.3614602,-1.9009528,-0.028854713,-0.93195355,-0.3624068,-0.8011079,-0.8555589,-1.3266692,-1.1280559,-0.05521238,0.2847247,-1.1494317,-1.0523357,-1.1580755,-0.74180794
22812140,-0.7054589,0.19405244,1.024841,-1.1620221,-0.065394506,1.7557261,-1.8058441,0.5380707,-0.49644348,-0.572752,-0.17312026,0.7772148,1.2805418,-0.066767305,-0.67573744,-0.36131233,0.4461955,-0.6264189,-1.3654312,0.07650744,-0.3486716,0.24782832,-0.8155252,-1.0608672,-1.243649,-0.8120499,0.07090892,0.48380566,-0.30419904,-0.28260556,-0.89023334,-0.86113906
22812176,-2.1830976,0.44955885,0.6269458,-2.3009756,0.8834867,2.2111452,-4.2278495,-0.819267,-1.8774102,-1.2455966,-1.1942283,2.176354,2.5060115,-0.98553,-1.1073802,-0.8434726,2.5275354,-3.9314122,-2.447918,0.5121932,-1.3596449,-0.11023463,-1.6735433,-0.52882886,-2.1031568,-2.2007272,1.007742,0.80477095,-1.9428025,-1.1369556,-2.1299336,-1.3870534
22812662,-2.3018346,0.90629053,-0.05105732,-1.9774683,0.9706896,1.5622864,-3.0414507,-1.2990043,-1.7750907,-1.4938583,-1.0913624,2.5794659,1.9777032,-0.5642576,-0.01635399,-0.45412442,2.626791,-4.2115,-2.1656466,0.29825053,-0.66314614,-0.02994217,-1.3759186,-0.84852755,-2.2224028,-1.875976,0.9364736,0.24114649,-2.4211905,-1.900153,-1.2499154,-1.0532275
22813847,-1.7478267,-3.1979597,1.5498707,-1.1348541,1.5049758,0.8683863,3.3073056,-1.4710336,-2.6671531,-2.898507,0.76301795,-1.2715379,-2.8973212,0.741334,-1.7163169,3.1407297,0.3202788,0.5660061,-1.6050326,0.7667854,-1.6819023,2.4941595,1.0253139,0.6844473,0.37394318,-2.210825,1.5577819,4.6242104,-0.52072155,0.9399472,1.3362108,1.6112876
22814043,-1.0789317,2.4216373,1.6890882,-2.7529707,-1.320925,-0.8904293,-1.4900258,-0.95442706,-0.9813966,1.0076934,-0.5002071,-0.17299652,1.4153806,-1.9834511,1.6610779,-1.3397487,-0.20315257,0.5868001,2.1217625,-0.31978193,-0.5384104,-0.96532154,0.8098906,0.37088996,-0.31652766,-0.050697774,-0.6307797,1.5165302,-1.0367943,0.14598551,0.7401637,-1.9689158
22814516,-3.3596778,2.606196,2.373933,-4.7651887,-2.0150383,-2.294301,-1.803535,0.18159792,-2.624836,1.2981337,1.142782,0.54020363,2.202827,-4.631677,3.7092216,-1.8616016,-0.47857723,1.8179206,3.0540278,-0.6940397,1.9426306,-3.4172993,0.7911942,1.0550354,-0.53035283,1.8300335,-2.3036084,2.2813563,-0.82667536,0.75103146,-0.06701052,-0.20689857
22814685,0.34304866,-1.9732088,0.9750414,-2.2208781,1.1673912,-2.2062645,-1.3723717,2.126221,-1.6303321,-1.0550604,2.5470595,-3.522937,-0.37335494,0.44073632,-0.84507537,-0.27494043,0.45711315,-1.7304696,-2.2051218,0.07529955,-1.1387379,0.16466497,1.3942101,-1.6701967,-1.7023776,2.9992933,1.0680463,-0.704647,-2.1925125,0.16405675,0.71023667,1.0592943
22814831,0.8502338,-1.6877744,1.1164579,-2.0315042,0.3328083,-1.4353913,-0.50985754,0.9978217,-0.61602366,-0.21135972,1.2546347,-2.8545678,-1.3547665,0.8875741,-1.0604967,-0.8755169,0.36152193,-1.0435555,-1.5882844,-0.636147,-0.53556705,-0.020837788,1.4933321,-2.7095156,-0.7691033,1.7425766,1.0152541,-1.0123392,-2.1057782,0.04312988,1.2721388,0.6015806
22815158,-0.49760863,-0.4981931,1.2456692,0.8643303,0.37876907,1.7469265,0.723664,-3.7019725,0.6959593,-1.9477594,-1.5156349,-0.11016235,2.081183,-0.8345008,0.8986127,2.051026,-1.2743227,-0.29965594,1.1402546,-2.3973415,0.19254085,-1.15162,-2.4016736,-1.8114346,0.081848755,0.32719436,-1.2281386,-1.1946725,0.9123042,0.40682238,-1.0994312,0.7108004
22815291,-1.535982,1.242985,-1.1959094,1.1614721,1.030351,-0.26186126,-0.363307,-1.1353999,2.8144732,-0.78477365,0.93935955,3.759967,-0.4794208,-0.107957065,-0.5243041,0.5007041,-0.79855335,-1.2286661,-0.078364566,-0.43895817,-0.6298745,-1.8078165,0.33280176,1.576853,-1.3107576,-0.48103,0.56208247,1.0307302,-1.4822935,0.7656829,-0.4756892,0.71258235
22815677,0.320583,-0.45744443,1.0706581,0.64624953,0.051736563,3.5163383,-0.13360927,-4.223573,1.9396877,-2.562806,-1.2540594,0.24249674,2.422192,-0.65953016,0.28164014,1.5019062,-1.3688599,-0.37830624,0.9009093,-1.4301795,0.19454944,0.010195801,-2.1147296,-1.5442864,0.39847985,-0.9105348,-1.3540148,-1.7774218,0.30362985,-0.47330868,-2.5743372,2.5021517
22816264,-1.1049061,-1.1381567,-1.330268,0.47206926,1.3050206,-2.7383034,2.5709088,-0.44694018,-3.0927584,-0.8753194,-1.0469207,0.05970813,1.4911634,-0.6771733,1.7594815,-0.07739448,0.81369674,2.6202948,0.01278013,-2.3056138,-0.9939598,-0.6227013,-1.5321364,-0.037164666,-2.4374912,0.888497,-2.3741004,1.739165,2.8212156,0.34423435,2.3362386,-0.70456433
22816716,-1.9631963,0.80277073,2.32449,-1.741373,-0.90684664,3.6417086,-3.4365911,0.034887154,-2.0057957,-0.7169266,0.92358834,0.91908467,3.2688336,0.054527752,-2.0959153,0.5942265,1.5466067,-1.5576127,-1.9805094,-0.69489515,-0.9638972,0.73604697,-0.7595137,-1.4021907,-1.2824531,-2.8159888,0.41346473,1.0067897,-0.8696627,0.47382218,-1.9221798,-1.7348675
22816838,-1.7728516,4.413641,-0.5475229,0.2019762,0.46925056,0.760089,-0.31652036,-1.9414984,2.1004486,0.46911678,-0.06295046,1.0487466,-1.8025364,0.82891726,0.1210856,-2.0618286,0.45771262,-4.0453897,0.58614534,2.2361078,1.4526335,-3.4748983,-1.7177753,2.041834,0.59109426,0.41759104,1.0191163,-0.6014542,-1.8827856,3.208914,2.5770864,0.65108764
22821381,-1.6531415,0.18180896,-1.9680741,-0.840011,0.36001602,1.163096,0.38585955,-1.1556287,3.55762,-0.7522798,1.6501287,2.3799272,-1.7007459,0.06778857,2.3940532,-0.57347846,-0.53199893,0.48598176,0.97198886,-2.7375164,-0.40247717,0.21283062,-0.3272165,0.25735766,-1.6092114,-0.11631161,0.057780232,-0.45339024,-1.6472089,1.8636922,0.06815851,0.29624856
22822495,-1.1904753,1.5319076,0.0038923249,4.653222,1.2809902,-1.5505277,1.227243,-2.5042357,-1.66426,-3.6957161,-0.5354727,2.7069256,-0.57053345,-2.4095342,0.32123268,-0.8152033,-0.47167337,-0.8269505,-0.94098425,-0.042160917,-0.031392157,-0.06668693,3.2118456,-0.18466868,-0.31359047,-2.6413038,-1.9656706,2.386568,1.2813549,2.7690043,-0.5174914,-0.28883117
22822591,1.1560744,1.5019275,0.2232769,0.1312125,-1.343975,-1.2875245,-0.26200727,0.87702656,2.3748999,1.673983,1.6574904,1.3526995,-3.1708205,0.2689584,-1.0832026,-0.052965917,-0.54260457,0.57828605,-0.96345484,-0.011722256,-0.9320181,-2.0781195,1.5972178,-2.322988,0.5088372,-0.3177437,-2.058654,-2.9760175,-2.058908,-1.2171167,-2.1005657,0.86861444
22822623,-0.32162866,0.14521724,-0.09549093,0.9313427,0.61638045,-1.1984264,2.093361,-1.3694496,-1.2654496,-0.5253395,-1.1563632,0.49680805,1.5514071,-1.2035195,1.4392722,0.3053914,-0.18372995,1.1589884,0.58357525,-1.9895282,0.08136013,-0.43805555,-1.5317352,-1.3047806,-1.764823,0.1985433,-2.0514455,0.45826474,2.5878506,0.7885891,1.3204914,0.035215817
22822653,-0.09507902,-0.15625736,2.0167673,1.2676449,0.5034992,0.5977549,1.5024694,-3.5496085,0.41160327,-1.3031679,-1.9153436,0.4570317,1.9024878,-1.2026446,1.1734512,1.9953961,-1.5678483,-0.5712642,1.3436433,-2.171673,0.57610047,-1.2180624,-2.4104803,-2.107201,-0.62816083,-0.24093635,-1.6305159,-0.47788346,1.6056412,1.0308468,-0.351272,0.3177781
22823165,-2.4655073,0.6940881,-1.5359628,-0.5328224,0.42939577,1.9235735,1.0169489,-1.1568983,4.060732,0.18491736,2.8685205,2.6340678,-1.5829276,0.48179573,3.1065567,-0.17532565,-1.6082133,0.6070803,1.259331,-2.8477752,-0.045991965,1.1190765,-0.7729821,-0.42817682,-2.9366364,0.8056586,0.30355486,0.3931901,-1.912179,2.6897957,-0.13638672,1.4545094
22823570,-0.23101643,2.5927448,-0.20116809,-0.011763856,0.2489531,-0.18955179,-1.4224621,-1.507604,-0.19528453,0.816021,-1.6382073,-1.0367179,1.5934241,-0.23887312,1.6115782,-1.0436006,0.73420995,0.22361197,1.4426861,-0.71315217,-1.602426,-0.24764536,1.9009604,-0.51562893,-0.44645786,-0.8151345,0.81147724,1.4315311,-0.7361177,-1.8010035,2.0561945,-1.7964587
22823663,0.6604313,2.5369675,0.3641055,0.59582245,0.32694948,0.4294672,-1.4597522,-1.1785467,-0.98194146,1.839658,-3.40525,-2.1387012,0.42246386,0.07422697,2.0302582,-0.64247924,0.31877658,-0.004025083,1.1957937,-0.38254273,-2.718082,0.04304634,2.212328,-1.0136315,0.15574265,-1.3415565,0.28335956,2.1546836,-0.79310256,-2.4986622,1.6978,-2.4367359
22823707,0.7349403,1.7843434,1.227379,-0.97726315,-1.3030069,-0.35323232,-1.3553897,-1.2198198,0.00651522,1.9525344,-1.4357978,-0.46957624,1.7309685,-1.1444577,2.4985676,1.2868847,-0.50327325,0.25365296,0.83045346,-0.9368113,-0.78800786,0.37383628,0.41164893,-0.00594382,0.054902688,0.28957856,-0.0154876895,0.7191442,-1.0532461,-0.5479675,-0.43527085,-2.0231285
22824074,3.1293652,0.5109699,-2.0500798,0.34955072,-1.6482407,0.6773851,1.6820027,2.1016324,-0.302871,1.1819763,-0.6632584,1.1001968,1.3442314,0.64483273,1.5240333,1.2586688,-1.1906167,-1.6103925,1.0757239,0.13918021,-0.40098986,0.10759922,-0.07328397,1.5312847,3.1900222,0.46057868,1.4309328,-1.4163004,0.9363246,1.1717031,0.93037325,-1.9828776
22824093,3.0458872,1.0098939,-1.8597871,0.0055979993,-1.0310975,0.52638316,1.5418525,1.2482479,-0.19580281,1.1550227,-0.2236788,0.57282287,0.22373238,0.38623038,1.0143576,0.42872462,-0.87045896,-1.4752392,0.6994336,0.3744021,-0.7884628,0.15698428,0.57159144,1.2747223,2.672751,0.58635384,1.3606169,-0.914814,0.98419815,0.85884774,0.54741764,-1.483016
22824101,0.7395336,-0.60303116,1.2552156,-2.1316073,-0.06739251,-1.2505592,0.0722699,1.4316338,-0.6464101,0.15883984,1.187858,-2.523552,-1.2033676,0.27923825,-1.734176,-0.611997,0.16580015,-0.9574148,-1.8635844,-1.1516086,-0.43171886,0.4038504,1.2943676,-2.1815102,-0.46217772,2.0028646,1.3075476,-1.1917219,-1.6876537,0.07774137,0.8931181,0.21253586
22824941,-2.04823,1.362745,2.1052759,-3.2321336,-2.0777645,-0.87038755,-0.85211855,0.61541957,-1.5200305,1.0843829,0.087998725,0.540922,1.06936,-3.6396873,2.9269257,-0.68346006,-0.99505496,0.043752868,1.869084,-0.14745912,2.6089132,-1.7115824,0.8325204,0.7203334,0.31005394,2.1819973,-2.4139752,1.127797,0.5175795,0.7035011,-0.71748734,0.27046546
22824975,0.3919537,1.9340656,-0.48426044,-1.9587727,3.046283,-1.3172369,1.0393965,-1.9364363,1.8959227,-2.4161537,-2.3405278,0.32742664,-1.6874082,-2.5602143,1.792407,-1.4076841,0.3761003,-0.3753549,1.1577579,0.31343055,-3.4410212,3.618505,1.1809993,0.11634985,-2.1054056,1.5129868,1.7508557,0.9400647,2.4514475,-1.402089,0.6305044,0.10238051
22825091,-1.618631,0.11693619,-0.34937906,-1.163306,1.5967216,1.8183453,-3.4875767,-1.3811858,-1.6131897,-1.0405285,-2.6615162,3.4377594,1.1339042,-0.4298436,0.84661967,-0.9214673,2.6400506,-3.1813626,-1.1495296,1.137879,-0.7820379,-0.71262664,-1.0139188,-0.4944554,-1.6832094,-1.2631625,0.59998393,-0.009699598,-2.0393534,-1.3038818,-0.79270655,-1.5995154
22825554,0.26501328,1.6469195,0.17780112,-0.21803159,0.5535606,-0.63981295,-1.1864712,-0.50738734,-0.22605553,-0.50854164,-1.1406175,0.9138174,-0.66927236,-0.15487127,-1.6658256,-0.32643065,-0.11188382,-2.234897,0.0052143745,0.64084834,-0.04301571,-2.7136674,-0.03162136,2.0910158,1.0469474,-0.4844067,-0.13895188,-0.5945767,-0.3000787,0.62179327,1.5037154,-0.8504176
22826260,-2.7414732,-1.0103458,-0.53680545,-0.026215158,1.4971598,-1.8710328,0.35210723,1.8234599,0.11582329,0.60775477,-0.21300925,-0.18678159,-1.073806,0.57497793,1.0019103,-0.2671855,1.3090179,1.3935189,2.2141182,-0.07794263,0.69646674,-0.140142,0.407506,1.5205424,0.7574538,-1.6762807,-1.3420811,-0.55902493,-0.18688434,-1.478782,1.4538,-0.79701203
22826294,-0.6454152,0.70495266,0.27196687,-0.623508,-0.2473301,-2.537331,-0.8569306,1.8334895,1.3309978,1.5110437,1.2563766,1.4060652,-2.3297186,1.2677057,0.14888611,-0.4019824,0.59358746,1.1370342,0.026669275,0.68341666,-0.21328528,-1.3985499,1.4533843,-0.7709787,0.5695399,-0.93773115,-1.7932166,-2.3849921,-1.3151801,-1.28144,-0.048988298,-0.009595297
22826476,-1.8575846,0.971241,0.5424636,-1.0585408,0.16378234,1.8137116,-1.7463204,-0.7770074,-1.1076632,-0.88795304,0.37972662,1.1921293,2.090958,0.24536316,-0.5666212,0.7587602,1.7165749,-2.0938027,-0.9818875,-0.08243564,-0.22619562,0.6373935,-0.6349151,-0.66863966,-1.0008246,-1.5671827,0.9205974,0.50131786,-1.0916419,-0.7160723,-0.7841351,-0.9288542
22827084,-0.32515422,-0.50732154,0.07715848,-0.04817869,2.0142329,1.0345666,0.3979715,1.0977632,-1.9991692,1.0324811,-0.43030262,0.94261837,-0.0251715,-1.8558898,1.6739773,-2.1825116,0.72508216,-0.70024866,0.33972108,-1.2636513,-0.17973286,-0.9879441,0.8598889,-0.77492476,0.14616077,-1.7505028,-1.536371,-0.15394731,-0.46753162,-0.012310363,-3.1991687,-0.02207204
22827108,-0.6897673,0.18927234,2.5517688,0.1813821,1.0488603,1.1461115,-0.50081706,1.752639,0.47169796,1.9849246,-0.15067384,0.12239343,1.8165014,-1.0507483,2.4247243,-1.2148659,-0.08289541,-0.87382406,-0.3999664,-0.06086417,1.5537475,-1.8627162,0.45938912,0.2867694,-0.5966077,-2.311501,-1.7382383,1.2906381,-1.1559681,0.3224319,-2.2745566,0.4160275
22827135,-0.2793575,-0.08509122,0.79781127,0.48188928,1.5341886,1.0975442,0.8722725,1.1809604,-1.3052788,0.84944415,-0.35008943,0.049486756,0.45078924,-2.4440837,2.2785218,-1.3774276,0.7080783,-1.024875,0.56237906,-1.6760253,-0.48297706,-1.0955579,0.54048115,-1.1655344,-0.29729363,-1.9009148,-1.4272264,-1.1262034,0.13062112,0.45277542,-3.7031932,-0.67666
22827144,-0.4682552,0.25892162,-0.2520494,-0.46462914,-0.116919406,0.7032094,1.7586995,0.8761388,-1.8709716,-0.48805106,-0.3113091,-1.4693109,-0.47559786,-0.96150756,-0.0071556447,-0.22748873,0.7093596,-0.7399543,0.55677927,-1.9575235,-0.32141903,0.15457146,1.1935927,-0.14764452,-0.4669862,-0.9106847,-0.7979328,-1.7078756,0.6708551,0.8846587,-1.9041661,-1.9317597
22827175,0.3508376,0.55834734,0.056165483,-0.46221796,-0.3491711,1.3103437,1.4745318,1.7469043,-2.3067808,-1.1099824,-0.23138581,-1.9041308,0.13949732,-0.4960495,0.73308086,-1.0310259,1.1259458,-0.9501187,1.0034175,-1.8382158,-1.0908512,-0.9221304,1.5051423,-0.37231946,-1.7722615,-1.7074108,-0.8755208,-2.2699008,0.09825411,0.67387867,-2.7088995,-2.4346268
22827178,-0.99250007,-2.0916433,-0.34270316,0.63342065,3.7575402,3.0598001,0.3963005,2.2377734,-2.7973363,1.5504972,-0.008238625,1.0855066,-0.4169625,-4.0791645,3.1108813,-4.729645,2.4402714,-1.1773182,1.9205338,-2.3963726,0.4731419,-3.0141485,1.8466808,-0.47965837,-0.70883834,-2.9737775,-1.760596,-1.1986619,-2.4210901,0.33136562,-7.6355467,0.010277651
22827192,-0.48317987,0.89965314,1.134255,-0.24744138,-0.53476554,0.7624779,0.7597969,0.77013123,-0.52493227,-0.5634143,0.63616633,-0.9708942,1.2950543,-0.41463098,0.802811,0.61002594,0.4901694,-0.60371476,-0.45064542,-1.2028689,1.2701501,-0.41867346,0.65699303,0.8903004,-0.3067651,-1.0334498,-1.2185017,-0.8281323,0.45190755,1.4288453,-0.418768,-1.4631897
22827225,-0.19933286,-0.71849835,0.60468054,0.50140196,1.7751205,0.31513682,-0.5772151,0.56737626,-0.8999142,1.3747808,0.37168843,0.4245224,0.4102102,-1.5289762,1.0676323,-1.4411976,0.63445383,-0.7745759,0.21038902,-0.10538317,-0.043477833,-1.1467503,0.47818655,-0.28607744,-0.42701894,-1.2345814,-0.80823874,0.031639155,-0.35406187,-0.122296624,-2.5990791,0.81061816
22827619,0.37446007,-1.2615685,0.6496274,-1.8081709,0.7376658,-1.4989443,-0.562162,1.1308718,-1.1048772,-0.6208324,1.5791172,-2.3941958,-0.6936504,0.8577859,-0.8247633,-0.17392202,0.6647409,-1.1382892,-1.562692,-0.43856347,-0.7506058,0.15629144,0.8545648,-1.6699485,-1.4468304,2.1755962,0.7083433,-0.48036736,-1.576396,0.2051925,1.0196364,0.95355093
22827660,-0.63289434,-0.72847146,-0.1780782,-0.20422545,1.448537,-0.34673345,-0.53146696,0.66660684,-0.55638576,-1.0640423,1.1144434,-0.8535154,0.6030996,0.706129,0.177237,0.39738402,0.971861,-0.68986136,-0.45227644,0.20295393,0.40382314,0.10337211,-0.5118969,0.55190206,-0.8974937,1.3903774,-0.028592411,0.60354704,-1.122026,0.35973546,0.298412,0.31825042
22827764,-2.3895328,2.8800325,2.1157534,-2.7616732,-1.7883332,-2.156363,-2.255304,0.024732258,-2.7625704,1.2072552,-1.5111538,-0.52852386,1.9609203,-3.4370837,3.960615,-0.8582459,-1.1886708,2.136934,3.0418696,-1.2520694,1.0093147,-2.6088934,1.3766559,0.8740335,-0.3489645,1.0464785,-1.6660715,2.9909968,-1.4493539,0.002253566,-0.80053383,-1.2913872
22827832,0.6417718,-1.9990366,-0.89834493,-0.9741431,-0.42662022,-0.19241533,0.3602978,-0.6065094,0.22200376,-2.3905869,-0.40178186,-0.24025148,-1.6829797,1.1077809,-1.0854363,1.4430315,1.0126432,0.39472437,1.311497,0.75614494,-0.68924564,1.0749916,0.91405886,-0.43582118,0.62804466,0.7588426,-0.24351737,1.3081893,-0.41611385,0.6618367,0.6895735,0.9609796
22827944,-4.403857,4.6715474,-1.3125519,0.42033675,0.90718985,0.6550101,0.62231886,3.6885598,-0.3000248,-1.0888393,-0.7401926,0.5119232,4.946477,0.2459103,0.36954078,2.6092267,0.7460574,-0.69924605,0.58926934,-0.52630484,2.83813,3.9175472,-0.60238916,1.9434279,1.5058751,0.6228611,1.444511,1.4100266,1.4007602,-0.7716373,0.08762595,-0.84341437
22828603,-1.5805817,0.5476355,-0.31168434,-0.81004596,1.2299147,-0.8519878,-1.3792965,2.7275822,-0.5186902,-1.0956323,1.1771599,-1.64503,2.0163329,0.3477535,0.7042493,1.7205284,0.09897711,-1.7050396,-1.4672722,0.46309528,0.3280898,1.3273919,0.40753978,0.24365479,-0.37632206,1.5640873,0.6583756,0.00018687174,-0.5237138,0.04799306,0.98961914,0.28162578
22828640,-2.874294,2.140809,-1.0100956,-0.8646712,1.3824108,-0.14503706,-0.46596593,2.7778003,-0.82332456,-1.7697189,0.7841147,-0.6633853,2.9800174,0.11618744,0.38759297,1.5936626,1.1654128,-1.5551475,-0.20836917,0.4154914,1.4436173,2.2125788,-0.049026594,1.1926041,0.5222383,1.7066898,1.0800576,1.0978582,0.03224901,-0.09269163,0.1359953,0.1662078
22828877,-2.0739176,1.432341,-0.1137023,-2.44794,0.6635285,-1.1680284,0.17353375,2.8082378,-1.3338947,-2.0211473,1.902508,-2.265363,2.1400373,-0.064690664,-0.738001,1.7102879,0.72616863,-2.310677,-1.6999826,-0.69746727,0.69778115,1.7306318,2.160811,-0.98225766,-0.19226395,2.869753,2.047033,-0.036985982,-1.3474445,-0.01826993,1.3286395,1.677534
22829129,2.712244,0.21875323,-1.9091522,0.2170329,-1.7536321,0.58194804,1.3836956,2.098036,-0.58938783,1.2796036,-0.45925835,0.79074,1.8079692,0.22396135,0.61081386,1.469898,-1.1546645,-1.6372291,0.7143805,-0.12743202,-0.34666324,0.13396722,-0.38330656,1.5191709,3.0954869,0.45095003,0.8778143,-1.2190958,0.9170893,1.1759359,0.33806914,-1.7655381
22829277,-0.2296779,1.2851183,3.2293935,0.16508776,-3.2409716,-0.15240628,2.8078191,4.2003093,7.302189,-2.0355887,-4.7298784,2.377888,1.9636565,-0.51117975,1.3255016,-2.7516656,3.2784283,0.2587533,0.5186324,-1.300619,1.9939295,1.7433829,-0.24060771,3.5441473,3.5923743,1.6592164,0.009936953,-3.6152647,-4.6550064,-1.7415153,-1.6140699,-3.0739408
22829885,-1.3408921,1.8140954,0.9366366,-2.519341,-1.2202965,-0.7547954,-1.6328222,-1.1466322,-0.5809089,0.8789665,0.47061658,0.2531353,1.4964219,-1.5049264,1.8670183,-0.36611035,-0.22212505,0.74728274,1.5562476,-0.48377585,0.37061998,-0.35495073,0.37827036,0.26882583,-0.35068816,0.647756,-0.25886592,0.97323525,-0.9619521,0.17004493,-0.012445305,-0.77568895
22829937,0.036117833,-0.07568741,1.1019095,1.3469933,0.298628,-0.61629575,2.191509,-2.8736584,-0.54470766,-1.2097553,-1.9276865,0.4976899,2.058996,-1.1779839,1.2672875,1.3138357,-0.39284766,0.38978842,1.3567251,-2.3788192,0.27207312,-0.80487794,-2.2196026,-2.082143,-1.6852504,-0.1397441,-2.469322,0.052717134,2.529148,0.8591918,0.76955867,0.7607835
22830107,-1.4677216,-0.39632243,-0.63008136,-0.7463755,1.7180564,0.96549124,-3.6825953,-0.9981471,-1.6507015,-1.0288928,-3.4022524,3.289012,0.38889402,-0.71050066,0.79195666,-2.139465,2.6027956,-3.067819,-1.283271,1.0892057,-1.2676408,-0.7015384,-0.9391477,-0.9336434,-1.7677102,-1.2959776,0.23118855,-0.26876497,-2.0691884,-1.6811486,-0.97165,-2.0033627
22830334,1.2697383,-1.8782675,1.7308506,-2.8504746,0.20065925,-1.9136899,-0.33366257,1.4002877,-0.72888607,0.27319083,1.5086328,-3.633984,-1.9653329,0.7827564,-1.7675145,-0.70717955,-0.18048409,-1.4810693,-2.0567656,-0.6998927,-0.9678006,-0.02840731,2.1915581,-3.5974028,-0.8548089,2.4211068,1.6686889,-2.3411136,-2.4877067,-0.5518851,1.5875671,0.7462026
22830569,0.68503493,0.48638368,-0.82961076,0.70355654,0.019741397,1.8156074,0.29464048,-1.4359322,1.3964584,-1.3439351,0.2767066,0.29435265,-0.23270343,-1.6488496,-1.1461427,0.6224005,-0.35574913,-0.5036705,-0.5114034,-1.4354813,-0.20463595,-0.9876809,0.06961446,-1.7326959,0.2560052,0.6106452,-0.22836584,0.257503,-0.036666267,-0.25978214,-1.356003,0.91555834
22830897,-1.933507,0.15805773,0.77897483,-1.8496585,0.73680043,2.0872934,-3.1616092,-0.76229566,-1.865954,-1.2640815,-0.46606296,1.9661869,2.2230213,-0.62158257,-0.45853108,-0.44868785,2.0836978,-3.5634475,-2.1219776,0.29606453,-0.94594914,0.25627172,-1.3893441,-0.19224913,-1.9697056,-1.9555215,0.7687214,0.46295393,-1.6391455,-0.84515536,-1.5342381,-1.1234441
22831081,1.71813,2.648532,-0.098456405,0.46421197,-2.025581,0.02615136,0.036031235,-0.36814544,2.1072042,0.90876144,1.7711703,1.4686863,-2.910814,-0.5068888,-1.5931431,-0.011418454,-1.252628,-0.4552551,-2.1027827,-0.19542105,-0.9796453,-2.919371,0.47313055,-3.9685588,0.38405535,0.28666195,-1.4927031,-2.1755579,-1.9903034,-1.0821631,-3.189278,1.386936
22832036,0.39559203,2.117873,-0.9195532,1.4518508,0.5596165,-1.7749008,1.6824719,-1.6572422,-1.3303772,-2.635464,-0.7361093,1.0480256,0.53902054,-2.3881838,0.586574,-0.0949171,-0.6827139,0.89271384,-0.5608476,1.1882441,0.014690906,-0.6728143,2.1034348,-0.3616981,0.29492438,-1.8473517,0.2544247,1.6014475,0.010038938,1.0815027,-0.1831593,-0.7505018
22832912,-0.43779656,-0.67539126,0.15359136,-0.08713662,1.1217812,-1.5130159,-1.4490739,2.3695307,-1.5421206,-1.425919,1.615791,-2.3194268,-0.08368824,1.202826,0.2348198,1.1430873,-0.3075308,-1.121324,-1.1456034,0.27493587,0.74086255,0.96394444,0.5266837,-0.33746046,-1.7385606,2.4195452,0.40079302,-0.08218627,-0.97383493,0.51526177,1.0478293,1.1816987
22833154,2.5267196,-0.25047868,-2.1361866,0.53114045,-2.1174848,0.93912214,1.4004087,1.8528306,-0.24722742,1.2807325,-0.24417871,0.34404284,2.10769,0.5476094,0.42748827,1.968767,-1.5945776,-1.8922986,1.3044221,-0.077120684,0.7600078,0.10532636,-0.60023665,1.1438916,3.0958083,0.14452773,1.5508232,-1.1985134,0.4688684,1.1724881,0.33185187,-2.2014577
22833859,-0.94565403,0.11739285,-0.018576097,-1.1429209,1.0039504,-1.0572584,-0.1549835,1.8179146,-0.42406145,-1.2932162,1.4242305,-1.428808,1.2357492,0.5989733,0.23567829,0.73330003,1.1297497,-1.563842,-1.125708,0.33081698,0.1790663,1.5155184,0.088393584,-0.4302358,-0.9479909,2.4078708,0.9629088,0.5811574,-1.501677,0.17819707,0.83479434,0.97714794
22834056,1.3544203,-0.23447104,-1.1711718,1.5492657,-2.1914103,0.94033784,0.6834409,2.4850638,-0.66864514,2.5311148,1.1189474,2.3231199,2.1064441,1.6606857,-0.1781612,1.7200032,-0.70023996,-1.9306328,0.45424828,-0.8393218,0.7419606,-1.4414669,-1.2471664,1.5431892,2.6615083,-0.40250415,-1.0202029,-1.1687242,0.01647389,2.5172732,-0.11136781,-1.0647877
22834168,0.13261637,-1.0620184,0.5303966,-2.0411253,0.7038551,-1.8161505,-1.0694085,1.6756817,-0.69670624,-0.9109166,1.4756526,-3.2170432,-0.42611372,0.37361026,-0.22513995,0.35497695,-0.30121934,-1.4543483,-2.1691756,0.23837441,-0.21899751,0.77283937,1.3448628,-2.3021278,-1.0988945,2.417461,0.93840486,-1.1024606,-1.3061475,-0.5640427,1.5853496,1.4459333
22834173,-0.43533874,0.8258414,-0.18116592,0.19056028,-1.1577858,0.5445241,1.4792713,0.6070664,-1.3885413,-1.0910825,0.22908041,-1.8972198,-0.30672824,0.32062566,-0.18628491,-0.016375303,0.7678895,-0.25110984,1.0023724,-1.5581363,-0.72880805,0.29559153,1.5503601,0.40285867,-0.85640794,-0.44638076,-0.49030033,-1.8009274,0.5434604,1.3457624,-0.3859436,-2.0668185
22834239,2.711592,0.7250359,-1.75088,-0.07495064,-1.8495383,0.9369561,1.5060263,1.8762467,-0.12806422,1.3495086,-1.2373033,0.4294603,1.1528593,0.42944536,0.97844833,1.6565739,-1.1401253,-1.3268731,1.5556148,0.117742725,-0.64337975,0.538243,-0.2802502,1.4115909,2.8100924,0.077173114,2.1782994,-1.3820176,1.1809146,1.293552,0.8550314,-1.9618629
22834287,1.0799303,0.700533,-0.61942333,-0.5168418,-1.9840323,0.33990273,0.4704842,1.6471614,0.010061115,1.412592,-0.24334869,0.9167437,0.8988331,0.21814576,0.5218277,1.9891838,-0.5869938,-1.0561866,1.5740392,-0.106019355,-0.8615213,-0.0037657125,-0.89152503,1.0170199,1.6436508,-0.42475423,0.8300216,-0.6828678,0.82612014,1.340895,0.8311025,-1.0454787
22834519,-0.67229563,0.015656661,1.2007161,-3.554764,0.42918667,-2.1052632,0.013306335,1.9169,-0.6990702,-0.16317676,2.2027454,-3.3475,0.47524863,-0.5415395,-1.0523717,0.6353767,0.24157521,-2.3385289,-2.5493329,-0.44095442,-0.6447802,1.3507092,2.16589,-2.7714493,-0.55058694,3.32088,2.1458519,-1.341133,-2.2637544,-0.8971616,1.8607177,1.9474162
22834591,-0.58610505,1.1605798,-0.52430356,0.6339051,-2.43433,0.73936576,2.1487136,0.6753833,-1.4100584,-2.6323888,0.1565261,-3.354721,-0.14579631,1.4525955,-0.75908,0.5977847,1.5428885,-0.03649193,1.2221212,-1.7891273,-0.9044662,0.7829617,1.7407297,0.7870969,-1.1611708,-0.04293247,-0.36744225,-2.4082038,0.72525555,1.4663253,0.8069764,-3.4664576
22834600,-1.8528677,1.2676014,-0.48539346,-2.812546,0.90516055,-1.5200094,1.2533587,2.2101948,-1.0366133,-1.9001579,2.055731,-2.4135249,1.9794734,-0.0120067485,-1.0450766,1.4481088,1.5116299,-2.3685203,-1.0366434,-0.43441886,0.21048203,2.0940752,1.8241668,-1.31698,0.037271097,3.9431748,1.6743811,0.5423738,-2.265479,0.030135464,1.4601998,1.5129043
22834611,-0.69166005,1.5201763,-0.18313017,0.9148602,-3.4577177,0.3663059,1.7302812,0.31254897,-0.76169926,-2.4134793,0.42477494,-3.0001068,0.065986976,2.1807323,-0.43707043,0.8847814,1.8678414,0.70709527,0.83157295,-1.6336938,0.044339776,0.79436696,2.1358697,0.9583541,-0.947915,0.17765279,-0.63107115,-1.6166253,0.31523785,1.8269403,1.7303154,-3.5435352
22834635,-1.229179,1.0317888,0.122561246,-3.4114351,0.48562992,-1.9535855,1.6897321,2.2122457,-0.54025096,-1.9108832,2.5832484,-2.5405707,1.9305004,-0.52052444,-1.376096,1.0286765,1.9690655,-2.6616035,-1.7369566,-0.0033143535,-0.44482937,1.9246464,2.0135124,-2.3648891,-0.17312376,3.777667,2.182288,0.16517726,-2.5411243,0.0065300874,1.6075971,1.9796256
22834848,1.5493004,2.0054357,0.18898726,0.77366924,0.31250218,0.5385618,-1.6234018,-1.7721633,0.2264864,1.3739488,-2.714431,-1.7599525,0.71222824,1.1957123,0.8375682,-0.1480591,0.57466215,-0.30044898,0.7494639,-0.647283,-3.3316057,0.66468245,1.7638314,-0.62969464,-0.13325396,-1.8276494,1.1194041,1.0332595,-1.0012695,-1.5222781,1.478147,-2.3611507
22836273,-0.6622521,0.03249641,0.75707847,-0.9581736,0.2383306,2.283712,-1.5399772,0.2654382,-0.8053301,-0.2573108,0.1800193,1.0691127,1.2727393,0.38082767,-0.25075534,-0.0941513,0.4135557,-0.61670864,-1.4730675,-0.06543256,-0.13617648,0.2222252,-0.40825686,-1.080659,-0.96810097,-1.162059,0.24143802,0.5824005,-0.57302475,-0.3026258,-0.5276307,-0.8310938
22836450,-0.4893232,0.22953196,-0.36687917,0.46104184,-1.1160988,0.9890393,1.494044,0.5104512,-0.78975874,-1.0934982,0.39545506,-1.7868884,-0.13224252,0.452572,-0.15174304,0.07381882,1.1339746,-0.46495497,0.7638404,-1.1612761,-0.3554468,0.08344884,1.4958259,0.18866318,-1.1662108,-0.39978337,-0.4757088,-1.7994541,0.16750993,0.81913745,-0.69134456,-1.5725629
22836706,0.6666641,0.3308252,-1.3042394,2.1518068,-0.17330416,3.2033067,0.5362272,-1.7232565,2.478258,-2.8511605,0.14388481,0.7297622,0.7686439,-3.8818326,-2.2888534,1.1634672,-0.38308793,-0.39696565,-0.1316996,-2.1059785,-0.43177626,-0.71943283,-0.30492488,-3.6659832,0.13342118,0.20467934,-1.2860725,-0.25646576,-0.005911993,0.3620335,-1.9256704,1.243016
22837642,0.013117727,0.4285211,0.019052394,0.638745,-0.760313,0.15222026,0.7618318,-0.80470335,-0.5020803,-2.0193613,0.44255096,0.025243241,-0.3089908,-1.1923112,0.96067154,0.085592866,-0.3442607,0.82310176,-0.39372873,-0.23761506,-0.024193898,0.23666227,0.04469372,0.91971797,0.14158553,-1.2162935,-0.1357569,0.41926667,0.93738705,0.8753666,0.10792643,-0.3130733
22837845,0.8831747,2.9426703,-2.3220413,-1.4241303,-0.34524164,-2.046966,2.2650225,-1.8655858,-1.428189,-1.63084,-1.0878589,0.16047171,1.3300128,-2.858646,0.3376501,0.25013378,-1.1129651,2.5183096,-0.60737175,2.0819888,0.076970026,-0.60330844,2.0632238,0.29314578,0.011660121,-2.1030724,1.628918,0.7959164,-1.5359608,0.026635595,0.6674279,-0.39750513
22837922,0.14698315,4.2329454,5.30409,-0.6270687,-3.6740663,-0.27494973,0.32522678,0.70947516,2.195933,-0.50491196,0.9359651,-1.9516023,4.475446,1.6760284,1.840261,2.926156,-0.16023451,1.1261684,-3.1009774,-1.0478113,3.751475,-0.26636654,0.7188199,1.2041742,0.6629231,-0.7957704,-2.2755797,1.730951,0.053548507,3.3411543,3.173482,-2.5558035
22837970,1.1204826,3.9410574,-3.484917,-2.1110785,-0.7949812,-2.990381,2.9886076,-2.4411285,-2.172817,-2.9285448,-1.5890591,0.28948405,1.52763,-3.270443,-0.18277767,-0.12652592,-1.8488088,3.1662476,-0.7566623,2.924887,-0.013902724,-0.7638027,2.1298094,0.80244744,-0.2841096,-3.1011975,1.9531913,0.89817816,-1.7831262,0.0443997,0.5585313,-1.2296437
22837987,0.17770016,0.99857974,-0.06586115,0.04324414,0.80919594,-0.17432392,-0.35834605,-0.56453925,0.29720393,-1.2141422,-0.29380152,0.92189854,-0.7088016,-1.0672158,-1.6624179,1.2242019,-0.6279675,-1.7281412,-0.20948564,0.06737685,0.5651901,-2.3627298,-0.02722428,2.2752547,0.29182237,-0.38306016,-0.262643,-0.4123503,-0.71398854,0.5072962,0.9370158,-1.062474
22838110,-2.0192823,2.5390277,-1.4541993,-0.2292364,0.54141587,0.515836,0.019629408,-1.7612507,3.4993398,-0.13379973,2.1126082,2.2141614,-1.3707974,0.6257119,1.523923,-0.673539,-0.8486952,-1.9437621,0.5554344,0.5858703,-0.052818723,-1.6795816,-1.1912237,1.0149869,-1.8469036,0.48670873,0.55492485,0.70217305,-1.7706573,2.9925778,0.6596732,1.7929646
22838149,-1.4188035,3.828624,-0.8566984,0.3773331,0.2616448,0.5923318,0.7182921,-1.9690131,1.7803041,0.4715051,0.40527737,1.0375012,-1.8918974,0.5854536,0.8194791,-0.46084118,-0.5251825,-3.1750872,1.1261139,1.6960063,1.4226764,-2.871662,-1.2890409,1.9581192,-0.3635123,0.19817233,0.8928447,-0.5472949,-1.6318278,3.2797034,1.9399174,0.38822368
22838386,0.35948646,2.8075397,-1.9430007,-1.3275982,-1.1502751,-1.0306653,1.8291113,-1.9265757,-1.1217923,-2.1699283,-0.42121646,-0.5011878,1.3044149,-2.6575556,1.3216069,-0.161327,-1.1794918,1.9740025,-0.23745494,1.4915918,-0.546662,0.25408512,0.92997724,1.2919041,0.18045282,-2.4586675,1.3052686,0.25593492,-1.1455252,-0.04783585,0.9138266,-0.2516503
22838566,-0.68371123,1.7036262,-0.0063384064,-1.3050079,-0.047332756,-0.5327319,-1.1727864,-0.46725965,-0.9398884,0.4319088,-0.9888391,-0.44387597,0.28319505,-0.4547344,0.9780081,-1.429066,-0.16414517,0.43555376,1.5085045,0.4257962,-0.90147793,-0.577452,1.4446118,-0.5664221,-0.24595079,-0.1457464,-0.43987423,1.4014897,-0.3552957,-0.4530613,0.7032919,-1.1386558
22838703,-0.71392304,2.3971143,-0.57572454,-0.5025244,1.228413,-0.30249006,-2.018458,-1.9464852,0.3883444,0.9370683,-0.9985875,-0.637526,1.9829171,0.7903489,0.67221916,-1.0331266,1.6511006,0.44893053,1.1708723,-0.31451157,-2.7406514,0.3436902,0.83287483,-0.7291024,-0.4262584,-2.0464034,1.6468127,1.0443871,-1.4781903,-1.1789112,2.3810017,-2.5126274
22840015,-1.6485003,3.3976455,0.3737665,-1.4054219,1.5724707,-1.0923909,-1.7531304,-1.5529116,-0.112786576,0.89587194,-0.6101075,-1.1471575,2.258756,0.46924144,1.8475577,-1.9492208,1.6352406,1.148925,2.491967,-0.75189394,-2.85969,-1.4979267,1.1053662,0.0058207065,-0.7962005,-1.6701088,1.2795905,2.069242,-1.8417394,-1.5230521,3.007219,-3.855549
22840371,-0.10132626,0.057167858,-0.53270364,0.15602064,-1.8483436,-0.7474988,1.5033847,0.89911556,2.245001,-1.843244,-1.2303755,0.4060782,-0.4195086,0.81377804,0.16739848,0.4382406,0.9190783,0.78954333,1.028818,0.58772516,0.14090274,0.6717506,0.6549632,1.0474715,0.73768103,0.97014296,-0.7026328,-0.5332977,-0.9788429,-0.37554258,-0.55299515,0.37040827
22840743,-1.3578633,1.7423263,-0.8007319,-0.71847725,0.523493,0.10558841,-0.13382073,-1.295999,1.8324865,-1.0556492,0.0742002,2.1064446,-1.5570706,0.06965533,-0.45617592,-0.27034485,-0.54803437,-2.1546934,0.5093939,-0.07746568,0.21676575,-1.7127862,-0.3889891,1.4436109,-0.18535095,0.32802695,-0.17695583,-0.75560665,-0.6503347,1.527342,1.2345612,0.13918802
22840972,-0.47063428,0.7753646,-0.24539044,1.9086267,0.025993688,0.018351894,0.4025261,-1.0285482,-0.94917387,-2.11323,0.063224144,0.7784606,-0.43518358,-1.5742425,1.0568721,0.10149671,-0.32262006,0.1870195,0.024975564,-0.16450058,-0.12836121,0.48766473,0.57904595,0.014757678,0.08790416,-1.3712449,-0.58312243,0.4311962,0.7858769,1.3102252,-0.06345706,-0.18253973
22840986,-1.1556369,1.0106549,0.059276514,4.8608356,0.45310172,-0.7886795,0.71912843,-1.3293345,-1.517216,-3.947498,0.33439615,2.0715284,-1.3014429,-2.1358204,0.53824204,0.24181223,-0.44706142,-1.0315493,-0.7022905,-0.13445972,-0.1045109,0.16760033,2.0050666,-0.77186686,0.46784097,-1.7561194,-1.959242,1.9255432,1.6493578,2.8702555,-0.8957114,-0.14142221
22840987,-0.84950846,2.0948644,-1.2991526,0.6601061,-0.34450468,-0.44089636,1.4947561,-2.3830276,-1.5545921,-2.616204,-0.22210893,0.8653701,0.3448732,-2.2420015,1.4157038,0.10140017,-0.8743377,1.5054871,0.15585493,0.81646335,-0.58994454,0.3140285,0.9584971,0.6119108,-0.3644111,-2.5022714,0.06843291,0.553236,-0.08504152,0.8820036,0.14462852,-0.45590144
22842014,0.9468302,3.8277729,-2.8644617,-3.6336858,-1.2958783,-1.5302644,2.5983684,-2.0597272,-1.2966053,-2.1088965,-1.1555645,-1.0088596,1.5373884,-2.866842,1.248961,0.13394105,-1.1597166,3.9975388,0.019206434,2.0579052,-0.70140755,-0.07902253,0.5295371,1.4587111,-0.19040337,-2.5676966,2.2929626,-0.4479484,-1.4901061,-1.242374,0.60223246,-0.5251048
22842178,1.0071425,0.8914422,-0.08452894,-0.66224635,-0.6647764,-0.57538635,0.44476444,1.0129664,-0.143612,0.32157442,-0.6485993,1.049026,0.001690831,-0.643622,0.65636986,-0.3221864,0.38299268,-0.5125982,0.33377606,0.0040067807,-2.2126493,0.6174368,0.23209076,1.0579731,0.77123034,0.82869065,-0.29802844,0.08586095,0.545462,0.90688777,-0.26285988,0.08103325
22842195,2.4531865,0.9429923,-1.4023756,0.23846494,-1.4211912,0.52203995,1.371105,1.5440847,-0.086478084,1.1956104,-0.25268143,1.0026908,1.1211329,1.154,0.77847207,1.5550288,-0.84342533,-1.7740902,1.1688815,-0.026277758,-0.59445375,-0.2775271,-0.3944749,1.6532699,2.6673436,-0.12510797,1.1583743,-0.9473456,1.3321064,0.8550415,0.4278499,-2.027293
22842409,3.0917583,1.7300528,-1.4582372,-0.34247863,-1.0303271,0.26048627,1.4981982,1.5282346,0.24106222,1.089022,-1.2605941,0.9624863,0.088061124,0.12585579,1.5094894,1.2151049,-0.7005427,-1.2147697,1.3477072,0.3069008,-1.8720571,0.5527393,-0.03552931,1.3448259,2.7553432,0.7603074,1.6264856,-0.7661451,1.4863485,1.1645015,1.0774641,-1.9293236
22843097,-1.1436146,0.11103367,0.7429313,0.89692986,0.7982514,-0.14333503,1.6026422,-3.6723049,-0.84696543,-1.9570955,-2.2501478,-0.51955914,2.1244411,-1.1456662,1.7629635,1.8688182,-1.6934469,0.7405575,1.0485461,-2.541681,-0.031681925,-0.7599857,-2.6881988,-1.9928151,-0.83092713,0.30857074,-1.7976319,-0.1656412,1.6652304,1.136498,-0.062405095,0.63800114
22843316,-0.047940128,2.9382443,2.9586284,1.1375713,-4.7058163,0.35115927,1.1702579,-0.24079984,0.3371777,-1.2527748,1.3073684,-3.4916239,2.6876578,2.6131506,-0.22242801,2.5720184,1.0855554,1.302104,-0.8210237,-1.6431369,2.0646615,0.9983126,2.5849376,2.0896184,-0.18659204,0.6710356,-1.0502506,-0.83238673,-0.1496668,2.5548804,4.0223885,-3.1726482
22843469,0.28254536,-0.47881278,0.57203144,-0.5892207,-1.0432124,-0.15571651,1.8242711,0.84382796,1.6287442,-2.4325123,-1.4033445,0.5103909,-0.26332602,0.93091446,-0.3888888,0.5825532,1.5077497,0.43920237,0.7878492,0.0015919413,-0.15948994,1.9090922,0.736466,0.856932,1.499999,0.64431936,-0.115035675,0.41947454,-1.2939873,-0.0039118007,0.06825424,0.07590668
22843590,-0.79664123,-0.17195903,0.11224839,-3.3783574,0.76367056,-2.523004,1.1798767,1.7283837,-0.33754927,-1.5917296,2.9864168,-3.395598,0.47484046,0.30611783,-0.8160671,0.36815736,1.8081441,-2.8041685,-1.9135195,0.46345988,-0.8275275,1.6998422,2.0981064,-2.696216,-0.88300884,5.0439434,1.9754359,0.028532606,-3.8673825,-0.08855343,2.417997,2.273955
22843681,0.31145748,-0.7941562,1.0059525,-2.5799105,0.482746,-1.6228257,-0.2566957,1.2647402,-1.1018275,-0.88421685,2.3917618,-2.5958369,-0.25269985,0.3972185,-1.1527381,0.30245852,0.8108814,-1.8042859,-1.9591576,-0.7307686,-0.8066684,0.2696026,1.9588372,-2.3005128,-0.7714857,2.8448706,1.6144427,-1.0514705,-2.157112,-0.22911778,1.2676297,1.1594396
22843726,0.024714272,0.15331686,2.7005124,2.0291326,0.5883684,-0.5537087,2.3836162,-3.957266,0.03938281,-1.0281729,-2.5297189,0.61404926,2.3843906,-1.4947249,1.6212616,2.3999398,-1.4814223,-1.4196607,2.023935,-2.0697203,0.480615,-1.064746,-2.7242146,-3.0957792,-1.3875549,-0.061188992,-2.941409,0.3561747,2.0716093,1.7703637,0.48046017,0.5655534
22843885,1.5192468,4.13473,-3.362109,-3.367036,-0.73387176,-2.0861375,3.066202,-2.6881816,-2.0882585,-1.552996,-1.487814,-0.44976512,2.0712698,-3.255651,1.186614,0.28535438,-1.3065553,3.7823186,-0.45000792,3.2116916,-0.36134568,-0.59939146,2.844361,1.5011755,-0.4098184,-3.0742123,1.8687106,0.19187471,-2.2993877,-1.1568786,0.79262996,-0.30585787
22844124,-2.2923253,1.9971609,0.9249924,-2.3384123,0.2637643,2.8803053,-3.0868068,-1.0960542,-1.7835895,-1.2708485,0.90718585,1.4627849,3.1095939,-0.3262756,-1.1721153,1.0760837,2.5218287,-4.108877,-1.8744758,-0.5187954,-0.7216606,0.94368654,-1.3643056,-0.5985002,-1.6154102,-2.8531044,1.3899627,0.8658612,-1.9027466,-0.7493124,-1.7789433,-1.1029053
22844612,-0.61548316,0.64675343,0.5406369,0.56932145,-0.63289654,0.47474247,0.97694814,0.8865199,-0.8230604,-0.5523319,0.5015991,-1.2514893,0.55230147,-0.15931636,0.6341238,-0.9049523,1.2429801,-0.32570758,0.70928884,-0.955754,-0.107126415,-0.51245755,1.1972166,0.3108496,-0.6665091,-1.1124963,-0.92068833,-1.3867685,-0.07416276,1.2577406,-1.4750191,-1.6096354
22844764,-0.24489738,0.028141975,1.4028112,-0.21656927,-2.350039,-0.3327844,2.2814958,1.9754144,5.391916,-2.9655614,-3.090873,1.3728739,0.39937058,0.27599412,0.37232813,-0.71065485,2.333649,0.28527963,0.99240756,-0.9010425,0.5725416,1.861756,1.0880722,2.3650446,2.5330205,1.1091568,-0.29030743,-1.8261472,-3.5353043,-0.6320866,-0.80158603,-0.9514096
22844972,-0.28179094,0.9707712,0.22856814,-0.7890879,-0.9647523,-0.15253522,-0.813298,-1.2827243,-0.752181,0.1612722,-0.7526368,-0.626935,0.6519932,-0.7218258,0.6274943,-1.0940506,-0.19059029,0.05969109,0.4194721,0.20162109,-0.6510609,0.12187007,0.82535946,-0.40174592,0.26508695,0.6466037,-0.7214822,1.0317978,-0.20679548,-0.20219287,-0.011029813,-0.9657276
22844976,0.012003634,0.59287876,0.24728218,-0.49193805,-1.1945969,0.16844983,-0.35428205,-0.47665069,-1.3194753,-0.09774733,-1.3147095,-1.1076882,-0.32781473,-0.65527284,0.431987,-0.793823,-0.5359415,0.06261088,-0.10313286,0.29442346,-0.9183543,-0.1624311,1.460323,-0.89984024,0.030694589,0.7780533,-1.2546333,1.1835455,0.94381934,-0.42894164,-0.5133261,0.035625912
22844988,0.7044957,0.83158135,0.3966855,0.050910354,-0.95935696,0.69136745,-0.0024743266,-0.1911754,-1.2582954,0.37013432,-1.9821194,-1.0977972,-0.6330949,-0.55093443,0.21097048,-1.1331937,-0.6619662,0.22208755,0.26620305,0.1975998,-0.8198542,-0.23141749,1.4653144,-0.71314675,-0.11395562,0.28953582,-1.3664745,1.3683252,0.5869264,-0.66569126,-0.012752164,-0.24387309
22845140,-1.0761266,3.465053,1.7099378,-1.459336,-0.11499276,-0.2376789,-1.5660385,0.02572732,-2.5584183,1.601842,-2.0997918,-1.5570908,0.241277,-2.4814298,3.3273215,-2.2396014,0.39616248,0.035219926,2.0617316,0.25226444,0.08614848,-2.5932047,3.2422137,-1.1433676,-0.06437449,0.14541367,-3.0115564,3.148294,0.923384,-0.31812498,0.192345,-0.2568879
22845141,-0.5728179,3.3273544,2.7881587,-2.1467118,-2.602082,-0.35486007,-3.189349,0.4605917,-2.3282356,1.5978136,-3.3386338,-2.4611714,1.0587451,-3.128678,3.1181803,-2.1424794,-0.85926485,0.097511426,2.3032796,1.5269072,-0.7616594,-0.82402813,2.976419,-0.91249025,-0.38905686,1.2776539,-2.9726207,2.7486155,1.1516477,0.100625545,0.60146356,0.15191174
22845190,-3.727205,1.5286397,1.3754911,-4.4224024,-1.2127758,-2.5236678,-1.3674141,-0.7370286,-1.7183107,-0.28985757,2.3155363,1.3002867,2.6144354,-2.893977,2.4777064,-2.2184339,-0.18900833,2.1023986,2.3905241,-0.22227496,1.8724529,-2.9962778,0.1800852,0.83542186,-0.52826667,2.030263,-1.262636,1.8212525,-1.0845311,1.2076718,-0.089680836,-1.4132177
22845396,0.06425373,-1.4434986,-0.2597761,-0.60643864,-0.98643273,0.09798134,1.239271,-0.2765179,1.0448409,-2.7930484,-1.4120235,0.29228622,-1.569858,1.1605709,-0.8156993,1.1099751,1.216972,0.64765644,1.2973101,0.38955855,-0.66658205,1.6054237,1.6768204,0.019738214,0.98331136,0.8077456,-0.013709402,0.5886076,-1.4177474,0.0074568316,0.5719928,0.8282335
22845468,0.1708316,0.3372369,-0.07391858,1.1626103,0.40846512,-1.227303,2.1577103,-2.5054934,-1.138685,-1.3222821,-1.7855173,0.33418915,2.506076,-1.4593552,1.1738,0.82874155,-0.109440036,0.4322176,0.9511095,-2.3435535,0.28401884,-0.4165862,-2.1917987,-2.148526,-1.8231363,0.13622001,-2.7309732,0.4990085,2.3071513,0.6438731,1.6224552,0.9015235
22846167,0.5698797,-1.1176218,0.70842683,-1.4733168,0.65417695,-1.2249142,-0.4869817,1.6464516,-0.8206847,-0.91054934,1.9824191,-2.4405153,-0.08753843,0.9374424,-1.0900575,-0.23877262,0.458007,-0.9352707,-1.3727566,0.0020434335,-0.15426728,0.23144907,0.6616992,-1.6018803,-0.7868624,2.2688003,0.89183325,-0.22964403,-2.0901856,0.21940212,0.82155126,0.54827833
22846820,-1.0309807,-2.4017363,2.3057413,-0.8007012,-0.6279739,-0.18086931,3.9798868,0.27934232,2.3640501,-3.249014,-0.6735707,-0.19278187,-1.9708527,0.91579646,-0.6847409,1.9819536,1.2784805,1.3792888,-0.60606456,-0.045713015,-0.34221834,3.2366638,1.3870662,2.364202,1.9731958,-0.9771875,0.015449563,2.2143915,-3.2653847,0.34120327,0.54463744,-0.2369449
22848079,-0.9178052,1.6682329,0.35199603,3.5898726,1.01113,-1.5273476,1.8587234,-2.1716485,-1.3825829,-3.6218305,-0.06692369,2.0050035,-0.62011474,-2.6869125,-0.052717775,-0.61574626,-0.7186832,0.42042086,-1.0067316,0.040170323,0.21880883,-0.27329916,2.4662728,-0.16622134,-0.9026384,-2.812981,-1.62716,2.1817522,2.1199346,2.5546484,-0.6546179,-0.8237043
22848202,-0.60094374,1.4893062,1.2545835,6.701268,3.3973906,-3.142629,1.4086471,-1.8049066,-1.2727079,-3.6366508,-1.4886819,3.820004,-1.0127298,-3.1243389,-0.21118852,-0.53582984,0.21699403,-2.3591254,-1.6657928,-0.9039711,0.45867813,-1.2273775,5.6190476,-2.6594985,0.40014493,-1.3484564,-2.1562834,4.125295,1.8511224,2.976646,-1.6091301,-0.11980618
22848205,-0.3059115,2.1687155,-1.7214347,0.52912444,-0.39486906,-0.94587463,1.5410708,-2.6798015,-1.4532546,-2.3984191,-0.60956764,0.78824234,0.7775641,-2.5715623,1.0404825,0.22340351,-0.48076525,1.6131713,-0.29420614,1.5410659,-0.60058707,0.22401088,1.6714418,0.4903767,0.36700833,-2.0193086,0.76361066,0.665516,-0.65425384,0.64468175,0.32532445,-0.20186761
22848451,0.14617997,-2.1301627,0.93144584,-1.252255,-0.6323027,0.5683033,1.6900092,-0.36850882,0.7686616,-3.1799788,-1.37443,0.037281662,-1.6250383,1.269095,-1.3215973,1.6038347,1.5180048,0.4904024,0.55463564,0.29823783,-0.89751804,2.1133997,1.7081414,0.41204953,0.9201862,0.32766527,0.008874888,1.5605388,-1.7608331,0.21923679,0.38680425,0.77965045
22848671,0.33451244,1.0784757,-0.32828185,-0.053168975,-0.66968906,-1.4452643,-0.6583873,1.1110857,1.8962299,1.137057,1.6905313,1.1656915,-2.7993133,0.21423571,-0.62967145,-0.20999005,-0.6290255,0.54651886,-0.6702587,0.10768557,-0.45325258,-1.697119,1.139927,-1.5492333,0.32390228,-0.53889525,-1.5266671,-2.2268486,-1.6218697,-1.4648169,-1.3853457,0.9047331
22848700,0.29762176,1.2931097,-0.17506693,-0.16331461,-0.6860962,-1.5975403,-0.71126074,1.3606404,1.8411585,1.4948868,1.6865929,0.82302713,-2.8829525,0.8452553,-0.49250978,-0.5415096,-0.30836868,0.41155905,-0.74354434,0.3189643,-0.5933976,-1.5227052,1.1001356,-1.3459164,0.41959605,-0.66223013,-1.3574202,-2.3330288,-1.6030399,-1.2255987,-0.9558869,0.8316088
22848715,0.49718603,1.0086684,-0.39530718,0.2530041,-0.16403297,0.088492274,-0.012552928,0.20385855,1.686154,-0.00020350143,0.8731901,0.5057487,-1.8154082,-0.35329998,-0.97503054,-0.13416737,-0.42841053,0.22689223,-0.7164697,-0.52178717,-0.32804587,-1.4934413,0.7887078,-1.4839925,0.23565334,-0.1300868,-0.80968493,-1.0632507,-0.87236536,-0.89139336,-1.298028,0.8623269
22848734,0.9010108,1.4310344,-0.18467994,-0.105207585,-1.1022395,-1.3235116,-0.696012,1.0450134,1.8231715,1.2894652,1.96844,1.3196417,-2.640293,0.6004773,-0.7198075,-0.48616272,-0.3738507,-0.011806019,-0.989709,0.18328105,-0.8296873,-2.022837,0.9139255,-2.0907145,0.764977,-0.25649884,-1.4494897,-2.526943,-1.8339766,-1.2622929,-1.5767957,0.99627906
22849046,1.494962,2.3389385,0.5640921,-0.36751792,-1.8272908,-1.4925057,0.20791607,0.6872523,2.1320677,1.8228494,2.119535,1.9204767,-3.8229144,1.0596555,-0.9527722,-0.5907578,-0.7204452,0.09049236,-1.7005883,0.67063415,-0.9704471,-3.0447867,1.1917506,-3.1015077,0.5589211,0.036325872,-1.798995,-2.848251,-2.3991642,-1.2573367,-2.3056474,1.1638075
22849047,-1.4790356,-0.08340849,0.1293553,-1.8688006,1.1671437,1.5440834,-3.5352964,-0.3601972,-2.0128431,-1.4016308,-1.6792177,2.3754284,1.5590643,-0.93722177,0.18131956,-1.5331316,2.2219605,-3.5345016,-2.17826,0.9236295,-1.0479939,-0.10815208,-1.2531146,-0.44511142,-2.1311958,-1.0499468,0.8302033,0.47450924,-1.9170103,-1.3086232,-1.247001,-1.3623329
22849068,-0.15029593,-2.091036,0.33569315,-0.69504756,-1.307734,0.035575487,2.2193298,-0.017654039,1.826933,-3.4712043,-1.3444753,0.113764554,-2.2410355,0.7660398,-0.66887236,1.8385104,1.3003608,0.91117877,0.3845143,-0.082697354,-0.36574736,2.3775802,1.8428322,0.5905494,1.4638643,0.38477772,0.18827339,0.85586137,-2.4899783,0.33627534,0.58287084,1.1794643
22849222,0.6857335,2.796066,-2.1692104,-1.6469191,-1.544447,-0.7909945,1.4671434,-1.3949354,-0.93783337,-2.1426406,-0.13686255,-1.0686474,0.79096246,-2.326383,0.9894377,-0.18499303,-0.9522568,2.4777732,-0.06596266,1.391168,-0.41437423,0.423327,0.13323924,1.5467371,0.20102245,-2.1001015,1.0187773,0.007778574,-0.8665791,0.010581322,0.70530224,-0.20167455
22849259,0.94250894,1.9700307,-1.6320468,-1.5755197,-0.77042854,-0.97066987,1.3519541,-1.6493113,-1.3062003,-0.857298,0.06308303,-1.0483917,1.0190303,-1.641575,1.6753409,-0.71520764,-0.9188196,0.87086695,-0.64656204,0.45372218,-0.61292064,0.33378273,1.1866214,1.9488304,0.32089773,-1.6355648,0.61219776,-0.14421907,-1.5981628,-0.7106827,1.9231858,0.36401895
22849344,0.80641216,2.4456732,-1.8721123,-1.6887475,-1.6279688,-0.6927887,1.4138925,-1.1891277,-1.055637,-2.170173,-0.36937195,-1.0540308,0.83071023,-2.1495075,0.8402481,0.28802484,-0.8996348,2.3663926,-0.378354,1.2917544,0.06076029,0.6460402,0.34552902,1.5703402,0.38465133,-1.4477501,0.9433262,-0.20536517,-0.9769692,-0.15252322,0.66761804,-0.4207718
22849398,0.077041805,2.3986504,-1.464922,-1.2000685,-1.4321612,-0.17084862,0.8232704,-1.2536278,-0.7155168,-1.9997599,-0.0873781,-0.38457957,0.9246875,-2.045488,1.1624296,0.31555942,-0.6927461,2.3990154,-0.07357782,1.214456,-0.6932518,0.48127878,-0.16689566,1.1507037,-0.12604967,-1.7875527,1.1188751,-0.09643479,-0.47327486,0.085789435,0.29291558,-0.30978584
22849432,0.37307602,2.7789328,-2.168548,-0.6616042,-1.2117678,-1.3752948,1.6196452,-1.9635223,-1.0475688,-2.2885199,-0.5673911,-0.30654696,1.000641,-2.6335578,1.1381104,0.1983695,-1.0096146,1.9242861,-0.21380913,1.6014582,-0.5149439,0.2881317,0.9467579,1.149199,0.34033436,-2.0875218,1.3158408,0.38326728,-1.3367418,0.19280806,1.0129006,0.2104645
22850218,0.027434882,-1.3397791,-0.28908303,-0.59322095,1.2824004,0.25169724,-2.8038292,0.19445126,-0.57936394,-0.33408868,-3.2095182,2.1044273,-0.18792999,-1.0652909,0.6371283,-2.5414681,1.0644667,-1.297573,-1.1803135,1.572397,-0.89480406,-0.7770149,-1.1684482,-0.27052477,-1.7158084,0.19955623,-0.39899594,-0.72815526,-0.8344707,-1.0614904,-0.7293806,-0.9021039
22850474,-0.6883374,-0.13637862,0.40066296,1.084823,0.8057495,-1.6359015,2.4094634,-2.3859925,-1.8077688,-1.483814,-2.18814,0.23242249,1.741122,-1.148664,1.6604435,1.1953272,-0.90623355,0.890274,0.62839895,-2.558814,-0.29480043,-0.9944989,-2.383153,-1.859091,-1.7681882,0.68414664,-2.3382561,1.0209966,2.3274279,0.95562035,1.609304,0.06107621
22850572,0.49496514,2.8565295,-2.0162675,-0.70887595,-0.6464394,-1.6709652,2.0786912,-2.0729814,-1.3405317,-2.4248307,-0.78005415,-0.0063147955,1.0387849,-2.639847,0.8344415,-0.085658565,-0.9455738,2.2413378,-0.47143614,1.4379983,0.052795142,-0.40099984,1.540245,0.88632214,0.122477226,-2.351257,1.132863,1.1682502,-0.67874813,0.37666062,0.38328934,-0.28388047
22850580,-2.2574904,1.2990735,-0.58050704,-1.2351714,1.4668756,-0.9174138,0.1510997,2.5242136,-0.35082397,-2.3219962,1.4048816,-1.7561471,2.8105206,0.6461732,0.34622592,1.1522638,1.5316137,-1.8154069,-0.59741616,0.5553387,0.702934,1.7942457,0.3049779,-0.1262396,-0.10784049,2.8604846,1.2868334,1.1420846,-1.5612516,-0.2603582,0.89135426,1.1601595
22850615,-2.8376763,2.3959825,-1.010872,-0.14855245,1.277736,0.20304832,-0.32056218,2.2705386,-0.63568366,-1.427636,0.08590184,-0.22977991,3.4051929,0.71427983,0.27560428,1.8551627,0.9483905,-0.98402554,0.04709726,0.04071965,1.7611411,2.2358727,-0.033295915,1.2359158,0.73613393,1.0524408,1.069007,0.9705377,0.39947265,-0.39889476,0.19983819,-0.12951349
22851112,-0.5140671,2.0275714,3.7239592,1.072004,-3.798636,1.0136755,0.082385406,-1.6567683,1.0225338,0.5197092,1.8875698,-1.9302875,3.5616117,2.527168,0.11959013,2.465441,0.05187912,1.351891,-1.813088,-0.8101271,2.9743726,0.5053445,1.8288659,2.4140444,0.21292166,0.31643093,-0.99814993,-0.07080643,-0.5981492,2.5228045,3.5976353,-1.6991694
22851434,-1.0106217,0.6136511,-0.34863436,-1.0156051,1.4205141,-1.0126297,-0.16856574,2.2319758,-1.0073185,-1.742979,1.1252607,-1.6739186,1.7608413,0.7913956,-0.3989507,0.46286348,1.2947965,-1.4244902,-0.3615851,0.08136033,0.7778708,1.672458,0.08113022,-0.3130141,-0.076876685,2.6459951,0.9714897,0.78143674,-1.3177592,0.09631713,0.4646596,0.5314137
22851857,0.121721566,-0.7555169,0.6430964,-0.56067616,0.5880683,2.1393878,-2.7241912,0.18057519,-0.66531515,0.12003846,-1.7064701,1.5041645,0.577505,-0.692089,0.28921017,-1.5491645,0.4106342,-1.0110029,-1.683374,1.0598516,-0.87221867,0.29756838,-1.6127584,-0.80603313,-1.3532429,-0.7192014,0.03875242,-0.40352106,-0.61730915,0.10618693,-0.96303153,-1.2588242
22852019,0.5285074,-0.79218,-1.094643,-0.49264255,-0.17843081,1.1809691,-0.7553808,-1.4732043,-0.5225924,-1.9011806,0.26072398,-0.31884724,1.0080426,0.11240197,-0.27932134,0.57924944,-0.6922199,1.5468612,-0.6968088,-1.457398,-0.8223512,-0.13569163,-0.30748302,0.2870267,0.088271976,0.080037296,-0.21400116,-0.74807715,0.67236793,-0.9095802,-1.1767243,1.1829567
22852026,0.21961562,-1.148668,0.8183047,0.2682739,0.134717,1.5895633,-0.4477283,-2.417191,-0.089529015,-2.309638,-1.1616272,-0.15864533,1.8390597,-0.0154265985,-0.31354243,1.5177331,-1.2836077,0.7292186,-0.6134571,-1.8378881,-0.19752857,-0.91412467,-1.9501686,-0.32072058,0.47090903,0.5924921,-0.29073098,-1.124175,0.98089474,-0.57478374,-1.0657703,0.4022098
22852074,-0.37789533,-0.4450016,0.14179003,0.95494735,0.4808203,-0.9979487,2.0660496,-2.125182,-1.224061,-1.6840731,-1.9322511,0.08877072,1.9671941,-1.1654667,1.2350538,1.089802,-0.5590865,1.167554,0.7066964,-2.8598874,-0.30909416,-0.9428317,-2.0000527,-1.4295663,-1.7132709,0.9091159,-1.5879846,0.24387084,2.546274,0.5915535,0.9725515,0.11927184
22852255,-0.71304536,-0.24005601,-0.46741378,0.74422145,0.5617384,-2.0770924,2.2535198,-2.1941936,-1.871591,-1.1546634,-1.7498485,0.12153381,2.035527,-0.80714226,1.4980624,0.53303266,0.31483084,1.2751244,1.125231,-2.7807333,-0.9736986,-1.1343805,-1.904385,-1.4487072,-2.1667128,0.77459973,-2.4706526,0.77145845,2.4579709,0.29669744,1.8302459,0.1445579
22852343,0.069818206,1.6124734,0.35969633,-1.658438,2.6024241,-0.48778397,0.7068331,-1.2988387,2.588068,-1.7807331,-2.0771494,0.9456212,-0.9064267,-2.0175254,1.954559,0.49627814,-0.48768216,-1.3260891,2.1868625,0.2961173,-2.9250293,3.2838109,0.26240814,-0.30548096,-1.8045179,0.35005715,1.4425879,0.97479004,2.8143897,-0.3879479,1.9470938,-0.97084254
22852777,-0.5607644,-0.06813015,0.45843732,-2.5793397,0.50985014,-1.0653943,0.8554156,1.0234432,-0.34398234,-1.0406835,1.8320566,-2.1809695,0.4710078,0.0007026084,-1.0953445,0.1622579,2.120196,-2.0398483,-1.3752013,-0.7660162,-0.2561086,0.91851556,1.4996341,-1.7887211,-0.105735704,3.1015716,1.6094233,0.1108592,-2.9579835,0.35732844,0.9387432,1.2858106
22853263,-0.34537798,-1.0137583,0.19275801,-1.0027118,0.6024788,1.2577322,-2.642723,0.555884,-1.0031381,0.06472606,-1.8000766,1.7026813,0.5657256,-0.28655759,0.4364655,-1.217444,0.8007252,-0.997319,-1.5436249,0.5212492,-0.673779,-0.295794,-1.0918995,-1.1581867,-0.84626,-0.05957237,-0.040396914,0.08019908,-0.7550021,-0.2760503,-0.46608004,-1.3075889
22853543,-1.3996427,0.13553564,1.4723822,-2.3799262,0.6353403,2.902164,-3.9284606,0.20110764,-1.7714082,-0.9200034,-0.4603595,1.5754371,2.64877,-1.0686208,-1.5288233,-0.71638846,1.8340935,-2.7387164,-2.3690863,0.4015973,-1.2575349,0.6200875,-1.6010451,-0.3464265,-1.7098846,-2.0896857,0.92051005,1.0069455,-0.9917211,-0.2412372,-1.9711016,-1.4733785
22853729,0.0447114,-4.7980094,1.3757566,-2.349091,1.6833518,0.48589733,2.134549,-1.4288379,-3.3041456,-4.523486,0.59255487,-0.5798811,-3.542255,1.1587083,-3.3114247,3.644952,0.27483386,0.19499372,-0.93816054,0.48839188,-2.725328,3.5237205,2.897726,-0.8392594,-0.26118726,-1.3074262,0.8252264,4.8656726,-0.8706309,0.7085524,1.9066358,3.1203613
22853791,-0.5012934,1.5459878,-0.79713833,-0.90345484,0.95294213,0.04629483,-1.0844936,-0.7570791,-0.53477985,0.09782029,-0.66804117,-0.30667695,0.4579654,0.5536698,0.051698327,-1.3908882,1.0966926,-0.05716179,0.566771,0.31238854,-1.9965776,0.13024269,0.8402086,-0.98720306,0.413271,-1.0354421,0.4336179,0.68151,-0.41633925,-0.908629,1.4715117,-1.012531
22853798,0.1007494,2.4732344,0.5512712,-0.63807124,-0.21880496,-0.116159454,-1.3337551,-1.5633198,-0.53869414,0.7458869,-1.7069298,-1.7861336,1.5415392,-0.44714004,1.6890322,-0.6319631,0.09901795,0.6842327,1.8212816,-0.7355416,-2.4121525,-0.4343719,1.5916574,0.10700758,-0.31489193,-0.5914099,0.38539067,2.3899226,-0.9448752,-1.4311353,1.6032158,-2.856534
22853857,0.18421188,2.5480292,-1.2633902,-0.018780038,1.59191,-0.6845776,-2.0386565,-2.2657287,0.84849936,0.9095511,-1.0589935,-1.6464994,1.8850739,2.1159933,-0.430893,-1.313419,1.9789069,0.39225927,1.2105066,-0.1272274,-4.3795714,0.61730504,0.94445246,-0.7670426,-0.6093353,-3.027352,2.6769235,0.9738411,-1.8599689,-1.6344367,2.8222926,-3.0770423
22853861,-0.040590327,-2.0832877,1.5454156,-1.0308423,-0.95724905,0.2306517,2.601818,-0.16960254,1.4926723,-3.5101204,-1.316854,0.17544305,-1.4524885,1.1241672,-1.1500875,1.4659297,1.6047124,0.62406886,0.14364591,-0.08858136,-0.5345503,2.6993957,1.9835881,0.967139,1.5541233,-0.08194573,0.30932137,1.4757241,-2.6915615,-0.014145441,0.9095091,0.51567125
22853911,-0.60162234,2.1417456,1.4021515,-1.8392652,-0.53460956,-0.5459272,-1.7690786,-1.4059868,-0.55511105,1.1552603,-0.90315866,-0.97142196,1.8624399,-1.0121938,1.9740015,-0.56099063,-0.14037932,0.3130068,1.4402755,-0.84938985,-0.94601613,-0.22436829,0.88216925,0.2883497,-0.40784007,-0.03994301,-0.1791047,1.6900152,-0.94769126,-0.5370236,0.5464977,-2.3178327
22853913,1.2767941,1.9569961,-0.22425488,0.92093885,0.571946,0.8068142,-1.1859905,-1.3810092,0.40406436,1.2225697,-2.370013,-1.5032071,0.5144672,1.2682906,-0.0509073,0.016008524,0.67947876,-0.4296585,0.18570758,-0.37533614,-3.2181695,1.3361869,1.4424119,-0.9804297,0.3656072,-1.6123644,0.8943898,0.7343948,-0.8175891,-1.7868993,1.536005,-1.6701647
22853929,-0.5547031,1.3238664,0.15120341,-1.7490474,-0.39541417,-0.83205575,-0.69277495,-0.9099366,-1.1099834,-0.40288883,-0.33330372,-0.5510677,0.111179605,-0.8541024,0.2975027,-2.349095,-0.18500264,1.1438392,1.07763,0.47921878,-1.3638693,-0.7515763,1.3450599,-0.2508452,-0.30650532,-0.09936865,-0.8431872,2.2346935,-0.09199655,-0.7365567,1.087555,-1.2475218
22854056,0.079489596,-0.059283834,0.64808345,-1.3831934,0.5278563,-0.7817225,-0.504544,1.7254746,-0.8370455,0.066261,0.96934086,-2.157478,-0.03332425,0.6722392,-0.7385018,0.6966579,-0.47031507,-0.9317154,-1.3562788,-0.9372469,0.100068785,0.97107863,0.9958528,-1.7811124,-0.25419107,1.4146996,1.3677336,-0.79310286,-1.0169439,-0.24401015,0.81874275,0.10480982
22854115,-0.7864448,-0.18835302,1.1026207,-1.2676246,0.49677312,2.0606225,-2.1175146,0.19888079,-0.71206814,-0.65256053,-0.14496805,1.0270226,1.5443989,-0.28844464,-0.66864455,-0.71209097,0.8600234,-1.2987819,-1.7077695,0.25955683,-0.66374975,0.32895893,-1.0723537,-0.5872555,-1.2279732,-1.0212379,0.5397768,0.4511798,-0.7213183,-0.2996617,-0.9550221,-0.90297675
22854216,0.1362357,-1.2071679,-0.9209893,-0.55662644,-0.85124743,-0.34639055,0.9985211,0.06836156,0.3523752,-1.9108704,-0.5211228,0.03491354,-1.0437815,1.1015913,-0.371333,1.1404369,1.0156124,0.44868785,0.97370565,1.1226479,-0.6592577,0.8851455,0.50382096,-0.2948112,0.29572546,0.63215536,-0.17387567,1.3242853,-0.07890276,0.25036913,0.47868174,0.5133595
22854372,0.20595056,2.681795,-1.5270844,-0.24063061,-0.6129461,-1.0670661,1.3937174,-1.8180227,-1.1833487,-2.7174942,-0.5429829,0.11448833,0.8832525,-2.2239249,1.3616695,0.36442265,-0.6844904,1.6225332,-0.20394439,1.1236739,-0.30027586,-0.06329888,0.84521747,0.5497314,0.31797078,-2.3618355,1.2632842,0.515557,-0.21288726,0.36154836,0.28137287,-0.3776976
22854376,0.24328077,1.516035,-0.77119595,-1.289842,-0.9378948,0.44977638,0.64530915,-0.6798934,-0.6144864,-0.9663992,0.26513055,-0.4553719,0.32024592,-1.4252223,1.2721887,0.30356622,-0.33043146,1.7754902,-0.093171716,0.24840192,-0.4242234,0.6789167,-0.5198088,1.1972271,-0.13276789,-1.240581,0.75831157,-0.29461998,-0.11356366,-0.18089542,0.5518321,-0.14399928
22854379,-4.1758842,2.5783231,0.76335156,-2.9359565,0.7987124,3.623153,-3.9724984,-2.3643787,-2.5366173,-2.3522644,1.696329,1.8537134,5.008843,-0.50427586,-1.0278398,1.6563878,3.682733,-6.451062,-2.9671447,-0.66696095,-0.81894314,2.1049824,-2.7292702,-0.5423471,-2.2747939,-4.2056084,2.2895856,1.1819681,-2.6444807,-1.2251978,-2.5478852,-0.6969135
22854669,-2.198438,1.5634718,-1.2817862,-0.31334844,-0.2176094,0.9236273,-0.25500387,-1.2212211,2.7079985,0.2684876,1.5728503,1.8689353,-1.3330399,0.23199168,2.1383784,-0.8425764,-0.43907523,-0.21946825,0.084544465,-1.5668845,-0.01680849,-0.029675648,-0.4829321,0.50817466,-1.2127857,0.04630223,0.013798874,0.2906803,-1.8169154,1.8436724,0.2550321,1.2353156
22854719,0.42462492,-0.7522097,2.0783744,1.2204604,0.051220685,4.44529,-0.36189547,-5.3693843,2.9898317,-2.7699587,-1.3894907,0.10002266,2.2998068,-0.9247677,-0.54911345,2.5706596,-1.9476125,-1.166363,1.4295036,-2.0173597,0.26414004,-0.89412796,-2.5215232,-2.055333,1.2869749,-0.7247112,-1.3435938,-2.3935323,-0.2101314,-0.15448467,-3.4310014,2.1589282
22854727,-1.8214173,0.4432423,-0.14677586,-1.6167758,1.4322269,0.8171332,-3.8297062,-1.1170759,-2.3058722,-1.2112336,-2.4580889,2.9833558,1.0260028,-1.0942069,0.11963437,-1.4741421,2.9008005,-3.4891903,-1.4487945,0.93025064,-1.1344644,-0.64193517,-1.3070743,-0.6192337,-1.8260527,-1.1902558,0.5539353,0.056086883,-2.3608637,-1.8110467,-1.3632721,-1.6322407
22854946,1.7535346,0.26361406,-2.1876817,1.8317087,-0.7285004,5.5646315,3.5050905,-5.2062874,1.0291668,-3.9949658,-1.7901379,-0.62967,0.49616572,-4.7512126,-2.238754,1.4245732,-1.2031169,0.003210418,-0.4162922,-4.290987,0.5142823,-0.6770284,-0.16241047,-2.9884076,1.2460722,1.3573611,-0.5130318,1.9558119,1.2955825,0.8040476,-2.9957488,-1.2985522
22855018,1.0360616,-1.9502214,1.6910576,-3.4243927,0.37310836,-2.1238103,-0.3402292,0.8593051,-0.8965065,0.044435687,2.1105843,-3.7051852,-1.625004,0.505934,-1.7843933,-0.85414314,0.46160468,-1.7361171,-2.4398437,-0.8211112,-1.436533,-0.14780198,2.0199504,-3.718283,-1.3665546,2.8159776,1.5840057,-2.0536811,-2.82064,-0.64267635,2.0414543,1.0820162
22855142,2.3439245,2.440738,-1.1500546,-2.6294572,0.91084737,-1.5734622,1.7737294,0.42395,0.13779292,-0.34384182,-3.326549,0.7880768,-0.8730295,-2.9055166,1.5325766,-0.5459639,-0.81927216,-0.18539202,1.3928728,0.6052368,-4.4237432,2.5152912,1.0764538,0.784162,1.7742242,1.9988197,1.7167673,-0.38191873,2.7354624,0.45890155,1.5104166,-0.62494445
22855145,-3.7511458,1.4429995,-1.6228361,0.78738546,-0.91971076,1.2871218,-0.1869504,-1.2838743,3.792615,1.0357295,2.7462711,2.3766265,-1.0669159,0.45882204,3.2538593,-1.17784,0.1777646,1.3257525,-0.11354692,-2.2260814,0.06164708,1.5339171,0.034661688,-0.9589028,-2.4174128,0.6557348,-0.3149474,2.1372242,-2.381143,1.4599437,-0.775979,2.49354
22855157,2.1801128,1.1173873,-0.56628245,-0.7491917,-0.54861057,0.19406484,0.98409486,0.6058467,0.13990471,0.3308166,-0.71176594,0.7141657,-0.14895469,-0.24224927,1.1842666,0.5865224,-0.48758203,-1.1366568,1.2378839,0.48142356,-1.5131571,0.99345547,-0.080736816,0.6760336,1.2628452,0.40136376,1.5422587,-0.087003365,1.390625,0.7360548,0.728163,-1.059145
22855276,0.73186916,2.5217135,-1.7196547,0.5842435,0.03661874,-2.3333147,2.3001232,-1.7732577,-1.5779396,-2.9183016,-1.26975,0.8139669,1.0882412,-2.8038023,0.2220869,0.16588047,-1.2564533,1.1237925,-0.7806532,2.1016264,-0.00807067,-0.8604561,2.7130928,0.18732868,0.3569507,-1.8194908,0.6657375,1.7006022,-0.8112112,0.80216223,0.16653322,-0.6539522
22856896,0.009733487,0.7022591,-0.4190504,0.31187877,-0.0401406,-0.6768237,-0.7346024,0.6666966,1.6620756,0.20003986,1.2373441,1.2616833,-1.5794402,-0.26739907,-0.97927785,0.13144378,-0.12633435,-0.06461898,-0.28890935,-0.035619903,-0.3089993,-1.3037213,0.7588364,-1.80732,0.25835922,-0.42507,-1.3620698,-1.9943079,-1.2139615,-0.8614368,-0.85646176,1.2294573
22856959,-0.15826295,-0.3427496,-0.91590947,1.1156658,0.52631325,-0.73907304,0.63622135,1.3069681,2.2249944,0.3318011,1.5082643,1.0928754,-1.2522126,-1.4896556,-1.5808874,0.31583318,-0.20450263,1.313299,0.4720077,-0.48547006,0.23093258,-0.782159,0.958928,-1.6205928,-0.545457,-0.55141664,-2.0964184,-1.5344177,-0.452468,-1.8185704,-1.2251489,1.0191519
22856986,-0.99996316,-0.018611155,-0.9042892,0.5106725,0.56350154,-1.2158834,0.40862197,1.4554372,1.8176597,0.4125824,0.625582,0.5082219,-0.9258986,-0.73914725,-1.3928527,-0.071256645,0.17872019,1.4002628,1.2955338,0.15220447,-0.10173939,-0.92781925,0.99224126,-1.3217741,-0.23566893,-1.2458522,-1.7814753,-1.5812181,-0.24282187,-1.4174713,-1.027635,0.13076642
22856990,-0.76624614,-0.98488957,-1.5527346,1.0260261,0.870731,0.7229848,0.13449256,0.18590227,1.1633376,-1.4355649,0.14172113,0.25968528,0.30585456,-1.5099059,-0.77208316,0.57931846,-0.008398727,0.48527145,0.5887065,-1.2852638,0.10994114,0.057719186,-0.2892085,-0.5571823,0.7242104,-0.058239333,-1.0481763,0.16996771,0.20279111,-0.8749958,-0.12646674,0.31572565
22857116,-0.26885346,0.22213793,-1.0272816,0.33599737,0.0017102696,-0.3098282,0.9688292,0.04684738,1.5728021,-0.36622018,0.27809954,0.41459626,-1.6598839,-1.2814819,-0.6369381,-0.041243695,-0.4669047,1.2947981,0.33039427,-0.7421989,0.32932755,-1.0059495,1.1386228,-1.2996378,0.60508335,-0.20126438,-2.1370013,-0.6378014,-0.7891363,-1.8819455,-1.3024975,0.099283434
22857122,-0.50513095,0.35951126,-0.9245853,0.40913466,0.38191688,-0.43482688,0.020374078,0.469168,1.4469873,-0.1450267,0.3722885,0.16353497,-0.9659559,-0.69884485,-0.37212345,-0.19308084,0.2746063,0.65126115,0.44326282,-0.90895486,-0.13149704,-0.7371162,0.5969822,-1.0092772,0.48511633,-0.33946648,-1.1409969,-0.93759435,-0.6406031,-0.9488168,-0.4890125,0.020907916
22857213,-0.97796065,-0.38159764,-1.1297296,1.1109973,0.6995522,-1.0502415,0.25965238,1.5456939,2.0085397,0.41276833,0.8113892,0.09701316,-0.8332706,-0.949815,-0.61043525,-0.12436659,0.7688217,1.309745,1.4567186,-0.47918865,0.022321057,-0.73070383,0.5052198,-0.027602702,0.51883495,-1.038727,-1.8893179,-1.7377799,-0.06934178,-2.0875041,-0.44854185,0.38128614
22857301,-3.1101758,2.9299407,-0.941371,0.87139523,-0.0024186298,0.5299408,0.5122944,-2.6723971,3.0352836,0.37805068,1.8325711,1.5913514,-1.824966,0.4892893,1.3456384,-0.52464336,-1.1625564,-1.8717642,0.30063742,0.5085824,1.1745375,-1.4864447,-1.7757134,0.9028441,-1.194792,0.038068235,0.47638997,0.8567923,-1.592317,2.7856479,0.93019205,1.8969474
22857503,-0.40381435,-0.7085766,-0.5893653,0.9799911,0.45930427,-1.7103871,1.9284139,-1.7761923,-2.332503,-1.492761,-1.6949984,0.0016768388,2.4034567,-0.73345864,1.6139817,0.822547,-0.8529369,1.179843,0.5743147,-2.7532327,-1.0413904,-1.6276373,-2.812165,-1.0877696,-1.9100842,1.0120575,-1.6903483,0.7354142,2.5063426,0.61145735,0.75677454,-0.26937038
22857601,-1.6223775,2.6133862,-1.5282032,-0.5756955,0.64270824,1.2476785,0.9182996,-1.5814848,3.3537683,0.20250744,1.2218447,1.6656864,-2.3468628,0.5239544,1.8282771,-0.9009163,-1.407983,-2.5898445,1.0794903,-0.022078596,0.6839548,-1.5464106,-1.7308419,1.467808,-1.5061233,0.41441825,0.3170345,-0.8587141,-1.470036,3.352479,1.4638898,0.6980063
22857707,-0.59664565,1.6498684,-0.5088816,0.23364206,1.4415137,0.04346345,-0.099531904,-0.9617484,2.6604583,-1.7414845,0.07417339,2.6694243,-1.3158574,0.17274901,-0.2142282,0.22769712,-1.3039616,-1.6787078,0.9194181,-0.39623648,-0.64358026,-2.3505454,-0.56221014,1.7187684,-0.29614064,-0.059577316,-0.010104019,-0.15156344,-0.56523365,1.6243382,0.5004582,0.050988644
22857876,1.2924938,0.55582255,-0.91059583,0.4472588,-1.8070563,-0.22060145,0.334091,1.964973,-0.32771787,1.5255249,-0.6321872,1.9745476,0.65783745,0.43401757,0.4520955,1.0320446,-0.5338401,-0.4789096,0.8721455,-0.30448645,-1.4855608,-0.87390596,-0.51366735,1.5466651,1.9147792,-0.085724324,-0.54665524,-1.0927331,0.23192203,2.3059804,0.43916327,-0.06328497
22857899,-1.1539538,2.4012184,-1.330451,-0.25573814,0.47513747,0.22083695,0.2705191,-1.3658233,1.5302991,-0.49545133,0.057556067,1.3955878,-1.6848247,0.1338289,0.53821236,-0.8746518,-0.40452117,-2.7627213,0.83062273,0.52651435,0.45124796,-2.5545757,-1.1987764,1.8138425,-0.49160716,-0.051137775,0.22352777,-0.85204524,-1.3357913,3.0470288,1.6128389,0.45338437
22857905,2.1180918,2.8961706,0.34807456,-1.3684298,0.43724632,-1.0093248,0.24966,0.17009114,0.9493866,0.3555744,-2.3623445,1.5085535,-1.2940943,-1.0932832,1.8361353,-0.03731917,0.23832566,-0.059479527,1.5460986,0.7164314,-4.6079016,1.5990835,0.13376197,1.1912111,0.5473325,0.9438896,1.4644662,0.2870323,2.0782042,0.96778286,0.9194182,-0.27933288
22857937,3.1672084,1.4698478,-1.6588199,-1.0595533,-0.2702917,-0.15147501,1.5030105,0.8839331,-0.11376575,-0.04094994,-1.636398,0.1830181,0.026074257,-1.6577538,1.3020917,-0.5924493,-0.78090006,-0.9440033,0.5950458,0.88736194,-2.1706448,1.4554547,0.9745352,1.2647618,2.2464805,1.7215288,1.6542628,-0.47476408,1.275404,0.5371054,0.18066394,-1.1254511
22857944,0.88375634,0.4400226,-0.5992994,1.2267962,-1.203221,0.26782328,0.07432102,1.8114873,-0.21679899,2.0400941,1.090563,3.0028293,0.8023009,1.4272972,-0.110043526,0.8084825,0.4524709,-0.6426824,0.58097917,-1.1833371,-0.68435663,-1.5290041,-0.95950055,1.4140322,1.4559999,-0.6916428,-1.9641693,-0.92854595,0.58126575,1.782706,0.2445818,0.36570653
22858122,3.0683246,1.4046463,-1.3975455,0.04777775,-1.265968,0.44583744,1.8129396,1.8364031,-0.1669147,1.4613675,-0.9918523,1.1744952,0.5817725,0.280145,1.2315814,0.78566587,-0.7243495,-1.2322614,1.2931373,0.80026126,-2.0638292,0.3957669,0.26613075,1.6627012,3.0843785,0.45552954,1.2689228,-0.76252264,1.5005593,1.5966097,0.69669425,-1.8551717
22858583,-0.6891544,-0.9134085,0.44933748,-0.26978704,-1.4771377,-0.33905914,2.6872056,0.74197245,2.3329153,-2.9233549,-1.2314451,0.38852465,-1.1026462,0.6418207,-0.064148284,1.5058502,1.1822728,1.068144,0.12556234,0.48873234,-0.5730815,1.9028811,1.2106584,1.7801616,1.5966302,0.16231446,0.024242023,0.71541005,-2.385849,0.24008471,-0.2774995,0.3430498
22858817,-0.39828748,0.49905837,-1.3038541,0.1520895,-0.6828372,0.583301,1.6561923,1.0556515,-2.1863303,-1.8939556,-0.28431737,-2.0978093,-1.4638888,0.40566579,-0.09947023,-0.7902333,1.184493,-0.36925128,0.9049554,-1.5238677,-1.6470762,0.40451306,1.1003784,-0.044920705,-1.0103303,-0.7213712,-0.1727595,-2.0449579,0.31391975,1.0191965,-0.8734227,-2.6226957
22858846,-0.1910559,0.39766157,-1.2918222,0.15225257,-0.5952785,0.61044776,1.6648896,0.9006336,-1.5908164,-1.8322731,0.07328755,-2.1124806,-1.0643395,0.4787474,-0.37310967,-0.5754829,0.9988281,-0.5582364,0.92909,-1.3602138,-1.0630543,0.53035796,1.1620044,-0.019998528,-1.106074,-0.6875548,-0.11453096,-1.7618884,0.5171822,0.8335047,-0.5393338,-2.43452
22858988,-0.6114943,2.803369,0.5617144,-0.48567647,1.010764,-0.62395424,-1.5967696,-1.8402861,-0.16153781,1.7074509,-0.61557037,-0.98998654,1.7378116,0.028440647,2.1934729,-0.26590842,1.1330649,0.08750965,1.7567202,-1.0123504,-1.7674395,-0.2532011,1.0358367,-0.018758938,-0.22162569,-1.0192939,1.3395921,1.2069075,-1.6001216,-1.2946688,1.991898,-2.6475487
22858998,-0.50312,-1.1575291,-0.21964876,-0.9654681,0.7721571,1.2642498,-3.2886827,-0.007839333,-1.6476768,-0.45232904,-2.681663,2.5128832,0.7762115,-0.5700324,0.23485151,-1.7680402,1.7308254,-2.0144556,-1.3113712,0.9071958,-1.0203145,-0.86964023,-0.48387912,-0.90882105,-2.0536153,-0.62246364,0.028280241,-0.020553753,-1.5957803,-1.519523,-0.86830914,-1.3476831
22859419,0.30856428,1.268604,-0.23919244,0.040526547,-0.59500927,-1.5574572,-0.55888736,1.5635767,1.8294764,1.0278811,1.5782387,1.2374294,-2.4615815,0.41321805,-0.85885066,-0.7455624,-0.34732634,0.11802559,-0.72164077,0.07992376,-0.61927813,-1.8248442,0.83614784,-1.7830142,0.37220266,-0.50087327,-1.2481718,-2.2380736,-1.8843683,-1.2488071,-1.2605792,1.0999278
22859453,1.2581122,1.7672539,-0.2635184,0.17010781,-1.4556826,-0.595893,-0.33647445,0.20513439,1.5938798,0.8446941,1.4907048,1.038233,-2.3095624,0.2638113,-0.7937659,-0.4027177,-0.73047656,-0.55384004,-1.202239,-0.14429386,-0.8280644,-2.2656202,0.49464372,-2.2160883,0.44422498,-0.1065394,-1.0708592,-1.8785208,-1.6796626,-0.6990622,-2.0054102,0.8379964
22859801,1.060608,2.0100234,-1.5765961,-0.5440362,-1.0321426,-0.47315398,1.3648255,-1.4029036,-0.95754737,-1.2106621,-0.17926371,-1.1107018,1.103958,-1.6393094,1.4969332,-1.1127073,-0.31257197,0.20324504,-0.5221978,0.091579564,-0.44652575,-0.066251874,2.37265,2.3566577,0.98992103,-1.7590886,0.36799252,-0.54333913,-1.2468317,-0.3275869,1.593929,0.6768114
22859855,-1.2798079,1.4637161,0.8028413,-2.2282515,-0.092590995,-0.62904793,-1.5806392,-0.9923422,-0.20728947,0.99922377,-0.20998643,0.17854735,1.939463,-0.5559273,1.359991,-0.47817495,0.5452,0.366384,1.432496,-0.77480036,-0.62413746,-0.4118913,0.53352696,0.4120924,-0.32117498,-0.3012056,0.19804345,0.94729066,-1.2173564,0.06927577,1.1561308,-1.6293463
22859921,-2.9150007,6.218021,-0.382218,0.3760697,0.30918455,0.67855304,-0.040508937,-2.0578582,1.6956767,1.9475986,0.13148633,0.7989452,-2.0443819,1.8601953,0.17271966,-2.8884764,1.3048375,-4.6157966,0.36189792,4.2135406,1.7777475,-3.733618,-2.4540575,2.2013676,1.2978035,0.49030298,1.0545936,0.5050086,-2.0706356,3.5800595,3.3747904,1.9725392
22859966,-1.9864794,2.773631,1.3677725,-2.2698464,-0.32621476,-1.36296,-1.625001,-0.56380755,-1.3864937,1.4665668,-0.52087855,-0.58365613,1.8578072,-1.5226985,3.0290313,-0.8628485,0.6043786,1.245926,2.47096,-1.0700988,-0.3882666,-1.7250218,1.1669881,0.45838314,-0.6510034,-0.46495572,-0.6828013,2.2562292,-1.2184038,-0.65508944,1.1785955,-2.573291
22859997,0.39707178,2.7362335,-1.6881274,0.048285857,-0.43572566,-1.5665941,2.1001527,-1.5130997,-1.2410407,-2.641072,-0.26684853,0.4518978,1.2867229,-2.672546,1.1319745,0.1363089,-1.0234761,1.7001103,-0.5782816,1.3777844,-0.66876674,-0.32880145,1.5001148,0.6950161,0.26218858,-2.371656,1.1505138,0.8335603,-0.8049789,0.1873964,0.61410964,-0.28172863
22860053,0.13766862,-0.81840265,-0.10703017,-0.42287305,-1.5764701,-0.2573036,1.9654564,0.6447831,2.4774926,-2.8447883,-1.9132106,0.3234724,-0.8560649,0.9601141,-0.33844104,0.5245999,1.6124253,0.66993505,1.2192483,0.18138765,0.11122782,1.2633716,0.87706476,0.9092712,1.3898386,0.83123326,-0.37525862,0.3190532,-1.7767678,-0.07408733,0.17756076,-0.13658689
22860054,1.7621446,0.75886637,-0.67811257,0.03800521,-0.17524241,0.3443464,0.739836,0.44600025,0.6804145,0.14768548,-0.59348553,0.6255127,0.6178254,0.23710763,0.7401466,0.8772204,-0.4345838,-1.1763362,0.7603602,-0.18440598,-0.5893139,1.3743297,-0.4707898,0.66928697,0.7780401,0.16257608,1.3312488,-0.15245019,1.613351,0.5080589,0.37001067,-1.2356718
22860075,-1.1456114,2.8053188,0.055513915,-1.1607295,0.7913921,-0.5386316,-2.1981454,-1.508753,-0.34562033,1.6022472,-1.072596,-1.4706585,1.6279156,0.36508518,0.79208744,-1.3282473,1.27758,0.74480593,1.5698253,-0.34919983,-2.642351,-0.38749695,1.3250597,-0.50296205,-0.6026095,-1.722625,0.8952385,1.5461406,-1.0585648,-1.369606,2.0829866,-2.1027107
22860100,3.1284938,0.16546822,-2.1912737,0.41605788,-1.9684018,1.0850682,1.9013791,1.894482,-0.28194937,1.0627126,-0.3548871,0.46335515,2.0727274,0.6834874,0.96868837,1.6500381,-1.6996636,-2.0229673,1.2494115,-0.25949663,0.6562587,0.2388617,-0.5052178,1.2894237,3.166289,0.099162936,1.8358499,-1.6560245,0.7193274,0.8912488,0.56984115,-2.362172
22860119,-0.6574625,0.75902,-0.04568166,0.05092868,-1.3503951,0.42813435,1.7778075,0.631016,-1.2689402,-1.6464667,0.28907466,-2.1920295,-0.3383953,0.90769076,-0.4941699,0.12685733,0.83133024,-0.26312372,0.3524471,-1.3817763,-0.7174951,0.3769412,1.2325138,0.3636719,-0.7670643,-0.13559844,-0.30620122,-1.4946358,0.5522967,1.4996717,0.22258739,-2.5087736
22860517,-0.6563358,0.1423723,1.1261591,4.331089,0.73675907,-0.18885845,0.1306907,-0.009265101,-0.10422367,-2.5181458,0.5582883,1.4727213,-0.74358326,-0.9709712,0.6924986,-0.16408432,-0.037794936,-2.1153927,-0.20275366,-0.6912257,-0.26704818,-0.10965368,0.96573985,-0.237983,1.0970384,-0.41671807,-1.1273303,1.6603528,1.3233068,2.704235,-0.6802614,0.30532527
22861042,2.9873955,0.6749457,-1.8399167,-0.415379,-0.539675,0.17435098,1.7916598,0.9968098,0.10773802,0.6208827,-1.7390893,0.49495465,0.757451,-0.70652837,1.356074,0.89975935,-1.2663503,-1.1553639,1.1079968,0.15355965,-1.0948435,1.3582673,0.27077353,1.4783223,2.809525,1.0702623,1.8232596,-0.80887705,1.506853,1.0840163,0.84447265,-1.5031488
22861202,1.7441895,1.409305,-0.55847585,0.4640244,-1.2706815,0.46347582,0.23833881,-0.7970609,1.6214429,0.061564732,0.9743862,0.5842628,-2.2254744,-0.43053854,-0.9647099,-0.17001042,-0.9724745,-0.39906526,-1.3231876,-0.9174757,-0.81916106,-2.004714,0.55422914,-2.2305267,0.64967763,0.499478,-0.98745865,-1.4269353,-1.3112785,-0.4903643,-2.105218,0.12473341
22861329,-1.706809,0.29984263,0.345218,-2.0665038,0.9690526,1.461649,-3.3834717,-0.8235349,-1.9344802,-1.1176,-1.3281991,2.3966346,1.9154611,-0.81708753,-0.2916104,-1.1071279,2.2891972,-3.3201504,-1.929344,0.47940275,-1.0168921,-0.78830343,-1.1462156,-0.7139982,-1.9733322,-1.4931453,0.6807515,0.30617046,-2.088744,-1.2236991,-1.4913906,-1.3991154
22861544,-1.746839,0.31728154,0.46237332,-1.0124068,0.20477112,1.5375109,-3.0411775,-0.90549463,-1.9151659,-0.7985518,-1.619386,2.2614706,1.3951443,-0.17315954,0.40983096,-0.6231092,2.1625786,-2.018258,-0.8449873,0.72654474,-0.95889217,-0.65643364,-0.5710025,-1.3162241,-1.3307269,-1.4129354,0.40678713,-0.10726847,-1.595969,-1.1831015,-1.026995,-1.3898133
22861989,-1.0204343,-3.9197845,1.5525578,-2.2275796,1.868866,0.91304266,1.6581848,-1.6335443,-2.4955301,-3.8412693,1.224106,-1.7844291,-3.4208374,1.0522426,-2.744295,3.2213192,-0.3786829,0.5129198,-1.4199089,0.6728766,-1.8596436,2.6644287,3.1095862,-0.40015215,-0.9290908,-1.9881135,1.4706296,4.9696035,-0.8111875,0.721368,1.3544065,2.8029149
22862159,-0.58887327,1.1369839,1.4876332,-0.20604469,-1.0821475,0.020878384,0.805892,-0.025720816,0.0006372966,-0.21202733,0.6294278,-1.2078346,1.3527261,0.18389973,0.31051683,0.6997016,0.02909119,-0.15031299,-0.17201008,-0.6695482,0.89380896,0.19141512,0.33689773,0.53495884,0.14842398,-0.45896223,-0.7142733,-0.94810593,0.5015565,1.6047049,0.34309107,-1.0805987
22862185,-0.6297409,1.1054406,0.7889218,-0.27522695,-0.6618204,0.13108175,0.9544271,0.08966085,-0.37777326,-0.226151,0.7016846,-1.0176208,0.75350535,-0.0003844127,0.05732275,0.5477957,-0.2528846,-0.3115094,0.07963622,-0.8638323,0.5676613,0.42242467,0.48547053,0.40715653,0.26196387,-0.6707077,-0.61804265,-0.7858635,0.50914043,1.5665324,0.13139918,-1.2520355
22862581,0.7612508,1.1283096,-0.21623118,1.5884914,-0.3627278,2.4527721,0.98300797,-1.540852,2.1495373,-1.1187981,0.022881005,0.6548627,-0.83619225,-2.826169,-2.4350202,1.3173087,-0.7005472,-0.10681663,-0.25909555,-1.4252701,0.027120825,-1.5226346,0.050343327,-2.7171087,-0.25295085,0.15733917,-1.4429885,-0.30804923,-0.7722689,-0.25637597,-2.4196842,1.2169825
22862585,0.09763816,2.1677825,0.7238663,-0.035230383,0.9398725,-0.14989103,-1.5765646,-1.7415113,0.15182053,1.4502304,-1.2158363,-1.3326149,1.8386807,0.50584817,1.3183075,-0.2076456,1.0677118,0.35310295,1.297668,-1.1763543,-2.0687869,0.29308397,1.1190729,0.050409928,-0.32919842,-1.2939571,1.0425408,1.3432348,-1.2560272,-1.6180633,1.861075,-3.0988362
22862953,-0.0149653945,0.42918897,0.9470159,-0.19814523,0.23728195,0.35454828,0.22599465,0.2356071,-0.23244022,0.3722577,0.3774096,-0.6812258,1.0972874,-0.6384521,0.49744058,0.053366836,0.36062217,-0.7223909,0.032384656,-0.7834459,0.3052351,-0.10715147,0.61500573,0.042146288,-0.5977328,-1.0252875,-1.0708923,-0.33995825,0.25128153,0.4610572,-1.1074826,-0.5690051
22862963,-0.66382045,0.6458809,0.18067953,0.58924013,-1.6784202,0.51009417,1.4913083,0.6079527,-0.4822594,-1.3628681,0.4962668,-2.2059493,0.34431994,0.20316878,-0.137123,0.20700265,0.94010633,-0.3967719,0.58474714,-1.2774986,0.27139387,0.3936454,1.0407844,0.3256471,-1.0513788,-0.5750347,-0.5598792,-1.4835798,0.24213846,1.3402091,-0.43910044,-2.1430213
22863207,3.183377,-0.34305894,-2.544259,0.51703954,-2.136769,1.3563538,2.1871178,2.1679366,-0.31821138,1.1382189,-0.6318169,-0.28586555,2.2395787,0.2789967,0.94382906,2.475901,-1.9856691,-1.9900683,1.5169526,0.17404595,1.0015357,0.3611512,-0.66493845,1.5397125,3.8272002,0.27420065,2.4715683,-1.6587806,0.33015978,1.1773863,0.9866022,-3.082672
22863718,-1.5580654,0.30433106,0.9699485,-1.6623831,0.32376915,1.867887,-3.24789,0.024265487,-1.3797342,-0.8010416,-0.49023914,1.4074682,2.0123353,-0.7998483,-0.79009587,-0.56595856,1.6896615,-2.4502165,-1.789529,0.086402565,-0.8359843,0.21759118,-1.183747,-1.0165257,-1.6117959,-1.3753885,0.5994243,0.79186463,-1.0405843,-0.73487425,-1.5136116,-0.96209127
22863744,0.12455154,-1.2664826,0.529368,-1.3784722,1.0008568,-1.077604,-0.9966667,1.2905272,-1.0107496,-0.78993106,1.1169776,-2.0155237,-0.062827356,0.8009473,-0.68233824,0.20428519,-0.012355499,-0.6249575,-1.3405784,-0.23361316,-0.1804358,0.17152669,0.017309561,-0.5902523,-1.2836467,1.0762501,0.4029107,-0.5412968,-0.7953055,0.1851142,0.58996576,0.6045801
22863869,-0.9362624,1.155944,0.068874806,-2.3070831,0.6053707,-0.8006483,1.1034728,2.063014,-0.58431256,-1.1155787,1.8082741,-1.9698205,1.5319945,0.05775549,-1.0441343,0.9837663,1.4870489,-2.2417598,-1.7110547,-1.268563,0.037912343,1.6470087,1.2359992,-1.3027664,0.04924734,2.8837347,1.8255615,0.19315583,-2.1563404,0.19584036,1.0129007,1.2775552
22863889,-2.9103563,1.2754992,0.792741,-2.5138385,0.40194106,2.392898,-3.8134284,-0.9270966,-2.147721,-1.6206551,-0.26416364,2.163744,3.0403974,-0.6780441,-0.6799903,-0.3528276,2.7674124,-4.4121985,-2.7730136,-0.10280222,-1.1828798,0.5745816,-1.7749217,-0.4109336,-2.5644727,-2.8503463,1.1817044,0.8821901,-2.1017263,-1.3836554,-1.9993731,-0.87074995
22863890,-1.2090113,0.7588648,0.0072303154,-1.6293627,0.70703256,-0.99535334,0.6472664,2.5375438,-0.5299282,-1.0532465,1.8299018,-1.9033463,1.3719558,0.21489196,-0.4884926,1.4596897,0.44845495,-1.8889502,-1.0358701,-0.60746026,0.39666626,2.038704,1.2240242,-1.4805235,-0.4829708,2.3855429,1.5819429,-0.092307046,-1.3993595,-0.28416732,1.3792177,1.1285866
22863927,0.056122072,-0.7479658,0.69062495,-1.4042107,0.9393634,-1.3826908,-1.3757272,1.9522685,-1.1582016,-0.83340865,1.0296485,-2.882099,0.20208222,0.65534943,-0.89157873,0.8413992,-0.13653725,-1.1811768,-1.585594,-0.6767494,0.17901379,0.70216227,0.85436743,-1.0790905,-1.3431929,1.5700669,1.0793791,-0.38633847,-1.1042666,0.32139784,1.0580989,0.286987
22863967,-1.3363166,0.7049409,-0.75284046,-1.0935184,0.8517338,-0.7085075,0.3433392,2.322754,-0.43406063,-2.076761,1.6909,-1.1432104,2.0076358,0.31259865,0.44647145,1.1674565,1.5248349,-1.8504369,-0.82112604,0.14252505,0.59837025,1.8663826,0.22123648,-0.23758894,-0.35714912,2.151256,1.1916085,0.6885833,-1.5149006,0.31019735,0.60136145,1.073874
22864378,-0.4057706,-0.49020898,1.8401722,1.1668439,0.74960375,-0.39655402,1.6676707,-4.0447807,-0.5124329,-2.2144706,-2.6217716,0.32524803,2.535133,-1.4062186,1.2814097,2.7560608,-2.2142878,-0.04201301,1.3189446,-2.8113647,-0.09673911,-2.123573,-3.5044882,-2.4769626,-0.7416508,0.6552069,-1.6888299,0.2948347,1.9632943,1.24815,-0.11175905,-0.11840675
22864442,-0.60750663,1.633802,1.4885828,-0.049291123,-1.6650231,0.13870795,1.2648879,0.2167692,-0.34704655,-0.5914072,0.8552938,-1.8001456,1.1435354,0.52731156,-0.09310581,0.76599175,0.51874095,-0.28023455,0.029880932,-1.15146,0.7459273,0.5900812,0.9819676,0.96869755,-0.09747895,-0.4668195,-0.67850727,-1.1719685,0.43413022,1.9184036,0.71444446,-1.5798988
22864467,-2.5651855,3.349545,0.83861125,-2.4743528,-0.060264938,-1.2675406,-2.9082725,-1.6349354,-1.7084414,1.1274071,0.08927957,0.10223895,3.2297552,-1.2199464,2.7055464,-1.7354753,0.8128537,1.8028297,3.3707502,-0.7866485,-1.4978893,-1.1988528,0.87071216,-0.06587057,-1.3527292,-0.97609925,0.86955816,1.6743828,-2.3730397,-0.38451394,1.8223882,-2.6597598
23216524,0.7562062,-0.54002994,0.6860837,-0.12943079,-0.77101976,1.0266383,-0.85006195,0.48917368,0.20282072,0.99321014,0.7969067,-1.4000859,0.036278255,0.35009396,1.9255507,-1.0249759,0.28846145,-1.2097489,-0.15935396,-1.9653159,-0.36812568,1.4395288,-0.074307516,1.8382658,0.71154994,-0.41973153,-1.2670015,-0.82937944,-0.28245163,0.11283933,1.844255,1.0945902
23216549,0.7850573,0.63251406,-0.12517673,1.1488965,0.34138852,-0.41326994,0.6372415,-0.4941204,-0.47823727,-0.487145,0.29829052,0.3843226,0.01945735,-1.1238085,1.4059343,-0.4902903,0.23673742,-0.58752275,0.01012079,-0.7236186,0.31774485,0.4254902,1.0841671,0.44023055,0.378028,-1.0979716,-0.46670753,-0.019851606,0.42923155,1.0491301,0.5579246,0.6391665
23216748,-0.18800212,0.6329184,0.073332496,3.0168846,0.9542353,-0.3178767,0.40099746,-1.0401922,-0.3979349,-1.3739372,-0.3484439,1.6252942,0.04394435,-1.6346961,0.9196066,0.3927442,0.1368969,-0.44198054,-0.117650166,-0.15832292,0.32599333,-0.1644611,1.6388916,-0.8636488,0.66260403,-0.63833475,-0.6092472,0.8984748,0.646059,2.04769,-0.5972688,0.31240904
23216749,-0.34753624,0.6844565,0.29840782,3.0474234,1.2273161,-0.2001099,0.3494601,-0.9648859,-0.5726215,-1.6879848,-0.26305923,1.4670244,0.12931558,-1.6860908,1.0585055,0.49948525,0.58852255,-0.7913453,-0.22373413,0.0790625,0.22018641,-0.23672473,1.7912638,-0.6373365,0.706338,-0.6787313,-0.20236613,0.7482737,0.73899126,1.7840711,-0.46416563,0.09713433
23217292,-1.4264008,0.6660688,1.2716768,-3.677294,-1.9910296,-1.0798643,-0.8767178,-0.2580678,-1.2119905,0.29601613,1.1023825,0.71411455,1.2674751,-2.845507,1.7512515,-0.8667105,-1.0214641,0.37446192,1.4744023,0.3337026,2.0359983,-1.0689179,0.4744239,0.4452145,-0.21064796,2.0427825,-1.5630763,0.87816405,0.08076401,1.0870284,-0.67788625,0.27462772
23217320,-0.57993424,1.9608711,-0.72459596,-1.7291756,0.8551902,-0.46413326,-1.1165203,-1.0371586,-0.43157536,0.7398583,-0.60279137,-0.17043322,1.4962364,-0.22043338,0.6902798,-0.8925545,1.0748599,0.20167531,1.1948122,0.08224288,-1.8925794,0.18857165,1.3027056,-0.7620151,-0.18577793,-1.1968222,0.705044,0.9522809,-0.69662225,-0.50176245,1.466284,-1.4604439
23217381,-1.6440753,0.46286774,1.7156162,-3.7295783,-2.242053,-1.1306565,-0.881113,0.12686947,-1.5104815,0.68688136,0.740426,0.8235531,0.93070346,-3.2952302,2.0801423,-0.712141,-1.288891,0.36844292,1.4263936,0.2697785,2.5082278,-1.2056141,0.5432393,0.6553836,-0.24849717,2.5526083,-1.8567561,1.0390117,0.20906645,1.4988621,-0.92805237,0.29659578
23217723,-0.52296704,-0.15607777,0.97725886,-0.1766084,-1.3933045,1.4782844,0.14993624,1.3226845,0.07938199,0.619841,1.2342414,0.028572014,0.14346108,1.2066283,-0.023717891,1.5740495,-1.1001412,1.3303838,-0.40164238,-0.85220087,0.12268078,0.51252544,-0.4058707,-1.4377041,0.5362858,-1.0246792,-0.5720456,-0.016105987,0.5498149,0.76829827,0.39085922,-0.4218074
23218202,-2.1041827,0.9588984,0.3677049,-2.2314382,0.523773,2.1797278,-3.1355093,-0.88885945,-1.8971562,-1.368583,-0.09867318,1.9428924,2.5063114,-0.61315906,-0.4822333,-0.11838028,2.9233565,-3.73194,-1.8638992,-0.022154957,-0.7566835,0.45209038,-1.6876571,-0.53038895,-1.9121027,-2.1670012,0.9079358,0.74811065,-1.9264935,-1.2160711,-1.6917578,-1.0877364
23218290,-0.18831657,-0.2166374,-0.0147841,0.06421815,-1.5593643,-0.40665314,1.1229163,0.71788454,2.9642494,-2.841621,-1.9153318,0.6138037,-0.4086086,0.35564685,-0.23360729,0.088112324,0.76118916,0.39298362,1.063815,0.018958872,-0.035296846,1.0294977,1.1370269,1.0519565,0.9206757,1.0581148,-0.53799784,-1.1720778,-1.9803362,-0.49245548,-0.3587718,-0.051607113
23218311,-0.1059625,-0.60477376,0.4593275,-0.051326543,-1.1459812,-0.590933,1.5261698,0.965665,2.1045358,-2.6612341,-1.732842,0.7576829,-0.21707208,0.52097213,-0.3206825,0.39405483,0.8887566,0.42631048,1.0745052,-0.15515168,-0.20224555,1.4730269,1.2085785,0.9650098,0.99368566,0.99010587,-0.27122447,-0.72919035,-1.9591446,-0.56841356,0.102903254,0.28920308
23219020,-0.56815916,2.0411062,-1.0155661,-0.8178135,0.5088819,0.7248057,0.3647685,-1.692694,2.0060546,-0.43270862,0.47050884,0.61797744,-1.9723991,0.18208393,0.5480856,-0.14446343,-1.2362825,-3.3033266,0.87001204,0.3887567,1.0331715,-2.3943474,-1.4420238,2.0645754,-0.23403898,0.2425189,0.41727653,-1.6893916,-0.96955556,2.496068,1.6973525,-0.3965852
23219593,-2.9006836,1.7647759,-1.1731887,0.28748125,1.8678013,0.36241198,-0.48306328,1.9625474,-0.8756192,-1.477257,0.5115696,0.39115512,3.4001684,0.12437385,0.51534766,1.7383014,1.4061694,-1.0328982,0.4080098,0.14397082,2.047205,1.3772929,-0.9026953,2.159044,0.7811215,0.9590194,0.4112985,1.8802717,-0.2556469,0.032702353,-0.21166271,-0.5223523
23219813,0.7732205,2.9593449,-2.5701687,-2.8465507,-1.4187711,-1.3006103,1.7606213,-1.1980685,-0.8065033,-1.7317101,-0.7588138,-1.10492,1.2627997,-2.528736,0.6927543,0.06970173,-1.3205212,3.4472828,0.018867396,2.0361352,-0.52199733,-0.17874682,0.14311804,1.0001398,0.22455826,-1.7313737,2.2161467,-0.19890858,-1.7175862,-0.43512323,0.25958118,-0.48951647
23220296,-0.81982046,1.2177482,0.6162686,2.4372573,-0.05471473,0.6324115,-1.172298,0.4084647,0.5912399,1.8907162,2.2469277,3.3386767,-0.32993,3.6321464,-0.7036398,0.53589505,1.3032538,-1.8882518,-1.0162798,-1.9013536,-0.04835059,-2.6586006,-1.3620291,1.357339,-0.099821925,-1.5725225,-4.0701766,0.5161987,0.6269157,1.6328096,-0.33760226,1.0863546
23220352,-1.3457211,1.7986083,0.61578155,1.8079516,0.2966828,0.228859,-0.43749636,-0.026014987,1.1311882,1.4939226,2.0519004,3.7086413,-0.31938413,3.4665856,-0.12562928,0.78019303,1.2466924,-1.5617152,-0.3085714,-2.2402341,-0.2226413,-1.9930758,-1.7605848,1.1392237,-0.78492343,-1.5524238,-3.0454223,0.42774278,1.3541472,1.295764,-0.005552614,1.284809
23222777,-0.27117243,0.3449149,-1.1427962,0.27743664,-1.1055267,0.51389366,1.5286568,0.5053421,-1.3680081,-1.7471045,0.07793452,-2.020979,-1.212627,0.8321559,-0.48570386,-0.5035085,1.3335017,0.05984831,1.1186824,-1.0583541,-1.0889422,0.31709844,1.2511193,0.19593662,-1.2515353,-0.2506965,-0.10993598,-1.953413,-0.016364912,0.621948,-0.23367663,-2.0572193
23222918,0.6324295,-1.5831664,1.04846,-2.1397977,0.6684091,-1.6739002,-0.043206453,1.0751021,-0.70278394,-0.79867214,1.9244317,-2.663521,-1.0121584,0.8952003,-1.2836975,-0.72186005,1.119225,-1.2294004,-1.448403,-0.41131887,-0.6417085,0.18017796,1.5323787,-2.6932564,-0.94153774,2.8492427,1.3694682,-0.79897803,-2.7211928,0.10355428,1.2367603,0.9444418
23223120,-0.67955005,-0.8462431,-0.28664517,0.3088376,1.0381584,-1.6611878,1.8056203,-0.40751028,-1.936579,-1.1090146,-1.6710242,0.6523115,1.5248737,-0.58984387,0.80804664,0.89675367,-0.2627011,1.4193041,-0.4923609,-2.0257373,-0.0006714761,-1.3460201,-1.7824658,-0.73268634,-1.7119255,0.83294606,-2.2212079,1.4525863,2.20189,-0.05011921,1.6676017,-0.23474744
23223742,0.3592121,2.6855147,4.2226415,-0.41839758,-2.0080564,0.45778668,-0.39299375,0.5812317,0.5245992,0.5920994,0.43064547,-1.5376468,3.9056108,0.67582315,1.5387231,1.8882132,0.12053813,0.25299385,-2.2796586,-0.70694995,2.6071157,-0.29984182,0.84406984,1.2804425,0.10478922,-0.858791,-2.026234,0.98796153,0.0022475924,1.839617,1.6059839,-1.5242418
23224696,-2.824353,0.8365919,2.0297525,-2.5996063,-0.39047542,3.7134392,-3.5582252,-0.09445687,-1.7851145,-1.428695,1.0357205,1.6958876,3.6161218,-0.46701097,-1.6520813,0.5363862,2.0990543,-3.4455602,-2.7035031,-0.64531505,-0.9092973,0.7196242,-1.3224254,-0.3443395,-2.4136817,-3.0524905,0.9221481,1.290094,-1.9116074,-0.5287812,-2.3640664,-1.0890414
23225063,-2.063732,0.9112474,1.615753,-1.8275415,-0.13549395,2.9227335,-3.043907,-0.4667669,-1.7033926,-1.1760219,0.7465156,1.0359964,3.030725,-0.34758663,-1.6277204,0.73204625,2.1928036,-2.8555512,-1.6842791,-0.28706908,-0.9503254,0.844554,-1.1202114,-0.7653669,-1.3971452,-2.672815,0.9819095,1.1205848,-1.0585407,-0.5150919,-1.93371,-1.3396256
23225348,-1.0512813,0.76911896,-0.3699277,0.10809582,1.2221217,-0.26092798,-0.93988717,1.0568005,-0.86567545,-0.9296687,0.52734447,-0.7106513,1.3919845,0.8698004,-0.30470046,0.539135,0.46132994,-0.34370852,0.26849315,-0.3353467,1.3541768,1.1288276,-0.22254269,0.6034878,-0.07922898,1.3515892,0.5358689,0.603476,-0.28949252,0.4023706,0.38174587,-0.40449518
23225510,0.48979264,-1.8051437,0.97673446,-1.938662,0.5077922,-1.7117258,-0.3391282,0.9453302,-0.708612,-0.22148226,1.8438437,-2.9875128,-1.0130731,0.6424753,-0.7428225,-0.20988049,0.5329683,-1.6277367,-1.9867045,-0.07921214,-0.5658489,-0.0049895085,1.6589613,-2.7452457,-1.0181766,2.7512937,0.9917087,-1.0460176,-2.2005985,-0.27597213,1.4230721,1.3116391
23225514,0.1687432,-0.6624274,0.6922536,-2.0711699,0.8508762,-1.6376444,0.9136234,1.670293,-0.9816769,-0.94091827,1.9420372,-2.4740791,-0.27077854,0.8826961,-1.4102362,-0.15565525,1.262291,-1.618002,-1.1915095,-0.25237906,-0.18708983,0.82681656,1.3790991,-1.9064091,-0.74391866,3.617711,1.5372773,-0.54250664,-2.9324322,-0.26785183,1.2462704,0.8097584
23226073,-0.35164592,-1.6678206,0.85641056,-0.76659894,1.0325102,0.26449755,1.7961806,-0.4652191,-1.5995861,-2.3244772,0.03337361,0.025611743,-1.4254407,0.7596396,-1.4831985,1.7921275,0.19742574,0.5805469,-0.1966568,0.7753716,-1.5004354,1.9227972,0.7278337,0.56005657,0.6546722,-0.5266397,0.34706476,2.590566,0.22751442,-0.104160376,0.43926984,0.92483085
23226548,0.21217217,1.1153992,-0.11719392,-0.37788045,0.26065338,-0.42029282,-0.5657673,-0.4375645,0.19724727,-0.1568191,-0.6910539,0.7665282,-0.51867217,-0.52342457,-0.84968585,0.13738634,-0.17067727,-1.653286,0.053464364,0.2928287,0.15769036,-2.064675,0.22392309,2.0802245,0.44459727,-0.52376306,0.102372125,-0.3563851,-0.30691174,0.6914576,0.9443209,-0.61478007
23226628,0.15815881,2.184689,-0.030932784,-0.106612414,0.50663567,-0.14479303,-0.7846532,-0.50124174,0.3182775,-0.17727447,-0.9600626,0.8540829,-0.86782336,-0.043290947,-1.3561589,-0.39695618,-0.17492346,-2.651317,0.19096564,1.2458787,0.41341108,-2.5984204,-0.56988406,1.9837381,0.7867076,-0.048010886,0.45198125,-0.86478597,-0.774605,1.2225102,1.6395869,-0.5821215
23226637,-0.32433984,4.494923,-0.17018944,-0.46033242,-0.028651811,0.21401566,-0.63344216,-1.1178766,0.3355378,0.82945675,-1.351239,0.4180405,-1.8708082,0.46306998,-0.7852197,-1.6420138,0.7614245,-4.858243,0.16049482,2.99023,1.147138,-4.216868,-1.2331057,2.8787715,2.0862327,-0.16188967,0.92824906,-1.1096488,-0.9943115,2.6747215,3.0658674,-0.5208656
23226640,-0.5049237,4.0282006,-0.24953668,0.121061414,0.5142759,0.22885087,-0.92161953,-1.034328,0.7944778,0.081799395,-1.3197383,0.9047913,-2.0626266,0.015062079,-1.0548815,-1.0809073,0.28105035,-4.548136,0.1028028,2.4978673,0.56903505,-4.6126595,-1.2689327,3.166022,1.4490857,-0.15383917,0.62588114,-1.192658,-0.9141599,2.510397,2.7467308,-0.45721605
23226693,-0.93372005,3.138946,-0.9756964,-0.5305418,0.35071278,0.53648186,0.46318743,-1.597152,1.4552776,0.09839048,0.114340454,0.65636575,-1.7197531,0.18116151,-0.17181717,-0.33310285,-0.3539717,-3.3016655,0.5143194,1.1665304,1.500992,-3.0309527,-1.259356,2.2049718,0.045426637,0.15713999,0.7301988,-1.1052839,-1.0168833,2.6957152,2.2604735,0.2770407
23226798,-0.5216664,4.389586,-0.070225984,0.5434891,0.4197864,0.35109067,-0.85450315,-0.703184,0.440384,0.73502594,-1.4893545,0.653352,-1.7670487,0.65780985,-0.7914644,-1.5383638,0.887766,-4.03152,0.08805789,2.9722986,1.1845701,-4.030895,-0.8327581,2.6743097,1.8989224,-0.026052056,0.91302097,-0.4563192,-1.3179383,2.2407699,2.0237575,-0.37329048
23227117,-0.19100344,-0.88340485,0.07669318,0.062923014,0.15428823,0.36783585,0.6750198,-0.9689605,-0.5957361,-1.479914,-0.7334448,0.04443724,1.6081798,-0.42935577,0.18866685,0.8889897,-0.655997,0.9491527,-0.4124478,-1.6633356,-0.44804654,-0.5919766,-1.5749962,-0.5453501,-0.95329875,0.3442696,-1.2935383,-0.16629638,1.7020262,-0.67476434,0.051138237,0.6996169
23227321,-0.15498446,-0.8091155,-1.187389,0.13850039,0.6410116,-0.43921843,1.0428551,-1.4704509,-1.8274965,-2.2714908,-1.4119405,-0.030741382,2.0971088,-0.584558,0.33573827,0.92508614,-0.5364898,1.9403163,-0.33102643,-1.9180585,-0.8190342,-1.2781006,-1.4232935,-0.46032852,-0.98219436,1.3272467,-1.02395,0.32481518,1.3034174,-0.4982291,-0.26066577,0.44550234
23227718,-0.1215848,-0.3938001,-1.00016,0.3472955,0.15432271,-1.5404433,1.0852773,1.0456328,-1.3630395,-0.09617511,-0.5177889,0.20925513,0.86623603,-0.103971474,0.77952033,-0.637651,0.48882288,1.8236063,-0.57885957,-0.95831776,-0.12301743,-0.025796821,-0.4239274,0.35139132,-1.648578,0.78001237,-1.1851463,1.038914,2.0906506,-0.55814916,1.6101393,-0.10812595
23230004,-2.1773012,-0.74781704,-0.21286386,1.2655371,3.3962846,0.18134192,-3.5097022,1.3560963,-2.3797507,-1.6403624,0.6156746,-0.7606936,1.7993915,0.9280295,1.7806114,1.9436818,0.39041358,-0.89894396,-0.4209698,0.025691055,1.5617948,-0.61356527,-2.1631062,4.2722173,-1.3265898,-0.15280497,-1.5087129,0.6177943,1.4057108,0.6863165,-0.13408658,-0.15375501
23230085,-0.99943244,-1.6728704,-0.02499954,0.3408462,3.1774552,-0.24463114,-3.431759,1.3247336,-2.5115924,-2.052816,1.3665075,-1.5187073,1.093626,1.004337,1.469002,0.7180784,0.9687519,-0.9252535,-0.3162101,-0.04527592,0.6025966,-1.2835159,-1.10979,2.7177024,-1.8825494,0.92080903,-1.0676306,0.18733913,0.094873674,0.6627716,0.5760598,0.3062768
23230862,0.79934657,0.24793278,-1.3105675,0.87407994,0.29347286,2.020257,1.3715448,-1.8263856,1.2160047,-1.7334358,-0.045448866,0.02166468,-0.5324921,-2.3301978,-1.4191399,0.4828647,-0.57363456,-0.18121415,-0.16243993,-2.0442219,-0.20909087,-1.0976142,0.4283219,-2.1202226,0.29797015,0.10826281,-0.9681187,0.5556797,-0.15425548,-0.6284797,-1.9055237,0.6168712
23234248,-0.45540893,0.2207383,-0.63415426,0.003139956,0.5581123,0.14001858,-0.53069973,-1.2125505,1.6473969,-0.8956349,0.13851157,1.8836284,-1.2139275,0.036174532,-0.03360535,0.19095583,-0.5046043,-1.4700963,0.2695314,-0.8959097,-0.013145501,-1.1091335,-0.35731423,1.8456452,-0.115925804,-0.4217043,0.052764546,-0.6614409,-0.93938965,1.0324861,0.4579396,-0.44984522
23234306,-0.5467021,1.7920747,-0.58805543,-0.16391857,0.63614255,0.27039427,-0.69909763,-0.7594621,1.2182134,-0.049465753,-0.333318,1.4762566,-1.1300732,-0.10510971,-0.81674135,-0.16471131,-0.53560984,-2.135286,-0.100730106,-0.05365345,0.068668194,-1.8996904,-0.61243415,1.706547,0.62906796,0.047179416,0.5937766,-0.28534645,-0.9706777,0.80248946,0.98641634,-0.6569822
23234326,0.4028313,1.1013262,0.66729736,0.606285,0.37640214,-1.687461,-1.742198,0.42581227,-0.49883246,-0.24045345,-1.7368623,1.1385518,0.42460248,-0.14794463,-2.5053384,0.3917311,0.96055335,-0.7363511,-0.6904914,1.0989482,-0.5845537,-2.2315416,1.2118045,1.6647375,1.2502264,-0.6679589,0.052124184,0.7430539,-0.16820687,-0.8748941,0.43519944,-1.092009
23237026,-0.4242537,-0.120952904,0.7088343,-0.04634063,-1.425082,-0.25803402,1.70212,1.6428087,2.915533,-2.1284952,-1.9764928,0.66123426,-0.1278136,0.14989898,0.18721578,0.03966935,1.4692509,0.6398738,0.57750773,-0.014823774,0.26554984,1.4026253,0.513484,1.8117303,1.4164113,0.73045945,-0.06232424,-0.7427724,-2.0501058,-0.41559574,-0.55213165,-0.4876801
23237898,-0.4466635,1.9539368,-1.483964,-0.8086736,0.7223824,-0.6494733,-2.2447698,-1.9821142,-0.39610046,-0.21722981,-0.4579219,-0.28084895,0.87219197,1.1240748,-0.76618856,-1.9192129,0.7060861,0.9875647,1.0751601,1.0341055,-3.2241457,0.4261306,1.0360515,-1.4951363,-0.4358939,-1.9590499,1.0493323,1.0007997,-0.93758833,-0.53152484,1.3851981,-1.1644641
23237904,-0.675995,1.7465223,-1.1938357,-1.3938502,0.7892978,-1.037146,-1.3720003,-1.8547305,-0.119786024,-0.095074184,-0.009407332,-0.08960891,1.231865,0.94781196,-0.36621732,-1.4958432,0.8682619,1.0638982,0.9816132,0.5291177,-3.0375643,0.12906647,0.53680724,-0.9492459,-0.5007325,-1.5227557,1.3944124,1.1109171,-0.97330064,-0.5208294,1.3546654,-1.9302871
23239697,0.15054244,-0.4132763,-3.5491552,-0.5182525,1.3352749,-1.4397366,-0.7893385,-0.93261486,-1.1668198,0.29234412,-4.2124734,4.146446,-2.5886314,0.34342217,4.155477,-2.6876216,1.7411126,-1.4777112,-0.0779089,1.1360211,1.7902316,-1.8211861,0.5505107,-1.025312,-0.086542174,2.472779,-0.13610445,-1.3726223,-2.2342324,-2.4290295,2.5301564,-0.22604832
23239786,0.43199372,-2.5020053,-0.6291436,-1.0153112,0.020357657,0.15758303,0.6177866,-1.0373636,-1.3859165,-2.348055,0.6891969,-1.29663,-2.4977727,1.4414382,-1.4767886,2.5132213,0.7184927,0.81085694,0.2579392,1.5146316,-1.3366083,0.9773181,1.0818361,-0.8769785,-0.13343471,-0.40680462,0.37016073,3.150541,0.41740572,1.0946954,1.3757124,1.5263884
23240791,-1.0561324,3.258192,0.23870477,-1.2169502,-0.71464777,-0.8482204,-1.9984397,-1.643742,-0.41075933,0.39511624,-2.5596893,-1.1578542,0.9755922,-0.92229784,0.47681278,-3.1241846,0.46667966,0.10844137,2.0287504,0.5918402,-2.3750055,-2.1705308,2.6256986,-0.037969276,-0.70499,-0.8071835,-0.1851575,2.8068023,-0.95471054,-0.5297753,1.8345469,-2.4061966
23242085,-0.19168542,-0.4777825,-0.6847334,0.21554953,0.282321,-0.09776352,0.37153438,-0.037692346,-0.71928924,-0.4831816,-0.7019779,0.011850368,0.7687393,-0.28800452,0.34810776,0.036332913,-0.17647728,1.3176242,-0.3287804,-1.2497044,0.121266276,-0.22073336,-0.49881408,0.12122581,-0.42857358,0.71568066,-0.54430157,0.1970154,1.1075591,-0.3141134,0.32875037,0.24063778
23242461,-0.59907407,-0.40481335,1.5017093,0.6438788,0.700717,0.92313653,0.8984437,-3.5917957,-0.14672346,-1.9567066,-2.1328056,-0.08517553,1.7937253,-0.69685775,0.9611164,1.9893606,-1.5173917,0.30433312,0.2832526,-1.8826268,0.25892246,-1.5382345,-2.3518622,-1.6222829,0.48038736,0.50689864,-1.2643756,-0.65869236,1.3834767,0.7489631,-0.8107497,0.7554881
23242634,-0.40252218,0.17053628,0.2848009,1.0740583,0.2403309,-0.10739486,2.071016,-1.9522688,-0.68693256,-0.35491234,-0.9725865,0.5691319,1.796917,-1.4578519,1.4312863,0.3476067,-0.38000935,0.7420492,0.75871336,-1.7998024,-0.01824388,0.2609965,-1.4810809,-1.6673498,-1.9209416,-0.28785926,-3.1752775,0.65357774,2.310627,0.45239508,1.429219,1.1055417
23242698,-0.2931215,-1.4956036,-0.06856656,0.24533194,0.584899,-0.3212712,0.58002126,-1.0999424,-1.469877,-1.9130663,-1.6052917,0.07270853,1.7409015,-0.28781056,0.69779307,1.604524,-1.3484547,1.4491569,-0.5658625,-2.4909627,-0.48837426,-1.6116377,-2.0891364,-0.4820134,-0.7238678,1.1701131,-0.8116415,0.6547285,1.5884868,-0.44437164,0.08366625,-0.5231661
23242722,0.19025445,-0.73895085,-1.3173956,-0.12374437,0.15172166,-0.10790032,0.7353423,0.012581893,-1.0330038,-1.7451361,-0.6651827,0.5766242,1.6339451,-0.034345098,0.3527522,-0.14506081,-0.13573286,2.4801083,-0.93512857,-1.0835856,-0.7960825,-0.07404705,-0.59831786,0.23494995,-1.6651316,0.12792245,-1.3173146,0.553053,1.6948187,-1.0117549,0.21215877,0.823864
23242965,-1.3598849,3.9094644,-1.0603709,-0.027999954,0.44081914,0.7130384,0.2540267,-1.9300961,1.6602813,0.13556617,-0.22037217,0.47148323,-2.0743713,0.98187256,-0.109506115,-0.8119741,-1.0334216,-4.528231,0.5840502,2.0081177,1.7877113,-3.6787374,-1.6351194,2.3665254,-0.0019110162,0.7062546,0.6865625,-1.2689601,-1.0540652,3.0139725,2.3951576,0.13803796
23243103,-0.21958178,3.0050035,-0.05829566,0.15030892,0.44987088,0.04866084,-0.5450777,-0.6786607,1.1281223,0.102037676,-0.009518769,1.1846976,-1.4496245,0.2577466,-0.5370496,-0.82413423,-0.34159097,-3.0660982,0.29202586,1.4875097,0.40346837,-2.6185162,-0.69587815,1.6478244,0.3051295,-0.0525707,0.6542068,-0.43559808,-0.9623085,1.8396269,1.547145,-0.052852347
23243139,-1.9581646,3.1282597,-0.5665556,0.24850781,-0.03108064,0.5045944,0.43427652,-2.067061,1.6713054,0.67584354,1.1146486,1.2378991,-1.3522731,-0.10471837,0.6453604,-0.39503628,-0.8011342,-2.4997096,0.14888607,0.60313445,1.1912875,-2.1587572,-0.92655575,1.3441738,-0.65126324,-0.06092392,0.27886817,0.45850742,-1.156697,1.8581551,1.0578665,0.64643204
23243160,-1.2294842,2.0688672,-0.20247385,0.1294353,0.1856578,0.12633777,-0.3125903,-0.96621907,1.1499361,0.5306919,0.12731516,1.0898497,-1.0184361,0.46692607,0.5140596,-0.40726963,0.106344864,-1.2503752,0.3218254,0.36539492,0.62477577,-1.3825427,0.0024117753,0.9378908,-0.3221845,-0.008747784,0.42191228,0.22315224,-0.8514529,1.1776017,0.6901099,0.06488539
23243184,-1.3438023,3.4161747,0.45923024,0.6308129,0.7810575,0.37664402,-0.45758164,-0.95454156,1.634945,-0.405869,-0.8173203,2.210666,-1.3478138,1.1396344,-0.83635604,-1.161307,0.324637,-2.9969938,0.28774905,1.839078,0.14451952,-3.455636,-0.4533078,1.5238761,1.1385156,0.14240777,1.0175002,0.09875853,-1.1042641,1.4238063,1.4432032,-0.17267066
23243221,-1.5893695,4.010441,-0.07992022,1.7309096,-0.060047872,-0.13260031,-0.08742273,-1.4720649,0.8482337,0.85605824,0.06580061,0.9422042,-0.95254546,0.44241694,-0.5583806,-0.55835795,1.0459621,-1.8042248,-0.17475303,1.676023,0.6668232,-2.840728,0.026916124,1.3187646,0.5075915,-0.09740436,0.8565123,1.3561567,-1.1800323,1.2753363,1.1668292,0.6735964
23243231,-2.3452811,2.181022,-0.59320605,1.9796607,0.26595777,-0.8098139,-1.1150367,-1.3950984,2.186061,0.13935626,0.61529064,2.3619874,-0.7685208,0.5622266,-0.685632,0.8327019,0.031053659,-1.0107543,-0.7533873,0.2918645,0.816546,-1.5388877,0.061699934,1.1583102,-0.29905573,-0.26466566,0.04424722,2.1466897,-0.94480234,0.026273007,-0.4023504,1.0252414
23243250,-1.2576362,3.0450573,-1.5094875,0.3888191,0.30301595,0.96633655,0.4498282,-1.2400252,1.89967,0.25761184,0.09644137,0.7317614,-2.267214,0.24953628,0.6645372,-0.79754764,-0.91181916,-3.0013423,0.710535,0.75099427,1.1712846,-2.001063,-1.3712258,1.7163289,-0.097197175,0.002158137,0.71777326,-0.8228212,-1.4179851,2.2714865,1.2755474,0.20093708
23243263,-0.552318,3.5902288,-0.4580087,0.17105307,0.538182,0.49045596,-0.3795033,-1.1468285,1.0458674,0.3138488,-0.6522678,1.1029209,-1.7267126,0.6947874,-0.40982762,-1.2428417,0.0931416,-3.5593812,0.5533817,2.090372,1.5065004,-3.5677965,-1.09055,2.2567677,0.7967138,0.108525574,0.81657374,-0.8170897,-1.2635685,2.2346652,1.9833444,0.06477369
23243280,-1.2970427,3.3804548,0.040260978,-0.3912336,0.6922062,0.8768384,0.108172074,-1.2805659,1.1797385,-0.21951333,0.15126583,1.166127,-2.0308547,0.9139817,0.1422167,-1.1300585,-0.25457007,-2.8134644,0.5795254,1.6052217,0.87393636,-2.9141605,-1.1830175,1.7426732,0.1988749,0.21497065,0.78280896,-0.43582273,-1.0458167,3.328914,1.9586118,0.40252683
23243284,-1.2826382,3.503057,-0.3598253,0.11999549,0.41174275,0.6810731,0.08494058,-0.8569203,1.1882861,0.9844725,-0.089285344,0.9475344,-1.6502215,0.55227053,0.001606483,-1.111081,0.1009265,-2.7268844,0.30265325,1.2842212,0.88658124,-2.5907292,-0.94064534,1.6463084,0.28705943,0.15601784,0.9937062,-0.015878767,-1.0158403,2.3209019,1.9948725,0.31986514
23243346,-1.221862,3.6007009,0.6300688,1.497069,0.5143085,-0.5044797,-1.2109175,-0.99849313,0.5920421,0.5823086,-0.9389652,1.7924758,-0.32549375,0.55276275,-0.81785595,-0.7405498,1.2714752,-2.2734683,-0.038241733,2.587962,0.6615758,-3.1148627,-0.044376664,2.2117362,1.0639349,-0.28770736,1.080389,0.881333,-1.3942275,1.1118263,0.9829637,0.7144948
23243352,-1.7102174,3.1524115,-0.908956,1.6073737,0.27496392,-0.16332641,-0.22647442,-1.6193961,1.2703162,-0.27804372,-0.07849339,1.8239329,-1.1194804,-0.054797854,-1.289935,0.3591498,-0.86622244,-2.7845654,-0.17628178,1.1008198,1.6458594,-2.7851648,-1.4021016,2.4473703,0.57845294,-0.42183897,0.8339203,0.7787931,-1.3212368,1.4005255,0.9164803,0.2696701
23243409,-1.2799181,3.8994727,0.15171939,0.11388974,0.2979101,0.27140447,-0.4648413,-1.4103016,1.2628272,0.5699979,-0.489831,1.3385024,-1.5055188,0.7322029,-0.42713454,-1.4782348,0.44971108,-3.662445,0.1685931,1.9174833,1.0015416,-3.213876,-1.1442779,1.6671985,1.0099026,0.20743638,0.8147337,-0.17120926,-1.1160756,2.2336237,2.0939605,0.20816444
23243431,-2.2440457,4.282493,-0.41282374,0.15302618,-0.260052,0.5937367,0.1920566,-1.4971404,1.100785,1.5980545,0.39604375,0.6724887,-1.5863632,0.92061013,0.29629645,-1.6230655,0.54157186,-2.974387,0.5310868,2.574688,1.7173334,-2.5119927,-1.3426105,1.6028774,0.512954,0.17809287,0.878097,0.1626457,-1.7195125,2.612237,2.3984041,1.1284375
23243440,-1.4581041,4.1535115,-0.082571715,0.37425914,0.3840801,0.39228797,-0.7237289,-1.2460212,1.0306774,1.0776197,-0.25127026,0.9023923,-1.1601982,0.7107908,-0.7842949,-1.5492768,0.6246839,-3.8700464,0.1631112,2.73921,1.7975138,-3.1493456,-1.5479878,2.1946628,0.9118677,0.07799357,1.0097153,-0.1564893,-1.49494,2.4750407,2.5005784,0.4349379
23243485,0.91465753,-1.305964,-1.1603105,0.5054502,0.18601008,-0.09204593,-0.24469487,0.4503897,-0.023727255,0.2626961,-2.7143338,1.7364117,-1.7930588,0.38948286,2.0318933,-1.6197203,0.11301342,1.4274704,0.28424135,1.6789172,0.3904066,0.06663732,-0.23277909,-1.1501116,-0.04590938,1.7756026,-0.93274295,-1.108277,0.12187113,-0.3770458,0.9147527,-0.5569625
23243713,-2.1526296,5.2986193,0.25881267,0.15696873,-0.14197385,0.25082108,-0.4270134,-1.319584,0.5912491,2.2414296,-0.40722576,0.15649462,-1.2818499,1.1974626,-0.5450046,-2.4374685,1.5986003,-3.861604,0.123064354,3.913544,1.8960369,-3.324881,-1.6411312,1.993073,1.6627927,-0.14737055,0.95696676,0.51942044,-1.402286,2.2866762,3.0414953,1.3106446
23243775,-1.7508435,4.8239884,-0.023369119,0.48808047,0.7722779,0.39674944,-0.22418411,-1.4861517,1.4281026,1.1475917,-0.43089852,1.1250888,-1.7442768,1.1981968,-0.1603965,-2.6824284,0.8730956,-4.3356643,0.5012413,3.1098402,1.2069957,-4.0028095,-1.9480462,2.2896438,1.5927378,-0.09111893,0.9908586,0.057903945,-1.4495419,2.9144228,2.9361582,0.96658516
23244525,-2.052776,6.650645,-0.040535495,0.45850086,0.70018977,0.64078104,-0.035940688,-1.5272179,1.2537351,1.8985629,-0.78113174,0.8898695,-1.875269,1.6671592,-0.53114444,-3.228107,1.3335596,-5.195002,0.7268331,5.3439655,1.6865559,-4.775338,-2.5929239,2.596366,2.176939,0.011830064,1.3029084,0.13854608,-1.4930379,3.034478,3.553562,1.7772703
23244601,-2.3008714,6.723596,-0.26002678,0.31246248,0.30242795,0.46230078,-0.26814854,-1.2719134,1.0672144,2.5359201,-0.7133281,0.29193944,-1.9652013,1.8641001,-0.28783938,-3.1736655,1.3891023,-5.3458524,0.2385448,5.282579,1.8289424,-4.1327457,-2.946954,2.2958903,2.2720191,0.18159989,1.1412721,0.5856492,-1.5281038,3.2601306,3.805726,1.7906065
23246079,-0.5731604,-0.7462982,0.7781133,-0.25845197,-0.010383394,0.0594564,1.7130623,0.26143008,0.42996413,-1.8949188,-0.2747981,0.19600487,-0.44564527,-0.24224235,-0.38020837,1.0900738,0.40391088,0.57993525,-0.031882674,0.28828636,-0.63075167,1.2039952,0.42430654,1.1701789,0.81121397,-0.21366836,0.5791016,1.0330887,-0.43133593,-0.23029405,0.09928817,0.55247104
23247270,-1.2884532,-0.5927698,0.31094152,0.5493276,1.7314987,-2.4210856,2.7994006,-1.5097756,-2.9544604,-1.5762025,-2.9624639,0.69189805,2.4241867,-0.8978648,1.9886847,2.1327991,-1.1734967,1.330448,-0.3190931,-2.8146584,-0.4120117,-1.8431362,-3.0396612,-1.0579741,-2.1117449,1.472908,-2.6088214,2.2924154,2.523009,0.86191326,2.151224,-0.5410983
23247284,0.31059214,-0.9899016,-0.6897745,0.41624787,0.8871355,-2.4908724,1.9188098,0.17113395,-3.0370166,-1.6039692,-2.1182957,0.8446991,2.0971007,-0.11699956,0.97409517,1.4566369,-0.49602637,2.2958279,-1.087471,-2.093072,-0.23866358,-1.5720757,-1.8199162,-0.14167082,-2.1064184,1.711451,-1.8928818,2.0521328,2.6593409,-0.09554881,2.3203495,-0.598155
23247611,-0.49195042,-0.42252964,-2.1151083,0.73295903,0.29786417,-3.1688547,2.252308,0.4405869,-2.924433,-0.03364227,-0.51357716,-0.34956133,0.8403146,-0.7832054,1.6742032,-1.4397922,1.2412201,2.7017977,-0.20843574,-2.5248473,-1.2979609,0.16483615,-0.4637232,0.640397,-2.8178642,1.306983,-1.4658921,1.9647229,2.6285443,0.054327082,2.6647031,-0.98126364
23248176,-0.0120304115,0.35876113,0.34285924,1.4519705,-0.8731642,0.5925875,0.16931525,-0.26405016,-0.09199411,-1.3731917,0.8080783,-0.4183446,-0.071918905,-0.89195526,0.70068556,0.13474873,0.1052715,-0.251707,-0.23215769,-0.5634641,-0.14839493,0.5719284,-0.6634192,0.87344325,0.47405517,-0.844797,-0.48896044,0.2762307,0.7128556,1.3407637,0.14726111,0.082021706
23248568,0.40713078,1.8416425,-0.96403426,1.7170583,0.74332774,-1.4366152,1.658935,-1.1974453,-0.9659321,-2.3094532,-0.9296428,1.4101547,0.9206664,-2.775568,1.2231271,0.6242144,-0.70833147,-0.27131066,-0.7602167,0.95114523,0.33275184,-0.576934,2.9887536,-0.4585073,1.2875208,-1.0083681,0.75047535,0.92962545,-0.65343726,0.68633956,0.10512531,0.5689324
23248773,1.4867557,1.4227417,-0.6147811,-0.52459085,0.22093923,-0.27605444,0.5322186,0.09986809,0.49897152,-0.28287965,-0.77774096,0.7249225,-0.2849901,-0.47980422,0.7017373,-0.4933677,-0.10196066,-0.96264166,0.1819185,-0.009551384,-1.5865752,1.3510032,0.33737624,0.74672467,0.46891207,0.5125824,0.4300486,-0.051602047,1.3804486,-0.09500556,-0.018065182,-0.6209636
23248879,1.9409775,0.77717733,-0.8074204,-0.4285708,-1.0061918,-0.088296056,0.95977354,1.3553469,-0.19903311,0.88565177,-0.71355385,1.1845759,0.46820036,-0.18566403,0.7938036,0.8296666,-0.29245797,-0.7577596,0.7653621,0.040576153,-0.99634784,0.7581937,-0.16203642,1.1760226,1.6364698,0.27080515,0.7141645,-0.9816907,1.2367064,0.7979585,0.49897552,-0.8721813
23248911,1.8327041,0.49990875,-1.2336339,0.68810236,-1.0889094,0.58847684,0.792112,1.3843983,0.25269264,1.0661262,0.42665914,0.92437065,1.0089877,0.7881301,0.2861511,0.9107599,-0.49798235,-1.7112565,0.66282517,-0.2357459,0.074242935,-0.28341833,-0.48247218,1.1733705,1.7773935,-0.14476943,0.14978695,-0.52647877,0.8492979,1.1278805,0.1978692,-1.2291807
23248958,1.0920924,1.6159018,0.4057259,-0.721621,1.0238296,-0.778323,-0.021403514,-0.2822568,0.82586527,-0.64574546,-1.2367274,0.6097793,-1.0619745,-0.5827584,0.96185726,-0.8994641,0.5240215,-0.60365075,0.3507364,0.49070045,-2.296741,1.7846849,0.33097443,0.44992983,-0.70758665,0.7092486,0.32007435,0.78500134,1.6857494,-0.24172811,0.18901382,0.10913669
23249009,3.4422543,2.7659192,-1.0834849,-0.44783595,-1.4910145,-0.7515163,2.0860898,2.1576679,0.014587998,1.6467937,-2.2926617,1.714082,0.7353941,-1.044439,1.2222941,1.6599067,-1.0473473,-0.81819016,2.3190322,0.38507712,-4.0174494,0.08008229,0.29612666,2.9608233,3.4486594,1.6177946,1.9680045,-1.9467155,1.8864467,2.2805676,0.75265324,-2.302453
23249015,2.80774,0.085879646,-2.355406,0.33260512,-1.765158,0.8554605,1.5656365,2.4419644,-0.23843044,1.1470304,-0.121544294,0.43402338,2.0213902,0.23511435,0.63535064,1.7659155,-1.5702662,-1.635969,1.0145416,0.12221869,0.3580123,0.03338896,-0.4630547,1.2505453,3.3566902,0.32190755,1.6505687,-1.2786418,0.38353884,1.3853766,0.58483046,-2.027466
23249026,2.4232874,0.94036865,-2.1893144,0.51792383,-0.32914492,0.52839977,1.6958548,1.2802731,0.068387866,0.56099313,-0.1463545,1.340343,1.4336858,0.031870674,0.92204815,0.32191408,-0.8696202,-1.7008184,0.29919428,-0.3580935,-0.18735431,0.4103886,-0.19310586,1.5090055,2.435287,0.5484652,0.8086277,-1.09207,1.161116,0.6183078,0.20037939,-1.898464
23249034,2.50799,-0.09068362,-2.018488,0.5943672,-1.7607048,1.348218,1.543658,1.9881431,-0.25559723,1.1411091,0.19523957,0.36094692,1.9956996,0.26005912,0.5363437,1.509856,-1.5192323,-1.7556025,0.84635705,0.018785559,0.3323427,0.085313,-0.55283755,1.2238752,3.077179,0.08561978,1.1158496,-1.0414857,0.43816426,1.2053223,0.53806496,-2.0454612
23249140,2.0094738,1.434068,-1.2874058,-0.13853002,-0.14420317,0.23804575,1.4745884,0.9912342,0.5179917,0.29694617,-0.6112762,1.2004077,0.4786807,0.31953096,1.2092228,0.3038861,-0.06383846,-1.1211302,0.4396893,-0.06565512,-1.4890465,0.8211395,-0.33340812,1.081137,1.3726827,0.2849685,0.79904974,-0.3570968,1.4756284,0.6855135,0.3905573,-1.2187206
23249147,2.4440312,0.73448765,-1.8993351,0.35670587,-1.6104736,1.2407341,1.5908046,1.2269434,-0.18377653,0.7432827,-0.1406883,0.3956063,0.95378655,0.94445753,1.0840522,1.6008512,-1.5900576,-1.6717544,0.9764768,-0.11556653,0.37593782,0.051665355,-0.33268782,1.1783521,2.960797,-0.3431441,1.7472351,-1.0712957,0.7706308,0.4574764,0.7917932,-2.3279164
23249155,2.5441105,0.23817067,-1.991109,0.447944,-1.081211,1.0057241,1.5430486,1.4422116,-0.06686151,0.70794547,-0.0430023,0.5240093,1.597275,0.14570156,0.7486987,0.96476436,-1.4693937,-1.5660841,0.9676822,0.26287907,0.25977263,0.29621834,-0.07990618,1.2410121,2.9943988,-0.002976982,1.3444266,-0.9978456,0.66737247,0.717607,0.51880765,-2.1709368
23249167,2.775121,0.61110336,-2.2446811,0.51875156,-1.0489001,0.9996645,1.5363598,1.3263646,-0.13675195,0.64780265,-0.085857935,0.3445801,1.4726955,-0.21638028,0.958878,0.90415376,-1.3777183,-1.6465582,0.5054815,0.105765365,0.3161993,0.6098188,-0.049958672,1.2654647,2.8509963,0.3262378,1.1181464,-0.9228638,0.76182914,1.1082257,0.476525,-2.1630144
23249227,2.5100577,-0.19710203,-2.1928658,0.67425525,-1.1610436,1.033351,1.6504387,1.1490549,-0.0018999577,0.59549713,-0.054589845,0.41287085,1.8693975,0.5681521,0.76719767,1.3451412,-1.6451862,-2.0158093,0.67757934,-0.35715055,1.0330955,0.31704926,-0.37211508,1.2952155,2.6169825,0.29192615,1.5985634,-1.2211998,0.5995725,0.6090963,0.40913332,-2.2301457
23249228,2.429604,0.8419957,-1.4196321,-0.33274618,-0.8023745,0.33720315,1.2142875,0.83737457,0.27941817,0.29847202,-0.92814857,0.20263037,0.3903099,-0.15769239,1.1282314,0.6975735,-0.8914288,-1.4425763,0.9098205,0.16670772,-0.6793398,1.0746952,0.102130935,1.1246141,1.9911643,0.3358837,1.7714117,-0.6273723,1.469623,0.15299411,0.6561665,-1.5256907
23249231,1.0875125,-1.274283,-1.1822282,0.59607524,1.2142638,-0.38854206,-0.053471226,-0.010471594,-0.5629783,0.19913599,-2.6166532,2.2318745,-1.8818343,0.7437518,1.9909105,-0.9392276,0.55447567,0.9263361,1.0463173,1.2402499,0.8156527,-1.1093911,1.0947257,-1.4064785,0.9276182,2.0686617,-0.56547844,-0.929102,-0.08412193,-0.50620186,1.6583812,-0.7078211
23249249,0.99510205,-0.7901926,-0.42168495,0.2727035,-0.14208506,-0.01986441,-0.3923942,1.1293507,-0.47569412,0.32673836,-1.354875,0.3736972,-1.3201891,0.5573888,0.80172855,-0.69731295,-0.5518187,1.739171,0.25266612,0.72135496,0.30672398,-0.31889874,0.07907301,-1.8797582,0.5212907,1.2425469,-0.62761277,-0.33897793,0.25554058,-0.45233378,0.72541714,-0.60602236
23249359,0.16214013,-0.61735463,-0.901192,0.15940112,0.549392,-0.08528645,-0.46008962,-0.18000068,-0.73315525,0.07286556,-1.9934889,1.8394768,-0.79041123,0.3799994,1.5682514,-1.2055767,0.72494566,0.27282858,0.38897872,1.0512178,0.44297403,-1.2061083,0.6238662,-1.5072045,-0.01751249,1.2237349,-0.07791194,-0.6708497,-0.38492098,-1.056821,0.9535169,-0.63350576
23249386,3.276952,0.4120307,-2.566195,0.55408835,-0.86124897,1.4344893,2.2110376,1.2934623,0.33029202,0.41928872,-0.59627503,0.44775054,1.7093306,0.8940546,1.0978755,1.5694101,-1.8252574,-2.07782,0.9136302,-0.0710162,0.74323374,0.52881986,-0.23848976,1.4412827,3.2137291,0.055965334,2.1060388,-1.0309107,1.097275,0.5055274,0.73086774,-2.8560965
23249429,0.7844565,-1.3695729,-1.332137,-0.14142737,0.9972129,-0.6686899,-1.1364061,0.16168003,-1.3374218,0.16968182,-2.9418008,2.1634674,-1.6518124,0.10833144,1.357663,-2.0476825,0.5318568,-0.034467936,0.22029915,1.6262743,0.021173852,-1.3000379,0.43633714,-1.2438552,-0.38524246,1.3656743,-0.6138542,-0.84395856,-0.7253751,-1.2826904,1.0971478,-0.95288235
23249524,3.4566195,0.834822,-3.2187872,-0.2710285,-1.204899,1.0611748,2.0424654,1.2201672,0.37346837,0.74522954,-1.8675917,0.27892518,1.7130463,0.6900812,1.5952965,2.3766418,-2.5207078,-1.9529332,2.4530153,0.54391783,-0.4528488,1.1606723,-0.23681857,1.9690984,3.4353554,0.49255165,3.8338053,-1.4871689,1.5076517,1.4286617,0.905661,-3.262768
23249613,0.13529888,-0.835127,-1.9081947,0.18002763,0.61838555,-0.2845277,-0.7654469,-0.1784534,-0.8359867,0.3210792,-2.6346085,2.5354834,-1.0557507,0.6437994,2.259828,-1.2652838,0.555202,0.20247751,0.58422184,1.1756711,0.3242741,-1.5867841,0.9077352,-1.6672522,0.072848246,0.7071736,-0.31350496,-1.376391,-1.1559477,-1.4186596,1.3015016,-0.68695116
23249647,3.3024995,0.603066,-2.9467118,1.0130296,-1.2410905,1.4559789,2.059465,1.9299337,0.4277742,0.7507172,-0.49247316,0.28300488,2.065472,0.7059637,1.4519672,2.4637866,-2.1010401,-2.5095003,1.8196158,-0.001410611,0.2848492,0.3557429,-0.7289902,1.4292551,3.8626454,0.27530724,2.037545,-1.2678559,0.77394706,1.1040852,0.8414117,-3.6136181
23249673,3.2688634,0.047344275,-2.6864195,0.23091097,-1.3226314,1.2281747,2.1673536,1.6943792,-0.0045093894,0.33286148,-0.7496118,-0.2386119,2.0087464,0.2430427,0.9629521,1.5469925,-1.9852155,-1.9236695,1.0398855,0.28990382,1.1192063,0.68012947,-0.11308938,1.3830127,3.4691787,0.42776948,2.4955187,-1.4725244,0.591763,0.52507246,0.5311764,-2.7652733
23249779,3.3331785,0.23546515,-3.3405528,1.2240568,-1.0435064,1.5357485,2.3497267,1.4399751,0.10822579,0.46367478,-0.64752686,0.33138815,2.383505,0.97288436,1.0997567,2.1337237,-2.323684,-2.4031003,1.3174152,0.3678863,1.0822772,0.06090312,-0.42715314,1.614988,4.0376835,0.08623496,2.5076807,-1.1893694,0.99643606,0.39610106,0.7118675,-3.6497478
23254368,-1.393526,0.4753025,-4.3557343,0.86943966,1.2679142,-1.360281,0.066906705,-3.1084278,0.71134496,0.39401162,-5.3795586,5.4657006,-2.2359588,1.6327618,5.9270434,-0.37782705,2.559874,-0.2085754,1.0284275,0.75416327,2.4846537,-0.6528113,1.0670424,-0.40226024,0.38258398,1.590118,-0.20392753,-3.0882056,-2.423813,-1.6124276,2.8955505,-0.27743047
23255367,-0.6346885,-1.742215,2.9192631,1.4387381,-2.560991,2.9346955,-1.4134611,2.929218,-0.5396128,2.2239666,1.6705575,0.19882086,-0.7389341,1.4894222,-0.053484883,1.4937047,-1.8277247,2.712059,0.65473104,-1.4982799,-1.8006011,0.14345025,-0.5526241,-4.0762124,1.97521,-2.5312588,-1.8087251,-0.7841525,2.9352536,1.2858895,0.71262103,-2.9410908
23255566,-1.103997,0.28141436,1.1374246,-1.5934373,-0.16543658,1.9255702,-2.3028214,0.39449024,-0.903617,-0.59938073,-0.32887927,0.86285603,1.5198033,-0.40073133,-0.3491624,-0.5567124,0.84580946,-1.2133415,-1.7916704,-0.02022031,-0.38241068,0.43196446,-1.2742887,-0.7849039,-1.504662,-1.0922639,0.057831362,0.48263645,-0.8155446,-0.19842759,-1.1579851,-0.9868365
23255801,-2.473544,1.8727454,1.4703022,-1.6394849,-0.08543874,2.685304,-2.9841232,-0.9724088,-1.465041,-0.69975245,0.7946957,1.437401,3.0238473,0.28074872,-0.5788639,1.1396649,1.7603056,-2.8170047,-1.8211795,-0.6780418,-0.45061502,1.1362219,-1.5983148,-1.0932633,-1.3763463,-2.9954011,0.97362417,0.44799435,-1.5284688,-0.4542103,-1.4645327,-0.71930003
23256352,-0.921202,2.9913054,-0.22403398,0.2536492,0.24131036,-0.12002474,-0.9954021,-1.0736736,1.6278551,-1.1567603,-0.5471517,1.7627617,-1.4261903,0.44705814,-0.8956069,-0.55464923,0.14893728,-2.6104498,0.10854109,1.3406649,0.38609883,-3.2451327,-0.7657947,1.6705015,0.9055827,0.14997846,-0.16779234,-0.54121697,-1.1480225,1.4586077,1.37295,-0.64883876
23256441,-1.2924236,4.8169947,0.16161624,0.7216879,0.57103616,-0.01562975,-1.6132873,-1.4276019,1.78253,-0.019145275,-0.38773975,2.2561934,-1.631035,0.9891734,-1.4630734,-1.5581766,1.4301049,-4.522224,0.19300278,3.325543,1.1646497,-4.6549683,-1.5544143,2.7875621,1.7930803,-0.13232708,0.1303309,0.22926594,-1.7752479,2.388242,1.9526476,0.7677481
23258463,1.2526114,2.1163635,-0.74574083,-0.82097477,-0.92378485,-0.25640756,0.6941861,1.259653,0.3880656,0.71624464,-1.1650745,2.0217233,0.13490789,-0.15606639,1.4677268,1.3274715,-0.8586219,-0.4222517,1.4900612,-0.55683553,-2.4868395,0.55385244,-0.45199186,1.5478722,1.4975892,-0.29546392,0.49443847,-1.1630437,1.6503674,1.193381,1.1866409,-0.45772126
23258492,1.7748506,1.2357514,-1.942319,-1.224608,0.11268912,-0.6972104,1.7161872,0.28192994,-0.2184512,-0.5376414,-1.8595971,0.80822945,0.19695851,-1.3901544,1.0959021,-0.16864546,-1.0160239,-0.5224989,1.1083412,-0.38498122,-2.4043903,1.9676453,0.16879798,1.3714138,1.1238679,1.2057085,1.4711647,-0.93412983,1.5856361,0.07112332,0.21125822,-0.4583904
23258622,2.0089872,1.6824396,-1.8142352,-0.91763395,-0.7425641,-0.6119464,1.8083568,1.26946,-0.2615683,0.24583282,-1.6173371,1.7223482,0.3894166,-1.002139,1.4123518,0.6000796,-0.8906508,-0.0066944156,1.3862351,-0.34220833,-2.5944738,1.16109,-0.43126962,1.4616575,1.9554464,0.52530116,1.106914,-1.4755762,1.7680581,1.3596267,1.1128585,-0.7314899
23258627,-1.8244106,2.008465,-1.5456278,0.13270153,0.32964694,0.78042835,0.38429326,-1.6012776,2.8083243,-1.0198938,1.4168078,2.0356038,-1.9452488,-0.27921224,0.9658796,0.15768592,-1.9970804,-1.8346479,-0.10358952,-0.88750607,0.97403675,-1.5144281,-1.5719765,1.287144,-1.0007094,0.12456258,0.054525416,-0.32010514,-1.5217015,2.0082462,0.6644925,0.39891675
23259710,1.4508357,0.9300451,0.08196483,1.2585202,-0.0233162,4.0546227,2.4195802,-3.0889714,1.4352269,-2.0145714,-1.6636587,-0.35069555,-0.23973729,-3.145261,-2.2824433,0.69146174,-0.9194743,-0.07575215,-0.3574561,-2.0826108,0.10899316,-0.97927237,0.40173247,-1.7399043,-0.557016,1.4923792,-0.045776717,1.3058467,0.24626079,0.89314014,-2.915145,-0.21365893
23259845,-0.6402226,1.1669809,2.0438354,0.24850883,-1.4057418,-0.07697784,-0.23229396,-0.36346382,0.39749032,0.30621085,1.2225391,-0.73354644,1.9684231,0.68686604,0.44185367,1.1007904,0.0049943216,-0.05857274,-1.2213578,0.022232573,1.4364464,-0.35785997,0.4066614,1.1728169,0.24555291,-0.79909986,-0.38772866,0.18604243,-0.068793304,1.3528385,1.2543827,-0.7240723
23260014,0.05297453,1.1789682,1.1957291,-0.50951934,-1.2736228,0.11805118,0.8634365,0.67787266,-0.9791765,-1.0033407,0.7731997,-1.7444727,1.1910883,0.8622567,-0.4719378,1.1382359,0.6237828,-0.6574996,-0.4310975,-0.99473345,0.26429522,-0.047484018,1.0001823,0.74954784,-0.6917733,-0.6937755,-0.640058,-0.9155008,0.53993756,1.2314761,0.6655492,-2.0167708
23263318,-1.5409579,0.08549972,-1.4003454,1.1797146,-0.48002476,0.013332363,-0.080544725,-0.71676105,1.9124674,-0.03481113,1.1067885,1.40194,-0.50023836,-0.1711342,0.77559763,0.65763134,-0.3510443,1.539384,-0.7625054,-2.2659454,0.012074044,1.075809,0.95662665,0.035504922,-0.7768848,-0.05233188,-0.4172635,1.0457298,-0.815962,-0.3674193,-1.0263991,0.23402306
23263764,-2.715681,0.47225937,-1.4111147,1.2915099,-1.4291471,0.6061531,0.19932856,-0.9995711,2.380641,0.7706069,2.2584553,1.4283655,-0.25646397,-0.10961264,2.1917818,0.32476568,0.2735132,2.5446286,-1.1005583,-2.565761,0.33400965,2.2941606,1.027385,-1.3539432,-1.6912098,0.48879984,-0.6674998,1.9760464,-1.3875186,-0.0755121,-1.4274434,1.5425622
23266073,-4.32724,4.375053,-0.7025532,-1.7253658,1.1069895,-0.0131220445,1.232199,4.346988,-1.3506972,-0.8291354,0.7447945,-1.1957017,5.4377794,-0.20396198,-0.41910058,2.4386115,0.8196242,-1.7001035,-0.7499264,-1.2660184,2.3375852,4.2675233,1.2940831,0.6108788,1.9634064,1.9173586,2.8002641,0.864604,0.1916421,-0.8056359,0.8428666,-0.048527118
23266151,-2.6199768,4.1299767,-0.58087766,-0.40657112,0.51791334,-0.024059258,0.3164177,3.1162202,-1.3718162,0.99874777,-0.96796405,-0.42845893,3.3860116,0.18007399,-1.3917375,2.271389,-0.3789069,-0.3683185,-0.4791616,-2.2663517,1.9671795,3.3479342,0.6377693,0.9388078,2.4498355,0.06213656,1.5739638,0.7074203,1.3334496,-0.88535017,0.07240692,-1.8258846
23267489,-0.88386893,-0.62847525,-0.70210457,-0.06279722,0.9606189,0.24392493,1.1081852,-2.0852804,-1.3221275,-1.6177433,-1.1414971,-0.57391316,1.0221816,-0.59436905,1.3712014,0.35270798,-0.26127324,2.1102805,-0.29641032,-1.9581473,0.055617422,-0.64585763,-1.1364312,-0.3669389,-0.7318063,1.0332414,-0.8658298,0.4619002,1.766527,0.1796482,0.029940605,0.7618705
23267747,-1.6400301,0.7910021,1.5326647,-2.2782276,-0.05600358,2.6896594,-2.8976572,-0.14431168,-1.4751954,-0.88370854,0.66152465,1.1577555,2.679554,-0.33958697,-1.1459022,0.21926834,1.6021805,-2.5576577,-1.9590904,-0.49702284,-0.769845,0.5479328,-1.225683,-0.7766341,-1.7080976,-2.176654,0.76873344,0.8958462,-1.5318784,-0.6252743,-1.7188195,-0.9824907
23270045,-0.13382354,0.23723051,-1.9515015,0.86481714,-1.1462516,-1.0068146,0.12949766,0.721908,1.5533117,-0.62384737,0.065152645,-0.6504823,-0.67721397,-0.560641,1.1346092,0.5038562,0.016953167,0.91094494,0.78806233,0.3395473,-0.024624396,-0.5679735,0.089968294,0.35747057,-0.50231683,0.7318932,0.5723485,-0.37726903,0.32558572,0.2220254,0.10889823,0.6987109
23270170,0.3604652,-0.6506785,-0.006340134,-0.58896905,-0.3408479,0.060077418,1.2362227,0.14779332,0.2169038,-2.1345124,-0.719547,0.4620056,-0.6014385,0.57103986,-0.6229076,0.9685,0.76680964,0.19283997,0.9268408,0.5686703,-0.63092285,1.3547155,0.7021507,0.26492462,0.5712823,0.46593952,-0.1960611,0.92555165,-0.18796891,-0.15044558,0.101083465,0.59941894
23270216,-0.548537,-1.6159885,-0.4275044,0.04495129,-0.27594554,-1.6213933,2.4733174,0.4940252,1.5128772,-1.9979985,0.8408511,-0.43947256,-2.0589502,-0.6356948,-0.03137154,2.0685897,0.010325175,1.6388158,-0.074297965,-0.25846305,-1.1471095,0.77647966,0.92458504,0.30322558,0.170543,-0.7263893,1.6539869,0.8323461,-0.19897902,0.40218407,0.86274004,1.8922514
23270417,1.681743,1.1886973,-0.87553185,0.79672873,-1.1956551,1.0425947,1.1112459,1.805334,0.32314402,1.3684961,0.39666164,1.6836828,1.0459931,1.440332,0.46397656,2.1674948,-0.48014787,-1.6863369,0.61945903,-0.4621139,-0.19509126,-0.40648985,-0.8284699,1.2802855,2.008195,-0.77079433,0.7290436,-0.55873495,1.3695484,1.4895377,0.5878283,-1.6624749
23270440,-0.3870924,-1.3730321,1.8359834,-0.40882307,-0.73839796,-0.12204517,3.6302004,0.6700883,1.7244357,-3.202072,-1.2111459,0.9274926,-1.1070743,-0.56250703,-0.7442682,1.4076262,0.7282169,0.79573816,-0.59521115,-0.33606148,-0.554386,2.4985418,1.4146649,1.7057317,1.6961844,-0.33342755,1.2864467,0.9584056,-2.2335048,-0.28818965,0.33893204,0.8451561
23270448,-1.4783862,-0.8785175,-0.92499655,0.5811471,-0.56787586,-1.48785,2.5929801,1.1321989,2.167901,-2.068657,0.52828234,-1.1979514,-2.1812885,-1.0261365,0.39180502,2.3412514,0.26519415,1.6163763,-0.918671,-0.1396493,-0.6015002,0.79722685,0.27079296,1.3467232,0.3666396,-1.221045,1.5036845,1.4841473,-0.84699214,0.65128,-0.010498872,1.7626401
23270672,-4.620617,6.324528,-1.6164815,-0.0218663,0.26693445,0.7644081,1.6149471,4.000934,-0.2355446,0.10445551,-1.7056371,0.47312486,5.4393506,0.5125026,-0.23607317,3.0116057,0.14346996,-0.5364476,-0.03248001,-2.0913706,2.8992136,4.952003,0.7593801,1.4379641,3.1428018,-0.08904745,2.0358112,1.4671922,2.2454243,-0.9817834,0.6653444,-1.0725609
23271199,-0.1552741,1.1992774,-0.7634581,0.33497092,-1.4697052,0.20092236,1.555317,0.7804885,-1.4935644,-2.225964,-0.17217793,-2.500647,-0.5651113,0.68946654,-0.18401729,-0.015135784,1.2084116,-0.18484926,0.698457,-1.4082079,-1.1828288,0.67510486,1.5541708,0.09502625,-1.3523579,-0.470481,-0.35053834,-1.557063,0.65610856,0.9371687,0.2826537,-2.6997654
23271258,-0.30578604,2.1152723,-1.1031272,0.34169188,-0.6540772,-0.87545544,1.6528548,-1.7217396,-1.3189642,-3.122346,0.010190554,0.21022229,-0.055113517,-2.1719372,1.1833754,-0.48951092,-0.8408824,1.6430951,-0.21297096,0.717507,-0.45661563,0.2547558,0.96678114,0.6729609,-0.12596008,-2.6372266,-0.17189999,0.8223365,0.59242755,0.92899853,0.09637919,-0.32032016
23271285,0.22302997,0.9720322,-1.3892435,0.42491367,-1.2724607,0.5391203,1.6741134,0.8178633,-1.769297,-2.7078197,-0.52282095,-2.7202592,-1.0390908,0.80054814,-0.17367874,-0.6290001,1.468245,-0.117810905,1.4370899,-1.7217133,-1.8531797,0.3372028,1.9592186,0.053835005,-1.8217827,-0.42038655,-0.3828222,-1.9608046,0.25031164,0.31095374,-0.13647558,-2.7506115
23271494,0.5576083,-1.094132,0.5505092,-0.8457287,0.8712598,-1.1731906,-1.1520674,1.9932429,-0.99517816,0.39703542,0.35312536,-2.6442142,-0.2921174,0.97392267,-0.95498264,-0.02423958,-0.60662806,-0.08601503,-1.2539575,-0.6078395,0.15539932,0.7744527,0.7301606,-1.2438549,-0.68349195,0.662138,0.5662041,-1.154151,-0.80677134,0.095171556,0.42139804,-0.27676886
23271571,0.27419296,-1.0410479,0.49371603,-0.8048371,1.2091645,-0.6309086,-1.4845673,0.98672265,-1.1441804,0.3995072,0.17808156,-2.1018903,-0.5895317,0.8788409,-0.7527251,0.12436202,-0.10910054,-0.3416263,-0.76990384,-0.586025,0.13972148,0.23103018,0.5036847,-0.6761098,-1.0296242,0.73980814,0.09038091,-0.81709296,-0.5155525,-0.08634785,0.7899455,-0.48214054
23271848,-0.18942374,-0.6502629,0.71125174,-2.117509,0.6840757,-1.0750091,0.09158909,1.0051258,-0.5315356,-0.7590513,1.7547811,-2.307667,0.0718674,0.43765166,-1.0119727,-0.4246603,1.7066338,-1.5184498,-1.7230119,-0.49063423,-0.28788933,0.50322264,1.4224435,-1.8347133,-0.38606718,2.902794,1.3839527,-0.27205855,-2.7764683,-0.031621013,0.8901901,0.5543791
23272009,-0.9777194,2.2014022,1.5775175,-2.6074574,-1.6604586,-1.2327583,-1.7440082,-0.952993,-2.1925786,1.2935522,-0.7874623,-0.8377005,1.8363069,-1.9052058,2.8968987,-0.8618339,-1.1806525,1.1864337,2.4180853,-0.18753588,-0.42492732,-0.9946462,0.693435,0.38925868,-0.5777944,0.47897378,-0.84283406,1.940162,-1.097729,0.32499436,-0.13055617,-1.499288
23272270,-2.406519,3.4100556,2.3163183,-3.544259,-1.3687559,-3.2522345,-3.3076231,-1.6101276,-1.9617414,1.8648682,1.3029195,-0.15674531,3.7908556,-3.2191823,4.768607,-0.73936486,-2.1638162,3.2151773,4.122634,-1.0481188,1.0377795,-1.8730302,0.16070487,0.83729583,-2.4728863,0.43450543,0.24616222,2.355102,-2.7866776,1.051986,-0.482603,-1.9454772
23272522,-0.08882637,-0.7526302,1.972423,0.8104515,0.71566015,2.0184896,0.20651647,-4.5242357,0.9367094,-2.9510984,-2.280655,-0.07139596,2.8237205,-0.83602566,0.16060072,2.7773738,-1.8086774,-0.3187135,0.7036021,-2.0566223,-0.057901353,-1.5659915,-3.0490198,-1.5865241,0.32689193,-0.0014091842,-1.4847598,-0.97512853,0.92783254,0.23513688,-1.8836786,0.95763975
23272653,-0.24295805,-0.9714411,0.44125533,0.7006571,0.8957936,-0.99258953,1.2989246,-1.4335382,-1.7916043,-1.8504273,-2.0570326,0.27267882,2.0540738,-0.4316433,0.8650179,1.0647163,-0.58885854,1.1400911,-0.24851617,-2.0367088,-0.12210284,-0.96644294,-1.9169465,-0.5589142,-1.362247,0.76371515,-1.4730303,0.7654947,2.2536988,0.1453145,1.0058889,0.025398575
23272662,0.046724763,-1.0891109,0.17894113,0.122471616,0.36270157,2.3032885,-0.14334393,-3.3940973,0.33675817,-2.7300606,-1.147128,-0.13896373,2.2004151,-0.22619727,-0.37288997,1.422443,-0.9064472,0.82544714,0.09748107,-1.7106003,-0.25061366,-0.6181579,-2.0876358,-1.0310674,0.27462727,0.0646182,-1.0015491,-1.0343333,0.5310291,-0.7146508,-1.7898765,1.801513
23272684,0.7977149,-1.0793915,-0.49991763,-0.6586832,-0.17431864,2.2845027,-1.1966743,-1.4165817,0.25838467,-2.33969,-0.06643929,-0.11357777,2.005368,0.205289,-0.2648704,0.54532534,-0.4451286,1.6519545,-0.49318963,-1.2742684,-0.6396775,0.759766,-0.6207056,0.14441949,0.32904717,-0.045286197,-0.4466848,-1.0629817,0.65896845,-0.83859223,-1.1106576,1.4898744
23272800,-0.44639394,-0.91466254,1.4002151,0.78403044,0.79123163,0.8317161,1.111632,-3.9979856,-0.13132963,-2.7928638,-2.0063725,0.5613499,2.823583,-0.6051397,0.9102535,2.2738502,-1.6057146,0.66726255,0.55688655,-2.135296,0.035173416,-1.1133896,-2.6155956,-1.6140037,-0.48642653,-0.14266671,-2.0398655,-0.15193976,1.506259,0.27207625,-0.63848686,1.3310633
23272866,-0.8379895,-0.6172616,-0.11218917,-0.2746373,1.4450383,0.4981216,0.9278737,-3.0792892,-1.465878,-2.2259102,-0.44282964,0.40847042,2.247324,-0.5354011,1.0604522,0.7720907,-0.15246671,1.6319414,-0.5410744,-1.9516121,-0.8045894,-0.58475816,-1.818932,-0.34259373,-0.99574775,0.5131918,-1.6481895,-0.012437718,1.6455514,0.108562216,0.3858356,1.088402
23272873,-0.28276965,-0.65310377,0.69173753,0.08037281,1.1777427,1.1056992,1.1954457,-3.6377294,-0.18029904,-2.6048062,-1.7693912,0.3859211,2.5655518,-1.1793905,0.8586944,1.4426486,-0.8243558,0.8010629,0.4675054,-1.4335513,-0.6537802,-0.8146719,-2.6708798,-0.9194823,-0.6965653,-0.04911382,-2.2758577,-0.44558695,1.4460988,0.19714521,-0.45259178,1.4930096
23275420,-0.9497924,-0.5710707,-1.5379217,0.89562875,-0.31514037,0.84930384,1.3718164,0.3711368,-1.6692482,-0.82921195,-0.103967056,-1.105714,-1.2753142,0.28355712,0.09992197,-1.6502177,1.2337238,0.27898365,1.3517597,-0.4652448,-1.0508486,-0.3276503,1.4314661,0.06608755,-0.6673054,-0.6223035,-0.53124297,-1.3603369,-0.5400716,0.87065625,-1.6784189,-1.6391457
23275539,-0.69298345,-0.50564283,2.0890305,0.8987349,0.7306208,0.86544794,1.260269,-3.477522,0.19810426,-1.7825556,-1.9783782,0.67461795,2.3439593,-0.92152804,0.7869821,2.1829472,-1.3253698,-0.14895464,0.34018594,-1.4403828,0.21499431,-1.0165747,-2.6711752,-1.6227826,-0.42975298,-0.033765163,-2.6582866,-0.09054251,1.480256,0.5934659,-0.022888482,1.2301354
23275990,-0.3329066,-0.041905764,0.4972531,-2.2402956,0.7795664,-1.4248939,0.49852103,1.6299886,-0.43391812,-1.4162948,2.1774516,-2.388871,0.46215752,0.27539682,-1.3297197,-0.29647806,2.339106,-1.8995069,-1.2055314,-0.59015274,-0.14501217,1.2427325,1.4040892,-1.8819131,-0.011821611,3.4969687,1.4344053,0.38328063,-3.3842742,0.40756512,0.62202066,0.99513996
23276612,0.22372907,2.3825905,-1.350419,-0.64387876,-1.5444385,-0.7544793,1.41847,-1.615215,-1.0570768,-2.49276,0.21781063,-0.53045547,0.64619607,-2.0682898,1.0899074,-0.4854323,-1.2098094,2.0290256,-0.5164562,0.91195154,-0.5098996,0.5013408,0.5613824,1.4260759,-0.12841293,-2.5742059,0.36984324,0.2948572,0.07975769,0.31175697,0.78630364,-0.5631162
23276892,0.3426783,2.7080634,-2.050564,-1.39663,-1.0485718,-1.2203915,2.0611696,-1.7384253,-1.391374,-2.343026,-0.5263846,-0.24769263,0.813732,-2.4846432,0.66315985,0.10102582,-1.2346627,2.6053472,-0.27786297,2.0884724,-0.1792041,-0.16445798,0.3973531,1.114794,-0.37056333,-2.5955198,1.1692429,0.59920484,-0.551612,0.064289354,0.4017721,-0.7640018
23277161,-0.43642044,0.22837028,0.33930203,0.231323,-1.9771566,-0.55926156,1.8394061,1.4523185,4.148772,-2.7147331,-2.4197724,0.75230104,0.23638108,-0.078425825,0.5380044,-0.7257896,1.0082638,0.6470032,1.2073807,-0.6587063,0.42258763,0.876194,0.94285196,1.5224128,1.380279,1.0829937,-0.043721348,-1.9846994,-2.468811,-0.9753942,-0.22121917,-0.29611224
23277238,1.7226447,3.2570784,1.0516521,-0.3278282,-3.025487,-2.3765044,-0.13404767,0.87229705,1.8439336,3.4484644,2.3760722,1.4985721,-4.567342,2.515342,-0.13602108,-1.1396725,-0.6238517,-0.86927444,-2.2251236,1.6822562,-1.1488043,-3.5867922,0.80436707,-3.0702744,1.1360435,-0.24548861,-1.720089,-3.9486916,-3.2593043,-0.88985944,-2.2043579,0.9853979
23277919,0.2555425,1.0523764,0.13144825,-0.5656066,-0.8080272,-1.8220685,-0.61256576,1.1654737,1.4002053,1.5124229,1.4065075,0.94999677,-2.6809556,1.2873708,-0.32193437,-0.67452073,0.03613852,0.4484433,-0.6301208,0.53586084,-0.6649525,-1.8304938,1.0046797,-1.0823268,0.4639804,-0.5971719,-1.044206,-2.2859204,-1.6284641,-1.2371656,-0.6130025,0.57108593
23278099,0.3251473,-0.3109392,0.42211384,0.8063313,-0.5388594,1.8371428,0.21497306,-2.165378,0.8994695,-1.3147045,-0.5595771,0.062208947,1.4400183,-0.77083653,-0.15142739,0.45237684,-0.9126427,-0.18597354,0.5482593,-0.98477995,0.47427627,0.18797535,-1.1781745,-0.89446217,0.07650046,-0.15491615,-0.7059603,-1.4161848,0.6670295,-0.28535402,-1.4070672,1.8286064
23278177,-0.07065773,-0.061282277,0.8568306,0.1401439,-1.4250656,-0.03175222,2.0345414,1.1804156,2.9312987,-2.2969794,-2.1150331,0.8305689,0.084467836,0.57297647,-0.12753639,0.10122596,1.6392248,0.18489188,1.2021605,-0.56041026,0.57797796,1.2648867,0.79721886,1.4087981,1.7607145,0.7157396,0.111728296,-0.30322024,-2.2508998,-0.25163162,-0.48640174,-0.2924715
23278314,1.6896405,1.8159133,0.36466953,1.2229412,0.46209076,1.0068221,-1.1716367,-0.9927878,0.42186755,1.590677,-3.0660546,-1.9877007,0.3663574,0.81422603,1.2549673,0.7347985,0.5658062,-0.8700047,0.43799764,-0.6278062,-2.4924157,1.1649678,1.3891013,-0.5235004,0.59418046,-0.87416553,0.18915541,0.7983426,-0.81071013,-1.8688506,1.1406989,-2.2396615
23278481,0.004501097,-1.4309611,0.5935541,-2.220953,0.59054697,-1.6354686,0.21802212,0.5577368,-0.47340804,-1.0709089,2.272181,-2.3300471,-0.71020395,0.56916046,-1.18861,-0.5160674,1.7622862,-1.6830565,-1.4112049,-0.24099436,-0.58805513,0.1140915,1.4107255,-2.1733384,-1.0485423,3.0719118,1.0368521,-0.173707,-3.021567,0.33928314,1.1976092,1.6332082
23278516,0.95523816,1.9274634,-0.0992653,0.20778194,-1.3844467,-0.8415945,-0.8573938,0.64025086,2.1555102,1.012203,2.0627263,1.7059263,-2.384465,0.1856429,-1.2240666,-0.2742283,-0.2910449,-0.5277284,-1.3449023,0.31480885,-0.8590058,-2.4595213,0.6761359,-2.9863317,0.4463691,-0.26723507,-1.3276188,-2.629536,-1.9599614,-0.75630003,-2.1085956,1.2717904
23278550,1.3153131,0.57834136,-0.9025312,0.18355118,-0.40133202,0.24179322,0.62150294,0.42346874,0.48568875,0.42305297,0.2257114,1.1843306,0.35137162,0.5094472,0.6445467,0.51610166,-0.4075107,-1.0136465,0.15609847,-0.29054496,-0.496445,0.43213993,-0.034823965,0.7915446,0.83154345,-0.06193909,-0.032779835,-0.20127563,0.96831226,0.47189888,0.015272642,-0.43157172
23279119,-0.77264297,1.1753435,-1.219096,1.5166578,-2.167131,-0.7992683,1.3199451,0.9130758,3.9350271,-1.1659012,-0.9238295,-0.55355954,0.20653896,-0.8000663,1.3386102,-0.19141953,0.62440383,1.1088321,0.64078915,-0.6910002,0.8881447,-0.34723377,0.120169446,1.1496636,0.66812843,-0.14960374,0.8815869,-1.6621495,-0.90942633,-0.19199488,-0.099486046,0.16313462
23279218,0.21985848,-0.2073187,0.17455895,-0.1855724,-1.2830493,-0.15666854,1.4363962,0.6564401,2.3038275,-2.310492,-1.453973,0.7225367,-0.3729191,0.7211736,0.22428718,0.31214458,1.2413318,0.6387225,0.9136381,0.1451003,0.1197036,1.1638083,0.92430633,1.0084356,0.98614544,0.5770303,0.022546196,-0.17018509,-1.4439812,-0.26290554,-0.27437323,-0.09723849
23279230,0.4176079,2.3007178,-0.80282766,1.914287,0.42696968,0.94059294,0.23850904,0.12507308,2.0095117,0.6738222,1.2539853,2.9550872,-0.0016394593,3.3173296,0.29346776,0.75461966,0.25325274,-2.6191378,0.18386762,-1.5843645,0.33305854,-1.3720554,-1.0007455,1.8070368,0.5088712,-1.6461363,-1.6954709,0.95929664,1.871343,1.2367082,0.42767572,-0.32676396
23279242,-0.19153643,1.195584,0.12274146,-0.84820205,-0.22576964,-0.44786048,-0.7887031,-0.78986377,-0.714811,0.6977053,-0.8585202,-0.22969618,0.61586154,-0.32841915,1.0165064,-0.90892977,0.13822111,0.25832388,0.71702176,-0.032121763,-0.82363313,-0.4658786,0.98531276,-0.35480642,0.25973862,0.18352367,-0.43737492,1.2557738,-0.09279884,-0.35625276,0.57680935,-1.1190959
23279392,-0.47278392,0.5218958,-0.15870072,0.35163784,-0.8720497,0.37223554,1.0461646,0.20518453,-0.49034208,-0.8624355,0.76423335,-1.4848605,-0.12508012,0.6777981,-0.33394575,0.061803598,0.59561664,-0.26211378,1.0203285,-0.71406865,-0.440832,0.38300514,1.2116,0.50056016,-0.69392866,-0.41223952,-0.12949783,-1.1971127,0.0061505344,1.192467,-0.12845227,-1.4622678
23279541,0.3776108,1.189711,-0.5256885,1.0055374,-0.2248374,0.9520899,-0.4793983,-0.27000958,1.6201578,-0.796488,0.9248337,1.3570012,-0.5489397,-1.3381928,-1.7546916,0.44597492,-0.14475584,-0.60019636,-0.9554101,-0.43193442,-0.6785273,-2.0107386,-0.33560404,-2.6806636,-0.014263265,-0.31715846,-0.617923,-1.1219068,-0.6117514,0.037795946,-1.6812266,1.4403454
23279574,0.16885212,0.4912107,-0.79566747,1.0709724,0.25411454,1.6548673,-0.47647032,-0.56207424,1.4481131,-1.4779198,0.5085882,0.8611031,0.3171822,-1.6517762,-1.4301358,0.83114034,0.10330461,-0.7879563,-0.6048589,-0.9544849,-0.77133936,-1.1773888,-0.5802963,-2.1231236,0.12790956,-0.10161727,-0.4993956,-0.56401193,-0.20306753,0.3941219,-0.8261037,1.2674071
23279702,-0.7886552,-0.91114175,1.4101976,0.03791091,-1.4564972,0.23678178,2.6881928,0.5321314,3.2565644,-3.4706197,-1.2934219,-0.081727564,-0.96749204,0.09419994,-0.3790094,0.78117245,1.2620646,0.82978415,-0.22884235,-0.7959067,0.41112557,2.1897798,1.7871056,1.674735,1.7405994,-0.36850947,1.5570776,0.32192743,-2.8946593,-0.16977614,-0.022344103,0.08532987
23280325,-0.95892376,0.449759,-2.0364976,0.08941959,-1.3532628,0.95532316,2.7141042,0.9945022,-1.5276731,-2.3875759,-0.24320604,-2.0708866,-1.7948142,1.4533007,-0.5463999,-0.7428517,1.0615044,0.5401145,2.10384,-1.7666007,-1.6969361,0.6284525,2.0744708,0.20016184,-1.2677784,0.30607474,-0.5008785,-2.3091395,0.5631274,1.1768031,-0.018431738,-2.9845898
23280376,0.016857427,-0.08587482,1.4543885,0.9525256,0.20084092,1.8423238,0.5534764,-3.0086749,1.2420342,-1.3014127,-1.2052044,0.3404613,1.5387259,-0.71113104,0.097966544,0.958019,-0.9874149,-0.57167274,1.1620743,-1.2614892,0.636868,-0.43587902,-1.6884143,-1.6987566,-0.019524682,-0.48795134,-1.4364393,-1.1988639,0.60156804,0.2582798,-1.2663413,1.2568648
23280473,0.046627115,0.052845046,1.0402764,0.88515794,0.09931937,0.62669325,1.0214849,-2.6088555,0.57459575,-0.9708678,-1.105148,0.3461734,1.6871504,-0.98151296,0.66444784,0.8836357,-0.5629864,-0.3712092,1.0748549,-1.577336,0.18798819,-0.12920474,-1.6248308,-1.6882849,-0.74271184,-0.10421784,-1.8479005,-0.59953755,1.3251078,0.4296586,-0.36735696,1.0788996
23280483,0.5574168,-0.84425277,0.9322796,0.7025045,0.2744745,0.6109558,0.83944625,-2.9763665,-0.27472025,-2.1437504,-1.6716675,0.27490175,2.008955,-0.7479436,0.37260166,1.5821575,-0.95917463,0.2340864,0.49682635,-1.6857876,0.19455057,-0.92208993,-1.9111214,-1.365435,-0.6218625,0.24471644,-0.6987449,-0.64507747,1.6161928,0.11371477,-0.64642304,0.9688201
23280500,-0.35618097,0.46547008,-1.9055481,0.6907146,-1.4098887,0.50441515,2.0506945,0.8968059,-1.7786261,-2.5469618,-0.35100132,-2.2892642,-1.7427495,1.1739252,-0.25024164,-0.9002895,1.6802484,0.38268024,1.8131689,-1.1569213,-1.993845,0.43432885,1.6998768,0.33384457,-1.457853,-0.14203407,0.08394694,-2.043152,0.13795778,0.8353516,-0.03126414,-2.6954286
23280536,0.5781826,-1.6813352,0.9764994,-1.5147091,0.60892475,-1.1102617,-0.5978686,0.805167,-0.8427639,-0.1939975,1.0511833,-2.2018425,-1.1155267,0.78350616,-1.0313207,-0.5228316,0.4994463,-0.82036537,-1.3045243,-0.40701297,-0.3519661,-0.10479671,1.1244953,-1.7571561,-0.7404407,1.8027574,0.857269,-0.8654643,-1.8538063,-0.12595192,0.78573877,0.27906707
23280582,-0.4437892,0.1908097,-2.8440664,0.7325413,-1.1347727,0.6840076,2.4329567,0.7492995,-1.9113816,-3.0348296,-0.42848334,-2.4716783,-2.445679,1.2511816,-0.62244797,-1.0965602,1.7309391,0.45828483,2.0922995,-1.4274427,-2.237446,0.70849085,1.9864153,0.059319116,-1.6163712,0.18298252,0.035645135,-2.5009263,0.19768962,0.6893843,-0.19932453,-2.9357965
23281860,-2.6406908,0.921134,1.8597829,-1.4655682,-0.2327794,3.8380735,-3.384431,-0.6426742,-1.7263813,-0.6828141,1.401358,1.3611416,3.3300438,-0.18888684,-1.1615604,1.3052655,1.3866321,-2.9578118,-2.1858954,-0.7737906,-1.3544011,0.9863565,-1.7666521,-0.7056396,-0.6142331,-3.4568014,0.6214076,0.41767627,-0.8487081,-0.206871,-1.7552664,-1.160896
23281954,-0.24459623,-0.43041041,0.9276818,0.88273644,-0.22180876,2.122097,0.46991983,-3.3655481,1.2016284,-2.4163485,-1.166119,0.45888668,2.2371364,-0.72003514,0.5824854,1.4526539,-1.7250838,-0.020258415,0.7786474,-1.7812959,0.49064222,0.012041608,-1.8348429,-1.3323686,-0.11532338,0.11553286,-1.020703,-1.4457958,0.80818605,0.051023614,-1.454631,1.719322
23281962,-0.714824,0.1447228,-1.5584071,0.58214885,-0.5967443,0.4788477,1.3238996,0.3195572,-1.2031457,-1.7097951,0.004560966,-1.7650281,-1.3844193,0.5124862,-0.28722876,-0.7848608,1.0503792,0.13312498,1.348123,-0.9830961,-1.4189374,0.40828794,1.3822995,0.0570179,-0.8687055,-0.32178947,-0.00047960132,-1.6013514,0.19740172,0.7955434,-0.49685174,-2.2326686
23281997,0.43280712,1.9871778,-0.47270387,0.14544968,1.072302,0.44964397,-1.1614248,-0.86464435,-0.09567429,1.2376384,-1.6400203,-0.99590015,0.405786,0.93709373,0.5896463,-0.368816,1.224379,-0.64657116,0.70371217,-0.3963345,-2.57445,0.6943116,1.2787306,-1.1191235,0.39141518,-1.6314696,0.3787935,0.49923804,-0.50963813,-1.7642388,1.8757318,-1.7274615
23282024,-0.35459647,0.7475672,0.09232472,0.84543335,-2.2877872,-0.30413565,1.6799794,1.7807631,4.2275987,-2.328755,-1.8256786,0.38987792,-0.17181613,-0.0014151355,0.48822471,-0.189707,1.8673435,0.5083103,1.0534859,-0.34672335,0.699547,0.7877596,1.0051943,1.9546702,1.4023876,0.5300313,0.92751896,-0.7509464,-2.8156466,-0.058435656,-0.019225707,-0.6563011
23283117,-0.3715095,1.8637619,2.8809855,0.4892541,-2.1727126,0.1456386,-0.21741687,-0.6779015,0.40695164,0.66347563,0.91146404,-1.5449243,2.4253507,1.1226175,0.82876354,0.96618706,0.30489314,0.56448704,-1.7805376,-0.11654581,1.7966822,0.085528865,0.84986573,1.4046488,0.2720934,-0.31488174,-0.98041683,0.31956616,-0.17528869,1.8469708,2.2048123,-1.0922209
23283199,0.4201802,1.9653019,-0.95243186,0.4269008,1.6031475,0.6254608,-1.007949,-1.2013535,0.45194775,0.8970962,-1.6396502,-0.92079854,0.7747657,1.3335184,-0.0101275,-0.6966087,1.8339015,-0.32098493,0.5188321,-0.11013591,-3.0201833,0.7733638,1.1522546,-1.1519626,0.26784122,-2.0001745,1.1352261,0.36766925,-1.021669,-1.7915454,2.0527594,-1.7502111
23283396,-1.0704554,4.07072,0.4284706,1.2314172,0.2921707,-1.1667459,-1.4670447,-0.8429237,0.2785159,0.36497164,-1.3759273,1.8296548,-0.45382676,0.19140047,-2.4225287,-0.19265993,1.4615256,-2.9217403,-0.8541827,2.7217586,0.8018039,-3.809425,-0.3057297,2.7059212,1.6688063,-0.81433153,0.52685255,1.2553824,-0.9101569,0.6232599,1.2967204,0.1097863
23283419,-0.9251854,4.9496493,0.26661682,0.453334,0.86428016,-0.056384582,-0.8768301,-0.99008936,0.33819038,0.7794333,-1.1109784,0.54107016,-1.0555713,0.6320869,-1.4437729,-1.242143,0.8673679,-4.297209,-0.36770204,3.5418563,1.5264593,-4.5327168,-1.4732296,2.8891346,1.4847257,-0.018510101,0.7863311,-0.4111666,-0.80921614,2.0148249,2.9309242,-0.12996674
23283560,-1.8278297,2.5037942,-0.14519161,1.1492643,-0.17382686,-0.09601633,-0.55597794,-0.7071669,1.1705537,0.8061761,0.31057155,1.260363,-0.5009602,0.4265052,-0.237712,-0.310312,0.7679908,-0.9735698,-0.47956064,0.9409748,0.629084,-1.5320125,0.032612838,0.992745,0.07331286,-0.013868419,0.7115987,0.96344244,-1.2215745,0.8008064,0.2667242,0.79140115
23283647,1.5604976,1.9422728,-0.7412272,0.7412741,1.031479,0.9464717,-1.1379484,-1.7319641,0.5621544,0.51958835,-2.4599345,-1.8082534,0.4078801,1.6209428,0.17352535,-0.42190966,0.7571748,-0.4912909,-0.039130047,-0.18356565,-4.0192976,0.8901868,1.6149002,-1.1469895,0.41106075,-1.7455785,1.0971173,1.0075564,-0.953227,-2.1058607,1.6862152,-2.8925965
23283686,-0.76690835,4.784921,0.10291399,1.0692598,0.16954562,-0.35365638,-0.64683586,-1.198844,0.18569872,0.9987197,-1.0656867,0.8263692,-1.3097188,0.33615842,-1.5387326,-0.87726444,0.8465578,-3.7830179,0.0062618665,2.8671627,1.3007969,-3.98631,-0.83180356,2.505985,1.7745688,-0.3122513,1.0003401,0.18495475,-0.97573274,1.3909187,2.1987023,-0.13679871
23283687,-1.2989212,0.8573653,0.83083797,-0.9431235,0.5325079,1.9566972,-2.3438053,-0.5894892,-1.0200903,-0.8606751,-0.17921297,1.2898768,1.9219743,-0.2860074,-0.24257302,0.409469,1.5043257,-2.0858333,-1.4131618,-0.07455829,-0.28411183,0.636743,-1.005133,-0.8508108,-1.1783301,-1.5716954,0.7797619,0.5377432,-0.99516445,-0.47762415,-1.0504004,-0.95918846
23283943,0.6082178,1.3032038,-1.4139975,2.9700327,-0.48639303,1.7070853,0.7166853,0.8295864,0.8218574,1.2773966,2.80577,2.4590313,1.3676009,4.307805,-0.19315422,1.3652682,-0.15922949,-2.8302777,-0.2443303,-1.8078893,1.8288518,-2.4632707,-1.2768117,1.7845031,1.8163575,-1.3949648,-2.3019779,-0.049738344,0.89284724,1.29562,0.16860877,-1.0629903
23284043,-0.9677791,2.9779658,0.8755538,2.3983505,-0.16541305,-1.8274579,-2.1014762,-0.33715388,0.08621177,0.4307951,-1.3552467,1.4968681,0.5033165,0.12452473,-2.6851802,0.0771677,2.1177766,-0.857739,-1.2401302,2.046679,0.21814896,-3.0546355,1.3645276,2.193419,1.5635871,-0.7612202,-0.16021504,2.1042628,-0.6135065,-1.0318116,0.04384515,0.27241242
23284795,-1.3783711,6.5859923,0.9821102,0.58584714,0.54261035,-0.4630724,-1.6534111,-0.71719885,0.5526558,1.89723,-1.5143186,1.014153,-1.405459,1.7688055,-1.1351072,-3.1571865,2.5801957,-5.0089297,-0.18911977,5.369269,1.268981,-5.0705686,-1.6793437,2.75833,2.8489447,-0.39430887,0.83338946,0.74332976,-1.182059,1.9006947,3.1282425,1.142016
23284935,-0.42553863,-1.0052216,0.8318642,0.6130984,1.0839273,0.004179854,0.99560183,-2.2558568,-0.712625,-1.6468182,-1.8269018,0.27981544,1.66377,-0.79785925,0.6814589,2.0033114,-1.2399035,0.67496604,0.04456596,-1.9908342,0.06064549,-1.4578291,-2.3422143,-0.9758107,-0.3484509,1.0075421,-1.4401506,0.21885358,1.2422452,0.23831956,-0.097036794,0.23892775
23284960,0.26912272,1.0436739,0.02204893,-0.18122783,-0.61663425,-1.3226131,-0.28871167,0.64858216,1.5381479,1.1558162,0.9424236,1.0029094,-3.0080373,0.72928447,-0.3718247,-0.65396017,-0.48294085,0.08227336,-0.78639376,0.3235558,-0.5204116,-2.33919,0.6280651,-1.2972316,0.7594061,-0.72915864,-1.2999918,-2.0098386,-1.8201896,-1.0042019,-1.1761928,0.2914922
23284965,0.45381033,-0.517258,1.8101176,0.3966324,-0.24643138,3.918811,-0.6237466,-5.1256375,1.723778,-3.047989,-1.4233475,-0.47440398,2.623519,-0.9440506,0.4117283,2.5236385,-2.0878243,-0.64207304,0.96207917,-2.0854592,0.38751903,-0.2180243,-2.3747904,-1.9158607,0.69480276,-1.0031316,-1.367405,-1.773021,0.24843514,0.43375129,-2.5070715,2.4447312
23284968,-0.046357583,-1.2151371,0.28897154,-0.31527752,-1.5521581,-0.09098881,2.1619298,0.8410545,2.8516474,-3.1643836,-2.0053139,0.37721214,-0.6936447,0.64723617,-0.26213434,1.2360386,1.5226585,0.89894027,0.6637503,-0.09997045,0.2559914,1.6152456,1.3575822,1.4696995,1.4371412,0.9224249,0.22545685,0.15067329,-2.5571914,0.16854572,-0.23583035,-0.07114168
23285559,0.034959458,1.4417248,0.7625498,-0.29553798,-1.5190135,-0.14335473,0.76028144,0.5328566,-1.1757804,-1.5403258,0.07005863,-1.9733819,0.36654836,0.679798,0.18161874,0.6446485,1.134482,-0.21006723,-0.1572001,-0.9373731,-0.084325455,0.20706274,1.0066944,0.4229713,-0.75392544,-0.6147103,-0.50973463,-0.9785031,0.7025622,1.043867,0.6730075,-2.089255
23285585,3.8102584,-0.17025973,-3.1016154,1.0757854,-1.9937403,1.5477396,2.2507215,2.3087232,-0.52538776,1.2966288,-0.32170781,0.08486168,2.4101126,0.4545098,0.9863996,1.7487267,-2.329279,-2.2027678,1.0852317,0.14020008,0.83285326,-0.33130366,-0.07679404,2.0582516,4.641218,0.5660053,2.0227494,-1.7616727,0.14962238,1.1690177,0.36450532,-2.9065673
23285631,-0.79769456,-0.13699137,0.2704693,-1.7503774,0.9027724,2.0469162,-2.9147654,-0.32511947,-1.6274104,-0.54764044,-0.9829925,1.9205151,1.3575019,-0.6437434,-0.41873625,-1.6344459,1.4893062,-2.4684153,-2.102517,0.5866978,-0.6887525,-0.19453298,-0.94911426,-0.36419153,-1.600047,-1.1995453,0.8243178,0.37407213,-1.4130554,-1.0991961,-0.9437431,-1.2519921
23285638,1.9675286,3.1514275,0.3625435,0.49806026,-2.6182446,-0.08221778,0.06819391,-0.61867034,1.6334106,1.8012424,1.4521278,1.3018943,-3.0799983,0.5354222,-1.434919,-0.62886196,-1.4654894,-0.8658945,-2.7521925,0.43665245,-1.0502616,-3.5099573,0.2592334,-3.5122113,0.69439113,0.33005762,-1.051823,-1.9891256,-1.8124007,-0.29728013,-2.819366,0.9587012
23285754,-0.9332959,2.9099922,-1.1855788,-0.006025495,0.8354649,0.9438129,0.3496253,-1.0878358,1.7051711,0.094838895,-0.28677973,0.7829121,-2.3547027,0.14221463,0.7110975,-0.9182044,-0.7284789,-3.5766208,0.93307894,0.68008906,1.2828679,-2.616365,-1.7251021,2.0548754,0.008175878,0.07233739,1.0220665,-1.2655832,-1.4836385,2.7448008,1.624646,0.0710796
23285905,0.5732193,-1.3297622,-1.5199703,-0.36706406,-1.0612533,-0.9258124,0.2228833,0.15060402,1.5437365,-2.12359,-0.26519865,-0.24441826,-1.5859807,0.61539954,-0.43655118,1.2586739,0.9953787,0.43604183,1.5803057,0.7796068,-0.34812206,0.15487362,0.665155,-0.043600395,0.3200799,0.9475355,-0.44493845,0.20004427,0.0894246,0.629745,0.4165121,0.97879046
23285944,0.2014807,-1.1159946,-1.0269344,-0.24136552,-0.038378682,-0.5786093,1.2089506,-0.016407974,0.06950585,-1.6025772,0.6536636,-0.3994519,-1.6835936,0.6684199,-0.7274321,1.6502626,0.37585914,0.5275378,0.27257195,0.7021031,-1.3571492,0.121490404,0.08606616,0.31126946,0.16410087,-0.2903316,0.24204892,1.5160555,0.20755824,0.5698884,0.7290742,1.3469759
23286095,0.045490775,0.92746055,-0.18204054,-0.10959669,-0.3770381,-1.0729258,-0.87386465,1.0880318,1.5392531,0.5429308,1.4925514,1.1594017,-1.4345064,0.5144513,-0.54611623,-0.22358108,0.14229923,0.34767744,-0.45389965,0.016963104,-0.48983815,-1.5239311,0.78210634,-1.5411502,0.28749532,-0.4343823,-0.95579314,-1.7738116,-1.249832,-0.7089499,-0.9638982,0.7067695
23286156,0.08577731,1.0760937,-0.12868702,0.00019905716,-0.34263304,-1.4352189,-0.88965493,1.2655361,1.7019871,0.5995001,1.5195678,1.1438521,-1.7224215,0.49123603,-0.40903383,-0.28097504,0.11874725,0.11862319,-0.504299,0.099049844,-0.49964014,-1.6069766,0.9389626,-1.5165755,0.40694857,-0.50088114,-1.1151187,-2.1804535,-1.595996,-0.76582587,-1.0512758,0.8508766
23286180,0.31340536,-0.13611881,0.17960964,-0.5273473,-0.8466303,-0.27727857,1.2717898,0.6013794,1.731898,-2.2242708,-1.6379336,0.6569737,-0.20722161,0.48022068,-0.18912733,0.091249555,1.195099,0.3495626,1.1245772,0.12249964,-0.2456698,1.1205932,0.8834849,0.81594497,0.86795187,0.95857525,-0.05264715,-0.08458376,-1.0322797,-0.37230936,-0.18377583,-0.07297162
23286283,0.73710954,1.7534854,0.25714,-0.4261897,-1.265658,-2.0728006,-0.9283065,1.4352987,1.7056094,1.90182,2.0005977,1.5444409,-3.0371754,1.6595277,-0.3031676,-0.7658168,-0.057529807,-0.07440636,-1.1811763,0.8640496,-0.93213123,-2.4327488,0.9545216,-2.0327048,0.43769416,-0.5305593,-1.3129345,-2.9574814,-2.245754,-0.9587188,-1.3252509,0.7413974
23286297,0.6740072,1.7716106,0.1838872,-0.44506362,-1.376819,-1.9381565,-0.57761586,1.1693447,1.4391004,1.8741492,1.7909837,1.4191414,-2.8105214,1.6228433,-0.22787672,-0.88519806,-0.30376333,-0.10207958,-1.1639464,0.6562937,-0.83042383,-2.4319754,0.7805066,-2.0559359,0.5793431,-0.4405219,-1.2580836,-2.4465292,-2.223811,-1.0846106,-1.2107153,0.9107484
23286377,-0.42388695,0.56362665,-0.9799704,0.40802178,-0.7230803,0.5367411,1.6385518,0.58949244,-1.3718584,-1.6494739,-0.06851442,-1.8108665,-1.1545419,0.5155514,-0.11196162,-0.51454365,0.9567256,-0.235498,0.96221876,-1.2756847,-1.1390095,0.25160766,1.2546123,-0.110657565,-0.964156,-0.7888089,-0.18180892,-1.6596768,0.36652175,0.9692682,-0.6615685,-2.55252
23287067,0.8365522,1.5641625,-1.0934178,0.3493016,-0.28308544,-1.2254505,1.0796697,-0.71330124,-0.68318206,-1.2043093,-0.04496952,0.22566323,0.9952974,-1.3741329,1.8425112,-0.09353025,-0.06750675,0.017756067,0.10678452,-0.13847293,-0.09755024,0.37854928,1.2435282,0.7884962,0.368113,-1.5403514,-0.28867447,0.48154944,-0.4265283,0.80899113,0.60854375,0.54732674
23287089,0.033093344,0.72188216,-0.1398556,-0.26102224,-0.54017323,0.20642705,0.21855325,-0.3487563,-0.26460886,-1.150229,0.49227485,-0.3249233,0.001857454,-0.8560195,0.96163493,-0.27414238,-0.32633206,1.082477,-0.085535005,-0.24311174,-0.35851935,0.69556445,-0.4876399,0.56378204,-0.054928243,-1.0563859,0.25073826,-0.1029257,0.2705031,0.4644478,-0.052652597,0.07308733
23287115,0.53454906,1.5825071,-1.2861712,-1.1425558,-1.0719202,-0.17309295,0.81079036,-1.0133085,-0.4720373,-1.3923541,-0.012032762,-0.49285266,0.28514335,-1.5392205,1.4368627,-0.039995816,-0.5852967,1.5496061,-0.23296489,0.42728007,-0.44921124,0.3264147,0.53260684,1.2292994,0.12133824,-1.310024,0.60819477,-0.59674907,-0.15796351,0.09131521,0.4329466,0.11027794
23287175,-0.44891262,0.12442072,0.3341394,1.274138,0.041430116,0.3230196,0.117666565,-0.1190762,-0.025251832,-0.98371524,0.68551224,-0.008812483,-0.47424635,-0.6604943,1.3657572,-0.13311857,-0.052735243,-0.34189186,0.1633784,-0.71067774,-0.24080385,0.6039493,-0.049824674,0.37172496,0.089448154,-0.7180525,-0.7449376,0.08299559,0.6509381,1.3245859,0.18208793,0.31615314
23287186,0.45022172,1.3177847,-0.974739,-1.061351,-0.9925783,0.17042474,0.47830492,-0.43396348,-0.075883836,-0.6470296,0.3846607,-0.7762075,0.6911795,-1.0216588,1.2993054,-0.07900515,-0.3059444,1.5274123,0.17702223,-0.29471788,-0.4011608,0.47297302,-0.30497152,1.0741423,-0.14617348,-1.0966749,0.66198444,-0.5614246,-0.3861268,0.0117797665,0.8751298,0.25089714
23287188,0.48530775,1.4545007,-0.66242236,-1.1437931,-0.76806706,0.40649703,0.55736,-0.38066095,-0.36790934,-1.0477953,0.3631674,-0.8887463,0.40901604,-1.2673286,1.0774634,-0.12971798,-0.35704207,1.7555795,-0.19787799,0.09376795,-0.33976805,0.65041757,-0.56390566,1.1282587,0.13943689,-1.2622476,0.6861386,-0.4005948,0.47381154,-0.34417045,0.65405524,-0.28960365
23287201,0.2588095,0.6163916,-0.3654633,-0.6318874,-0.8155375,0.5701971,-0.25340343,0.08739806,0.01837327,-0.39589167,0.5573415,-0.60649693,0.15701868,-0.67311835,1.1102164,-0.1432624,-0.27632445,1.0499564,0.021605622,-0.5918968,-0.21986091,0.7209487,-0.7286836,1.0790308,0.10214547,-0.5182266,0.04186614,-0.63506955,0.18122545,0.40370125,0.39295837,-0.009154119
23287207,0.18349007,0.30559546,-0.2891216,0.21514483,-0.96702236,0.43223724,0.059840925,-0.029276548,0.091279715,-0.7918943,1.2109102,-0.66307795,-0.074722104,-0.72379076,1.2902377,-0.4014004,-0.14663823,-0.22123635,-0.4639908,-0.84956527,-0.5184276,0.7945622,-0.2597981,1.4221948,0.34651047,-1.0551803,-0.58005226,-0.39997166,0.4309058,0.46867216,1.0791869,0.32131937
23287245,-0.17262189,1.738353,-1.2179545,0.8894744,-0.52543235,-0.7976556,1.0030445,-1.5073426,-0.7512,-1.7104303,-0.11818307,-0.07430735,0.66853505,-1.9100031,1.2856286,-0.5607826,-1.0083325,0.47917685,-0.3876149,0.39032695,-0.4481827,-0.43928415,1.3077011,0.9245586,0.8590623,-1.8700334,0.22057126,0.179759,-0.77680427,0.7592531,0.9728801,0.4685999
23287289,0.7363374,0.8626488,-0.5441866,-0.98768765,-1.4736114,0.5789958,0.2679735,0.68110216,0.5115228,0.42194504,0.8901131,-1.6716253,0.8537421,-0.47233754,2.0268457,-0.63828707,0.12702686,-0.32989672,0.20016812,-0.84677297,-0.19977349,1.2510737,0.17093962,2.3477197,0.65616405,-0.593664,-0.4597774,-0.9259443,-0.8511266,-0.2886628,1.8955734,1.1737899
23287296,1.3726193,1.6822025,-1.0228661,-1.930339,-1.3659017,-0.8721581,1.6003361,-1.0732958,-1.2967719,-0.8854479,0.20269918,-1.3095962,0.87772626,-1.352003,2.0356874,-0.56468403,0.03380574,0.6396177,-0.35987157,0.04702569,-0.03167498,0.85185546,0.95663905,2.5108044,0.468759,-1.6074952,0.047173068,-0.35444897,-0.8590285,-0.77627814,1.8113953,0.71757275
23287311,0.50322133,0.17250876,-0.1949999,0.05894719,-1.856608,1.1672177,-0.5708522,0.6474164,0.20570882,0.036294818,1.34585,-1.4821075,0.31612337,-0.43537068,1.6839566,-1.0353483,-0.016384367,-0.10255308,0.022133779,-1.287409,-0.66088736,0.9480777,-0.09395386,1.8864425,0.863849,-0.80932,-0.61184216,-0.6343222,-0.2560038,0.31069094,1.3556187,1.141418
23287349,-0.014012519,1.0587801,-0.29469863,0.6937536,-0.49536026,-0.33249614,0.62812585,-0.6035308,-0.22496712,-0.8053833,0.5536578,-0.54614973,0.5136794,-1.1002922,1.9963961,-0.51594776,-0.082171574,-0.3153142,-0.11684801,-0.25894487,-0.7314087,0.3462485,0.5568762,0.78413665,0.63511825,-1.1912459,-0.44037598,-0.012695346,-0.39569852,0.8153795,0.7016659,1.0302517
23287459,0.59431386,1.4082911,-0.9344812,-0.9111877,-0.9795422,-0.4444442,0.9652192,-0.93629396,0.025410835,-0.29425824,0.33683658,-1.0204315,0.46616977,-1.0052112,1.8627491,-0.6992814,-0.2645415,0.04748895,-0.24651794,-0.7684873,-0.22331947,0.7302427,0.8790976,1.8094338,0.51007414,-1.5662752,-0.18473227,-0.42089912,-0.3298346,-0.18422031,2.02736,0.6230918
23287525,1.0223023,2.3495162,-2.3719203,-1.31555,-0.6219989,-1.6276771,1.8250211,-1.5559597,-1.2059937,-1.379232,-0.6355242,-0.34736004,1.0262918,-2.1467147,1.355464,-0.2468827,-1.0421296,1.0489923,-0.026313525,1.4439609,-0.1350098,0.15215075,1.5824438,1.2571862,0.18043083,-1.9104518,1.009907,0.053647436,-1.7903416,0.0021064207,1.2255147,0.20879337
23287762,0.81700176,3.0071433,-2.4272287,-2.3705509,-1.1074283,-1.562046,2.1411397,-1.6818838,-1.6978679,-2.0408623,-0.4432188,-0.9614899,1.3262653,-2.5702782,0.8852866,-0.14280811,-1.0274444,2.9442568,-0.44411904,1.9191594,-0.16096652,-0.15898645,0.70761573,1.4177873,-0.22489071,-2.1790335,1.5731378,0.12828591,-1.0677404,-0.6234886,0.8068274,-0.317948
23288810,0.11700398,1.5435354,-0.69221306,-0.03598225,0.9568397,0.24036236,-0.8329895,-1.1433963,-0.0980259,0.497567,-1.5238713,-0.7489367,0.5267355,0.75651157,0.16068707,-1.1378889,1.2468867,-0.22639261,0.47409067,-0.080436766,-2.565654,0.38574475,1.1679595,-0.9530878,0.40368325,-1.2607596,0.5576154,0.83363247,-0.44190758,-1.3287855,1.8811,-1.5748088
23288912,-0.6424901,2.4288883,-0.82852095,-0.39253086,1.469491,-0.43239206,-1.8859731,-1.4993007,0.0062444173,0.8258626,-1.1895682,-0.96832633,1.3268734,1.4580011,-0.074105605,-1.302325,1.8204147,0.7033479,0.86200637,-0.22066751,-3.2090871,0.25904462,1.425164,-0.5771932,-0.5792794,-2.2963529,1.1129159,1.2841504,-1.4903511,-1.2495022,2.5296547,-2.4650588
23289184,-0.07915974,1.8582009,-0.036187086,-0.34269202,1.1655794,-0.17892112,-1.5217532,-1.4185923,0.47639036,1.3880022,-1.1262766,-0.95136,1.5716944,1.394551,0.81485116,0.24626422,1.511234,0.09417118,1.0134686,-1.0241364,-2.4416523,0.7266678,0.54791206,-0.2692154,-0.2403745,-2.050435,1.3789747,0.58879435,-1.6158142,-1.1755922,1.8625067,-2.5283096
23289469,0.21831489,2.668632,-0.35762608,0.8465045,1.9758617,0.059602007,-1.9652284,-1.2114018,0.79277045,1.9301889,-2.2698658,-1.9668541,1.8157034,2.0293758,0.42996275,-0.11793068,2.0271933,0.18940736,1.0363113,-1.2038381,-3.774373,1.2376598,1.1290355,-0.84914356,-0.8491269,-3.4414642,1.8217033,0.8024056,-1.7708179,-2.3927107,3.2857692,-3.096922
23291277,-0.35018942,-0.11346547,-0.11229505,-1.3500808,0.9730594,-1.2591976,-0.6546997,1.5325599,-1.3939534,-0.8132344,1.1031106,-1.89015,0.98887557,0.8621706,-0.7579396,0.4611623,0.34319076,-1.4604831,-1.018145,-0.19417667,0.078298725,1.4807988,1.1440346,-0.8871285,-0.21942551,1.996257,1.3341049,-0.5360172,-1.0712508,-0.29909432,1.1779412,0.52269197
23291340,2.4010737,0.8362146,-2.6293004,2.7031112,-0.21082325,2.0612943,1.2791206,0.93075776,0.6605019,1.0183376,0.56787664,1.1560509,1.495636,2.8947213,0.6642348,2.3660707,-1.8546479,-3.1670058,0.81784135,-0.48498344,2.1524086,-1.4162192,-0.8128741,1.9168497,2.8882658,-1.0845326,1.0383633,-0.6939831,1.2834791,0.26672676,0.7925028,-3.2782953
23291379,-0.5566633,-0.007837478,-0.22761327,0.23356926,1.1000276,-0.8805729,-1.4902912,1.4057354,-0.94038296,-0.5457817,0.65678936,-1.340663,0.9200212,0.83476514,0.30341667,1.4103097,-1.0585198,-0.48584253,-0.55721617,0.11179327,0.8771059,1.3943156,-0.14019535,-0.06657767,-0.8390901,0.78499997,0.40423936,-0.006063435,0.40784335,-0.27222502,1.0707108,0.2049236
23291437,-0.306317,0.7941717,0.062486295,-0.07261464,0.3762301,-0.7060267,-1.781949,1.9350034,-1.5229777,0.48635316,0.16435525,-1.3904669,1.061521,0.76162064,0.084800296,1.974518,-1.5960915,-0.64213556,-1.448401,-1.3032311,0.43599248,1.5543075,0.9276267,-0.44880718,-0.21019827,-0.16745609,1.1197459,-0.71224517,1.0679321,-0.6567741,0.9840013,-0.15726179
23291483,0.4620747,-0.84467816,0.532242,-1.4589738,0.5923555,-1.3724943,-1.871335,1.8272632,-1.7243556,-1.1256882,1.757671,-2.3482754,0.41728476,1.0765433,-0.068089865,1.30145,-0.39854944,-0.9250108,-2.0054965,-0.47683674,0.02801863,0.4146836,0.88005304,-1.3300611,-1.5959526,1.2130579,0.28966844,-0.53623635,-0.9225296,0.10082433,1.6169057,0.8158398
23291837,0.03770049,0.36478174,0.6411531,-2.286376,0.47915658,-1.8994172,-0.4853531,1.6742384,-0.941295,-0.3562333,1.531545,-2.888505,0.15658182,0.21791755,-0.49785405,0.38201818,-0.08635261,-1.6433977,-2.2214146,-0.8249418,-0.17877588,0.8836552,1.9534631,-2.780986,-0.7620243,2.3653302,1.4152819,-1.3297912,-1.4980803,-0.28564304,1.5431858,1.0655551
23292712,-0.78581864,1.9877256,-1.0279812,-0.4338168,0.4116549,0.5579289,0.43967187,-1.4807795,1.5710851,0.030128015,0.46045193,0.7323728,-1.599198,-0.023965012,0.27953985,-0.26406404,-0.3841496,-2.5003474,0.6442852,0.46368504,0.9897452,-2.0287287,-0.79547286,1.6379333,-0.21133897,0.19870177,0.41984957,-1.1647338,-0.91324633,2.1891973,1.6077656,0.13186584
23293267,0.8078983,-0.56129086,1.2117473,-2.3932214,0.10717802,-1.3969139,-0.9570011,1.5284005,-1.0265998,-0.27694494,1.4800074,-3.2265337,-0.9093028,0.16187878,-0.7668571,0.20318861,-0.27196893,-1.461049,-2.1255722,-0.7182082,-0.3180721,-0.09997232,1.9746907,-2.696644,-1.0282196,1.5565912,1.3504591,-1.9173518,-1.0462443,-0.49066055,1.6414037,1.2205064
23296641,1.5443921,0.8966894,-1.4077102,-0.523124,-0.25418097,0.46468836,1.0674077,0.3356834,0.32422924,0.41159922,-0.9023322,1.1783032,0.6383597,0.96724993,0.87785625,1.1839614,-0.9665232,-1.305794,0.79473656,-0.58895296,-0.6696594,1.0761489,-0.4845234,1.4723405,1.0282081,-0.16261256,1.1837835,-0.3381172,1.607646,0.26929548,0.23856217,-1.3957363
23296739,1.5977218,1.345974,-1.2135023,-0.6304902,0.11732267,0.10438989,0.8115249,-0.04845232,0.7277974,-0.13706025,-0.8707734,0.88417655,0.06519893,-0.28155476,1.3745571,0.46412525,-0.59542865,-1.0130842,1.2469999,-0.10629632,-1.4795346,1.6236659,0.06836948,0.70090264,0.6882038,0.018508406,1.7000927,-0.27642053,1.3088839,0.17530783,0.58599734,-1.1254195
23296783,0.8133599,1.9241011,-0.23874523,-1.2732384,1.736002,-0.63482493,0.33609706,-0.984591,1.6226223,-1.0158253,-1.5754445,0.7854728,-1.0841863,-0.6340719,1.4887182,-0.49691126,0.44675732,-0.02806368,0.6559177,0.11175009,-2.847669,2.5142627,0.3224058,0.6989767,-0.9838278,0.12516034,1.1768987,0.563064,2.295969,-0.96682346,0.24131198,-0.037158795
23296879,2.2875693,1.1063244,-1.8782942,-0.82886326,-0.5204572,0.36519426,1.6214793,0.4596434,0.17441994,0.2449141,-1.1804916,0.310613,0.6983097,-0.53774583,1.3780358,0.6985288,-1.1152966,-1.1949197,1.3069048,-0.008481033,-1.0718518,1.3501856,0.09103683,1.3191992,2.1100569,0.14134417,2.1773632,-1.3668917,1.5717646,-0.01834951,0.6758535,-1.6268269
23297919,-0.22531067,1.3932009,1.6002021,0.23494698,-1.9495285,0.24985655,0.08826064,-0.03491391,-0.6133214,-0.9466305,1.1664791,-1.536478,1.4759599,1.3650765,-0.24823718,1.0913091,0.6604557,-0.21704486,-0.9081788,-0.07389237,1.0745043,-0.19084848,0.9844251,1.3724544,-0.20956907,-0.61683315,-0.09580945,-0.36906868,-0.14170592,1.2074568,1.6987416,-1.5542669
23298335,-2.019874,1.0273739,1.2731174,-1.6998948,0.27561796,2.738993,-2.7562635,-0.4914434,-1.4269514,-1.2975576,0.8802237,1.1557766,2.9013333,-0.52811325,-1.4245416,0.6864044,1.8830217,-3.0104558,-1.8335446,-0.39422706,-0.7954288,0.805888,-1.4612093,-0.5580366,-1.5557517,-2.4945452,1.1568476,0.9985535,-1.3539379,-0.6460285,-1.6316558,-0.9257424
23301917,-1.3297418,-2.6728702,2.0643764,-0.952502,0.583343,0.27211577,3.9767582,-0.23315898,-0.19840124,-4.0070825,-0.06092803,-0.04888898,-2.2858999,-0.35856864,-0.97832507,2.6390483,0.12972432,1.2972026,-1.4021719,-0.30708772,-1.2275356,2.6392884,1.861174,1.7012347,1.028969,-1.8456033,1.542541,2.2608492,-1.947202,0.046010308,0.44690204,2.3676918
23302492,-0.22474271,0.64588034,-3.6523123,0.14679104,1.2384356,-1.3482993,0.4467349,-1.8835533,-0.03521587,0.08299475,-3.6923587,4.1542306,-1.884109,0.697771,4.559398,-1.3805196,1.8109578,-1.1752148,0.6714513,1.0782211,2.3646684,-1.3422297,1.1031761,-0.5441295,0.16470332,2.1909497,0.0062944726,-1.831308,-2.6279457,-2.3356376,3.1932552,0.0782184
23303269,0.17044121,-0.31002542,0.056992482,-0.38837123,-0.9484129,-0.25545537,0.61749405,0.35201988,1.3253869,-2.296824,-1.3775494,0.5122372,-0.3431382,0.4551588,-0.5313267,0.24249841,0.65138656,0.14401273,0.935441,0.27888048,-0.47382295,1.114236,1.0848719,0.39922178,0.48383695,0.9992938,-0.41123626,-0.1601683,-1.040869,-0.4784565,-0.31280935,0.16851214
23303368,-0.24809867,2.579819,0.70720327,-1.0852908,0.56993616,-0.6906252,-2.0669978,-2.1203306,-0.043495223,1.4191154,-0.8711616,-0.9370574,2.5648503,0.87468964,1.4921573,0.016832648,1.0039091,0.5280863,1.5855613,-1.3181567,-2.4755125,0.514143,0.6802665,0.1280926,-0.8705499,-2.1623273,1.5675123,1.194351,-1.4099439,-1.1730616,2.0265286,-2.971776
23303837,0.18846148,-1.2374388,0.82001895,-2.309227,0.47772712,-1.519382,-0.20904306,1.2993846,-0.6320833,-0.6038249,2.2680058,-3.1642852,-0.42591324,0.57122236,-1.2703918,-0.29999748,0.92807305,-1.7848581,-1.9985884,-0.17268679,-0.76616824,0.3481646,2.0069263,-2.6412816,-0.72726095,2.5747066,1.693925,-0.79977155,-2.627816,0.041296717,1.2379334,1.202343
23304181,-0.19335656,-1.1962364,1.745773,-0.24999565,-1.2687454,-0.04996764,2.1759253,1.1820064,3.313425,-3.741699,-2.3525412,0.9341339,-0.49564043,0.35144585,-0.6469382,0.35488272,1.2099835,0.66288686,0.12578955,-0.47460628,-0.09014166,2.1401846,1.6873116,1.8992561,1.491433,0.33930522,0.018987866,-0.23532999,-3.4062788,-0.5182158,-0.24833141,-0.17734334
23305035,-0.026814815,1.1276106,1.5477434,-1.0171481,-1.5524796,0.42782012,-0.71100825,0.17306668,-0.9378876,1.0828505,-1.492469,-0.29142216,0.23900963,-1.4161972,1.366435,-0.5854858,-0.22705138,-0.53490233,0.41082752,-0.5482964,0.7523876,-0.36295062,0.8869503,-0.1426531,0.39279008,1.4628235,-2.003174,0.5044985,0.8126279,-0.005992975,-0.5166059,-0.24196762
23305207,-0.68466854,0.04064715,-0.15298025,0.39998552,-1.4712658,-0.8170916,2.1702075,0.89469945,2.9543424,-1.8163484,-1.1690154,0.40035802,-0.26600638,0.036858957,0.6009417,0.35778385,1.2438997,1.2855057,0.82887876,-0.041737415,0.3583715,0.7558643,0.49170718,1.5645049,1.0207074,0.21542038,0.55145395,-0.21776295,-1.4868973,-0.18816358,-0.12026363,-0.17088738
23305255,0.89850837,2.6605377,-2.8337004,-2.3364344,-1.3551888,-1.1927303,1.7422665,-2.1104906,-1.4707141,-1.4147227,-0.8171075,-0.7143003,1.2665292,-2.3773718,0.9513379,-0.17623717,-1.0673534,2.483296,-0.5782611,1.9002662,-0.0041718483,0.27274066,1.4776611,1.936891,0.3353945,-1.9399446,1.5261489,-0.14087225,-2.2051556,-0.38682207,1.1589904,-0.21102962
23305573,-0.37173492,2.037578,-0.5280202,-0.078708574,0.60313684,0.64801186,-0.1806093,-0.77162516,1.4188964,0.09830994,0.25116274,1.0748513,-1.163955,0.4376794,0.0005372949,-0.67917544,-0.45193005,-1.8572798,0.5940901,0.2471812,0.56203836,-1.8923602,-0.5522269,1.436439,-0.20186087,0.16637272,0.64010364,-0.7052795,-0.9149033,1.8070953,1.0588844,-0.23631161
23305662,0.25926664,0.26720312,1.2891601,1.1811701,0.15858671,1.2779005,1.0590539,-3.2948918,0.98154193,-1.1050977,-1.3291856,0.5705968,1.9312278,-0.96946156,0.5790264,1.166939,-0.73435324,-0.32343337,1.315402,-0.8843148,0.395623,-0.21689726,-1.5496991,-1.7527043,-0.53517276,-0.2973386,-2.3707368,-0.5934533,1.2349154,0.2614774,-1.0093669,1.9622828
23305986,2.349645,0.8238617,-1.7649875,0.12177741,-1.9588575,0.6226631,1.5693164,1.8134385,-0.2256025,1.2113488,-0.1668118,0.9903213,1.3543633,0.54364413,1.2124375,1.9271898,-1.1031402,-1.437594,1.2716666,-0.2501896,0.2245297,-0.19564109,-0.89783555,1.1615736,2.8652313,-0.16713586,1.3891568,-1.5085317,0.8279977,1.2908378,0.9478944,-1.8964785
23306211,1.2900954,2.6507661,-2.7342355,-2.9585443,-1.2636032,-1.2815478,1.579031,-1.4197266,-1.2978833,-0.45134467,-0.40797302,-1.9322315,1.4723353,-1.7456106,1.6008766,-0.6906622,-0.69487745,1.7604579,-0.1460339,1.0994195,-0.37901846,0.41152722,1.4522247,2.1450455,0.9248712,-2.3239243,1.3524663,-0.6003512,-2.3383584,-0.89313185,1.8144908,0.07083299
23306828,1.7617195,2.7174754,0.7867133,-0.70349777,-2.3761551,-2.564704,-0.527235,1.4791257,1.8932257,2.8887095,2.6699214,1.4926088,-4.3556085,2.260586,-0.38244063,-0.9054025,-0.72552294,-0.30664697,-2.0109007,1.1617235,-1.3569695,-3.3012657,1.1860572,-2.8750572,0.69519746,-0.018614858,-1.5255394,-3.626078,-2.919872,-1.2307912,-2.0608048,1.0483457
23307364,-0.47906092,-1.0605681,-0.969357,0.3789342,-0.85919416,-1.0388305,2.3334367,1.06394,2.5774798,-2.1249375,-0.44901252,-0.65396357,-0.9247287,0.5874876,0.31205013,2.3318827,1.0382372,1.1979088,0.5501734,0.09562334,-0.25076318,0.6678558,-0.27964172,1.7102618,1.2138052,0.5850567,0.1486569,1.294932,-1.2012804,0.8155688,0.5183212,0.38990965
23307810,0.4402772,1.2367052,-0.114582025,-0.12102511,-0.7274624,-1.133952,0.2431051,0.8516522,1.6672283,1.2307606,1.4681143,0.7059377,-2.819862,0.19814809,-0.73242444,-0.8082929,-0.48462027,0.25016212,-0.74754775,-0.051606376,-0.6657851,-1.9229802,1.0800656,-1.4668812,0.32700688,-0.13605943,-1.5250398,-1.9443718,-1.6118054,-1.1515903,-1.4086549,0.6691206
23307848,-0.5558476,-0.30723748,1.0809013,0.9315485,0.75997066,0.44433936,1.2523938,-3.782502,-0.08317337,-1.9840548,-2.1685715,-0.15575252,1.7978895,-0.8830471,1.3061211,2.0794826,-1.1474829,0.35493743,0.6913887,-2.1689122,0.1578238,-1.2944137,-2.1231327,-1.7006878,0.12545559,0.6427207,-1.7572179,-0.3753308,1.7146367,1.0291492,-0.72508276,1.2263701
23307872,2.2892575,1.453231,0.49618605,1.5870329,-1.2352253,4.90048,2.6497004,-3.3097963,0.8076955,-1.5002161,-1.0169839,0.40146798,0.031477176,-2.950251,-2.9213796,1.3067846,-1.8632922,-0.7020633,-1.1443206,-2.581448,0.018603828,-1.4518927,-0.00092033297,-2.268968,-0.6974876,1.8510501,-0.3281799,1.5641514,-0.36048552,1.1622502,-3.6920915,0.82138366
23309377,0.390016,0.68569225,-0.14150387,0.3318028,-0.30717608,1.5791137,0.91977173,-2.544331,1.1895934,-0.92289317,-1.0224124,0.590626,1.8946011,-0.5286145,0.051406898,-0.24364498,0.8019509,0.5951927,0.38354778,-0.04330334,0.9168947,1.3919576,-0.2469607,-1.5713794,-0.96733147,-0.63892734,-3.5033233,-0.037194267,1.6359389,-0.23188595,-0.3073973,3.6250322
23309380,-0.38131595,0.12533154,0.07438414,0.41153103,-0.53226465,0.19268061,0.40983692,0.2152825,-0.8684567,-0.5680698,0.4812866,-1.3378478,-0.033301126,0.18463439,-0.25651526,-0.28382847,0.7771466,-0.4668118,0.8740474,-0.6216131,-0.41147423,-0.021060407,0.8923711,0.23262298,-0.6735776,-0.57965183,-0.10509134,-1.3131088,0.12886347,0.6703741,-0.68131757,-1.1570791
23309782,-0.81664246,-1.0695516,-1.579265,1.2212248,0.3868487,0.8675515,0.57884717,-0.18520033,-1.2835929,-0.08321071,0.5482198,-0.9429751,-1.0801487,0.016203322,0.023215603,-1.5626879,1.2808954,-0.23293117,1.6013565,-0.7473237,-1.3334752,-0.30879968,1.5060633,-0.2349951,-1.0333474,-0.52940065,0.007909484,-1.3222405,-0.0508421,0.35740834,-1.7096249,-0.78851527
23310382,-1.8548732,0.7904596,0.75038093,-1.0901446,0.20659398,2.2079983,-2.3397326,-0.38679296,-1.1903176,-0.7539444,0.2778926,1.3236763,2.112752,-0.26820546,-0.46960428,0.4917516,1.555125,-2.2504954,-1.4953718,-0.07159448,-0.4104586,0.31494337,-1.136728,-0.80733407,-1.1829727,-1.5156811,0.91610026,0.45981365,-1.2011423,-0.55159426,-1.0277086,-0.88084656
23310528,1.0788971,1.4607903,-1.2274605,-1.2514986,-0.3651167,-0.90251094,1.0720929,-0.99446994,-0.9417679,-0.43895024,-0.94154733,-1.0384358,0.7594231,-1.3051711,1.3568478,-0.49731532,-0.8323248,0.3548518,-0.64730006,0.4338132,0.15962717,0.032206625,1.29058,1.1941484,0.96126324,-0.9839607,0.91851246,-0.50562245,-1.258306,-0.26759046,1.0997832,0.6295857
23310572,0.069627225,1.953419,-0.770532,-0.0023230761,1.5199172,-0.077159435,-1.3155607,-1.4185187,0.18576968,0.75473815,-1.2669055,-0.77534986,0.99540967,1.4727815,0.09201355,-0.5169294,1.5220158,0.03279199,0.595274,-0.4224879,-2.8573148,0.6324647,1.0134069,-0.7719831,0.03169468,-1.9370916,1.3907412,0.5725548,-0.9748479,-1.519702,2.1629126,-2.1713126
23310651,-0.61788684,-0.09366766,1.4855899,0.8958894,0.3211027,1.3154322,1.3545684,-4.1556997,0.9586555,-1.8443176,-1.6814641,0.4223054,1.8590883,-1.1233183,0.87710625,1.766491,-1.3057446,-0.16595353,1.1108612,-1.6884277,0.4091281,-0.56785035,-1.9803439,-2.4087892,-0.161979,0.113356024,-2.306933,-0.6448851,1.3965702,0.85912454,-0.7598397,1.8014064
23310882,-1.6309818,4.28234,-0.29199994,0.55029464,0.094779186,0.46507552,-0.3800971,-1.3332665,1.2214633,1.1906084,-0.007998135,0.9554247,-1.3245548,0.6482538,-0.11737715,-1.4983189,0.34008327,-3.2295609,0.44407824,2.3894238,1.650014,-2.8342502,-1.2399455,1.7823987,0.3186608,0.28096184,1.1197987,0.37446696,-1.769268,2.41363,2.023605,0.996024
23311235,-0.13141635,0.7186543,1.4272802,-0.1212216,-0.28740722,0.1762368,-0.29050356,0.028748665,-0.078054905,0.31963915,0.52822006,-0.5493487,1.2458586,-0.048479535,0.7081373,0.6368988,0.35697502,-0.43313137,-0.34122634,-0.33929798,0.78610617,-0.49640727,0.47840708,0.65623164,-0.45475513,-1.0420028,-0.5591591,-0.11234808,-0.15335707,0.6391452,-0.38413024,-0.3304642
23311247,-0.10223781,1.5662674,4.425381,1.6422827,-3.1969287,0.71719104,-2.410355,-1.5117294,1.7612505,1.6444432,2.372643,-1.459745,4.2121687,2.8960156,1.2032903,1.5373602,0.8822582,1.1659907,-3.0127363,1.5215359,3.6002398,-1.0250245,0.91684693,2.9472287,0.11812677,-0.4248589,-0.62482196,1.9816061,-2.0896003,2.0809767,3.2706041,0.17110097
23311248,-2.089319,0.94524485,1.3875554,-1.6601505,-0.061436605,2.8387978,-2.5728233,-0.4137309,-1.3446136,-0.9016692,1.0911516,1.039382,2.934329,-0.17796046,-1.4485606,0.8094528,1.9350091,-2.428636,-1.6479481,-0.5285814,-0.65341914,0.7863273,-1.2107934,-0.7927063,-1.370029,-2.4481432,0.9910308,0.7589968,-1.0502249,-0.42583486,-1.6609074,-0.83320653
23311324,-0.27724504,0.6467383,0.55399626,0.120201424,-0.45776576,0.03507922,0.47954172,0.21306728,-0.6321219,-0.527393,0.76950735,-1.1665779,0.44677767,0.5574127,0.0075175324,0.2603586,0.3828264,-0.38987437,-0.1570197,-0.5243171,-0.16379392,-0.09485765,0.77138454,0.47941554,-0.6410005,-0.7678113,-0.16899425,-0.6600107,0.12970343,0.970369,0.16290309,-1.1584886
23311331,-0.15867837,-0.2611295,1.1123097,-0.18603589,-2.1717372,0.06092473,2.0370195,1.7079588,3.730679,-2.753129,-2.9611583,0.7404014,0.062234648,0.6133054,-0.009193992,-0.27849692,1.9382862,0.5949001,0.7676364,-0.2547835,0.7518751,1.7980537,1.0246944,1.484658,1.9670484,1.0270182,0.026204804,-0.86045754,-3.03195,-0.35140848,-0.53696525,-0.89387906
23311368,-0.09046575,1.2135297,0.44616282,0.10893157,-1.3428861,0.4327243,0.6428378,1.0029621,-1.3700438,-1.4163916,0.3071583,-1.8698388,0.55583024,0.97707266,-0.22032814,0.7359012,1.2058669,-0.59643203,0.006716823,-1.1390599,-0.07116619,-0.3879317,1.2289774,0.84206426,-1.3877035,-0.9040611,-0.51839083,-1.3355211,0.19391702,0.65848744,0.5329719,-2.16203
23311725,0.06345914,-0.07962446,-1.0192828,1.3097007,0.4973782,1.8260193,-0.14333315,-0.48207697,1.8088013,-1.5506241,0.4545701,0.44535932,0.46967125,-2.624194,-1.6459459,0.7883573,0.120403245,0.034347437,0.08738899,-1.0595329,-0.40406796,-0.4681783,-0.2762415,-1.9777771,-0.07629477,0.057600528,-0.78372735,-0.33404255,0.22135106,-0.228952,-1.0192575,1.4361578
23311764,3.379266,0.15143217,-2.533574,1.4333758,-0.4101894,1.7011912,1.8107666,1.8787651,0.31864455,0.53708416,-0.57218397,-0.13642173,2.027044,1.1079769,1.1159166,2.413941,-1.9130325,-2.6277387,1.7942765,1.0468177,1.4877683,0.36326697,-1.1007763,0.42921138,3.798741,-0.24928164,2.8097484,-0.68368196,0.8490135,0.7640005,1.5089737,-4.215695
23313183,-2.201258,0.3784797,-1.4143392,1.6805016,-0.030000236,-0.5895305,1.3063966,-0.3520879,-0.3890958,0.34104973,2.0732524,-1.1472199,-1.140127,-1.2656549,1.3254284,1.3633252,-1.7150526,1.9139519,-0.77932596,0.6790382,-0.2522617,-0.9720636,-0.8299666,0.6954397,-1.0059285,-1.4401789,2.579644,1.6706072,2.2942536,-0.19695652,-0.23578115,1.4105955
23313233,-1.4543993,-0.9675329,-0.6917811,0.30300805,0.23370823,0.017351769,1.1394762,-0.654845,-1.1405476,-0.76351714,1.7416829,-1.0307379,-1.7369167,-0.31260163,0.50748694,2.1660106,-1.2181054,1.2844406,-0.31249657,1.2075377,-0.94968635,0.25939912,-0.6268992,1.0457084,-0.5633639,-0.7597741,1.5042384,2.2983682,1.684868,0.4914639,0.21267153,1.6548407
23313268,-0.3349872,-1.4178457,-0.21963064,-0.4568445,0.96380615,0.27360517,0.9065095,-0.5468185,-1.9307076,-1.4548172,0.7282499,-0.4923776,-1.6722558,0.55626076,-0.8740786,1.9636021,-0.41577548,0.7730699,-0.3223978,0.9915643,-1.3270063,0.99821305,-0.037960228,0.24976827,-0.31893238,-0.26096433,0.37150106,2.8764946,1.182175,0.082721405,0.46626672,1.110159
23313694,-1.5216943,-1.3608946,0.5077646,0.04746127,0.6400377,0.04691436,1.9983162,-1.1313999,-1.3324134,-1.6135353,1.5807451,-0.8588508,-1.8449746,-0.7108277,-0.26228148,2.4090528,-0.71076494,1.2637208,-1.0109884,0.2903573,-1.0432451,1.07421,0.35757706,0.96794444,-0.12991245,-1.6579514,2.07316,2.8249657,0.98649484,0.34187606,0.23932047,1.84804
23314537,0.47645193,1.7803944,-0.6105982,1.4439102,0.7043498,-1.4603277,1.0774204,-1.1007102,-1.057815,-2.2887642,-1.1134033,1.6068801,0.35771155,-2.1961021,0.7768807,0.53307456,-0.46532992,0.39131358,-0.3921129,0.41936338,0.17122716,-0.09724063,2.0979118,-0.71239007,0.2467913,-1.2647519,0.3047474,1.055613,0.24785009,0.90268296,-0.7623886,-0.2994131
23315121,-0.288903,0.66212976,-1.272625,0.189062,-1.0758765,0.3354552,1.8243629,0.509134,-1.5640053,-1.9933454,0.09093712,-1.9292227,-1.3801545,0.7721628,-0.51877767,-0.48489684,1.0859429,-0.09567514,1.5377946,-1.1468464,-1.3760505,0.7525529,1.4298458,0.08925358,-0.6501277,-0.17209174,-0.03421504,-1.7973952,0.43102643,1.2284051,0.085400805,-2.3841016
23315185,0.43399382,3.4227338,-2.4794006,-0.4920477,0.51489943,-2.8806202,2.75341,-2.669468,-1.8818206,-2.7254233,-1.5845212,1.2813807,1.0427607,-3.413253,0.0017178506,0.012047846,-1.0800085,2.630921,-0.76451117,1.9189719,0.07422593,-0.7651558,2.9626079,-0.15739329,-0.62871176,-2.3871698,1.098306,1.729669,-0.9877971,0.3581637,0.03845957,-1.0513397
23315520,-0.3493627,3.265426,0.81169134,0.8190832,0.8470035,-0.82393247,-2.020998,-0.43854716,-0.31561744,0.4496892,-1.2868373,1.3937936,0.11034867,0.6108725,-2.778849,-0.32789922,1.3220288,-2.8334672,-0.22121297,2.2192302,0.9278599,-3.464814,0.44660044,2.4592767,1.4128158,-0.84889805,0.63556415,1.0374717,-0.6565753,0.44845873,1.2380123,0.091407016
23315599,0.6664716,3.2018669,-2.216974,-2.7857182,-1.2356826,-1.3690516,1.9206656,-2.098762,-1.6369269,-2.1566281,-0.7291257,-1.121398,1.2358009,-2.2081444,1.3307025,0.15763284,-0.95299643,2.8542356,-0.054014217,1.968687,-0.308504,0.24232683,0.66216135,1.7765099,-0.22141296,-2.5910926,2.029313,-0.16172074,-1.4863446,-0.8190448,1.1687114,-0.62429893
23315633,-0.46199203,-1.0271868,0.01641931,-1.4777749,1.0832218,1.1606503,-2.7750883,0.43582273,-0.61774725,-0.18021938,-2.2701695,1.7374725,0.56085515,-0.935367,0.44868687,-2.1085043,1.064214,-1.3230855,-1.811355,1.0998609,-0.57287115,-0.0064098984,-1.9216485,0.023586184,-1.4239227,-0.14324853,-0.077900454,-0.13045041,-0.707485,-0.13481984,-1.1877228,-0.6077652
23315648,-1.266954,0.2210417,0.7731835,-2.0135944,0.5692178,2.362457,-3.1361394,0.08449516,-1.3296494,-1.2182884,-0.39598125,1.5408697,2.3310084,-0.5610154,-0.5608132,-1.0087898,1.129312,-2.1822634,-2.2269957,0.68171334,-0.71544987,0.34763962,-1.6303346,-0.68446416,-1.5048783,-1.4761461,0.91414297,0.51007533,-1.1925288,-0.64444625,-1.5380896,-0.7406392
23315667,-0.0153396465,-1.2368705,0.15414703,-0.6345131,0.8661338,0.99866366,-2.1453953,1.0556395,-0.36149374,-0.14366072,-2.3424246,1.8351943,-0.12728125,-0.18355055,0.8289333,-1.6615026,0.0097979605,0.03747247,-1.6528151,1.2190276,-0.6727687,-0.6099838,-1.1426592,-1.3684249,-0.45747715,0.19925742,-1.0827141,-0.079855636,-0.09417808,-0.49576733,-0.7049111,-1.0447916
23315670,0.7641903,-1.3282602,0.28153968,0.3610588,-0.09879692,0.80541635,-0.58018845,1.4788382,0.020843728,0.53450644,-1.0259507,0.97602737,-1.1046536,0.41223663,0.77516097,-0.7561126,-0.59047914,1.1848094,-0.5118243,0.50357175,-0.19344293,0.041771516,-0.60500324,-1.1513045,0.3434694,0.5918432,-0.86564434,-0.16711253,0.89734894,0.23756927,0.39512154,-0.96369994
23315707,-0.42645192,-0.29578698,0.71860695,-1.2584609,0.008420441,2.0115852,-2.3833222,0.2609896,-0.68912685,-0.6025839,-0.7485643,1.3623786,1.3358105,-0.10202558,-0.42822653,-0.9993321,0.6495185,-0.8473887,-1.7712557,0.5558219,-0.54133075,0.12484418,-1.1388273,-0.82884413,-1.2143557,-0.6664748,0.02733521,0.34280282,-0.46614635,-0.3191634,-1.029234,-0.9785976
23315783,-0.69594204,1.9791408,-0.32353505,-1.057563,1.1104571,-0.95148057,-2.085998,-1.9048601,0.24306943,0.7065148,-0.4901219,-0.6626861,2.29278,1.4388535,0.43140322,-1.1079295,1.3036245,0.71365917,1.5800314,-0.40265125,-3.2567916,0.27234212,0.7421539,-0.35611683,-0.62578326,-2.0048885,1.8631004,0.75598705,-1.898394,-0.8553658,2.00854,-2.73793
23315825,-0.60313624,1.9355745,-1.3853276,0.3720513,-0.94486684,-0.42922008,1.0009708,-1.7567818,-1.2656096,-2.3839004,0.39244416,-0.18950428,0.6651737,-1.962254,1.6097412,-0.26189303,-1.3159852,1.1845526,0.17586991,0.84057975,-0.7233236,0.8373451,0.5451885,0.9046941,-0.3864801,-1.9477769,-0.13630284,0.81495947,-0.97403675,0.78305393,0.88697004,0.02572181
23316652,1.5403318,1.8801564,0.07137642,0.1252366,-1.2777166,0.026394099,0.13701315,-0.23394707,1.7423025,0.41743895,1.4900199,0.9403018,-2.150066,-0.19156002,-1.3211824,-0.0030031614,-0.83932,-0.37484193,-1.3202016,-0.21300028,-0.48043495,-2.1964982,0.831177,-2.4863,0.15532202,0.43110707,-0.69052595,-1.2368097,-1.5397588,-0.6854353,-2.3967028,1.258796
23316765,1.6360657,1.4697487,-0.101182275,0.45934185,-0.90265447,1.6091846,0.9697378,-1.7519257,0.904643,-0.48380038,0.12240468,0.48487893,-1.4235922,-0.80086535,-1.3414924,0.44553876,-0.95438606,-0.7452183,-1.2197248,-1.4947803,-0.35321012,-1.8024822,0.4357387,-1.9651798,0.2193974,1.0312246,-0.0017554983,0.28773734,-0.8169954,0.17026217,-2.4266732,0.19051102
23317106,-0.10398109,-0.17992276,0.70132774,0.74207556,1.1650995,0.3218985,1.3752764,-3.0257928,-0.62069577,-1.1207978,-1.9769721,0.27302447,1.7531483,-1.0736463,0.92174953,1.38766,-0.63776547,1.002406,0.4020825,-2.0109775,0.051362365,-0.5668896,-1.8366168,-1.4652302,-0.6141562,0.7632254,-1.7166898,-0.19354428,1.9365522,0.182844,0.2901938,1.3447366
23317831,0.18206891,0.31322712,0.31471628,4.7639246,2.1060169,-1.4211843,0.27333495,-0.0052651223,-0.35905153,-1.289798,-0.05046854,2.0236075,-0.820795,-1.306462,1.055156,-1.0137777,0.505168,-3.0501208,0.21012463,-1.6379567,0.11400095,-0.13730198,3.104736,-1.3041457,1.2137133,-0.74170077,-1.7074809,1.662176,1.3695465,2.6944304,-0.54397106,1.3827468
23318041,0.7893574,2.3597708,-0.111417904,-0.5534313,2.5049124,-0.6041057,0.054071024,-1.6844306,1.376936,-1.4708093,-1.0517008,1.5684291,-1.57422,-0.7236145,1.3050572,-1.3615032,0.3528705,-0.44924244,-0.1935959,0.08001404,-3.185064,2.0716894,0.7780884,0.48751312,-1.3244768,0.44666937,-0.019223459,1.4606547,2.114142,-0.8847567,-0.13139576,0.40974438
23318380,-0.24965209,1.1030631,0.53093016,0.07096584,-1.6085634,0.19451956,0.97279185,0.397559,-0.8395458,-1.0079836,0.5110995,-1.9177643,0.44151092,0.4368286,-0.020583648,0.24689029,0.5955534,-0.41946727,0.42502198,-0.9564716,0.05309823,0.225426,1.1293068,0.7335374,-0.72871524,-0.8309691,-0.5701152,-1.4259197,0.34121102,1.3860223,-0.15070826,-1.9697548
23318397,-0.98885965,-0.20648201,0.9883416,0.041135754,1.1989055,1.4063437,0.4673671,1.8512962,-0.7079197,0.70997685,0.36893517,-0.45680666,1.3661383,-1.3615394,0.86012447,-0.36979222,0.3539554,-1.5787123,0.6088646,-1.3681942,-0.3642382,-0.66369855,0.51460487,-0.38134027,-1.1808121,-1.4600788,-1.2796475,-1.4349388,0.13317932,0.2085079,-3.0985656,-0.6575696
23318501,-0.36764628,0.108904764,1.7569509,-0.039851148,0.5620103,0.08749627,-0.38234377,0.3698075,0.053376976,1.3931744,0.4640638,-0.2649762,1.4501837,-0.30415532,1.0846385,-0.51893646,0.050118964,-0.5402108,-0.29560181,0.11926751,0.5294554,-1.3842078,0.2163021,-0.049425952,-0.28782693,-1.4016055,-0.6851701,0.49417216,-0.2301941,0.6197041,-1.4492737,0.50142014
23318668,-0.8080885,1.1969035,-0.22095984,4.804702,1.1382108,-1.3454988,1.0714248,-1.4496081,-1.2724044,-3.2807517,-0.5300328,2.617725,-0.7917718,-2.4255986,0.8064571,-0.067801565,-0.16151305,-1.0653021,-0.010104138,0.31419814,0.22365457,0.018094271,2.8004036,-1.4743193,0.49668077,-1.3824259,-1.2133089,2.5771232,0.9742954,3.218006,-1.0239289,0.40505537
23318794,-0.38626134,0.94572777,0.21116073,-0.28242603,-1.5849394,0.39014634,1.5401767,0.6536044,-0.9684024,-1.3596288,0.4254899,-1.7774056,0.029545952,0.8028472,-0.47769898,0.83163166,0.4548756,-0.41657683,0.38930473,-0.8410564,-0.03112927,0.54502666,1.0153935,0.46341723,-0.7438104,-0.38766554,-0.43030104,-1.3391042,0.62131983,1.5836618,0.36615658,-2.2258842
23318988,-0.74343556,1.1709223,0.8548675,0.3890369,-2.6319711,0.46887812,1.3030988,-0.09370929,-0.5889354,-1.1664256,0.82238644,-2.563785,0.87540203,1.5574051,-0.8131285,0.8923916,0.7774884,0.17927527,0.2685254,-0.9708806,0.5767834,0.82043004,1.1657094,1.421275,-0.44584918,0.25696942,-0.4262074,-1.7361314,0.3374601,1.8442135,1.3625412,-2.254803
23320439,1.7026054,0.8154096,-0.85236055,-0.09511914,-0.17467721,0.21866192,0.8294292,0.4976149,0.24702257,0.060706325,-0.18981162,0.74344105,0.31122997,-0.55081695,0.6569737,0.075085476,-0.4959743,-1.0964569,0.3869289,0.118503995,-0.7515922,0.8295116,0.011383351,0.891143,1.2598476,0.43851075,0.38028142,-0.33864972,1.1250614,0.45078722,0.18935992,-0.7286874
23320511,0.7732272,2.5124016,-0.8439501,1.155528,1.3114508,0.85490495,-1.6290163,-1.81416,0.4962293,1.0222899,-2.3320925,-1.3412956,0.965045,1.6279584,0.23559208,-0.6574653,1.8293643,-0.5429896,0.6877937,-0.32890093,-3.8211367,1.3166828,1.6452897,-1.375381,0.30235755,-2.049138,1.4748399,0.32107666,-1.2288356,-2.3343635,2.1576543,-2.489697
23320531,0.54709786,1.4721655,0.058140464,0.32281262,-0.8410574,-1.0802612,0.103810444,0.5545822,1.3866752,1.2741796,0.88871783,0.6686684,-2.6048281,0.6956823,-0.51442707,-0.6835283,-0.4061594,-0.144382,-0.7731843,0.09234541,-0.47113743,-2.2791643,0.920015,-1.386275,0.6019299,-0.053651243,-0.8911213,-1.4668695,-1.8258563,-0.7639553,-1.3705385,0.28992498
23320850,-0.15786551,-0.25471368,0.29648387,-0.1846782,-2.0219755,0.16204351,1.5382229,1.0080352,3.484949,-2.9911704,-2.3726833,0.6851662,-0.24655764,0.34529328,-0.026833093,0.17123012,1.5616156,0.47018743,1.4192361,-0.42891845,0.15346779,1.1850572,1.1013871,1.1651932,1.6143802,1.0147206,-0.15539753,-1.2618796,-2.5009604,-0.4479966,-0.499987,-0.107213184
23321870,2.6550941,0.30869249,-2.7232592,2.498338,-1.9278286,2.3992987,2.3097196,2.210593,-0.059126258,1.7178341,0.83919305,1.1368723,2.2302482,3.0534604,0.8722765,3.314619,-1.9025781,-2.5378764,1.48006,-0.5554255,2.2329755,-2.3168292,-1.2851365,1.9664669,4.8176546,-1.4480754,1.1457214,-1.7447296,0.3972876,1.336397,0.7456932,-3.512854
23322062,0.011776831,-0.21381831,-1.9167048,0.012192145,0.15901867,-0.42244318,0.67905474,1.3683248,-0.96902794,0.35656688,0.20573488,0.3783816,0.91168743,-0.3499784,0.5590734,-1.4537108,1.6103423,2.2916803,-0.70703053,-0.20289809,0.1360397,1.0372237,0.44904247,0.89645636,-1.6480155,0.24544507,-2.1458313,0.8341435,1.2675595,-0.62960786,1.4842368,1.4885547
23322278,0.37336656,1.3911268,-0.118053876,-0.16637436,-0.6302661,-1.8889893,-1.1615925,1.3560231,1.5738361,1.4396528,1.7166898,1.3139298,-2.3960054,1.2262642,-0.14479864,-0.37839353,0.12874222,0.017707251,-0.92390597,0.44104478,-0.8057135,-2.0173588,0.79762614,-1.5076696,0.6197189,-0.8818476,-1.2232991,-2.7115479,-1.742706,-1.1056734,-0.73453754,0.7950554
23322614,0.6207166,-4.150171,-0.3240638,-1.8028965,2.060765,-0.71318483,2.2638452,-0.40988648,-2.8479357,-3.308608,1.4812489,-0.7868496,-3.3047893,0.8720849,-2.1699765,3.6201117,0.43425554,0.89042956,-0.7968049,1.4630543,-3.067351,2.4670315,0.9467787,-0.1403019,-0.019247543,-0.9033007,0.6621755,4.8762326,0.6636254,0.67854625,1.383331,2.8074164
23322726,0.77623963,1.7338389,0.1837161,-0.012441896,-1.1421627,-1.6391515,-0.2226267,1.1104643,1.7503048,1.7011162,1.6494333,1.10388,-2.8375046,0.8045915,-0.5161856,-0.65890795,-0.46120995,-0.043650664,-0.9219247,0.6767331,-0.6599287,-2.2991385,1.0616512,-1.5241718,0.7206749,-0.20958218,-1.5436378,-2.6562088,-2.0714943,-1.2968272,-1.704385,0.755848
23323150,-1.9684615,1.515088,-0.8400997,-0.17475396,0.8662474,-1.4038231,-0.22709854,2.2114341,-0.9690634,-1.7823429,1.5355027,-0.9082912,2.5323288,1.2373537,-0.03297519,1.2253071,0.4406701,-1.0717409,-0.45247814,0.31889147,1.397794,1.7632564,0.3889616,-0.017721716,-0.013384385,1.9406323,1.1122295,1.3529809,-0.19393232,0.19793504,0.47023997,0.5095227
23323694,2.176924,3.1800406,1.0452003,-0.95015603,-3.1715446,-3.012648,0.03405856,1.1788523,1.36437,3.9171314,2.444936,1.5728981,-5.3689675,3.0877898,0.15038365,-1.3836083,-0.9081877,-0.6658335,-2.5157607,1.916431,-1.2607211,-3.6540926,0.9444288,-3.1244054,1.0027713,-0.1419935,-1.8378483,-3.7474458,-3.5237427,-1.3123454,-2.2354488,0.7331411
23323868,0.67795247,2.5889533,-3.138833,1.1455879,0.62066936,-3.7193866,5.3455453,1.8955301,-1.9357414,3.6064527,0.6735937,2.4634204,-0.24743795,-2.0683599,1.1445115,-3.2686973,3.7288418,1.0497931,1.6463248,1.5764153,2.6812482,3.315672,1.1390291,-2.153334,-4.000855,-1.9315324,-8.495774,2.2124345,2.5144522,1.0908334,6.1145935,2.6378443
23323869,-4.0673795,2.2994773,0.88725114,-3.1189785,0.90875256,3.9705906,-4.7902493,-2.2580616,-3.0866826,-2.4373121,1.1880561,1.4565852,5.2733393,-1.4548947,-1.6059452,1.3925698,4.2118144,-6.4313464,-3.4249043,-0.6589569,-1.504774,1.5019212,-3.2454548,-0.64023834,-2.1030695,-4.8841834,2.2297173,1.2850602,-2.5899885,-1.6387221,-3.7911394,-0.7355435
23324323,-3.7547772,3.891481,-1.5643158,1.4603493,1.7636143,0.43831953,-0.9983976,3.1283114,-0.5569194,-0.90490097,-1.2614444,0.6229008,4.2360754,0.8826334,0.6932547,2.5880942,-0.46529934,0.3091008,0.51841754,0.3713729,3.4760494,3.6059384,-1.3338664,2.475811,0.8117295,-0.60019934,0.4530673,1.197021,2.2854843,-0.4481688,-0.23150471,-1.8770117
23324638,-0.47138906,2.068734,3.1471946,-0.25833738,-1.7706321,-0.12920888,0.59294665,-0.09460606,0.9865614,0.31337368,0.6381505,-1.1823211,2.9128036,0.47709247,1.0912809,1.7223647,-0.20938836,0.045590967,-1.7342145,-1.0894454,2.0220492,0.17999208,0.36226898,0.9289434,0.24559443,-0.675459,-1.6011194,0.026501875,0.6061323,1.8168213,1.216037,-0.7496843
23324991,-0.8315516,1.0282694,2.8379958,-0.06347896,-1.3352164,0.3714507,-0.18556857,-0.6011678,0.47777808,0.8214591,1.2710497,-0.85633457,2.4667993,0.8774608,1.08127,0.87442464,-0.2669276,0.531886,-1.6171577,0.35424653,2.0247364,-0.99643594,0.30865008,1.5588529,0.4642993,-0.66084933,-0.7232699,0.52313775,-0.7389353,1.9140084,1.009264,-0.07408127
23326769,0.75001436,2.1252317,-0.46103573,-1.772959,2.4180715,-1.2434309,0.9125338,-1.2569383,1.5006077,-1.5197345,-2.6621242,0.4356289,-1.4494224,-2.1142128,1.4895033,-0.71335644,-0.1500765,-0.35256,1.618548,0.22578871,-3.8161027,3.083371,0.5479199,0.24603036,-1.1559619,1.4256381,1.514756,0.31841624,2.5948644,-0.5740849,1.0696772,0.055626027
23327061,1.974071,0.7428722,-0.19360681,0.12434522,-1.2367659,5.05616,5.127771,-5.584825,-2.160676,-2.4591212,-4.869745,-1.550739,-1.357831,-1.9734681,-0.25198075,2.2173586,-1.3476661,-1.2291812,0.5098932,-4.055696,1.3005037,-0.67006433,0.1327081,1.0927798,1.5658466,2.1544738,2.1586533,4.333746,0.7070918,1.8551689,-3.0220666,-4.511318
23328266,-0.45924947,0.08856352,0.029672999,-1.5918757,1.3339548,-1.3799486,0.43558246,1.8029534,-0.6370829,-1.3297416,2.2331173,-2.1086564,0.97747606,0.8320333,-1.1233362,0.114036754,1.8220059,-1.9606334,-0.9406779,-0.35224897,-0.27782387,1.2868172,1.0185375,-1.5862586,-0.29250404,3.4862733,1.5108491,0.09715299,-2.8888931,0.28139666,1.181728,0.55400383
23328320,-0.47198123,1.1532824,-0.70396984,-1.453477,-0.24101117,-0.68761665,-2.0647392,-1.446602,-0.6529335,-1.0080059,-0.2553029,0.0069727264,0.08812993,0.28614774,-0.8557444,-1.7840285,-0.0023731012,0.41705605,0.9600495,1.4888572,-2.0306985,0.05644785,0.8523757,-1.0875376,-0.7154616,-0.44915745,0.28545615,0.8979199,-0.48915684,0.119312316,0.593632,-0.72674954
23328750,-0.54230237,1.9737153,2.9499876,-0.2321715,-1.6984934,-0.15734841,0.94298875,-0.16638246,0.5694466,0.19288965,0.7188816,-1.514567,2.365976,0.4893174,0.5490179,1.4287162,-0.31522113,0.017569272,-1.4707677,-1.3728691,1.5653038,0.4641286,0.7036665,0.8419786,0.22170284,-0.33969358,-1.3210598,-0.40389717,0.9807455,2.1189926,1.3635439,-1.1529812
23328854,-0.75332355,3.4858172,3.481046,-0.89549726,-2.8242137,0.45686597,2.8173673,1.8086966,0.47686154,-0.7372609,0.34380645,-2.2309365,3.2165868,0.65023744,0.99507535,2.7359333,-0.9399614,-0.135569,-1.0971286,-2.0628095,2.5515296,0.054045036,1.3101156,0.7693014,-0.25303856,-1.1486837,-2.3658319,-0.8986658,1.2679465,3.3249035,0.89856297,-3.0062463
23330624,-0.71358174,0.19396721,0.51122475,-1.4772967,-0.3348713,1.6386099,-2.220602,0.71498096,-1.0317899,0.20931843,-0.07829276,0.9800465,1.2361854,0.06461464,0.5700126,-1.0284204,-0.31003132,-1.1242615,-2.3209743,0.33641586,-0.28132805,0.11533144,-1.5028596,-1.1563603,-1.0555514,-0.85156363,-0.09878488,-0.19968657,-0.5394476,0.054413497,-0.3985736,-0.565761
23330951,-1.1036841,2.2870016,-0.7605876,0.97406924,0.20271903,-0.9612065,-1.2640934,-1.6533103,2.2534919,-1.6060249,-0.1559563,2.7649863,-1.498017,0.35400853,-1.6028627,-0.01318606,-0.13794707,-2.1470425,-0.3076088,0.41875386,0.06872731,-2.9671202,-0.3399716,2.4009666,0.82504725,-0.73636806,-0.28513166,0.5159386,-1.0051728,1.1399314,-0.007417109,-0.44861725
23331170,-1.2683923,0.05877757,-0.776285,1.8796978,-1.9222867,-2.4245641,3.083423,2.2747343,6.521455,-1.9785491,-0.17474203,-1.2997873,-1.3355968,-1.5218062,1.5982424,1.290011,0.92401385,1.8890744,0.27841732,-0.90617484,0.40232128,-0.6134606,0.5769817,3.1162205,1.0456989,-0.5936942,2.0420887,-1.1187202,-2.821144,0.705103,-0.1768366,0.7004431
23331558,-0.2914002,0.35968298,-2.059137,0.33995387,-0.48121715,0.2426038,1.8027562,0.6517802,-1.6572858,-1.9850448,-0.2379507,-1.8660827,-1.8450218,0.5486935,-0.2939992,-0.8884064,1.1248349,-0.13025853,1.5833126,-1.170544,-1.7166051,0.6281467,1.2757202,-0.32472894,-1.0326622,-0.23110034,0.09104832,-1.8065287,0.3886606,0.8829177,-0.48813236,-2.4526365
23332464,-0.5684009,-0.4658303,-0.66631037,0.9387703,0.4741876,-0.80694324,-0.84951836,-0.039151225,1.6144783,-0.49065095,0.6362203,2.3527024,0.09936592,-0.54519236,-0.43866774,1.2900847,-0.8050303,1.5203283,-0.13829066,-1.5356042,-0.6358655,0.36233342,1.168349,0.7567443,-1.6037662,-0.17816074,0.009903353,1.0361575,-0.8700317,-0.45887038,-1.174817,0.24693194
23332601,0.003568478,1.0366143,0.11780886,1.0471919,1.1397852,0.16677189,-0.23619568,-0.8439079,0.99413425,0.22408473,0.7946597,2.1555698,-0.010289017,1.6863738,-0.048614677,-0.00023392029,0.76139104,-1.4566578,-0.123900816,-1.2996423,-0.32981747,0.08933275,-0.5092697,0.5928182,-1.261855,-0.878574,-1.0301665,0.9795173,1.4989332,-0.32836476,-0.4649508,-0.05043403
23332917,-0.29996043,0.94300514,-0.39665663,-0.16322775,-1.5925046,0.3041541,1.6670984,0.78170645,-1.1529042,-1.7557049,0.15892401,-2.1856556,-0.49892282,0.7491317,-0.5207996,0.23058906,0.79751074,-0.2130442,0.7652505,-1.184471,-0.42816833,0.7679207,1.1007705,0.37084952,-0.94431347,-0.32108006,-0.2679486,-1.7964517,0.5790178,1.4543849,0.21058829,-2.5079153
23333040,0.19171038,2.5979855,0.42992502,1.1337159,-0.24485697,0.88780147,-0.25017345,0.42976776,1.6165159,1.2145491,0.6328718,3.1758626,-0.6559378,3.8244655,1.3640821,3.2397964,-0.07462529,-1.1370972,2.2146337,-0.09694169,-1.3800484,-0.8407402,-1.7170887,0.73498356,-0.34126365,-1.8493091,0.13039365,-0.13748626,1.9535943,2.301633,1.2701935,-0.7309005
23333228,-0.64135915,-0.6109031,-0.53246987,-0.08149138,1.147732,-0.57406735,0.5817251,-0.98690915,-1.4180124,-1.907853,-1.3529701,0.070215255,1.8797679,0.0074217245,0.3943198,0.32300475,0.6815755,2.354127,-0.9924383,-1.5757477,-1.5758353,-0.38131544,-1.1602956,0.19662517,-1.2649349,1.0511909,-1.6907992,0.39804915,1.3442129,-0.36601824,-0.4369411,0.8448376
23333725,-0.17618524,-0.3057307,-0.7544103,0.69876873,0.7550806,-0.81917024,1.4875892,-2.1521099,-1.405601,-1.5381314,-1.3758563,-0.43108732,1.4810477,-0.8294695,0.86547583,0.7749689,0.16879904,1.5383028,0.16943276,-2.1338975,-0.3477836,-0.50501317,-1.5720773,-1.0647608,-1.2467856,1.0330755,-1.3810573,0.04868318,1.933468,0.45238099,0.45099765,0.84947175
23333737,0.053736996,-0.30202207,-0.65879875,0.4019044,0.22369975,-0.91860706,0.9113544,0.45006865,-1.1621641,-0.22929168,-0.65788656,0.28390136,0.927996,-0.21773076,0.40339652,-0.41077402,0.2819969,1.596989,-0.5409133,-0.9722506,0.021178275,0.08451573,-0.54435116,-0.03523054,-1.3099968,0.5897655,-1.0334628,0.4333543,1.8902233,-0.5239305,0.9692567,0.19569254
23333831,0.30368394,-0.46163154,0.5153947,0.18439725,0.09783384,2.066411,-0.173204,-2.1715991,0.47923088,-1.70168,-0.79292345,0.08126439,1.6275473,-0.22936794,-0.15154666,0.9412879,-1.0942427,0.41246262,-0.2942567,-1.2566425,0.21275872,-0.75264025,-1.618188,-0.91077447,0.42099446,0.1110656,-0.8817809,-0.80315864,0.8123404,-0.44580603,-1.111672,1.2838445
23334139,-0.44106266,0.4468491,0.5639174,0.97968113,0.43344823,-0.108135864,1.8782178,-2.2981312,-0.15276389,-0.79137576,-1.5434538,0.19174896,1.6643319,-0.98487395,1.0936165,0.6895405,-0.41657498,0.6128425,0.93391967,-1.7524953,0.4608502,-0.20746164,-1.4362965,-1.6868635,-1.2845212,0.1365282,-2.6140883,0.18667154,1.9818177,0.64672977,0.8256397,1.0052564
23334486,-0.95088714,-0.24286452,0.26058125,0.38986456,-1.2240217,-0.3355083,2.0824156,0.37864128,2.4272478,-1.562323,-0.53928447,0.18755996,-0.5051299,-0.07403166,0.4233167,0.8152383,0.3953836,1.5199438,0.19442004,0.65011287,0.23460962,0.5709649,0.08508943,1.6971115,1.0809245,-0.14099137,0.8618454,0.55102277,-0.8369947,-0.560403,-0.020846179,0.12517002
23334648,-0.37317178,0.5862473,-1.9301025,0.37833413,-0.9172217,0.38363135,1.9425182,0.5841234,-1.5029587,-2.396893,-0.26984233,-1.9116822,-1.7188618,0.67108,-0.30756614,-0.8167166,1.2385209,-0.09367326,1.5726651,-1.4235239,-1.81428,0.6365968,1.4933162,-0.03104446,-1.0105199,-0.1964056,0.034183256,-1.7988769,0.40074667,0.6832453,-0.23640768,-2.664825
23334740,-1.173586,0.6043881,0.14844255,0.441309,-1.3678265,-0.2942585,1.9641491,1.0630661,3.0956645,-1.1227524,-1.3312966,0.45561936,-0.0823537,-0.16547143,0.7943271,0.22236519,1.1183206,0.8184176,0.653595,-0.36198276,0.54664916,0.6013115,0.39439088,1.7964771,0.9720009,0.23730229,0.8790291,-0.36106265,-1.6243813,-0.74222344,-0.50321525,-0.44429195
23334786,-0.2493214,0.46763325,-1.9235039,0.50915974,-0.82601,0.52044666,1.9260845,0.67144644,-1.8085393,-2.295896,-0.28853184,-2.0849261,-1.6512506,0.6999933,-0.29974848,-1.0826623,1.3975302,-0.116266385,1.5160091,-1.6786754,-1.7457789,0.3158933,1.5837427,-0.061037593,-1.1465185,-0.21166871,-0.1372242,-2.1206582,0.3497295,0.5805646,-0.57844335,-2.599857
23334803,-0.65810144,0.4787746,-1.1653228,0.27140132,-0.7766136,0.6360624,1.7344686,0.53228694,-1.2603186,-1.4295115,-0.037249308,-1.4958788,-1.0509698,0.36716655,0.17709796,-0.40017733,0.9124249,0.028153328,1.1777365,-1.0826887,-0.9760704,-0.026842356,1.2645054,0.032362804,-0.78037345,-0.6721462,-0.3534226,-1.6814262,0.272825,0.90018445,-0.7329381,-2.0935886
23334820,-3.0695176,1.2541653,0.8216204,-1.6816638,-0.13545437,2.727946,-2.974596,-1.118528,-1.630687,-0.3856908,0.63663834,2.173552,2.8579016,0.3359989,-0.23963961,1.0924754,1.8462814,-3.168223,-1.6234578,-0.4584386,-0.385034,0.3929369,-1.1937139,-0.8631376,-0.992674,-2.6879606,0.8467243,0.06357615,-1.5360351,-0.54125524,-1.0864984,-1.5626018
23334836,1.338987,1.9114711,-0.57658076,1.1029497,1.2496243,0.83604026,-1.4957346,-1.6073462,0.8387373,1.319743,-2.4810069,-1.514163,0.72284716,2.2861347,-0.1677997,0.05671665,1.2417504,-0.76902986,0.2810808,-0.4901377,-3.8444629,1.6479344,1.5229617,-1.1120054,-0.112821326,-2.4957032,1.6368648,0.32297868,-1.0831465,-1.9623196,2.146907,-2.275426
23334986,-1.7150131,3.0481336,0.118369594,1.2143681,0.1493564,-0.7206772,-1.2694595,-1.5821867,0.75026834,0.64266056,-0.26971593,1.6359365,-0.816863,0.592528,-1.1464465,-0.5617345,1.0057423,-1.9013834,-0.34514531,1.7569985,0.8055462,-2.8545325,0.12755331,1.874526,0.9545487,-0.45947716,0.3232884,0.6934622,-0.76488686,0.99214095,0.9366544,0.29650813
23335067,1.4043474,0.6480051,-2.0645466,2.0214753,-0.49927166,1.3355843,1.0755515,0.4507116,0.639142,0.7914955,1.2022434,1.2375337,1.3703622,2.999483,0.05838758,0.92970353,-0.6585466,-2.5554729,0.10976623,-1.1758301,1.9608039,-0.86913216,-0.63822085,1.9720621,1.5117468,-1.1178478,-0.84946346,-0.078537926,1.3460723,0.525038,-0.24404465,-1.8322661
23335123,-0.010694165,-0.24898255,1.7781731,1.6286606,0.27760395,1.6842802,1.4984207,-4.080466,1.2864966,-1.7588724,-1.7570342,0.43087825,2.4355905,-1.3118801,0.9758951,2.1802614,-1.5871996,-0.7598057,1.5494754,-2.028905,0.29672584,-0.87756705,-2.0403965,-2.1630797,-0.7432621,-0.39268395,-2.4618492,-0.86620986,1.4796672,0.56038386,-0.70945865,1.5865549
23335367,1.0114648,3.2270179,0.24851519,0.84694564,-0.031409584,-0.30578604,-1.6457672,-1.6965244,0.36404884,1.1374377,-2.4400146,-2.6248631,0.41146386,1.4615691,0.6699142,-0.5051038,0.38979906,0.38176933,1.1477493,-0.9383214,-3.7492857,0.6568173,1.7294669,-0.29018348,-0.4937654,-1.5295403,0.8626835,2.2421496,-1.1973796,-1.9696302,1.599905,-3.7572544
23335559,0.23113559,1.8658748,-0.7167319,-0.119365826,0.77222276,0.1399716,-1.4147111,-1.7793558,0.46882254,0.80433977,-1.5849277,-1.5401326,0.8362628,1.3266542,0.35539484,-0.71162057,1.0085319,0.1679578,0.80027694,-0.3430719,-3.137923,0.8399366,1.1350018,-0.8787837,-0.13365729,-1.6692457,1.0837308,1.0074742,-1.0383055,-1.5128309,1.8145492,-2.2193131
23335670,-0.50011426,0.15690927,-3.1702652,0.8675348,-1.5352963,0.6490332,2.3682973,0.6403421,-1.6169007,-2.9584112,-0.3046922,-2.339871,-2.386827,1.6381218,-0.78104126,-0.9088746,1.9943122,0.6848116,2.4730797,-1.0425929,-2.2897134,0.61009204,2.0073056,0.26307067,-1.7969012,0.5006512,0.044525288,-2.363499,0.06881105,0.58412707,0.14689748,-2.783576
23337690,0.92561376,2.5517485,-0.39068073,1.2602767,1.0969521,0.45172927,-1.6720599,-1.4693877,0.13017663,1.2101758,-2.6648057,-2.215113,0.45497078,1.6060332,0.4558807,-0.3363783,0.83311045,-0.3648475,0.8839472,-0.09185213,-3.8759177,1.3669927,1.5448487,-1.0552227,-0.07161395,-2.2893996,1.062656,1.2628895,-1.1258734,-1.76719,1.7736143,-1.6590744
23337712,0.2392851,1.6240608,-0.6169455,0.28033632,1.7645245,0.10436323,-1.1141964,-1.3041276,0.6530293,0.97361356,-1.589662,-0.84215987,0.9241529,1.7178293,0.1400237,-0.4763645,1.5636992,-0.4261211,0.5801781,-0.41192195,-3.232334,0.64564097,0.88571936,-0.679758,0.040332966,-2.042644,1.4897954,0.49490538,-0.96485436,-1.5052081,2.3484123,-2.7095459
23337743,-0.018696394,0.40730798,0.5349022,-0.21797514,-1.6036363,-0.37906078,1.7087659,1.2526454,3.1655912,-1.7489575,-1.902536,0.7755611,0.56903654,0.3362986,0.38882723,-0.4577223,1.5418082,0.4101938,1.0378705,-0.20473863,0.54758364,1.0659566,0.43555334,1.391602,1.566092,0.85982996,-0.14011765,-0.7454074,-1.659764,-0.52898467,-0.48244578,-0.8376813
23338265,0.2017835,1.1229601,-0.76709366,-0.7427316,0.28459382,0.38579398,-1.0659631,-0.8448037,-0.12231168,0.21065575,-1.2062966,-0.63674146,-0.055251572,0.70141244,-0.19703196,-0.9109399,0.8464773,-0.26138172,0.05427961,0.5104987,-2.1336622,0.37304944,1.2554269,-1.14163,0.5172107,-0.99667096,-0.015794534,0.5864495,-0.14481898,-0.6513302,0.9432448,-1.0600756
23338360,-0.050316665,1.5932806,-1.3338056,-0.56515217,1.0504531,0.17511962,-1.1107768,-0.8445151,-0.26281244,0.6793908,-1.3114051,-0.5554675,0.16201954,0.8860656,0.24188371,-0.6131949,1.3023174,-0.21657638,0.501473,0.13845451,-2.5316918,0.49145937,1.4505506,-1.3446785,0.30366355,-1.7467234,0.5545425,0.5439427,-0.4179574,-1.2300092,1.5980138,-1.1982609
23338636,-0.46635547,0.5485953,-0.38571286,-0.034271453,-0.51964307,0.46067846,1.0033801,0.29818222,-0.75932884,-0.84675705,0.16107254,-1.3212634,-0.4448594,0.043535896,0.09874867,-0.34353086,0.19867916,-0.39581922,0.88479364,-0.78351504,-0.24875996,0.1754928,0.97644323,0.08358062,-0.46259937,-0.788354,-0.2408807,-1.0966722,0.18954949,1.3977095,-0.73710513,-1.6663201
23338691,0.02486502,-1.3929555,1.4021393,-0.9348414,-1.3040954,0.17123255,2.4654634,0.6705957,1.8711332,-2.9051602,-1.6209124,0.82766455,-0.9559229,0.9013291,-0.80168825,0.73961264,1.6244315,0.41813934,0.8496623,0.1553598,-0.10408506,2.7370942,1.4347206,1.172096,1.7233018,0.099761054,0.0360505,0.8478536,-2.6471357,-0.10987074,0.24516208,-0.079996645
23339038,-0.46828842,2.4133255,0.38099167,-0.9759046,0.26329872,0.4684316,-1.517018,-0.89873576,-0.8259991,1.4425668,-1.4468526,-0.91711915,0.81112224,0.21752483,1.4919034,-0.852268,1.030763,0.109150544,1.4713937,-0.9173429,-2.0184195,0.027600812,1.2357955,-0.6565163,-0.2372285,-1.3338728,-0.083404616,0.95598686,-0.37437415,-1.2959536,1.771503,-1.8229506
23339085,1.0293014,1.9277781,-0.00069778226,0.3099601,-0.7836343,-0.2970038,-0.5363722,0.20638186,1.9882627,0.49646857,1.5068706,1.0219975,-2.2627733,0.061040767,-1.1152196,-0.1495342,-0.3050353,-0.59418106,-1.2446705,0.0023741822,-0.47155663,-2.0482926,0.64573383,-2.5029693,0.25890043,-0.054703802,-0.63948095,-1.6836125,-1.5346539,-0.3962403,-1.8256221,1.1899627
23339117,-1.91965,0.9748484,0.9010765,-1.5207131,0.6264948,2.0526507,-2.5558033,-0.9651102,-1.383586,-1.41247,0.12120587,1.3895196,2.488856,-0.61138725,-0.90336144,0.15122049,2.0336277,-3.1316416,-1.6661488,0.08391449,-0.7202098,0.43204302,-1.2681649,-0.5665882,-1.5189902,-1.9976774,0.9603508,0.62989724,-1.7150742,-0.9351628,-1.4475422,-0.8900947
23339150,0.1812245,3.1759975,-2.077022,0.24566098,2.0369344,-0.25625792,-1.4943047,-2.3902628,0.68931824,0.12988874,-2.025475,-2.3098912,1.1749134,2.422206,-0.63774925,-2.0381122,1.7124395,0.30855182,0.7453051,0.5868708,-4.878131,0.69140035,1.7994022,-1.7224358,-1.2619098,-2.3070693,2.0442302,2.1961823,-1.1527498,-2.5913758,2.5983055,-4.1090612
23339214,3.202511,-0.09742121,-2.9062114,0.7427188,-2.0302148,1.3696725,2.3827896,2.428291,-1.1258237,1.5328026,-0.22603646,0.8213633,2.6694744,1.0940464,0.7708954,2.124029,-1.7905422,-1.966987,0.96608454,-0.13902456,0.59612685,-0.41380063,-0.5511015,1.7730534,3.9650362,0.20498848,1.5855324,-1.7464483,0.4774819,1.4349612,0.5164021,-2.7546632
23339264,-0.34616834,1.2581133,0.85959595,-0.63005656,0.095067404,0.011162201,1.0216448,0.380043,-0.720255,-0.46794757,-0.0084723495,-0.64538676,0.4267461,-0.6989376,0.6545036,0.1702038,-0.25840297,-0.2515353,-0.059573345,-1.147197,-0.038009115,0.24032377,0.43680823,-0.20366916,0.058717627,-0.86795664,-0.91044974,-0.8063296,0.8188675,1.0803299,-0.32429844,-1.3023918
23339909,0.31332207,2.9945278,0.32204947,0.8406704,2.0087695,0.27591783,-1.3433372,-1.4075986,0.29777008,2.0026655,-1.9110454,-2.026594,1.1267954,1.6865094,1.3928751,0.24373999,1.6180117,0.06652261,1.3895708,-0.96239245,-3.4941926,0.69255745,1.3161808,-0.956361,-0.6443228,-2.9489396,1.61635,1.5582967,-1.6707683,-2.254293,2.657017,-3.0903306
23340251,0.048059847,-0.8382888,0.10988283,0.062237844,0.18302487,1.4954542,-0.23736268,-2.3830264,0.21547405,-1.8355119,-1.0524637,-0.41745132,1.1269441,-0.3379056,0.17617396,0.960949,-0.9720543,0.8203354,-0.10910204,-1.6614876,-0.41020212,-0.90724355,-1.5468044,-0.45309561,0.46561423,0.44497675,-0.46332416,-0.9316516,0.87699825,-0.47874206,-1.1168065,0.66797125
23340770,0.16708271,-0.62259257,1.2820734,0.9885024,-0.15990147,2.4234896,0.025939025,-3.6514716,1.2378494,-2.3948271,-1.4139763,-0.11476655,2.0403578,-0.602019,-0.01207941,1.8153907,-1.9301353,-0.5686775,0.6254008,-2.1507444,0.4903539,-0.6409454,-2.200599,-1.6205747,0.5270185,-0.11769837,-0.6222323,-1.3266549,0.657749,0.17739667,-1.6893505,1.4188275
23340965,0.13882746,-0.7828228,1.8956246,1.0399511,0.39308974,2.4134545,0.37781808,-4.150477,1.2937598,-2.2887223,-1.9118432,0.022708084,2.088866,-0.91012436,0.34298986,2.6169379,-2.0539548,-0.7648785,0.9462681,-1.9900125,0.138857,-1.5066512,-2.569714,-1.6868676,0.5912653,-0.04986679,-1.016681,-1.4001027,0.6148708,0.44114584,-2.0106263,1.0634017
23341205,-0.12997718,-0.15297163,2.3248496,1.1183944,0.38974985,1.8121364,0.9164046,-4.261171,1.1881834,-1.73607,-1.9766661,0.31305224,2.2858953,-1.0658659,0.6305426,2.4046016,-1.8268273,-0.7177728,1.0111538,-2.1517053,0.62874246,-1.2544206,-2.4724967,-2.151707,0.21623366,-0.12558654,-1.3668101,-1.0238367,1.0908488,0.6625575,-1.3274616,1.0847616
23341564,0.18339948,-0.57611895,2.750402,1.5114951,-0.011521308,3.8851888,-0.04751996,-6.0985346,2.730285,-2.7654846,-1.7751151,0.057928946,2.7525713,-1.2117027,0.16945565,2.8945446,-2.4805288,-1.5572788,1.9480836,-2.4083822,0.35942456,-0.69595397,-3.021858,-2.2188945,0.6449178,-1.1790819,-1.5435964,-2.2893252,0.33516282,0.4026193,-2.9057724,2.15052
23342231,0.18139127,-0.35105714,-0.9390725,-0.08231905,-0.6782778,-0.47687516,0.4984855,0.1691072,0.6600346,-1.7956582,-0.8570233,0.03065452,-1.0671922,0.7796488,-0.23386192,0.7848384,0.6238164,0.15791136,1.0830762,0.64821565,-0.47317284,0.49727482,0.64151686,-0.011449648,0.41570887,0.5088244,-0.27716875,0.8428727,-0.1780681,0.23159623,0.049043454,0.27627325
23342295,0.120482504,-0.52540827,-0.11729382,-0.5252842,-0.5407837,-0.014193058,1.0132612,0.16775864,0.7431636,-2.0103889,-0.80253005,0.16350365,-0.7748275,0.58555865,-0.16618189,0.9469859,0.92865676,0.5631376,0.6939354,0.5602925,-0.35125315,1.0844052,0.69787425,0.5298474,0.817133,0.56432444,-0.10874965,1.1259781,-0.52782714,0.10959899,-0.21495388,0.22860207
23342308,-0.088087976,0.016735435,-0.5644023,-0.007642893,-1.343169,-0.700286,1.125232,0.98508567,2.3572583,-1.8326592,-1.512117,0.27932614,-0.5356205,0.5347618,-0.14910671,0.30906916,0.86667144,0.6752661,1.000742,0.5815635,0.16693836,0.7221131,0.5221136,1.12916,0.8733664,0.9268267,-0.5255468,-0.4091195,-1.5181508,0.1256657,-0.28769898,-0.16985226
23342317,-0.0009535812,-0.21874437,-0.45143697,-0.06153945,-0.60140705,-0.64571005,1.196627,0.51568764,1.2565758,-1.6502272,-0.768863,0.11962041,-0.5088014,0.3871566,-0.029560065,0.7555328,0.67126924,0.5546007,0.75639224,0.2304077,-0.2922998,0.6711395,0.06190895,0.852892,0.71283704,0.5813099,0.37563306,0.68033826,-0.0515439,0.08321696,0.19920321,0.27542838
23342480,-0.3055853,-0.3090619,-1.7114888,0.56216604,-1.0748086,-1.290626,0.8764825,0.48135087,2.621673,-0.8273024,0.32782304,-0.6169192,-0.9590768,-0.16170827,1.5707626,0.66297865,-0.02237523,1.0727971,0.43298185,-0.07688018,-0.05888139,-0.5858879,-0.055833954,1.0634764,0.16971086,-0.09550904,0.79273766,-0.06811522,0.33685717,0.45791334,-0.23942415,0.7654369
23342595,-0.2963249,0.2822573,-1.707867,1.9247835,-2.6369174,-2.8866513,2.462671,2.0031898,7.1631413,-1.1212372,-0.08379575,-0.7842854,-1.4084631,-1.1757045,1.4268152,0.96029395,1.0785023,2.640298,0.8749949,-0.43768775,0.42113942,-0.29268324,-0.5449042,2.8322759,1.8155781,-0.1829132,1.2627624,-2.179842,-1.9078711,0.26160276,-0.023343077,-0.3736078
23342691,-0.10015978,-0.80662405,0.9912899,-0.16150162,-1.0024654,-0.14289677,2.026192,0.9123801,2.6185932,-3.152928,-1.4813174,0.44980806,-0.8796001,0.7294585,-0.22947797,0.8054027,1.553809,0.839168,0.31751633,-0.3432726,-0.081193104,2.0669796,1.2519213,1.6176317,1.2647258,0.2671401,0.17447674,0.57165986,-2.3162782,0.069033556,0.015032062,0.0739173
23342693,-0.17933956,1.4181272,-0.13881457,-0.27880883,0.6635322,0.2725557,-1.0215544,-0.7940863,-0.08848514,0.6115557,-1.3483585,-0.5092066,0.38717097,0.40795457,0.3849445,-0.39846057,1.0056247,-0.52885836,0.33503655,-0.31149423,-1.6019754,0.22901545,0.8828792,-0.79069567,0.44884396,-0.58572984,0.10228945,0.6625172,-0.27943656,-0.90179235,1.2256004,-1.3708256
23342760,-1.0254428,0.35630625,1.3105141,-1.5645257,0.026542295,2.6563022,-2.3052936,0.10318728,-1.2227595,-0.59726816,0.42913538,0.9840746,2.270358,-0.09709356,-1.0371251,-0.18172689,0.9708493,-1.5558243,-1.9270943,-0.021263167,-0.5330635,0.4013813,-1.0718648,-0.632583,-1.0423708,-1.7747077,0.63923955,0.56867194,-0.8084264,0.056676403,-1.2337284,-1.0982718
23342852,-1.5184332,0.57866204,1.534434,-1.801491,-0.12768392,3.0360467,-2.5603504,0.14662008,-1.2913213,-0.9881356,0.58253706,1.1519679,2.4464746,-0.13889995,-1.1360503,0.25828615,1.0360705,-1.9659114,-1.8719465,-0.37168494,-0.5027285,0.546332,-0.93325615,-0.8747299,-1.557762,-2.336346,0.6738688,0.7469024,-1.2862014,-0.45795718,-1.2362156,-0.92862177
23342853,-1.6939692,0.40734208,1.8768976,-2.202891,-0.01005153,3.2058897,-3.3873482,0.17599483,-1.6097234,-0.7392234,0.2945004,1.4254395,2.63799,-0.8259335,-1.732386,-0.46717817,1.6005554,-2.5393395,-2.3914974,-0.18115497,-0.7654997,0.17311653,-1.3097786,-0.4994158,-1.8374833,-2.4066427,0.54131967,0.92930084,-1.1210102,-0.034249485,-2.0308273,-1.4328336
23343593,0.45801282,-1.6040275,0.7996891,-1.7959431,0.4404945,-0.99377704,-0.86515665,0.934195,-0.7159865,-0.3716551,1.4195359,-2.275706,-0.7367693,0.44436452,-0.79149985,-0.07879974,0.60789716,-1.2062732,-1.6368641,-0.32445663,-0.2750117,-0.09476434,1.123291,-1.5942615,-0.7696394,1.8327304,0.76915896,-0.56765705,-1.6789266,0.034595992,1.0081354,0.8923942
23344484,2.5216768,0.50468165,-2.2582178,1.5398923,-2.169816,0.95475894,1.6914246,2.646121,-0.7043802,1.9651515,0.6602043,1.7251949,2.1170337,1.3491479,0.86754036,1.9461167,-1.5117326,-1.6122736,0.86168784,-0.5379573,0.19427787,-1.5094771,-0.99314976,1.9857033,3.8242886,-0.25892368,0.027020328,-1.3616916,0.4128403,2.3339698,0.39171535,-1.9205896
23345579,-0.48836213,1.273834,-1.0440406,-1.1983726,0.7635637,-0.8054059,-1.4814383,-1.4968188,0.107114926,-0.029803187,-0.18371382,-0.15356976,1.5143185,0.9728729,-0.26697242,-1.1502446,0.9820851,0.34610787,0.8371966,0.32948124,-2.5762289,0.40137085,0.36230588,-0.9146616,-0.23909542,-1.4270873,1.411064,0.6235143,-1.2333238,-0.3659508,1.2169882,-1.7256135
23346345,-0.61107934,0.0028538592,-0.086864844,0.16433278,1.1516804,-0.8124001,-1.2400019,1.1489161,-0.8513063,-0.37183753,0.6506332,-1.3147129,0.5522599,1.1760266,-0.3215367,0.28770828,0.20372775,-0.62701654,-0.9411745,-0.14423242,0.37733045,0.2821635,0.36279482,-0.41342723,-0.3772352,1.0573267,0.40032122,0.20945606,-0.32267302,-0.059948865,0.1064564,0.13979936
23346764,-0.8991115,0.17867567,-3.0861356,0.90245956,-1.248562,0.7051825,2.6675835,0.48207712,-1.2454616,-3.0119247,-0.28942102,-2.047225,-2.2656069,1.8207762,-0.8542919,-0.84629375,1.3623264,1.2913432,2.5983167,-1.7658852,-2.1840246,0.51676834,2.408913,0.254974,-1.3996629,0.82158107,0.06830529,-2.6556265,0.21855058,0.8348284,0.3253953,-3.1478832
23347341,0.45259488,-1.6073676,0.80882645,-2.6353433,0.50064665,-1.9888393,0.33014143,1.0754544,-0.5552178,-0.99203676,2.0240111,-3.3451645,-0.93725127,0.9281772,-1.5490414,-0.6219477,1.5119332,-1.7532289,-1.6160995,-0.20986056,-0.70035154,0.33246562,1.7340335,-2.8688076,-1.3017112,3.3531637,1.3282548,-0.5218398,-3.2514837,0.056166556,1.5105948,1.7537938
23347553,0.42074353,3.3787687,-2.629789,-2.5722086,-1.6669269,-1.3889793,2.1464324,-2.0032022,-1.6154991,-2.3996894,-0.5901584,-1.1522056,1.2879603,-2.919085,1.3928545,-0.010944333,-1.4596092,3.527575,-0.28549337,1.751653,-0.7409405,-0.08863199,0.5406797,1.3132262,-0.15964809,-2.6848853,1.6992407,-0.3234031,-1.3285966,-0.825417,1.3440452,-0.55380875
23348106,-0.5095638,0.65111566,0.4716631,0.8297403,-2.5923605,-0.25689563,1.8767602,2.0718336,5.5088186,-2.4498143,-2.9085767,1.0085626,0.1424485,-0.29786474,1.0770864,-0.7169536,1.7786348,0.73431724,1.3216482,-1.0286739,1.3066376,0.98215735,1.04357,1.8147203,1.5609918,0.73256105,0.4240121,-2.7037945,-2.9753573,-0.99092937,-1.1947005,-0.84722054
23348278,1.1056855,-1.8388867,-1.1226035,0.41086763,1.413829,-0.13405836,-1.18874,0.60749274,0.468472,0.47425398,-4.113998,2.265531,-2.2024567,-0.34309644,1.9316369,-2.2455423,0.070147485,1.1746395,-0.24448246,2.0004108,0.19843419,-0.33007675,-0.97565615,-0.6878654,-0.17306845,1.7433699,-1.1208456,-1.1176332,0.21330537,0.111406624,0.6851249,-0.8634282
23348385,-0.9871632,-0.06716333,1.3213958,-1.8695912,0.1995008,2.396237,-2.9404874,0.676907,-0.963819,-0.5392083,-0.107617825,0.9768685,1.9703022,-0.5961036,-1.0772244,-0.5970402,0.9413552,-1.4644024,-1.9213232,0.20870382,-0.8135039,0.42153722,-1.2881858,-0.40992448,-1.5666506,-1.3748056,0.4301707,0.78231895,-0.58791643,0.07227728,-1.4136095,-1.0328506
23348484,1.342922,-2.0507083,-0.5221457,0.6594475,0.97551703,-0.877768,-2.9140885,1.8709753,-1.223347,1.3576629,-5.332963,3.3924508,-3.4981194,-0.3740629,1.8621594,-4.0503902,1.0102904,0.6655562,0.6199536,2.7486238,-1.030769,-1.6538409,-1.098829,-2.1370318,-0.0069510825,1.2973908,-1.986891,-1.5380899,0.3598662,-0.64720476,0.654331,-2.792639
23348626,-1.0640461,5.7376523,0.11037415,0.25540695,0.66487366,-0.0041828044,-1.1156102,-0.7376188,0.8913306,0.6343778,-1.65443,1.3469198,-1.6345192,0.85401094,-1.5761117,-2.1889188,1.3115555,-5.2625546,-0.04865845,4.5013967,0.61970276,-5.2717257,-1.8106465,2.9902825,2.3305047,-0.09750235,0.928836,-0.16664922,-1.0535798,2.479805,3.1544113,-0.17353573
23349941,-0.2756937,1.623767,-0.22678892,-1.0314982,0.2582103,-0.26578143,-1.2717562,-0.99264413,-0.49062192,0.49656206,-0.72539157,-0.36273408,0.8346051,0.44898838,0.2659726,-0.60993546,0.39551303,0.18188347,0.6568106,-0.13716406,-1.5880947,0.40313447,0.99290735,-0.35427856,-0.30893606,-0.6781907,0.29700184,1.0172269,-0.7609064,-0.6307288,1.0606307,-1.4895539
23350380,-1.4046699,6.649918,0.03220363,-0.5695482,0.55937564,0.62980336,-0.5424447,-1.2852925,1.1382322,1.5295695,-1.5077256,0.8787994,-2.4191434,1.074957,-0.7970187,-3.36501,1.307221,-6.6206822,0.83671904,5.16474,1.9460227,-5.510379,-2.9289067,3.2710652,2.7796853,-0.08346328,1.245429,-0.9221129,-2.0158782,3.3437085,4.4283404,0.21814924
23350428,0.20237531,-0.24776226,0.1871925,0.34422588,0.15211678,1.4386348,-0.0733128,-1.5629299,0.66372484,-1.2234477,-0.86337805,-0.21725331,1.2157439,-0.39553422,-0.14325555,0.4618723,-0.39087856,0.46250752,0.033646584,-1.131543,0.12104209,-0.2439379,-0.6470114,-0.701594,0.24409908,0.3643822,-0.6488625,-1.2227287,0.5462433,-0.588185,-1.2724344,1.4732912
23350467,0.30512378,-0.28315055,1.2389132,0.83289564,0.191131,1.5420728,0.8080837,-3.4134393,0.80117226,-1.6618596,-1.8532127,0.025533047,1.8124831,-1.0527186,0.54410154,1.813048,-1.3529866,-0.70603424,0.64556074,-1.8458271,0.9299207,-0.6902768,-1.9166601,-1.5851177,0.11122118,-0.26081818,-1.0408896,-1.2278773,1.0469787,0.41767192,-1.0609872,1.5330681
23352136,-0.35738418,-1.8412166,2.1662405,-0.787896,-1.4228189,0.72222894,2.7326567,0.65177083,2.824232,-3.2622375,-1.74857,0.41462314,-1.1407939,1.3449078,-0.574008,0.7337752,1.5784615,0.65742373,-0.31979445,-0.47032723,0.19591762,2.9437518,1.7094725,1.3063058,1.7405287,-0.56625044,0.1719702,1.3623447,-3.6737473,-0.28353715,0.21560909,-0.24733531
23352834,-1.426285,-0.002511721,0.7808277,-2.1821191,0.8012168,2.4223168,-3.581111,-0.3761653,-1.188526,-0.76259524,-1.2195638,1.7643453,1.8483176,-0.7269158,-0.5615862,-1.2126158,2.1891346,-2.8346057,-2.5513167,0.55488,-0.85962015,0.61427575,-1.9372718,0.084233284,-1.8491125,-1.6463735,0.79986405,0.3871312,-1.1409484,-0.34875363,-1.8759948,-1.0046233
23353533,1.7136748,2.6972022,-1.4363278,-1.6010013,2.7518787,-1.0891799,1.7373989,-1.0631899,1.1692924,-1.6025971,-3.0069761,0.72228986,-0.54614127,-1.9885439,1.761002,-1.2534285,-1.0559182,-1.3236486,1.2976965,0.1599729,-3.4618635,3.046267,1.2480965,0.7827768,0.100609064,1.525049,2.0256011,0.07041179,3.6375487,-1.3110725,1.1794627,-1.4843627
23353592,-0.7883946,-0.7077286,1.2675762,-0.2425664,-1.5411894,0.13481864,2.9364703,1.038346,2.4763656,-3.0921645,-2.243687,0.6309107,-0.81418127,0.40726495,-0.24037275,0.7001928,1.0106983,0.35343897,-0.039226323,-0.43582666,-0.11895598,2.3746667,1.1832846,1.455079,1.7751892,0.06918998,0.61201656,0.84741735,-3.0200882,-0.005479403,0.35269785,-0.08132128
30987798,1.8595039,2.1164973,0.26156542,0.23556355,-1.3281522,1.0593914,0.82457954,-1.3926377,1.3270274,0.21819264,0.4548895,0.4809222,-1.784368,-0.5152444,-1.2293757,0.22411641,-1.206233,-0.86016774,-1.6717823,-0.70367074,-0.50522846,-2.4130702,0.4401388,-2.7139554,0.16656944,0.781566,-0.23159313,-0.2920486,-1.0323452,-0.20568027,-2.7079623,0.8335855
30988957,0.462265,-0.5320774,1.051461,3.0848908,0.4714274,-0.019813526,0.7414251,0.07967185,-0.33353823,-1.5744257,1.248217,0.46464437,-0.9551444,-0.5229863,1.3316493,-1.6559395,-0.037921567,-3.0474422,-0.9111585,-2.5118685,0.04173568,0.19643068,1.2410978,1.271181,0.9283617,-0.75974727,-2.4829574,0.80853444,1.6938795,1.8827742,1.0642498,0.8915311
30989948,0.024754766,0.23486236,-2.2639961,0.96579474,-1.0454144,-1.5028722,0.053084783,0.39053318,1.2702321,-0.20535862,0.069433734,-0.76006037,-0.8269702,0.19175854,0.8475053,0.38263053,-0.15396066,0.89599794,0.84361696,0.17827131,-0.07149137,-0.975344,-0.27940562,0.15542027,-0.06652886,0.48746622,-0.06509526,-0.85050505,1.02749,0.13817129,0.18830131,0.40992567
30989952,0.06709486,-0.88532555,0.3205539,-0.71406734,-0.95082796,0.26897883,1.3032113,0.2728246,1.3373033,-3.0692325,-1.5965987,0.33349705,-0.9829398,1.2105899,-0.7588045,0.8098277,0.9851591,0.17958413,1.3231219,0.21083151,-0.3982204,1.4535687,1.6536885,0.01966183,0.66496646,0.21213253,0.02267106,0.43768403,-1.2998905,-0.3112054,-0.097839825,0.72219723
30990437,-0.169679,-2.1130939,1.6532475,-0.80263364,-0.81170285,1.0551527,2.661157,0.5128452,2.3353505,-4.2909746,-2.545615,0.5374874,-1.7502173,1.3235846,-1.5459673,1.2670441,1.2928828,0.25487125,0.36518237,-0.40252307,0.12376896,3.0138495,2.6051145,0.82526815,1.0486156,-0.57778156,0.4038462,1.1591678,-3.291293,0.22623941,-0.052918367,0.62637407
30991177,-1.5022229,-0.35433075,-1.9646559,-0.049457155,0.34096253,0.72798055,0.47761136,-1.256935,3.5061526,-0.5834089,2.4405868,2.2899654,-1.0587353,-0.09303132,2.4307153,0.755619,-1.7482597,1.1997061,0.32539612,-3.4689975,-0.63350147,1.2753502,-0.5326381,0.21774353,-2.578178,0.18994167,-0.3740081,0.58686966,-1.2114059,1.2530723,-0.64337915,1.5699099
30991797,0.07493127,1.276589,4.278942,1.7026796,-3.4579437,1.5778039,-1.3060834,-1.9425966,0.4799627,1.3381356,3.0191388,-1.7835703,4.0781927,3.9659443,-0.17362641,1.5937005,0.813775,1.3239635,-2.5342245,0.10916601,2.8766274,0.65238035,2.0365748,3.5987399,0.7851052,1.244514,-0.029276155,0.017683726,-2.5418944,1.4218706,4.335916,-0.48019233
30991896,-0.42164785,1.4764961,-0.32924306,1.1097912,-1.9347037,0.92682534,1.6587931,0.16100039,-1.6105797,-1.4157199,0.023642022,-2.297329,-0.014744889,1.0591614,0.103807345,-0.14902818,1.4365981,0.6168339,0.9110734,-1.937337,-0.7282766,0.43934852,2.6137586,0.86919034,-1.1745594,-0.24940245,-0.682769,-2.1493647,-0.075260706,1.1815841,0.8508502,-2.9051816
30993164,-0.10577595,-0.62642825,1.3503594,6.6298304,2.354194,-1.0595984,0.12899876,-0.20472234,-0.30678082,-1.97884,-0.1770441,2.745922,-0.21450193,-1.832351,1.4973927,0.43169305,0.6910078,-3.588649,-0.35024655,-0.6152886,1.1503267,-0.82092583,3.3323405,-1.4796462,1.8817185,-0.5285829,-1.7152863,2.1831212,0.5038543,3.1471648,-0.28086013,1.2669381
30993289,0.77748096,0.015440658,0.5879656,1.7426522,0.86777407,-0.339919,0.27388984,0.08207534,-0.08021772,-0.752034,-0.2335757,-0.040072035,-0.34046158,-0.3725193,1.7564263,-0.88580316,0.25094858,-1.7216916,0.18255629,-1.4238323,0.21989894,0.5459132,1.7776932,0.69431055,0.91609067,-0.7850952,-0.9205577,0.41805473,0.7032229,0.5511091,0.77057445,0.9371931
30993291,0.41947216,-0.36585808,0.7270774,0.64366746,0.14743116,0.8108089,-0.52499026,0.6929024,-0.23749888,0.103367135,0.60872084,-1.129307,-0.10319295,0.16976519,1.2427294,-0.661625,0.31426528,-0.9363929,0.123333916,-1.5492517,0.11325884,1.0550758,-0.67433035,1.2969205,0.47427833,-0.27331352,-0.9246468,-0.33381233,0.82094073,0.4535668,0.46039996,0.38384476
30993300,-0.038131613,-0.4616316,0.8462878,1.8098437,0.19819897,0.48744455,-0.30349973,0.5456,0.16202483,-0.55921155,0.44260922,-0.33308077,-0.7397714,-0.1695822,0.93412036,-0.5916166,0.29165235,-1.4313036,0.14520697,-1.5513381,-0.10495341,0.5155858,0.2594758,0.27237654,0.89473635,-0.059947085,-0.85689926,-0.11665885,0.9274917,1.0097669,0.16399653,0.5517619
30993344,-0.8101216,1.0340486,0.3178481,3.870508,1.589819,-1.5410981,0.83869165,-1.5477369,-0.9863054,-2.3207924,-0.50233316,2.3045201,-0.65829384,-1.6525575,0.58608395,0.07451999,-0.04320984,-0.9440342,0.118371844,-0.6395754,0.18188798,-0.12857777,2.5035872,-1.0246485,-0.331651,-1.245969,-1.1232864,1.3702065,1.0429521,2.5470452,-0.87860143,0.16434225
30993401,-0.010265294,-0.35274792,0.9006652,1.8826317,0.8184584,0.35132706,-0.17135215,0.27004787,-0.05781765,-0.38035625,0.28822955,0.3152628,-0.5538079,-0.13355328,0.87599725,-0.07013336,0.6080037,-1.3011487,-0.0053385086,-1.4827868,0.11339736,0.3188084,0.39633533,-0.18875243,0.2978448,-0.07890323,-0.8615478,0.13960345,1.0294706,1.2843759,0.15409166,0.35092708
30993575,-0.8914305,-0.022373598,-0.9009845,1.0978386,-0.18033627,-0.2620132,-0.5305803,-0.6039133,1.3992358,-0.14092764,0.6864853,1.1478648,-0.38981304,-0.13703643,0.30416176,0.8318817,-0.23742837,1.4599944,-0.6123744,-2.3542392,-0.35102203,0.9243835,0.8925235,0.08889751,-0.7248921,-0.03810841,-0.64191025,0.51719993,-0.7899367,-0.52095157,-0.7286209,-0.08852506
30993927,-2.0488536,0.30651936,-1.3017106,1.5326054,-0.5931784,-0.3239893,-1.0119178,-0.7528012,2.4560113,0.20062427,1.5119213,1.6537405,-0.103095114,0.03344954,0.6820508,0.64639187,0.35987425,2.1700532,-1.2766858,-2.5719151,-0.5397882,1.4393868,1.2951661,-0.5431311,-1.0457199,0.022365915,-1.1670523,2.0047405,-1.0729043,-1.1131191,-1.5303143,0.7180909
30993943,-0.94919926,-0.7919767,-0.17287701,-2.0240462,1.4452786,1.4971814,-3.4501827,-0.13912137,-1.9352868,-0.44851974,-1.9954768,2.4221563,1.2570506,-1.262001,-0.017568316,-2.290051,2.0845041,-3.3448257,-2.3403554,0.74380434,-1.0505229,-1.0272647,-1.2149948,-0.07918413,-2.0941384,-0.82734805,0.4860603,0.038015768,-1.784145,-1.5482193,-1.7697384,-1.4255954
30994263,0.002211038,-0.51436937,0.07328044,-0.8820526,0.1785431,1.2980704,-1.6557776,0.63268876,-1.2153969,-0.17794523,-0.5704439,1.0825754,0.5444484,0.12810206,-0.05080321,-1.4350094,0.31747583,-0.3363876,-1.5074869,0.38285428,-0.39469478,-0.43381214,-1.0394502,-0.61067164,-0.480492,-0.5297412,-0.0023957058,0.07484028,-0.39736897,-0.13465232,-0.12125462,-1.5184304
30994427,-0.8302038,0.3292207,0.37120885,-1.0991135,-1.032425,2.5936093,-1.5487615,0.570419,-1.6471308,0.08558595,0.465905,1.3715833,1.6151276,0.39503318,0.007745121,-0.42121214,0.21116866,-1.0692457,-1.904274,-0.33195528,-0.34659603,0.41483957,-1.1614964,-1.2164786,-0.4361984,-1.514237,0.19464163,-0.20932813,-0.8763258,-0.24616039,-0.9344344,-0.8777814
30994843,-1.6822481,0.41230175,-0.05028328,-2.1463268,0.5898954,2.2124918,-3.0368886,-0.2563773,-1.8340552,-0.6979328,-0.6522098,2.0675306,2.0052714,-0.8709548,-0.061358567,-1.132358,1.8785319,-3.3344717,-2.5901923,0.26845795,-0.45929196,0.03823854,-1.7982733,-0.40968913,-1.5488763,-1.732397,0.7831173,0.29586834,-1.7307972,-1.0531644,-1.418609,-0.7882263
30994857,-1.4323983,0.62141514,-0.504109,-1.5595253,0.52517384,1.805731,-3.0858269,-0.6825647,-1.8075426,-0.5760835,-1.1427941,2.3693986,1.4264034,-0.5181512,0.3871167,-1.2466135,2.1053853,-3.2327485,-2.4059327,0.42021272,-0.26324633,-0.071865305,-1.8292878,-0.27687415,-1.3837469,-1.1684011,0.7095047,0.18198891,-1.4200151,-1.0874599,-1.2808257,-1.2208177
30995015,-0.8952348,0.31854454,-1.0472218,-1.8841735,0.7986014,1.233,-2.7750874,-0.54271686,-2.2199337,-0.5691609,-2.0095594,2.799807,0.83470684,-0.5659093,1.5254291,-1.6042858,2.0789957,-3.4404044,-1.8972946,0.43733212,-0.14220126,-0.6655688,-1.1701744,-0.46638322,-1.0381869,-1.056617,0.7441602,-0.029071897,-2.3345668,-1.5888909,-0.3270009,-0.5921979
30995049,-1.0873615,1.0571793,-0.84605217,-1.8305826,0.51976836,1.8857615,-3.1057334,-0.86319864,-2.0259826,-0.73421526,-1.1140083,2.7547052,1.3539498,-0.6386767,1.0651748,-1.3310198,2.2451737,-3.9424021,-2.2410507,0.33520013,-0.15141739,0.23582816,-1.7351304,-0.49668038,-1.3319178,-1.4967732,1.1736766,-0.0617541,-2.421097,-1.4816109,-0.8860327,-0.8003111
30995988,-0.6889364,0.5311312,0.10840754,-1.5009679,0.65413904,-1.7241112,0.44388008,2.294436,-0.8403269,-1.1140344,1.6852806,-1.7646009,1.414524,0.6328792,-0.8788945,1.058518,0.7242992,-1.9792202,-1.4832331,-0.48102957,0.06695447,1.4351298,1.343499,-1.2893995,0.15353318,3.119197,1.4264351,0.022599395,-1.4254875,0.04621303,0.91110873,0.5511807
30996612,-0.46409446,0.6753335,-0.13882568,-1.4281001,1.1728631,-1.8090965,-0.5029523,2.4880638,-1.5710763,-1.6023879,2.4169576,-1.9589499,1.8576232,0.26137865,-0.889329,1.6087931,-0.24294958,-1.443381,-1.9656225,-0.45637515,-0.04004964,1.4476278,0.8074869,-0.56933147,-0.19549291,2.6611414,1.4819247,0.11220862,-1.2039906,0.05102278,0.92045766,-0.03870028
30997640,-2.8353903,1.2918569,-1.5428171,0.8961685,-0.09089955,1.2178407,0.20766465,-1.1787004,3.5416207,0.6998303,2.6500454,2.5481894,-0.88010347,0.6208139,2.6219811,-0.10345208,-1.0847888,0.9853415,0.29865733,-1.8832757,0.16189943,1.3443984,0.021253385,-0.6525853,-2.7761245,0.6535593,0.15676312,1.6688129,-1.9266647,1.6599303,-0.84821737,1.5897549
30998659,-0.46163583,0.43549913,-1.2880416,1.2526357,-1.4505883,0.589323,0.95932585,0.16657001,-1.6534735,-2.382466,0.4963095,-2.0394883,-0.9720532,1.4718664,-0.57276785,-0.38527372,1.6416181,0.4344389,0.73211443,-0.73413813,-1.535167,0.017758928,1.9947623,0.7693776,-1.3543062,-0.33443466,0.041267347,-1.3919672,-0.28410473,0.67726165,0.5415621,-2.6654477
30998984,-0.6604075,0.19111536,-1.9546425,1.6369197,-1.8685626,1.0865713,0.741608,-0.31178972,-1.5327104,-2.5047278,0.8049857,-2.1785588,-1.2669328,2.7224402,-1.1403921,-0.6972976,2.1388865,1.0240141,1.1072581,-0.6681549,-1.6638776,0.14944953,2.426733,1.2613628,-1.3019794,0.34647164,0.44466874,-1.5276529,-0.99828106,0.36890447,1.0679291,-2.7841027
30999432,1.036787,1.83754,-0.7792941,-1.4059715,1.0052373,-0.30792534,0.59024656,-0.9941854,1.439806,-0.7366895,-1.2207233,0.3777492,-0.80574656,-0.35288715,1.2635144,0.010322737,-0.112109326,-0.58018374,0.7614106,-0.23520744,-1.9135767,2.4188159,0.1748805,0.387565,-0.3342248,0.20512018,1.2640488,0.37089065,2.239823,-0.8086375,0.39548594,-0.48622814
30999500,2.8355856,2.1340678,-2.6848526,-0.7790769,1.748868,0.11807692,2.1508741,-0.66798925,0.25736642,-0.7792478,-1.6809596,0.50498277,-0.15901294,-1.0774168,1.594593,-1.1167253,-0.8761071,-0.7912344,0.2910643,0.3771788,-2.1005428,2.1619477,1.6002883,1.1614202,1.4288409,0.9863791,2.489777,-0.12298827,2.7722452,-1.2301947,-0.041806325,-1.7350048
30999505,1.4321715,1.4089298,-1.442092,-0.15296902,0.64907473,0.29378617,1.0416824,-0.014799747,1.0627763,0.02440861,-0.5208343,1.5528858,0.05220854,0.9525555,1.0197598,1.0457047,-0.6701198,-0.94331664,0.81239,-0.506185,-0.5653792,1.1196417,-0.18662871,1.4442533,0.7677769,-0.54299,0.76221615,-0.47868732,2.3183553,-0.4174076,0.9741779,-1.1407288
30999519,0.5593105,1.9353626,-0.588186,-0.7542851,2.6367435,-0.5528193,0.5602954,-1.8158616,1.4052613,-1.6075734,-0.7921916,0.8883969,-1.1686275,-0.34747502,1.1838022,-1.1039336,0.5820895,-0.7436372,-0.015244011,-0.17279169,-1.8891183,2.3594203,0.84788257,0.30415684,-1.6617403,0.004090609,0.93878126,1.2203581,2.2428744,-1.6253186,-0.23142542,-0.3669283
31000620,0.43665135,0.13524365,-4.591354,1.3261591,1.8261136,-2.6473444,0.23237307,-1.807382,0.9580423,0.38214952,-5.6600347,5.260423,-3.9146132,1.5254298,6.3607464,-1.1798842,2.3412418,0.41326064,2.4479249,1.6386814,3.1209834,-1.1205657,1.9246453,-0.64549303,0.93685806,4.1280704,-0.8832643,-2.2755187,-1.3633909,-1.4504884,3.7922616,-0.1795969
31003122,-2.325544,0.8559009,1.5319602,-3.0936496,-2.362717,-1.5039604,-0.060912583,0.5218835,-2.28008,-0.1436486,0.20173614,0.47315842,0.6926205,-3.2521942,2.3572838,-1.1552782,-1.1116072,0.39083156,1.7063806,-0.23598498,1.8505927,-1.9492455,0.8393517,0.32272267,0.14932518,2.4179888,-2.447298,2.090208,1.0178459,0.8557082,-1.3029642,-0.17272183
31004744,-0.85376775,0.53186464,0.12628067,-2.06884,1.1861781,-1.3276523,0.8105423,1.8334857,-0.62411976,-1.7535594,2.2426245,-2.3135831,1.1715591,0.76452047,-1.3978237,0.32295874,1.9982655,-2.0177429,-1.0227134,-0.6998689,-0.074663036,1.4001482,1.4350442,-2.108661,-0.012646092,3.7182002,1.9612678,0.3901119,-3.0497613,0.14898217,0.6571875,1.1175936
31004766,-1.1146928,3.1370306,0.11756769,-1.4644225,0.52437174,-1.2280914,-2.8048222,-2.412152,-0.15088843,1.3132355,0.01738497,-0.5360904,2.819247,0.59851396,1.1170617,-1.2916454,1.2726892,1.3608792,2.3186777,-0.49566102,-2.8709545,0.0837505,0.7018926,-0.47725457,-1.1226022,-2.1789052,1.713195,1.435854,-2.4133081,-0.3871536,1.7394353,-2.543495
31007486,1.0076507,1.8383738,0.26873007,0.6069752,-1.5366307,0.020614803,0.07606004,-0.171794,1.7656184,0.3668577,0.93776983,1.6201222,-2.1432717,-0.1745418,-1.3272647,0.35865918,-0.60518736,-0.39400178,-1.3625447,-0.44152105,-0.8852153,-2.4715824,0.36886162,-2.7153125,0.7128011,-0.3184353,-1.195221,-2.0209882,-1.5599207,0.07020445,-2.295263,0.5673529
31008085,0.9958798,1.9271284,0.58897215,0.17664883,-1.607726,-0.36549014,0.2676893,0.033297442,1.2942646,1.4315894,0.6102086,0.99096525,-2.9340968,0.37127408,-0.9723781,-0.086745925,-0.6368299,-0.2315687,-1.5064254,0.10781864,-0.6771717,-3.0274687,0.35155368,-2.6428518,0.7562417,-0.30605975,-1.4995227,-2.2201703,-2.0909111,-0.47496617,-2.0018828,0.27864084
31009170,-0.7693572,-0.7023526,-0.52897185,0.25729477,0.6113298,-0.92528284,1.0712351,-1.0018864,-1.5786235,-1.267848,-1.4069437,-0.11271246,1.0093373,-0.26383853,0.8513434,0.6754396,-0.59091264,1.8314764,-0.08895749,-1.9817452,-0.32018578,-1.1092211,-1.5240207,-0.5618578,-0.8185937,1.3116534,-0.8368064,0.814441,1.4813354,-0.11491339,0.80702895,-0.22288737
31010423,-0.22921073,3.343112,5.111298,0.2138427,-3.6594849,0.7041233,0.29502845,-0.74634063,1.3473938,0.6013452,1.697457,-2.202219,4.8487654,2.1818032,0.6882199,2.945178,-0.24313308,0.6276216,-2.8284388,-1.482263,3.6542187,0.45309293,1.6271757,2.3900197,0.5151692,0.042775135,-1.6718969,0.29033443,-0.09341962,2.6720011,3.5296626,-1.8475629
31013793,-0.86767405,2.7844613,-0.21171525,0.603155,2.1988056,-1.0040102,-1.8253996,-2.0755827,0.6839512,1.5351809,-0.75634676,-1.5479298,1.9925117,1.8751523,1.0206364,-0.7282238,2.0694442,0.7120092,1.4886957,-1.0336709,-3.469402,0.3250963,0.6591142,-0.29528552,-1.1490377,-2.7722967,2.1225927,0.91952,-2.4153733,-1.9748921,2.4403203,-4.077791
31015970,-0.015270311,0.2157233,-0.93872386,1.2714534,0.5841228,1.8644184,0.14161305,-0.23318595,1.6228704,-1.5005525,0.16533354,0.8272032,0.37160948,-2.2206757,-1.530639,0.75177664,-0.0058706403,-0.06850935,-0.35309705,-1.0455639,-0.5493102,-0.7342478,-0.2500389,-1.9982113,-0.2256841,0.029142268,-1.1076707,-0.58291614,-0.23907211,0.03389746,-0.84522533,1.0410887
31016224,-1.5639361,0.9318579,-0.10966568,-1.6870197,1.0297858,2.2170446,-2.961721,-1.2628673,-2.0049152,-1.1059418,-1.2997926,2.4426565,1.814261,-0.58788484,0.6727247,-0.5740377,2.5935714,-3.598055,-1.8850101,0.14840105,-0.0022629034,0.24588941,-1.1362845,-0.6582483,-1.1507663,-1.3823397,1.0933299,0.29169667,-2.2797217,-1.0743014,-0.6252972,-1.1385803
31020523,-0.3296705,-1.709419,1.5931605,0.1681383,-0.7426985,-0.05112811,2.8939874,0.5217795,2.2707186,-3.7825181,-1.6296104,0.94338727,-1.4510239,0.45921955,-0.6218464,1.3874989,0.95982724,0.8776383,-0.08341071,-0.6068313,-0.37118796,2.7222366,2.2148519,1.5549517,1.8579509,0.1831681,0.3052822,0.4109728,-3.0554733,-0.06389845,-0.2739696,1.1971973
31022029,0.870718,1.7835045,-1.8675503,1.6544902,-0.46640632,-4.47619,5.182303,0.33939442,-2.822893,1.575548,-0.111786224,2.1228056,1.2448536,-2.196532,1.5577264,-2.2383106,2.690812,1.501511,0.5741333,-0.34478173,1.6657679,3.1704593,-0.06106233,-2.322145,-4.8993645,-1.3004975,-7.634478,2.6400125,4.3484335,0.995832,6.28875,2.1278446
31022705,3.1268394,1.4504899,-2.0080862,-0.22342694,-0.9366429,-0.49888727,1.9647017,2.0859993,-0.3130712,1.4179645,-1.1922263,1.7897007,1.0394763,-0.8877728,1.1265914,0.24275401,-0.5047829,-0.25122094,0.6259215,0.16341606,-2.8025017,-0.31672034,0.22494249,2.087356,3.566754,1.0360115,0.048414752,-1.4378111,0.8554059,2.2543454,-0.0011406373,-0.61417943
31023857,-1.1842241,0.15112942,-3.412225,-1.2341151,2.685163,-1.2026758,-2.4726114,-1.9569646,-0.9790253,-0.8088758,-5.532308,5.1940184,-1.6039327,-0.3375135,4.1255984,-2.3530831,3.2882388,-3.6380084,-0.9817643,1.8920604,0.98308617,-0.9139497,-0.79949474,0.28659028,-1.07758,1.8203679,0.38984442,-0.91624194,-2.9228482,-2.2941508,1.0508845,-0.29360795
31027208,-0.81762165,-0.65797377,1.6128005,0.8836832,0.932354,-0.11742978,1.3891479,-3.6503463,-1.0373209,-2.4095738,-2.6787705,-0.12709187,2.4156466,-0.5503589,1.2564888,2.6593192,-1.9187505,0.47655034,0.5824087,-3.0670807,-0.08816782,-2.1650436,-3.126673,-2.0081575,-0.5622697,1.2147409,-1.4616268,-0.0031333137,1.666321,0.89824307,-0.3223006,0.03443329
31027350,0.65045524,0.71030575,3.8744457,-2.5609381,-4.2966185,-1.7913225,-1.1723647,-0.3233493,-1.4167762,3.2548406,-0.61532056,-0.46802187,2.3889787,-4.7968044,5.921519,3.6244006,-3.9771743,0.79637367,1.9629523,-2.1211982,3.1990216,-0.99529505,-0.5912871,1.7490069,-0.20194252,3.0290534,-0.94618565,1.2829869,-1.3217074,2.217538,-4.3401995,-0.97022104
31028709,0.81890446,0.9071812,-0.8304362,0.37328565,0.28256056,1.5734682,0.738295,0.062306084,1.0332574,0.09552672,0.008529507,1.2349007,0.91315806,-0.36172065,-0.4846945,-1.670438,1.3157887,1.0469458,0.06080413,0.8019346,0.6807616,2.0578034,0.7925613,-0.4849776,-1.0562836,-1.5077195,-4.0028825,0.05851738,1.043923,-0.94438684,0.8466914,3.3529298
31031859,0.07429403,0.4829418,1.7807584,5.7345037,3.6699262,-2.4392323,0.87304544,-1.596509,-0.55245453,-0.76829714,-2.4776182,3.7989373,-0.68363196,-1.8752661,0.7557525,-0.7589881,0.7333791,-3.0480096,-0.83762914,-1.7853476,1.2564998,-0.96885335,6.166281,-2.6263444,0.7111241,0.30238912,-1.953418,3.3248663,0.48109385,1.7102994,-1.0280745,0.5879386
31032217,3.0231662,3.3364663,-1.2217749,1.372448,-0.43464163,0.6049264,0.84626067,1.4816997,0.56395143,1.9065127,-0.25376672,2.2172358,0.5122637,2.7172475,0.5932239,1.2462637,-0.9922416,-2.59148,1.2385677,-1.4575933,-1.1097059,-1.1637129,-0.7802779,2.8333962,2.8919842,-0.32918635,0.13194296,-1.5720949,2.7918098,1.2188858,0.7767057,-0.9909293
31033442,0.60735786,-0.8233956,1.8156863,0.5645013,-0.2317482,2.8878355,-0.35294425,-4.3382363,1.5525708,-3.2674916,-1.8518283,-0.11400086,3.1906834,-0.5025105,-0.65171844,2.8247948,-2.1430092,-0.87581986,0.5732691,-1.8347541,0.42106107,-1.1194026,-2.7619865,-1.5216447,0.50407356,-0.25416604,-1.0033494,-2.089203,0.83648354,-0.48875844,-2.4220989,2.1525912
31034432,-2.1326187,0.47660592,-0.9443863,-2.2308004,2.023032,1.147872,-4.0247636,-1.7094088,-1.8080556,-1.6608188,-2.3036163,3.3007874,1.6203651,-1.320433,0.8175952,-1.9320686,3.2044287,-5.0183263,-2.4209538,0.7076417,-1.137689,0.0745763,-1.8695632,0.24427676,-2.3624108,-1.3183143,1.2495191,0.15890293,-2.3880575,-1.8487706,-1.5881789,-0.92405456
31034668,0.43662512,2.61227,-1.8161191,-0.05392261,-0.5370161,-1.5814319,2.1505501,-1.7862251,-1.5125399,-2.4613788,-0.81713086,0.43071416,0.8864889,-2.5787253,0.644076,0.011995185,-1.161345,1.5837628,-0.3615729,1.7984163,-0.011227608,-0.92290205,1.7573985,0.8028742,0.16588488,-2.3847425,0.7815178,0.97037065,-0.61452776,0.58668655,0.07854627,-0.54182667
31036389,2.2157366,0.611081,-2.1862302,0.7507012,-2.271034,0.14111143,1.5363896,2.2901947,-1.1106441,1.7996927,-0.18879148,1.6431539,2.406226,0.15500957,0.5326259,1.4981635,-1.3414959,-1.5360448,0.98759836,-0.53699034,-0.6169259,-0.82862204,-0.9255405,2.0732343,3.9250968,0.19978803,0.49644977,-1.958654,0.661747,2.2329576,0.05046381,-1.5280937
31036964,0.65195966,1.6673334,-0.46248308,0.835523,0.7901779,-1.6032273,1.5179685,-1.2842529,-1.3502747,-1.5306205,-1.4347605,1.1177899,0.4714697,-1.9779719,1.0485897,-0.5068563,-0.31586456,0.050625585,-0.71742415,0.13215245,0.53647,-0.108356714,2.821322,0.26297915,-0.12776506,-1.1269215,-0.006548837,1.0891675,-0.44228616,0.28128523,-0.09276982,-0.026224472
31037057,0.17657813,2.5935736,-0.78930134,0.7508191,1.1021757,-2.1487691,2.1263251,-2.382134,-1.7618756,-1.7762983,-1.8952373,1.7146031,0.98425597,-2.3291798,0.856309,-0.30581194,-0.7669827,1.1703134,-0.9423054,0.95382607,0.47145742,-0.55958986,3.550662,-0.4450168,-0.143269,-1.6466,0.4521714,1.6768957,-0.60949457,0.24337474,-0.054588497,-0.719797
31037548,-0.23645401,1.6233008,3.18209,1.0005498,-1.8131409,0.52807325,-0.7661319,-1.3000418,1.3589847,1.2674679,1.4326813,-1.3228995,2.9968226,1.2732346,1.1074135,0.92492867,0.01933245,0.69434005,-1.5968137,-0.13338836,2.1695347,0.22929968,0.9273281,1.5972133,0.32283244,-0.537832,-0.73219883,0.5714463,-1.1137247,1.7017424,2.125503,-0.38095528
31037853,0.09162567,0.726596,1.4008209,-4.4118204,-0.38013253,-1.4844022,1.4850812,1.0391759,-0.3846114,0.31714797,1.9676362,-3.0916452,-0.4972353,-1.0334885,-2.3119078,0.13712943,0.8937754,-2.4161162,-3.2163107,-1.900872,-1.0643436,1.199858,2.9812107,-4.1581683,0.31774634,3.4405932,2.8354409,-1.9866161,-3.1916814,-0.75359607,1.7493095,0.9538022
31038404,-0.34101003,-0.5804444,0.63525355,0.8447157,0.68198097,-0.21793656,1.6230074,-2.694966,-0.30426425,-1.5814248,-1.6764984,0.35797107,1.9881297,-0.85851085,1.1774399,1.3645318,-1.0680268,0.3265191,0.98399353,-2.613593,-0.1287733,-1.2238752,-2.2574608,-1.6935483,-1.1130877,0.54950464,-1.7577524,-0.09950937,1.8640912,0.13206144,0.20919628,0.54739124
31038483,-0.97446746,2.0852432,-0.6969083,0.1668296,0.16676557,0.20749652,-0.39027488,-0.94552773,1.2976035,-0.47468722,-0.45660424,1.2493122,-1.7251968,0.21745881,-0.30938485,-0.31419158,-0.16142537,-2.382787,0.15021653,0.31332934,0.3172293,-2.2768729,-0.8577424,2.0690393,0.6748766,-0.25046396,0.025413405,-0.6873352,-0.97310305,1.6075994,1.254324,-0.54301274
31038683,-1.624516,4.4100513,0.11850417,0.7860298,-0.1391362,0.17846577,-0.81814694,-1.1336153,1.1091353,0.9597592,-0.86855465,1.0121069,-1.7697245,0.63239866,-0.26641983,-1.9959337,1.011952,-4.0211163,0.3015727,3.2039022,1.3170903,-3.4169514,-1.474096,2.1052117,2.1255436,-0.35086542,0.7086382,-0.18778484,-1.5309079,2.1238973,2.066659,-0.089428954
31039185,0.57672113,-0.9044065,1.1058832,0.63143706,0.08824709,3.011937,-0.5781385,-3.3332229,1.6047707,-2.040252,-1.0423009,-0.1788625,1.6607616,-0.66214776,-0.45309445,1.4094944,-1.1361964,-0.40678337,0.32048756,-1.4914435,0.2622118,-0.98525316,-1.7177513,-1.1273332,1.1045732,-0.16606092,-0.62297404,-2.0452082,0.17515779,-0.5190566,-2.3602748,1.4353201
31039912,-0.030136341,3.5332797,4.0285764,0.5913921,-3.564655,1.0061269,1.5642079,0.0281399,0.10063034,-0.8164167,1.5404096,-2.8274345,3.7500687,1.9957294,-0.24362393,3.3257997,0.9789838,0.64894813,-1.7809433,-2.6616437,2.5306814,0.95264846,2.365895,2.2566051,-0.53246963,-0.28869027,-1.6138964,-1.4511112,0.7034593,2.688269,3.2757301,-2.7633016
31040366,-1.6011484,-0.3318669,-2.7138538,1.0138302,0.8887347,-0.2970311,-0.8884979,-1.3263621,0.037285164,0.9641468,-3.0425382,4.965227,-1.8620313,2.1154845,4.551156,0.9395294,1.5702487,0.22255713,1.9598233,0.0368146,1.3667511,-1.2744832,1.1288304,-1.8522129,1.0419093,0.7874487,-0.81424636,-1.8793529,-0.5643506,-0.53583217,3.1274242,-0.6151374
31041054,-1.606352,-0.982921,-2.3032339,-1.0542697,0.39716882,0.85692024,0.5745659,-1.343852,4.128186,-0.61003155,2.8239458,2.0698242,-0.92065585,-0.56234217,3.069381,0.8999637,-2.3952465,1.2037395,0.73542964,-4.024627,-0.46458066,1.5979755,-0.48628283,0.13669334,-3.239004,0.0038835425,-0.62982506,-0.20380358,-0.9115276,1.4995695,-0.831974,1.2222819
31041702,0.4081211,2.358441,0.66653633,0.056399003,1.0403273,0.4261932,-1.8114499,-1.5051421,0.53154933,2.0306907,-1.8888487,-1.0745671,1.6929903,1.6679262,1.218387,0.9341548,1.288892,-0.32316872,0.8748602,-1.379918,-2.33298,1.1995722,1.0395325,-0.4143659,-0.27526182,-1.9565158,1.3865796,0.19219969,-1.6185422,-1.6787814,1.7439653,-2.3061378
31042788,0.20406884,1.1149129,-0.3946614,0.83108765,-0.050261974,-0.62264156,1.1633563,-1.533859,-0.95112705,-1.3806955,0.026005305,-0.035567056,0.5559961,-1.5582749,1.3990207,-0.29923075,-0.1320595,0.16063118,-0.29300535,0.2939808,-0.3433485,0.30159086,1.6109029,1.0123378,0.51489705,-1.3885522,0.056361422,0.5872652,-0.7348265,0.5623388,0.68992865,0.4664471
31043329,-0.15901724,2.2702525,-1.3039753,0.99328,0.07917118,-1.9144034,1.9556235,-2.2714179,-1.5644478,-2.7345822,-0.819959,0.6874376,0.7334774,-2.452084,1.0601904,0.19852425,-0.50428146,0.7058025,-0.5073193,1.623105,0.34403735,-0.17611963,2.051834,0.29564106,0.17751813,-2.229698,0.71026886,1.337545,-0.35651198,0.84799165,0.34589645,-0.2767405
31044379,-2.2312515,1.9752897,0.27907524,-2.1963856,0.7702856,-2.0109887,-2.0308223,-1.8881663,-0.6727683,0.51274925,0.84370166,-0.24132401,2.3185966,0.04960596,1.3432862,-1.4899013,0.7809975,1.8098494,2.2488053,-0.8118887,-0.9971555,-1.2164888,0.20711182,0.598038,-0.7127776,-0.57372355,0.92825073,1.7909774,-2.0813,0.078972965,1.632981,-2.4332983
31044449,-1.636346,2.3990188,0.1649952,-1.8034167,0.87024,-1.4773233,-2.2416718,-2.052643,-0.43838257,0.7456941,-0.031341482,-0.7806638,2.0808678,0.19909787,1.381395,-1.2865224,1.205792,1.3829929,2.139889,-0.7428035,-1.9386237,-0.7757551,0.7892274,0.21158041,-0.8973088,-1.5171013,1.1293192,1.7816377,-2.150064,-0.3799338,1.7504282,-3.229955
31044757,-0.13843423,-0.64897615,0.001347173,-0.15105656,1.4871773,-1.2326314,-1.7838607,1.0409282,-1.0220464,-0.2933761,0.96622777,-1.7045894,0.36775583,0.7638443,-0.24332127,0.13254608,0.010153174,-0.60101193,-0.87556535,0.20668659,0.2169778,0.2651358,0.07360484,0.08495188,-0.75350195,1.3046136,0.13245857,-0.04665189,-0.64347696,0.2701462,0.53919226,0.0004592426
31044806,-0.73972696,0.5804486,0.7323615,1.0746505,-1.8477385,1.2727535,0.48508573,-0.3406712,-0.59644544,-0.6784817,1.1732916,-2.0583434,1.0057693,1.4085587,-0.25604033,0.4898354,1.0129498,0.36909285,-0.3003278,-0.44540903,0.27696604,-0.22612712,1.8330197,1.2602936,-0.99707395,-0.24370913,-0.6126979,-1.2185725,-0.8915403,1.6686068,0.75263226,-1.6809764
31044837,0.85848093,-1.3866816,0.70854676,-0.5966215,1.1005785,-0.6239949,-1.6889764,1.4050645,-1.3401046,0.9081859,-0.30655393,-2.026326,-0.7554786,1.0318651,-0.97644377,-0.11988039,-1.2683246,0.14553277,-1.3142279,-0.8470571,0.2485247,-0.41748527,0.2021706,-0.63161373,-0.5165062,-0.332446,-0.022487987,-1.2325494,0.39518163,0.05803765,0.27386796,-1.2693453
31044947,0.33392754,-0.74262476,2.069499,0.93828666,0.40912306,2.8610437,-0.068287484,-4.1821375,1.7017174,-2.032546,-1.611591,0.060388993,1.9438661,-0.93391776,-0.19133505,2.1842854,-1.6621487,-0.70561594,0.90282595,-1.5927819,0.48998404,-1.4095076,-2.4388752,-1.5154575,0.7339571,-0.2360468,-1.1813155,-1.6131974,0.5299,-0.16760765,-2.2298326,1.1762338
31045863,-0.29143432,1.0695815,0.56232876,3.1495106,1.029464,-1.1572993,0.9523786,-1.0975869,-1.0444373,-2.4967606,-0.34859115,1.1935612,-0.57603866,-1.5577594,0.6285893,-0.2690517,0.21997793,-0.66509074,-0.5818595,-0.84925085,0.21327198,0.2347278,2.2276497,-0.06050445,-0.32959938,-1.3400451,-1.2889088,1.684321,1.4361871,1.7266123,-0.39625528,0.14170706
31046611,0.37725952,-0.28654495,-0.32817534,-2.3326924,0.46032467,-1.3480479,0.44471794,2.1018589,-0.612414,-1.5041541,1.7529633,-3.23164,0.39728147,1.0255847,-1.1882035,0.11480209,1.0863638,-1.7256374,-1.4860389,-0.47958282,0.027958905,1.0803397,2.1089892,-2.8662431,-0.6960708,3.2084365,1.6863905,-0.2789134,-2.5219994,0.03673715,1.6550789,0.6805036
31047154,0.5866887,1.192345,3.8232749,-2.9405382,-4.978225,-1.3142703,-1.8079296,-0.19572318,-2.7075987,2.2725792,-1.0619391,-0.9557878,1.4364815,-5.4480076,5.67793,1.9838995,-4.428579,0.2369885,2.0148175,-1.4372452,3.6915276,-1.1719619,0.8343528,1.5105333,-0.16397503,3.839604,-2.5898285,2.6111355,-0.925628,0.95911115,-3.0216458,-0.43731576
31048127,1.308223,1.3758007,-0.80953455,0.45945147,-0.701864,1.4987015,0.74261564,-1.6130832,1.0140609,-0.59151727,0.11090885,0.2819133,-1.5057093,-1.1319015,-0.88844895,-0.07012295,-0.9891326,-0.7073647,-1.3484708,-1.1351347,-0.61460096,-2.2278976,-0.12972224,-1.8678735,0.82966876,0.39037812,-0.57555634,-0.55494887,-1.0467743,0.048215672,-1.8444154,0.08662031
31048949,0.13329083,3.363226,-0.9994491,0.68126345,2.8371227,-0.30991632,-2.0482938,-2.5086274,1.4608965,1.557895,-1.539874,-2.2905195,2.4758718,3.6323452,0.2925396,-0.5972367,2.8318994,0.8322557,1.3590952,-0.69917464,-5.7315006,1.4806724,1.0622449,-0.84020394,-1.1374137,-4.6368885,3.7236373,1.0785978,-2.8953888,-2.7571983,4.1513596,-4.496455
31051610,-0.018322375,-0.40785685,0.5810861,-0.3449534,-1.1460215,-0.14490497,1.1198915,0.72377944,2.3373823,-2.7768579,-1.757602,0.8998122,-0.23875533,0.61482793,-0.40078482,0.022434875,1.092475,0.122693196,1.2227507,-0.16169323,-0.15833807,1.4152019,1.3906016,0.8073024,0.81357414,0.76164055,-0.34285337,-0.7269396,-2.0666323,-0.65256006,-0.081599645,-0.06583544
31051683,0.1511349,-0.31094977,0.9394946,-0.46316934,-1.5697067,-0.21821967,1.548916,1.3228866,3.0848248,-2.8786292,-2.5281734,1.0514252,0.09884145,0.45428446,-0.2805867,-0.38670897,1.3272766,0.12808853,1.1666933,-0.2276992,0.07646937,1.6939058,1.3097625,1.1542356,1.304177,1.0909694,-0.37544867,-1.0355793,-2.4610417,-0.6863005,-0.24533312,-0.3166124
31051966,1.1104511,2.3438456,1.1892097,-0.54849344,-1.7279676,-1.6538947,-0.051201027,0.9107484,1.7334756,2.4719758,1.9499556,1.4819682,-3.6483572,1.7333372,-0.6204843,-0.6631822,-0.49484426,0.30046725,-1.7008051,1.1210699,-0.8092259,-2.74788,1.0986847,-2.4782903,-0.1412606,0.2110439,-1.4046406,-2.604141,-2.2295845,-1.224289,-1.9374285,1.1460832
31053748,-0.5293275,-0.21163854,0.1089164,-0.13769925,0.5340084,0.8752859,0.37030777,-2.1800835,0.39545262,-1.7766734,-0.71857184,-0.458367,0.84940416,-0.70051634,0.023044296,0.5719788,0.22425732,0.9947152,0.013167739,-1.4417468,-0.24688211,-0.17952038,-1.3545296,-0.96818966,-0.23740003,0.1799266,-1.543864,-0.42874363,1.3862803,-0.31890598,-0.80860656,1.5724047
31054772,-3.5401576,3.5807962,-1.4944619,1.117232,-0.62576044,1.0297581,0.92023456,-2.0180604,3.324007,1.0398345,1.9529401,1.9916255,-1.8100387,0.68848646,2.0704534,-0.90463287,-0.37314463,-1.294692,0.21734923,1.1419871,1.5592134,-1.1664977,-1.6188987,0.8142249,-1.2035084,0.45858943,0.3736228,1.1241525,-2.500798,2.93839,1.0597272,2.7353308
31054956,-3.9725823,4.847367,-1.6974342,0.0013695974,-0.18667108,1.4867206,1.2377872,-2.4029937,3.1694613,1.3613158,1.9967784,1.5226872,-2.6427362,0.8128839,2.216008,-1.9237621,-0.3065982,-3.120413,0.2861425,2.0040355,1.7712408,-2.0589159,-2.8437893,1.0112209,-0.39903203,0.7083326,0.22884734,0.745055,-2.3131583,4.315384,2.337594,2.205976
31056545,-0.37870586,1.0887665,-0.11719031,1.3258003,0.34701502,-0.46217117,0.5909379,-0.97958654,-0.762249,-1.8861691,-0.3673507,0.7987795,-0.39776492,-1.2494698,0.9055441,0.5245105,-0.1594536,0.4657132,0.043314632,-0.3156037,0.091223195,0.2606101,0.6895249,-0.35500497,-0.09549037,-1.166689,-0.0014942735,0.72008663,0.79806185,1.3063946,-0.68854165,-0.29088855
31058488,1.5381237,2.8066394,-1.3189433,2.094648,2.1982481,0.8615421,-1.2714821,-2.19546,1.9681935,1.6481473,-2.8803287,-2.3584127,1.2286232,3.393719,-0.7023344,-0.5467209,2.826388,-0.8073685,0.66214055,-0.72123003,-5.5192037,2.1826751,1.7387679,-1.558848,-0.2712927,-3.8542593,2.9889405,0.14092752,-1.8052143,-3.385058,3.4237468,-3.8903427
31058945,-0.8876451,1.089342,0.27491608,2.3402865,0.070448965,-0.12732883,0.973872,-1.4167144,-1.2208325,-2.9121606,0.6853432,0.80048424,-0.92766875,-1.5763106,0.71519345,-0.28160524,-0.4322517,0.5280422,-0.69641477,0.10907001,-0.27483514,0.42741203,0.82751125,0.5059352,-0.7681738,-1.7452217,-0.9087535,1.4107744,1.7558205,1.7970352,-0.24502228,-0.90680367
31059101,-0.7018787,0.50580937,-0.28133196,1.7581292,-0.4987529,0.0008995943,0.99239415,-0.86694205,-0.9404534,-2.9001443,1.0772682,0.24870817,-0.7486742,-1.4488138,1.1063251,-0.24091837,-0.41523948,0.2753726,-0.025121484,-0.022065302,-0.42071044,0.5356038,0.3866113,0.698056,-0.38457316,-1.6578482,-0.39350635,0.5061246,1.2028332,1.3175492,-0.047380373,-0.45900252
31059103,-0.46796435,1.3925811,-0.26570806,0.002773137,-0.73978907,0.28945282,0.59863883,-0.9131294,-0.7689962,-2.114545,0.37540004,-0.3306246,0.21969038,-1.2601875,1.1005578,0.30120656,-0.18561584,1.2671636,-0.04883187,0.00025103497,-0.28924665,0.8744792,-0.23868142,1.2596345,-0.3844976,-1.6642009,0.13478027,-0.0943733,0.5748442,0.25878,0.5250913,-0.2547688
31059138,-0.23958036,0.24887551,-2.0242398,1.3528757,-1.8947839,0.9370993,1.3056581,0.06500602,-1.0436227,-2.6868649,0.2734529,-2.1155381,-1.1987232,2.275827,-0.93274796,-0.5141001,2.2250834,0.9215409,1.2783815,-0.7124768,-1.5211787,0.283746,2.084377,1.0920918,-1.5582539,0.6055898,0.4501084,-1.8189154,-0.7403454,0.21346697,1.2057924,-2.3831437
31059238,-2.46264,2.2499425,0.75970274,-2.0886083,-0.59265995,-1.5725976,-1.5030953,-1.2833656,-1.3012373,0.11800323,0.5780847,0.07262075,1.9216828,-1.2426672,1.4289465,-2.1391706,0.4080442,1.2187113,1.8843087,-0.30416426,-0.9151401,-1.6650888,0.69526494,0.22108866,-0.3646121,0.29154456,-0.08042513,1.954693,-1.4290633,0.24655321,0.7973802,-2.339451
31059284,-1.4744039,2.080795,-0.05870535,-1.2045532,-0.79745257,-0.91494673,-0.52792704,-0.11885923,-1.190579,-0.107330404,-0.72087234,-0.16373986,0.15368317,-1.7651937,0.47158843,-2.6349473,0.0020183008,1.016559,0.8739097,0.68551373,-1.2404484,-1.6090558,1.5114367,-0.82682174,-0.4949897,-0.045670018,-1.3610822,1.8469701,0.59609187,-0.39870092,0.64707303,-0.7409328
31059357,-1.5180315,1.7026575,0.48663226,-1.6766647,-0.6953496,-0.93455106,-0.6365357,-0.7101013,-1.527728,-0.56201446,-0.22591032,-0.5645274,0.7567536,-2.3521705,0.8533714,-2.854878,-0.16804188,0.60464275,1.7095828,1.1058118,-0.8624882,-1.5299038,2.118066,-0.40562493,0.5086744,0.6367723,-1.6041859,2.2663987,-0.014650033,0.040990625,0.38508937,-0.8587067
31059368,-0.38239822,1.3591797,1.4072285,-0.62922895,-2.0527966,0.45510647,-0.46479192,-0.018253315,-1.3336422,0.91042584,-2.1638334,-1.1721033,0.1939984,-2.4465873,0.8381426,-1.835528,-0.25760004,-0.30344966,1.479408,0.51481473,-0.5657063,-0.91325283,1.2991723,-0.58322626,0.7484315,0.96408415,-1.1511344,1.975655,0.23369305,-0.39317742,-0.41082388,-0.3419604
31060378,1.3465669,1.7220899,-0.5871969,0.88497394,-0.9065519,1.9542161,1.6176484,-2.0383961,1.2712897,-0.69093466,-0.2506176,0.48328403,-1.3781385,-1.7990636,-1.4595715,0.23911065,-0.9545302,-0.15388924,-0.51160276,-1.3110228,-0.25896993,-2.1887698,0.0463719,-1.9803147,0.37370405,1.0052286,-0.9851523,-0.12244377,-0.5505066,-0.3756848,-2.614445,-0.22966307
31060379,4.42729,1.8271627,-3.4275627,-0.038371004,-0.16154124,0.8430326,2.6067429,0.80857027,0.38809687,-0.26066905,-2.0557666,-0.4655779,0.47861066,-0.05865485,2.040636,0.5010021,-2.3870497,-1.8915857,0.84161717,0.544149,-0.499027,1.3104208,0.7027568,1.6432499,3.4759855,1.2064596,3.4961176,-1.235061,1.7034298,0.22879912,0.8960509,-3.248754
31060587,1.5470829,2.370176,0.20667432,0.3166249,-1.7095639,0.6202136,0.12549916,-1.2178024,0.7099475,0.67271835,0.7229689,1.261036,-2.0644877,-0.101262435,-1.0741155,0.0030865297,-0.8599183,-1.3488281,-1.8972788,-0.17343311,-0.77382475,-2.9132395,-0.29119194,-2.3614602,0.52520394,0.6340983,-0.12250794,-0.7607017,-1.4697605,0.1436096,-2.2613137,0.5517789
31060841,-1.8743463,1.8805171,2.3152218,-2.4714072,-0.61088055,-2.306885,-1.8534552,-1.4247642,-1.5228947,1.1453848,1.1311692,-0.19080204,2.715203,-2.0605378,3.47586,0.70438033,-0.87703216,2.1180668,2.1576607,-2.225006,0.9106422,-1.8600756,-0.13735653,1.433665,-0.9319059,0.4554948,0.58651483,2.1893458,-2.3245366,0.7574219,-0.41798294,-2.46591
31060976,0.20523898,-0.51223844,2.473042,0.40014178,0.5194694,2.8286593,0.21303928,-4.9109735,1.8882773,-2.974497,-1.9003922,0.4889807,2.6341357,-0.8827483,0.20819396,2.9985693,-2.1094337,-0.68584436,1.2429744,-2.013498,0.06913459,-0.65835696,-2.5297732,-1.9445724,0.013148372,-0.5398892,-2.0892794,-1.032728,0.76641005,-0.060461987,-1.9372624,2.4672234
31061307,-3.5299137,5.913568,-0.8885878,0.38431454,-0.1336602,0.67432266,0.18474309,-2.0661926,2.1105597,2.0416682,0.7579559,0.8647928,-1.8348076,1.0641586,1.1382579,-2.3764324,0.829204,-3.710285,0.26430285,3.7039447,1.7794254,-3.0296395,-2.2906454,1.4475933,0.46978292,0.15400144,0.506594,1.1336856,-2.0819032,3.602116,2.681979,2.284972
31061742,-2.748868,2.7435884,-0.47507375,-2.8422332,1.055258,-2.26557,-2.6931388,-1.9166572,-1.1491141,0.08746674,0.7036748,-0.46171325,2.3356593,-0.27395743,1.376564,-2.9427967,1.6072074,2.12958,2.3518739,0.1820451,-2.6438482,-1.7983391,0.7179055,-0.006434843,-0.85316116,-1.2426043,0.8491176,2.7779741,-2.0918498,-0.21590063,2.3406553,-3.1011493
31062122,-2.1101863,1.5315543,0.35046408,-2.9559023,-1.2991683,-1.8154123,-1.2334563,-0.9057051,-1.0607196,-0.40461907,0.630663,-0.1714578,1.5395912,-1.8657026,1.5416225,-2.5316482,-0.03999546,1.8657595,1.5935858,0.6552684,-0.75216144,-2.2514312,1.3922023,-0.00077055395,-0.09818067,1.2844152,-1.0447588,2.2229395,-0.8256488,0.6120675,0.23487699,-1.6649215
31062144,-0.3602366,2.3379333,0.634192,-0.32113987,1.7629544,-0.5524357,-0.59586793,-1.1730192,1.6463587,-0.31672022,-0.5084879,2.108675,-1.296083,0.706259,0.8939097,-0.13054663,0.798429,-0.75053024,0.4943535,-0.5940885,-2.4118958,1.1889375,-0.17138179,0.19716136,-2.1130662,-0.6611486,-0.18318626,1.2579726,1.8137733,-0.2966058,0.15944417,0.7538607
31062151,2.4224765,3.518747,-1.2418346,-2.2920084,0.91971743,-1.2013936,1.5498409,0.37096205,0.528858,0.1427588,-3.1744,1.9750776,-1.0626765,-1.799439,1.9421282,-0.3140509,-1.0442137,0.360611,2.0120742,0.9327325,-5.3206224,1.6445774,0.7549958,1.2781898,2.2632942,0.5654286,1.3176713,-0.7655055,3.159758,0.88950056,1.8782712,-0.3003421
31062156,1.4063827,2.6560163,-0.08753909,-1.3859767,1.3959702,-1.1245704,0.6783339,-0.0907591,1.1942677,0.16149385,-1.7684046,2.1191678,-1.2046487,-1.6448373,1.2145182,-1.125318,-0.123688765,-0.09394436,1.1532587,0.19425994,-4.285588,1.2675575,0.7810137,1.211765,0.31378293,0.116968244,-0.60036707,-0.022987913,1.9368223,0.69135034,1.1000429,0.6486031
31062174,1.5535657,1.5072212,-0.6956498,-0.8669071,0.20682754,-0.90772504,1.0627764,0.61260724,-0.47234184,0.08298318,-1.0536928,1.5302932,-0.16269049,-1.2810282,0.9667422,-0.6047328,-0.11659708,-0.08433556,0.69319004,-0.07313826,-2.780756,0.99567944,0.44340613,1.1113267,1.0615656,0.79412246,0.010918015,-0.40631378,1.3744578,0.5943893,0.17013292,0.23904973
31062236,1.1993958,2.2391014,-0.42197776,-0.39054736,-0.060418475,-0.5360827,0.4739076,0.77032715,-0.39375636,0.6734268,-1.1245917,2.0050178,-0.3245587,-0.15578401,1.2901922,0.066517994,0.08424538,-0.7188323,0.8984812,-0.14149308,-2.654931,-0.21220325,0.0060775466,1.4788526,0.95802844,-0.12894686,-0.17439067,-0.35078853,1.2553705,1.020964,0.42709675,0.18871182
31062312,-0.28633738,4.6384287,0.17024182,2.2430294,5.0104046,0.43498957,-0.5930322,-4.0149355,3.8911188,-1.6765369,-0.024879895,2.5130827,-3.5057132,3.8916686,2.2634983,-1.2855229,2.0001395,-2.2127545,-0.39783487,-0.22372931,-2.4433897,1.0037626,0.73944676,1.0635537,-3.9544175,-1.6761504,-0.78286076,3.422421,4.6088533,-2.6647503,0.36054784,-0.9682532
31062356,0.63637745,2.3425107,-0.14752866,-0.8666358,2.0200984,-1.3559854,0.030982122,-0.8814669,0.681782,-0.5703389,-1.0938619,1.5448278,-1.29848,-1.0976304,0.8817346,-2.3011901,0.54082805,-0.39391908,0.16625439,0.32040158,-3.1313777,1.2217581,0.9995372,1.039986,-0.3202764,0.8814098,-0.7604252,0.7373233,2.22329,-0.27465388,-0.4571765,0.22652256
31062361,1.4445333,3.1259048,2.081555,-1.3150524,-2.5692403,-3.894055,-0.08137901,1.6498742,1.6616247,4.0031805,2.2915714,1.5852225,-5.4237275,4.1740766,0.32570693,-1.7418103,-0.28384215,0.20610052,-2.1769507,2.7084122,-1.4968606,-3.9594035,1.615027,-2.50275,0.39830336,-0.21350339,-1.8659178,-3.7762759,-3.3656986,-0.96444905,-1.824649,0.807344
31062721,0.4985911,-2.57516,-0.013546693,-1.381097,0.1595423,0.47828642,0.73979783,-0.8284421,-1.2191607,-3.5718136,-0.54514337,-0.26786965,-2.399968,1.5863531,-1.9364687,2.0895786,0.47490573,-0.08120252,0.71578646,0.75255466,-1.2493887,1.9490881,2.218837,-0.92291903,-0.20380095,0.03053163,-0.14660613,2.3281093,-0.6985777,0.41001803,0.7995718,1.8678235
31062953,0.048672147,0.51798177,-0.3864097,1.0778322,-1.0878683,0.6414256,0.6895664,0.6224771,-1.293135,-1.6648973,0.481897,-1.9139904,-0.5941715,1.2569041,-0.14432141,-0.33099422,1.8499688,0.48596245,1.0833745,-0.5839441,-0.99127316,0.12863235,1.7097238,0.77693725,-1.3443731,-0.4238734,-0.081735514,-1.1959826,-0.62764376,0.4280179,0.25063002,-2.256408
31063340,0.14097069,-0.81322557,-1.3456618,0.070547014,0.16986564,-0.54987675,1.0714071,-0.5583741,-1.1779771,-1.4736478,-0.72131157,0.092454195,1.8680942,-0.40414235,0.23205176,0.46243557,0.051213928,2.141125,-0.7656398,-1.7738645,-0.6311722,-0.035505675,-1.0702732,0.07302343,-1.4300659,0.18470487,-1.6020172,0.92458475,1.9749205,-0.7608773,0.5959041,0.53070784
31063468,0.37179303,-3.2260861,-0.16983797,-1.6743941,0.31867164,-0.14395204,1.6625175,-0.58966637,-0.9477564,-2.3821282,0.7981889,-0.5170367,-2.5793405,0.85535157,-1.181208,2.804036,0.86306375,0.7871283,0.1787444,1.490175,-1.6844579,2.1330516,0.636511,0.27023083,1.1601875,-0.09984602,0.1445899,2.9768822,0.33328146,1.2320989,0.9884827,1.6190939
31063856,-1.259729,1.8453732,-0.33178544,0.28779697,0.13648164,-0.07497457,-0.472278,-0.725432,1.2454623,0.1698333,0.13072321,1.3377458,-1.1656973,0.71898484,0.18574946,-0.69552267,0.5548203,-0.9378061,-0.26736054,-0.19105709,0.4246893,-1.1279907,0.20567682,0.8025209,0.43504193,0.1954093,0.28261086,0.024385035,-1.1539106,0.8112884,0.846498,-0.40686464
31064099,-1.6601305,-0.018330347,-0.5945141,-1.8382677,1.6018227,1.4558234,-3.5742638,-1.2930249,-1.1551034,-1.50701,-2.3755324,2.5268195,1.480293,-0.7326777,0.48488316,-2.0835485,2.7164335,-3.0939667,-2.182372,1.119171,-0.67507607,0.46136785,-2.0599568,0.32916164,-1.7665416,-1.1999692,0.56650615,-0.3730017,-1.4605523,-0.7087625,-1.5568341,-1.0568763
31064162,-1.182268,-2.8332958,0.51007444,-0.84236646,-0.108398065,0.12292557,2.2964728,-0.92498726,0.010812528,-2.7886364,0.28593117,-0.8418842,-2.4555092,1.4427263,-1.361003,2.2365615,0.5609783,1.002982,-0.17162904,0.49178314,-1.0445668,1.7858194,1.4432627,0.114362374,0.43951124,-0.5959708,0.41709903,2.6797593,-1.0833445,0.83181775,1.0341233,1.3232442
31064274,-2.0899594,0.16539432,-1.8207023,-1.5718702,2.323758,0.89296556,-3.8224118,-1.7056075,-1.3150518,-1.6543012,-3.2273638,3.4508667,1.0379113,-1.2484769,1.7144877,-2.7500803,3.0444822,-4.7378364,-2.730486,1.1694703,-0.614513,-0.15243126,-2.6409793,0.29189846,-2.2992833,-1.1240132,0.5980889,-0.52633935,-2.3800042,-1.8363949,-1.1046706,-0.61745495
31064346,0.36932504,-1.1156203,1.7121391,0.8427751,0.53229666,2.795682,-0.27492246,-3.8812897,1.2899086,-2.3961303,-1.8642423,-0.3427748,1.8343875,-0.6974797,-0.16823828,2.3435538,-1.8661087,-0.46063212,0.5066967,-1.9939933,-0.011427239,-1.6334795,-2.4934049,-1.3265098,1.019757,0.47780144,-0.83785385,-1.8110101,0.44657528,-0.29333454,-2.360205,0.9521742
31065304,0.16884664,0.7062223,0.10170764,0.4273702,-0.80261475,0.12417733,0.49423915,0.4144457,-0.9330659,-1.0751173,0.34791747,-1.5379348,0.14125834,0.2957251,-0.087658286,0.21912695,0.7880675,-0.4640775,0.52771676,-0.84680897,-0.51655275,0.38256717,1.0378648,0.356123,-0.92861587,-0.7697728,-0.092517875,-0.92633724,0.33735308,0.68883115,0.12282598,-1.7081436
31065474,-3.0059736,1.9790946,-3.0423725,-0.2185402,-0.15072611,2.059182,1.5342635,-2.3284488,4.758396,-0.010735745,2.8273528,2.0017533,-2.7951488,-0.12804565,3.9429405,-0.26763955,-2.1474216,-1.1425039,0.85813963,-1.863817,0.74583656,-0.05675535,-2.220493,0.6558586,-2.1356556,0.8204494,-0.08440393,-0.45321757,-2.234522,3.8947895,0.90076965,1.6263952
31065571,-0.067415595,-0.9132071,-0.31650323,0.33242133,1.4461323,-1.3117437,-1.6191778,-0.39236918,1.7508909,-1.6041467,0.0017249025,2.1844854,0.00567062,-0.3985815,-1.147484,1.7059653,-0.6153999,1.1909947,-0.14553092,-2.335696,-0.9109544,-0.25011393,1.0620972,1.6068513,-0.85302675,-0.77554846,-0.7991231,0.6881748,-0.15340725,-0.73756844,-1.0882882,-0.47334906
31065927,-3.3987305,1.2449526,-2.8526785,0.5775365,-0.975671,1.5137327,0.9746342,-2.0367825,4.762014,0.28642184,3.4444861,1.9784023,-1.860735,-0.09902695,4.1785374,0.021694876,-1.3765168,0.8651263,0.11732717,-2.7936616,0.44742775,1.4321014,-1.329201,-0.50680685,-2.772543,0.57873166,-0.50144136,1.0778035,-2.212993,2.6480587,-0.4724644,2.5802004
31066377,0.5163613,-0.44945103,-1.8289925,1.026025,0.2881707,0.27587426,-0.4204418,-0.02253772,0.99557966,1.2513151,-2.7385507,2.8942175,-2.3544564,1.4120666,3.5917726,-0.9834882,0.48617417,1.1743555,0.810031,0.74452806,0.7559367,0.18550919,-0.3699055,-1.1752622,0.46248013,1.039212,-1.4058547,-2.3908622,-0.19367121,0.32122138,1.8047161,-0.6465986
31066457,1.3220264,-1.3190829,-0.86614376,0.9002084,-0.22271596,0.13524856,-0.19203855,0.97458875,0.27950555,0.9209894,-1.8708812,1.136119,-2.1432118,0.8862704,1.6023453,-0.7040635,-0.12667915,2.090709,0.93882346,1.0635532,0.09061308,0.27952737,-0.015714545,-1.2339001,0.796597,1.1749789,-0.96645784,-1.5655358,0.9333454,0.83173275,1.1277739,-0.991802
31066637,1.2071255,-1.1818347,-1.099186,0.96720326,0.110167146,-0.39174992,0.76989454,0.8410053,0.34456936,0.8321513,-1.6821826,1.5513909,-2.6975188,1.5826211,2.6795006,0.12214649,-0.47871086,2.0804658,1.0369713,0.4473707,0.8877434,0.36906004,0.59356666,-1.1496816,1.0743922,1.9348106,-1.2777832,-1.3693,0.53701854,0.40040648,2.0420477,-0.48337322
31066667,1.1204537,-1.8952535,-1.2555522,1.7742685,0.2943393,0.37861645,0.03605039,0.78361404,0.65627784,1.6961511,-2.6278389,2.364349,-2.839081,1.6752759,3.5142832,-0.77672774,-0.56635916,2.5666268,1.5720762,1.0161359,0.77934855,0.6512455,-0.109234616,-1.1094943,1.5540955,1.4968723,-1.8543296,-2.6542337,1.0116073,0.5820675,1.5081059,-1.3800695
31067268,-0.40280047,-0.22092828,0.02659643,0.5502888,0.44151,-0.5301761,1.3583106,-1.525014,-0.86687875,-0.9113917,-1.4717418,-0.1007124,1.3166083,-0.69179857,0.9428424,0.6317487,-0.5785639,0.95789903,0.06943089,-1.7105557,0.09842488,-0.67509866,-1.4554691,-0.8813399,-0.883776,0.64118373,-1.3440738,0.41197476,1.7216096,0.017911565,0.741194,0.37981755
31067339,-1.6187819,2.1594503,-0.67740804,-1.4907892,0.6703038,-1.4274747,-1.3135462,-2.1443903,-0.4303879,-0.43645293,0.2755306,-0.48825175,1.6464221,0.5613831,0.34001857,-2.5131392,1.3000405,1.6224378,1.3492013,0.1882661,-3.164121,-0.7775568,0.77026325,-0.5403263,-0.44056958,-1.0011019,1.0230478,2.2830951,-1.6192652,-0.51005167,1.7568312,-3.1529033
31067575,-2.9773154,1.92637,-1.9627494,0.5643487,0.11363991,0.9552025,0.9298104,-1.4895772,3.3227534,0.23878896,1.842738,2.039048,-1.7693192,0.2771236,2.1862228,-0.17026414,-1.6058459,-0.99593896,0.8972342,-1.0653546,1.1513779,-0.46704772,-1.261511,0.7165469,-2.0854194,0.6937126,0.13411728,0.6055019,-1.7339996,2.911108,0.3403404,1.9468247
31067753,0.5187584,0.52420515,0.12200249,1.1639496,0.50346965,2.2263947,1.359243,-0.9826503,1.3802445,-1.1463536,-0.057442795,0.30484188,-0.5286335,-1.9980065,-2.3637233,0.5305853,-0.7997919,0.060179733,-0.049414385,-1.1281871,-0.10907598,-1.3253366,0.51670766,-1.505045,-0.9429482,0.5413518,-0.79272944,0.33329377,-0.35363218,0.18100716,-1.9205966,0.718569
31067810,-0.2560775,0.08975811,-0.11163401,0.4359764,0.518146,0.755828,-0.07440664,0.03692492,0.99013746,-0.42058173,0.604055,0.28992048,0.1684644,-1.543703,-1.1742808,0.45302355,0.41240293,0.025201015,0.12421073,-0.6772931,-0.297672,-0.80034494,-0.0849848,-1.3521447,-0.75776935,0.0718143,-0.50537205,0.12473687,0.02281615,-0.23927619,-0.7649447,1.4577967
31067826,-0.35101783,-1.1603615,0.8304727,-0.40464073,-0.24571392,0.4465442,1.7173611,0.10097762,0.39235014,-2.7582688,-1.1065722,0.26004818,-1.1739521,0.9627858,-0.9311958,1.1681947,0.29655585,0.3648197,0.08715004,0.19959585,-0.44672877,1.7403423,1.8833339,0.3458618,0.28200442,-0.4242838,0.6607747,1.6611325,-1.0034161,-0.09629328,-0.1299678,0.59506935
31067917,0.925304,0.03201799,0.02392652,0.9777015,0.5837563,2.6795454,0.68936145,-1.2784555,1.0544626,-1.7784096,-0.2496314,0.08348361,0.60284764,-1.8610741,-1.9606173,0.51159453,-0.02034846,-0.2646579,-0.17963429,-1.8251665,-0.5389075,-0.7622222,-0.48568472,-1.6630876,-0.586424,0.9228686,0.08968935,0.81086,-0.3160241,0.6420801,-1.3142895,1.0040927
31068097,-1.3911152,0.6994707,0.27441877,3.1990588,-0.18191844,-0.1970479,0.8710694,-1.098131,-0.6269233,-3.3734405,1.074665,0.9516938,-1.0629692,-1.7659245,0.59025127,-0.20227733,-0.5795492,0.08620434,-0.3140297,-0.21852617,-0.29568136,0.50307053,0.45157576,0.21275209,-0.32878387,-2.358259,-1.2250298,1.4113647,1.9466608,2.5310798,-0.6719878,-0.38427523
31068139,-0.59493154,1.1217736,1.2849026,4.0861554,1.657397,-1.4122226,1.7531136,-2.2760863,-1.3201958,-3.0880263,-0.9292384,1.8677795,-1.196714,-2.355619,-0.049173772,-0.63643503,-0.15849806,-0.63671863,-1.8897212,0.03491522,0.47195137,-0.52687305,3.0730853,-0.38654137,-0.60563093,-1.6938583,-2.0130162,2.796198,1.7124307,2.348557,-0.71415246,-0.685528
31068223,-0.082424305,0.14539152,0.18356493,1.2266278,1.1077757,0.16693154,-2.013227,1.4446388,-1.0927514,0.40705398,-0.85913825,-0.5663565,0.10517653,0.79113,-0.2680994,1.3967791,-1.8726639,1.2680455,0.009187691,-0.24973899,1.7287506,0.48108378,-0.8171266,1.2127937,-0.5052853,-1.6177461,-0.83685386,-0.6231717,1.6464262,-0.21342832,0.08759087,-1.8621098
31068236,0.18965748,0.8420076,1.1285322,3.9554598,2.40017,-2.1459177,1.4453572,-1.9702926,-0.98829883,-2.4091573,-1.6944966,2.5539165,-1.0159335,-2.0032158,-0.12565422,-1.3271056,-0.28721276,-1.7581652,-1.9239419,-0.6875819,0.7091732,-0.47500455,4.310991,-0.0952989,-0.09087495,-1.3539538,-2.0073671,2.9759557,0.80671185,1.6646938,0.20714355,-0.8801279
31068477,-2.179702,1.7494135,0.021015573,-2.5949526,1.2596718,-0.41063344,1.0660592,2.5243773,-1.4029152,-2.1724563,1.8647722,-1.8262806,2.518752,-0.41568702,-1.3215656,1.359914,2.9838297,-2.4490848,-1.202011,-0.9278098,0.8812856,1.8624606,1.7271823,-0.24403858,0.38082108,3.3926873,1.7662129,1.0776924,-2.46368,0.43633226,0.68044984,1.469721
31068662,-0.014214497,-2.217613,2.920514,-1.190446,-0.34921464,0.48880562,2.7768066,0.22152844,0.71601546,-3.2863877,-1.2215979,0.7333019,-1.2688619,1.0514016,-1.557928,1.553709,1.5986341,0.42043597,-0.3758334,-0.15806894,-0.6364804,3.5586874,1.8358814,1.6092694,1.9267733,-0.3216803,0.5806552,2.0918705,-2.7042577,0.27249765,0.46269417,0.38989875
31069272,0.55674255,-0.55588317,-1.0555435,0.8987374,-1.5658619,-0.7009188,0.56766784,0.6178244,2.1790905,-2.579844,-1.257918,0.34423098,-1.3877296,0.31390256,0.43346006,0.98825836,0.58976793,0.3258866,2.0595174,-0.75738704,0.42476815,0.91130143,2.106945,-0.51023895,0.030326057,0.65512216,0.5096913,-1.6762415,-1.3697789,-0.029833056,0.050320752,1.5106062
31069409,-0.3419614,-2.5846348,1.0417902,-0.84591764,-0.33976018,0.41361487,3.0534222,-0.5242738,0.6189627,-3.5665677,-0.46536195,-0.32570156,-1.9183434,1.3300896,-0.9467088,2.3113573,0.9835879,1.0757233,-0.21956214,0.29405838,-0.7476705,2.772923,1.9064105,0.5829526,1.3724312,-0.26040065,0.4645476,1.9786419,-1.8098861,0.61218995,0.5700216,1.1184117
31070014,0.48490927,-1.4612681,-0.39047962,-0.16540658,0.38204026,0.8325459,-2.0644374,1.2712705,-2.1240776,1.2734295,-2.5070918,1.6596574,-1.3809522,0.37349045,1.7254881,-2.8669968,0.12653515,-0.23649889,-0.47553685,0.53956974,-0.5411475,-1.1198026,-0.31081957,-1.8856659,-0.5771638,-0.3917819,-0.56213796,-1.181538,-0.30704844,-1.1350077,0.7325033,-1.3033206
31070123,0.14381585,-0.5460712,0.3536219,-0.9638323,0.078074425,1.4587741,-1.8541937,1.0062017,-0.5569343,0.23552778,-1.0908757,1.0829574,0.35194212,-0.23959236,0.21998769,-1.5513082,0.14202914,-0.20011377,-1.5137488,0.4155468,-0.22521578,0.04058987,-1.392303,-0.6880003,-0.8228251,-0.19217268,-0.17691292,-0.36832178,-0.04339728,-0.034738153,-0.61790484,-1.2333342
31070322,0.65086925,-0.63039285,-1.2264901,0.110569775,0.60511005,0.12158194,-0.838066,-0.5174068,-0.9729504,0.12445382,-2.5840557,1.755612,-0.9501665,0.0021217614,1.9588171,-1.6152145,0.6738889,-0.17142409,-0.07849729,0.9405825,0.4963934,-0.8914896,0.008226316,-0.9843584,-0.2996605,1.049116,0.020244343,-0.91053396,-1.0107199,-1.3307035,0.7684621,-0.7405213
31070816,-0.07008593,-1.1454396,-0.33122018,-0.3972968,-1.4420228,-0.6762588,1.4065356,0.45917046,2.283033,-2.5265536,-1.3408679,0.021760464,-0.965509,0.84923136,-0.52328855,1.5778655,1.1347743,0.65323937,0.890834,0.44271353,-0.38160616,1.4778217,0.6714619,0.9996468,1.0944409,0.6489959,0.00032754382,0.6858083,-1.4511373,0.32293206,0.15252031,0.25185895
31071164,-0.1525215,1.4270647,-2.0084357,0.7110046,-0.009712962,-2.335965,3.4390442,0.4593739,-1.6508615,1.4502178,-0.34127668,0.9781199,0.92232114,-1.6620265,1.2032037,-2.112464,1.9797812,2.1738837,0.63020176,-0.102555245,0.9656019,1.8462311,-0.13469975,-1.1161216,-2.8555586,-0.7582742,-5.406093,1.7320602,2.12138,0.4374823,3.5477736,2.0787876
31071273,2.4877875,1.6454864,-1.050727,0.077889465,-0.91386664,0.53479993,0.8877628,1.0008501,0.39993563,1.0031239,-0.7612801,1.2010626,0.28603932,0.32758602,1.0921345,1.3650664,-0.793858,-1.196342,1.090803,-0.0071393326,-1.6030245,0.19592787,-0.19354732,1.5883509,2.1559923,-0.047189325,1.1474707,-0.3643768,1.5072476,0.9695151,0.8604648,-1.3758134
31071444,2.968143,1.770311,-1.2249299,-0.30901113,-0.068479136,0.6201207,1.557235,0.24648874,0.33970702,0.06473267,-1.142518,0.42252946,-0.1724653,-0.041871075,1.4478003,0.1951755,-0.81112725,-1.1885048,1.0301033,0.25617307,-1.4218799,0.9889452,0.40543747,1.2320639,1.8087914,0.4317874,1.8361484,-0.34494093,1.6920314,0.29257283,0.7679447,-1.4344581
31071817,0.24167284,1.7175319,1.1063168,-0.018747378,-2.0883963,0.19316544,0.602272,0.5788576,-0.8470484,-1.6026974,0.7383946,-2.006043,1.0625415,1.1739789,-0.43977296,1.4366456,1.073381,-0.24807829,-0.040189646,-0.79164696,0.5016939,0.26006347,1.5257214,1.1955686,-1.1957175,-0.75036734,-0.6782691,-0.83811194,0.13911091,1.2130656,1.1454692,-2.0785797
31071842,0.3628101,1.7658588,0.63827103,-0.164288,-1.7288103,0.10383917,0.91830397,0.8200463,-1.2512637,-1.7557466,-0.07249792,-2.435339,0.5637502,0.82858926,-0.3093332,1.0484452,1.1051112,-0.37546423,-0.09076828,-1.0412489,-0.14988868,0.19520204,1.2249955,0.560436,-1.2365607,-0.6998463,-0.88134176,-0.8773947,0.5378606,0.65414464,0.70576537,-2.553356
31072265,1.813031,2.4675944,-0.30928335,0.72582334,-1.7444016,0.9947181,0.48742884,-1.0311997,1.3160352,0.07911739,1.1466504,1.2094609,-1.8534096,-0.80376506,-1.7265004,0.16502944,-1.3236644,-0.8143681,-1.3228086,-0.7140273,-0.60140985,-2.508121,0.16797146,-2.623715,0.36882606,0.6303122,-0.87096274,-0.9936606,-1.1969631,-0.53037024,-2.9789512,0.8093018
31072362,3.6545098e-06,-0.8175906,1.6773931,-0.24959145,-1.3798808,-0.2863858,2.2194085,1.4788617,3.5630527,-3.153708,-2.4256759,1.0094448,-0.64125556,0.007973058,-0.2605041,0.17354603,1.3605843,0.18068391,0.14601028,-0.6392993,0.23162936,2.3830128,1.620494,1.7760856,1.449476,0.4131587,0.26171878,-0.7778875,-3.0650353,-0.595159,0.01811708,0.19475989
31072665,0.25587413,-1.2823822,0.93598914,-0.3507826,-0.14789128,-0.28228799,2.3344371,0.9807863,2.039348,-2.9391198,-1.1427765,0.06788677,-0.81675977,0.6070451,-0.72409075,1.620704,1.1176531,0.7419907,0.04605511,0.19365779,-0.7840695,1.7701129,0.71619856,1.7810428,1.1129811,-0.12514009,0.11263075,1.1198114,-1.8611337,-0.139685,0.46697074,0.608702
31073278,-1.7029338,-2.871133,3.1142652,-1.5727363,2.1117425,0.35247526,4.305473,-0.7847919,-1.8626717,-3.3152144,1.0433937,-0.86365974,-2.2997632,-0.41288137,-1.45519,2.793508,0.28323698,0.76302886,-2.1321225,0.24923782,-1.6785494,2.937039,0.97752625,2.2223382,1.1895764,-2.7570107,1.5370821,4.772549,-0.6235952,0.93956316,1.1960288,1.1790227
31073378,-2.562032,3.1674423,0.031869147,-2.6377792,0.47397,-0.5545808,2.1503093,2.76321,-0.903785,-1.53423,2.527207,-1.1587248,3.2261255,-1.0129743,-1.0581033,2.1782656,1.3630743,-2.5407991,-1.2319707,-1.8248093,0.1215655,2.6627913,2.1016803,-0.7334993,1.1743466,3.115037,2.6561058,0.715382,-1.1720009,-0.32832015,0.7055052,1.1710979
31073430,-0.15655106,0.16359411,3.2082107,1.715014,-1.1897331,0.9647276,-2.2256012,-1.7370723,1.4176489,2.59418,2.4094338,-0.08910555,2.8307543,1.9629227,1.1990623,0.53174525,0.7005418,0.5062719,-1.3269365,1.1835817,2.3957648,-0.45415914,1.0574784,2.1573002,0.5247556,-0.28688306,0.013641693,1.051294,-2.2075875,0.9899237,1.7224635,1.0052202
31073763,-0.6244541,1.4921132,-0.24685422,1.2410342,-0.3478275,-0.16193329,0.74247414,-1.5868201,-0.7155542,-2.4846206,-0.095648654,0.69195205,-0.44221562,-1.3794433,1.1260228,0.21491638,-0.17632066,0.66927326,-0.018475857,0.17445377,-0.23324695,0.32501933,0.4842229,0.041206136,-0.23859668,-1.7617813,0.11937092,0.67532474,1.0556481,1.1887193,-0.5038736,-0.22402614
31073786,-0.82631916,0.3536384,0.14501226,2.1578166,0.41821596,-0.20214435,0.22051999,-0.6592661,-0.42565155,-1.6331182,0.49081108,0.8744252,-0.3113956,-0.68578005,1.1468196,0.0411716,0.068345964,-0.45856318,0.27895102,-0.6880626,-0.13855875,0.36347833,0.65523213,-0.04730071,-0.23106465,-1.1305026,-0.56611896,0.6075849,0.84654206,1.5407219,-0.32930556,0.3614297
31074129,-0.7829823,1.7486378,-0.6463334,3.1792347,0.93960816,-2.1643436,1.8476189,-2.1784143,-1.2208723,-3.0321956,-0.42748222,1.9879249,0.22585158,-2.613717,0.9959926,-0.15758294,-0.8246859,-0.6249185,-0.92080414,0.03267051,0.12609589,-0.21671301,3.108267,-0.8871311,0.023382328,-1.5145732,-1.0575445,2.4328146,0.19199166,1.8612257,-0.21313834,0.3592741
31074170,-0.7479141,-2.2650068,-1.0272123,-0.30462372,0.28956464,-0.30088452,0.7492562,-0.81599647,-0.11341501,-3.1540947,-0.05853781,-0.46407506,-2.952787,0.46630877,-0.67984396,2.466505,0.18282591,0.9732219,0.4879121,0.64373386,-1.1004193,1.3899518,1.7602502,0.1375628,0.13103043,0.70453364,0.36670908,1.0733083,-1.0859189,0.24191242,0.1191184,2.2706492
31074342,0.6203572,-0.2497518,-0.607252,-0.0035063922,-0.28515455,1.7251244,-0.077398725,-2.9684846,-0.4666264,-2.7720964,-0.6564479,0.029246148,2.7695532,0.089461096,0.14043754,0.16915874,-0.27232143,1.5081595,-0.008982658,-1.7215112,-0.2995306,0.5227522,-2.1858673,-1.0550375,-0.5212171,-0.057864647,-1.110268,-0.23406853,1.2807806,-0.8359078,-0.82006496,2.3760402
31074439,-0.3775717,-2.4438815,0.47953966,-0.31496337,1.152107,-0.8153241,2.015656,0.13574567,0.4868977,-3.149363,0.5818532,-0.7086998,-2.131868,0.40957582,-0.9008234,2.858818,0.36372888,1.2650136,-1.2501476,0.6273649,-1.2987455,1.3401823,1.2516432,1.9411404,0.847396,-0.56719166,0.09828078,2.0568233,-1.2905779,0.34320152,0.38435745,1.2240494
31074782,-1.6481602,4.743796,-0.16378528,0.3220421,0.11182026,0.17583892,-0.7258214,-0.87091726,1.0542837,1.1571611,-0.58064425,0.98684794,-1.3506598,0.6930511,-0.4881638,-1.7652597,1.5741979,-3.662283,-0.27509335,3.0426435,1.0086908,-3.4094973,-1.5296685,2.261115,1.800644,-0.3419249,0.7758681,0.28665638,-1.2454475,2.0197017,2.1376598,0.3293564
31074916,-0.505523,-0.54711926,1.569413,0.96230936,0.9590128,0.721578,1.5616121,-4.2999797,-0.33307996,-2.5394547,-2.6059551,0.3415327,3.190454,-1.0445648,1.4688115,2.6105535,-2.3370347,0.18419845,0.8177,-2.6372287,-0.03802359,-1.3150433,-3.1538284,-2.1123657,-1.0253922,0.45061845,-2.0131774,0.07883613,2.1454325,0.8667792,-0.22902532,0.89345765
31074997,0.6991527,-2.6417239,0.53931415,-1.1592878,-0.27529818,0.60855526,1.4184855,-0.6376741,-0.2690323,-3.0199058,-0.5464491,-0.05567348,-2.176509,1.3262528,-1.5261723,2.045942,1.2942766,0.66976655,0.80372393,0.698069,-1.1704844,2.250204,1.3700899,0.31378543,0.78449076,0.40326,0.03968983,2.070689,-0.90863365,0.3593794,0.88013846,1.3961333
31075376,-1.5968152,-2.2421043,2.518297,-0.6173441,2.2897716,-0.20958444,3.9214673,-0.29769778,-1.856062,-2.8574507,1.817646,-1.2659717,-1.9827822,-1.1594536,-1.1792171,2.8789544,-0.23225345,1.2877287,-2.8992684,0.27648497,-1.458151,1.8397062,0.6883452,2.6403294,0.5108176,-2.545485,2.073561,3.6811945,-0.60277337,0.7246699,1.0687828,1.9927931
31075578,-0.2607893,-3.8683476,2.5181408,-1.4667584,0.0006248541,1.0226535,2.9241612,-0.9851192,-0.19543755,-4.170393,-0.87127846,-0.10170072,-2.3971305,1.4682353,-1.8653084,2.7994611,0.94900686,0.015034899,-0.59479713,-0.22580971,-1.0394622,4.08578,2.740738,0.4972494,1.064448,-1.4996349,1.0629506,3.674575,-2.5016208,0.44282287,1.0896454,1.4155148
31075637,0.0059656315,-0.95110756,1.267939,0.78300965,0.3825769,2.3683414,0.29692152,-4.3940377,1.3822143,-2.2178643,-1.9023223,-0.28848547,1.9644557,-1.1210694,0.32086602,2.523721,-1.6284626,-0.27330282,1.2720736,-2.36542,-0.09895781,-1.7735133,-2.8339753,-1.7915158,0.5048093,0.13820559,-1.573037,-1.9185498,0.73223305,0.18037637,-1.972416,0.95621395
31075756,2.2418456,2.4165118,1.6229612,0.34204623,-2.424418,2.8601632,2.5753484,-2.9259095,0.25616613,-0.23986903,-1.4595613,-0.012944518,-2.2395062,-0.19941695,-1.4344827,0.10689499,-2.0176492,-0.77599907,-2.0268784,-1.5218055,-0.62179947,-2.639622,0.22758809,-1.8364663,0.19233884,2.3690784,0.50308,1.1584997,-1.1340238,0.8840145,-3.624727,-0.523644
31075833,0.29022548,-0.04009054,-2.0351021,-0.19262847,-0.10767329,0.29743978,0.20111701,1.2360606,-0.512168,0.074084505,0.64108044,0.06045271,0.4729718,-0.33927584,0.23555306,-1.7081362,1.6173687,2.256227,-0.8361477,-0.09947953,-0.04704064,1.3552591,0.5990233,0.55783343,-1.5902071,-0.24353117,-2.3737833,0.5984994,1.1369605,-0.7806029,1.0789591,1.7563494
31075863,0.29820833,0.39662176,-2.8773465,-0.2007219,-0.47241384,0.41380236,0.77024233,1.059938,-0.8889496,0.14771923,0.81708753,0.23690988,1.0444007,-0.6313985,0.30280754,-2.2781198,2.0931118,2.9484925,-0.8727118,0.49755326,0.39746043,2.376614,0.50735354,0.8214708,-1.9975853,-0.26955742,-3.4251993,0.8957797,1.1509769,-0.9722049,1.4761428,3.1456583
31077031,3.395238,1.2366033,-2.3776436,0.24508356,-0.4542236,1.2453401,1.96977,1.3335692,0.4199347,0.5589077,-1.1170156,0.6069787,1.3210121,0.27434397,1.5711807,1.4443214,-1.560438,-1.9662005,1.2576525,0.07367771,-0.45484993,0.7097432,-0.1735857,1.3894731,3.2367933,0.7960572,2.1515324,-0.881676,1.6914581,0.8518926,1.0224516,-2.857196
31077074,-0.5636312,-0.2582789,-0.4731077,0.43395367,0.69494677,-2.595753,1.9364341,-0.9544206,-2.4133503,-0.631639,-1.3298742,-0.130155,1.3164096,-0.48814774,1.336458,0.5245361,-0.26018146,1.8142582,-0.036563367,-2.2333,-0.24685761,-0.87322074,-1.6557097,-0.7236241,-1.5589054,1.1888545,-1.4510288,1.2622705,2.5842443,0.5603692,1.6925589,-0.5038403
31077371,-0.28608418,-2.8691926,1.9596502,-1.177435,-0.05249889,0.087803416,3.009114,-0.4897705,0.09836031,-3.3132954,-0.7779139,0.147647,-2.0710287,1.0291657,-1.4700409,2.046414,0.710504,0.6326707,-0.6546415,0.24930267,-1.0265306,3.0771427,2.0231447,1.267729,1.5801599,-0.61474323,0.4896476,2.631904,-2.070617,0.7373763,0.78916496,0.8160924
31077501,0.5220273,-0.8170275,0.26623762,0.78371024,-0.20021597,1.0523236,0.760676,-3.538273,0.30584157,-2.4221056,-1.5184119,-0.30738932,2.124672,-0.6276161,0.87124515,2.198027,-1.4491131,0.4536937,0.33379477,-3.0361106,-0.5931815,-0.41648266,-2.0467503,-1.4383252,-0.6517493,0.3554402,-1.245486,-0.7824755,2.0638645,0.296269,-0.8036254,1.5587225
31077593,1.1227103,2.0120156,0.81637067,0.80386806,-0.64042944,1.2202843,0.90102327,-0.9338467,1.4683135,0.24398166,0.4836179,1.2322447,-1.6236007,-1.312462,-2.056825,0.55146414,-0.7083382,-0.4456458,-1.407623,-0.51642555,-0.42037258,-2.0209885,0.3866757,-2.1639042,-0.69546163,0.3849863,-0.8700986,-0.78349125,-1.0619444,0.12199028,-2.2874885,0.63783103
31077667,0.8528005,3.1737356,-1.9636191,1.557658,0.5210504,-3.8632302,5.3559504,2.3917706,-1.3828818,4.1166005,0.034251414,2.7908583,-0.57859594,-1.7538965,1.2296312,-3.094691,3.0825925,0.2974162,1.4771318,1.7140589,3.0774834,3.0061607,0.9983543,-2.3513992,-3.330007,-2.3474872,-8.25551,2.4997685,2.573637,1.2884164,6.4797344,2.2396123
31077772,-4.2187634,5.5618167,-1.0977602,0.4417059,0.11621729,2.1314197,0.7892438,-2.4929485,4.3418603,1.1232276,2.0248547,2.369566,-2.519345,1.5450697,2.5428114,-2.7122412,0.24997392,-3.18824,1.0507495,2.225873,2.1094182,-2.1598132,-3.0389495,0.28706622,-0.5395571,1.6178977,0.6131721,1.0949025,-2.4508994,4.731759,2.2823405,2.7801855
31078385,1.610842,0.8224464,-1.2276174,0.58692867,-0.7293743,4.2516365,3.5804164,-4.965446,-0.5321878,-3.0530872,-2.586994,-0.7460528,-0.55517733,-2.825144,-0.38230157,1.321999,-1.4806883,-0.6163901,-0.16979478,-3.861773,0.61692566,-0.80355537,0.08502709,-1.0561409,1.5331463,1.5472758,0.5847984,2.5219357,0.34929928,1.145243,-2.5828302,-2.4264603
31078537,-1.0198758,-1.243534,-0.55168587,0.65438837,1.4071484,0.33590665,1.2478133,0.5281492,0.01990231,-0.5192104,-0.71850187,-0.5737987,-0.09678861,-0.9697314,-0.3105718,-0.020602949,0.42854828,0.6364065,1.4486972,-0.71819925,-0.09556775,0.088270396,0.17367402,0.8873484,-0.41440594,-1.1373483,-0.67149013,0.5143886,0.54747343,-0.63284546,0.28756198,-0.2980744
31078573,0.83394146,0.22969942,-0.18059425,0.8177751,0.24469371,2.7271533,0.8573739,-1.9628265,0.6734718,-1.7283472,-0.71845907,-0.2736928,0.8267998,-1.8612272,-1.4745398,0.8793465,-0.044040456,-0.70313686,-0.26976553,-1.8653075,-0.47771364,-0.52872145,-0.28589165,-1.2915663,-0.46869418,0.9833211,0.53482544,1.1756667,-0.054216757,1.1225165,-1.3136115,0.5266154
31078904,0.22139537,-0.95348257,0.25308275,0.17356437,0.25015295,0.7978383,0.15428996,-1.0758462,-0.307087,-1.2149258,-0.9788116,-0.138243,0.9893797,-0.24060872,0.11965569,1.1864531,-1.0954318,0.7278707,-0.48999003,-1.6206427,0.05925876,-1.2181178,-1.2873931,-0.2464172,0.019588131,0.5896601,-0.46495894,-0.20808883,0.9743142,-0.5030748,-0.44223112,0.1310772
31078936,0.59799314,0.6619106,-0.69180447,0.61964625,0.27641198,0.7033925,0.1337554,-0.22350845,2.1237166,-0.82759494,0.88624924,0.89590585,-0.8260762,-1.7970941,-1.0762168,0.17091772,-0.09986904,-0.034906752,-0.68207675,-1.0185616,-0.41972268,-1.2738074,0.23471737,-2.2162447,0.050127856,0.21394561,-1.0360329,-0.9820178,-0.5645105,-1.0507871,-1.5261959,1.4550291
31079051,-2.4709442,3.730217,-0.9418487,0.054972336,-0.13891384,1.0593333,0.51996225,-1.8772018,2.1168373,1.3656207,1.2096063,1.0221664,-1.7700303,0.8491122,1.2601289,-1.3606443,0.1085497,-1.8534974,0.68790805,1.326462,1.0635196,-1.4492729,-1.2153372,0.9156289,-0.6400234,0.7053338,0.71703595,0.22951235,-1.9762211,3.061598,1.8674175,1.2267582
31079122,-0.293851,-0.7637302,1.019012,0.6723591,0.8284522,0.9091396,0.5971718,-3.1317022,0.21193877,-1.7149547,-1.6682943,0.082131475,1.6511087,-0.94541925,0.57075167,1.6329355,-1.0785022,0.94355625,0.42306492,-1.8005643,0.21003139,-1.4781036,-2.3919463,-1.1102873,0.22177584,0.47636998,-1.6963077,-0.36314598,1.2030998,0.47180635,-0.3811099,0.62186533
31080160,3.8843563,1.4576253,-3.0347872,-0.6305387,0.70911276,1.0820792,2.8514743,-0.2540497,1.0602992,-1.0165688,-2.3150754,-0.96876484,0.3155935,-0.6571328,2.1578941,0.08869655,-1.7862662,-1.5503117,1.2262905,0.791569,-0.36560258,2.6756434,1.205896,0.7685301,2.1829417,1.3233801,4.3104978,-0.4919007,2.2573078,-0.92848164,1.1319741,-3.0470848
31080220,3.807628,1.2196931,-2.8208053,-0.26750404,0.8731112,0.8937491,2.600533,-0.6337555,0.70492405,-1.1893228,-1.950921,-1.0272,0.20492089,-0.28245807,1.7183636,-0.14093378,-2.1592755,-1.8288451,0.7868935,0.5379915,-0.0757408,2.0126696,0.9671789,0.574274,2.6391788,1.1157936,3.7064865,-0.43596154,2.0192993,-1.1657416,0.98833364,-3.142523
31080628,-0.06009736,0.70129466,-1.1945938,0.37723738,-0.8377171,0.71825355,1.7379335,1.2116123,-2.1046026,-2.2464547,-0.4437128,-2.279797,-1.256181,0.2730114,0.18876055,-0.9360962,1.7207373,-0.15093431,1.3093283,-1.6481383,-1.7678506,-0.08065346,1.8072213,-0.17885855,-1.590593,-1.0264864,-0.6635768,-1.7800972,0.064129435,0.9357879,-1.2522475,-3.026689
31080671,-3.3242984,1.5668148,-2.5577168,0.28092468,-0.18482947,1.814339,0.9098374,-2.5364838,6.055809,-1.060828,3.1087022,2.8499215,-2.397744,-0.19957584,3.8278096,-0.18253149,-1.3400255,-0.39439553,1.2601367,-2.5164366,0.478365,0.3682238,-2.1552641,-0.092783526,-2.8871894,0.52234757,-0.4592007,1.1184864,-2.3208606,4.020509,-0.1828615,2.8377385
31080776,1.0490968,0.920846,-0.4642292,0.48562887,-0.5268761,1.2409807,1.1060487,-1.358824,1.1838855,-0.9640433,0.14099641,0.46582252,-1.3892874,-1.2247874,-1.4475193,-0.09483027,-1.0008092,-0.64040524,-0.6211638,-0.97624004,-0.54802173,-1.9014735,0.44591066,-1.3765234,0.5335939,0.7671269,-0.63881,-0.053986214,-0.94740915,-0.039926037,-2.1073546,0.28967845
31081044,-0.7433438,0.6798165,-3.6759436,0.008434204,2.707033,-1.291991,-0.55799764,-2.7169263,0.22441871,-0.981091,-5.053201,5.166141,-1.8686711,0.24248771,5.038115,-2.0616183,3.221985,-2.149665,0.16862166,1.2985154,1.7359488,-0.76307756,0.21532132,0.7462237,-0.2583028,2.1766086,0.28180584,-1.6233793,-2.4765196,-1.5765964,2.281493,-0.20043884
31081072,-2.0379136,2.1945395,0.052188125,-2.4822705,-0.29460517,-1.8020663,-2.277116,-1.1571573,-1.1653854,0.16590425,0.19129486,-0.1241326,1.3456739,-1.0605762,1.9653152,-1.4984848,0.41649732,1.5805649,2.246181,0.451285,-0.81568307,-1.1799806,0.3459753,0.043696,-0.710756,-0.4266668,0.099402204,2.1930907,-1.3454486,0.5295972,0.5876646,-1.7010789
31081173,0.00979941,1.3026586,-1.3342092,0.3396073,1.2296337,0.6848162,0.46084294,-1.3347541,1.9211559,-1.2425821,-0.40375066,1.2931238,-2.332155,-0.42556834,-0.37869063,0.5819889,-1.5156322,-2.400398,0.2663901,-0.62460405,0.63820225,-2.6002166,-1.783645,2.0431883,0.18329078,-0.028774565,0.59033155,-1.0430422,-1.08234,1.5082628,0.66290534,-0.77541816
31081387,-1.8357621,2.7343698,-1.5371327,0.9151323,0.37438527,0.56420195,-0.063528925,-1.6214535,2.5413055,-0.11833381,0.30228803,1.7391155,-1.9037708,0.6618985,1.0269067,-0.5506844,-0.51380146,-1.6035914,0.030347895,-0.022190243,0.4552241,-1.6680462,-1.1888593,1.3420224,-0.041161776,0.041983336,0.08013485,0.66531974,-1.413748,1.9003121,0.2920701,0.58185256
31081408,-2.8776338,2.787778,-1.6813769,1.0083876,-0.7904852,1.0299435,0.44559333,-1.6604679,2.742982,0.8201875,1.3723942,1.6224544,-1.6318818,0.5017801,2.1244636,-0.6613438,0.03543937,-0.82395893,0.009171184,-0.31362802,0.7724418,-0.2957806,-1.1056625,0.37433553,-0.78692514,0.184799,0.0590284,0.9731701,-1.9650111,2.1777828,0.31881383,1.3141485
31081466,-2.338627,4.043371,-1.3239887,0.5391654,-0.3596846,0.56006235,0.53316665,-1.5682436,1.9609311,0.72590256,0.17534345,1.1353333,-2.1110394,0.83451176,1.2045676,-1.2597517,0.16255285,-3.094776,0.42717746,1.7160022,1.4303354,-2.534583,-1.8148552,1.6690615,0.17609069,-0.24497157,0.39070085,0.21768399,-1.9393018,2.9391775,1.6192447,1.0076396
31081582,-0.9635955,-0.8187171,4.1606,2.4170973,-1.8318588,2.2335305,-3.1490397,-2.0019352,1.0393708,3.165131,3.2216163,-0.29290748,5.2635174,3.3195767,1.5731193,0.12851103,1.1370529,0.79615086,-2.7461958,2.5166774,4.0714364,-2.2264574,1.1083513,3.715248,0.1798246,-0.6630961,-0.4534069,1.4901167,-3.608521,0.7558396,1.3458809,1.3755013
31081813,0.4919358,-0.2655147,0.7775784,-1.655396,0.819109,-1.8639159,-0.6831144,2.141438,-0.7559658,-0.39799985,1.1353496,-3.188935,0.0027077422,1.2860307,-1.4698992,0.48975703,-0.22078308,-1.2199111,-1.6893327,-0.5907604,0.079815395,0.8356831,1.5980288,-2.0776732,-1.0354244,1.665967,1.344141,-1.3200727,-1.3505913,-0.4180295,1.3515444,-0.101220906
31081866,0.2028909,2.7873874,-0.92539614,1.0379742,4.3470736,-0.09484157,0.29454666,-3.271001,2.51333,-1.2351264,-0.724715,1.4682432,-2.0343862,1.6635549,1.1565703,-1.6491643,0.21113503,-2.1531646,0.6455435,-0.81272554,-1.2121986,1.4822474,1.5778693,1.1969398,-2.0000088,-0.72455364,0.039227806,1.4754843,4.181173,-2.2076123,0.5901464,-1.0815969
31082082,-1.7208743,0.54714173,0.48007208,-1.7995055,1.0148869,1.9295497,-3.0789351,-0.6413668,-1.3849378,-0.8636204,-0.7029564,1.9491615,2.025209,-0.7033979,-0.3252482,-0.5725577,1.7247348,-3.1737347,-2.0901325,0.23765808,-0.8257594,-0.26587206,-1.1989205,-0.7954924,-1.438213,-1.3859671,0.6517043,0.50580335,-1.7607149,-1.2654442,-1.4154739,-0.5713291
31082101,0.845216,0.26435596,-0.08593807,1.084382,0.30703938,2.2312717,1.232373,-1.2412825,0.9856112,-1.2597119,-0.19411713,0.18485695,0.24202512,-2.0458627,-1.7307497,0.5474606,-0.33732432,-0.25564262,-0.042098094,-1.3769101,-0.4224042,-0.9227065,-0.048481457,-1.7713724,-1.0544958,0.57733226,-0.2508977,0.5467936,-0.047415763,-0.092843264,-1.6003764,1.0449879
31082331,0.42430153,1.4505601,-0.29576406,0.35873434,-0.8086344,-0.4565784,-0.8092972,0.78878254,1.9949396,0.44140765,1.7783128,1.5201118,-1.9595225,-0.14683492,-1.4609854,0.00034327805,-0.37555546,-0.051139243,-1.1733721,0.101493604,-0.5150034,-2.21243,0.6194618,-2.7060537,0.09219575,-0.3315978,-1.3761609,-2.146265,-1.6469313,-0.94578516,-1.9921424,1.8104004
31082405,-0.7576481,-0.3233766,-0.3874177,0.35740092,1.1230994,-0.78166735,-0.3215263,0.9108244,0.92396545,0.01659954,0.3327114,0.3366037,-0.5629277,-0.46695125,-0.19227833,-0.015840791,0.41514283,0.68681204,0.8141769,-0.22192459,-0.0013106642,-0.5956148,0.31011605,-0.117482394,0.38974133,-0.92797863,-0.8698805,-0.443458,-0.2075753,-0.94497764,0.26635614,0.5088429
31082631,-0.39561987,2.0333638,1.1392072,-0.4901223,-1.8153136,0.4790222,2.1203918,0.73076665,-0.97404087,-1.587038,0.49030462,-1.7481914,0.6311786,0.38941717,-0.14182027,1.1592824,0.28538424,-0.19007778,0.16584912,-1.9763181,0.15107809,0.9276677,1.4287221,0.5814052,-0.13401087,-0.4856694,-0.9084756,-1.5064756,1.3606985,2.1637676,1.013522,-2.836873
31082815,-0.12635712,-2.030361,0.27896532,-1.252277,1.196493,-0.0044305027,1.4824957,-0.5537296,-1.80326,-1.7850322,0.90639365,-0.44069058,-2.0457811,0.8891074,-1.0760676,2.5741448,0.33126667,0.5396324,-0.34221324,1.0963008,-1.9134957,1.7194495,0.12749277,0.3866539,0.3770387,-0.53817123,0.6838945,3.7118907,0.8974897,0.8373638,0.93359077,1.1922269
31082880,-2.5899146,4.975735,-1.0121514,0.9929173,-0.029861711,1.3739009,-0.57188344,-1.5942662,2.8639216,0.3910318,0.24131277,2.0377955,-2.2868636,0.86309373,1.0901555,-2.4922814,0.8744058,-3.2598035,-0.08927186,2.0948718,1.3121835,-2.538414,-2.8004405,1.492285,0.77227885,0.50207764,-0.054684658,0.30981547,-2.5607357,3.0900939,1.4102839,0.7475722
31082951,-2.0260446,0.98573816,0.84788823,-3.1987588,-0.6106215,-1.383821,-0.99596196,-0.8550016,-1.1201377,0.40650502,0.6937504,0.43491954,1.435915,-1.6676509,1.7294753,-0.9594068,-0.2314913,0.61035556,1.6254219,-0.43461388,0.5340106,-1.177938,-0.07469405,0.4823888,-0.26153648,1.0814929,-0.40678436,1.2042506,-0.521807,0.54134685,0.1711234,-1.4955426
31082961,-0.38379157,2.1100285,-0.23582783,0.1867079,0.52388394,-0.26712665,-1.0760312,-0.67817044,0.5475023,-0.48526996,-1.0417585,1.4705925,-1.2219342,-0.081273064,-0.9283017,-0.46102476,-0.0004583113,-3.055104,0.006915521,1.4175968,0.30470097,-3.0472302,-0.35294017,2.2002597,0.7082263,-0.5853927,0.29095972,-0.5773784,-0.48923817,1.533277,1.3867937,-0.7014656
31082968,-0.72821134,2.4706352,-0.22892314,0.93312645,0.6294396,-0.16471943,-1.456992,-0.22826128,1.0307686,-0.36138844,-1.1087631,1.8215665,-1.0339268,0.46771607,-0.84295416,-0.6047419,0.024092432,-2.551142,0.040806632,0.9945534,-0.06813281,-2.4824865,-0.4148248,1.9382267,0.899644,-0.20803648,0.28349197,-0.015476629,-0.8142156,1.1077231,0.79158676,-0.66022635
31083050,-1.0059818,2.1849523,-0.8010184,0.47732958,0.9345703,0.6403054,-0.082594916,-0.4880283,1.7928345,-0.60700077,-0.19771472,1.5373359,-1.6783916,0.29904878,0.42606738,-0.173304,-0.46096224,-1.852614,0.04606768,0.092314124,0.4280003,-1.7605612,-0.72782946,1.5237913,-0.4531285,-0.065673284,0.11172411,-0.3964684,-1.3445709,1.7603172,0.78023994,-0.5678538
31083147,0.009489542,1.5172665,1.3389366,-0.5617971,-0.975582,-0.044656336,0.34983703,0.12184435,-0.41112977,-0.50180006,0.56827956,-0.99227846,1.2446619,0.2021169,0.0031563947,1.248157,0.24035032,-0.47228396,-0.11908277,-0.7485543,0.8435019,0.11305712,0.8905832,0.6533664,-0.20991483,-0.9817963,-0.5279063,-0.29194283,0.41702306,1.3295527,0.56811535,-1.546861
31083191,0.06974853,1.5722635,-0.12685487,0.021921828,-1.5318255,-0.12027805,0.8251424,0.6401917,-1.5513966,-2.0783575,0.11099392,-2.2686992,-0.017154228,0.71426314,-0.2857529,0.7447507,1.1126937,-0.64481556,0.25297967,-1.3709933,-0.34920555,0.72120005,1.5865082,0.33932787,-0.9027361,-0.9926385,-0.39587,-1.2404248,0.37973815,1.0670282,0.74745876,-2.7661645
31083194,0.09160993,1.8605953,2.0161357,-0.14195275,-1.5882555,-0.41496137,0.25684074,0.25432917,-0.5053318,-0.66580087,0.7191562,-1.4576253,1.6407154,0.81448084,0.010370505,1.5109813,0.66629386,-0.42524782,-0.55919945,-0.44022635,0.9310589,0.045403935,0.8027087,1.0478976,-0.44857404,-0.8375032,-0.63278764,-0.38664392,0.24176688,1.4859705,1.1913476,-1.955185
31083199,-0.034598194,1.858549,2.2597873,-0.24232401,-1.9817486,-0.065781124,0.29579586,0.55857134,-0.776646,-0.91458535,0.9105563,-1.3767247,1.892711,0.8121337,0.13393942,1.8043367,1.0281283,-0.2914506,-1.0505681,-0.7820769,1.1418287,-0.0073185116,0.9009249,1.101501,-0.6429618,-0.69717485,-1.0359197,-0.29080757,0.39981928,1.477034,1.4347578,-1.8761181
31083243,-0.23335853,1.2142215,1.9311192,0.66669834,-1.5596864,-0.1090047,-0.73931336,-0.7329806,-0.03910264,0.323542,1.1476969,-0.889449,1.8767432,0.7504751,0.19769105,0.88654417,0.857116,-0.056497782,-0.59516937,0.23656334,1.244726,-0.04859902,0.90115136,1.4981849,0.05578311,-0.6920044,-0.3089483,-0.0010575801,-0.37658814,1.1620893,1.3192059,-0.6190595
31083503,0.46326962,-1.2565359,-0.82808125,-0.48516122,-1.9327368,-0.25547734,1.3467531,0.33746862,2.3918548,-3.7007642,-2.0586379,0.25109842,-1.84017,1.5274043,-0.40356788,1.4455652,1.5232266,0.3618219,1.4982768,0.6202693,0.12156794,1.4572462,1.6531359,0.80393463,1.0037367,0.98006225,-0.97983944,0.17513877,-2.58707,0.55391425,-0.026463678,0.48130676
31083507,-0.56555814,0.07813465,-0.16901314,0.92249286,0.5029825,-1.9202307,3.2657063,-2.2386298,-2.0415547,-0.8033111,-1.7490225,0.67027587,1.9129206,-1.6089709,1.7849693,0.5028012,-0.47494376,1.0136247,0.9199305,-2.5123632,-0.13631591,-0.35217872,-1.576494,-1.70294,-2.7729914,0.33480054,-3.2313235,1.0232998,2.8931122,0.9134025,2.0737863,0.3468017
31083511,-0.49444962,-2.864272,2.8338838,-1.3561561,0.5995127,0.7709345,4.0527787,-0.9334943,-0.3558996,-3.4874415,0.6203508,-0.09534073,-2.4307327,-0.42529505,-1.2879936,2.8143287,0.87645,1.1946962,-1.9447217,0.2365235,-1.3074793,3.5830429,1.3541119,2.115882,1.4328853,-2.4194918,1.1127076,3.4158263,-1.898846,0.6084267,0.97726494,1.5119315
31083563,1.6307962,1.4457833,-0.009852072,0.21778253,-1.0622697,0.915133,1.220766,-0.9951076,1.1811464,0.33571908,0.3047493,0.036447704,-2.5929284,-0.5452166,-0.91991127,0.18712547,-0.9894524,0.11994257,-1.2614492,-1.2684323,-0.25004938,-1.6881553,0.8179455,-2.0537992,0.13922542,0.7218765,-0.67175037,-0.41852412,-1.3393453,-0.80465704,-2.0463848,0.2586811
31083651,-1.144671,-0.029778272,0.6549454,1.0414234,-0.7312389,-0.9589563,3.7589877,1.7708837,4.2470055,-2.804274,0.1001472,-0.6035783,-0.6465035,-0.535911,1.3696676,1.5608106,1.4776531,2.206336,-0.44493923,0.17407618,-0.16192053,0.37853336,-0.07557076,3.7150726,1.8083895,-0.9172972,1.050165,1.4769284,-1.1490024,0.092898004,-0.2369834,0.115863144
31083752,3.9972708,1.0310956,-3.2919433,0.2978836,-1.9004567,1.1573179,2.5306501,2.7039883,-0.63957214,1.0940986,-1.2326924,0.49169922,2.521009,-0.39923292,1.5656519,1.4439273,-2.323362,-1.9205029,1.4506406,0.5507274,0.1761985,0.3882653,0.07404366,2.2312346,4.5232935,0.96834093,2.62638,-2.35601,0.9411323,1.7860461,0.7228211,-2.947812
31083799,3.6137116,1.0496342,-2.7499423,0.6018489,-1.5463057,1.0634035,2.316635,2.2388642,-0.80953234,1.4676,-1.0515355,1.1526918,1.9794412,0.34650558,0.9176554,1.7990973,-1.5588998,-1.8321518,1.1554404,0.2651397,-0.8935012,-0.10478807,-0.1835807,1.8966658,4.0874567,0.8082376,1.7992631,-1.4515793,1.0867931,1.7989334,0.4412762,-2.2756789
31083956,3.457771,3.7620735,-2.016611,-1.5166292,-1.0789722,-1.2365372,1.7331932,1.9599682,0.449424,0.72365767,-2.6445696,1.9475892,0.5532121,-1.4966383,1.524944,0.12653212,-0.99575937,-0.20673254,1.6750337,0.09817337,-4.0764737,0.8366736,0.70184064,2.153898,3.5373874,1.4941308,1.2961701,-1.3584752,1.9867629,1.722032,0.567994,-1.115065
31084194,1.9880881,2.8282535,-1.4509493,-1.2964739,2.4839895,-1.427362,1.16739,-0.6213768,0.37916207,-0.86738276,-1.9174992,1.3819861,-1.5446508,-2.2742288,1.4287983,-2.8493195,0.13293478,0.22679222,-0.28232983,0.80250055,-4.2300615,1.6156577,1.9130856,1.2283981,0.734328,1.7900244,-0.063659795,0.2524813,2.3973138,-0.2381873,-0.10714072,0.1298306
31084257,-0.06176461,-1.4853144,2.2078698,-0.5023106,-2.2215466,0.84052265,2.5020783,1.3553258,4.591804,-3.3294878,-3.2492945,0.95109177,-0.5972792,0.87776387,-0.5879955,-0.17716064,2.1717212,0.15554059,0.5047544,-0.82719004,0.87834865,2.7600756,1.9604373,1.9270389,2.6691637,0.4687333,-0.07943196,-0.83603996,-4.497378,-0.39098763,-0.36625528,-0.9571402
31084442,2.1486013,0.513966,-2.500318,0.50007063,-1.590312,-0.0013695043,1.2657237,2.46583,-0.92894256,1.2130224,-0.14797083,1.8218918,2.1091397,0.32541215,0.38597655,0.91374165,-0.70069444,-1.0680199,0.54391223,-0.344883,-0.90385306,-0.2080806,-0.51508147,1.9489108,3.1979911,-0.044398397,-0.09862184,-1.3396093,0.842058,1.8997518,-0.10284196,-1.0315382
31084528,2.9494722,-0.21248227,-3.5275784,1.5352379,-1.4650141,0.6801966,1.6748993,2.4133723,-0.62488866,1.2695643,-0.14369303,1.2017233,2.8218992,1.0970503,0.19301683,1.9092185,-2.3582294,-2.4009194,1.080588,-0.31228155,0.81265,0.024515975,-0.9044134,1.9061655,4.2744274,0.27297166,1.460988,-1.2370942,0.3358727,1.3077269,0.25774714,-2.9309533
31084531,-2.781335,1.382742,0.9651866,-4.3176074,-1.5601745,-2.088391,-1.9664567,-0.7916476,-1.3601868,0.07736244,1.2477977,1.5111954,1.8180463,-2.8558729,1.8873457,-1.8656853,-0.34754357,1.1832933,2.412995,0.82512426,0.9889667,-1.7492372,0.14932515,-0.03965263,-0.24633421,1.6507456,-1.0763502,0.9058471,-0.22043021,1.7413228,-0.5682547,-0.013766065
31084615,2.4488413,1.9282873,-0.6962621,-0.72048885,0.11332296,0.29522893,0.97381496,-0.060188178,0.90499943,0.18305735,-1.6316499,0.35729825,-1.0276688,0.04989348,1.4188589,0.13836099,-0.42202875,-0.9139691,1.406656,0.6651754,-2.4538426,1.1168497,0.44731674,1.2570381,1.3088007,0.49625364,1.9478512,0.13219191,2.0088775,0.4816703,1.1561903,-1.1834004
31085100,-0.5349632,-4.824127,2.5550463,-2.2188482,1.7674888,1.4881202,1.9713477,-2.269272,-3.2389174,-3.3833294,0.6441423,-1.1701368,-3.3836782,1.636269,-2.5555425,3.5669954,0.40718728,-0.048690453,-1.6694999,0.31100827,-1.8047975,3.4126005,3.063025,-0.47911215,-0.45911548,-2.228401,1.0944641,5.259883,-1.2138768,1.0515474,1.5543468,2.1862223
31085185,-1.5546848,0.8549215,-0.22285846,-1.413375,1.272986,-0.88177204,0.16125046,1.7474355,-0.60659343,-1.2775925,1.657811,-1.0345215,1.6867968,0.16565798,-0.8284203,0.6854795,1.3808342,-1.6852218,-0.95408833,-0.6699722,0.59086776,1.4088563,0.26040936,-0.28040263,0.44284844,2.2665157,1.1315478,0.65248257,-1.9022264,0.41281646,0.21014604,-0.07292321
31085660,-0.24926059,-2.6010761,1.0622191,-0.7606715,-0.15849371,-0.77893656,3.1109588,0.35246757,1.3469294,-3.2195268,-0.254857,-0.07867682,-2.0411768,0.75994104,-0.9572082,2.2956007,0.833185,1.4151849,-0.14922646,0.86955667,-1.1629429,2.3873606,1.0944532,2.5524116,1.5863194,0.0053334087,-0.29250422,1.9968387,-2.2630186,0.4971857,0.23424341,1.0084792
31085703,-1.4165639,2.023599,-0.042029288,-2.4522781,0.32293776,-0.98347044,1.7638277,2.421314,-0.7640301,-1.4311961,2.2930298,-0.9771414,2.1909835,-0.19590782,-1.4979056,1.1623777,1.2242304,-2.0883515,-1.2890266,-1.5172396,0.33738932,2.1283424,1.7828522,-1.4261827,0.71265864,2.8194242,2.2688973,0.2276778,-2.2441146,0.41134083,0.32471576,0.4853425
31085810,0.120685235,-0.55434394,0.5907918,-0.2405377,-1.8239418,-0.27837482,1.7306532,1.2456177,3.3341112,-3.3062477,-2.281123,0.2253071,-0.65183955,1.2534184,-0.54554206,0.26543003,1.5089796,0.33006883,0.8486998,0.17144628,0.27190483,1.5170075,1.6961496,1.1868752,1.4089923,0.20194636,-0.002835548,-0.27105856,-2.6371746,-0.31944627,0.07064099,-0.30312756
31086158,-0.2494054,0.66229194,1.8070394,1.0167791,0.11097947,0.009060223,2.5409837,-3.8701375,0.16182981,-1.302186,-2.2611017,0.23743354,3.3388128,-2.0034351,1.5184684,1.5515587,-1.7829306,-0.19924144,1.4113351,-1.6337512,0.6871489,-0.22733344,-3.1529357,-2.7259674,-1.9501233,-0.69619036,-3.778455,0.35476896,2.502431,1.1508452,1.124744,1.8549979
31087093,1.7927375,1.6265086,0.2204219,0.70583063,-1.4500875,4.9019704,4.420402,-4.759094,-0.46444127,-1.847392,-3.1408882,-0.6622524,-1.3598807,-2.5793204,-1.5397085,0.96682,-2.592661,-0.6813397,-1.0054662,-3.4074206,0.87570244,-1.6682546,-0.048340805,-1.2928792,0.5095817,2.1097147,0.66793746,3.7850935,0.0047982614,0.7813355,-4.068244,-1.7812237
31087289,-1.9118992,1.909901,1.5911334,-3.0965102,-0.9613522,-1.357807,-1.2883841,-1.068534,-1.1495883,0.6341529,0.6697586,0.023069855,2.0836463,-2.0570657,1.9948548,-0.914777,-0.65129024,1.0170894,2.1971004,-0.76295614,0.48418728,-1.4895236,0.2891459,0.73142314,-0.21260744,1.2520745,-0.4057833,1.7328234,-1.3405362,0.6661186,0.28461462,-1.5765721
31087677,1.1471934,2.6509295,0.2963962,0.97714317,0.3153039,0.76555645,-1.49981,-1.754126,-0.30419254,1.212426,-2.6936972,-2.3305416,0.56758785,0.81153107,1.2713401,-0.16767493,0.6043346,0.37692097,1.4472896,-0.34383196,-3.3819458,0.7571499,1.7915182,-0.51130825,-0.19142492,-1.5262852,0.73211455,1.870221,-1.417249,-1.9244971,1.7151798,-2.1422338
31087726,0.04525378,2.411082,-1.5415946,-0.44911852,-0.32794735,-1.3822536,1.548936,-1.7683201,-1.3949323,-2.3116186,-0.9589846,0.3354855,0.57036597,-2.180743,0.9283753,0.12241328,-0.6282114,2.2482529,-0.097633764,1.0785066,-0.1333608,0.18173188,1.2577848,0.38550073,-0.37589565,-1.9977299,0.87821496,0.74396545,-0.3695877,0.26299387,-0.31223354,-0.65746355
31088033,-2.1441753,1.3185048,-2.6666646,-0.62081784,2.0995426,-0.2223435,-2.7311463,-2.59041,-0.9041432,-1.326562,-3.8010645,4.1574416,-0.09310115,-0.45832944,2.6371808,-1.297406,3.2527428,-4.079515,-1.1868032,0.9250921,-0.04949835,-0.34595776,-1.1478208,0.23807874,-1.6589104,-0.3046202,1.0006418,-0.73489946,-2.5646749,-2.6046524,-0.09529421,-0.847667
31088055,-0.4728244,1.4035019,-2.1064491,1.7445241,6.7744617,0.2318241,0.14383282,-4.7980947,2.334149,-2.6318762,0.2706813,0.486602,-1.9695919,1.7536834,0.19662803,-3.1062698,0.54425466,-2.6063304,-1.0989254,0.39533907,-0.22509407,1.5102184,2.1472106,-0.2804803,-4.196702,-0.30146244,-0.912937,2.851524,4.7677245,-4.2150326,-1.0069331,-1.196431
31088251,0.3960624,2.119683,-1.4561316,-1.2489924,-1.2450926,-0.06747623,1.240318,-1.2949978,-0.79334027,-1.8768454,-0.08733383,-0.7156694,0.5996936,-1.9633304,1.1052511,0.088654935,-0.5598556,1.790262,0.1768786,1.0240915,-0.67482024,0.29474032,0.3392223,1.6253678,0.16644526,-1.8241276,1.0745592,-0.5829182,-0.3103275,-0.31631485,0.42042884,-0.3256714
31088357,-0.6186868,2.2170622,0.7354255,2.7459846,0.95935667,0.0012403745,-1.0214165,-1.3058997,1.5754724,1.6137525,1.7992619,3.7880335,-0.8406928,3.9743001,-1.1873925,0.09453063,0.84163904,-2.0037036,-0.23298456,-1.5626272,-0.4908737,-2.5948806,-1.1535738,1.455323,-0.98330915,-2.230203,-3.2613513,1.5265393,1.8362659,0.5801594,-0.22275038,0.90590256
31088621,-0.4675296,-0.799304,0.61379516,-0.572963,-1.1894646,-0.12687245,2.6986568,0.6645828,2.5906892,-2.8120565,-0.75000095,-0.03652668,-1.05697,0.9214261,-0.29222426,0.9480092,1.1596638,0.6030003,0.605566,0.10043267,-0.10541465,1.9224485,1.2198061,1.6864765,1.6828976,0.22128521,-0.021459078,0.19088085,-2.2759693,0.28871387,0.5309176,0.5497281
31088864,-1.8821291,1.3289742,0.21030235,-2.5839994,0.12276845,-0.8128198,0.20271756,1.7234232,-1.0517733,-0.8239557,1.6389974,-1.3771406,1.7723374,-0.8480821,-0.6541667,1.9399703,0.25843993,-2.0290797,-1.8003402,-0.9028247,0.23258981,1.8236189,1.8591543,-1.0822839,0.13788061,1.8866371,1.9590231,-0.051565055,-0.54713404,-0.40185648,1.3715383,1.7831205
31089634,-2.7057273,2.1616116,0.29318765,-3.603765,0.22949903,-0.56524897,2.311862,2.24063,-0.61316264,-0.8018074,2.3248816,-1.244885,2.3195214,-1.5818098,-1.0514126,1.4888403,1.8181993,-2.5601597,-1.734734,-1.0153595,0.22660169,2.028489,2.2400723,-1.0029213,1.1879302,3.0837193,2.6811578,0.259804,-2.2471175,-0.02093396,0.7974982,1.3130994
31089661,-0.7552055,0.036076628,0.03787053,0.6674681,0.9537992,0.1803114,1.6170014,-2.4188669,-0.1605625,-1.5982538,-1.7437238,0.09776242,1.8156432,-0.8623013,0.9095705,0.5879774,0.027125232,1.2266723,0.61701727,-1.3161997,0.19965085,-0.6805722,-1.6050088,-1.4232299,-1.0093544,0.6347728,-2.4233298,0.13937865,1.4327154,-0.021723557,0.078383714,1.5625918
31089700,-1.2950604,3.2254329,1.804786,-1.5582291,0.44331253,-1.4209783,-2.2319968,-2.0283835,-1.5557498,1.4192636,-0.66551733,-1.2397885,2.19317,-0.39527896,2.3143647,-0.43847522,0.17003334,2.2845323,2.408394,-1.2408639,-2.1130989,-1.7093866,1.1478189,0.778155,-1.703592,-1.9704375,1.242932,2.8425283,-2.3248384,-0.47553214,1.2890468,-2.7874286
31089917,-2.3645327,2.753077,-0.13751662,-1.8743356,0.4036756,-0.4418759,0.92435145,2.6218984,-1.1073872,0.46765095,1.0561031,-0.7330027,3.1146474,-0.62400186,0.24163586,2.9049459,-0.62763965,-1.5992582,-1.4577378,-1.3358107,0.046491895,3.0890863,1.6812156,0.018156763,0.6591577,1.3293217,2.027708,-0.124439314,0.65914905,-1.4131063,1.4822187,0.5488137
31089923,2.7147284,0.74109644,-2.9537,-0.280017,0.23843475,0.75843596,2.3022337,0.33864683,-0.041049898,-0.045639418,-1.2373784,0.123209246,0.7556252,0.121389195,1.1546595,0.18722981,-1.676581,-1.3685488,0.82250696,-0.13124472,0.1317267,1.5894853,0.6818972,1.0718294,2.2011843,0.55537397,2.3804343,-1.4188368,1.7431118,-0.85643053,0.74196815,-2.3026645
31090008,3.228123,0.6104031,-3.195829,-1.2196076,-1.5385637,-0.1803925,2.5787387,2.0017993,-0.64126915,1.2052252,-1.9522332,0.926169,1.6786342,-0.6959245,1.2772785,1.1753643,-1.8858261,-1.3889045,1.9989783,-0.26874852,-0.76024747,1.0276096,0.27227238,1.967139,4.029399,0.6623956,2.6406767,-2.7404861,1.6418167,0.6494462,1.009999,-2.200403
31090212,-1.9361004,1.7728547,1.3093146,-3.6712205,-1.0718024,-1.0494814,-1.2162315,-0.21454415,-2.1288815,0.838067,0.39399776,0.12736842,1.4314222,-2.7970183,2.6752024,-1.0228025,-0.53760344,1.369328,2.2117906,-0.64154434,1.0888561,-2.1472838,0.88886243,0.24934764,-0.32540268,1.0859833,-1.2681507,2.2127705,-0.70370483,0.38712338,0.09420556,-0.76667666
31090484,0.28405872,-0.8937494,0.48642182,0.028175801,0.55954343,2.1400306,-0.42929676,-2.5499203,0.51703846,-1.8447953,-0.71608835,-0.32196543,1.3774731,-0.36822352,-0.09098678,1.2721175,-0.9220655,0.92189,-0.32514873,-1.5440817,-0.47281376,-0.75096744,-1.472449,-0.37333345,0.74850154,0.15844439,-0.5974955,-1.3473552,0.6745666,-0.4431744,-1.4737095,0.7610647
31090493,-0.7527106,-0.9879417,1.1496108,0.42977586,1.5332341,0.16743536,0.71807,-4.219088,-1.539037,-3.3482435,-2.5138655,-0.031785954,2.6678572,-0.10373273,0.6508004,2.7103715,-1.5234694,1.03317,0.026408255,-2.8153872,-0.6456547,-2.119526,-3.1971638,-1.1303738,-0.41034776,1.6387511,-1.3876745,0.0010286402,1.4636316,0.54818326,-0.4144889,0.25433064
31090549,-0.18817295,-1.199573,0.21480548,0.36262667,0.32661897,0.46599862,0.36062148,-1.4800204,-0.88595843,-1.1520981,-1.098952,0.05687991,1.5800576,-0.48947027,0.46316728,0.5322397,-0.6542352,1.2350599,-0.43532568,-1.3388698,-0.3900999,-0.7157163,-1.5303407,0.17679292,-0.22087373,0.611288,-0.8759124,-0.11434825,1.2749699,-0.44217575,0.29125214,0.22769693
31090559,-0.2214938,-0.5873224,-0.1541326,-0.2160711,0.7544034,0.4848176,0.29936087,-1.4558179,-0.9067366,-1.398808,-0.70110744,-0.23915072,1.2234935,-0.29482508,0.326914,0.5264553,-0.09829512,1.3280661,-0.3898918,-0.79954433,-0.43605968,-0.84881854,-1.3970981,-0.079896785,-0.5249401,0.63734066,-0.98332506,0.021174414,1.1900547,-0.23060821,-0.36307663,0.6230329
31090639,-0.7284569,-1.4151689,2.3566778,0.7210227,1.1180227,1.5899289,1.0666897,-5.9568,-0.29258734,-3.9716198,-2.241031,0.07268809,3.473655,-1.2766353,1.4815311,3.2795572,-2.560048,0.21051325,0.8781165,-2.6697974,-0.88863647,-1.229177,-3.6313314,-2.2128375,-0.20178755,0.7649507,-1.6298261,-0.7881944,1.2995042,0.7561031,-1.3747834,1.6958458
31090662,-0.92622477,0.31062806,-2.384482,-1.93265,1.5366416,3.6057255,1.026776,-5.437643,0.8282062,-4.190164,-0.7351188,-0.90335244,2.8379736,-0.7022405,2.0475593,-0.43273908,0.99408835,3.0967581,0.9355013,-1.1008216,-1.8387257,0.17884357,-1.2820439,-0.07478244,-0.96785545,0.7364143,-2.539644,-1.2354456,0.43136942,-0.9917852,-1.631778,4.71353
31090673,3.298666,2.1347115,-3.1720495,0.04756611,1.3212912,1.2169914,2.2867174,-1.4772153,1.2684219,-0.7802759,-2.104206,-0.23294178,-0.5218304,1.0396769,2.215064,0.5257078,-1.924123,-2.1228995,1.0513793,0.15482348,0.27699542,2.0780175,0.7739792,0.6651133,1.9216645,0.2771499,3.4644713,-0.41690752,3.1809123,-1.6228006,1.5673021,-3.0349824
31090675,0.11611205,-1.3269372,-0.75103945,0.16349974,0.7162661,0.979821,0.50606245,-2.7934756,-0.56760436,-3.2581196,-1.006032,0.033271637,2.6524527,-0.18229172,0.57523876,1.378987,-0.5890719,1.6136506,0.056998372,-1.96474,-0.9269173,-0.67525613,-1.7480861,-0.3605038,-0.69180393,0.6736598,-1.0534244,-0.41238526,1.2940943,-0.43466312,-0.94644076,0.9155288
31090705,0.14347167,-1.1245096,0.7183703,0.30402198,0.5916075,2.066605,0.31025162,-3.8978343,0.09416991,-2.5233805,-0.96200794,0.1661245,2.1287577,-0.893194,0.44577894,2.1108263,-1.5377781,0.82475334,-0.28748196,-1.9664999,-0.45095822,-1.5254196,-2.3167067,-0.41463342,0.3904113,0.41196007,-1.066748,-1.0677325,1.1345078,-0.13000594,-1.2945778,1.0681832
31090713,0.26550132,-0.42280114,-1.81173,-0.9974592,0.17381215,0.99630696,-0.35655192,0.43702435,-0.42595103,-0.6145209,0.6721687,0.0024093725,0.8235479,0.021847688,0.23832378,-1.0089973,1.184128,2.539206,-1.0586967,0.24577674,-0.42523855,0.7010754,0.5095738,1.3190426,-0.59887993,0.21690112,-1.0628264,0.22158037,0.37190944,-0.94152004,0.009495381,1.4833498
31090716,-0.015673097,-0.5016474,-1.2467524,-0.13292883,0.37273103,-0.4592095,0.49722883,1.1216459,-0.8417089,-0.19842316,-0.35344237,0.5415336,0.5952164,0.19770944,0.30614334,-0.65030384,0.7810133,1.9784654,-0.9965995,-0.52109003,-0.0013684034,0.20262773,0.07304759,0.6487439,-0.9846644,0.1658553,-1.0570328,0.76779383,1.3349462,-1.0298356,1.0656637,0.62305963
31090741,-0.6174553,0.733416,1.2496734,1.8208778,1.416662,-2.7798502,3.8687866,-3.383941,-2.3353212,-1.2771329,-3.3095236,1.0895534,2.654261,-2.3083308,2.247943,2.3735006,-1.649027,0.31843445,1.7535319,-2.3865454,0.20090088,-1.1989129,-3.4592144,-3.4365926,-2.2782059,0.9807067,-3.7318437,0.8997172,2.8364215,1.8274584,2.6705317,-0.0499684
31090743,-0.43633544,-0.65258425,-2.1344984,-0.36817357,0.49800023,-0.34621868,0.7600051,0.08758999,-1.2754574,-0.2949838,0.0110557005,-0.05130546,0.985691,-0.7518317,1.0620096,-0.94730234,1.4225907,2.8572824,-0.5177799,-0.8067831,-0.75659,0.6564577,-0.086617015,1.2346635,-1.523907,0.42460233,-1.8443122,0.8059074,1.2697346,-0.99774307,1.3831452,0.8861575
31090778,-0.5606464,-0.36902785,-1.4569789,-0.13455778,1.1474745,-1.0775404,1.1746359,0.49056703,-1.4486753,-0.069284506,-0.77892673,0.6182558,1.2521548,-0.32807833,0.60018486,-0.7694951,1.1276615,2.446258,-0.14194053,-0.3779211,-0.41642252,-0.20384966,-0.72128177,0.44290745,-1.6001472,0.54399526,-2.5583122,1.3830147,1.5222054,-0.3795797,1.7907661,0.67757887
31090790,-1.5188524,-0.5640461,-2.5946932,-0.89864504,1.1244127,-0.27940607,1.3930027,-1.8607872,-1.464832,-1.9059815,-0.49277446,-0.45421496,1.6635687,-0.41329852,1.4386458,-0.67972887,1.1611526,4.1669264,0.59644026,-0.9501333,-1.5222956,-0.053639285,-0.95744246,0.08543255,-1.3509219,0.6749199,-2.5459151,0.51079524,0.6235442,-0.94630563,0.22830856,1.9279754
31090791,-0.46458152,-0.02252569,-1.8350312,-0.37095216,0.6248732,-0.9872806,1.0683676,-0.09842449,-1.9290053,-1.0209718,-0.0466168,0.1973684,1.2209188,-0.61027205,0.30446246,-1.0646269,1.2569182,3.3980153,-0.57369995,-0.6341975,-0.6832175,0.83864653,-0.43800113,0.77172846,-1.746418,0.84812963,-2.4019783,0.9365307,1.1081603,-0.86615163,1.4514751,1.3393365
31090796,-0.5136397,-0.34800684,-1.8374666,-0.17278525,0.70324904,-1.3706604,1.3181418,0.7828874,-1.3443688,-0.5272911,-0.42107004,0.76517534,1.2052968,-0.26532102,0.7177281,-0.8701386,1.1896279,2.8065648,-0.08774999,-0.40898922,-0.46522972,0.19050393,-0.43146953,0.2487058,-1.774298,0.6823747,-2.495166,1.1185496,1.4239507,-0.49136075,1.849995,0.6958216
31090896,-2.1557915,2.472126,-0.3540062,-1.949597,0.50363916,-1.1457505,-2.1996295,-1.7198132,-0.9418735,0.38269097,0.13710801,0.32198122,1.598604,-0.21738067,1.0280528,-1.9963809,1.1373351,1.3637651,2.2008793,0.4882714,-1.9689969,-1.0485424,0.9317149,-1.049193,-0.7106917,-1.2274408,0.90499955,1.3744395,-1.0613817,-0.290642,1.5944425,-1.7706333
31090933,-1.2464553,1.5042993,-1.0294435,-2.0846756,0.18341944,-1.179828,-2.2547605,-1.8800935,-0.42715657,-0.90993357,0.19247745,0.29219326,0.84901476,0.106499396,-0.10886632,-2.098978,0.287496,1.435536,1.4067051,1.3854734,-2.5249364,-0.36456856,0.822293,-1.324334,-0.39856482,-1.1203752,0.89101607,1.3774613,-0.5781165,-0.13563976,1.0590395,-1.3793727
31091049,-2.417784,2.647611,0.66503,-2.9960887,-0.14583671,-2.6799326,-3.0341423,-1.5747204,-1.3092313,1.1415069,0.17366512,0.0051256977,2.9073696,-1.1787033,2.3180263,-1.5108796,-0.12832966,2.160705,3.2716374,-0.14755505,-1.4261038,-1.5256598,0.16373084,0.24084462,-1.0850457,-0.6060567,0.92605144,1.921171,-2.4389124,0.19922522,0.82898104,-2.1118288
31091093,-2.0614102,2.1650014,0.0489684,-3.2719963,0.09143563,-1.9750943,-2.630213,-1.7260753,-0.81612873,0.6264401,1.0365936,0.55851585,2.0530663,-1.0163941,1.7044963,-1.5716994,0.2907708,1.7445167,2.630161,0.050751656,-1.0688647,-1.1382096,0.17910014,-0.07768212,-0.98988867,-0.61232245,0.69037765,1.3074291,-1.6128398,0.53397995,1.0201318,-1.5534047
31091153,-1.4158767,2.2595835,-1.2192379,-1.3828444,1.4143311,-1.1770434,-2.6340957,-2.2495396,-0.18778366,0.16414899,-0.21829976,-0.65840626,2.0933034,1.4133207,-0.01151593,-1.7608795,1.5002779,1.2854334,1.5170537,0.20496798,-4.0515313,0.13364065,0.8845229,-0.8711899,-0.96667206,-2.6862583,2.1859996,1.2912488,-1.8256813,-0.99330455,2.6732354,-2.6830494
31091201,-2.1379402,2.2146838,0.32874712,-3.2512107,-0.78584844,-2.2712593,-2.3411925,-1.6872462,-1.326782,0.24332109,0.8798192,0.47073922,1.6395078,-1.6809742,1.2896539,-2.073051,-0.48981938,1.6158751,2.8714192,0.5825,-0.17142585,-1.7089055,0.4381959,-0.1438471,-0.83979434,0.3286364,0.12418012,1.6164151,-0.90949863,1.0012325,0.41913122,-0.92618173
31091412,-1.1655357,2.9234114,-0.34214553,-1.3217913,0.3717424,-1.5821222,-2.7458606,-2.8426602,0.07233514,1.1175373,0.1924357,-0.3816559,2.4165847,0.31971505,1.0331424,-0.8992343,0.5241608,0.993103,2.177168,-0.22519624,-2.1204774,-0.27918267,0.48121667,-0.14131229,-0.6651362,-1.3743289,1.8784891,1.0407987,-2.168344,-0.5529688,1.5242964,-2.3357933
31091431,1.2621224,1.8415579,0.61601454,0.13937733,-1.2140085,-0.47473,0.045592386,0.15219879,1.8650502,1.3163005,1.5250105,1.39045,-2.3938243,0.15309697,-1.3026868,-0.3035223,-0.5416741,-0.45298204,-1.6191,0.12144972,-0.6145417,-2.6456757,0.7961577,-2.5774543,-0.5487925,0.473677,-1.009024,-1.5969663,-1.6770691,-0.69113845,-2.4179313,1.3910637
31091791,-1.2688373,2.3581479,0.025084522,-2.0758944,-0.041747473,-1.4891376,-2.878814,-1.9660414,-0.31859714,0.519057,0.2805726,-0.0016979761,2.3536599,-0.0074927313,0.57389694,-1.2722138,0.60381377,0.9165236,2.1460097,0.0578534,-1.8945342,-0.0014622789,0.033877075,-0.378098,-0.9582329,-0.8964133,0.8560589,0.8296865,-1.7471542,-0.07231185,1.2052501,-1.7870907
31092315,-2.1837559,3.743624,-0.3977955,-1.668831,0.78329366,-0.82316226,1.1861489,2.7792006,-1.3071862,-0.90969414,0.52986413,-0.846308,3.5846758,0.01763602,-0.7604881,2.969272,0.81995064,-1.8848997,-1.0938411,-2.528174,0.6712909,2.5837812,1.803419,0.6166069,1.8101938,1.4230096,1.9070828,0.35581064,0.40517375,-1.1446406,1.0196571,-0.025103983
31092318,-0.45904544,-0.19397387,-1.3553096,0.16976099,0.26885277,-1.0723727,1.4080131,0.31106538,-1.153432,-0.015178492,-0.37390122,0.04048733,0.9643554,-0.3714465,1.0366417,-0.79374224,0.7401647,1.8045392,-0.26496226,-1.2476914,-0.064846694,0.23362581,-0.1495497,0.217026,-1.6466665,0.47303516,-1.5191052,1.0223346,1.7233993,-0.30506632,1.5396438,0.36390635
31092351,0.37498167,-0.875787,-0.37050563,-0.28991127,-0.46052206,-0.41811153,0.75389385,0.24800494,0.7591932,-2.4457142,-1.1871579,0.38330078,-0.9955376,0.7056955,-0.57803434,1.1172942,0.67263323,0.36154938,0.9774567,0.54586416,-0.7002911,1.2532831,1.3981309,0.29112226,0.26796153,0.72644806,-0.2713038,0.43020922,-0.88914007,0.05230575,-0.030307999,0.47496086
31092360,-0.38084435,-1.8642912,0.17811374,-0.03209752,-0.28857797,-0.2649217,1.6904525,0.012720905,0.6171368,-3.345283,-0.59097725,0.502089,-1.9723431,0.47885215,-0.67730784,1.7424259,0.11761506,0.57171685,0.52095246,-0.26645112,-0.82330865,2.3545744,1.8887241,-0.087740436,0.2318304,-0.23216517,0.74039584,0.929605,-1.1998917,-0.017291255,0.22582419,1.7174822
31092365,0.4138252,-1.7164903,-0.24680705,-0.8534685,-0.32291394,-0.1903423,0.59123003,-0.16195947,0.36508456,-2.6349947,-1.0075072,0.20659283,-1.4814005,0.80991906,-1.0728139,1.4102445,0.44967744,0.1708862,0.9791639,0.52281356,-1.1529349,1.3324227,1.4109551,0.08785573,0.014529634,0.97586155,-0.6580881,0.5977841,-0.84442717,0.019747637,0.24031438,1.0327148
31092368,0.5787311,-1.4861665,-0.5469315,-0.8013687,-0.6935458,-0.22310904,0.35155168,-0.37100315,0.70490104,-2.7489753,-1.1985059,0.26987118,-1.3667566,0.74064165,-0.9134461,0.9451308,0.6282773,-0.09551622,1.3044926,0.5554236,-0.8870076,1.3001022,1.7433928,0.026012884,0.2452944,1.288889,-0.87448406,0.11525811,-0.95121807,0.07437538,0.037023373,0.76971835
31092576,0.2025017,-1.9562066,0.634197,-1.0129392,0.016905952,-0.22210681,1.4290262,0.012345515,-0.46753532,-3.453475,-0.8865669,0.39492986,-1.531411,0.8136437,-1.6716456,1.6480039,0.56979144,0.1597679,0.15688452,0.5524714,-1.4353875,2.4882932,1.7753195,-0.085293636,0.5661978,0.10072343,0.003127837,1.8223122,-1.2295074,0.048442923,0.5214318,1.4250236
31093928,0.68499666,3.7473855,-0.6409593,0.9403903,0.7424881,-0.1092373,-1.7602195,-1.9050319,-0.19205858,0.937977,-2.365201,-2.014717,0.27642635,1.2318358,0.95171684,-0.98487455,1.0533653,0.20908286,1.2807668,0.6287638,-3.808494,0.7707151,2.118185,-1.4637328,-0.4957658,-2.3501267,1.6080168,2.164295,-1.1958002,-2.0860443,1.795966,-2.13328
31094261,-0.025527949,0.4503907,0.54855096,0.26757973,-1.2695564,0.4257588,0.4318921,0.6851914,-1.3299496,-1.3243793,0.7968862,-1.9304338,0.5954951,1.0568331,-0.37228224,0.209744,1.4231594,-0.589575,0.1126597,-0.5675592,-0.27304494,-0.2924322,1.1796756,0.9875603,-1.0755156,-0.7150899,-0.25327027,-1.2260987,0.13090117,0.5182836,0.2592221,-1.7029332
31095189,-0.7360557,0.5695752,-0.9126291,1.5165796,-2.9728854,1.0559777,1.4259499,-0.10915932,-1.0766463,-2.591879,0.5538172,-2.81535,-0.4943111,2.2603226,-1.2135904,0.12277575,1.9393692,1.0070971,1.3986127,-1.1366354,-0.6175584,0.5152421,2.5127897,1.5967833,-1.3047343,0.76322997,-0.27597642,-2.0000281,-0.53580946,1.1259503,1.5618644,-2.8193724
31095223,2.1901689,2.6827106,-0.21314462,0.43302873,-1.8705553,2.7468863,1.5962162,-3.5709934,0.555189,-0.735761,-0.1944446,0.48125917,-1.2295351,-1.6244255,-1.6605715,0.434012,-1.9320178,-1.181569,-2.2904158,-1.6746849,-0.14601983,-2.5596466,-0.5201253,-2.973694,0.68142843,1.1839278,0.26703078,0.49713752,-0.35646987,0.2612129,-3.3395271,-0.17607787
31095466,1.8902905,1.8992951,-1.6044341,0.33832473,1.1071684,0.17504627,1.3847606,-0.019769598,0.9535328,-0.40394515,-0.46966997,1.0636432,-0.38372007,0.7884144,1.1978174,-0.36066702,-0.26106882,-1.4564978,0.31316292,-0.08808414,-1.1118579,1.283136,0.8017239,1.2532252,1.002802,0.4130132,1.1680379,0.15948708,2.0975401,-0.35347813,0.5854856,-1.2567099
31095563,2.2344735,1.3155147,-1.7958432,-0.46085086,0.3963348,0.5240904,1.0684412,-0.18584788,0.59449214,-0.3144369,-0.87987995,0.40447584,0.33884564,-0.17475592,1.1013528,0.05572147,-0.8253573,-1.3129096,0.66974115,-0.089741595,-0.8192412,1.5812206,0.5487196,0.89514863,1.0378863,0.023643153,1.6233891,-0.17621987,1.6749611,-0.56845164,0.31306416,-1.5718068
31098221,-0.75913054,1.3982499,0.30053496,2.3126771,0.42542785,-0.72870535,0.9801505,-1.4041348,-1.4167783,-3.1723888,0.16460025,1.0345211,-0.6259584,-1.9035002,0.50996447,0.04598817,-0.24382827,0.6339203,-0.7357132,-0.012591471,0.043837234,0.3482803,1.0626438,0.22182737,-0.82713884,-2.1666853,-0.72295797,1.4257579,1.7829149,1.7010112,-0.42890987,-0.91671044
31098235,-0.5648228,0.89958376,0.17073959,1.8347915,-0.4945336,0.16531448,0.41665828,-0.9068567,-0.9821647,-2.7339694,0.41365153,0.35914925,-1.0555359,-1.592976,0.7909222,0.25858018,-0.08766624,0.6939066,-0.23798011,-0.36963195,-0.004112631,0.939512,0.2036263,0.815987,-0.558291,-1.6392704,-0.69670343,0.3691429,1.9139588,1.1914333,-0.2896204,-0.36588594
31098488,0.33345443,-0.41070715,0.18852744,-1.3768145,1.6035113,-1.777749,-0.62623584,1.8505069,-1.2364324,-0.43611598,1.7412478,-2.690077,0.65023434,1.3114889,-0.38075694,0.43817636,0.6462343,-1.7461784,-1.3469698,-0.43114665,-0.846866,0.44744197,1.2327691,-1.3487403,-0.872886,2.8422112,0.54493386,-0.75607455,-2.1759748,-0.56519663,1.7995379,0.16532874
31098535,0.31289658,0.036770303,0.75627875,-2.8936014,0.9435179,-2.2501163,0.2525766,2.818579,-1.1418953,-1.879834,2.137157,-4.0281043,0.7365391,0.9603705,-2.1807675,-0.15478103,1.0821056,-1.9393315,-1.6354929,-1.0093822,0.09319446,1.0434442,2.076868,-2.6094606,-0.72001946,3.3537655,1.75887,-0.49715453,-2.72422,-0.4361843,1.6354243,0.5867108
31098546,0.38390645,0.30699974,0.94012296,-3.1544878,0.8699406,-1.8557763,0.32808185,2.6361492,-1.3111241,-0.20016886,1.767105,-4.206383,0.015399568,0.31462893,-2.932663,0.21163034,0.6360713,-2.2393188,-2.8413997,-1.6132754,-0.6847632,1.9201066,2.2308643,-2.728017,-0.02703957,3.5796285,2.529998,-1.0553493,-2.9555142,0.08119349,1.5116863,-0.16635329
31098797,-1.7257162,1.7031492,-2.0287545,-1.1239839,1.4439969,1.3162472,1.2269443,-2.2056358,4.22126,-1.1494216,1.8635726,1.3953886,-2.575457,0.19745141,2.3813317,-0.36257932,-2.5274873,-2.4810808,1.7253681,-0.99677765,0.9999308,-1.6822474,-2.656666,1.6623098,-2.204165,0.6992938,-0.04627623,-1.4857746,-1.6793755,4.005631,1.3645757,1.3252997
31098837,0.9929285,-1.9034249,-0.8064703,0.22200012,1.5698308,0.70296556,-2.491409,0.59529245,0.27610052,0.5320134,-4.0081296,2.3660746,-1.6242037,-0.8990562,2.0566158,-3.3035624,0.4536111,-0.28277335,-1.1710778,1.8541263,-0.41363156,-0.019723907,-1.9009247,0.22128043,-1.1005285,0.77473074,-0.8749098,-1.2066047,0.23111787,-0.12392302,-0.18787405,-1.1574072
31098970,1.3918072,1.2460452,0.6252494,0.6614644,-0.7897235,2.08857,1.3714912,-1.8850136,1.0857346,-0.7376098,-1.1772615,0.19779187,-1.4694327,-0.6229499,-1.5705763,0.4371027,-0.7010235,-0.34563145,-0.7981349,-1.1429605,-0.23414718,-1.7862654,0.6826332,-1.108013,0.002813667,0.95210004,0.18348575,0.2965524,-0.48051688,0.90897226,-2.2376702,-0.35742092
31099517,-0.8477407,-1.1958083,0.5505891,0.21856128,0.6556819,0.60098004,0.96423835,-2.814082,-1.1919128,-2.0575402,-1.1546645,-0.24759243,2.1259804,-0.5043913,0.4045137,1.5841947,-1.175564,1.0091374,-0.2891209,-2.1403482,-0.83646023,-1.1231453,-2.8096263,-0.6632305,-0.15331367,0.9786478,-0.91660434,0.03893654,1.1716541,-0.28323454,-0.2264577,0.6612997
31099597,-0.3206907,-1.168128,0.3234561,0.22530027,1.103872,0.5591902,0.40570977,-2.8374996,-0.6125171,-1.9882582,-1.4663986,-0.061485875,1.3163424,-0.57919425,0.58772635,1.7068863,-1.0687175,1.0504255,-0.3113385,-1.9933233,-0.4977863,-1.3828562,-2.122487,-0.45491824,0.35082567,1.0348898,-0.9483819,-0.52507037,1.3302718,-0.18890564,-0.64941436,0.30483353
31100454,-0.84083796,0.6123682,1.8914568,0.23251806,-1.4003471,0.84984815,-0.23801067,-0.70145524,0.14584833,0.9674425,1.1661215,-0.81631947,2.0984101,1.0541801,0.6772424,0.41171852,0.26281217,0.28975138,-1.1231982,0.37082145,1.8084302,-0.5972055,0.60170394,1.4458048,0.21737663,-0.5588094,-0.55677205,0.23143621,-0.92662185,1.517365,0.6849486,-0.2450437
31100577,-0.92944515,-0.47030735,-0.026633363,-0.9559763,0.2576239,1.7466621,-2.746056,-0.58293086,-1.1690059,-0.16904378,-1.2067908,1.8788049,1.0621747,-0.06416972,0.1355286,-0.7841265,1.3105247,-1.4148791,-0.9304929,0.39222726,-0.66788,-0.41033196,-0.6402979,-1.1229539,-1.2151902,-0.5074756,0.33572343,-0.5347384,-1.117138,-1.053908,-0.8997255,-0.99689054
31100616,-0.43235856,-0.46450976,-1.3851014,-0.41556323,1.1322173,-0.2996252,-1.4070476,-0.58999753,-0.8841383,-0.5719255,-2.4728315,2.7502537,-0.2881209,-0.03896913,1.8898664,-1.5102333,1.3602071,-1.593533,-0.5184164,1.2603843,0.00010349043,-1.2288089,-0.00425731,-0.73119795,-0.8059983,1.2891518,0.3243636,-0.58811855,-1.5857409,-1.8740603,0.5826984,-0.7053655
31100721,-1.1563342,-0.16469058,-0.33942538,-1.2099153,1.0708138,1.1787667,-3.2635543,-0.99209183,-1.6557173,-0.8988761,-2.2283897,2.5528595,0.5919299,-0.5028488,0.55976415,-1.4188253,1.9017646,-2.3814993,-1.3773575,0.90913224,-0.5580211,-0.66644317,-0.9222804,-0.54856265,-1.6049219,-0.7637139,0.39830703,-0.28764832,-1.7439772,-1.3993741,-0.58690333,-1.3668333
31101282,-1.7979103,3.5094733,-0.043898,1.0812746,0.649962,0.48637897,-0.754668,-0.6694787,0.92386925,0.4961169,0.23257974,2.0291226,-0.73591083,0.35442105,0.2505562,-0.49743897,0.689669,-2.0453465,0.5097118,1.4332314,0.3227598,-2.5524957,-0.18420929,1.4810336,-0.055068344,-0.0812465,0.6462925,1.8659058,-1.4873857,2.2586544,0.8874255,0.27068886
31101571,-0.24502748,-0.442246,-1.6798991,0.3417005,-0.74279785,-0.42491618,0.32020295,-0.121069886,1.3255306,-1.3922535,-0.08405541,-0.7353375,-1.5363154,1.0668336,0.30196577,0.8420282,0.01005768,0.88949025,0.7049608,0.12484606,0.1772116,-0.4725452,0.8931214,-0.33694136,-0.53204215,-0.08303167,0.2181358,0.43729025,0.20568243,0.29653794,-0.14815049,0.69107664
31101590,0.24734986,1.6299562,-1.1003652,-0.3198631,-1.2096758,-0.01005714,0.6111484,-0.7209671,-0.41340345,-1.513465,-0.20745099,-0.435242,0.3528448,-1.6746107,1.1636412,0.02322204,-0.6974671,1.3687531,0.11041178,1.0084835,-0.47288096,0.62523246,0.06479958,0.98345804,0.41827208,-1.2765298,0.5679761,0.016997892,-0.43595374,0.304959,0.15232871,-0.038221486
31101636,0.04116969,-2.140069,0.20009042,-0.744768,-0.65677106,0.31006303,1.7209418,-0.49626407,0.54134154,-2.8108244,-0.84914106,-0.161908,-1.9056374,1.4111867,-0.93164045,1.7163575,1.0656452,0.58990705,0.71167815,0.46987778,-0.59307534,2.1664343,1.4069,0.12372966,1.1827049,0.062471494,-0.27074352,1.529031,-1.3625411,0.41104186,0.55674994,0.7515464
31101662,-3.568662,1.9054201,-0.5528636,-2.2858667,1.4046961,1.8561852,-4.1972246,-2.548466,-2.0222762,-1.8284435,-1.2503582,3.5661888,2.544765,-0.99836457,0.93691134,-0.4612286,3.9926617,-6.014943,-3.0514445,0.18946537,-0.85010105,0.28474206,-2.5444005,0.08241695,-2.3855011,-2.7022774,1.3058654,0.4975332,-3.1534243,-1.7557578,-1.8506771,-0.9371474
31101982,0.8798502,2.5587554,-1.734192,-1.2980634,-1.2563212,-1.159124,1.309465,-1.4683644,-0.86288667,-1.8492055,-0.66205716,-0.35650894,0.47947288,-2.2525792,1.144762,0.041317184,-0.8916566,2.1308475,0.04802856,1.4255797,-0.20835596,0.5671053,0.7719132,1.3262147,0.0065803677,-2.1116462,1.1149695,0.07657595,-0.8175407,0.09178872,0.5332264,-0.024965562
31101990,-0.3181226,2.893316,-1.8060222,-0.6429045,-1.0499254,-1.0603409,2.1410418,-2.2257395,-1.2982465,-2.2244534,-0.5162887,-0.32734647,0.8033994,-1.7865899,1.3228891,-0.16037488,-0.98100096,1.5945139,-0.20174721,1.7635797,-0.41577473,0.3217852,0.9421569,1.6296473,0.056319296,-2.5762365,0.9893797,0.691688,-0.30710647,0.0065877065,1.5191295,-0.31991312
31102030,3.35096,0.034825496,-2.9501188,0.60980296,-2.1445715,1.5268986,2.224828,2.3328788,-0.44427037,1.2309958,-0.6018958,0.26692125,2.4993975,0.4966241,0.88086456,2.1895018,-2.2684102,-2.2798707,1.4228088,-0.06864125,1.1894404,0.18963282,-0.44193873,1.5886884,4.109893,0.021597268,2.4036176,-2.1807172,0.8568344,0.96175516,0.8333129,-3.1510549
31102060,1.2046794,0.3148647,-0.85613126,0.18010113,-0.18525614,1.8452302,2.2147386,-1.7261941,1.2992655,-1.318273,-0.057912793,0.023269864,-0.46691957,-1.6521105,-1.523306,0.07691028,-0.7579926,0.22937578,0.14431466,-1.4867444,-0.5010286,-0.92704046,0.78902596,-1.3480152,0.018837675,-0.012096703,-0.95177275,0.07220516,-0.2237637,-0.35982722,-2.1278677,-0.2344191
31102095,0.9713953,0.981068,-0.4494637,0.70043594,-0.08819331,1.4476559,0.6267091,-1.2579842,1.3752711,-0.6085654,0.41182017,0.56551737,-0.8708546,-1.1806196,-1.9382659,0.07703904,-0.56355363,-0.3577417,-0.66674,-1.0576477,-0.15091498,-1.5880547,0.5109732,-2.229151,-0.4421357,0.55864406,-0.29323345,0.26668802,-0.46939552,-0.20378469,-2.3280578,0.72384834
31102113,-0.52328753,-0.9070958,-1.5749319,0.673496,1.4546238,1.7739551,2.5089543,-1.2932885,0.1033914,-1.4294838,-2.2150862,-0.8511577,-0.18298055,-1.6759765,0.022049103,0.1429806,-0.15973495,0.36023062,1.1611104,-2.2961485,0.24137671,-0.19140887,0.29013294,0.8268873,0.67797923,-0.67772627,-0.34746796,1.2693197,0.2784423,-0.30588573,-0.2892886,-1.303809
31102124,-0.3919294,0.62957525,1.391837,-4.938224,-0.21658228,-1.8234495,2.2485332,0.99395543,-0.45568174,-0.9660577,3.620345,-2.724849,0.3849839,-1.5516883,-1.6997112,0.2586216,2.231531,-3.3097277,-2.8962214,-1.1510575,-1.530705,1.192891,3.4531608,-3.7627778,0.20457767,4.305437,3.4010913,-0.955559,-3.919932,-0.52846414,1.7711073,2.3575175
31102159,1.5444137,0.799513,-0.4973798,1.0105753,-0.19919273,2.3503385,1.2599375,-1.9749091,1.3571044,-1.0244355,-0.1064021,0.22395247,-0.1275978,-1.7703327,-2.2645085,0.31294098,-0.48487848,-0.35910916,-0.24630277,-1.4639351,-0.34989807,-1.2116232,0.1501005,-2.110086,-0.6085297,0.9508753,-0.20884216,0.5761619,-0.023245351,-0.14796488,-2.2507482,0.4649454
31102167,0.7112228,0.7138786,-0.25543326,0.634208,0.14569962,1.9330966,0.58001333,-1.1240381,1.3451384,-1.1525337,0.3221965,0.31479475,-0.22949804,-1.5532163,-1.6881169,0.62928694,-0.53999305,-0.23992103,-0.33639976,-1.1382632,-0.34317687,-1.004568,0.3196341,-1.8687863,-0.35228953,0.55396414,-0.04348793,0.16622153,-0.4307188,-0.21111642,-1.6129723,1.0543976
31102177,-3.668752,1.1922464,-0.02154747,-2.1225395,-0.3526539,2.955449,-4.453956,-1.3227164,-2.105932,-1.1275463,0.053569417,3.2498655,3.0350664,0.082754776,0.46338198,0.09860887,2.9067864,-4.138866,-2.8135223,-0.7362318,-0.7894513,-0.029920593,-1.6313117,-0.9494107,-2.0445936,-3.3061688,0.8029293,0.5890552,-2.5763724,-1.5557443,-1.8938626,-1.3130264
31102195,1.5846806,1.0620131,-0.121975146,0.53150135,-0.5721187,2.5392823,1.0994697,-2.41483,0.54279107,-1.4376436,-0.71511286,-0.077629626,-0.22642325,-1.3282831,-1.3093457,0.9285094,-0.76927537,-0.6916543,-0.6692446,-1.6359085,-0.4266011,-1.1237526,-0.107547306,-1.4799773,0.1304761,1.1485615,0.5318365,0.7915276,-0.29213405,0.66987836,-1.9156125,0.2469238
31102203,-0.578682,-2.7936647,2.3504128,-1.1658504,0.48003566,0.3426398,3.1964004,-0.84376913,0.015624829,-3.9501731,-0.013246164,-0.22213805,-2.3188443,0.7756945,-1.4512109,2.6160374,0.90885717,0.73495233,-1.2755038,-0.008821854,-0.93840265,3.7395995,1.9796385,1.685016,1.348369,-1.6083722,0.39019337,2.600879,-2.698039,0.53666216,0.9691155,1.120948
31102222,0.6665078,0.54920965,-0.47114083,0.69465286,0.34217536,1.0797409,0.23685859,-0.3391147,1.6068555,-0.352758,0.8372924,0.4747557,-0.42897227,-1.2379786,-1.6578466,0.31579852,-0.1800797,-0.35779893,-0.41643292,-0.9990247,-0.37376267,-1.0518333,0.4508278,-1.7711914,-0.70878685,0.38871345,-0.45165327,-0.26813298,-0.2968233,-0.5455341,-1.3775761,1.1960605
31102228,1.0473003,0.88106537,0.18976414,0.8276742,-0.16001719,0.7158269,0.01046427,0.09855618,1.788928,-0.102857694,1.5768478,0.84972495,-0.9716348,-1.0764822,-2.0882795,-0.07413542,-0.49710286,-0.3963951,-0.45381835,-0.5257803,-0.14811078,-1.7678912,0.534142,-2.4456294,-0.7434015,0.5350522,-0.8984334,-0.48920318,-1.0267777,-0.7529087,-2.1809497,1.8827574
31102259,-0.31063235,1.0891049,-2.944537,1.1781386,-3.4168413,0.6978822,3.051406,0.3561129,-1.3216572,-4.045968,-0.7084514,-4.093379,-2.3314977,2.9624233,-1.5622898,0.023881521,2.2832305,1.6500149,2.615999,-2.1658447,-2.147107,1.1022254,2.9320283,0.8622781,-2.029097,1.3800166,0.25836712,-3.2664573,0.31094941,0.7200626,1.652065,-4.461859
31102260,-3.9729958,5.3628983,-1.111178,0.9041957,-0.5263959,1.4692076,1.0716325,-2.4120383,2.9923153,2.150886,1.6746353,0.79189324,-2.2807944,1.3332614,2.2185557,-2.5925922,0.5072023,-3.270435,0.5787263,3.255134,1.9893608,-1.4661587,-2.6517315,0.57205486,0.0985966,0.7487475,0.9207668,1.2163659,-2.3461769,3.9457276,2.1009004,2.7235434
31102282,-3.5788553,5.188848,-1.1878642,0.42464164,0.44148368,1.6690361,0.93122375,-2.1044598,3.180198,1.3725799,1.4586543,1.045879,-2.6303844,1.5225035,1.6709996,-2.5499992,-0.1639694,-4.0499535,0.9665936,3.3453987,2.2951136,-2.1690562,-3.002422,0.85623115,-0.016928228,0.7526617,0.77884907,0.2825485,-2.1102967,3.9707758,2.6118476,2.1295788
31102310,0.84290606,0.31630582,-0.6482187,0.8756829,0.042347405,2.7145395,2.661194,-2.895104,-0.025381574,-1.5761293,-2.1941874,-0.4880921,-0.7480102,-1.6514537,-0.8965101,0.46603534,-1.1354436,-0.40443194,0.015835773,-2.6665885,0.1481569,-1.3500906,-0.08760942,-0.5849954,0.24682492,0.6362996,0.11901183,1.9038968,-0.23573312,0.38924742,-2.0177267,-1.7447612
31102311,1.7557803,1.5265812,0.30564222,0.66088784,-0.882742,1.8986845,1.408252,-1.829198,1.1634356,-0.46804,0.3828806,0.6037391,-1.0467908,-1.3167943,-2.1202471,0.5185708,-1.3663862,-0.6659697,-0.9494042,-0.95141953,-0.51218504,-1.7511262,0.36232457,-2.348257,-0.52906203,0.9875486,-0.15363675,0.23520663,-0.8112981,-0.122707024,-2.7366712,0.7537191
31102332,-0.16370603,-2.3238864,2.65701,-0.6073411,-0.41856802,1.0244576,3.2302482,-0.04933203,0.8753565,-3.256226,-0.9023382,0.53766257,-1.8747613,0.885557,-1.5595717,1.9238223,1.6913224,0.6943531,-0.45834658,-0.43026894,-0.30712965,3.1363308,2.024096,1.6230739,1.872417,-1.1957173,0.93556094,2.3945239,-3.3436406,0.3478896,0.44040155,0.39406395
31102375,0.16117686,-0.018156514,-0.6150217,0.46006587,0.3563244,2.3108735,2.533814,-1.9329026,0.33603826,-1.2043214,-1.9796792,-0.7505072,-0.8206457,-1.2446781,-0.8597311,-0.045805216,-0.82274866,0.005076401,0.36243397,-2.0413246,0.119518355,-1.265291,0.32823926,-0.3319394,-0.0010490566,-0.0378676,-0.25654447,1.5777328,-0.07358807,0.113817826,-1.561963,-1.3163451
31102524,0.5950934,2.7534657,-2.1553729,-1.6777711,-1.7051576,-0.70587784,1.1086534,-1.2455071,-0.774972,-2.2358758,-0.43632248,-0.7611645,0.9030027,-2.6122348,0.9426282,0.31078088,-1.2208238,2.9503489,0.010206152,1.6767675,-0.75917035,0.3470416,0.2664275,0.93074334,0.324938,-2.0661547,1.6942248,-0.47431928,-0.96235687,-0.35296726,0.059148893,-0.33790854
31102686,2.1160464,2.0445392,0.63598526,0.7536369,-1.7564533,2.6013985,2.3408935,-2.6533647,0.6026636,0.1679757,-0.40881488,0.35211253,-1.4766243,-1.4364516,-1.4477755,0.040421806,-2.0560346,-0.86041784,-1.5507866,-1.5875298,-0.46380344,-2.4951234,0.055662088,-2.1922307,-0.15966147,1.9106827,-0.47904325,0.66155404,-0.6789384,-0.34565866,-3.783023,0.5449133
31102687,1.7820543,1.4040344,0.5219686,0.35746738,-1.066328,4.8819194,3.8841443,-5.1734548,-1.6259972,-2.2129426,-4.216572,-0.7418658,-1.0109094,-1.6095096,-0.9135945,1.3935173,-1.9290507,-1.5798464,-1.0952145,-3.254436,0.3112845,-1.2195569,-0.78419983,-0.09868461,0.510692,2.1029148,2.0931401,3.9142127,-0.09542683,1.7691585,-2.8384144,-2.381231
31103067,1.1554524,3.2094948,-2.6632612,-2.47705,-1.3547438,-1.3192037,1.5982815,-1.1895554,-1.0368334,-1.5609266,-0.64855784,-1.0991812,1.0233091,-2.5478303,0.8238119,-0.21002564,-1.375437,2.8750002,-0.27310494,1.7915894,-0.5473021,0.07399464,0.9765337,1.4314839,0.37868905,-2.2599413,1.791031,0.095238894,-1.7740765,-0.19866711,1.0512648,-0.14966062
31103123,-1.770879,1.2915359,0.6805283,-0.8854471,-0.4696116,2.0291047,-1.2975504,-0.7075738,-0.3900118,0.19065127,0.31105757,1.1943997,1.8654305,1.1055049,0.30869475,1.5029006,0.66757,-1.4652917,-0.59571373,-0.5166646,0.551936,1.4280905,-0.68861425,-1.5435021,-0.6868368,-1.2939974,0.07348132,-0.67202675,-0.8739595,0.30417863,-0.35287538,-0.41937596
31103748,2.3627036,0.44896156,-2.4532313,0.036290564,-1.3950946,0.41220722,1.982125,1.9159452,-0.9986637,0.91176605,-0.74886525,1.2112277,1.8807532,-0.34180355,0.63117886,1.2358165,-1.4975579,-1.2962824,0.9751647,-0.1676732,-0.76471746,0.46137536,-0.26257208,1.5897886,3.0843074,0.6604951,1.280066,-1.503357,0.9072039,1.0615782,0.3336086,-1.5683724
31105410,-1.5260347,1.9013823,-1.332525,-2.5732038,0.6334499,-1.3446624,-1.9831781,-2.250522,-0.40961725,-0.38046572,0.48542643,0.43349302,1.5312102,0.024843648,-0.049997576,-2.1077726,0.89702094,1.0602893,1.4815556,1.385537,-2.7720416,-0.37551266,0.5423077,-1.2518337,-0.39212728,-1.1717616,1.1878589,1.3684903,-0.93365735,0.13911918,1.4496645,-1.5753262
31105429,-0.1229901,1.160092,-0.5004917,-1.5058326,-0.566859,-0.92766684,-1.3817356,-1.0638932,-0.7234728,0.1621635,-0.8051055,-0.37435034,0.44262657,-0.335263,-0.13981856,-1.8290652,-0.097123235,0.47831944,1.4359597,1.2346491,-1.9822304,-0.31394,0.7293131,-0.92193055,-0.1813626,-0.39870957,-0.1007119,1.5826495,-0.24252017,0.29893675,0.3639043,-1.0460507
31105504,-0.2421169,2.181272,-0.27372193,-0.016630309,0.35835063,0.23822415,-0.59998107,-0.6396656,0.8420762,-0.23068386,-0.7423327,0.8793904,-1.4587935,0.09862237,-0.46254602,-0.7052538,0.038219202,-2.3541803,0.16417365,0.6066068,0.47666943,-2.2643309,-0.6808623,1.7532204,0.88223755,0.14406995,0.42583674,-0.6878461,-0.73182184,1.7525891,1.7196472,-0.6941217
31105508,0.6220121,2.026784,-0.61839235,0.08239202,0.4367883,0.2142729,-1.9954468,-1.1244725,-0.8845471,0.41589683,-2.7580473,-1.0659621,0.34854612,0.29349276,0.49503845,-1.8258511,0.2773762,0.6826526,1.1189525,1.2514528,-3.5710237,-0.23553152,1.8112941,-1.532432,-0.30614042,-1.444119,0.013916712,1.508133,-0.22578405,-1.2474264,0.89542234,-0.9326463
31105858,2.8033116,0.10907882,-3.0435495,0.26711276,-1.9575679,0.32638574,1.9935653,2.3131006,-1.0773473,0.8669393,-0.71487397,0.6259534,2.2859805,-0.6052578,0.7270027,0.8663493,-1.6667415,-1.307154,0.75749695,-0.1786097,0.08485858,0.25625336,-0.08234361,1.772871,3.6335638,0.8539078,1.6135137,-1.9376699,0.39096692,1.3387957,0.08584823,-1.9085797
31106942,-0.13733332,-0.65217084,1.2765651,0.7857555,0.46802026,1.0041391,0.36587256,-2.2834356,0.42016593,-1.3859816,-1.285429,0.620263,1.7912657,-0.6542248,0.291795,1.5356528,-1.1978468,0.17742117,0.45110795,-0.88891697,0.41538855,-1.0660285,-1.9139832,-0.8785769,-0.08450015,0.083358705,-1.3786029,-0.3935565,0.90633345,0.3545984,-0.22028242,0.37539536
31107596,-0.8067375,0.027538046,-0.086467154,0.05321113,0.64706933,0.024979621,-0.013446759,0.4405991,1.2797261,-0.25009003,0.55964565,0.12599301,-1.042717,-0.61534876,-0.44049436,0.3158283,-0.07353602,0.8285998,0.4254885,-0.5200903,0.33153427,-0.28487766,0.71195906,-0.08009347,0.049515232,-0.1257855,-0.76228774,-0.47652104,-0.444169,-0.93133485,-0.19933747,0.59818333
31108170,-1.5872238,1.792691,-0.70959294,-2.4335856,0.47413704,-1.7763851,-2.3444192,-2.0342264,-0.37353456,0.11787944,0.91655296,-0.008508865,2.1803467,0.62024915,0.25727975,-1.3573382,0.72475773,1.2865345,2.0179713,0.054180056,-2.099097,-0.7409928,-0.022175116,-0.31350762,-0.7028949,-1.1779432,1.4481753,0.9746177,-1.6492709,0.12465677,1.0214224,-1.7467617
31108256,1.4827722,2.3907454,0.6916338,0.122933306,-1.5409557,-0.56252134,-0.2503974,-0.039166793,1.6513171,1.557548,1.3011717,1.3252063,-2.6354043,0.8111332,-1.1336268,-0.06451909,-0.642862,-0.65228677,-1.9540572,0.3539861,-0.5625469,-2.7611847,0.563153,-2.6978078,-0.041847974,0.5659692,-0.5577201,-1.5096668,-1.7231047,-0.47860044,-2.3684351,1.1677929
31108293,2.4426103,0.28247452,-2.537781,0.08212874,-1.4468374,0.41161263,1.6005682,1.6582613,-0.9453346,0.6307374,-0.6316852,1.0415475,1.8259162,-0.68326694,0.7400834,0.769445,-1.304992,-0.94508904,0.6588685,-0.21607599,-0.4062249,0.41109687,0.003445711,1.3190995,2.5572288,0.73770154,1.3974118,-1.249913,0.4764857,1.0516161,-0.025965912,-1.4241178
31108415,3.7035835,0.4070921,-3.772727,0.36463133,-2.127887,0.9263715,2.468594,2.0262043,-0.6437756,1.5911537,-0.88357466,0.7089557,2.126547,0.46925306,1.3889312,1.7792857,-2.5029294,-1.8333825,1.2072681,-0.37807658,0.33814424,0.06127258,-0.16380434,1.9291106,4.5647335,0.27735916,2.4867265,-1.9944485,0.85918564,1.5514743,0.7384836,-2.448824
31108803,-1.4507276,2.552178,1.6988057,-2.321644,-1.5226893,-1.9707097,-2.7885292,-0.83062583,-2.7218714,1.4005167,-0.7894108,-1.0305567,1.7433938,-3.0101593,3.5731046,-0.9883927,-1.2188616,2.6215339,3.0827982,-1.1750263,-0.09217628,-2.8223743,0.77790046,0.90302515,-0.24721123,0.14501527,-0.30041108,3.2507243,-2.0778413,-0.32089135,0.4282323,-1.8726864
31108823,3.3566077,0.56068194,-3.8284822,0.11001473,-0.97751874,0.49943,3.2459044,2.2413137,-0.91816044,0.6448672,-1.4631331,0.19263974,2.320039,-0.7655534,1.1606885,0.8348496,-2.448636,-1.6763831,1.2315395,-0.16236004,0.3262552,0.9659751,0.4528595,2.034053,4.7136335,0.85730106,2.8479154,-2.7391517,1.3718598,0.475655,0.6987822,-2.758847
31108897,0.35705635,-1.1989956,-0.8412463,0.096887484,-1.0080836,-0.8175881,1.0552865,0.07349899,1.6234366,-3.0315123,-1.0714197,0.18586189,-1.7861966,0.756916,-0.5628625,1.5790906,0.3686502,0.40518075,1.3424026,0.3948416,-0.56172913,1.2111423,1.15823,0.9968039,0.5081207,1.0230666,-0.44669792,-0.3251565,-1.431951,0.39199507,0.08764205,1.2792997
31108923,0.26478517,-1.5262871,-0.06501068,-0.51214194,-0.31082374,-0.17409745,1.0542208,-0.022277422,0.10535399,-2.891117,-1.0571136,0.40201575,-1.5752776,0.7860105,-1.1141571,1.4852103,0.4570689,0.32634163,0.6678295,0.12446647,-0.9269397,1.8684657,1.7353741,0.12375189,0.48792332,0.72193813,-0.39333576,0.55787605,-1.3839965,0.0713503,0.48643684,1.1410718
31109070,0.3371694,-1.4716613,-0.048216183,-0.96851563,-0.10114922,-0.30328175,1.0999044,0.035219602,0.053455256,-2.8165588,-1.0763575,0.31658012,-1.5496666,0.8903313,-0.9677622,1.3314314,0.54139644,0.24614145,0.8467058,0.5471839,-1.1029897,1.7103958,1.7704759,0.36604458,0.37329194,1.0651436,-0.44021627,1.0451642,-1.0598388,-0.046950676,0.33688098,0.87016773
31118066,-0.11052509,-0.66158307,0.7755334,-1.3748937,0.8363251,1.4971995,-2.4729552,0.86195433,-1.2478385,0.1087158,-1.3417865,1.2384198,0.65031004,-0.663676,-0.52554905,-1.6920495,0.76690817,-1.0376635,-1.4474998,0.5962225,-0.6058553,-0.56198967,-1.0019552,-0.8474467,-0.91770864,0.012531632,0.10768165,0.09952073,-0.5662711,-0.5051143,-1.2210172,-1.1095085
31118663,-0.9516237,-3.3459816,3.452555,-1.3292232,0.7669996,0.9397312,3.3835886,-0.16427058,-0.17619783,-5.2050333,-1.1907732,0.4361692,-2.8664315,1.0247636,-2.750849,2.6462336,0.21207175,-0.13058273,-1.109924,-0.1990528,-1.1527488,3.7952542,3.9953518,0.6018457,0.32189846,-1.7055926,1.2215149,3.0730448,-3.089285,0.3602091,0.8357591,2.3282015
31119755,0.29561773,-1.0474684,1.3338872,0.47114137,0.16650805,1.9933797,-0.046804257,-4.2149587,0.6632856,-2.6574461,-2.0349755,-0.04665949,2.5536704,-0.5395518,-0.05624325,2.4045572,-1.972816,-0.09121316,0.2280919,-2.3957136,-0.28531072,-1.7228593,-2.9150736,-1.1762025,0.637388,0.4293608,-1.1286334,-1.5331155,1.2178419,-0.2671824,-1.9989578,1.3016106
31120776,-0.16525972,1.090286,-1.0229993,0.37867972,-1.583356,0.37233377,1.8489391,0.5584547,-1.8271383,-2.4715123,0.037621487,-2.6453981,-1.0000144,0.7892361,-0.5918628,-0.16791718,1.2893306,-0.3067258,1.4297501,-1.6521249,-1.4799153,0.92744887,1.634996,0.29149014,-0.80146,-0.2650754,-0.07170912,-2.2401435,0.7630145,1.0921609,0.1155263,-2.9528763
31120853,1.0355076,0.9045481,0.29318044,0.4531806,-0.487162,1.6825973,0.7495694,-1.2990611,1.1781696,-0.7575129,-0.045027237,0.2105282,-0.534902,-1.1028275,-1.497363,0.49122223,-0.21214332,-0.13995093,-0.6058848,-1.2784379,-0.33517826,-0.726194,0.45868397,-1.7533218,-0.33604217,0.8321034,-0.087771796,0.4044778,-0.40107694,0.5219764,-1.8157642,0.46042645
31120904,-0.5220041,-0.6083291,-0.015093377,0.56876045,0.67633015,0.80864406,0.91504014,-0.094199434,0.79390216,-0.7492413,-0.6859923,-0.52913624,0.0021866169,-1.1164874,-0.6882673,-0.019624628,0.3339098,0.94666684,0.6229143,-0.77354157,-0.19586012,-0.51163685,0.20129615,-0.22045103,-0.35045233,-0.011201531,-0.4321326,0.21533015,0.2362292,-0.39194232,-0.2359969,0.17657703
31120956,-0.22311793,0.553525,0.27764213,-0.23060957,0.19021833,-1.2448825,-0.8762339,1.2196708,1.3954638,0.55258524,1.2311755,1.1615629,-1.3910317,0.36664402,-0.79893184,-0.1514819,0.43735027,0.34865695,-0.21112221,0.28697744,-0.33647686,-1.3012513,0.6863573,-1.3339213,-0.08725691,-0.5893185,-0.7122696,-1.3987638,-0.79868585,-0.76082987,-0.67879266,0.8973353
31121042,0.10446283,0.4759792,0.20941149,-0.1415892,-0.19421616,-1.5110472,-0.98421615,1.503649,1.8006917,0.917937,1.572093,1.172642,-2.0980628,0.38756868,-0.84166765,-0.1847646,0.09908436,0.80768156,-0.27038592,0.14461926,-0.46763554,-1.6001943,1.1737509,-1.5474329,0.045605093,-0.6282928,-1.3221201,-1.9584559,-1.188871,-0.8865728,-1.2196783,0.7925897
31122006,-0.017606083,0.8125624,0.11672672,1.8539851,0.6055332,-0.4919555,0.930983,-1.0293963,-0.7415776,-1.7824727,-0.4470246,0.5732293,-0.52150977,-1.5162016,0.97110903,-0.22124699,-0.020281631,-0.21969262,-0.46851498,-0.1118625,0.37725586,0.2606976,1.5698092,0.27926975,0.121366076,-1.3396337,-0.7425562,1.0529691,0.8082688,1.0931511,-0.23549193,-0.22633511
31122273,-2.1587617,2.9149728,-0.8498523,0.84958124,-0.096403874,0.62834144,0.15077193,-1.4991196,1.7292434,0.3825748,0.76797676,1.0973783,-1.4402429,0.048380416,0.6349412,-0.18456133,-0.58664995,-2.0347033,-0.04211474,0.36986035,1.4868063,-1.566592,-0.926191,1.0169563,-0.83421355,0.45432848,0.16602793,0.57391274,-1.6171315,1.8826047,0.90374583,0.50209284
31122370,-1.1374507,-0.05286945,0.50207716,-1.3989084,0.47838613,1.6502581,-2.7417545,0.19276835,-1.0561187,-0.4677915,-0.69690037,1.626071,1.5607165,-0.1775946,0.027065549,-0.44886398,1.2568804,-1.4776509,-1.3648354,0.45523855,-0.6928099,0.55799496,-1.2740886,-0.97495914,-0.6400744,-1.1069367,0.5199714,-0.03900101,-0.76532394,-0.22012308,-0.6434059,-1.0003692
31122797,2.2651975,-0.17627098,-2.554563,1.2453437,-1.6819152,0.6074181,1.6709865,2.2688332,-0.38095355,0.9810896,-0.06866016,1.0564291,2.4836304,0.96167666,0.5766037,1.7230457,-1.6005704,-1.9901586,0.8691342,-0.42870605,0.39767772,-0.31942233,-0.71996725,1.7432582,3.7013047,-0.32245967,0.8333797,-1.1143144,0.21287197,1.4685434,0.4850425,-2.4877357
31123191,0.32703844,-0.16081935,-0.7151401,-0.17386462,0.40826398,0.6224777,-0.079610094,0.21716863,0.13592449,-0.40880543,-0.341612,0.3545028,0.7828259,0.01373487,-0.23432955,-0.6089157,0.7140581,1.5186656,-0.5965935,0.0041555613,0.10857102,0.30903322,-0.13359962,0.42819798,-0.31817374,-0.017932113,-1.3513346,0.048340008,0.888224,-0.8025226,0.022869706,1.3256621
31123763,-0.8091566,1.1891582,0.11893487,0.7933413,1.7648726,-2.6842635,3.2933562,-1.1477758,-1.4301646,0.12619327,-1.9530016,1.929887,1.40573,-1.0518113,1.3852658,-0.0019648615,1.2064903,1.1226425,0.6838058,-0.46103707,0.7629051,-0.17217375,-1.2366946,-1.8492941,-1.9674063,-0.6221244,-5.2148137,1.6049557,2.270672,1.1063693,3.9627964,1.0699413
31124074,-0.5213097,0.63193303,1.0867265,3.3770516,0.27912056,-0.37790164,0.7140984,-1.2188842,-0.9366978,-3.0131133,0.56250095,1.269265,-1.6264294,-1.6594797,0.2530545,-0.37095955,0.016797286,-0.51820904,-0.77420646,-0.40013123,0.12213054,0.42327636,1.2324553,0.53687733,-0.4759035,-1.861416,-1.7529,1.4893129,2.7755473,2.0656452,-0.5889753,-0.7395153
31124257,-0.7434518,0.75651306,1.0920122,3.6690898,1.0255035,-0.47311905,0.7297421,-1.1123271,-0.80738455,-3.013749,0.37041357,1.6324612,-1.2345316,-1.6839297,0.44768912,-0.08312611,-0.118564114,-0.4056404,-0.8258439,-0.47318608,0.22107017,0.49601892,1.722695,-0.3542136,-0.31766218,-1.4077808,-1.4247124,1.6727821,2.1721604,2.3051639,-0.936429,-0.39009914
31126094,5.1359487,0.35162818,-4.369677,1.3270957,-1.7003611,1.8071861,3.3142858,2.645541,-0.4575567,0.70060086,-0.9322532,-0.7525484,2.551597,0.59762496,1.3704062,2.0427375,-3.240809,-2.7424028,1.4094726,1.0433711,1.39792,-0.16143997,0.056208167,1.0594004,5.8682966,0.90708953,3.6963065,-1.9842402,0.38235056,0.74220747,0.97714126,-4.2917852
31126311,-0.023154832,-1.1332159,0.45319483,-1.1309766,1.0307162,-1.4082311,-0.45152867,0.89122,-0.8933567,-0.65027744,1.5426534,-1.8980806,-0.21854877,0.917221,-1.0337435,-0.4176176,0.8138345,-1.3390311,-1.2099453,-0.24738058,-0.1505802,0.17127174,0.6465708,-1.0445706,-0.6469441,2.2135391,0.67440224,-0.09354627,-1.7298641,0.18493947,0.9858001,0.5394088
31127400,-2.0419176,0.3616694,0.63990384,-2.1446736,0.7532593,2.3374941,-3.813019,-0.78683436,-1.7435238,-1.3720765,-0.9951188,2.360373,2.2563155,-0.6905465,-0.11795922,-0.86434424,2.5277934,-3.6857057,-2.4625807,0.29808465,-1.3294083,0.43396777,-1.8530364,-0.38593268,-2.2480454,-2.058996,0.8288764,0.46981794,-1.9717087,-1.1447023,-1.8969966,-1.1861156
31127557,0.7517884,1.2557855,-0.22277124,0.34138814,-0.802679,-0.93325984,-0.72298735,0.8758382,1.8146825,0.7539739,1.7196858,1.3777101,-2.1141431,0.31334743,-1.0408728,-0.2939056,-0.18536061,-0.45889622,-0.8709849,-0.030358454,-0.8444627,-2.0772655,0.55564725,-2.0717893,0.18767619,-0.26548374,-1.1996782,-2.191538,-1.6336288,-0.6824877,-1.5526587,1.3823733
31127792,0.16705424,-1.7496338,0.37522507,-0.7881852,-0.48266178,0.00021754205,1.7505037,-0.017281212,0.17281246,-2.7159386,-1.1844732,0.20982435,-1.7293631,1.0735059,-1.0786912,1.9161139,0.9118495,0.5385397,0.44718197,0.4842934,-1.0883389,2.188321,1.5748924,0.31180337,0.7187738,0.18014465,0.37306622,1.7153592,-1.2308327,0.36938974,0.50226015,1.0937235
31128746,-1.1667747,0.3610093,1.3981019,-1.3865052,0.018055428,1.844291,-2.1443734,0.16072743,-0.6504496,-0.6701025,0.15335882,0.8907231,1.7343901,0.07809727,-0.5241924,-0.07245727,0.9081577,-0.7943524,-1.3768841,-0.023398519,-0.4815214,0.5443811,-0.91611826,-0.73544,-1.17432,-1.0888908,0.3479105,0.38945955,-0.62768537,-0.18329085,-0.99847007,-0.6418245
31128826,-1.7883614,1.2324408,0.34258747,-1.7089281,-0.41238278,2.4521873,-3.2477307,-0.36120248,-1.9862922,-0.3189125,-0.70219344,2.374846,2.233233,0.25867122,0.35447028,-0.78476757,1.9183581,-2.7583447,-2.1547058,0.3376081,-0.3796561,1.176209,-2.0168257,-1.4679855,-1.4046466,-2.31298,1.0137655,-0.19312379,-1.6884173,-0.74207497,-1.4288801,-0.8328411
31129062,-2.1756504,1.3080512,0.01017322,-2.4440937,0.8521191,2.128678,-3.4996214,-1.2516596,-1.7173201,-1.2263386,-0.9538867,2.6918552,2.2380526,-0.3728009,0.55030054,-0.4747911,2.8767781,-4.240342,-2.6901135,0.26447326,-0.47856408,1.208536,-2.1617022,-0.22250357,-1.6889555,-2.0998213,1.0869747,0.39199877,-1.991388,-0.99983037,-1.3990895,-0.6428808
31129288,-0.22149701,0.47875714,0.68653893,-0.3449837,-0.16152918,0.2657463,0.6060938,0.67860687,-0.9908853,-0.40579656,0.4032408,-0.885059,0.57981527,-0.061835416,-0.27053782,0.32767743,0.47514534,-0.8505035,0.33772817,-0.97074366,0.03933373,-0.40159374,0.5836295,0.009337105,-0.6800167,-0.7694382,-0.4040311,-1.0180779,0.35990316,0.46439153,-0.7900637,-1.0907999
31129324,-0.8527286,0.45958477,-0.68545014,0.6558047,-1.3059357,0.638057,1.8015555,0.74397933,-1.6004108,-1.9827443,-0.0865065,-2.3413482,-0.6049739,0.76519364,0.031660657,-0.5767445,1.6215843,0.254069,1.1427854,-1.4820106,-0.97599274,-0.20975417,1.6082019,0.52687895,-1.3302441,-0.19501473,-0.7286299,-2.196719,0.21933375,1.0471745,-0.34709853,-2.677426
31129344,-0.13958618,0.2785284,-1.4133718,-0.015561003,0.17672604,0.36542648,1.4227983,0.57998705,-1.3908266,-1.2806196,-0.32254,-1.3014224,-1.3433434,-0.13145864,0.37902275,-1.013631,0.6491849,-0.26056835,1.1917005,-1.2733079,-1.6091735,0.24586059,1.0563607,-0.50069505,-0.69979435,-0.55561155,-0.19255176,-1.3357152,0.27012953,0.55698895,-1.2324171,-1.9299928
31129356,-2.3789957,0.9089842,0.47036713,-2.4777849,1.1665059,2.6314194,-4.15652,-1.112902,-2.0867307,-1.2817136,-1.0883487,2.3980975,2.8400252,-1.0052702,-0.6355771,-0.57614434,2.9748745,-4.4144764,-2.9804924,0.42473537,-1.3000995,0.6266891,-2.3288949,-0.58743364,-2.0025275,-2.716686,1.0544217,0.5478608,-1.7968935,-0.9443071,-2.2004435,-0.98851764
31129387,-0.082459025,0.19337673,-1.6138744,0.29569408,-0.37474394,1.2963437,1.795975,1.1395673,-1.9703578,-1.80677,-0.27671415,-2.3105454,-1.3032304,0.5417398,0.20341109,-1.3752933,1.3978943,-0.34644762,1.3842788,-1.5011033,-1.5366819,-0.371454,1.8079726,0.07329052,-1.7021908,-0.9463679,-0.36922327,-2.1380858,-0.06967161,0.93833923,-1.8432447,-2.7108793
31130890,-1.9294071,2.0770404,0.34386835,-2.8312654,-0.08485625,-1.5694497,-2.6392329,-2.286033,-0.46094984,0.4089676,0.7856615,0.022820141,2.4409642,-0.32274556,1.369181,-1.3896438,0.18386427,1.5202451,2.14613,0.08034599,-1.9216006,-0.3387868,0.13901107,-0.15736829,-0.39876008,-0.6290134,1.3192086,1.3439298,-1.4607506,0.096691996,1.036749,-2.2138207
31133546,-1.0856309,2.1548176,2.8270004,-3.3183253,-3.5112352,-1.7181215,-1.4253947,-0.26440522,-2.667636,1.4665844,-0.61307496,-0.6522075,1.695688,-4.5519037,4.672367,-0.003978731,-2.4447541,1.3383448,2.5614321,-1.4357576,1.7305511,-2.8469195,1.1273854,1.3598106,-0.37333065,2.5092432,-2.4620833,2.5549994,-0.86220527,0.6679681,-1.4360623,-0.99877584
31133797,-0.07447395,2.6052902,-1.1531854,-0.45691255,-0.43547553,-1.4885931,2.257357,-2.3161638,-1.6242092,-2.9916248,-0.9094297,0.47518814,0.08499799,-2.6548815,0.9117603,-0.018358584,-0.9578346,2.0585747,-0.63837373,1.0596358,-0.16715461,0.089128375,1.4002459,0.50373775,-0.70636195,-2.6834671,0.38079488,0.9059841,0.06040713,0.4562006,-0.03212729,-0.6937066
31133995,1.5136845,1.9196491,-0.34170204,-1.1302437,0.4015654,-0.41644874,0.61668265,-0.14627531,0.58843285,-0.42324206,-1.7537539,0.6807785,-0.79655796,-0.6697696,1.4110504,-0.3692334,0.076567866,-0.49476564,0.585488,0.50305855,-2.8101907,1.792574,0.16665278,0.8873866,0.31238982,0.8151768,1.1857281,0.35083333,1.6113262,0.3092043,0.36925447,-0.17009479
31134996,-1.083789,-0.3846335,-0.020450335,-1.6299214,1.2703025,1.9600646,-3.997023,-0.26960322,-1.4351627,-0.68930036,-1.9698306,2.316315,1.2647005,-0.96706426,-0.02849966,-2.071024,1.8275294,-2.9731483,-2.4996047,0.8887942,-1.1058639,0.35823506,-2.1480331,0.14928871,-2.019392,-1.525407,0.36705795,-0.014722899,-1.2139375,-0.5958158,-1.4817673,-1.1188544
31135876,0.09329734,-1.6352465,0.4625415,-2.255723,0.9352556,-1.3903658,-0.042097285,0.91466016,-1.0298853,-1.4671816,2.3940635,-2.754545,-0.1101842,0.40872976,-1.0805453,-0.096196815,1.9338135,-1.8812691,-1.355082,-0.1849888,-0.75236267,0.0011613183,1.1882359,-1.6667421,-1.0899218,3.1641974,1.1897213,0.24474469,-3.2230344,0.3087974,1.4014759,1.8840704
31137256,-0.2756871,1.3885263,-0.5668768,-0.096660964,-0.382341,-0.28828344,0.59859246,-1.0591892,-0.5619161,-1.4869958,0.25633284,-0.010590892,0.34447473,-1.1943707,1.1079047,0.17262408,-0.18380082,1.3646022,0.15161355,0.07383298,-0.3066888,0.3137405,-0.05680931,0.35484195,-0.3696761,-1.4547671,0.54835266,0.15355387,0.31641772,0.66706854,0.11393723,-0.4259473
31138265,-1.8449669,2.6941223,-0.63575065,-1.844277,0.7556716,-1.4177667,-2.480011,-2.0267248,-0.48074853,0.54539365,0.44524786,0.17228341,2.216981,0.62215453,0.40965724,-1.7978588,1.1760199,1.2034059,2.2438514,0.53474855,-2.6011934,0.12491277,0.34468752,-0.91283184,-0.5886891,-1.5695243,1.7818959,0.86313856,-1.7908622,-0.28898785,1.5615544,-1.4690219
31138766,-0.2676286,2.655012,-1.8203721,-0.6678465,-1.0520121,-1.1999102,1.7113541,-1.9166276,-1.2606266,-2.6657565,-0.27200666,0.058785696,0.31215546,-2.4987755,1.0977042,-0.033665683,-0.9840429,2.1015148,0.057917677,1.339273,-0.23807096,0.28675848,0.5173528,0.96514106,-0.072120555,-2.3722758,0.99443203,0.23988704,-0.62550896,0.5150846,0.2441696,-0.14574215
31139960,0.72639734,1.3752828,-0.6345145,0.78013986,-0.45968974,-0.008881152,-0.72988707,0.5846259,2.1817374,0.21067125,1.7893304,1.8898554,-1.6842779,-0.624568,-2.1048193,0.046367973,-0.34092206,-0.36165562,-1.0938191,0.17411198,-0.75264806,-2.1807427,0.28013074,-2.9962783,0.065054774,-0.26128343,-1.3182092,-2.0267012,-1.2767004,-0.41118896,-2.0392458,1.9111137
31143667,-0.11211558,-0.6871865,0.026862983,-0.14212403,0.12746325,3.075188,-0.4880818,-4.730663,1.3257226,-3.0473435,-0.39752293,-0.80184275,2.022248,-0.44538504,-0.32506073,1.3030987,-0.6389949,0.2808005,0.43792236,-1.8673098,-0.24888867,-0.020112446,-1.7328382,-0.95212305,0.74401253,-0.5806484,-0.793815,-2.4152849,0.6904701,-0.15729348,-2.8644416,2.3164904
31145474,0.07420782,-1.1661615,-1.0195875,0.2584784,0.76277953,-0.9775743,0.83390766,0.6217896,-1.5245328,-0.8748292,-0.6773687,0.717973,1.2694248,-0.005926557,0.6493694,-0.1853118,0.3118954,2.070599,-0.90011585,-0.96208763,-0.49638435,-0.032295965,-0.23174205,0.8448978,-1.5990092,0.74977994,-1.2623464,1.017202,1.819216,-0.6136231,1.1804706,0.35619482
31145500,-0.79489774,-1.0160601,0.4837128,0.35005456,1.4943116,-0.8227641,1.5850648,-2.2419603,-1.6588403,-1.6031264,-2.0059686,0.11140145,1.7423837,-0.43789512,0.88823515,1.451226,-0.16039729,1.4960839,0.035720438,-2.119186,-0.548715,-1.430356,-2.2456515,-1.2310218,-0.86993116,0.8785844,-2.216028,0.7286056,2.155364,0.47473437,0.9641713,0.32674575
31146091,-0.7123884,2.8091066,3.5397923,-0.44999763,-2.7495315,0.07573316,1.6126992,0.10592805,0.43846267,-0.31969395,1.0251493,-2.1259274,2.8901038,0.8711362,0.5276542,2.2182326,-0.34788632,0.53222036,-1.5104225,-2.053794,2.320212,0.80281806,1.0697017,1.4242601,0.7088507,-0.1897672,-1.4350775,-0.42639646,0.73176867,2.785762,2.4296777,-2.4103212
31147154,-0.71370924,2.1636665,0.35957938,0.3737441,-2.0766087,0.22633858,2.029187,0.54484004,-1.2246166,-2.0759678,-0.054657053,-2.5262818,0.10114394,0.6853084,0.004047972,0.6107982,1.2053272,-0.09670061,0.29796138,-2.218771,-0.7220664,0.9506813,1.650086,0.3389439,-0.46424693,-0.94244176,-0.7059905,-1.6393422,0.7008262,1.7171568,0.4470473,-3.8160758
31147204,-0.6199089,1.8511564,0.6624492,-0.22481546,-1.560427,0.48420388,2.479083,1.107629,-1.1154885,-1.6176596,0.3296298,-2.1099725,-0.05261899,0.25701746,0.010675919,0.4940084,0.68441254,-0.13207525,0.52710587,-2.4126496,-0.23614421,1.0307673,1.479164,0.26226902,-0.36946276,-0.38378835,-0.901146,-1.8553842,1.1485238,2.0554442,0.33072984,-3.0059388
31147238,0.060129113,1.184891,0.1686702,-0.27995723,-1.137853,0.26519254,1.6662755,1.3471357,-1.7041081,-1.8254296,0.23724328,-2.6682606,-0.16006614,0.5190355,-0.45046967,0.115343824,1.2213738,-0.6360614,0.6652522,-2.0595887,-0.4796766,0.5020643,1.1861557,0.4645306,-0.9645335,-0.47487345,-0.66543084,-2.1753469,0.7790976,0.9509608,-0.21773088,-2.7959824
31147244,-0.72372085,1.410411,-0.37835407,0.25921392,-1.7637707,0.68326175,2.322237,0.77131736,-1.511875,-2.2227535,-0.14454524,-2.5934162,-0.7418895,0.90882593,-0.4246127,0.39122942,0.9321454,0.046773523,0.9229566,-2.3380055,-1.1294386,1.0301589,1.6976265,0.44059253,-1.0236083,-0.15900561,-0.76560223,-2.1269586,0.8738237,1.2957563,0.5054634,-3.4122531
31147299,-0.64593154,1.4039108,-0.21915334,0.57481,-1.9381554,0.72729355,1.816312,0.9411298,-1.471172,-2.291131,0.13411905,-2.9135776,-0.47485465,1.1322544,0.069398805,0.23306839,1.5559099,-0.150069,0.90783256,-1.9763876,-0.44567177,0.6371697,1.8727986,0.88457865,-1.1647875,-0.6499386,-0.4514164,-1.963034,0.59565455,1.4090971,0.20239411,-2.948852
31147579,-0.6519089,0.7467184,0.70437545,0.3217279,-1.1520666,0.26365495,0.85101926,-0.20374835,-0.549963,-0.5720116,0.91548663,-1.373928,0.4631567,0.61328274,0.022284057,0.45347753,0.5202126,-0.19916578,0.10266594,-0.71358585,0.1937353,0.349685,0.8459345,0.76937634,0.061891753,-0.25413653,-0.19770855,-1.0193136,0.17747062,1.6702689,0.62493914,-1.4555519
31148199,1.1453574,1.7764097,0.21842478,0.16120979,-1.007546,-0.25780508,-0.61096436,0.3585554,2.1633093,0.9192726,1.8316383,1.8095157,-2.0274215,-0.33035558,-1.6357546,-0.11678866,-0.61280805,-0.28730527,-1.4760655,0.5425888,-0.72191507,-2.0619981,0.5769699,-3.0287876,-0.09317547,0.13783973,-1.1704686,-2.0875742,-1.3805617,-0.6494949,-2.3870616,1.6337013
31148844,-0.7482491,-0.8598043,1.150674,0.6942737,0.76480794,-0.4584969,1.881179,-2.5514014,-1.0068614,-2.2536895,-2.2849174,0.8985522,2.5517082,-0.5583707,0.94040066,2.378437,-1.4220004,0.5706594,0.11834544,-2.2083309,-0.29406744,-1.3756231,-2.5583751,-1.4868402,-1.2302144,0.7136866,-2.2669451,0.64907885,1.9870933,0.22821273,0.2917651,0.7143116
31151490,0.049993347,-1.0928257,-0.1836758,-0.09972346,-0.0034868252,0.9589452,-0.027160533,-0.6919219,-0.12672861,-1.0963471,-0.30424264,0.050010692,1.0248054,-0.100151666,0.16748583,0.6435077,-0.6408991,0.96474797,-0.7986196,-1.1795616,-0.13386591,-0.29144818,-0.7181715,-0.02732376,-0.0017613648,0.3542767,-0.4289512,-0.23087592,0.9351743,-0.87177247,-0.46414202,0.5298901
31151495,-0.37862727,-0.92838883,-0.3219639,0.07052669,0.81573147,-0.8200223,1.0644273,-0.694324,-1.4556123,-1.3567034,-0.992109,0.58671004,1.444467,-0.087828435,0.7588271,0.46726322,-0.28349596,1.9707766,-0.66610026,-1.7127047,-0.4482644,-0.67418665,-1.475008,0.19883254,-1.2169657,0.61663723,-1.2594483,0.73678374,1.9650404,-0.35731202,0.99542964,0.039428256
31151654,-3.1765893,1.937938,-1.7985696,1.4059215,-0.8065131,1.0688875,-0.11541079,-1.5089364,3.7713075,0.0048667844,1.8643563,2.1655095,-1.9815665,0.79194415,2.6798878,-0.6841523,-0.039825175,0.17171006,-0.29309496,-1.3909667,0.3309806,0.73239535,-0.9692322,-0.42257893,-0.9502598,0.7064997,-0.46433023,1.1661879,-1.8456476,1.9165548,-0.6020843,1.2843999
31152126,-0.15314007,1.7099315,-0.53027445,0.7683598,-1.2586313,-0.2638196,0.9949401,-1.3617011,-1.0451008,-2.941759,0.12539679,0.106091276,-0.6016193,-1.9598068,1.1093457,0.1044126,-0.7431866,1.184981,-0.33297688,0.8374219,-0.2246264,0.561832,0.41188803,1.013236,-0.30725303,-2.0985608,-0.0727122,0.49438208,0.9221917,0.7478593,0.16818063,-0.72745913
31152272,0.4216242,1.5327355,-0.6617656,0.32490766,-0.8055425,-0.46426144,1.1166328,-1.008214,-0.6165319,-2.415715,-0.14129835,0.14554541,-0.49361712,-1.8411201,0.7343531,0.1407157,-0.47000477,1.1442226,-0.32517007,0.27591223,-0.046298414,0.76231503,0.48221585,1.1492485,-0.33654714,-1.7855612,0.07285343,0.5294579,0.84469515,0.6672886,0.2714273,-0.34810326
31152300,-0.6555558,2.5429893,-1.3804573,-0.3730489,-0.69690806,-1.0283567,1.5389967,-2.6205258,-1.4037848,-2.3231537,-0.035639934,0.35384578,0.6425876,-2.1747673,1.2266774,0.18533164,-0.542257,2.3288426,-0.098906994,0.9930146,-0.77634597,0.063382566,0.6529754,0.70550495,-0.45523882,-2.5431168,0.89256555,0.124689505,-0.21130231,0.3502512,0.094311506,-0.48923537
31152348,-0.140425,-0.2559892,0.38565382,-2.3983881,0.76074326,-1.478918,0.95447874,1.8017647,-0.71814394,-1.2256386,2.4723039,-2.7130852,0.33029503,0.46092397,-1.6474831,-0.34295037,2.134713,-2.2348175,-1.2408253,-0.486172,-0.24660242,1.1811788,1.1138707,-2.19277,-0.20931719,3.9365096,1.7034608,0.03101952,-3.6361566,0.22458422,0.79075354,0.83509153
31152702,0.95403284,0.7079457,-0.35781008,1.3866405,-0.40084386,1.7829013,0.056049813,-0.75972885,2.3209522,-1.0859928,1.0684297,0.5559182,-0.18753384,-2.2052038,-2.1517055,0.6117043,-0.4802544,-0.3373183,-0.09584813,-1.2098112,-0.05058946,-0.9293258,0.5917603,-2.807144,-0.30844107,0.45869696,-0.8450307,-0.554932,-0.4948927,-0.26976657,-2.20904,1.8667407
31152712,0.30389854,0.527962,0.11883124,0.39477646,0.24979128,0.5585326,-0.23092945,0.11202019,1.443252,-0.22912008,0.59313273,0.4653898,-0.72516483,-0.7578004,-1.2010207,0.17109013,0.10736717,-0.04569877,-0.34771466,-0.45439717,-0.3372077,-1.1926776,0.34626204,-1.2254382,-0.5299403,0.09184575,-0.3935406,-0.41762808,-0.52308524,-0.24908338,-0.978415,1.2901127
31152721,0.87848717,0.49168587,-0.31959912,0.8124773,0.20809896,1.0518522,0.5305282,-0.5496438,1.6754209,-0.54231304,0.5376304,0.3357451,-0.74858516,-1.418197,-1.3977026,0.1854662,-0.2144127,0.02871596,-0.38533705,-1.2218223,-0.14728698,-1.0456948,0.8237401,-1.768665,-0.32777947,0.22589406,-0.7533714,-0.31629246,-0.45855966,-0.5153213,-1.7931684,0.9896998
31152747,0.5888527,0.49356323,-0.20193122,1.0080681,-0.11000575,1.167931,0.25980976,-0.07067945,2.3692713,-0.04819769,1.515415,0.9589491,-0.99907213,-1.7906675,-2.552323,0.18129086,-0.46973056,0.3864247,0.022075664,-0.43057296,0.009987873,-1.5953201,0.88591987,-2.7299097,-0.8591052,0.15809964,-1.3263501,-0.95323664,-0.8039644,-0.8425355,-2.3542721,2.0772076
31152758,-0.06553081,0.52854854,-0.11582001,0.3900338,0.026366461,-0.95337546,-0.79368,0.90204066,1.9361016,0.44858882,1.2308968,1.0150336,-1.8509092,-0.2579011,-1.1155707,0.27889034,-0.1471504,0.6209284,-0.060204644,-0.116864614,-0.29080144,-1.1288458,1.1682966,-1.5343143,0.055224285,-0.53449214,-1.1138049,-1.7834946,-0.9126038,-1.214706,-1.0490011,1.1259921
31152820,0.6956518,0.92674184,0.39097142,0.25947645,-0.09408012,0.34126967,-0.26461565,-0.08246717,1.6360776,0.14214094,0.9520551,0.91482985,-1.0609418,-0.76448184,-1.57006,0.08878335,-0.24493997,0.10126626,-0.747228,-0.25981292,-0.51991564,-1.5396835,0.50337446,-2.197236,-0.7689533,0.31678566,-0.54851586,-1.0531837,-0.80070984,-0.51387566,-1.9488499,1.4109831
31152916,1.3998132,1.1857862,0.5145599,0.82224256,-0.03121588,1.2295755,0.9701759,-0.7202405,1.8824316,0.1132898,0.31566536,0.86730355,-1.6509755,-1.333321,-2.5535684,-0.13768017,-0.9056911,0.31765154,-0.7105548,-0.7162779,0.092313305,-1.7551129,1.1155454,-2.4043272,-1.0414854,0.84561515,-0.7433755,0.37098268,-0.29818243,-0.2120802,-2.6106918,0.40803057
31153036,0.43378812,-1.0261399,0.77233344,0.47588786,0.00994909,2.3689075,-0.3466519,-2.5090322,1.1040317,-1.9360776,-1.0908484,-0.13797939,1.6213769,-0.4715402,-0.43100348,1.4694647,-1.2009792,-0.18677472,0.20607927,-1.7374864,0.13763164,-1.095068,-1.7586476,-0.9251743,0.73177433,-0.0273205,-0.5968219,-1.4900324,0.46426022,-0.48605636,-1.9442744,0.8175769
31153435,-2.3025665,0.5215037,-0.8664048,0.9628122,1.7507464,0.034098692,-0.8150364,1.5134588,-0.48965707,-1.6026478,0.7670394,0.111826554,2.3263984,0.53499347,1.1463813,1.4655229,1.1948662,-0.60473555,0.37352657,0.7676329,1.6668793,0.57528114,-1.2512271,2.0151303,-0.15593119,0.92587614,-0.2555714,1.655765,-0.29841805,0.79046744,-0.23254606,0.23230135
31153891,0.19167793,0.45736265,0.438824,0.47828487,0.8233403,0.38772812,-0.046323422,1.2118884,-1.4281421,-0.43749774,0.23842388,-0.9218645,0.66727793,-0.8308088,0.49470818,-0.9582876,1.0342809,-1.040357,0.13568768,-1.3550335,-1.1734233,-0.4130807,1.0050869,0.14198595,-1.3248044,-1.5395737,-0.75966257,-1.1557168,0.0046642628,-0.034887515,-1.4865249,-1.1601151
31153959,-0.07981502,1.1941915,1.7523282,0.8664249,-0.3972538,0.6681096,-0.42497125,1.3896191,0.32948947,0.10978329,0.22607063,-0.88674456,1.774729,-1.0517169,1.8324834,-0.23008116,1.1314948,-1.0441658,0.03090412,-1.235206,1.1245861,-1.2958804,1.4531603,0.071608864,-1.4130179,-2.1273608,-1.6855229,0.5459571,-0.15863986,-0.099435024,-1.4094543,-0.8242704
31155009,0.057816643,0.16138698,-0.33023363,0.32832184,0.08248524,-0.263232,-0.16518901,0.63929576,1.7682213,0.49659845,0.76550364,0.43118566,-1.2488933,-0.5289609,-0.91541004,0.010767065,-0.13916658,0.91804725,0.6427289,-0.44275454,-0.067206696,-1.5195578,0.82233983,-1.153478,0.09599958,-0.31042752,-1.4634866,-1.260552,-0.53752387,-1.3203529,-1.399326,0.9210372
31155762,-0.7208358,1.1429133,-0.2211456,0.25706366,-0.5430593,0.1599672,0.7766915,-1.4312563,-0.704971,-1.7105883,-0.01778064,-0.092552245,0.16703697,-1.0248705,1.3648491,-0.26793525,-0.21102868,0.79350907,0.41602355,0.12724328,-0.39971972,0.64712065,0.50193095,1.3522724,-0.15700293,-1.6913697,-0.012132332,-0.025155257,0.22287217,0.24381319,0.30937645,-0.34253085
31155815,-0.663081,1.4711348,-0.4602128,0.11143668,-0.48758775,-0.17685993,0.72039634,-1.2921603,-0.85467166,-1.9713925,0.09563471,0.054106075,0.24957483,-1.2428547,1.0780869,0.05680758,-0.17344011,1.6303701,-0.0020505115,0.4084233,-0.46425965,0.5352205,-0.087221146,0.5294428,-0.46470672,-1.4589818,0.41037357,0.30184907,0.6354554,0.6583703,-0.30540448,-0.40490988
31155853,-0.5082678,2.6993976,-1.4820969,-0.9115004,-0.3771263,-0.88133997,1.9800862,-2.4955926,-1.4953219,-1.9845831,-0.10726087,-0.014572214,1.028309,-1.9074268,1.6054482,0.055572424,-0.7617689,2.5822427,0.3223009,0.9025782,-0.13862574,0.12702286,1.0528826,0.9794115,-0.72556925,-2.7949378,0.736269,-0.010016438,-0.2866103,-0.07832373,0.7504785,-0.5564618
31155902,1.314998,2.370725,-1.8474615,-2.8733566,-1.9950259,-0.31594875,0.89767706,-0.7684596,-0.41036582,-0.67353433,-0.33022353,-1.6289994,1.0390183,-1.666273,1.5601492,-0.09756434,-0.80468935,2.4472892,0.11861235,0.81747735,-0.5906126,0.5832919,-0.20412746,1.7871938,0.35979024,-1.4886428,1.254965,-1.0381712,-1.4023609,-1.1845957,0.96305716,0.21441454
31156367,0.13352935,1.3096561,0.6009541,0.2327166,-0.010247588,-1.0193405,-1.1207821,-0.20605738,-0.73043036,-0.26579118,-1.1330702,1.1584729,-0.10053763,0.11925486,-1.7291994,0.04296743,0.6701749,-0.98411924,-0.35406932,0.9631663,-0.28659362,-2.1443412,1.1211256,1.7109725,0.97941536,-0.5839296,0.18375598,0.39071554,-0.21868291,-0.074421905,1.0540544,-0.79469955
31156390,-0.43935922,-0.3573234,0.34014094,-0.568272,1.193267,-1.1641968,-0.39631975,1.2403488,-0.786608,-0.47689265,1.1526486,-1.4738691,0.29405186,0.90422595,-0.53167146,0.21849404,0.44295257,-0.9354363,-0.70031375,0.19948563,0.2670443,0.6328503,0.19579048,-1.0608273,-0.80135953,2.122991,0.6584725,-0.06569786,-1.4044719,0.012978844,0.5476304,0.386832
31156459,0.4394216,-1.5254194,1.0453266,-2.3823113,0.5925052,-1.978062,-0.4648028,1.3832891,-0.79976803,-0.6590169,2.3232622,-3.5869122,-1.0413955,0.8997901,-1.1142858,-0.14952107,0.6273114,-1.766688,-1.98201,-0.11602094,-0.8994929,0.3066501,1.9752802,-3.1344566,-1.2874099,3.2621183,1.5455176,-0.9094019,-2.4249396,-0.5119162,2.0168417,1.6047492
31156691,0.70854414,1.5291349,0.6829595,-0.6150184,-0.86586577,-2.0795517,-0.8387854,1.8539912,1.9314398,1.8771695,2.1063023,1.6926084,-2.8124578,1.0212859,-0.8383289,-0.22468299,0.122769564,0.3845473,-0.96809745,1.0274427,-0.7547625,-2.3912601,1.1178604,-2.051712,0.04921928,-0.42071822,-1.5905135,-2.7730591,-1.7883176,-1.1991636,-1.5343013,1.41687
31157260,0.61721265,-2.1527832,-0.39361075,-0.9060017,0.38624245,-0.6025972,1.2970389,0.07669806,-0.29851803,-2.770415,-0.32633817,0.2136178,-1.9196315,0.8053809,-1.5059766,2.305854,0.7886261,0.1491553,0.60013974,0.5277132,-1.6275207,1.8867723,1.5624977,0.04656273,0.7340848,0.49037635,-0.08657851,1.7664906,-0.5491056,0.26312226,0.92830014,1.4724755
31158028,-2.051511,-0.95830953,-0.6002237,0.7760499,2.537167,-0.9436565,-2.565145,0.84647715,-1.3713582,-1.8913039,0.99156296,-0.9120779,1.1220593,1.0240353,0.39338985,0.63792676,0.77236664,-1.1389092,-0.08423541,0.64127326,1.3348404,-0.5342689,-1.2043543,1.6334645,-0.857315,0.75500846,-0.6478132,1.4514681,-0.30483878,0.7461484,-0.83494025,0.7277678
31163426,-1.3804076,0.58501625,1.7226232,-1.7804294,-0.22484638,2.8269513,-2.4744492,0.32932875,-0.8410267,-0.6696712,0.6930436,0.7740008,2.5342999,-0.088470705,-1.3805201,0.1434968,0.97209215,-1.6336006,-1.9132738,-0.38297877,-0.47310314,0.6738782,-1.1238106,-0.6198969,-1.5093158,-2.1206205,0.67495215,0.7096426,-0.8669518,-0.27684647,-1.3160098,-0.8813201
31163730,-1.3382499,0.9206981,0.01443189,-1.7480837,0.34758246,1.9253829,-2.6182942,-0.17462952,-1.7027081,-0.75603557,-0.7831653,1.7883465,1.6314026,-0.25001782,-0.07684859,-0.73202884,1.5311997,-2.2732165,-2.3521364,0.23031324,-0.15262274,0.18231465,-1.8849688,-0.5897366,-1.1985626,-1.382914,0.91505134,0.4901446,-1.3541497,-0.7496103,-1.1575866,-0.8432772
31163868,-0.02435838,-0.87794423,0.6085629,-1.2235901,0.5851266,1.5980504,-2.0394876,0.87083197,-0.5704055,-0.14430103,-0.91175973,1.0913094,0.80429286,-0.5906403,-0.012606498,-1.6178176,0.17291759,-0.6454095,-1.5981393,0.83244026,-0.29860285,-0.21411349,-1.3912687,-0.61853343,-0.9282053,-0.062052347,-0.23022293,0.076813996,-0.3137001,0.06394007,-1.2057682,-0.82740086
31164447,-0.11285591,2.2508552,-1.7435066,-0.8182397,-1.2307909,-0.18265088,1.3940154,-1.7598231,-1.3019819,-2.6310742,0.24583206,-0.042758685,0.711297,-2.2790341,1.5362208,-0.014636036,-0.7999059,2.349374,-0.24796475,1.1447777,-0.7936603,0.22466427,0.35476062,1.3033429,-0.09561571,-2.110945,0.8855704,0.19452463,-0.17820558,0.40392905,0.6903118,-0.0359158
31165378,0.034974966,0.6088114,-0.5564612,-0.583987,1.2542185,0.057099935,-0.65415955,-0.6370323,1.7092394,-0.8763339,0.14323844,1.4850713,-1.1802465,-0.2692406,-0.09214787,0.11432851,-1.2911385,-2.0091746,0.62951636,-0.34837776,-0.07209159,-1.771375,-0.752402,2.10048,-0.49251595,-0.11790356,0.4570508,-1.2899836,-0.34026226,0.9451396,0.59940004,-0.98826516
31165417,-0.2972828,0.17281593,-1.0344205,-0.11060781,1.0650206,0.23013386,-0.27316564,-0.5270177,2.389159,-1.2525457,0.5065731,1.6734302,-1.3366623,0.06453848,0.18840092,0.06318372,-1.1822323,-0.9859298,0.81357175,-1.2940283,-0.6110144,-0.7270991,-0.3807794,1.2546026,-0.7247098,-0.06769477,0.32528695,-0.4801237,-0.7400353,0.87061936,0.2505807,-0.5958096
31165430,-0.790813,1.7130166,-0.38599104,0.48022094,-0.1608655,0.0075828843,-0.8049583,-0.61593306,1.0224546,0.03601805,-0.12399684,1.5971029,-1.0816447,0.2950404,0.21832396,-0.2478788,0.2326302,-0.8331989,-0.0024440475,0.020481795,0.13429105,-1.1535889,-0.1973522,1.1527942,0.20601748,-0.23761946,0.33567762,0.17707463,-0.9618772,0.89540416,0.41354126,-0.4479545
31165433,-0.500608,1.3754189,0.27384692,0.8872107,0.25917625,-0.8113384,-1.3255361,-0.5342107,1.1344725,-0.40858185,0.14996064,1.3494313,-0.57427293,-0.09307402,-0.6482381,0.18035097,0.39275116,-1.2317568,-0.35675916,0.25970477,0.07105451,-1.4543645,-0.047144197,0.9998447,0.68062764,-0.10959849,0.08168708,0.63186157,-0.46271667,0.40154615,0.2620005,-0.6719904
31166297,-1.3978225,0.26905417,1.4104556,-1.7281933,-0.09284355,2.5456967,-2.4849873,0.4026512,-1.1741757,-0.7223444,0.6569028,1.0595214,2.169297,-0.23055337,-1.0675489,-0.023996238,0.97908366,-1.7553091,-2.010144,-0.23082933,-0.5530819,0.6540691,-0.88784814,-0.41352296,-1.5072539,-2.0265133,0.5168255,0.9161353,-0.9682056,-0.30908805,-1.3674508,-0.7724168
31166410,-0.8669296,3.097705,-0.7490334,-0.22245337,0.34335476,0.6057501,0.03709575,-1.0750107,1.1893802,0.0024590846,-0.63818324,0.6315283,-2.4469926,0.24381334,0.10457222,-0.9987957,-0.16144393,-3.847133,0.75817716,1.198128,1.1331725,-3.0837152,-1.497739,2.2772965,0.8706017,-0.06887078,0.7916239,-1.2704926,-1.2526294,2.8851557,2.152943,-0.19870403
31166636,-0.31009927,1.6256584,-0.18885872,-1.4013189,-0.24373943,-0.45605582,-1.9485717,-1.6303462,-0.67523295,0.41426912,-0.79705894,-0.3874679,1.2606689,0.033865668,0.5372051,-0.86576027,0.4526856,0.5384421,0.9291038,0.5746814,-2.158275,0.13005468,1.2999349,-0.8520196,-0.2820639,-1.1206262,0.7136745,1.2101827,-0.70660764,-0.32260117,0.8933063,-0.95302236
31167561,-0.10887243,-0.71740454,-0.11241317,0.1984341,0.1480099,-0.4818979,0.83562094,-1.5082529,-1.0046072,-1.0368677,-1.4233751,0.024293449,1.1496636,-0.66391385,0.7721117,0.7967144,-0.7010395,1.1117805,0.19018243,-1.9623566,0.20434448,-0.22046916,-1.3028204,-1.0575293,-0.86746866,0.9365604,-0.88227534,0.11367099,1.7580054,-0.02666073,0.1035517,0.23340142
31167710,-0.2359078,2.0500193,-0.5692051,-0.3547319,0.50286216,0.068937734,-0.09052193,-0.8331259,1.0596193,-0.13726814,-0.3056217,0.853206,-1.2475458,0.33412403,-0.5995268,-0.38900423,-0.18411595,-2.4037883,0.29533517,0.2533103,0.47235233,-2.1524196,-0.6151083,1.6330785,0.2149994,0.06985122,0.66561836,-1.1338791,-0.5775592,1.3208483,1.3634872,-0.58425164
31168546,3.2379043,0.38135967,-2.5703645,0.60755366,-1.4799645,0.7707639,1.6958508,2.389842,-0.66304576,1.0344547,-0.44699192,0.51195455,2.078725,-0.08325103,0.70283884,0.9559786,-1.8071991,-1.4734195,0.85730904,0.4792427,-0.54415673,0.07467782,-0.2703177,1.8033549,3.9614136,0.96784794,1.4057986,-1.3788733,0.5993992,1.4225243,0.20808005,-2.3202214
31169018,-0.9362841,-0.06885739,-0.082546376,0.09334008,0.7230935,-0.51947546,0.7291259,1.1053411,1.4209425,0.37622887,-0.062577516,0.13906309,-2.2246106,-0.310746,-1.4270041,-0.5407855,-0.30608732,1.7038617,0.91204214,-0.022970637,0.36911643,-1.009474,1.3295666,0.03129375,-0.3094107,-0.738243,-1.7442365,-0.7266073,-0.5717617,-1.0671979,-0.534192,-0.06756238
31169145,-1.8864181,-1.1958872,-0.36988392,-0.14425257,1.5992316,-0.42389748,2.1975873,1.1576574,0.09123912,0.5330791,-1.0178901,-0.6890029,-1.6916318,-0.47836322,0.34987855,-0.81104344,0.073525324,1.6916037,2.0814168,-0.8281603,1.3495272,-0.002596885,0.70667803,1.6258026,0.46308002,-0.52113795,-1.6937528,1.1520115,0.062271938,-1.3671829,0.574666,-1.7205681
31169590,-1.363169,-0.6922532,3.772381,2.3720908,-1.297052,2.1706734,-3.3142443,-1.6680804,0.55983406,3.994553,2.7284286,0.36674207,4.613883,1.2318097,3.094897,-1.2042273,1.2250073,0.61047065,-2.5821395,1.9218614,3.489365,-2.8916438,1.5276119,2.9888546,0.621856,-1.6775998,-1.27011,2.0580351,-3.489241,1.0681785,-0.39962763,2.0337832
31169861,-0.51170594,-0.9071442,-0.4346345,-0.95513815,2.0508144,-1.6957995,-0.8459158,1.9540018,-1.1147784,-2.196926,2.2446036,-2.4161994,1.6300106,0.7776571,-0.18363363,0.30996194,1.335676,-1.764669,-0.5471305,0.9557901,0.07010583,0.159395,0.015569612,-0.29998133,-1.4686178,2.9397454,0.6558566,0.91418445,-1.9351459,0.17228037,0.99282736,0.8322319
31169996,-0.8247181,-0.6253717,-0.24281788,-1.0257725,1.4546398,-1.7587284,-0.23657851,1.8125113,-0.45692158,-1.8914986,2.655815,-1.9216995,1.0297699,0.84412307,-0.29810005,0.097846195,1.7121447,-2.0109768,-0.96183324,0.57132554,-0.25144428,0.8688099,0.7175722,-1.048658,-1.2224466,3.5762196,1.1124612,0.7008445,-2.565338,0.7079388,1.2080352,1.4487967
31170020,-0.056887485,-0.630884,0.53927577,-2.0706973,1.177023,-1.551399,0.049390092,1.3525633,-0.8482288,-0.7832601,1.968165,-2.8061616,0.28222388,0.8801115,-0.8307997,-0.25866386,1.5711015,-1.7263212,-1.4618661,0.12442457,-0.6625867,0.72713375,1.5019234,-2.0393078,-0.7044348,3.1705222,1.6572307,-0.3537633,-2.697814,-0.2253002,0.8727953,0.89938515
31170068,-0.8101425,-0.20501901,-0.029086735,-1.3013903,1.4326347,-0.998104,-0.5637222,1.8029823,-0.85807407,-1.8199325,1.7908969,-2.2793918,1.7668102,0.9194921,0.25528258,1.066142,1.3572717,-1.5578941,-0.86846304,0.3473149,0.36154294,0.8023977,0.26031727,-0.8165923,-0.9697254,2.366509,0.7440441,0.16483933,-1.6850816,-0.016826961,1.2034266,1.0439113
31170185,-0.23554513,-0.60318327,0.31513616,-2.4086514,0.9186395,-1.2238455,-0.143367,1.5879664,-0.64054096,-1.392385,2.0739415,-2.6817238,0.7428971,0.14881095,-0.5898366,0.17601229,2.0559862,-2.2521386,-1.78405,-0.07926717,-0.7898965,0.54130673,1.520607,-1.6373919,-0.6322403,3.0920362,1.7037011,-0.008016404,-2.8259149,0.08963925,1.1367892,1.3515466
31170343,-2.9041617,1.1318352,-0.24391587,-2.2497916,1.9011606,1.7270985,-4.053827,-1.8684715,-2.063154,-2.188811,-1.2093701,2.7929604,2.6322026,-0.8186449,0.19144058,-0.40797836,3.7424555,-5.621,-2.431511,0.6535983,-1.31542,0.89289355,-2.4421692,0.24156743,-2.157935,-2.5386827,1.5525289,0.54472727,-2.3326924,-1.5678906,-1.87544,-0.9943337
31170584,3.3463798,0.11178147,-3.461556,0.14894162,-2.4815152,0.76372516,2.5279667,2.6945188,-1.1891026,1.6238347,-0.8688596,1.0582294,2.4052336,-0.27564636,1.2130734,2.1482663,-2.2462819,-1.2067635,1.7562909,0.051196955,-0.06487678,0.05832677,-0.28951696,1.61785,4.37679,0.7957591,2.229184,-2.6327987,0.8322616,1.745589,0.9998958,-2.1848853
31171012,-0.79711604,-0.8093573,-1.5270045,-0.64929974,0.24311033,0.33477026,0.39396816,-1.1729326,2.6922457,-0.4341715,1.9047576,1.3295907,-0.8138488,-0.6581999,1.4042069,0.77333325,-1.5480553,0.5101765,0.41140378,-3.1744657,-0.33691865,0.9294857,-0.06075967,0.4625656,-1.9740778,-0.22674829,-0.28553155,-0.64898056,-0.5424326,0.62254494,-0.47290266,0.38980994
31171039,-0.023635771,0.33185503,-0.6371139,-0.12382413,0.67791593,-0.41395074,-1.2608845,-0.23473522,1.3896216,-0.3930462,0.5654717,2.1623673,-0.5259419,-0.25138378,-0.22239876,-0.40767398,-0.36344814,-0.29531622,0.123321846,-0.87887645,-0.5695202,-0.7133842,0.6560377,1.2042818,-0.40429327,-0.2955791,0.22861047,0.019606605,-0.8672884,0.35497665,0.040600795,-0.49367878
31171174,-0.8489773,1.4993147,-0.96935946,-0.7245027,0.7075888,-0.7384831,-0.7468005,-1.3576931,-0.15943156,-0.2016592,-0.28556818,-0.44226432,0.9152065,0.7797015,-0.28012162,-2.110292,1.1398611,0.7789333,0.7260949,0.41221204,-2.6021483,-0.2672872,0.7870986,-0.69144964,0.03274657,-0.46932748,0.58342594,1.229876,-0.91329145,-0.5714931,1.425574,-2.0877485
31171920,0.9794273,3.5129588,-2.416199,-2.808172,-1.7501612,-0.8882321,2.016144,-1.6874394,-1.2303358,-2.3373177,-0.83464116,-1.0448452,0.92263514,-2.9033546,1.2200818,0.3149351,-1.2909834,3.4741578,0.09064709,1.6628919,-0.72770005,0.38110378,0.17247148,1.429866,0.08335867,-2.5435145,1.9323939,-0.81183153,-1.028522,-1.1230669,0.51518667,-0.18152449
31172014,0.6361763,2.7402608,-1.748741,-1.267672,-1.3276916,-1.1426727,1.7000002,-1.2007852,-1.060928,-2.603995,-0.57587427,-0.55406547,0.59090847,-2.6427557,1.08534,0.21492904,-1.2524692,2.2577443,-0.18581815,1.6253647,-0.4495492,0.3242489,1.0221164,1.0606735,0.11444685,-2.2675858,1.051855,0.30010492,-0.6205101,-0.32480013,0.22015771,-0.44095477
31172094,1.1210003,2.2807019,-0.01181145,-1.7449701,1.8772898,-0.64585453,0.85151166,-1.0400566,1.6743612,-1.2310643,-2.2881458,0.2911996,-1.707974,-1.5255805,1.687611,-0.5962346,-0.15353557,-0.6055234,1.5199751,0.8031329,-3.5012743,2.9485397,0.8701253,0.40173084,-0.47011882,0.9684967,2.016435,0.9026894,2.7130983,-0.4754255,1.3722543,-0.4208389
31172113,0.7930478,-1.8422356,-0.6847735,1.2190146,0.3753181,0.24369377,-0.9479535,0.5933458,0.58479214,0.6642787,-2.7135398,1.8050162,-1.6000686,0.5499825,2.1161237,-1.8109323,0.1547234,1.5411401,0.46787506,1.6537352,-0.64982253,0.5011785,-0.6893499,-1.3046434,-0.33234134,0.7463568,-0.879894,-2.0363634,0.48856395,0.277754,0.76510406,-1.294316
31172126,0.24744828,-1.3143501,1.1970655,0.87427723,0.30918393,0.78526515,0.36218193,-2.8103964,-0.4325699,-2.8226044,-2.0554566,0.23906569,2.389004,-0.33266866,0.050969012,2.8929415,-2.0161405,0.1290028,-0.11786312,-2.3106096,-0.37470037,-2.137693,-3.0330977,-1.092168,-0.020219434,0.9594426,-0.8055704,-0.5356218,1.2023377,-0.19381963,-0.98795336,0.12866151
31172564,-0.74195135,-0.46033037,0.40549165,0.91364986,0.58904684,0.5688488,0.5348455,0.5704304,-0.921064,0.018424394,0.34086254,-0.96298313,0.0328704,-1.105727,0.7782382,-1.3448987,0.9609715,-0.7158379,0.83051825,-1.2903334,-0.53447294,-0.19578314,1.0035721,0.006037332,-0.65852475,-0.9540797,-0.51547825,-1.5048424,-0.37757006,0.38779557,-2.2340424,-0.5306486
31172574,-0.19125314,0.6963595,-0.15908678,-0.55002403,0.5816266,0.18140185,1.1642286,0.75901794,-1.5133524,-0.544922,-0.164918,-0.66685534,-0.25256467,-0.78909725,0.55433947,-0.32905686,0.35202777,-0.6769771,0.25589055,-1.2474815,-0.6784517,0.01000154,0.6387792,-0.2651226,-0.10901975,-0.8402301,-0.62005275,-1.0413333,0.6225229,0.921529,-0.9674441,-1.4655515
31172892,-0.06858147,-0.11743282,0.7115565,-1.628919,0.96308637,-0.77578384,-0.636419,1.3638742,-1.0049123,-0.30775195,1.2462294,-1.8050652,0.22353703,0.22860304,-0.5145756,0.6134112,0.34074685,-1.3367256,-1.7360293,-0.91992563,-0.1587868,0.6497056,0.5856297,-1.1856219,-0.688033,1.6772918,0.78719544,-0.41096026,-0.8041346,0.05568647,1.1042366,0.5448463
31172952,-0.25506023,-0.21769874,-0.84337765,0.9608751,0.8486465,1.4022769,-0.013879608,-0.25205827,1.2050116,-1.7402412,-0.04194298,0.4118329,0.3268694,-1.9364299,-1.1692052,0.5738582,0.19172762,-0.021710776,-0.11735396,-1.1690207,-0.71973926,-0.60952127,-0.6890327,-1.2866336,0.21762209,-0.12999007,-0.5896645,-0.05224994,0.15764406,-0.101909384,-0.35286498,0.78156734
31172962,-0.6610033,-0.43712062,-1.0506433,1.3499408,0.89014953,2.0308714,0.2034178,-0.32586718,1.6448451,-2.3075907,-0.6124464,0.10919312,0.5487368,-2.6848934,-1.3249524,0.8351298,0.2999242,-0.10876367,0.15863976,-1.6127036,-0.29548398,-0.69560015,-0.6154527,-1.3158666,0.46302804,-0.065111235,-0.6039972,0.28043476,0.5498651,-0.09475194,-0.72064453,0.6459022
31173125,0.29141313,-0.53627497,-1.4376926,-0.13063794,-0.32340464,-0.25379765,0.32703015,0.9866395,-0.45314157,-0.30165204,-0.19034627,0.10100858,0.9048942,-0.03476592,0.15621945,-0.5986513,0.65641683,1.6592733,-1.0011669,-0.60225534,-0.41003147,0.43579552,0.107423626,0.7932975,-1.2332672,0.18782927,-0.77372205,0.53489316,1.4448221,-1.4567486,0.50013655,0.4300869
31173314,0.51189154,-1.4829477,0.9334649,0.8017547,0.83069426,2.2331262,-0.57135934,-3.4223359,0.89028627,-2.9154065,-2.124084,0.4594382,2.937802,-0.1264013,-0.21121496,1.6806247,-0.7150001,0.5438375,0.2565047,-1.434079,-0.2799112,-0.48241848,-2.0941355,-0.7948947,-0.07862683,-0.08669026,-1.2737888,-1.2400837,1.0872905,-0.7611874,-1.6546892,1.8950719
31173469,-1.0075885,-0.7602284,1.3045956,0.6717887,0.9621106,1.4430646,0.80195236,-4.398232,0.3083598,-2.7739856,-1.9137441,0.21129473,2.0737157,-1.014675,0.33253667,2.2551527,-1.4860508,0.59889835,0.8693738,-2.3051913,-0.43585223,-1.3742403,-2.8027508,-1.5137625,0.19588822,0.24009645,-1.7093436,-0.84331906,0.7411189,0.562029,-1.3290571,1.2172607
31173545,-0.5471465,-1.0649588,4.1778274,1.7730429,1.0508105,1.810823,0.8081256,-6.3684535,1.1783653,-3.0303626,-3.2677426,0.72810584,3.4173527,-1.4423444,1.2497985,4.7029734,-3.5002208,-1.9279841,1.7641673,-2.2618325,0.34532452,-2.1813645,-4.4126854,-2.5814033,0.23207751,0.15330814,-1.6942086,-0.85511935,0.74838597,1.3381258,-1.9303012,0.8439635
31173611,0.9821977,0.41753745,-0.23652118,-1.7145872,-1.006549,0.52145547,0.2469877,0.6081154,0.20994015,1.1807383,0.8902239,-2.512454,1.1627237,0.0051594526,2.2954552,-1.3910745,0.31358317,-0.72619706,0.42599353,-1.5595948,0.004575491,1.4679931,-0.10614087,2.1910152,0.65361404,-0.7889613,-0.7243816,-0.8669444,-1.4300464,-0.29488567,2.5789294,1.5973675
31173760,-0.24318196,-0.6158849,1.5238374,0.73138547,0.31629893,2.975823,0.18449396,-4.345824,1.9688469,-2.4788764,-1.3529338,0.45361674,1.9539407,-0.7165045,0.21063438,1.8266609,-1.2755097,-0.27733776,0.73338836,-1.4776347,0.6088536,-0.09250071,-1.8550122,-1.2919161,0.58096933,-0.6499902,-1.3490326,-1.3762249,0.44214287,0.10427536,-1.845548,2.0888875
31173948,0.29042688,2.093471,-0.34271693,1.4527919,0.016951453,0.071851134,0.03688042,1.349826,0.31878728,1.4403882,1.2277825,3.8806453,0.05766126,2.574415,0.24827226,0.87033236,0.106740974,-0.93820906,0.6748461,-1.0646889,-1.3873143,-2.0476575,-1.3857381,1.46674,0.730742,-1.4753085,-2.1146014,-0.5323512,1.1383849,2.039915,0.30956906,0.44825667
31174078,-0.28031954,1.407287,2.3146513,-0.5448616,-0.6251414,0.17812644,0.14801106,1.0254879,0.41630408,0.4276391,0.11972633,-0.6006792,1.8234683,-0.34649986,1.8197726,0.7474758,-0.49134666,-0.2540891,-0.64088255,-0.3593209,1.4050188,-1.0320592,0.36792034,0.30335924,-0.7159393,-1.5009139,-1.5398005,0.8140789,-0.116693325,1.1355546,-0.26724666,-0.37841737
31174107,0.49511588,2.742621,-1.6756023,-0.4989925,0.654852,-2.414259,2.3357074,-2.0928183,-1.9258646,-1.8921412,-1.8721313,1.5583798,1.1250557,-2.9344747,-0.092274696,0.5308647,-0.62479836,2.3680663,-0.57524997,2.024268,0.6122762,-0.92151994,2.5672712,-0.61110735,-0.83651996,-1.5465264,1.3467332,1.5111836,-0.86104697,0.38745397,-0.7434776,-1.176157
31174116,0.22682667,1.4007747,0.25369447,0.9773455,-1.4310852,0.963904,0.2749027,1.4587884,-1.3630551,-2.2436903,-0.38662598,-2.8378835,0.6374101,0.22621411,0.25250307,-0.19098397,1.5818659,-0.58281195,0.52529466,-1.659979,-1.244764,-0.35353047,1.9209411,0.8168251,-1.8820293,-1.0603616,-1.0235429,-1.0176691,-0.21896826,-0.43124986,-0.5542237,-2.9439285
31174125,-0.43287733,1.801382,0.8505736,0.5891858,-1.7184712,0.8660311,0.80695283,1.0023332,-1.1187664,-1.4641995,0.6043974,-2.0450635,0.85787445,0.8508724,0.06924708,0.6238474,1.1677526,-0.64276046,-0.18683968,-1.6933937,-0.033225596,0.3433289,1.6201687,0.9957341,-0.8383732,-0.94678205,-0.81180876,-1.4282806,0.16197355,1.1069748,0.99448127,-2.6909683
31174132,-0.8967384,-0.81884146,-2.079978,0.65928096,0.487742,-1.3328526,-0.091787055,-1.309224,2.7909021,-1.4496473,1.4096972,2.6981359,-0.79861885,-1.190338,-0.79434115,2.569408,-2.6425693,-0.5061186,-0.5197214,-3.2614133,0.029985538,-0.21849485,-0.38247728,1.8239753,-1.8974744,-1.3024126,-0.54003626,0.37075007,-0.0015942827,-0.26237637,-1.2553197,0.4056382
31174322,0.6103533,3.37433,-1.1087431,2.0365212,1.3189787,-6.989958,7.484122,3.5518472,-2.7715123,5.320615,-1.4287947,3.5698977,-0.25596896,-2.180598,2.0557454,-2.8508506,3.249865,-0.038461614,1.0185401,1.358216,3.0394907,1.9230764,0.54046476,-2.8904755,-4.6542807,-2.4208338,-9.930269,4.1867013,3.7234302,1.5429302,8.992281,0.9917084
31174436,-0.18368784,0.6964222,-0.25063977,-0.05218353,0.6624235,0.17488416,0.8760814,0.5404642,-1.4750234,-0.5325581,-0.05093467,-0.8078377,-0.27069798,-0.9524955,0.19720066,-0.71190506,0.43342772,-0.9398794,0.6569954,-1.5968739,-0.97651505,0.18389861,1.0512131,-0.35895884,-0.21045853,-1.1108054,-0.43397817,-1.0968643,0.56496423,0.6348217,-1.2389715,-1.3469898
31174446,0.2272298,0.89055896,-0.48167062,0.15139507,-0.6403651,0.1044338,0.9893956,0.53375894,-1.8398848,-1.7952188,-0.11067957,-1.9378974,-0.51157343,0.18581742,-0.34654015,-0.4441219,1.3397701,-0.55752474,0.3954443,-1.0896056,-1.0589983,0.27180928,1.0185851,-0.11608859,-1.171533,-0.67994756,-0.20235655,-1.4648136,0.35813826,0.4148851,-0.13414584,-2.0302665
31174490,0.020827448,1.7708615,1.1595016,0.34412345,-2.0013325,0.12050817,0.23362817,0.22297849,-0.49555856,-0.8097795,0.5510244,-1.8143344,1.3623194,0.715749,0.29065192,0.890901,0.8068781,-0.25065047,-0.3239954,-1.010964,0.46811026,0.4223339,1.306472,0.6184632,-0.66827786,-0.93140525,-0.8755668,-0.490994,0.4512946,0.911264,1.2089043,-1.7946054
31174596,-0.43572083,-0.288816,-1.2369373,-0.4065401,0.7497659,0.5543086,0.26309496,-1.1841936,2.8861127,-1.1975299,1.8126233,2.0289733,-1.4704481,-0.52850604,0.9754342,0.46522754,-2.1259334,-0.40217876,0.7070234,-2.4230106,-0.28792486,-0.23650043,-0.961414,1.217033,-1.6417527,-0.4524084,-0.58664256,-0.6227926,-1.0281731,1.3803698,-0.5222609,0.663223
31174605,-0.32980865,-0.23286013,-1.0493878,-0.506862,0.3115804,0.06252378,0.21606623,-0.93812865,1.7653456,-0.57188237,1.2166933,1.0218481,-0.8312842,-0.70893854,0.27853188,1.0385313,-1.2722934,-0.45176297,0.26640964,-1.74436,-0.3116407,-0.0242877,-0.27943784,1.0999533,-0.92110926,-0.23278034,0.02616037,-0.72369426,-0.34460643,0.32807705,0.108355,-0.11096355
31174607,-0.9001,-0.5783609,-1.8597076,-0.011913823,0.30786854,-0.040596057,0.40588048,-1.1356683,2.9234667,-0.78496635,2.2164721,1.6511613,-0.80888754,-0.8707758,0.9995369,1.3560624,-2.3081877,0.44073164,0.2698593,-3.195037,-0.12324504,0.45022196,-0.29895717,0.8524192,-2.1374779,-0.5823258,-0.3582602,0.022573054,-0.5477349,0.20324023,-0.7895603,0.8073528
31174689,-1.1993618,0.8989377,-1.5736946,0.33212236,-0.20137773,0.18678391,0.26506966,-0.56303656,0.19654973,-0.117468975,-0.64171046,2.5566769,-0.31523764,1.7978338,2.862155,1.2227304,0.9977889,0.40624556,0.48441327,0.14992127,1.8848969,0.31218135,0.534935,-1.0239646,1.1886102,0.61319035,0.11848153,-0.8409439,-0.5571955,-0.28223953,1.5469111,-0.14969833
31174744,-1.4218581,0.6300194,0.18622065,-0.7092002,-0.68098295,1.893738,-0.9330259,-0.29650974,-0.5455187,-0.43930048,0.7685068,1.3381861,1.7731026,1.0303644,0.6850264,1.2506486,0.8881992,-0.7332719,-1.086643,-0.6482725,0.39734986,0.8347169,-0.4347925,-1.1239294,-0.5326499,-1.3906028,0.5182723,-0.12348725,-0.97874826,0.073589,0.042683784,-0.31601804
31174804,0.0012810789,-0.97608346,-0.098278046,0.075148955,0.39042243,1.2197204,-0.14262508,-1.8198797,-0.2011677,-1.9712969,-0.8324324,-0.16618021,1.5289493,-0.4892555,-0.2192657,0.84397346,-0.49851567,0.99845976,-0.30582502,-1.2821966,-0.68186736,-0.3781189,-1.219736,-0.1275912,0.08286664,0.12533158,-0.93237114,-0.5985561,0.55551463,-0.75843745,-1.2056412,0.60352653
31174825,0.7583128,3.4967742,-0.2049088,0.7401352,1.0218153,-0.7669168,0.39180255,0.61043274,1.1313393,0.3868548,0.33641818,3.2392685,-0.6207056,0.43619317,0.68277913,-1.751847,1.3838017,-0.9547507,-0.9734972,-0.38010997,-3.4073343,-1.1266192,0.48660418,1.7548695,0.9993864,0.30988437,-3.4089954,1.010921,1.5738785,1.548772,-0.3753308,0.77552384
31174960,-0.40665007,1.7398309,1.1366289,-1.5524812,-0.32670248,-0.57115656,-1.6431717,-0.9914233,-0.8038812,1.1446017,-1.264858,-0.850436,1.1967199,-0.38965008,1.6428113,-0.16901848,-0.71190286,0.5486626,1.2139578,-0.47493893,-1.1016686,0.059512973,1.0098178,0.30890065,-0.24594785,-0.24011055,-0.29577276,1.5645189,-0.9596356,-0.0791032,0.7922784,-2.0989745
31175103,1.2701186,-0.1920444,1.9664028,1.4034851,-0.023335783,3.456165,0.46957967,-4.8722644,1.8196784,-3.4714506,-1.9036411,1.5412158,3.2091863,-1.105304,0.14288056,1.532017,-1.0412034,-0.12459024,0.59822553,-0.6598177,1.1064886,1.8440436,-1.7629507,-2.2328825,-1.0844325,-1.1059605,-3.5827177,-0.6596197,1.6382127,-0.48743343,-0.61232406,4.341762
31175158,-1.1383659,1.4103428,-0.9314714,-0.0831912,0.02310241,0.5246219,0.040293086,-0.66364706,1.4160436,0.24957734,0.70725316,1.273374,-1.0026042,-0.36076093,0.86886823,0.19057192,-0.6568997,-0.76580155,-0.05684604,-1.0854352,0.06442488,-0.4474819,-0.61856145,0.8363797,-0.36881062,-0.10744554,0.21881618,-0.023656882,-1.1737163,1.214913,0.48174015,-0.38912848
31175205,-1.5023907,1.2090459,-1.019034,-0.4157334,0.0403255,0.96189857,0.26130593,-0.94390965,2.060393,0.44180006,1.0489557,1.1582446,-1.4557401,0.06310162,1.6987001,-0.4403723,-0.34817326,-0.69785535,0.48699966,-1.2765021,0.33259416,-0.27700502,-0.5710841,0.5537344,-0.58078736,-0.036576033,0.5101725,-0.5410022,-1.4029567,1.5919157,0.7227881,0.08755094
31175223,-0.4350375,1.2390145,-0.5732722,-0.15927093,0.6840129,-0.003445018,-0.043366622,-0.84609914,1.1500682,-0.6266092,-0.33304694,1.0475686,-1.1926565,-0.04208299,-0.42573893,0.38745803,-0.60175014,-1.8351103,0.61746144,-0.100833654,0.2849819,-1.6134102,-0.4749781,1.6648155,0.15380952,-0.2778513,0.29750028,-0.7524461,-1.0105737,0.7606879,0.99735844,-0.5540453
31175227,0.28521654,-0.113141105,-0.48548403,0.15707998,-0.54604375,0.43474784,0.8573497,0.94667876,0.09957339,0.20440981,-0.14114098,0.79960656,-1.066861,1.1636277,1.5415962,0.70264626,-0.42548373,0.9570576,0.2492013,0.13373572,1.2285358,0.501847,0.20018302,-1.5670373,0.5634755,0.9505732,-0.2052058,-0.23656036,0.060637582,0.07333025,1.4173445,-0.32934296
31175231,0.24881351,-0.2379576,0.04320978,0.19948414,-0.5638424,0.5246998,0.1418597,1.1208245,-0.058618918,0.5960135,-0.33250803,0.36382836,-0.89682186,1.1498421,1.4493842,-0.06951842,-0.42227864,1.636898,0.11951482,0.057385176,0.6392124,0.43385345,0.018209007,-1.5381651,1.0371773,0.7935968,-0.6559868,-0.749663,0.673896,0.69936585,0.5727526,-0.40323818
31175248,0.32498538,-0.39641178,-0.7713293,0.4595915,0.07650682,-0.31379646,0.94080186,0.9082654,0.12571338,0.14145982,-0.92230254,0.9897698,-1.3848205,1.2949358,1.9170595,0.05995409,-0.23798153,1.5166146,0.73325276,0.68957305,0.88479537,0.19057296,0.5186083,-1.6179407,0.9650164,1.343526,-0.6359136,-0.43422687,-0.039694678,0.09516773,1.7843418,-0.44548935
31175253,0.9389671,-1.1036677,0.11632927,0.3704338,-0.18877606,0.4463451,-0.07996093,1.3402017,-0.010463031,0.7873148,-0.5055694,0.41583586,-1.1857182,0.88535255,0.42459133,-0.7654058,-0.5289388,1.6702813,0.37900063,0.27739286,0.33938956,0.23255573,-0.12308802,-1.1175244,0.49315542,0.64528006,-0.89575166,-0.53010464,0.7182121,0.6996677,0.691513,-1.0619668
31175254,-1.5597948,5.476133,0.2217517,1.8955351,-0.17052531,-1.0814053,-2.1955013,-1.3756516,0.79330003,0.6249378,-1.7318085,2.2492142,-1.3852732,0.87921554,-1.8842299,-2.019597,2.229812,-3.7370996,-0.6868731,4.1463904,1.2411207,-4.7600503,-1.3281149,2.9727612,2.6050982,-0.9361891,0.4629464,1.1187555,-1.6742947,1.7694671,1.9266164,0.9715332
31175303,-1.9387039,2.9305286,-0.1841648,1.8648387,0.5268108,-0.3660975,-1.3304766,-1.0683327,1.058152,0.116603024,-0.7148967,2.6232016,-0.28664616,0.02596211,-1.0284586,-0.6014157,1.4310911,-1.8023541,-0.2285857,0.8251394,0.7129453,-2.7136054,0.43055487,2.3502796,1.0839164,-0.93297,0.46901384,1.7440509,-1.2585696,1.0883553,0.20667352,0.9428841
31175449,0.113419265,-1.6581799,-1.2104064,1.0414841,0.93710834,3.5513725,3.0330215,-2.5850334,-0.29375234,-2.6409378,-3.2566092,-2.0022593,0.19910045,-1.994629,0.023616169,0.37605405,-0.2992382,0.51176226,1.4977401,-3.011064,0.85792136,0.6275673,0.16108494,1.7995707,0.95014226,0.315778,0.56031007,2.8401487,1.5574557,0.6790731,-0.25646994,-2.7535865
31175878,0.34314254,-1.0272386,0.53182393,-0.29702148,0.25186726,0.9028221,-1.3624187,1.4938116,-0.42498553,-0.19644532,-1.2854699,1.0942868,-0.11621193,-0.0614101,0.092123844,-0.8326125,-0.1636961,0.61338073,-0.9169397,1.0539001,-0.3869376,0.28811264,-1.0567856,-1.1479374,-0.45031324,0.46058583,-0.6552206,0.1940927,0.13612778,0.111245394,-0.055852186,-0.8923596
31176174,0.11768566,-0.11124316,-0.10450958,-0.18845978,-1.4081721,-0.60251683,1.0233238,1.2146494,2.5940974,-2.451693,-1.7446426,0.4093301,-0.36453077,0.47985846,-0.2208828,0.13444775,0.86173934,0.49159354,1.2207192,0.6184218,-0.07063726,1.0355227,0.8219879,1.0830015,0.69084066,0.9243752,-0.73892564,-0.8061293,-1.6611322,-0.53210455,-0.113104574,0.13925911
31176542,-0.72620606,0.70465446,-0.31660065,0.24299076,1.4328504,-1.006195,-2.6106486,1.8702321,-2.1984544,-0.66530985,0.5255529,-1.2066357,0.8984832,0.78567535,1.3421009,2.278739,-1.8368912,-0.3426447,-1.2319702,-0.5301508,1.1006095,1.2484123,0.10531761,0.73352325,-1.1196076,0.41381937,0.20376708,-1.0191107,1.4609872,-0.32649675,1.0604243,0.33536223
31176546,1.8101768,2.93544,-0.30172598,-0.34855068,0.06608473,-0.8394641,0.6583346,1.0943784,0.44147485,0.4788078,-0.60531676,1.8757808,-0.5914969,-0.8180896,1.0152755,-1.1387987,0.52576303,-0.594003,-0.29508904,0.109959,-3.4005542,-0.08168154,0.66802174,1.8020483,1.4783213,1.3228773,-1.2677997,0.075057045,1.3388942,1.3455514,-0.39367437,0.12804371
31176550,0.9226311,2.7860417,-0.076190844,1.011353,0.987905,-0.8872667,-0.21097235,0.8157652,1.1348286,0.8731584,0.30928728,2.8235645,-1.2317919,0.8876535,0.54778534,-1.0262947,1.3564862,-1.2103113,-0.53248096,-0.1908074,-3.6316166,-1.0889167,0.6181671,1.906021,1.2627941,0.69720644,-2.672668,1.2152705,1.55603,1.4599028,-0.26493222,0.6188601
31176666,0.65259415,-1.7593063,0.22484112,0.417422,1.9488451,-2.436026,-3.1932936,2.2354515,-1.7846042,-0.05442316,0.50596935,-3.0550501,-1.0412127,1.6451159,-0.35120818,0.87816924,-2.7869072,0.2897631,-1.5444444,0.39499545,0.50885737,1.2326083,-0.32825834,-0.23708391,-1.5499765,0.18431962,-0.60813975,-1.3143762,1.2812485,-0.19115284,0.7509556,-0.8983601
31176782,-0.8608936,0.7419901,-0.2072187,-0.26876065,1.3779842,-0.20950738,-0.6349547,1.9616694,-0.96880907,-0.16305876,0.17325814,-0.6810397,1.5637351,0.7658393,0.0046185628,1.2691222,-0.5799477,-0.5675733,-0.7132929,-0.48655713,0.89327645,1.3497561,-0.09556769,0.5577339,-0.38953218,0.5300428,0.66411227,-0.15710978,0.42125717,-0.38088328,0.66143256,-0.6116983
31176835,-1.9702418,2.8307483,-0.9124088,-0.04108969,0.4324638,0.11048166,-0.07693438,2.439729,-1.1645478,-0.5085774,0.14860326,0.10991447,2.8481112,0.31266233,0.08253785,2.4706516,-0.33083558,-0.8140036,-0.2366027,-1.156445,1.7962596,2.320164,0.6011369,0.8441151,0.80957097,0.3866285,1.3999406,0.45665437,1.1757991,-0.5543707,0.5159591,-0.26378486
31176861,-1.0956622,0.38750365,-1.391113,-1.2819545,1.0394604,0.6331232,0.5260907,-1.5730945,3.177843,-0.9932154,1.8015033,1.6833361,-1.4075423,-0.26241136,1.4369997,0.7212675,-2.03018,-1.0457958,1.2841481,-1.8820035,0.17320885,-0.7214724,-0.62804425,1.4063077,-2.0532746,0.097851366,0.08705489,-1.2836672,-1.0243707,2.3714638,0.5268393,0.4677479
31176896,-0.94362634,-0.02310377,1.1180825,-0.16863568,-0.70345694,2.3856552,-1.7008028,0.66649485,-0.29918534,0.44053155,0.10499062,0.8950065,1.0613546,-0.02371277,-0.06115749,-0.39669845,0.13922216,-0.1262095,-1.3193448,-0.083351046,-0.6697442,0.108452186,-0.58987826,-1.0242374,-0.71631944,-1.7507273,-0.24153475,-0.12269865,-0.04740339,0.02653578,-0.72948325,-1.0342479
31176957,-0.2807114,-0.6600412,0.50956553,-2.3279748,0.7521864,-1.8097978,0.20499824,1.247809,-0.6764284,-1.1175892,2.133656,-2.7584398,0.34700507,0.7015329,-1.428418,-0.24933049,1.8295987,-1.9393184,-1.3155667,-0.049148865,-0.43708915,0.82622105,1.169284,-2.196178,-0.8338151,3.6733012,1.3380833,-0.10294871,-2.9857297,0.25045437,1.2155402,1.1674291
31176992,-1.2353162,0.63014793,0.11987737,-1.72007,1.3812222,-1.7861563,-0.41419452,2.296818,-0.6252089,-1.956769,1.9008385,-2.7204456,1.462101,0.6762696,-0.41906244,0.4486644,1.9796427,-1.92511,-1.5336143,-0.48235556,0.21301898,0.82191557,0.68740094,-1.4237963,-0.8065882,3.09137,1.0866061,0.99685663,-2.803833,0.30028173,0.94642645,1.1776216
31177029,-2.2309365,3.5951376,0.008548174,-1.8441308,-0.33634248,0.22553715,1.7636149,2.7579498,-0.98879075,1.3240092,-0.06734853,-0.32430908,1.9601402,-0.41580424,-1.0219016,2.364785,-0.4766371,-1.1452667,-0.85657156,-2.3571556,0.9258331,3.3387563,1.994169,-0.24227464,1.7532445,0.89238,2.7549112,-0.6768826,0.48047704,-1.3402191,1.2285788,-0.12335014
31177203,-0.79101956,1.7076216,0.005105119,-0.95580983,-1.1550229,-1.136473,0.4497681,-0.6789064,-1.08194,-0.546522,-1.2301434,-1.2134532,-0.49960998,-1.5206381,0.6929291,-2.5116658,-0.22279903,0.13368441,1.0144286,0.72676027,-1.1820489,-1.5352948,1.8783216,-0.35623926,0.44720232,1.3682458,-1.881463,2.461117,1.0973953,-0.87825423,0.33403173,-1.6949571
31177225,-3.465299,1.8163507,0.6746357,-3.4211771,-1.2125139,-2.1598165,-0.4237607,-0.14294675,-2.5714455,-0.712557,1.2852354,0.14817661,0.65904623,-3.218438,1.9024329,-3.7434223,0.15163931,1.7742801,2.5737135,0.59738696,0.41151154,-3.9740655,1.5703396,-0.04931788,-0.29897726,1.7972369,-1.9811624,2.943267,0.702841,0.77722734,0.455168,-0.9886956
31177346,-2.3926463,0.7403756,-0.23381534,-0.27160332,2.8244238,0.020285107,-1.053278,2.5169556,-1.9901614,-1.5741695,1.5410157,-0.8117038,2.9327776,0.41868442,-0.16529822,1.2919662,1.038169,-1.3645788,-0.2378897,-0.71220905,1.0867898,1.0172626,-0.8532919,2.176642,-0.50153744,1.8331681,0.19972819,1.3447576,-0.50664616,0.38474235,0.02290145,-0.3593057
31177649,0.3457303,-2.1052406,-0.05122407,-1.1187416,0.020521466,-0.00999552,1.0657322,-0.48538253,-0.88920605,-2.390874,-0.2563336,0.10922335,-1.931301,1.217674,-1.4235876,1.9378891,0.8315332,0.38690102,0.61048007,0.8005912,-1.5055687,1.9364104,1.1122417,0.018503012,0.56387526,0.4835136,-0.09213362,2.1321166,-0.381513,0.64986724,0.6572907,1.1831014
31177747,1.0229908,2.5302649,-0.086150974,0.7209865,0.19760522,0.5446669,-0.94422823,-1.4165198,-0.51168895,2.0999944,-2.781286,-2.2936285,0.5123877,0.5203852,1.1957215,0.109650165,0.54327005,0.042601604,0.73200923,-0.47040898,-2.825314,0.8405694,2.054863,-0.78355163,-0.19348447,-1.9316485,0.9078189,1.6723205,-0.7143771,-2.2051291,1.5015821,-1.8366222
31177793,0.20213336,1.5007408,1.3478001,0.144632,-1.8600991,0.27540392,0.2778621,0.5482053,-1.0311776,-1.7461199,0.56535846,-2.1698217,1.1805314,1.222709,-0.5074996,0.9224916,1.3976818,-0.37120485,-0.45773044,-0.5831422,0.48677176,-0.38561374,1.2209886,1.0136395,-1.0002252,-0.6438143,-0.2767246,-0.6748998,0.05835881,0.9660609,1.3308604,-2.2085536
31177867,-2.5958908,-0.19663538,-0.8289567,0.6301693,2.3764715,-0.18277085,-2.0361896,2.0468433,-1.5220424,-2.3131914,1.3609215,-0.9034756,2.33435,0.6372789,0.56377804,1.2237363,1.2421788,-1.1688728,-0.1881127,0.86779904,1.8270553,0.55556273,-0.8972978,2.4925444,-0.58515847,1.4669613,-0.3428502,1.7928193,-0.11595293,0.5657909,-0.7239174,0.75893545
31177966,-0.4053037,-0.23389679,2.6200097,1.7879848,0.21297148,0.69826716,1.8955857,-5.0837274,0.4256693,-2.3219554,-2.673306,0.2601562,2.8473349,-1.4700781,1.4299762,2.8309171,-2.3754334,-1.7491684,1.8498034,-2.33673,0.9190804,-0.94598424,-2.6744335,-2.856212,-1.098654,-0.4934825,-1.9649465,-0.31869957,1.4268081,1.2012526,-0.30997926,1.6649891
31178141,-2.1504626,0.7326203,-0.7761407,0.12155993,2.154669,-0.2680786,-0.8077192,2.2432144,-0.85384554,-2.1104379,1.2880977,-0.5618506,2.6531723,0.10242665,0.6724927,1.3416315,1.655341,-1.2888738,0.15411443,0.6342014,1.6674106,0.6087213,-0.70305586,1.8029934,-0.049875036,1.753093,0.18526076,1.5593381,-1.0144176,0.5250572,0.050452624,0.010351289
31178321,0.014689703,-1.0796614,-0.08443861,-0.59093004,-0.2771276,-0.25102141,1.8453876,0.28709885,0.352856,-2.7928317,-0.7479662,0.44463092,-0.9944896,0.5671552,-1.0202419,1.3850422,0.69290704,0.36293316,0.64397573,0.29431936,-0.89468044,1.9438642,0.90027636,0.36597162,0.80506486,0.3836093,0.5166695,1.0017893,-0.57917285,0.19061124,0.495278,1.3196441
31178557,-1.0364481,-0.3912943,2.1749084,0.72937167,1.0804962,1.6906766,-0.88909996,0.5571432,-0.38318285,2.9581692,0.26725957,0.5004536,1.9866596,-2.0199409,2.290634,-0.9697093,0.10979374,-0.47162476,-0.09383812,-0.35397363,1.7409933,-1.5732394,0.84977454,0.31314546,-0.121348,-2.0714364,-2.0651853,0.85085654,-1.1075497,0.6944815,-3.7763991,0.76170594
31178624,-0.3284716,-0.84380734,1.2300001,0.5871241,0.96231925,0.5610667,0.6944562,-3.0131023,-0.34756586,-1.7965392,-1.9400178,0.39640278,2.0003517,-0.88414174,0.65571254,2.1939557,-1.3614856,0.6980178,0.1769689,-1.7536554,-0.011913091,-1.8367788,-2.6438193,-1.0225238,-0.12377055,0.75998473,-1.4595978,-0.13499196,1.3637066,0.2440251,-0.38154578,0.44904816
31178737,-0.84595954,-0.27446118,-2.9681988,0.84271157,-0.58318263,-0.9920878,-0.40798992,-0.71118337,0.25212047,0.0023226961,1.659529,-1.7102735,-2.1109304,0.08143239,0.6619285,1.8407447,-0.7114807,1.7646233,0.039074987,1.1147029,-0.4533298,-1.3093187,0.17033094,-0.383481,-1.292676,-0.33016855,1.3325924,1.6646832,1.6705,0.8539974,0.04434005,1.4014963
31178738,0.12505268,-0.97268534,-2.277153,-0.3967303,-0.3659004,-0.26814634,-0.37798962,-0.79443884,-1.3493295,-0.553352,0.358016,-0.9735544,-1.5957686,0.8164348,-0.307311,1.2774494,0.20464446,0.5392797,0.7645242,1.0548215,-0.5846359,-0.7810341,0.18306117,-1.1169571,-1.1619687,0.408732,0.12151258,1.7472326,1.5775017,0.24303585,0.4635868,0.85324687
31178773,0.14546828,-0.8749143,-1.4543893,-0.06314254,-0.82272226,-0.13956407,-0.062167287,-0.64370954,0.19478461,-1.977497,-0.52951086,-0.33940375,-1.9180046,1.1424979,-0.3448927,1.0111668,0.49448216,0.317756,1.2283696,0.5957189,-0.3057455,0.15582211,1.0558957,-0.85147583,-0.42136055,0.42068672,-0.06416348,0.7306776,0.2952587,0.30181384,-0.08608728,0.9170722
31178815,-1.3862476,-1.9655939,-1.7039148,1.1654465,1.4260858,1.45159,1.5304642,-0.550994,0.20373224,-1.758077,-1.1480343,-0.58879685,0.024745872,-2.0300956,-0.23415065,0.25601646,0.008536592,0.7245024,1.7427397,-1.6154006,0.56888384,0.015603274,-0.1047413,0.43092158,0.4810656,-1.1092168,-1.4999255,1.0466987,0.7653766,-1.1250232,0.6022694,-1.1993104
31178879,0.7754689,-1.3350425,-0.18207325,0.40426397,0.40189302,0.6522768,-1.3407967,1.2338166,0.0037726294,0.6780632,-2.1244173,1.1763839,-1.3541842,-0.051612206,0.6684924,-1.7889888,-0.31950405,1.3730775,-0.46561247,1.246658,-0.13730997,-0.017162755,-0.91677,-1.1067988,0.07126328,0.86636287,-0.971656,-0.7526775,0.9237323,0.8074062,0.26920643,-0.89385927
31178898,0.7464194,-1.7142098,0.104009435,0.5083125,0.3563608,1.1139054,-1.6720915,1.3505192,0.17258334,0.6491739,-2.5100024,1.5663654,-1.5925071,-0.23661612,0.9594083,-1.489739,-0.3951284,1.0419768,-0.3753781,1.427372,-0.93383735,0.21313713,-1.4962193,-0.8855627,-0.2624782,0.5570335,-1.0971707,-1.0073545,0.7516566,0.68995774,0.07735133,-1.5947134
31179701,1.8197372,-0.14116052,-1.792657,0.5283997,-1.9110909,0.25276464,1.3880371,1.9226037,-0.9480036,1.2091539,-0.13082677,1.1476932,1.90008,-0.12380248,0.31691575,1.1089777,-1.0136979,-0.9028515,0.4044265,-0.44834685,0.045469534,-0.29625428,-0.5360787,1.4201313,2.7969358,0.52590793,0.31702718,-1.4529364,0.25124294,1.8187877,-0.017221993,-0.8388024
31179705,2.3182013,-0.488838,-2.2288516,1.1139371,-2.1705544,0.8814226,1.3569481,2.4208655,-0.8824963,1.6062077,0.17389667,0.9916766,2.9011614,0.0905416,0.23229831,1.7573401,-1.7224939,-1.5448798,0.83130664,-0.3789961,0.64336294,-0.46579668,-0.8209839,1.341458,3.5850222,0.3014111,0.6571609,-1.507131,0.25303185,1.9563087,0.13788918,-1.7984289
31179732,2.2854116,0.5120722,-1.7375185,-0.44313464,-1.8833413,0.6342246,1.1859899,1.9676322,-0.88621145,1.5514666,-0.6736526,1.1081616,1.3306303,0.0080144685,0.37272042,1.379286,-1.1318922,-1.1551181,1.103267,0.11115935,-1.1127096,0.12227347,-0.5650574,1.0471648,2.5306194,0.49263135,0.7952707,-1.2269485,0.60618246,2.2085998,0.40843987,-0.97393477
31179745,1.5747583,-1.6445222,-1.1883174,1.0913463,1.0340691,-0.4928918,-0.067160025,0.47932887,0.3810032,0.36858538,-3.181934,1.9317241,-2.6753516,0.5856483,2.4814892,-1.5200183,-0.28018746,1.7335882,0.62757623,1.762519,0.43406826,0.010217354,-0.23610114,-0.8979093,0.56249464,2.1542494,-0.9970415,-1.1894925,0.37944528,0.29185548,1.5455929,-0.9765469
31179925,-0.47449845,0.7650298,-0.4589885,-1.730749,-0.21870476,-0.4989873,-0.7222291,-0.6745575,-0.5936523,-0.21603733,-0.3419475,0.0075499043,0.3620495,-0.4551454,-0.107164256,-0.8490205,0.009727506,-0.14659451,0.5572393,0.71406436,-0.9695415,0.019026132,0.41303203,-0.80910796,0.08641514,0.06002876,-0.19710119,0.54553246,0.066732004,0.29571787,-0.0052553155,-0.508201
31180132,-0.4470866,2.2825816,0.17820838,-1.6262442,-0.69880766,-1.4792333,-2.4941304,-2.2615914,0.20941319,0.94605905,-0.025935343,-0.27786338,2.3869927,-0.16040352,1.4760818,-0.222746,0.38906872,0.6081229,1.9623073,-0.38646334,-2.0942056,-0.09037721,-0.0870993,0.16387601,-0.31062943,-0.58532226,1.3451027,0.8056668,-1.6785336,-0.2455301,0.7370716,-2.2266076
31180181,0.43218753,-1.2840414,-1.3269459,0.14109488,-0.010640768,-1.0166339,0.3700279,-0.0736474,-2.1550956,-1.975791,-1.1928174,0.30194724,1.9279301,0.15400109,0.009689532,1.2157245,-0.72246,2.0514407,-0.951304,-1.5665216,-0.6989783,-1.5703797,-1.8546672,0.43719983,-1.1731215,1.2315485,-0.6301583,0.7225174,1.7833302,-0.9450324,0.54611003,-0.6730662
31180313,-1.3778824,1.1340688,0.91553485,-2.2029083,-1.7147514,-1.2374244,-0.21089534,0.12165931,-2.1749954,-0.6124487,-0.55152553,-0.19169429,0.5133626,-2.7789316,2.2772224,-2.2085497,-1.2929931,1.2433331,1.3751734,0.70765275,0.38993317,-3.0258431,1.5537901,-0.32027334,-0.19979097,2.2441373,-2.0533113,2.6164713,0.5648938,0.42855647,-0.48080087,-1.1934441
31180328,-2.112262,1.0561657,1.8046677,-2.3199492,0.18826197,3.7614822,-3.7608821,-0.46323428,-1.7168124,-1.2651198,0.8396022,1.0462174,3.629881,-0.5544946,-2.057473,0.7930734,2.292074,-3.4423027,-2.3883226,-0.34720558,-0.961018,1.3157235,-1.9622397,-0.37212682,-1.797081,-3.2321777,1.2122494,1.3265201,-1.1848263,-0.10900608,-2.3421986,-1.2855068
31180483,-1.5513923,0.36745068,0.8172788,-2.2399333,0.6698669,2.479954,-4.1725564,-0.06475,-1.7626652,-0.9852779,-1.3826485,2.127617,1.981717,-1.3091732,-0.54574245,-1.6560352,2.36124,-3.2640119,-2.8870835,0.7941239,-1.1215644,0.44132417,-2.0067222,-0.6964666,-1.9775019,-1.8828125,0.7909665,0.43017733,-1.4077116,-0.46481797,-1.6773324,-0.99844724
31180528,-0.5984274,1.6312085,1.8620765,-0.6813974,-1.2807164,0.63530487,1.8492326,0.7178254,-0.49763116,-0.48824173,0.55840844,-1.9324652,1.1598017,0.14101714,0.04220433,1.1093999,0.23514481,-0.6210063,-0.17214528,-2.168228,0.90619814,0.76444805,1.1488808,0.52251863,-0.35217726,-0.5962826,-1.3550602,-1.6954398,1.2252795,2.4248793,0.35296577,-1.8641278
31180540,-0.81061786,2.3027253,3.2912714,-0.8733196,-1.7316793,0.5240564,1.5766035,0.7542826,0.6183801,-0.2930217,0.7568519,-1.3428236,2.655105,0.41913402,0.424893,1.9541533,-0.84972936,-0.055178314,-0.9243536,-2.3859577,1.9847834,0.5521718,0.9089884,0.90159714,-0.16093287,-0.6257153,-1.8187381,-0.59971625,0.9328032,2.2304494,1.1434666,-1.8650643
31180552,-0.9095386,1.7280071,2.9553783,-0.45833507,-1.3566395,0.44531816,1.1717561,0.13674419,0.4130966,0.35063905,1.0320227,-1.625382,2.474058,0.3679453,0.124614894,1.4274926,-0.4364473,-0.009795757,-0.6602565,-1.5819334,1.9055862,0.40165377,0.734758,1.075582,0.27437034,-0.61425513,-1.3411316,-0.5871403,0.6984312,2.351354,0.8467186,-1.4945899
31180770,-1.0168624,1.4276674,2.844658,-0.5558737,-0.29666287,0.3447843,1.1325315,0.058017377,0.5903241,0.90066075,0.89783293,-0.53963953,2.0517838,-0.13617638,0.6920457,1.2603538,-0.8121981,-0.28423402,-0.7626728,-1.6815976,1.5322243,0.43173724,0.50188845,0.33653924,0.6384682,-0.40209085,-1.5198592,-0.50380695,0.9359823,2.0816472,0.29159236,-0.87686616
31180948,0.19292264,-0.12356433,-0.41655567,-0.10086419,-1.8461318,0.2935709,0.5923101,0.39021453,2.146598,-2.8122625,-1.9228551,0.7771672,-0.9809417,1.6702726,-0.74771965,0.08773382,1.4386231,0.2511848,1.8886245,0.6646053,0.0006630225,0.77359086,1.6772116,0.3204539,0.47196257,0.6948894,-0.37947205,-0.060772296,-1.9001129,0.03704893,-0.17532973,0.14895706
31180968,-0.6873165,0.10840357,2.127849,1.855962,0.26809373,0.7929304,2.0809753,-4.7779913,0.6747735,-2.0818956,-2.661752,0.6200142,2.9499662,-1.6192248,1.6448823,2.173488,-2.0230215,-0.94888437,1.7502546,-1.9592344,0.76147723,-0.5483544,-2.864414,-2.9813602,-1.4998758,-0.54287815,-2.7217038,0.03735642,1.7556102,1.1754116,-0.22821061,1.7439573
31181113,-0.05656753,-0.40706047,-1.1100968,0.2767653,-1.7853644,-0.884769,1.1938289,0.65562844,2.6912532,-2.5570602,-1.7125077,-0.18583834,-1.0676432,1.1944909,-0.26228645,0.55225444,1.1421236,0.78453696,1.6496509,0.104487054,-0.04535939,0.5973018,1.2205937,0.4488408,0.9155352,1.0827335,0.23091972,-0.6335338,-1.2977569,0.016188674,0.10258443,0.0049345526
31181313,2.7716532,1.6089563,-1.4665546,-0.53515637,0.13310616,-0.08296952,1.4463673,0.84488827,0.02314499,-0.26021597,-1.4624094,0.5251737,0.16732797,-1.0793985,1.4340116,-0.26388994,-0.65987307,-0.8902338,0.3718218,0.47337496,-2.4235725,1.2023689,0.6053144,1.1736964,1.8206195,1.2994795,1.3936476,-0.32399395,1.3036141,0.7663008,0.39887923,-1.0855345
31181858,-0.17564642,2.0909224,-0.29628143,-0.05940421,2.0611656,-0.3981663,-1.8481778,-2.1403663,1.2864159,1.7281891,-0.6133632,-1.2889572,2.8467872,2.075784,1.0221504,0.3403053,2.0807524,0.61497366,1.0593221,-1.6047591,-3.3638825,0.9568851,0.23407291,0.08568461,-0.73987716,-2.7750945,2.9224186,0.41968754,-2.3838677,-1.8661182,2.727596,-3.4137356
31181859,0.33263478,-1.4763441,0.032897156,-0.71157867,-0.41663802,0.0021859333,0.8916194,-0.17191184,0.40322548,-1.947595,-0.53052354,-0.03682688,-1.1500033,0.8778918,-0.7922081,1.4195317,1.0387888,0.33903444,0.69612086,0.50823164,-0.7447322,1.3259397,0.93163747,0.121888936,0.9595981,0.26881933,0.113190345,1.4879928,-0.55544746,0.4121104,0.31800187,0.5687132
31182138,0.3989536,-0.65918976,-1.0196078,0.6230417,0.9475742,2.29875,1.1761922,-1.7445905,0.59331983,-2.4345295,-0.68682534,-0.48482603,0.93016046,-2.1613598,-0.863955,0.9065669,-0.17413487,-0.124912985,0.6276064,-2.165809,-0.36933768,0.3173033,0.06786666,-0.5509672,0.32463714,-0.005926825,0.06498689,1.1033465,0.517909,0.42334872,-0.5733278,0.06753103
31182272,2.5124433,3.1791124,-1.9550985,3.8037596,0.44996133,1.7818992,1.1617726,1.3621496,1.1415482,1.7021332,1.4498478,3.0504653,0.04131302,4.150666,0.7983514,1.4783466,-0.7469464,-2.5636017,0.7041823,0.073681705,0.34834388,-3.0843868,-0.008269411,2.5365212,3.5492787,-1.0443217,-0.74239874,-0.23874523,2.0529249,1.2642117,1.1092421,-2.417154
31182275,-0.35590312,1.3869247,2.8265288,-0.09899087,-1.0927166,-0.18065101,-0.92877287,-0.26614347,0.42477456,0.7672632,0.89651877,-0.35734862,2.8379214,0.6205072,1.2019783,0.952084,0.24426968,-0.47572774,-1.4552401,0.5544852,1.7662524,-1.2888612,0.13971889,1.1030289,0.42240974,-1.1877097,-0.8350178,0.8869914,-0.35553554,1.1795683,0.8719637,0.12626469
31182457,0.3447079,-0.18339814,-1.8003169,1.018846,0.9225142,2.91823,2.3834865,-2.4141386,0.83552885,-2.4272919,-0.87400484,-0.54143625,0.28581846,-3.0113661,-1.2264041,0.077392735,-0.5730416,-0.04025597,1.0221056,-2.5180428,0.12900792,-0.13120207,0.2921099,-1.0462624,0.59106636,0.10316238,-0.64200264,1.8983684,0.77267873,-0.65479004,-1.6455306,-0.14567772
31182776,-0.5923798,0.33546764,3.035761,2.3785765,-2.3628042,2.287169,-3.1080103,-1.2197268,-0.2608527,0.9150505,2.915428,-1.8274893,3.8238518,3.3689718,0.55089295,0.34785798,2.3559988,0.16982177,-2.185849,1.1237764,2.018366,-1.4071374,2.0883698,3.5578187,-0.34193558,-0.8256486,0.0071070865,0.54625535,-3.431346,0.20045426,2.0197835,-0.86656296
31182885,-0.21347013,0.52820945,-1.5929117,1.9589822,-2.2550719,0.9974825,0.8636628,0.37409085,-1.4514037,-2.8830438,-0.08408068,-2.6879277,-1.1212945,2.4614959,-0.1776386,-0.46131852,2.2436554,1.1031173,0.89043784,-1.1143843,-1.7427697,0.1913324,2.4150195,0.9255514,-1.8965895,0.13594355,0.3044749,-1.5256433,-0.9227071,0.20878032,1.0996791,-3.2902157
31182975,-0.028730432,-0.3273694,0.4161197,0.84527373,0.22050855,0.9387298,0.085376255,0.89434236,-1.3034095,0.21788138,0.20562126,-1.1254737,0.21845298,-1.033108,1.0725032,-0.9651026,1.6036956,-0.9241237,1.0218692,-0.91569144,-0.014267147,-0.7089476,1.1821238,0.25952056,-0.47061923,-1.4553051,-0.42906806,-0.9495064,-0.6561509,0.22582471,-2.6708033,-1.0256137
31182981,0.81720316,2.232212,-1.6904646,-0.761085,0.47550008,-2.0496237,1.8366627,-1.9494734,-1.6567891,-0.97990465,-1.6290383,0.7482051,0.91132694,-2.3346398,0.8734912,0.13649218,-0.9287321,1.4725721,-0.57674813,0.96901894,0.1827116,-0.39406577,2.9058583,0.47673428,-0.13790452,-1.6322713,0.44540876,0.91040367,-1.4691695,-0.47280532,0.8311573,-0.21993867
31183005,0.5525936,1.384071,-0.70229375,0.07958765,-0.34525597,-0.5834297,0.9120775,-0.75157267,-0.58307725,-1.6042923,-0.25110793,0.2528974,-0.06320324,-1.500588,1.1271548,0.16714722,-0.48555103,0.66677874,0.17982252,-0.06558483,-0.1080398,0.13493603,1.0701795,0.22710665,0.11527265,-0.9749663,0.0030496567,0.057895858,0.5115888,0.56196815,-0.12392533,0.06209465
31183208,-2.2847908,0.8073379,1.6660624,-3.2160547,-2.203438,-1.4668705,0.064040616,0.001983147,-1.7771366,-0.16976893,0.8132295,0.8009094,1.110707,-2.9952993,2.1761405,-1.1250672,-1.3041248,0.6314769,1.4387697,-0.06325778,1.925553,-2.1467078,0.40210345,0.67238307,0.025036901,2.7337766,-1.8132132,1.5440831,0.63782245,1.0443633,-0.9271345,-0.58677256
31183478,-0.19217683,-1.2761974,4.5669465,3.4157531,-1.5489291,2.460962,-4.5723453,-1.7960852,1.2271535,3.2764187,3.0074866,-0.7021687,5.4283915,3.1822176,1.3683541,0.12647311,1.8803761,0.55259794,-2.5436857,2.5620975,3.6787195,-2.7744486,1.3023928,3.7791216,-0.7385595,-0.7415841,-0.187394,1.4513625,-4.2489233,-0.974193,1.423124,1.3283702
31183885,0.28838566,-0.76247394,-1.5620115,0.38372472,0.7820223,3.343666,3.4564006,-3.2605777,-0.38728887,-2.9412935,-3.216905,-1.4501973,-0.14810644,-2.483126,0.3997722,0.55034083,-0.7744419,0.19543901,1.0280261,-3.364819,0.56997746,0.027736813,0.68871987,1.0435855,1.9042014,0.35094556,0.043166585,2.3710647,0.98199457,0.30093658,-0.7432302,-2.4628725
31183914,0.5201346,-1.7653669,-0.94984883,1.074407,1.2066143,-0.4118343,-1.2980527,0.1618944,0.26468903,0.40181303,-3.6719148,2.3083704,-1.8371853,0.099882215,2.0823927,-2.1231139,0.75234497,1.0296173,0.059756998,1.7948608,-0.2362643,-0.059907332,-0.5662864,-0.36330578,-0.27737725,1.541652,-0.77755404,-1.4301382,0.09598239,-0.117243186,0.7460593,-0.8442991
31184260,0.8751115,1.6940622,0.9344693,-0.10662743,-0.8803236,-0.7232269,-0.12582113,0.75166744,2.0129087,1.3121297,1.5744017,1.2116402,-2.3490481,-0.021659466,-1.3281596,-0.34666952,-0.44922888,0.46127635,-0.9964545,0.47999194,-0.5108164,-2.071887,1.3038298,-2.140084,-0.529811,0.10840517,-1.4419625,-2.1182582,-1.7003951,-1.1638526,-1.9795899,1.2350022
31184267,0.0167314,0.44263542,0.4121393,0.14771488,0.38884893,0.39705867,0.40524745,-0.005684346,1.3564415,-0.32603905,-0.41691375,0.42890805,-1.1225764,-0.66885394,-0.8176203,-0.030670367,-0.009936437,1.1493465,0.03635321,-0.22148672,-0.20377499,-0.8342347,1.0333222,-0.43886325,-0.036645055,0.15572569,-0.6874189,-0.9316708,-0.7689403,-0.2086504,-0.64028865,0.0070692375
31184389,-0.2157518,0.6068221,0.8317158,-0.21144149,-0.32453915,1.2104844,2.5633223,-0.90095055,-0.25641358,0.2200253,-1.985016,-0.16881686,-2.4337025,-0.18761447,0.026184384,0.29502314,-0.5496153,0.52589095,0.30596715,-1.363697,0.6167935,-1.483147,0.6657835,0.8115494,0.7282096,0.55399144,-0.8554671,0.95984435,-0.66464895,-0.15475474,-0.8399672,-1.9160597
31184396,-3.4079084,-1.6712139,-0.7624209,-0.6316218,1.7061077,-2.9753609,2.0319622,3.3698566,0.24686868,1.8066994,-1.0341234,-1.028779,-2.7385983,1.2858826,1.6938118,-0.8867909,0.8755742,3.0743763,3.6594224,0.2973311,1.3906139,-1.1828072,1.0465909,3.1236331,0.77937734,-2.7423484,-2.7744098,-1.4910578,-0.4637412,-2.8200984,1.7470282,-2.2186313
31184400,0.5084795,-1.3549222,-0.6482736,-0.30757087,-0.16871561,-0.17308757,0.42064136,-0.27644834,-0.48044074,-2.366858,-0.36242217,0.018701274,-1.3730506,0.6432561,-0.83539504,1.4163207,0.21936531,0.056933373,0.65951097,0.19701944,-0.7578062,1.1871072,1.2549229,-0.45525238,0.23185943,0.62372273,-0.21171546,0.81157845,-0.13553998,0.16677618,0.36082527,1.2695478
31184420,0.21123149,-0.19718173,0.312592,-0.4726426,-0.96700674,-0.13142306,1.1595286,0.73525524,1.5545607,-2.0815701,-1.4154468,0.603839,0.2221653,0.49160975,-0.49003026,0.15301664,1.0365547,0.09754815,0.9745383,0.19139901,-0.44211912,1.2794148,0.84478194,0.5977491,1.0280248,0.8243464,-0.40291163,-0.17313582,-0.969816,-0.45035243,-0.08390444,-0.033172514
31184473,-0.09287065,-1.1202593,0.5198885,0.15097845,0.66293037,0.26100722,0.2943566,-1.2735567,-0.88563025,-1.4355464,-1.1779059,0.21521433,1.2331436,-0.19668472,0.4070718,1.1233184,-1.0609413,1.1187187,-0.52931446,-1.5253822,-0.3160993,-1.401718,-1.9593691,-0.34606504,-0.2404048,0.94104046,-0.86785364,0.18307649,1.25508,-0.33478218,0.0033358932,-0.005301498
31184503,-0.17639208,-1.1126862,1.1140729,-0.41311118,-0.07332583,-0.2733656,2.2857668,0.37945634,0.39524096,-3.0251195,-0.4881193,0.29480803,-1.1616567,-0.019129904,-0.96714216,1.4067578,0.5396456,0.69503814,-0.2707564,0.06916133,-0.9678071,2.139248,1.2256579,0.9279062,0.9514347,-0.50971454,0.8821337,1.1534023,-1.1316468,-0.20060527,0.5671283,1.2328318
31184577,-0.20318602,-1.4183509,2.7446551,-0.6312057,-1.1628796,0.31325248,2.6648471,1.6553963,3.3104377,-3.2652078,-2.4373782,1.3027437,-0.43868968,0.33498645,-0.92564243,0.29907137,1.6189537,-0.041191116,-0.0024641007,-0.8459481,0.20248772,2.9598596,1.8662918,1.7642499,1.7340493,-0.11666404,0.23678449,-0.27509242,-3.8188858,-0.6175678,0.08189244,0.12201498
31184958,-0.30448925,1.2059816,-0.99290746,-1.4790403,0.4190667,-1.2029194,-0.82219154,-1.6101216,-0.32053548,-0.5738379,-1.2223325,-0.37495062,0.041691635,0.2587856,-0.3790571,-1.1980444,-0.34314123,1.0598416,0.8315257,0.6426164,-1.7243451,-0.33528474,0.82864314,-0.5516943,-0.2598263,-0.18481535,0.6079959,1.7060325,0.124306366,-0.649229,0.59462816,-1.732092
31185047,0.026710248,0.98479426,0.67634326,1.53124,-2.961733,0.98760164,0.23002195,-0.33224475,-0.3633372,-0.96840394,1.0087795,-2.3601165,0.7449591,1.9509621,-0.1158126,0.39687592,1.4983696,0.86599106,0.21722937,-0.47153023,0.06712118,0.4828409,2.2379148,1.5628526,-1.1714956,-0.18246664,-0.5398781,-0.52474475,-1.1965709,1.0039549,1.8876977,-2.1525347
31185106,-1.798304,1.4332129,-0.62839603,0.21628599,0.54382855,1.0366483,-0.6794462,-0.94237673,2.7576995,-0.4528696,0.48110017,1.913159,-1.5179815,0.6647055,0.9679423,-1.2522283,0.23652625,-1.5520201,0.17908524,-0.5341451,0.055442452,-1.128469,-1.3513949,0.70554477,0.27636883,0.23830564,0.28636944,0.16313224,-1.6369072,2.5697048,0.5883124,-0.012527585
31185110,-0.46904287,-1.1591339,-2.3927367,-0.2756754,-0.25942102,-0.18782398,-0.2761864,-1.4533726,-1.5923902,-0.7205098,0.9295164,-1.4418843,-2.5077758,0.78165394,-0.50847334,1.9743328,-0.13204335,0.9095619,0.2683628,1.1520363,-0.74022335,-0.5292924,0.66083115,-1.2836115,-1.3977847,-0.27329785,0.74027765,2.6519475,1.2990435,0.8882434,0.33203357,1.3871032
31185575,1.3000128,2.6191907,-0.6421837,-0.6139417,3.1856613,-1.4270368,0.2912929,-1.4935828,0.7007165,-0.66401976,-0.72367924,2.0543861,-1.7268119,-1.2754554,0.9132709,-3.1317604,0.7505653,-0.33876723,-1.3153101,-0.057175554,-3.1346416,1.2301972,1.2567637,1.0806503,-0.48436183,1.2904203,-1.4580472,1.1353267,1.882563,-0.44496587,-0.73366165,0.6472388
31185584,1.8948573,1.3688631,-1.0688727,0.14798145,-0.85676074,-0.38144127,0.9200256,1.5027832,-0.29318282,0.7048484,-0.45447907,1.5962585,0.70028377,-0.9694256,0.69213545,-0.31503895,-0.41452336,-0.24010582,0.51697826,0.19411752,-2.160248,0.19312899,-0.07181464,1.2212895,1.9054979,0.90774775,-0.42802894,-0.6055645,0.6186979,2.0269988,0.16046414,-0.2282418
31185595,2.0714667,1.9726603,-1.3452591,-0.38677165,0.1838188,-0.6785301,1.3211862,1.2421788,-0.35155636,0.40532732,-0.8523682,1.561804,0.03975692,-1.6359522,1.0885369,-1.313266,0.1884323,-0.042372607,-0.23356993,0.45408672,-3.487802,0.68998414,0.5541468,1.6717081,1.7358415,1.9247339,-0.33536115,-0.44810376,0.99273014,1.3945451,-0.19404934,0.06592459
31185624,1.7353694,2.2033608,-0.41675395,-0.5380858,0.24291404,-0.8650606,0.8743392,1.0537335,-0.24221665,0.21262322,-0.94539744,1.9064023,-0.3798971,-1.7370881,0.8861769,-1.6316514,0.58524364,0.11805383,-0.17104106,0.41723186,-3.795995,0.5844286,0.90631443,1.4116338,1.2486063,1.6438257,-0.8264922,-0.045243364,0.96670127,1.0928396,-0.3759486,0.5701071
31185874,0.47142112,-0.29042894,1.1158087,2.893565,0.26738274,0.43205497,0.3864601,0.4849396,-0.0023547383,-1.7871119,0.91157734,0.65829253,-1.113516,-0.37983286,0.94110256,-0.32454538,0.42075157,-1.932922,-0.722429,-1.6751308,0.39036787,0.7939932,1.2257525,0.577912,0.68409663,-0.55351263,-1.939708,0.3645002,2.186308,1.7436794,0.03731005,0.49975368
31185892,-0.6445914,0.38986772,0.5277281,2.1735647,-1.0215625,0.514673,0.38978073,-0.6753096,-0.8397413,-2.7496617,1.507853,0.062116314,-1.4527729,-1.5279995,0.6227647,-0.38557366,-0.25542834,0.17583126,-0.6187524,-0.942811,-0.26052856,0.6626086,-0.39338705,0.9244367,-0.2218315,-1.9316338,-1.1642188,0.46625543,2.0561595,1.8729839,-0.012097344,-0.4301465
31185993,-0.23971707,-0.41488636,0.2941344,-1.5873019,1.0986496,-1.2223248,-0.57633185,1.5361313,-1.0475065,-1.0361475,1.3754487,-1.9793273,0.80648714,0.39154544,-0.47774488,0.76991665,0.75707734,-1.5142094,-1.2675651,-0.36484453,-0.11167344,0.49267688,1.0955559,-1.0067881,-0.6785942,2.2781696,0.7661515,-0.16014063,-1.575479,0.08272822,0.8798503,0.7784645
31186025,0.25519073,-0.88469577,0.6750816,-2.0124185,1.177409,-2.106751,-0.5747723,1.7752978,-0.8902279,-0.6410718,2.0380044,-2.8343403,-0.388279,0.95827633,-0.66688573,0.2995443,0.19886407,-1.5784167,-1.9899842,0.33622983,-1.143189,0.61818266,1.3641081,-2.2511895,-1.42857,3.06363,1.0938267,-0.86561686,-1.9931568,0.19578016,1.8325042,0.7642088
31186114,-0.6772516,-0.6083393,1.3991063,0.43197778,1.8981677,0.92518824,-0.5292586,-0.054508533,-0.3654485,2.531073,0.50233865,0.6771194,1.4045088,-1.9031879,1.7104242,-1.3301703,0.015704941,-0.473013,-0.1600888,-0.47625425,0.6747189,-1.0295932,0.5550526,0.064716466,0.1625944,-1.3827338,-1.1991132,0.5920234,-0.83154744,0.35881776,-2.9720454,1.4891001
31186379,-0.8527727,2.941531,-0.5827271,-0.7128484,1.6985465,-1.3255306,-2.3422341,-2.4832656,0.98639184,1.3399472,-0.18415232,-1.2629433,3.0514846,1.7444901,0.9525102,-0.7395834,2.0507605,1.1646414,2.0014076,-1.0904826,-3.6584868,0.13191588,0.01280986,-0.04742013,-1.2021179,-2.9391685,3.1342225,0.69083464,-2.4398391,-1.3922553,3.0379577,-3.5320477
31186421,-1.7244638,3.4456384,-0.58019197,0.3452995,-0.15737492,0.1444905,-0.4803732,-1.1042814,0.9736726,0.7583714,-0.2589136,0.93290085,-1.2748733,0.396051,-0.42075923,-1.4174092,0.73120075,-2.6953433,-0.075562164,1.8819597,1.0293845,-2.5757582,-1.0109082,1.7094166,1.300428,-0.3993002,0.5875389,0.06359178,-1.3014857,1.5036167,1.511952,0.41776296
31186464,-2.2111337,5.0832953,-0.8332355,0.011830969,-0.24062365,0.46049228,0.15340514,-1.502543,1.1797206,2.0536933,-0.08803818,0.51475555,-1.8386803,0.99448013,0.6647951,-2.5397434,0.8924438,-3.9793375,0.3467618,3.4310951,2.0746357,-3.0704193,-2.6411753,1.9136237,1.676139,-0.032255873,0.9382521,-0.016607046,-1.7798092,2.6368487,2.9378538,1.2425191
31186651,-3.1041634,1.344099,-0.54073286,-1.6039348,0.62354064,2.034072,-2.3993816,-2.12738,-1.5350926,-0.8994193,-0.7633572,3.1231194,2.2585845,0.10882793,1.3383126,0.6215665,3.1542354,-4.649818,-1.506473,0.21653345,-0.44954416,0.47772324,-1.3184042,-0.167674,-1.1191033,-2.0675342,0.8199814,-0.079601005,-2.0993447,-1.604834,-0.6500603,-0.99329495
31186845,-1.7574625,3.3409033,0.023717608,-1.6002815,1.4747158,-1.6255777,-2.2783964,-2.656267,0.5547094,1.3891331,0.6269457,-0.55124146,3.4942622,0.9297709,1.4304413,-0.98294544,1.4446937,1.2657764,2.792477,-0.5748469,-3.1930997,-0.49284875,0.3378314,0.10036029,-1.5183519,-2.581128,3.0792537,0.9271928,-2.3862202,-1.0097489,2.6607003,-3.6453578
31186929,-0.7009186,-0.45643926,-1.7257028,0.9018569,0.78618824,-2.9824529,2.8146932,0.21686344,-2.9323277,0.097079255,-0.6513767,0.43545005,1.1494323,-1.0468032,2.07256,-1.139908,1.0601618,2.4519854,0.83010197,-1.6725612,-0.19544968,-0.10656548,-0.75945914,-0.12590405,-2.663169,1.3675797,-2.8048694,1.6787466,2.4985337,0.5581697,3.3487055,-0.06999854
31186936,0.5025902,-1.3985323,1.4254138,-0.23897105,-0.54111874,-0.6688858,2.1778553,0.99140835,2.3382893,-2.6149344,-1.0559723,0.6320852,-1.2245113,0.15833229,-0.90745187,1.1805891,1.0130942,0.7107368,0.019308165,-0.49797076,-0.33037704,2.245727,1.5024813,1.4219061,1.5692283,-0.4744913,0.5205053,0.068700776,-2.3119085,-0.33897945,0.44716632,0.40565452
31187084,0.22536804,-1.1951728,-0.74942154,-0.68062127,0.12470497,-0.025749512,0.35574597,-0.3896898,-1.2205003,-1.5900191,0.28286523,-0.08627051,-1.3603358,0.733281,-0.8080779,1.5288951,0.1601028,0.24016343,0.28675267,0.96368384,-1.0939883,0.7699435,0.5431501,-0.40373793,-0.23712601,0.100796685,-0.17701495,2.0187654,0.87276495,0.093924694,0.3565356,0.98596054
31187125,0.13874106,-0.5324319,2.0861723,1.1067643,0.3509628,1.0164183,0.8279593,-3.483939,0.23013699,-1.8851544,-1.8376547,0.4378652,2.375132,-0.8279712,0.78094876,2.356704,-1.8659456,-0.6001032,1.0594594,-2.3658345,0.43559635,-1.2178233,-2.2563112,-1.9948821,-0.5872761,-0.16815305,-1.1966405,-0.6777511,1.4769793,0.62623495,-0.74187624,0.5947628
31187243,-0.34597293,1.4246931,-0.3636394,0.7586898,-0.4262954,-0.31282017,0.78362685,-1.1926723,-0.8995235,-2.2939475,0.392838,0.37078223,-0.10679615,-1.7506489,1.0068197,0.28049755,-0.30733487,0.9174167,-0.010061797,0.067787744,-0.4721421,0.7819314,0.2945065,0.33667213,-0.46738517,-1.8950499,-0.1434287,0.53505886,0.8530069,0.9523437,-0.26442266,-0.184154
31187486,0.52410245,-1.3274368,0.06262042,-0.7123231,-1.7638059,0.049834616,0.85881644,0.2150665,2.037738,-2.9647703,-2.5952957,0.38363722,-1.2792218,1.8980151,-1.0050179,0.4160881,1.7447704,0.03743756,1.6174444,0.4048794,-0.06859373,1.5459377,1.903871,0.07835089,0.95201,1.1245105,-0.6993512,0.3374993,-1.8814318,0.033583336,-0.18792723,-0.07391575
31187493,0.2660948,-0.88736415,-2.316761,0.2344293,0.085207075,-1.6005197,0.8046998,1.8260169,-2.080701,-0.8096144,-0.21273088,0.9490446,1.5179266,-0.024535589,0.13311791,-0.9454738,0.9669787,3.138785,-1.3760651,-0.8427632,-0.43295735,0.73093265,-0.47945657,0.93161047,-2.445455,0.5123608,-1.0726138,1.2726939,2.1641858,-1.4447328,1.7426397,0.101943545
31187519,0.32343942,-0.994693,-2.4151235,0.36555338,0.09504801,-2.8161147,1.2674035,1.8651359,-2.744377,-0.8670809,-0.34039715,0.58635134,1.4132092,-0.11755287,0.23564634,-0.7520704,1.3525324,3.1763444,-1.3567715,-1.358496,-0.68698037,-0.0031394418,-0.2700436,0.941274,-3.014616,0.96457493,-1.4980122,1.5235343,2.5990536,-1.2543555,2.1563532,-0.20877048
31187582,0.83481634,-0.3107329,-2.6104424,0.13437158,-0.22663918,-1.0688248,0.8789734,1.9426057,-1.7968962,-0.8008061,-0.5631945,0.91244954,1.5850351,0.03441084,0.27151576,-1.0365586,0.8096481,2.8639312,-1.196402,-0.621287,-0.15781102,0.48271447,-0.09014531,0.62411195,-2.8238041,0.028076831,-2.1674197,1.7477118,1.9991207,-1.3333794,1.8590842,0.7234371
31187600,-0.30504084,0.14619283,-3.4665697,0.40281245,-0.2794511,0.55888754,2.4683137,0.9195211,-2.6173553,-3.1068697,-0.98267776,-2.4417567,-2.9948168,0.7800257,-0.18930368,-1.8385997,1.7905487,0.2377247,2.269093,-1.8908905,-3.112503,0.398211,1.9310843,-0.6176637,-1.4663935,-0.1343504,0.13973412,-2.2058806,0.596293,0.54943967,-1.0603578,-3.6519914
31187605,0.33924523,-1.2073686,-1.1732486,0.26423076,0.40929878,-1.7883509,0.8506281,0.5083367,-2.5931785,-1.506996,-1.1657408,0.40891838,1.4847436,0.22948858,0.60844797,0.6426808,-0.48259985,2.510814,-1.2015643,-1.8356587,-0.6653981,-1.3525285,-1.2316937,0.45167744,-1.4408491,1.4801847,-0.5613676,1.5976087,2.343587,-0.7653412,1.2953444,-1.0350221
31187675,-0.4134728,0.052937716,-1.0780891,1.6380043,0.41774362,1.1690522,-0.088940635,0.3449006,2.0745146,-1.0225052,0.9220939,0.77514213,0.17110234,-2.4701724,-1.7639995,0.47532052,0.19630726,0.5657333,0.0941266,-0.80771583,-0.6791877,-1.282392,-0.13878053,-2.2902875,-0.4196411,-0.44212887,-1.3954856,-0.9799126,-0.17523193,-0.83807486,-1.2240435,1.2118485
31187677,-0.6029244,-0.2490022,-0.92058593,1.1959106,0.74386007,0.95053554,-0.45387957,0.406157,1.5895069,-1.2331336,0.36661124,0.9102512,0.2992299,-1.8509768,-1.169323,0.6425203,0.46832746,0.1544002,-0.09025155,-0.89137125,-0.49742994,-0.8006692,-0.3785394,-1.5135404,0.022532277,-0.16899455,-0.7490676,-0.7048934,0.09134543,-0.26521438,-0.23986407,1.3354789
31187702,-0.69755584,1.2490652,1.0591048,-5.237127,-0.2490303,-1.7576153,2.7751875,1.894009,-0.7638744,-1.1624026,2.7722626,-3.432893,0.64433974,-1.1476624,-2.9140368,0.07045068,2.0101044,-2.896626,-2.981276,-2.194303,-1.1342223,1.6559517,3.3909574,-3.9242694,0.6831851,4.320574,3.100043,-0.6143237,-3.8999095,-0.45976192,1.6708678,1.9313537
31187721,-0.94856864,-0.34132493,-1.2069098,1.2646601,1.1845216,-0.31727758,-0.785531,1.417376,1.6058339,-0.24780867,0.8139529,0.28260767,0.39566422,-1.5016127,-0.507365,0.08631815,0.81027347,0.45195562,0.7346854,-0.591966,-0.57344824,-1.0038956,-0.34991616,-0.64791507,0.16594347,-0.96330523,-1.1443077,-1.4962081,0.31077772,-1.3289517,-0.05046998,1.4231988
31187725,0.16294682,0.22326873,-1.0095532,1.6864746,0.22685023,2.5305076,-0.02930374,-1.0436444,1.7036215,-2.0723193,0.010123808,0.7090177,0.63715196,-2.5192525,-2.0690968,0.9920952,0.14918882,-0.56478953,-0.07602225,-1.4547509,-0.29860464,-1.0652138,-0.5870334,-2.4220161,0.0940402,0.31535214,-0.6590062,-0.044649206,0.028621404,0.5120047,-1.4190102,0.98639494
31187967,-0.6039253,-0.68260014,2.316121,0.93985,0.7112152,2.117367,0.7844459,-4.6779795,1.2637141,-2.7147305,-2.3918219,0.85132104,3.1370897,-1.2735081,0.6344693,2.6733086,-2.1709113,-0.6359493,1.1143221,-1.1014822,0.76834166,-1.0304576,-3.11683,-2.1381526,-0.28429645,-0.44747505,-2.4063752,-0.4115254,0.73253214,0.6317311,-0.46646947,2.1628258
31188023,-1.142059,3.2877846,0.1719206,-1.2479012,0.8098854,-1.0698991,-2.7854955,-1.9472734,-0.5514158,1.0889285,-0.6002729,-0.9943788,2.0907989,0.6572028,1.498926,-1.0650786,0.7086154,0.84942436,2.25787,-0.1296975,-2.7659814,-0.05736585,1.2936821,-1.0365177,-0.982572,-1.918226,1.6389214,1.4466931,-1.9157624,-0.89173603,1.6081599,-2.196563
31188116,-2.304922,1.4242215,0.74680036,-2.8705204,-1.2846787,-1.425297,-0.35969916,-0.6656745,-1.325713,-0.9864997,1.0808532,0.6895348,1.0185773,-1.797632,1.0615568,-2.3523557,-0.4357947,1.3909732,1.5842448,0.69971824,0.25845173,-2.048676,0.5817863,0.08991675,-0.1613704,1.8376467,-1.0393721,1.9152842,-0.21835221,0.79853696,-0.07709581,-1.5079327
31188162,0.46281564,-0.91820914,-1.6269907,0.19639383,0.14249513,-1.5480067,0.691303,1.2194793,-2.0018888,-0.71620464,-0.34444663,0.49062878,0.94428796,0.19930685,0.4249498,-0.43264246,0.53391427,2.5159898,-0.98833907,-1.4621971,-0.6247376,0.008756975,-0.56522125,0.84772754,-2.0632885,0.7811824,-0.6882379,1.4972774,2.2827463,-1.0223163,1.483052,-0.65689987
31188184,-0.14188917,-0.86911243,3.504723,1.7099721,0.49971792,3.5729442,0.058353297,-6.001691,2.250273,-2.8308275,-2.411037,0.14205046,2.7496777,-1.2797529,0.4160165,3.8355768,-3.121325,-1.7567425,1.6728197,-2.4505212,0.77994645,-1.8759179,-3.5060275,-2.457481,0.98154145,-0.5671621,-1.0095758,-2.0574882,0.1974583,0.5703323,-3.2162168,1.3706788
31188310,-1.6882598,0.6582213,-0.6079376,1.2944406,1.7691712,0.24197724,-2.7489095,1.8445116,-1.311607,-0.9613643,-0.4281018,-0.82718503,1.7685974,0.9440034,1.3022895,1.5212607,-0.8852854,-0.12291832,0.05012942,0.5816224,2.3144941,0.52379173,-0.931556,2.1950657,-0.144148,-0.8045819,-0.78482217,0.6426367,1.962379,-0.45989674,-0.06425223,-0.55159265
31188432,3.2162428,2.7170448,-1.3462695,-0.9709534,0.14681561,-1.3550048,1.8857219,1.361991,-0.5348684,0.41828752,-2.1831784,1.5308187,-0.38773414,-2.6093051,1.6254321,-1.1685712,-0.337727,-0.11430202,0.27773333,0.4157607,-4.8278,0.8185909,0.97689456,2.066259,2.954124,2.4188752,0.65324104,-1.1193568,1.5016314,1.48841,0.050003305,-0.12236778
31188576,-1.3389622,1.5130198,-1.3615508,2.8292267,-1.4275122,-0.42449513,1.734778,-1.8561685,-1.4563248,-4.493673,1.8501966,0.64769536,-0.9729991,-2.8674788,1.6070385,-0.42189506,-1.6790838,-0.08554313,-0.8582628,0.43005663,-1.8680395,0.40936017,1.1157255,1.0741258,-0.025756069,-2.9998102,-1.814137,1.6577973,0.3138691,2.8887053,1.5081381,0.2900621
31188599,-3.1366317,4.0481486,0.16317338,-3.5456855,-0.9861266,-1.7035317,-1.993091,-0.41900355,-1.5692074,-0.8341877,-1.0022317,-0.03648782,0.71262187,-2.9653838,1.0735904,-4.6910706,-0.45370802,1.8010954,2.6200101,1.7421749,-1.2752656,-4.099973,3.0080254,-0.30438358,-0.83665895,-0.81028557,-1.5279901,3.9092097,-0.07957484,-0.95925707,1.1122261,-0.6330571
31188781,-1.7167879,1.3916154,-0.27334368,-2.4872458,-0.87000954,-1.3521577,0.13420358,-0.57891536,-1.8835752,-0.98464614,0.40533364,-0.6600752,-0.29100382,-1.7369376,0.88233227,-3.2168877,-0.09166291,1.9191407,1.2423642,1.281266,-1.0696539,-3.194236,1.7753531,-0.45858538,-0.102923885,1.2922792,-1.3102065,2.9546442,0.7287279,0.25299343,0.6496537,-1.1955804
31189198,0.7364579,-1.0874481,-1.6067535,-0.5131718,-0.68805903,0.27285916,-0.37736183,-0.7085041,-0.328888,-2.2914433,-1.4109757,-0.35875648,-1.9638518,1.8329127,-1.1055238,1.0952172,0.9979247,-0.017020717,1.3773711,1.2299815,-0.5857313,0.34752908,1.2786343,-1.0326681,-0.30819005,0.7536114,-0.643188,1.4478112,0.16794136,0.62853044,0.2600603,0.69971263
31189215,-0.50085115,1.4208263,-0.157835,-1.1215867,-0.37928188,-0.3068142,-0.64502066,-0.24776986,-1.1284795,0.15332073,-0.9183035,-0.174157,-0.5901678,-0.53572655,-0.03114137,-1.6734725,-0.25408316,0.5715644,0.73555464,1.0754884,-1.6427174,-0.6089626,1.1985025,-0.7217832,-0.1185848,-0.44459912,-0.73393995,1.3004391,0.23570429,-0.04867008,0.58571374,-0.4401239
31189559,0.93480104,2.3235567,-0.3545227,0.59951794,0.16700092,-0.5042447,-2.2289073,-2.1430576,0.26861715,1.089711,-2.1922057,-1.8733032,1.0835326,0.53008586,0.8576403,0.14440462,0.07670292,-0.28456756,0.6260148,0.39282262,-3.541226,0.68093866,1.2331569,-0.8510775,-0.18672709,-1.3650538,1.3752384,1.5617627,-0.9497635,-1.3242024,1.1362038,-2.4866369
31189623,-1.0182308,-0.8033367,-0.40632382,-0.32407597,1.9146547,-1.2365205,-0.28552973,1.171416,-1.0578556,-1.8140607,1.5353086,-1.792398,1.0434738,0.8418563,-0.3433053,0.57202065,1.5487032,-0.96942014,-0.07748852,0.40045068,0.5476345,0.8444159,-0.24690251,0.4249429,-1.048324,2.3193026,-0.0124713965,0.93228716,-1.9389982,0.75629836,0.41538417,0.7672995
31189626,0.9061808,1.2596127,-1.0317777,-0.80974275,-0.69005185,-0.5385282,0.6514589,-0.42166296,-0.62363845,-0.8212911,-0.40052986,-0.4634647,0.53352433,-1.5365155,1.638211,-0.048617464,-0.29957142,0.6801391,-0.050836008,0.36293575,0.12450525,0.6370208,0.9887621,1.2070429,0.55525327,-0.82662326,0.5369152,-0.09226343,-1.099866,0.03177061,1.1828618,0.5096995
31189638,1.1264775,1.9357158,1.5570081,0.7057271,-1.9349896,0.5681661,0.23437944,0.75473136,-1.3693643,1.436666,-4.477455,-2.5844846,-1.4154457,-2.326633,2.538159,0.69857967,-1.8347311,-0.53899515,0.3121042,0.19734365,-0.82477784,-0.73033893,2.6547966,-0.26782602,1.0808862,1.3440441,-2.501619,2.6702564,1.2279662,-1.9595447,-1.6296786,-0.6722174
31189783,2.9182706,1.3488297,-2.4611933,0.16132309,-0.7718924,0.8897495,1.6838832,1.0514035,0.19849229,0.18834825,-0.8992073,0.86804587,0.8194929,0.19921324,1.3955063,1.4356034,-1.6332821,-1.3263048,1.253723,-0.16959846,-0.7787987,0.74639857,0.07834704,1.4240551,2.3106697,0.34591848,1.8985647,-0.96375656,1.5835787,0.69937444,0.8291656,-1.87737
31189795,0.2155258,1.855719,0.97924453,-0.32765183,-0.92152303,-2.5378127,-0.13497652,2.098112,2.0667346,2.704053,1.6929826,1.5501287,-3.9856699,1.6687375,-0.37641805,-1.0014459,-0.18298544,0.68593276,-0.923154,1.4378822,-0.4487855,-2.5480158,1.3570272,-1.6105969,0.41815308,-0.94246995,-2.2900622,-3.1697404,-2.6024015,-1.6707039,-0.873305,0.7952824
31189910,-0.64257526,-0.6709623,-1.582972,1.7862949,1.1605064,2.2928343,0.39716747,-1.2554736,0.7536511,-2.6416574,-1.0669724,-0.37563023,0.76757187,-2.9425976,-0.8656766,0.6944671,0.46336854,-0.46462956,0.8837129,-2.3907268,-0.35995793,-0.5517796,-1.0841357,-1.1197907,1.1621854,0.08018638,-0.5234358,0.9217552,0.38411823,-0.001723513,0.04274316,-0.45636046
31189915,-0.19542596,1.1732267,0.6163777,-0.7002868,-0.77884966,-2.4191017,-0.16725232,2.1419263,2.0321348,1.7176002,1.4520293,1.1385425,-3.8659027,1.561577,-0.6674056,-1.0380542,-0.08293028,1.2070856,-0.6048431,1.0777321,-0.58779645,-2.5339873,1.5681845,-1.0676435,0.21646477,-1.0278664,-2.1251845,-2.8660095,-1.943873,-1.320144,-1.1842692,0.57086706
31189963,0.07055332,-0.14014271,0.3762186,0.1630182,-1.5552425,-0.21828675,1.7482083,1.0039054,2.1911137,-1.9746974,-1.266434,0.18966067,-0.4726381,0.44537434,0.03114047,0.7875075,1.5799229,0.8317937,0.7299949,0.55466974,0.17732711,1.1834519,0.36980894,1.6840067,1.2897604,0.483307,0.2061183,0.30614322,-1.4576873,0.37158075,0.012204895,0.09165765
31190235,2.5534904,2.732155,-1.7306559,-1.0763252,0.34899616,-1.0554632,1.9885812,0.8943929,-0.35972884,-0.25057334,-1.9906529,1.6938679,0.15660353,-2.0847025,1.8535405,-1.4697375,-0.1627017,-0.09761717,0.26312816,0.49951538,-3.5161915,1.430083,1.0787789,1.4770894,2.1922336,1.6823629,0.96185315,-0.8861349,2.207186,0.93350214,0.09522198,-0.749411
31190356,-0.605564,-1.8130357,1.5930511,-1.0551176,0.76506263,0.60128194,2.0560124,-0.31871358,-1.1204727,-3.3268466,-0.11075817,0.27880526,-1.892793,0.62558705,-1.6228012,2.0018382,0.22434016,0.7124335,-0.8335296,0.6265538,-1.328713,2.1551251,1.8735391,0.345661,-0.046498906,-1.2902818,0.79122734,3.059637,-0.88758785,-0.031087883,0.59685093,1.6563807
31190389,-0.61407477,1.979875,-0.22115037,-1.763049,-0.68462884,-1.3545258,-1.9610171,-1.7634557,-0.8600324,0.59952563,-0.52583385,-0.6361448,2.1763022,-0.59923947,1.3985223,-0.52152145,-0.83132356,1.4773657,1.5930309,-0.08380288,-1.2313273,-0.22810817,0.24102591,-0.38417035,-0.74529237,-0.026045322,0.79833424,1.6485715,-0.5432739,-0.26822266,0.10123089,-1.5762197
31190460,0.35853183,-0.4986897,-2.7888534,-0.0043373406,0.03638035,-2.0983346,0.91331697,1.4412107,-2.4396489,-1.0676483,-0.72539717,0.74788934,1.2566206,-0.15664363,0.3428863,-0.7457051,0.9137928,3.0442257,-0.8893119,-1.0102522,-0.39109623,-0.3109725,-0.22607122,0.67263377,-2.633547,0.3232452,-1.775264,1.955613,2.1335402,-1.4062892,1.4301947,0.17149845
31190522,0.09304143,1.3637565,-0.9599388,1.4338622,-2.962352,0.33775187,0.66946757,-0.16310427,-1.2437178,-2.696992,0.63999575,-2.5409312,-0.2853799,2.5478973,-1.3323863,0.60203385,2.1392667,1.023871,0.8458168,-0.6815013,-0.93192893,0.8053986,2.4550135,1.6800104,-1.2845032,0.41000468,0.19823232,-1.5455264,-0.8825312,0.6480367,2.3169127,-2.857293
31190572,-1.9692934,0.42665666,1.0892183,-1.6174434,0.2668653,3.0199473,-2.8713436,-0.49958503,-1.1889839,-0.3460815,0.23250967,1.654889,2.6431518,-0.15300038,-0.18081242,0.11563502,1.5709035,-2.7433968,-1.846685,-0.33274695,-0.76155996,0.5241352,-1.6826038,-1.0991659,-1.2365282,-2.5238402,0.89380896,-0.16903447,-1.3455728,-0.58116233,-1.6886038,-1.1224381
31190727,0.2518516,-1.3262413,-0.5980164,-0.09598315,0.10894686,-0.7007291,0.5076295,-0.30522808,-1.6950089,-2.0436418,-1.6476778,0.34249175,1.7282572,0.21834809,0.272671,1.497965,-1.5062007,1.5382165,-0.8059506,-2.0129323,-0.5958011,-1.8884746,-1.976864,0.090826474,-0.9382114,1.303998,-0.6188203,0.8064974,1.5763721,-0.52257144,0.069864795,-0.3396011
31190756,0.8944446,1.0565534,0.15227951,0.58072084,-0.92596596,-0.49127573,-0.23143782,0.81783575,2.4402559,0.773343,1.5647358,1.4116571,-1.9865425,-0.4846663,-1.4551495,0.33754757,-0.3772055,0.5080258,-0.6367493,-0.12718236,-0.87056154,-1.8861183,1.0943042,-2.5436134,0.21412176,-0.366265,-1.7406666,-2.3621824,-1.4910914,-0.9039991,-2.0474465,1.5244555
31190851,0.96594685,1.0500596,0.5376695,0.64699686,0.1991839,0.85082805,0.20772819,-0.116172545,1.6939405,0.45813528,0.6108251,1.1525035,-1.6059608,-0.8668806,-2.217782,-0.08627484,-0.5332652,-0.094505586,-0.57610756,-0.23917748,-0.48485768,-2.0687516,0.6200155,-2.233427,-1.0546471,0.3486955,-1.2255926,-0.78015536,-1.1579318,-0.59936774,-2.1236367,1.4181279
31191119,-0.4498186,2.2278883,2.5009553,-0.53973234,-1.7660066,0.18136482,1.5626416,0.105731666,0.3416592,-0.15780598,0.8167099,-1.5590378,1.9803511,0.39135256,0.4091995,1.807322,-0.46429977,-0.063749224,-0.76659596,-1.9354228,1.3421186,0.7296652,0.8873948,0.44356835,0.5665512,-0.34488136,-1.4012098,-0.94616276,1.0661497,2.1088712,1.113605,-1.9544516
31191597,-1.9408349,1.0719172,-0.8315428,5.8825293,-0.32952982,-0.34673372,1.6056441,-2.247683,-2.0226712,-5.3587503,2.4441004,2.1827865,-1.2040838,-3.5284553,0.43092272,-0.2863125,-1.3086137,-1.5334302,-0.8865647,0.16995002,-2.0672612,0.5343574,1.490725,-0.015314594,-0.3570934,-3.545429,-2.8047912,3.183352,1.6607512,4.2746153,0.72183394,-0.34975293
31191683,-0.3827938,-2.4103377,-1.7268766,-0.6826665,-0.09818587,0.043301575,-0.07809957,-1.1697203,-0.7626264,-2.298027,0.105179295,-1.6762525,-3.0022497,1.3649722,-1.0664542,2.1475856,-0.29632175,0.27272606,-0.07345727,0.7543504,-0.87018603,0.34180057,1.3472078,-1.2942537,-0.7394669,-0.37436992,0.5020369,2.804868,0.4752819,0.8704998,0.25384402,1.5904771
31191704,0.58057004,-1.3783586,-2.071697,-0.5682783,-0.2539444,-0.24764004,-0.46246946,-0.7690866,-1.3406917,-1.256549,0.089214936,-0.6656135,-1.8758769,1.1813009,-0.8633598,1.56743,0.27852482,0.22458528,1.123191,1.0013564,-0.73107386,-0.18349998,0.625725,-1.1452332,-0.8004832,0.41270185,-0.22591904,1.5511124,1.413229,0.48011345,0.62888366,1.0359647
31191734,-1.8546584,0.8262976,0.9735139,-2.1362972,0.6922585,2.2306428,-3.3348196,-0.52313346,-1.478214,-1.2257992,-0.17170845,1.4846519,2.6411238,-0.8377728,-0.9950344,-0.30726057,2.2456326,-3.352768,-2.3296008,0.09170079,-0.9965711,0.7137523,-1.8286701,-0.22120607,-2.0880513,-2.090202,1.1043947,0.65434057,-1.4433237,-0.8323482,-1.9486799,-0.8970114
31191973,-0.0761105,-0.16480003,-0.8526006,0.25617394,0.8871782,-0.8392785,0.0076049455,-1.4228123,1.8274602,-1.3722364,1.0147163,1.9200475,-0.76956934,-0.69659877,-0.61621994,1.1573218,-1.480219,-0.03420887,-0.20911746,-1.8471754,-0.51272017,-1.1143792,0.7297232,1.6830478,-0.821772,-0.7304997,-0.69864696,0.17229074,-0.48082426,-0.30385244,-0.7565905,0.008710459
31192019,0.33635777,-1.326843,-0.24071674,-0.6546716,0.27617624,0.82160217,-1.2724473,0.99981856,-0.54632217,0.1734342,-1.6971326,1.4796523,-0.3979805,-0.32992458,1.1762015,-1.3907216,0.23449156,0.08049289,-1.1709229,0.9365269,0.2739574,0.2096418,-1.2358506,-0.7301967,-0.0018109567,0.8069831,-0.3581341,-0.29901594,-0.25904924,0.28817776,0.16630873,-0.8796432
31192053,0.55498743,-1.389499,-1.4267911,0.8105369,-0.41277444,-0.08969265,0.053678166,0.82589114,-0.8186583,0.74331784,-1.7779622,1.6735531,-1.7415131,1.3119932,2.5280325,-0.6128623,-0.36286753,1.308907,0.69019353,0.6084522,1.1084532,-0.946681,0.012331467,-2.4318664,0.92258227,1.283581,-0.8329509,-1.0775152,-0.00914408,0.23285839,1.6307971,-0.8584862
31192128,-0.8411228,-0.88312864,-1.8218586,0.38472402,0.2971202,-0.566385,0.17124496,-0.9359444,2.8688557,-0.72643775,1.7570841,1.9196357,-0.52464634,-0.8472993,0.5659934,1.5258961,-1.8271533,0.92593724,-0.011021394,-3.4412882,-0.5565637,0.62354046,0.08298553,0.667703,-2.0872655,-0.72529554,-0.65519005,0.40216243,-0.43731135,-0.42463976,-1.0830251,0.91532326
31192143,-0.6614283,2.15337,2.7613697,-0.7420426,-1.6860449,0.07789872,1.2383724,0.28276402,0.34931713,-0.27755806,0.70986474,-1.4835856,2.1231909,0.21382043,0.37307024,1.5172386,-0.2413605,-0.13019305,-0.8198683,-1.611406,1.5044837,0.8227314,0.6060371,0.8920655,0.39107552,-0.35950568,-1.2198168,-0.76084447,0.97343653,2.3627942,1.4666387,-1.7754906
31192156,-0.77343696,2.567062,-0.539394,-0.38981837,0.0045916587,0.35245687,0.010618929,-0.9770777,1.0098999,0.76566833,0.25021294,0.7496888,-1.2075869,0.43917525,0.01799557,-0.38845,-0.4437111,-2.101053,0.32979563,0.5331381,0.9913518,-1.8715208,-0.68788266,1.6468394,-0.08578715,0.10142106,0.5061265,-0.60412353,-0.9428683,1.7292125,1.5472127,0.16422598
31192165,-0.69754714,0.24801344,0.43255156,1.6291943,-0.8695948,0.75378096,0.13377911,-0.33078787,-0.21139812,-2.196398,1.3994477,-0.27425873,-1.1324698,-0.93212825,0.61756223,0.13288805,-0.22257455,0.3940633,-0.38450307,-0.8769877,-0.57411224,0.7767942,-0.37151375,0.6591331,-0.36080402,-0.9206167,-1.1527772,0.24607886,1.7500403,1.6367791,-0.2453371,-0.29483175
31192269,-2.0997415,3.8035629,-0.23935986,0.7534497,0.26183128,0.9227632,0.24266843,-1.8734157,1.761794,0.47595698,0.26892665,1.1604019,-1.7550253,0.7928964,0.3841586,-0.90912133,0.30958685,-2.8636274,0.66410434,1.8424191,1.5034267,-2.4529767,-0.9938754,1.6425695,-0.2448355,0.51906294,0.78004044,-0.10515264,-1.8535717,2.9187608,2.035366,0.77067864
31192278,-1.4922594,3.3224182,-0.22498797,1.0240426,-0.01682622,0.33056587,-0.4049877,-1.4522836,1.3622726,0.5624885,0.016807709,1.1946207,-1.1947821,0.46672454,-0.2935015,-0.4347661,0.16919619,-2.3600366,0.5042563,1.4546478,1.1635638,-2.274591,-0.54446113,1.4609908,0.234287,0.16198292,0.68976367,0.326688,-1.941565,1.6437048,1.0464869,0.45961156
31192308,-1.4493885,3.0465055,-0.62526315,0.79595625,0.2804104,0.13132659,-0.18085383,-1.3985946,1.4169875,0.49896142,0.5531281,1.181389,-1.1495154,0.27232778,-0.15315463,-0.46995357,-0.105804235,-1.7161144,0.3201369,1.2087958,0.86595976,-1.9373851,-0.34714314,1.5369407,-0.13157558,0.12022966,0.77413017,0.28890073,-1.4006978,1.5599685,0.9710068,0.8375869
31192365,-4.012024,2.579329,2.1617496,-5.1581597,-1.746972,-3.1265254,-1.9175144,0.10608135,-2.2880592,0.9951847,2.0542612,1.3386304,2.2578394,-4.6701546,3.6523254,-2.152853,-1.1413083,1.9378847,3.735188,0.19121918,2.1061947,-3.4149554,0.40915138,0.95253444,-0.7713736,2.4868152,-2.2403886,2.006465,-0.48855662,1.3222632,-0.7665212,-0.748651
31192510,0.36250973,0.8471463,3.115195,2.1586335,-3.394748,1.3037003,-1.8602375,-2.1175098,1.0961089,1.5931115,2.6222534,-1.4565088,3.6189415,3.927876,-0.19025634,1.4037726,1.2540164,1.6259917,-2.5069234,0.67892206,2.4130025,0.4600495,2.0073748,2.8821237,0.16022365,0.8921196,0.18002585,0.49256387,-2.4318008,1.1071174,4.2540083,0.019502439
31192514,0.06648116,-0.8935716,-1.5925369,-1.156302,0.7541067,-0.012524594,0.1567462,-1.2577795,2.4765134,-1.2275374,1.3442571,1.2300835,-1.1186684,-0.48233557,0.5009965,1.0506194,-2.001455,-0.7078728,0.6761529,-2.5499358,-0.35974059,-0.17360078,-0.41927892,1.5026625,-1.6236532,-0.30965793,-0.18053637,-1.4366041,-0.06698942,0.840913,0.030610923,0.08078143
31192768,-2.7236617,5.032374,0.14534663,1.3635489,0.8097695,-0.31888065,-0.8160261,-1.8983946,1.5884411,1.5129422,-0.54996234,1.4696267,-1.1831205,1.5039607,-1.0562303,-2.309567,1.1646537,-4.3146033,0.48137787,4.2755575,0.8642616,-3.9961228,-1.6401728,2.3278575,1.9247065,-0.2209428,1.0956248,1.3986492,-1.3442552,2.4111643,2.3661504,1.8893893
31192794,0.70925236,1.796501,-0.093377605,-0.72029084,0.16630338,-0.44089848,0.2671966,0.44372633,0.39736933,0.05785629,-1.0879949,1.4166583,-0.46546993,-0.47417963,0.9661135,0.06985104,0.26590914,-0.42075917,0.67571104,-0.0233896,-2.7091079,1.1954834,-0.37629965,0.5072183,0.17243433,0.5142606,0.2847757,-0.07784258,1.319168,0.46974394,0.5244785,0.34432802
31192818,0.9081153,1.9910306,-0.9751306,1.1400999,0.77573234,-1.5899706,1.8765464,-1.4888625,-1.0406711,-1.8497127,-1.4088104,0.9143043,1.0648059,-2.6091018,0.9994083,0.23807803,-0.60162514,-0.27208582,-0.6478371,1.1897283,0.73185265,-0.20205888,3.3966293,0.06478767,0.8491522,-1.368503,0.5798496,1.0864679,-0.8368092,0.034980662,0.547258,0.22142372
31192880,-0.3494451,-0.84785664,-1.9713854,-0.66780764,2.0594387,-0.20771581,-2.9804163,0.054100562,-0.2339317,-0.30503696,-4.8647676,3.8480957,-1.6616585,-1.4698452,3.228074,-4.3696084,1.7262437,-2.0808039,-2.1011589,1.8860797,0.091981634,-0.67113143,-2.0053093,0.6559366,-1.9945681,0.7880615,-0.69151723,-1.1310741,-1.0079285,-1.2893834,-0.432171,0.16706716
31193230,0.21403153,-0.16911927,-1.4678726,0.6756456,-0.8270357,-1.5325177,0.8367097,1.1538595,2.61134,-1.5253065,-0.64484036,-0.26627043,-1.000564,-0.2717896,0.74359465,0.2950068,0.07718831,0.54797745,1.2926472,-0.419059,0.19415374,-0.09361862,0.7920867,0.5864475,0.2699114,0.89611644,0.049015246,-1.2682444,-0.8453589,-0.029126294,-0.41364226,0.846107
31193267,-0.4838152,-2.283014,0.5348156,-0.66803735,0.64528763,-0.27907705,2.244562,-0.2076394,-0.2529281,-3.6380877,0.020934924,-0.17460287,-2.289439,0.36916688,-1.2278264,2.1835098,0.051216047,0.7177014,-0.30823603,0.2098502,-1.4277307,2.170291,1.2721766,0.43123633,0.5154894,-1.0147053,0.74114895,2.5162952,-0.84093916,0.29954726,0.6147872,1.7839042
31193528,-2.210617,2.3853564,-0.6417899,-0.65969574,1.1734022,-0.53030735,0.5740946,2.0943215,-0.28980947,-1.1557802,0.7755189,-0.9868991,2.7952826,0.8694713,-0.37574703,1.4107234,1.2372597,-0.981425,-0.43319312,-0.06641138,1.7982887,2.7041206,0.2576378,-0.15406117,0.6281222,2.2129774,1.2831328,0.9443192,-1.2829382,-0.07816896,0.5263918,-0.27916962
31193549,-1.622348,0.8970362,-0.6111901,-0.8125688,1.8472598,-0.38143677,0.38592315,1.727371,-0.43491918,-1.2954502,0.97356886,-1.3383545,2.1130843,0.9468648,-0.50827044,0.5802682,1.6277053,-0.9278883,-0.13131332,-0.20519719,1.0363567,1.465185,-0.18406896,0.32876304,0.20749797,2.0971456,0.6870502,1.031053,-1.7380915,-0.13381538,0.012443993,0.105772525
31193588,-1.7850448,3.1085875,-1.2855288,0.297969,2.090323,-1.9219108,-1.5668695,5.2631397,-2.3955603,-2.4542887,1.1721172,-2.800513,4.148389,1.2901919,-1.5475644,1.4934646,-1.2497364,-0.9064035,-0.8584269,0.093111835,2.586533,3.432182,0.39597654,0.9523667,1.1678048,2.6814866,2.3326042,1.0317883,0.8716639,-0.92518777,0.06861487,-1.1921836
31193599,-2.1356688,1.6680968,-0.40006983,1.4919112,1.4960196,0.5383342,-1.915236,1.6874694,-1.1069361,0.63451046,-1.3003248,-0.099569306,1.8785832,1.167736,0.30591395,1.8083441,-0.7424331,0.87002486,0.31150618,-0.20866647,2.4563203,1.5652071,-1.1141272,2.2379515,-0.04610069,-1.4389496,-0.52136046,-0.095942795,1.9723761,-0.33323807,-0.28391615,-1.8892206
31193622,-1.8339572,1.1921678,-0.62797326,0.4470289,2.1046731,-0.49719027,-1.1394846,2.1686065,-0.89706326,-0.40522087,-0.15429156,-0.58943224,2.3922844,0.8688875,0.55645,1.3554386,-0.47364536,0.0060111135,0.16850868,0.5010827,1.5184404,1.9388056,-1.2933209,1.087785,-0.35911974,0.21163681,-0.042357598,0.23907416,0.37991327,-0.5832561,0.19605455,-1.5626357
31193651,-0.85593736,0.52843547,-0.025812518,-0.18054277,1.3851169,-1.273467,-1.4664189,2.0984356,-0.59471834,0.016961144,-0.1582667,-1.6674774,0.8015874,1.3257327,-0.39554065,0.5175575,-0.67983127,-0.18676423,-0.7398436,-0.0008680448,1.02627,1.3317513,0.21582307,-0.36010092,-0.35249922,0.5657284,0.33166012,-0.06783287,0.06298665,-0.18562351,0.11091071,-0.9093579
31194064,-0.59742135,0.87720364,0.14016463,0.20825535,-0.32626462,0.33053762,1.2777256,0.50472105,-0.6589474,-0.8759871,0.34278905,-1.1885368,0.13771062,-0.40238118,0.626173,-0.10033928,0.22540158,-0.3819632,0.72743857,-1.1838359,-0.15385753,0.28207618,1.0014442,0.20191652,-0.3727628,-0.8842912,-0.6959709,-1.0163214,0.3775799,1.3456678,-0.7924766,-1.5150437
31194070,-1.61764,-1.8136737,0.68595415,1.4956647,1.3562223,1.2553002,-0.34313986,1.4841195,-1.1595808,1.776543,-0.2530915,0.07144947,1.264851,-1.8293784,2.7055786,-2.4818215,1.5684062,-1.0419337,0.99600077,-0.11152038,0.20339912,-2.5388594,0.78363085,0.40958154,-1.2905282,-2.3135865,-1.5894471,-1.0399724,-0.8902979,0.16513842,-5.1461773,0.30928805
31194082,-0.75192416,0.84605324,1.3452973,0.55393946,-1.4960269,0.4488749,0.28649488,-0.55643046,0.05310357,0.018212976,1.0252472,-1.1432178,1.3315895,0.93167675,0.60060775,0.07845263,0.37081558,0.18314752,-0.52901125,0.019556087,0.6464966,-0.39058578,0.7965582,1.0938997,0.30642533,-0.6183173,-0.27472085,-0.28369048,-0.6447345,1.7505028,0.31465483,-0.64529413
31194136,-1.0149103,-0.29696143,0.0017477833,1.3415173,-1.4368473,1.3374786,0.2908089,0.75663614,-1.3824776,-0.38593376,0.24653314,-1.961187,0.40370107,0.78152126,0.16227576,-0.7937136,1.6408038,-0.30924544,0.8903764,-0.4061249,0.03649789,-0.8032546,1.6780885,0.89304996,-1.5145214,-0.9066174,-0.98394185,-1.5208253,-0.89107436,0.7012116,-1.491695,-1.7402143
31194191,-0.70127887,0.62840164,0.36081684,0.22593664,-1.379186,0.8061073,1.2418684,0.4256339,-0.7906706,-0.94657624,0.41965446,-1.969956,0.31778276,0.61226636,-0.44603434,0.4276035,0.6618998,-0.52463144,0.7489188,-0.94010794,0.15470801,0.4882065,1.2432386,0.5284122,-0.67749053,-0.49119815,-0.3745425,-1.4665226,0.14437707,1.5243214,-0.1115499,-1.9164467
31194215,-0.9287845,0.5885451,1.5373199,0.4760243,-1.1053829,0.57448345,0.029746052,-0.44200385,0.11473045,0.17621237,1.3087054,-0.95559454,1.6653254,0.5037516,0.8361111,0.56305254,0.27120808,0.095731914,-0.83757704,-0.75099957,1.1263503,-0.6868182,0.96638054,1.1076035,0.2464345,-0.89878684,-0.73729914,-0.22501762,-0.36836982,1.3698705,0.27160943,-0.7737563
31194257,-0.63858175,0.28181446,-1.6570449,0.35975495,-1.0636967,0.6315586,1.8779312,0.388365,-1.4732877,-1.8494514,0.19312562,-1.7621329,-1.3928026,1.0837152,-0.78216213,-0.5105659,1.279142,0.21848151,1.55213,-0.9303392,-1.331027,0.51795745,1.5471922,0.480973,-0.88552785,0.05319808,-0.14166683,-2.069213,0.03327564,1.177666,0.10353376,-2.367872
31194467,-0.89697874,2.863302,0.0180169,-1.4415165,-0.2938123,-0.03240116,-1.683057,-1.1356055,-1.229631,0.8821743,-0.633329,-0.53741384,0.43706632,-0.6335535,1.8022943,-1.5257308,0.3958344,0.76906526,1.6537265,0.43008262,-2.2263563,-0.90577036,1.6557504,-1.5660512,0.0071143284,-1.0139654,-0.08727978,1.6634382,-0.7202242,-0.6412073,0.749431,-0.85730565
31194501,-1.482381,2.7228253,-0.16969132,-0.9810575,0.59672105,-0.49808565,-1.9612159,-1.2394491,-0.93104583,0.5641881,-1.0910984,-0.948547,1.0185817,0.509707,0.9119685,-1.8712306,1.2180042,1.2324537,0.93428993,0.8779069,-3.0724254,-0.310162,1.5949188,-1.3251475,-0.28299147,-1.750443,1.0394193,2.3676636,-1.135571,-1.157895,1.89721,-1.7201029
31194520,-0.5030898,-0.09081355,1.2453153,1.457556,-1.561094,1.4280928,-0.0877328,0.71988785,-0.99159086,-0.7295921,0.813621,-2.1561537,1.0379027,1.2739767,0.07477887,-0.43445754,1.6865827,-0.28059286,0.13731775,-0.50067246,0.02849412,-0.7480848,1.3558041,1.3530242,-1.6232898,-0.5693001,-0.6980888,-1.4835907,-1.1996391,0.31292754,-0.39906287,-1.6168816
31195148,-0.32740277,-0.13268247,0.05909268,0.1857607,-1.1876714,-0.7963176,2.2510998,1.3084512,2.6973724,-1.9511447,-1.2982677,0.35329682,-0.13781963,0.15682897,0.0019302014,0.5452279,0.60644126,0.7822086,0.80755067,0.101623796,-0.2993602,1.007876,0.3753024,1.4022342,1.2258626,0.42022306,-0.033605784,-0.2107319,-1.531848,-0.49703026,0.095052905,0.091008104
31195178,0.3071206,-2.3261883,-0.87151754,0.109341055,-0.21365054,-2.074945,2.0806441,0.07912036,2.2030253,-2.707191,0.8477361,-0.70089835,-2.9753866,0.17273755,-0.6590508,2.1711004,0.4128307,1.1887604,1.008999,0.36489895,-2.0615616,0.45062694,1.0830075,1.2104795,1.0856813,0.19341235,0.41566828,0.54693943,-1.0147827,0.58771586,0.7750401,1.705803
31195179,0.0019756444,-0.74139655,0.22132811,-0.21856102,-0.76115465,-0.39407432,1.3836181,0.79270554,1.6432887,-2.990394,-1.3288416,0.73892933,-0.83737516,0.4534019,-0.39285487,0.6533568,1.0859919,0.20925252,0.96888554,-0.024165558,-0.39657503,1.8857945,1.4962512,0.4479924,0.6428711,0.37156874,0.03646528,0.2393614,-1.5912814,-0.43207195,-0.010595908,0.85583925
31195181,0.01431993,0.06634763,0.4337255,-0.31558934,-0.9783423,-0.40807143,1.4308475,1.1045821,2.2778287,-2.588409,-1.8023664,0.6400126,-0.050037354,0.4223857,-0.39106527,0.123464584,1.1355332,0.066326596,1.1256235,-0.023242334,-0.20196299,1.3190608,1.20831,0.9549754,1.1862382,0.8445127,-0.14383188,-0.66688675,-1.4137273,-0.6748853,-0.29221326,0.0572326
31195226,-0.53534615,-0.119626,1.1567765,-1.5054415,0.08878432,1.2934031,-2.9604619,0.63356286,-1.5541064,-0.17532456,-0.74605983,1.1327658,1.1127269,-0.7775874,-0.8523438,-0.9982362,0.9968208,-1.1125302,-1.4293423,0.09655389,-0.79782933,-0.16329028,-1.0477021,-1.3302263,-1.4016323,-0.8304047,0.11604415,0.51581407,-0.88978297,-0.5517671,-0.99656296,-1.228207
31195254,-1.0223117,0.06908207,0.86532766,-1.7239238,0.77304775,1.5145822,-3.431977,0.38365304,-1.6752822,-0.49623793,-1.5253952,2.0160158,1.2236214,-1.4169749,-0.7624028,-1.4246234,1.6075745,-2.1770477,-1.9194208,0.39510503,-1.033389,0.061666593,-1.3903632,-0.8384049,-1.8663552,-1.0132073,0.5801205,0.4736815,-1.4070357,-0.743505,-1.6709092,-1.1272254
31195301,-1.4207988,0.48026764,1.21457,-2.0358455,0.70967674,2.2950633,-3.615606,-0.08205049,-1.4798965,-0.73825634,-0.861815,1.8377136,2.238463,-1.0408552,-0.882846,-0.6407547,2.1217203,-3.2696276,-2.2718391,0.19261824,-1.0008277,-0.021378145,-1.6315379,-0.7300225,-1.9040358,-1.3097926,0.91184455,0.79971844,-1.7178828,-0.87803173,-2.0133662,-1.0364588
31195391,-1.0738204,-0.08685361,0.87279755,-0.6576908,0.5090496,1.8584113,-2.8312213,-0.4737665,-1.7296078,-0.051767223,-1.4981765,1.8036851,0.89590514,-0.29982412,0.70633966,-1.0544281,1.688341,-2.1021855,-0.9485282,0.37826446,-1.0776627,-0.49485147,-0.7986672,-1.0137362,-1.4653537,-1.3474265,0.020853681,-0.47620338,-1.5444467,-0.8479353,-0.77608967,-1.6575053
31195393,-1.0591854,0.07083492,0.46697438,-0.9498866,0.702152,1.4705067,-2.3398833,0.006632436,-1.0600562,-0.6189044,-1.233287,1.4931129,1.0944763,-0.61799645,-0.027238395,-0.81714493,1.516225,-1.6302837,-1.3654386,0.4157269,-0.45892435,0.089953974,-0.9425893,-0.874794,-1.5430994,-0.597949,0.6602218,0.29997545,-1.3582046,-0.928491,-0.87058026,-0.89460486
31195438,-1.2668979,0.3552198,0.24732967,-1.1416883,0.8609906,1.3124771,-2.78091,-0.7479847,-1.6423094,-1.0625432,-0.85293585,2.1570573,1.7076747,-0.23399715,0.053977344,-0.5033029,2.2733543,-2.7588224,-0.874279,0.03007543,-0.56961936,-0.13620259,-1.2722826,-0.89494926,-1.119983,-0.83442,0.6849694,0.26033777,-1.8952316,-1.3959628,-0.6953955,-1.2801491
31195558,-1.6273184,0.31898588,-0.13112395,-1.526843,0.91683203,1.2010162,-3.51138,-0.30196548,-1.9359819,-0.75551534,-2.1431744,2.8623319,1.040564,-0.63790905,0.3718504,-1.4549024,2.4498682,-3.1943028,-1.3441285,1.0657954,-0.9048158,-0.68002915,-1.1119953,-1.0461758,-1.8034918,-1.3348511,0.83253074,-9.532273e-05,-2.0155652,-1.6795135,-0.9422884,-1.105832
31195666,1.8029791,3.2221553,1.9791629,-0.96771425,-2.4436789,-2.5865116,0.22860812,1.2094607,1.595933,3.6621704,2.213556,2.0715623,-4.661479,2.8814838,-1.0357302,-1.3885072,-0.6933192,0.07453444,-2.4774015,2.2403483,-1.334493,-3.657537,1.4676698,-3.1317074,-0.010617346,0.1942808,-1.6851786,-3.354182,-3.0134172,-0.79987866,-2.641123,1.131548
31195668,0.7133154,1.0535681,0.58404744,0.10296009,-0.45118573,-0.28473002,-0.012722742,0.36641914,1.9423791,1.019061,1.0296681,1.1863804,-2.0355902,-0.41464394,-1.729355,-0.3369906,-0.30704373,0.10050102,-0.66683257,0.46005818,-0.4813619,-2.046299,0.9226301,-2.063808,-0.4321631,-0.19453779,-1.2605418,-1.2177854,-1.3337799,-0.94037354,-1.8818997,1.0878615
31195699,-2.246228,0.49354023,-0.24530534,-1.6413865,1.5282589,1.644628,-3.7175965,-1.4972441,-1.5894699,-1.4335244,-1.8464661,2.7069454,1.9116794,-0.4476518,0.36073968,-1.2834696,2.856069,-4.032963,-2.0598462,0.62495327,-1.180318,-0.42313844,-1.4357431,-0.26024255,-2.2228954,-1.792597,1.128497,0.18323983,-2.3190835,-1.9439532,-1.6302085,-1.0982202
31195810,0.22277308,1.5759403,0.98224825,-0.34751508,-1.0041577,-0.80344373,0.30362666,0.47097737,1.4190159,1.2203664,0.47999287,0.47753197,-2.6810796,0.935875,-0.275611,-0.14621553,-0.44646913,0.7970462,-0.83250105,0.1955056,0.0056360783,-1.6775478,1.0559491,-0.7363061,0.21030775,0.15125844,-0.86141366,-1.014305,-1.2520823,-0.80962765,-1.0556926,0.15631911
31195859,0.12610249,-0.5554531,0.82756454,0.28684652,0.24465859,1.5060531,0.492812,-2.973685,0.6532257,-2.122248,-1.0852475,0.29231536,1.8286847,-0.6445355,0.12794104,1.304454,-0.96460885,0.36908093,0.51661265,-1.4667802,0.14924046,-0.31768408,-1.7745713,-1.247504,-0.07480067,-0.18831596,-1.5746735,-0.82282597,1.0253828,-0.11545296,-0.9479025,1.8620989
31195899,-1.987842,2.874567,-0.6675352,0.7423179,0.52217436,-0.4886636,-1.4307275,-1.0959394,2.0147748,-0.46158692,-0.24422988,2.6515467,-1.2343541,0.25169465,-0.99010444,-0.31524748,0.59688216,-2.4659505,-0.48497763,0.8993381,0.25181407,-2.4676292,-0.90433675,2.2836938,0.7550877,-0.8043293,0.016280394,0.99529344,-1.1512456,1.374362,0.32943007,-0.013898522
31195912,0.8734403,1.3327643,0.7404947,-0.10345849,-0.975974,-0.75450224,0.4107124,0.2900965,1.5263405,1.2970282,0.7481748,0.8990436,-2.5535204,0.39685297,-0.82173896,-0.04296016,-0.480071,0.5213584,-0.5182585,-0.16608302,-0.45321307,-2.2879665,1.1002355,-1.3527662,-0.094843894,0.06385699,-1.4744306,-1.3938807,-1.2352895,-0.67196345,-1.9903963,0.33684665
31195918,-0.64611447,-0.21920589,-0.503137,-0.68683356,0.39911288,0.9509854,-1.2708417,0.16681452,-0.9439678,-0.5324093,-1.2591189,1.656813,0.3760817,0.42693567,1.5501808,-0.59617466,0.93965375,-0.8233519,-1.116571,0.44036916,0.28075662,0.32969862,-0.6346265,-0.80177116,-0.5363277,0.13088226,0.39860183,-0.13087384,-0.9345736,-0.46711054,0.112555504,-0.4979607
31195968,2.2527156,2.3989496,1.7069385,0.083763815,-2.3039417,0.38477498,1.5976472,-0.98429626,1.2107142,1.1285614,-0.14142609,0.7920905,-3.1221871,1.3617259,-1.5329629,-0.20341805,-1.4339232,-0.6164901,-2.1191895,-0.18719177,-0.59920913,-3.2012153,1.020174,-2.1480799,0.41267774,1.0213416,-0.39236507,-1.1249586,-1.8741086,0.7384256,-3.2569516,0.05248917
31196041,-2.0892587,0.8796638,0.1363001,-1.4759392,0.80046123,1.4714828,-2.3101263,-0.555595,-0.9457613,-1.3783015,0.09859054,1.9353899,2.206131,-0.10182594,0.55238086,0.13369279,1.7499822,-2.7645624,-1.8848726,0.07604033,-0.014738871,0.8154062,-1.4741697,-0.7748666,-1.1734445,-1.3078142,1.0975411,0.4624688,-1.5947176,-1.1151922,-0.7303611,-0.38316262
31196064,-1.3864503,0.4237574,-0.3400564,-0.7109187,0.3845168,1.0946071,-1.4495206,-0.40391487,-0.56381094,-0.43654555,-0.4156512,1.7467624,1.1235065,0.55297464,1.4240192,-0.10908823,1.2667055,-1.405508,-1.0327395,-0.12594092,0.3260066,0.3953653,-0.82557714,-1.0460693,-0.23014806,-0.738436,0.63784945,-0.089524075,-1.1913892,-0.55234575,-0.15384945,-0.28537768
31196074,-1.0269058,0.36319458,-1.3379234,-0.16621394,0.39118412,0.61550814,-1.2899497,-0.9337282,-0.45985684,-0.05990257,-1.1224581,2.761835,0.003947325,1.02348,2.7681122,0.0002081506,1.522927,-1.3004813,-0.30120397,-0.207463,1.231597,0.367463,-0.3886805,-1.135464,0.25413454,0.12369608,0.51360834,-0.8229968,-1.0825427,-0.6918069,1.3048788,-0.3632502
31196080,-0.26617625,0.24718215,0.07730445,0.64608413,-0.35618514,0.9085918,0.40730363,0.65668344,-0.990143,-0.59109795,0.35590446,-1.3836932,0.100333616,-0.013567656,0.91864026,-0.41288343,0.8778679,-0.78571945,0.40065077,-0.9635371,-0.57991815,0.064968914,1.2153966,0.29361957,-0.7255866,-1.0683635,-0.34804508,-1.3305751,-0.28904703,0.9105308,-0.8932436,-1.2659667
31196091,-0.94760054,-0.0651014,-0.5696776,-1.1137487,0.8043016,1.190109,-2.475676,0.090606496,-1.237116,-0.46899122,-1.666187,2.3480248,0.7954382,-0.07725822,1.4029974,-1.0471529,1.7406714,-2.0803125,-1.3191439,0.72813535,0.31572214,0.14013778,-1.4007509,-0.93981284,-0.41489583,-0.24203569,0.65584207,0.116885826,-1.2419757,-0.8718146,-0.46724322,-0.93176454
31196229,0.10768361,1.060462,0.53419644,0.7361292,-1.8359096,0.6929484,0.08676412,0.1686395,-0.7981644,-1.1233996,0.81691295,-1.8583493,0.604872,1.3440924,-0.13509393,0.6558018,1.5307325,-0.05185312,0.34780678,-0.61619896,0.35201818,0.39059645,1.6301962,1.4117267,-1.1185637,-0.6386921,-0.20525038,-1.1109275,-0.5329879,0.8131162,1.1769234,-1.6984562
31196237,-0.94543797,0.30283833,-0.48632962,-1.1815732,0.6069393,1.2975283,-1.7463255,-0.46849215,-0.82121825,-0.72551537,-0.9080314,1.9497141,0.93316424,0.2660511,1.5861145,-0.5250232,1.3896711,-2.040327,-1.4738332,0.35262322,0.37050995,0.41904187,-0.6649359,-0.6194931,-0.7191933,-0.6061256,0.70164704,-0.074350245,-1.5579141,-1.0128114,-0.018883374,-0.30554605
31196285,0.20378181,1.095288,0.24728891,0.66689235,-2.3746479,0.42046005,0.16447818,-0.3056841,-1.080462,-1.6520143,0.884063,-2.0254464,0.3545829,1.7288454,-0.60024476,0.5771721,1.4559661,0.31843194,0.2845051,-0.653688,-0.34898627,0.43982804,2.011988,1.1523019,-0.8870937,-0.16358303,-0.1442504,-0.82273555,-0.35201457,0.9407817,1.818748,-2.1498158
31196296,-1.8749706,1.1657773,-0.7462075,-1.7207069,1.0240858,1.5027294,-2.256606,-1.4527277,-1.304152,-1.4796731,-1.2263124,2.357893,1.876939,-0.27082855,1.0598675,-0.50439274,2.2677267,-3.3958397,-1.9500593,0.49945,0.4690285,0.38889307,-1.4969459,-0.7060919,-1.0436232,-0.75690156,1.2460123,0.20770866,-2.2372322,-1.3219368,-0.76966923,-0.21886419
31196312,0.7936061,1.3110412,0.4298773,-0.31040636,-0.9197367,-0.7459079,0.15146121,0.2825101,2.1412969,1.3274413,1.0373235,0.7524957,-2.7227075,0.6801495,-0.61800337,-0.44216925,-0.41958416,0.94373274,-1.0570548,0.013876925,-0.23663224,-1.7106228,1.29468,-1.8688116,0.047655597,-0.13309526,-1.1671073,-1.3849734,-0.88102204,-1.1481388,-1.4678365,0.5753245
31196316,-0.018431181,1.0440998,0.97867465,0.85384184,-2.2390125,0.51654845,0.16559924,-0.32894543,-0.45808882,-1.0015993,1.0729669,-1.8139019,0.8424185,1.6969926,-0.023411307,0.5959733,1.3975402,0.6777149,0.058721326,-0.55329746,0.3384093,0.503174,1.7159039,1.7940767,-0.6965154,0.08892922,-0.3075899,-0.9207345,-0.91407865,1.2957214,1.8596014,-1.7212266
31196374,-1.3857487,3.868793,-1.0305606,0.7827998,-0.10084105,-0.45236737,-0.3884665,-0.8237766,1.1497056,0.7149106,-0.59740645,1.4237026,-1.3535572,-0.07676333,-0.48175696,-0.8070254,0.7173921,-2.9792018,0.033850458,2.0838637,1.1555132,-3.5943663,-0.9845829,2.1296353,1.2825935,-0.74990654,0.78437793,0.2782749,-1.1979116,1.6591674,1.4151034,0.080717295
31196400,0.1221766,-1.7760423,1.9269074,-0.8048384,-0.26637256,0.1588454,2.3681078,0.65437585,0.7005403,-3.3159463,-0.88420063,0.709552,-1.2643391,0.49825758,-1.529512,1.2285576,0.7781564,0.35314506,0.044904202,-0.058967195,-0.8745621,2.5635495,1.820145,0.7965541,1.0741919,-0.23989217,0.5586805,1.245983,-1.803709,-0.21080756,0.6030405,1.3654677
31196474,-2.3595011,1.8763757,-0.1900544,-1.9279444,0.42994508,2.0932024,-3.2078104,-1.2565974,-2.1336634,-1.039423,0.4572695,2.2232733,2.5091114,-0.18082339,-0.056911644,0.64976776,2.5580506,-4.266488,-2.2486153,-0.62467825,0.0009115208,0.85191107,-2.1728187,-1.053007,-0.735387,-2.2097414,1.2412142,0.3551597,-1.7495667,-1.1559535,-1.2007164,-0.6164812
31196599,-0.06375113,-2.1680577,-0.8296091,-0.2942058,-0.09077057,-0.9963973,1.7245411,-0.54696757,0.52171135,-2.940125,0.3228987,-0.06883311,-2.9835298,1.1710942,-0.42648956,2.345274,0.6176602,1.1304824,0.38109645,0.5167581,-0.8630385,1.4722819,1.0532447,0.3551287,0.85205275,-0.23423286,0.19795492,1.6052641,-0.8712179,0.69035745,0.68310297,1.5482074
31196635,-1.6996133,3.2629924,-0.5891239,-0.062574014,-0.22037002,0.5539443,-0.24367614,-1.1700422,0.91935635,1.2094853,0.023906741,0.7061614,-1.3750514,0.48562962,0.40158144,-1.3746283,0.6759388,-2.6327665,0.09305312,1.4020352,1.195327,-2.1996582,-1.2214552,1.3812699,0.95121884,-0.09817219,0.764251,-0.0503013,-1.2168423,1.9256661,1.9422437,0.42374036
31196664,-1.2801135,-0.5073434,-0.28616396,0.01734169,0.795605,-0.016225584,1.348248,-0.207338,-0.78977525,-0.44292992,1.6083634,-1.0415157,-0.95501965,-0.40257603,0.49322763,1.4597809,-0.724292,0.8964862,-0.36046723,0.73216873,-0.9268447,0.13227005,-0.9494074,0.9501558,-0.15656777,-0.9802606,1.1505034,2.7020454,1.8768361,0.22444457,0.52879655,0.3401408
31196726,-0.12529895,-0.2158259,0.35352755,-0.17989069,-0.26397192,0.71921825,0.017764281,0.71501523,-0.1503278,0.35767964,0.1503319,0.5554461,-0.12918395,0.97829425,0.8395408,-0.13424762,-0.35784054,0.47975147,-0.59372663,0.017158344,0.6460805,0.41239512,-0.40951693,-1.2165709,-0.019392777,0.38719344,-0.461848,-0.17698537,-0.16712676,0.2528735,0.63182956,-0.4127521
31196846,-1.5987604,1.4955873,0.8740447,-3.3317144,-1.0798329,-2.3269093,-2.0482512,-1.7136664,-0.9048062,0.22087783,1.2514983,0.81399804,2.2900288,-1.7872992,1.7133126,-1.1396996,-0.9250833,1.216462,2.2423892,-0.1257731,0.6570494,-1.1245849,-0.5751902,0.37249786,-0.51589036,1.2835863,0.018205699,0.96580005,-0.99401814,1.3586622,-0.5535014,-1.3069445
31196895,-1.2927551,0.769953,-1.1331699,-0.7325855,0.77009684,0.86366105,-1.3994341,-0.5288312,-0.9603321,-0.76555854,-1.2966623,2.6810434,0.4930439,0.39485216,1.9390835,0.030298602,1.7884233,-2.337103,-0.9203002,0.29068312,0.55779517,0.31960946,-0.849834,-0.69313943,0.07874091,-0.30096877,0.76418364,-0.1509187,-1.5639697,-1.1810855,0.25822976,-0.6225169
31196903,0.70831037,-0.9653641,-0.5623526,0.13480262,0.37914756,-0.42852873,-0.20861317,0.92589533,-0.3384428,0.17726386,-1.6804134,1.1019009,-1.2531778,0.10192837,1.7576369,-1.1593757,-0.27488187,0.8067771,-0.1524421,0.88812244,0.6702008,-0.05637227,-0.1644847,-1.2753209,0.45267147,1.8116716,-0.5197447,-0.40627998,0.16704133,-0.14875942,1.0702931,-0.48080522
31196933,-1.5202196,0.46775872,-0.3039263,-1.1515679,0.4116489,1.9110823,-2.2550454,-0.5179794,-1.5169952,-0.520512,-0.12932795,2.1004233,1.8090987,0.032132164,1.024251,-0.08202411,1.3305172,-2.0789666,-1.3934067,-0.09920406,0.1777741,-0.18234713,-1.1418006,-1.2078991,-0.7489942,-1.4441893,0.9848858,-0.14557917,-1.5587381,-1.0631256,-0.3488727,-0.7514616
31197130,-1.0956684,0.14729275,-0.6345137,-0.78931135,0.1333081,1.7340019,-2.3490858,-0.09133078,-1.3673778,-0.54924476,-1.3837172,2.3995132,0.6983777,0.3781098,1.2941293,-0.41885918,1.675083,-2.0254173,-1.1337656,0.50016606,0.41355708,0.3616547,-1.2012286,-1.1814502,-0.19454603,-0.8745969,0.47957698,-0.1557603,-0.83223146,-0.81413317,-0.49669555,-1.105836
31197219,-1.2333364,0.5277319,-0.7973637,-0.49954107,0.36946273,1.5586567,-1.4701557,-0.40478444,-0.5440747,-0.034240536,-0.6770131,2.539065,0.890282,0.8762011,2.0601866,0.45240256,1.6562895,-1.897913,-0.670684,-0.23050183,1.0638758,0.81526864,-0.69944304,-0.9865325,0.1538849,-0.24713638,0.6724472,-0.8660849,-1.2225558,-0.33643535,0.46347418,-0.5236491
31197507,1.4046153,1.5908217,-0.41939667,0.52551097,-1.3443285,0.72893643,0.41036734,-0.84820396,1.6809691,0.12587897,0.68235403,0.5976727,-2.174836,-0.3592276,-1.1340822,0.04527422,-0.8298237,-0.68342274,-1.2330835,-1.0517671,-0.4310265,-2.3629189,0.5250569,-2.3430333,0.6195307,0.4743677,-0.67845035,-0.79022056,-1.1568164,-0.28718495,-2.4270055,0.35166612
31197541,-2.8008578,1.7091149,0.37765616,-1.9705546,0.23268168,2.716939,-3.5326557,-1.5705655,-1.9648455,-1.0935615,0.29456913,2.2309623,3.3514295,0.028259099,-0.51488215,0.42178586,2.745444,-4.0474877,-2.4872284,-0.22802636,-0.9246443,0.3602711,-1.6164784,-0.6371158,-1.6067834,-2.9462159,1.0008738,0.78695303,-1.9659775,-0.74167454,-1.878613,-1.3276595
31197641,-2.013532,0.8514794,2.020078,-3.337119,-2.3343399,-1.57149,-0.029809419,0.5140328,-2.2916367,0.29230344,0.6288524,0.76082784,0.9888995,-3.971516,2.4714913,-1.1213673,-1.3862233,0.58865577,1.5437797,-0.23773694,2.1966913,-2.5565543,0.8849415,0.34842157,0.06041659,2.7189093,-2.568886,1.9947885,1.1241617,1.0842307,-1.1388737,-0.31373557
31197644,-1.965321,0.9840534,0.51051724,-2.539133,-1.0378058,-1.062766,-0.46539494,0.16549328,-1.9789257,-0.83005524,0.14150372,0.30355096,0.427748,-1.9363688,1.0002043,-2.2664204,-0.31656608,0.76428914,1.6021625,0.7167489,0.62273926,-1.8073776,0.84785247,-0.15499698,0.034665298,1.7142063,-2.3109994,1.9968734,0.9276926,0.55353516,-0.43331003,-0.43684873
31197681,-1.6390799,0.98668945,0.35725144,-2.8312092,-0.6409315,-1.3531588,0.12350072,-0.016047556,-1.9899731,-0.88119894,0.30642903,0.16823855,0.40126234,-1.6640679,0.9559409,-2.698413,-0.179004,1.5130976,1.2850391,0.51717854,-0.19648623,-2.189799,0.91725713,0.022415593,-0.19413586,1.1963726,-1.7763788,2.2449958,0.6423749,0.23192605,0.39151114,-1.4024249
31197775,-1.1994541,-0.56325346,-0.3986438,0.11938619,1.82791,-0.06680416,-1.4931321,0.93583155,-0.9700048,-1.4931688,0.9314826,-0.8685901,1.3223772,0.6789553,0.6689783,0.7966345,0.9980901,-0.72119087,-0.34108618,0.42232332,0.91950876,0.036986135,-0.48266882,1.385642,-0.74774027,1.130105,0.029782366,0.85246307,-0.6699867,0.280265,0.3313218,0.47159857
31197798,-2.3989844,1.1900299,-0.60956913,0.5379381,1.4203635,-0.22505149,-0.58479214,2.3561323,-0.3731196,-1.6438684,0.6965719,-0.9436764,1.6184142,0.7844476,0.62140644,1.5083305,0.88213325,-0.42085612,0.26917008,1.0471785,1.8126048,1.7977233,-0.4843399,1.6503551,-0.79143405,1.1960207,0.22099952,0.79995936,-0.2444194,0.06927785,-0.040532436,0.106152564
31197818,-1.4208709,0.09224044,-0.5360055,0.3463731,1.6971365,-0.39006183,-1.6533867,1.59964,-0.9661557,-2.2443604,1.2169977,-1.1745424,1.4721379,0.6806702,0.6167074,0.70486856,1.2547058,-0.94680536,-0.2946736,1.019877,1.2644901,-0.15698284,-0.7003836,1.2788577,-0.8958417,1.3976082,-0.18380053,1.092915,-0.35692117,0.6531936,0.55386025,1.0204959
31198127,-1.1261214,0.58768916,-0.18587273,-1.4263384,0.5739204,-1.0287658,-0.1219144,2.258947,-0.6264514,-0.74033445,0.43066433,-1.6359503,0.78467834,0.52158433,-0.43676317,1.4967912,-0.45911694,-0.77451587,-0.8763128,-0.78155595,0.33221427,1.7938604,0.61140406,-1.0754346,-0.49501458,1.3826373,1.3315111,-0.30291733,-0.409205,-0.40972042,0.62561965,0.33377534
31198128,0.49576828,-1.2843666,0.30343267,-0.90721273,1.0189258,-1.9505614,-2.214206,1.9845004,-1.3466208,-0.58498263,2.1143224,-3.3696935,-1.1019617,1.5329039,0.019986719,0.733008,-1.39264,-0.83802706,-1.872776,0.18775919,-0.12878373,1.0002123,0.6227275,-1.5283294,-2.5577307,1.653356,-0.1326574,-1.4204907,-0.5866647,0.061515894,1.6429211,1.0841693
31198190,-0.25747237,0.37220395,-0.65528935,0.6361538,1.5536608,-0.5806817,-2.1391053,2.0608168,-1.3460268,-0.38408136,-0.034089975,-1.0114375,1.15452,1.2020483,0.49345255,1.4716359,-1.2949594,-0.09877126,-0.62549746,-0.19009,0.91375214,0.7120768,-0.13978289,0.627751,-0.6253477,-0.24212772,0.09214331,-0.47260207,1.3214163,-0.3036031,0.45762122,-1.0002153
31198191,-0.7561784,0.4782738,-0.023188386,0.71867406,1.4830421,0.014789738,-1.0498325,1.3065664,-0.8482697,0.18588462,-0.31049708,-0.3465181,1.0988638,1.2061414,-0.232903,1.065266,-0.45889845,0.08808644,-0.24205014,-0.4323774,1.3182129,0.86859244,-0.3653409,0.9628444,0.02033122,-0.14112413,0.35040444,-0.36252677,0.7068936,-0.15222773,0.008939508,-0.96268404
31198205,-0.67124915,0.61375666,0.06234837,0.71082807,0.933578,0.22694764,-1.9976338,1.4068586,-1.0340458,0.0883675,-0.4655207,-0.5411811,0.6320017,1.0787189,0.14119801,1.3361737,-1.5163212,0.30357212,-0.29572085,-0.54848033,1.2314274,0.79935884,-0.43759543,0.77899545,-0.28285256,-0.80879694,-0.15171362,-0.79994684,1.6371045,-0.3566991,0.24621704,-1.2205817
31198221,-1.5606381,1.721717,-0.6717781,0.38930792,1.272252,0.12723675,-0.87053734,2.440865,-1.2031646,-0.20520283,-0.017318716,-0.42673597,2.28224,0.8875462,0.07952934,2.305223,-1.3963094,-0.037194207,-0.43754503,-0.762168,1.6477206,1.9273906,-0.17991458,0.8584285,0.09932308,-0.0753376,0.75511795,-0.17073949,1.5064278,-0.5097529,0.31395587,-0.7200472
31198301,-1.347498,2.3393285,0.3409019,-3.9200935,0.5958972,-1.4336741,1.9977136,2.460614,-0.39865077,-1.4940453,2.5092,-2.942095,2.0372188,-0.84708065,-2.3939056,0.41592184,2.3726215,-2.7026238,-2.041795,-1.6817824,-0.14008102,2.2766,2.3389037,-2.6293783,1.3492252,4.3954134,2.8951743,0.47628054,-3.524005,0.22864623,1.0612484,1.0432767
31198372,-2.4772472,4.433598,-0.78433555,1.4993522,-0.13921905,-0.7997588,-1.0600865,-1.8012329,1.7196031,1.3583518,0.61949456,1.9285998,-0.4065673,0.9203261,-1.3365802,-1.1187173,0.46949387,-3.2835166,-0.23476894,3.1061676,0.87644213,-3.5485752,-1.5736086,1.6875892,0.8931224,-0.7321751,0.5280054,1.5906512,-1.1443988,1.5584677,1.6419922,1.8742844
31198462,0.0009763427,0.5559792,-0.76592165,0.45566913,0.07649878,0.2959597,-0.27499208,-0.09761696,1.2353292,-0.62895066,0.51626974,0.5711456,-0.5238216,-0.7899203,-0.7410536,0.08974129,-0.107211575,0.06645354,-0.12867793,-0.7466603,-0.4427662,-1.0411943,0.17639804,-1.473319,0.47215304,0.11231819,-0.71066207,-0.5825333,-0.49329826,-0.4676966,-0.8273642,0.70545626
31198527,1.6801927,2.4998639,-0.90174454,-0.9753045,0.24409668,-0.15981472,0.94478077,-0.048678342,0.76979405,-0.27534398,-1.6029607,1.7241119,-0.13900557,0.5828369,1.9056748,0.7138793,-0.27750048,-0.64552957,0.8470146,-0.5719152,-2.5804703,1.1866432,-0.28167972,0.8785469,0.743685,-0.33707723,0.88728523,-0.33075896,1.6366276,0.2692019,0.6176669,-0.8209188
31198536,0.932939,1.4103794,-0.26708272,-0.12291267,-0.8235139,-0.25377372,-0.007584881,-0.5170639,1.3291819,0.4845467,0.62310654,0.42179847,-2.012387,0.09016085,-0.21644282,-0.3385678,-0.43688965,-0.26270327,-0.87632334,-0.5767247,-0.53553754,-1.9673222,0.8588514,-1.7712787,1.0147111,0.18931895,-0.9282277,-1.2307092,-1.2575604,-0.7614854,-1.4926298,0.10586313
31198559,0.83130634,0.86862755,-0.42393246,-0.019200705,-0.82653326,-0.40988004,0.2523927,-0.26811922,1.2343973,0.3602074,0.37101275,0.3276515,-1.9895904,0.4262823,-0.19185269,-0.19913092,-0.23011415,0.019927047,-0.58568,-0.9312834,-0.5770997,-1.6980976,0.8550696,-1.4067997,1.2176338,0.075276375,-0.6689213,-1.2809104,-1.2838308,-0.7168735,-1.4146712,-0.323821
31198568,-1.078881,1.527297,0.0739547,-1.4952396,-0.04280057,-0.48459098,-0.01028344,1.7747573,-1.0018449,0.21102302,0.6290523,-0.99069023,1.2425005,-0.16487356,-0.1252824,1.6380806,-0.5028106,-1.1733657,-1.2884034,-1.3619163,0.36050567,1.7786634,1.3434857,-0.5200429,0.39720762,0.9718598,1.4289708,-0.58817804,0.3398793,-0.23542076,1.0326014,0.49847353
31198594,1.9284191,0.71882707,-1.386019,0.083637774,-0.89358836,0.6063929,0.9139829,1.1536707,0.094670296,0.73661906,-0.37808508,0.86490434,1.2846222,-0.07724236,0.63555443,1.0884615,-0.81568265,-1.1072043,0.88703626,-0.14273706,-0.98366565,0.66781527,-0.37987363,1.2721928,1.8917115,0.013941752,1.0822309,-0.5183999,1.0310243,0.9803119,0.2193652,-1.4763302
31198668,-0.5369862,3.4979901,-0.9673103,-0.09688936,0.4730714,0.8556808,0.19015971,-1.1283684,0.97387064,0.033671863,-0.53557444,0.7691526,-2.2416863,0.2892028,-0.34487405,-0.6828237,-0.70782846,-3.7076805,0.39230746,1.3630075,1.2285217,-3.4049933,-1.4716239,2.3321586,0.81480795,0.24936241,0.5673726,-1.3126363,-1.1363895,2.2277458,2.1729276,-0.46569285
31198687,2.0860221,0.4580972,-2.5638103,-0.5284345,-1.7394817,0.23206055,1.4194959,1.8666675,-0.61529946,0.93263596,-0.90584415,0.66295296,1.738724,-0.464931,0.92232496,1.0628124,-1.458102,-1.1456059,1.2165157,-0.16867056,-0.7019459,0.72974735,-0.085702494,1.4197634,2.755736,0.38804704,1.2397084,-1.519898,0.7697549,1.1228625,0.44602895,-1.29413
31198733,-0.7774309,2.0709252,0.036012474,-2.4980795,0.33015525,-1.5527614,1.0471286,2.937826,-0.69083565,-0.64491564,2.1199167,-2.8627198,1.9725943,-0.032997098,-1.189105,2.5477576,0.473012,-1.8853874,-1.8504823,-0.9539484,-0.10556265,2.8257575,2.4335816,-1.7309023,0.37834087,2.6243129,2.4036417,-0.2600541,-1.1478149,-1.0446908,2.0410807,1.5045506
31198875,0.849909,-1.0606904,0.38817433,0.5747553,-0.7293011,0.88962924,-1.288122,1.1798798,-0.46774083,1.2201017,-1.3323225,0.74666834,-1.060761,0.6543845,0.61717826,-0.6939163,-0.98097086,1.3768656,-0.24480128,0.40865737,-0.88978356,-0.30716908,-0.374275,-2.6939957,0.31855953,-0.34566513,-1.4005562,-0.8170467,0.20675167,0.10123214,0.5200816,-1.6969367
31198942,-0.7332568,0.9758104,0.9563507,-3.3171105,-0.43916407,-0.3128973,1.2263463,0.59132105,-0.7241398,0.3820765,1.9778758,-1.4286398,0.19237733,-1.5475706,-0.99663115,0.7253881,1.0119743,-2.0536664,-2.0650225,-1.5823681,-0.49708983,0.84937805,2.5507333,-1.9252611,0.58997715,2.219295,2.4346445,-0.9681493,-2.045913,-0.2884071,1.3078551,1.0762832
31199227,0.081543386,0.28769505,-1.4389125,1.9735627,0.29104283,1.8397664,-0.32612926,-0.4880347,1.8757193,-1.7642175,0.25597444,0.97038716,0.3217031,-2.5031538,-2.0582664,0.637513,-0.0075789243,-0.58441824,-0.16084667,-1.0327375,-0.36729077,-1.6249974,-0.56689507,-2.2834797,-0.018266812,-0.25294936,-1.2209967,-0.45909455,-0.1619115,-0.06366642,-1.3747883,1.3265723
31199682,0.10749207,0.5736989,0.1154595,0.73089904,-0.5411501,0.2611916,0.7138679,0.64408624,-1.417906,-1.0403144,0.10993856,-1.6535083,0.11482839,-0.13481456,0.14744698,-0.42860964,1.2980441,-0.98597306,0.4552119,-1.3449928,-0.6449325,0.29444706,1.2349688,0.37827092,-1.0247709,-0.94944006,-0.2513604,-1.2140781,0.24759932,0.21323612,-0.64821553,-1.4787854
31199984,0.26140293,-0.34985012,-2.1949377,2.5037832,0.39945176,2.1825666,1.2493364,-0.2441766,1.9601899,-2.138538,0.004510287,0.15294456,0.8001001,-3.6123943,-1.7531238,0.58386666,-0.07350914,0.796561,0.47980002,-1.9138894,-0.5831962,-1.0814377,-0.4185394,-2.1738558,0.28360817,0.16163866,-2.103682,-0.6646201,-0.07514979,-1.1813592,-1.4811482,0.84364927
31200075,-1.1858094,0.027266428,-1.6675115,1.8525869,-2.4407823,1.1126361,1.2548699,-0.18803282,-1.415368,-2.0381732,0.5888212,-2.119905,-1.1802695,2.3195777,-0.8763031,0.0011805259,1.9962813,1.0573256,1.305719,-0.78386426,-0.9983036,0.71179676,2.2355022,1.1257603,-0.86882067,0.7531841,-0.07697474,-2.1134071,-0.49028227,1.0166014,1.1303484,-2.5812633
31200078,0.70859754,-2.0429022,-0.17177314,0.24112129,0.9641588,0.43444294,-1.9774528,0.93154645,-0.009599404,0.03557072,-3.1348362,1.1113904,-1.0215865,-0.5501966,1.2745136,-2.7192926,0.40775952,0.39307594,-1.030835,1.3798059,-0.79054993,0.0637465,-1.3193519,-0.91924167,-0.8245415,0.5162007,-0.8857732,-0.5721942,0.21290138,0.18438911,0.17195758,-1.0136225
31200144,-0.19939062,0.16884431,1.319419,-5.1664762,-0.01669873,-2.0036304,1.2680635,1.4857923,-1.0397224,-0.5165378,2.8205047,-3.3365047,-0.72090024,-1.4041371,-1.6612961,0.58221394,0.738462,-2.9966788,-3.276187,-1.7603288,-1.6391976,1.5274156,3.4281096,-4.2915816,-0.04194747,3.9825234,2.922433,-2.1502059,-3.1368906,-0.3942023,2.055695,1.6903987
31200173,-0.32211366,-1.5937489,-1.9497898,-0.34921753,0.016581062,-0.079175,-0.24047372,-1.282097,-1.0118691,-0.9586594,0.81080514,-1.6986061,-2.4553444,0.8454412,-0.5706451,1.8018898,-0.15398821,0.66083443,0.10621622,1.0957572,-0.95386726,-0.51713896,0.693803,-0.8282956,-1.1237943,-0.36766386,0.5420567,3.0202768,0.72173554,0.70803696,0.5998478,1.105338
31200346,-0.6765594,0.16122295,1.895858,0.37824708,0.7583244,0.19235957,-0.84947205,-0.57816625,0.59262526,1.8556687,0.9927954,0.1862671,1.7866745,-0.1298019,1.5013057,-0.5193177,-0.24908897,-0.14550102,-0.86977345,0.5705874,0.8165823,-1.3783039,0.059427615,0.2822259,0.18814358,-1.1054447,-0.48836038,0.6914428,-0.6785757,0.7233064,-0.59678733,1.3849885
31200471,-1.2655404,-0.5052304,3.4827137,1.462471,-0.5761792,1.107484,-2.2823117,-2.1140075,1.5694195,3.4612265,2.4221406,0.3506877,4.225442,1.5622802,2.226464,-0.075910166,-0.27312535,0.8387795,-2.1855843,1.8256078,3.0943937,-2.616074,0.6830229,2.086087,0.72287196,-1.1797347,-0.32886,1.7715446,-2.6196654,0.94102716,0.44109553,2.6186655
31200847,-0.11422586,3.6763005,4.0308895,0.025251966,-2.9958034,-0.1952876,0.70539606,0.42227736,0.8710358,-0.3833705,0.76649106,-2.2103662,3.7511256,0.69625586,0.7808574,2.6468146,-0.45142666,0.41619357,-1.5673072,-1.8816248,2.3797102,0.50518966,1.0801756,1.5455573,0.18740264,-1.2116966,-1.9608318,-0.04174884,0.433526,2.2182994,1.9275382,-2.347836
31200997,-1.3070182,1.0351228,0.42657435,4.4931793,0.70412475,0.119286224,1.2039052,-1.910281,-1.1219419,-3.516432,1.119577,2.420621,-1.2780255,-2.0999813,0.9238551,-0.5354197,-0.85322744,-1.0258857,-0.7974749,-0.45287842,-0.96431744,-0.24318016,1.779491,-0.29879975,0.09429123,-1.9400544,-1.977236,1.5496348,1.6779372,3.390279,-0.45869258,-0.21720728
31201034,-0.542266,2.5727494,2.094741,0.80528206,-3.8735456,1.2239089,1.8109487,0.013456617,-0.17332476,-1.8816026,1.0603685,-3.4181361,1.8911494,3.025618,-0.062528685,1.6077613,1.0173355,1.3100635,-0.25619918,-2.802811,0.99002254,1.1202704,3.0603175,1.7545068,-0.8089202,0.83396775,-1.2456808,-1.667421,-0.07371227,2.5086477,2.9876313,-3.6714902
31201233,-0.3129382,-2.6872308,0.9765832,-1.3057544,1.1209633,0.60062844,1.9516479,-0.7296908,-1.6614243,-3.0793834,0.12294121,0.07550421,-2.177165,1.043791,-1.6385018,2.4330726,0.19497861,0.50075126,-0.29607114,0.8873157,-1.6127523,2.089384,1.6691829,-0.19737096,-0.095123604,-1.0296257,0.5284364,3.3578446,-0.2616062,-0.0059172586,0.70168555,1.779974
526781579,-0.81059635,-0.32404387,-1.1975594,0.8026492,-0.4529482,0.6528153,0.75300336,0.3975153,-1.7196392,-0.66273457,-0.33612156,-1.3560237,-0.9403006,0.30880907,0.3486399,-1.774366,1.2277664,0.16748977,1.0847512,-0.70526093,-0.9994572,-0.48678398,1.5739737,0.15384004,-1.0598842,-0.8320883,-0.71377146,-0.9264013,-0.638646,0.5626954,-1.5646213,-1.58588
526782173,-0.059887502,0.56912273,0.8085236,4.1973243,2.0362165,-1.3040814,0.36361495,-0.6699236,-0.7041666,-1.7731589,-0.800765,2.5632393,-0.5646278,-1.4905618,0.60156095,0.46622905,0.68561846,-1.3939482,-0.22659697,-1.0062717,0.59264266,-0.15964136,2.7776494,-1.9495194,0.24351129,-0.32780835,-0.8488542,2.0345185,1.5484637,2.3619108,-1.3908471,0.29210216
526782843,-0.6187242,0.5635401,-0.050579004,0.28192037,-0.68181264,0.6977566,-0.123445734,0.15332578,-0.041724786,0.14858136,-0.5106084,0.8045549,0.036854424,1.1572796,1.7587731,0.5239264,0.056515545,0.43799943,-0.36964774,-0.1925826,0.69448465,0.6901387,0.038950033,-1.3161066,-0.4273654,0.040887795,-0.2892759,-0.46982414,-0.46890882,-0.4678059,0.66322803,0.03381943
526786562,-0.24241221,-0.29762483,-1.9932361,1.2558627,0.17582595,0.8720306,0.83032084,0.83624613,-2.5983405,-1.3005672,-0.44486976,-1.5863067,-1.3732439,0.013641894,0.14676803,-1.8003181,2.2796497,-0.3498771,1.3568491,-1.0767757,-2.0603735,-0.27377266,1.773735,0.17456168,-1.5551881,-0.99147564,-0.3303212,-1.8208275,-0.7095814,-0.046741895,-1.954126,-2.2536836
526787997,-1.5116125,0.69083416,-1.3746908,-0.9479461,1.6327211,0.77486354,0.18766083,-1.4125344,3.9110456,-1.8317242,1.2701946,2.4939044,-1.4311606,0.37733442,0.5706092,0.49958408,-1.75827,-1.4412231,1.3490205,-1.5145476,0.22355728,-1.4112474,-0.9731983,1.208784,-1.8265345,1.045654,-0.13826753,-0.74960375,-1.0476038,2.4365754,0.55758,1.0645294
526788552,-0.47936344,0.3351804,-0.49483362,-0.053172074,0.41169548,-0.5156498,1.4725682,-0.08340453,1.2645172,0.3849922,-0.950664,-0.5246572,-2.7296388,0.26804572,0.623543,-0.41733253,0.010798171,0.8032984,0.7769945,-0.6353134,0.8532629,-1.4830668,0.6971438,0.23509836,1.2896487,-1.0110828,-1.5790167,-0.8371176,-0.75488096,-1.0868509,-0.70623606,-1.6927136
526788673,-0.0312975,0.29647923,-1.1759038,0.7486014,-0.28370452,0.297473,0.48984253,-0.01225201,1.6284631,-0.7407876,0.5293281,0.36214688,-0.9212514,-0.96070987,-0.9840237,0.55815977,-0.20434166,-0.054442294,-0.007698763,-0.78516245,-0.10417189,-1.1610974,0.44065174,-1.352795,0.7077638,-0.33285788,-1.1954025,-1.0218943,-0.36647025,-0.40953988,-1.6601578,0.5416812
526788796,-1.2138606,1.2837647,2.7632449,-2.930311,-2.982651,-0.49903488,-0.53198165,0.42481926,-2.2685518,1.086181,-1.2383491,-0.38420263,0.81410986,-4.6067214,3.2282424,-0.81598306,-2.3017433,-0.3657795,1.8129189,-0.67904913,2.536196,-1.524234,1.2173629,0.4289816,-0.09744747,2.920636,-2.8709702,1.8590733,0.58080685,0.6537625,-1.6056402,-0.13828143
526789052,-2.1341944,1.3945326,3.0525255,-4.1525683,-2.497078,-1.0536268,-1.1726443,-0.3352197,-2.1056237,1.4575272,1.0406033,0.7272682,2.0599084,-4.0414314,3.9381258,0.017811952,-1.5394137,0.8932786,2.4149466,-1.5482433,3.4742181,-1.9371755,-0.05886458,1.5975147,-0.37225676,2.46403,-1.8559244,1.2017417,-1.0544194,1.8954468,-1.2541996,-0.064878255
526789074,-1.4955584,1.6812847,3.1253526,-3.97144,-2.753664,-1.547751,-2.213022,-1.2364844,-1.6218578,1.7654804,0.76429135,0.71862376,3.085049,-3.5518768,4.4030895,0.58767104,-1.8352883,1.0674436,2.6478984,-2.0158367,2.6180475,-1.6564853,0.117811844,1.8299129,-0.63825965,1.9060023,-0.71804184,1.4931583,-1.4105145,1.1457909,-0.7947498,-1.1535815
526789570,-2.350559,5.7076154,0.5555623,1.595063,0.3626065,-0.76638424,-1.3098744,-1.251672,1.3755783,1.1768371,-0.3961288,2.2249486,-1.2533419,1.0462295,-1.6113867,-2.2200706,2.050954,-4.658988,-1.0846416,4.1835637,1.3317267,-4.0022326,-1.3718187,2.5077639,2.506774,-0.7574649,0.7580091,1.6641634,-1.306277,1.3796545,1.6883348,1.3236783
526789799,0.7459728,-0.9756918,1.9696974,-4.354725,-0.44588903,-3.003677,-0.9420546,1.9585279,-1.8736231,-0.13144808,2.7106597,-4.779944,-1.887924,-0.6912478,-1.4822031,0.9744773,-2.0561705,-2.5097036,-4.1601343,-1.0664886,-2.1031337,0.527488,3.6704874,-4.7032957,-1.012713,3.3631744,2.4486148,-3.2547596,-1.7679883,-1.4238443,2.162151,1.5465337
526792415,1.3880683,3.2198987,-2.804393,-2.7302134,-0.5996095,-1.8633099,2.0284848,-2.0039027,-1.0838299,-0.7675006,-1.0967759,-1.1987984,1.536815,-1.987074,0.95896536,-0.54386383,-0.7126129,1.7998805,-0.24435483,1.5030249,-0.5036075,0.04334992,1.8409885,1.3427199,0.43089008,-1.8869935,1.884313,0.18585093,-2.307436,-0.5020148,1.4171052,-0.30650666
526792430,-1.3218642,6.0032144,0.8590758,0.7876389,0.29708377,-0.9069437,-2.1860209,-0.3506696,-0.12091133,1.8836384,-1.9998628,0.7589374,-0.9393958,1.4569005,-1.8988192,-2.284571,2.6654308,-4.2279882,-0.3529077,4.728207,1.3750292,-4.989279,-0.9993944,3.1454735,2.7059035,-0.7509877,0.4952474,0.7716562,-0.67836386,1.2772764,2.69311,0.43791926
526793217,0.8722831,1.865867,1.84884,-0.84349656,-1.8550373,-0.34196615,-1.339976,-0.71392554,-1.6438223,1.0910103,-2.8120406,-1.7074412,0.5916018,-2.2776268,2.4725735,-0.46222457,-1.361231,0.40634564,1.5818967,-0.5254415,-1.1709554,-1.06709,1.4216471,0.53124523,0.49061155,0.6675379,-1.1511384,2.6593843,-0.6157725,-0.2179322,-0.2184546,-1.2296664
526794655,0.9150225,0.4901203,-0.5705665,0.060126655,-1.3659687,0.22259498,0.7285849,1.2733548,-0.34699205,1.2169971,0.13035408,1.9576514,1.207484,1.1896867,0.47735047,0.9188775,-0.5177367,-0.7836136,0.71573836,-1.0191785,-0.37127674,-0.07347185,-0.6191815,1.5062997,1.5635976,-0.23880628,-0.2823526,-1.2279925,1.1837424,0.66552675,-0.054837152,-0.33274692
526794922,-3.642636,2.1450105,0.10157992,-1.3957787,0.45242745,2.9853146,-3.7248678,-2.7105474,-1.8723233,-1.5307428,0.030088019,2.7864094,3.5402513,-0.6792131,0.24885476,0.81816906,3.5043054,-5.58241,-2.8331373,-0.27127466,-0.95536417,1.014723,-2.3655136,-0.024634331,-1.7434442,-3.8781574,1.3737863,0.04255183,-2.1246996,-1.5013235,-2.0909169,-1.2159871
526795209,-0.97150135,0.65873605,-0.5435666,1.6554918,1.242,-4.036255,5.1430163,0.27182937,-2.621875,0.9193941,-1.9834744,1.544718,1.4194112,-1.6969215,2.2999043,-0.69988394,1.4577558,1.6238874,0.19793218,-1.2558225,0.23245254,0.09667627,-1.0217943,-1.5242944,-3.715257,-0.21759158,-6.039206,3.012259,3.8201137,0.7291556,5.126624,0.7367623
526795291,-0.4103531,0.81779575,0.2344837,0.5572098,0.34942618,-0.3205293,-0.07957034,-0.20867634,0.6799482,0.14751643,0.5323104,2.0673606,-0.13417774,1.276972,0.20487788,-0.291757,0.52938545,-0.75526077,-0.08977257,-1.1385322,-0.99263734,0.37182984,-0.235081,0.94067866,-0.8556789,-0.39104605,-1.2094598,0.27932912,1.0766362,-0.12094079,-0.41065276,0.6273693
526795436,0.99461687,1.8253753,-0.8008532,-0.58596706,1.1250525,-0.62014884,0.644042,-0.75631803,0.80070275,-0.895981,-0.9865737,0.9186993,-0.6145951,-0.52423596,0.8593897,-0.7732249,0.32127577,-0.5514887,0.04774966,-0.33364493,-1.5517799,1.7070991,0.5078817,0.6595008,-0.40699413,0.30796072,0.6871976,0.28237364,1.9386407,-0.94607294,-0.06618329,-0.4081272
526796389,0.6698581,1.9855398,0.105432786,1.8180376,1.2674999,-1.9622312,1.4592258,-1.6555659,-0.842485,-2.3934572,-1.2352617,1.3677826,0.22810175,-2.498195,0.47041625,-0.26280537,-0.5583828,0.6008241,-1.2297906,0.2234049,0.13959605,-0.16459215,2.861205,-0.31827837,0.3266881,-1.9443036,-0.35624856,1.815698,0.6995364,0.9000054,-0.051078662,-0.33291018
526796678,-2.1963823,1.1657559,-0.6587577,1.3796871,-0.0042959377,0.17671078,-0.9740591,-1.0856677,2.3936088,-0.69734466,0.82690716,2.6154897,-0.83450073,-0.32679224,0.16890642,0.576848,0.40473884,0.6834296,-0.8151499,-1.3018281,-0.4454189,-0.42661464,0.47141352,0.5886488,-1.071987,-0.122196764,-0.5638014,2.1668313,-1.432817,0.65401745,-0.35083807,0.9273348
526796818,1.6198179,1.9592786,1.0242743,0.34035948,-1.4182776,0.3399002,1.0126934,-0.7653784,1.5145767,1.2591308,0.89451456,1.3511791,-2.576142,-0.17385118,-1.7066711,-0.1684452,-1.1373813,0.19909081,-1.6504852,-0.11483615,-0.69446826,-2.7599988,1.1337353,-2.5060756,-0.5618572,0.3347794,-1.5800118,-0.9625148,-1.4327254,-0.6047269,-2.9590232,0.65464145
526800077,1.5183583,2.1394937,-2.111913,-1.1519022,0.5558941,-2.129453,1.7772695,-1.694803,-1.5892215,-0.7347545,-1.2783363,-0.76910037,1.1516203,-1.6637518,0.3690955,-0.6436093,-0.27558115,0.051649235,-0.8199597,1.0183452,0.5583621,-1.0047563,2.9934483,0.9725534,1.0397232,-1.2511774,1.2270274,0.592585,-1.9060404,-0.47358638,1.4378924,-0.11592338
526801257,-3.6663454,4.537201,-0.93428206,1.1495672,0.88102627,1.5672845,0.100038424,3.1970103,-0.5003191,1.1502197,-2.1750348,0.94858885,3.8414893,0.6053466,-0.09879961,2.4616585,-0.57823855,0.46950746,0.3256923,-1.4467528,3.0842094,3.9666858,-1.0322456,2.491717,2.3254669,-1.3825859,0.792108,0.5556889,2.4620447,-0.9556526,-0.706993,-2.5103488
526801493,-0.61976635,3.2496858,0.33177668,-0.6516242,5.3150306,-0.33725446,0.46272206,-3.6324453,3.3976402,-2.6979663,-0.9161778,1.3088232,-2.917576,0.30454263,1.8848726,-0.9018683,0.96083593,-0.8767708,0.7699391,-0.39361554,-3.0909004,3.5518978,0.5319825,-0.5121395,-3.7989028,-0.79295486,1.1629869,2.4784067,3.9580379,-2.5020485,0.5997497,0.024711512
526802471,-0.45970803,3.3398418,-1.9788688,0.4018232,6.4123263,0.60211366,0.6377225,-5.4685216,2.3261368,-2.3374631,-0.8969794,1.4611115,-3.2035773,2.60907,2.3367774,-0.34368533,0.7411226,-1.3729193,1.096431,-0.187226,-1.0476948,2.5578146,1.5815778,-0.6013338,-4.327857,-1.9935524,1.2575458,2.336826,4.6366863,-4.487881,1.0552391,-0.8770577
526804172,1.3809124,0.55629843,-1.5634061,-0.03406676,0.68010116,0.36280578,0.90711844,-0.42882475,0.37377602,-0.37255442,-0.017328814,0.6427931,0.53471094,-0.11071682,0.5993181,-0.1844834,-0.43627864,-0.94071716,-0.026339766,-0.2603988,-0.13827734,1.2796456,0.1890518,0.84988654,0.5394664,0.20375632,0.6721383,-0.061125558,1.4482161,-0.5016285,-0.19389522,-0.99847174
526804289,2.1907206,1.0885915,-1.6690506,2.1203904,-0.82063895,0.6680491,1.464623,1.2399049,0.65547425,2.5827162,0.6213944,2.8817,1.0347872,2.7524297,0.5867869,2.443681,-0.7865139,-2.06171,1.4695648,-0.470953,0.269134,-2.217683,-0.6458813,2.7389123,3.0330043,-1.3861591,-0.096013315,-1.2341642,1.8795029,2.0534692,0.9189328,-1.7158067
526804691,-0.20439899,-0.2805082,-1.1528919,0.220171,-1.33108,-0.37238607,1.6562966,0.5993489,2.5602884,-2.4335294,-1.08095,0.05146998,-0.7237489,0.6433129,-0.011775052,0.781403,0.958793,0.610305,1.2082297,0.42759278,-0.046815205,0.42590886,0.973724,0.7950319,0.8823833,0.7382029,0.17970783,-0.25090414,-1.0593238,0.10724413,-0.13159202,0.32209936
526805232,-0.36624238,1.449365,2.6235907,0.36920676,-1.6933916,1.1513644,-0.18730803,-0.36598474,0.031906042,1.314983,1.0625194,-1.202103,2.7704725,0.97517496,1.068878,0.765568,0.6570134,0.23064777,-1.4511427,-0.7071187,1.7474129,-0.047426417,1.8191303,1.548563,-0.44874054,-0.48860106,-1.372665,-0.14548288,-0.5002813,1.8689948,1.305312,-1.2692417
526805467,-1.6571814,-0.3298129,0.037448388,0.5319592,-0.8038267,-0.48569795,2.4125912,0.5398692,1.4846898,-1.2475667,0.710828,-1.0268316,-0.9008705,-0.8204078,0.50827795,1.5414436,0.26338062,1.3422607,-0.37263325,0.34456256,-0.26205036,0.7171981,-0.19245413,1.4839506,0.46795732,-0.79217434,1.9963279,1.4034392,-0.6088207,0.29308608,0.30729127,1.1786294
526806491,1.6880344,-2.2117965,1.9010149,-3.0764127,0.41060206,-2.5106173,-1.7609581,0.86853933,-1.7054355,0.5859012,1.7414166,-3.782221,-1.5468528,0.4575244,-1.7216147,0.8586474,-0.82123876,-1.789485,-3.407676,-1.7330484,-1.3869362,0.33543548,2.495919,-3.0644166,-1.9027363,2.04673,1.0847311,-2.6710725,-1.2741792,-0.46973884,2.119222,0.5047829
526806793,0.52171445,0.5049351,-1.0482634,1.0420274,0.42079177,1.3211552,0.96670014,-1.0842329,1.1873618,-1.6711705,-0.36103523,0.54656714,-0.4818749,-1.8537494,-1.1436943,0.29934132,-0.31648982,-0.35810006,-0.3997345,-1.5649271,-0.4654551,-0.9531697,-0.07413081,-1.8180205,0.3294895,0.13607286,-0.54504275,0.023036793,-0.38875017,-0.0060459077,-1.1593018,0.4185812
526806833,-0.32395032,-0.35905635,-1.0613185,0.52606046,0.525242,1.5437727,2.4485486,-1.525969,0.3646494,-1.0667229,-1.9189712,-1.3731568,-1.2296762,-1.0071338,-0.08675307,0.13943934,-0.24788503,0.66305363,0.81982505,-1.8268087,0.8102687,-0.27730235,0.5911549,0.98424464,1.0468407,-0.08892173,-0.11387282,1.2006413,-0.016661497,-0.16850062,-0.083997354,-1.9017353
526806940,-0.04961675,0.43488634,-0.68122184,0.1799306,-0.08912672,-0.31989312,1.6898469,0.09272159,0.90060616,0.1507195,-0.45296973,-0.13715392,-2.5160453,0.09658157,0.092496544,-0.0166701,-0.1513323,0.51298463,0.8084804,-1.1308085,0.48853675,-1.9473752,0.6765535,0.2989542,1.1072513,-0.4448856,-1.765938,-0.9607119,-1.3229713,-1.032453,-1.1130354,-1.1641111
526811997,-0.80769694,-1.4153539,1.2662541,-0.30820563,-0.9642999,-0.38574925,2.3459065,0.94402194,3.2372282,-3.4936585,-1.3466941,0.5945512,-1.4430209,-0.07764094,-0.11053387,1.0343329,0.48901537,0.54926294,-0.0504224,-0.58495516,-0.5879483,2.060991,1.2136072,2.0656185,1.5302439,0.38017595,0.41035694,0.54657507,-2.7586055,-0.066018976,-0.06271934,0.43860063
526812318,0.641076,-0.6326233,1.1377608,-3.4105158,1.166982,-2.0898817,-0.3403685,2.010283,-1.8136934,-1.7534361,2.5637937,-4.0023494,-0.5225153,-0.07628532,-0.6660664,1.3660246,-0.13685054,-2.107632,-3.2081485,-1.2020813,-1.0009086,1.0597115,2.1967485,-2.6927276,-1.4564079,2.9070692,1.4795089,-2.2915678,-1.8049011,-0.28144896,2.020394,1.4522746
526813735,-2.1096141,6.5867596,0.7110068,0.86367476,0.21520996,0.52788305,-1.1952953,-0.46434548,1.3244396,2.2066965,-0.56372106,1.6766385,-1.1722316,1.6409507,-0.6738292,-2.765877,2.511389,-4.1922245,-0.20110743,4.5614667,0.9421494,-4.1222577,-1.7396699,1.764672,2.1468422,-0.27341956,0.9439705,1.2443358,-1.7472764,2.5210998,2.6331882,1.0729243
526813736,1.2395998,3.293046,-2.8854907,-2.4668787,-0.97381365,-1.8021005,2.2534306,-1.5314114,-1.0160811,-2.1210015,-1.0164156,-0.68444026,1.3808264,-2.98483,0.4532743,0.22758405,-1.4379668,3.3237143,-0.34599397,2.5284843,-0.16162878,-0.14244804,1.232419,0.747482,0.15148824,-2.0850687,2.1056376,0.1647922,-1.7142944,-0.17554408,0.14271829,-0.5333002
526815305,1.2945681,0.6246498,-0.85462666,1.5082073,-1.8338795,0.8408685,0.6500379,1.5091774,0.31858763,2.2101896,0.61377674,1.8231485,1.1403079,1.9120394,-0.23657238,2.0428534,-1.0698053,-1.8155788,0.9151543,-0.84559834,0.012948852,-1.2915142,-1.0866773,1.8162137,2.3154953,-0.6138652,-0.09503422,-0.868293,1.0126537,1.8941747,0.25236705,-0.8910769
526818617,-0.7283195,-0.032450214,-3.0933568,1.3097754,-1.1274468,0.95295936,1.2409619,0.2262917,-1.7723476,-2.9332757,-0.44770312,-2.0219336,-2.0987902,1.7895893,-0.5590297,-1.3133826,1.8942814,0.87292916,1.6957474,-0.60941166,-2.6391032,-0.30746478,2.0872173,0.5020376,-1.2558061,0.27742067,0.27976155,-1.7056872,-0.55624354,-0.09110709,0.15630083,-2.5537322
526818665,-0.6603434,-0.13864207,-1.8844987,1.5049777,-1.4038723,1.0502461,0.62126243,-0.56349576,-1.499606,-1.8055018,0.47066796,-1.616386,-1.127377,2.0922923,-0.07529645,-1.0361587,1.739309,0.8852775,0.7534538,-0.361424,-1.290681,0.0016368628,2.08321,0.8000498,-0.7506758,0.13761328,0.33677453,-0.92223966,-0.92832226,0.54973084,0.799391,-2.1389043
526818692,-0.5038045,0.1144782,-0.6459077,0.85761404,-1.0246638,0.8506666,0.9178531,0.18658648,-0.9257536,-1.2382574,0.43917298,-1.5590454,-0.54311264,1.1586037,0.035646986,-0.8090666,1.5839053,0.044718236,0.552064,-0.4040553,-0.6693332,-0.5371583,1.439171,0.6495675,-1.0638252,-0.7138812,-0.10574832,-1.1808395,-0.7665519,0.6712523,-0.17182799,-1.462482
526819070,-0.43623304,0.3200146,-0.6048217,0.52506286,-1.4076822,0.61182636,0.9274527,0.35972625,-1.1200435,-1.6506491,0.50464356,-2.2233014,-0.20020099,1.3278385,-0.7887753,0.12446402,1.472591,-0.13113281,0.77046376,-0.84242135,-0.12437105,0.011179015,1.528526,0.62381864,-1.2470374,-0.27009776,-0.25123957,-1.6238166,-0.24231581,0.76820505,0.21578999,-2.2921212
526819569,0.54212993,2.5973558,-1.7266474,-1.5092413,-0.16353925,-1.6192385,1.940018,-2.1238937,-1.3334305,-1.138424,-0.8670235,-0.22452436,1.3132083,-1.9471282,1.0231979,-0.32494247,-0.48184568,1.9571488,-0.50906605,0.7268671,0.052918285,-0.43916,1.5596453,1.0496472,-0.11228026,-2.059766,1.195643,0.33418953,-0.83547944,-0.27000943,0.86566114,-0.36523947
526820925,-2.0638885,-0.5795501,-2.7689211,-0.3674996,1.0071497,-1.6028746,2.0639331,-1.8432164,-2.4296277,-2.0190349,-0.33238217,-0.1998881,1.8217572,-1.1689237,1.4825364,-0.6210401,1.0996782,3.3123744,-0.054985344,-2.2693083,-1.8102511,0.06808392,-0.8691016,0.15102327,-2.4336684,1.3705195,-3.2371256,1.276513,2.2188487,0.18562065,1.8567377,1.4344234
526822161,-2.23047,-3.2180793,3.190011,-0.78236544,2.6430573,0.3795315,4.463184,-0.6552993,-2.7536235,-2.8136287,1.8597782,-1.6703275,-3.1533818,-2.0910027,-1.3804086,3.3525376,-0.710498,1.257333,-3.6788387,-0.7015008,-1.2909563,2.2588859,1.9976403,0.9675654,-0.9578958,-4.6651597,3.2079713,4.3508534,-0.8339047,0.6995352,1.4755878,3.0745838
526824105,-2.4827955,4.085867,-0.19649686,1.9036402,-0.48572817,-0.056495372,-0.91995114,-1.3782752,1.1351854,0.8783677,0.08658442,1.6024545,-0.9570487,0.6300178,-0.28338102,-1.1972136,1.5468248,-1.9826562,-1.0105535,1.9360042,1.3522121,-2.059278,-0.81521213,1.1516545,1.1063995,-0.037926108,-0.5120825,2.0921767,-1.1654946,1.1665015,0.7214237,1.4070988
526826036,-1.0901963,1.4651614,0.9904692,-2.858933,-1.2220016,-1.755951,-1.9936839,-1.464862,-0.8867474,0.9954892,0.75996476,0.1552572,1.8941207,-1.519787,1.9201827,0.009649886,-1.1014836,0.99421406,1.6242276,-0.3492679,0.39326823,-0.6923952,-0.07877977,0.48271096,-0.46148968,0.89428735,0.04253937,1.4733874,-1.2419066,1.2339253,-0.5144037,-1.2615894
526829053,-2.543506,4.77165,-0.48804235,1.7934184,-0.40017754,0.16551042,-0.60119724,-1.4487321,1.390919,1.032328,-0.18393156,1.6283032,-1.607278,0.7441283,-0.3770603,-1.733254,1.2437423,-3.9906566,-0.40615597,2.9063573,1.5320691,-3.137592,-1.720321,2.099317,1.3599328,-0.7365313,0.10597478,1.3684025,-1.9993455,2.421097,1.4107289,1.2000637
526829735,-0.46056536,0.07749595,0.5688438,1.3580564,-2.2745109,1.1236725,-0.15139496,-0.51470476,-0.32930726,-0.6882906,1.4556278,-1.4967905,0.7549862,2.5464292,-0.8467239,0.50419736,1.3686023,0.7667187,-0.02328586,0.20066762,0.6017068,-0.09303209,1.4503592,1.9258497,-0.6493519,0.28512448,0.038463153,-0.8080169,-1.3898348,0.38285327,1.8454943,-1.3385068
526829966,-0.33975,-0.39949703,-2.2682006,1.5394934,-1.194686,0.93652993,0.95755905,0.36280856,-1.7390794,-2.3718064,0.23307978,-2.06538,-1.8271166,1.733348,-0.814895,-1.1384137,2.4532714,0.39627266,1.7544528,-0.80957603,-2.2073889,-0.05591099,2.2629018,1.017418,-1.7061281,0.095878825,0.74704725,-1.89391,-0.5835575,0.098089375,0.18430875,-2.7094328
526830180,-0.3009687,-0.4965166,-0.4344566,1.3281176,-0.5554054,1.0470939,0.18770969,-0.23395291,-1.4622108,-0.25208238,0.57562244,-0.74964833,-0.29020286,0.812422,0.32779986,-1.3237934,1.7804514,0.4903272,0.7042168,-0.0038383491,-0.5361455,-0.51381123,1.5985847,0.97633576,-0.85534805,-0.5562516,-0.17239267,-0.70872724,-1.1251256,0.41484267,-0.8377652,-1.3908877
526830537,-2.426699,4.106042,-0.33081603,2.7855372,0.7431207,-0.78136325,-1.0043895,-1.5980618,2.588622,-0.78807133,0.28864393,3.2667763,-1.1038779,0.18892574,-1.6585673,-0.5985174,0.3178545,-2.730782,-0.48788622,2.47827,0.6476854,-2.978768,-0.9674444,2.076852,0.3645353,-0.5667797,-0.13354929,2.1421463,-2.050594,1.6917652,0.077328205,1.9754033
526836101,1.4565781,1.607329,-0.5384236,-0.921193,0.39411938,-1.1269436,1.16071,-1.7014647,-0.9010709,0.6323654,-0.87459606,-0.8117095,1.0212805,-0.7426591,1.766778,-1.0638957,0.63909096,-0.2502792,-0.32554394,-0.77657497,0.45274985,0.1571505,1.9147621,1.8158857,0.43558872,-0.8672511,-0.12802012,-0.31177288,-0.6124801,-0.41894338,1.379449,0.48756257
526837828,1.909257,2.4482703,1.3132337,0.672857,-0.71009916,0.28979665,-2.0778608,-1.4621451,-0.07570228,2.1955576,-3.0845258,-2.8364973,1.3382783,0.47748512,2.1965177,1.2739826,-0.56942415,0.6011367,0.952321,-0.9385368,-2.9661615,1.3334525,1.0385954,-0.25202656,-0.4789015,-1.3595086,0.27817568,2.0516467,-1.1618453,-1.4590983,0.45457447,-2.4300635
526838654,-0.13059054,-1.3187163,0.9730758,-0.29656667,-1.2065656,0.004976861,2.3202055,0.47270235,2.4228845,-3.010486,-1.3782656,0.538846,-1.3440156,0.5499555,-0.48260656,0.8551233,1.3588699,0.6352281,0.33664343,-0.3265278,-0.23558816,2.003217,1.204728,1.663741,1.7925305,0.22164987,0.4093634,0.66028905,-2.1866179,-0.001726456,0.18626799,0.17398538
526838912,-0.18941002,-1.3751037,1.2801967,-0.33751914,-0.9278188,0.0049530566,2.6413772,0.45544174,1.4591372,-3.349012,-1.4582376,0.55201924,-1.1840285,0.9803988,-0.69286627,1.6885507,1.3557534,0.70898217,0.110407144,-0.034670882,-0.5649985,2.4984283,1.1212691,1.5889758,1.8347152,-0.05605848,0.47750947,1.4219661,-2.0374935,-0.030243881,0.3236224,0.15120631
526838993,-0.68663746,-1.3468795,2.024012,-0.645486,-1.0388464,0.30694142,3.2112732,0.8949937,2.0324118,-3.1250615,-1.6966225,0.6422714,-1.022739,0.56144583,-0.5704407,1.1920906,1.5231682,0.9870464,-0.21018109,-0.15121914,-0.23906496,2.8559856,1.5814735,2.0715086,1.9120106,0.021386072,0.37914795,0.8968343,-3.019332,-0.10802496,-0.07021468,0.34894374
526839467,-0.5179165,-1.4033394,1.2642065,-0.1872389,-0.829776,-0.43151674,2.8098183,1.1666636,3.3552742,-3.1927042,-1.7819128,0.7160529,-1.3637606,0.025626404,-0.31095245,1.4807681,0.90785867,1.206652,0.35769108,-0.53371406,-0.34867835,2.2581317,1.2610289,1.9537133,1.6318102,0.53195417,0.4376481,-0.17502373,-2.8321733,0.188802,-0.3661356,0.56616724
526839523,-0.2778998,-2.258313,2.2204227,-1.0896739,-0.51944,0.9546028,3.083677,-0.12263454,0.9719841,-3.217606,-1.3344502,0.3607663,-1.6280907,1.1753432,-1.1070057,1.6676083,1.2505703,0.55742604,-0.29035816,-0.4935733,-0.45647317,3.5383387,2.2174945,1.3274044,1.7283819,-0.5731382,0.666722,2.0212016,-3.080813,0.19066715,0.3777176,0.28861576
526840233,-0.9844752,-1.7280622,1.3957895,0.45173812,-1.0614072,-0.31193626,3.5380697,0.8520584,4.025973,-2.971051,-1.0686915,0.32989842,-1.6986736,-0.20953557,0.028946364,1.3603619,0.8268623,0.88532346,-0.26611587,-1.0242172,0.42747128,2.9040666,0.8840057,2.4753132,2.2494416,-0.63390887,0.78349817,0.003026951,-3.803463,0.26304036,0.020908603,0.16266236
526840854,-0.9737147,-0.038231086,0.4351402,-2.1328523,0.94843704,2.6891243,-3.4270196,-0.16932453,-1.9867798,-0.6300535,-1.14685,2.621369,2.0711675,-1.0612121,-0.31124502,-1.4945172,2.5526016,-3.4384077,-2.198022,0.77493834,-0.709979,-0.46500486,-1.3509457,-0.31803864,-1.3523955,-1.5593014,1.0234702,0.5983482,-1.2360885,-0.74075556,-1.8714589,-1.4377872
526840898,-1.4209087,0.31440192,0.010429431,-1.7565273,0.8952744,1.710031,-3.1119075,-0.6596468,-2.011575,-0.8806265,-1.4505845,2.101778,1.473301,-1.0069176,0.38850883,-1.3058852,2.3933663,-3.528921,-1.9953443,0.3834138,-0.5429972,-0.19925328,-1.431268,-0.4829476,-1.461884,-0.98932344,1.0205371,0.43234122,-1.9629501,-1.5517112,-1.137144,-0.7733257
526842939,-0.060597327,0.25916177,-0.5217172,0.29848012,0.38929972,1.2024086,1.1668721,-0.9588097,0.8973664,-1.0125871,-0.15834084,0.21824403,-1.0362389,-1.0319599,-1.1207036,0.1041098,-0.40704805,-0.33161867,0.073876515,-1.1060153,0.4058403,-1.2552481,0.5867897,-0.942636,0.069778785,0.20300226,-0.5141079,0.82185906,-0.8014295,-0.3168472,-0.99522126,0.24031258
526843606,0.08076462,1.2697161,0.54377645,-0.2922766,-0.764636,-0.28235453,0.72532696,-0.06389431,1.231014,1.0170828,0.2572713,0.62547266,-2.5466537,0.3166521,-0.5558284,-0.14158157,-0.59888387,0.39201337,-0.726433,-0.33666486,0.18051966,-1.900211,1.0550053,-1.403307,0.34662423,0.18451948,-0.9475824,-0.5962015,-1.2830397,-0.722093,-1.5672195,0.31400135
526844182,2.127304,2.936929,0.9422154,0.27722517,-2.1345356,1.2041713,1.4097447,-1.859639,0.8058272,0.9424589,-0.23577288,0.5784431,-2.55254,-0.12808777,-1.1677824,-0.08558155,-1.4487578,-0.4960782,-2.4659615,-0.6212684,-0.47034064,-3.1922665,0.69978416,-2.5640216,0.53638506,0.91171265,-0.8092012,-0.5561766,-1.4613208,-0.30177712,-3.1701334,-0.5044345
526844242,3.3295038,1.0220771,-2.9349513,0.18342365,-0.32767567,0.77705336,2.3610926,-0.052341316,-0.032231867,0.36664116,-1.7650452,1.0047451,0.87279946,0.933635,2.0079944,0.9372056,-2.3156755,-1.9159979,1.1164926,-0.8812749,-0.19165681,1.1934594,0.16516697,2.192559,2.272127,0.365059,2.473142,-1.3169235,1.9516227,-0.009057503,0.4635372,-2.3942518
526845685,-0.98177475,-0.65276265,0.7383258,1.7515879,-0.79384995,1.313827,-0.1592582,0.29318976,-0.56419843,-0.14723682,0.90098554,-1.5964717,0.71150994,0.57644874,0.47166616,-0.13233078,1.4038012,-0.3614567,0.25539267,-0.43612078,0.35769033,-0.6625375,0.98001236,1.3786297,-1.1776402,-1.0507631,-0.30832624,-1.6294929,-0.5059406,0.14623389,-0.63648975,-1.1814328
526847457,0.32445157,2.331454,-1.8553032,-0.3577313,-0.60187656,-0.99677956,1.874102,-2.1277282,-1.1620004,-1.9365703,-0.4713484,0.31285623,0.74178815,-2.7121413,1.0392652,0.2604883,-0.6003205,1.2114056,-0.2816314,1.5546525,-0.34557235,-0.18499619,1.7088293,0.76648057,0.3563258,-1.622383,0.8227601,0.4849045,-1.131607,0.08861703,0.89700365,0.19529381
526851675,0.33312407,1.5540662,-1.1409907,-0.5409525,-0.91687196,-0.40199098,0.97296983,-1.2597408,-0.6593245,-1.7087718,-0.25880364,-0.38246867,0.16970466,-1.856486,1.1299894,-0.03090943,-0.5056322,1.619496,0.22135712,0.8136247,-0.33768508,0.40744877,-0.050229583,0.8941488,0.36227444,-1.5079668,0.92824256,-0.1736224,-0.49415305,0.3452946,0.34531555,-0.03703002
526852329,-2.7293603,0.8413554,-1.3773116,-1.756604,1.7648221,1.9381716,-4.1385045,-2.5403326,-1.7042444,-1.9357839,-2.1503677,3.9811368,1.6406531,-0.6307434,1.5037538,-1.1047428,3.8923056,-5.828611,-2.4472604,0.7568207,-1.0550888,1.0433496,-2.837559,1.1744063,-2.155959,-2.4345052,1.1293612,-0.31791013,-2.0078237,-1.2703232,-1.4061198,-1.2618886
526852475,1.0326203,1.6687707,-1.0564287,1.0596939,0.75085825,-2.1637614,1.4768128,-1.1386521,-1.0459952,-1.5566825,-1.6788473,1.0920564,0.68322235,-2.1990638,0.7039146,-0.16849092,-0.79197896,-0.6285489,-1.058653,1.08843,0.40473753,-0.39623737,3.7503543,-0.28628242,1.1607059,-1.040479,0.24370037,1.9050242,-1.4713426,0.043795966,0.7649108,0.40802163
526852787,0.5605487,2.4392126,-1.5397208,-0.68489635,0.045928434,-2.2632837,2.062546,-2.5030997,-1.7814867,-1.7034345,-0.71895254,0.46731356,0.65910196,-2.281373,0.57331616,-0.1674704,-1.2039093,1.836958,-1.0068544,0.84883034,0.29652628,-0.5916542,2.2033665,0.48550105,-0.29585323,-2.0139549,0.5465689,1.1983957,-0.76059335,0.41963488,1.1091301,-0.3746937
526852986,-0.07282564,0.3511141,-0.7282397,0.67117447,0.30749992,-1.2891482,0.7008614,0.86740977,1.9571496,1.5053267,-0.43485832,-0.3850934,-2.5211756,0.37440327,0.042904083,-0.9986655,0.1244991,0.9010677,0.87705266,-0.54997456,0.14216332,-2.1303067,1.1575115,-0.05952838,1.2208912,-1.3631959,-2.1066136,-2.5002277,-1.4975197,-1.8645707,-0.9304107,-0.67831606
526853160,0.48357326,0.8433059,-0.48206654,-0.6653497,-1.1257628,0.45004058,0.1627183,-0.23028474,-0.3190673,-1.1830908,0.7791669,-1.4057486,0.4122706,-0.63961244,0.9457128,-0.48440334,-0.13428155,1.0820559,-0.19062144,-0.748636,-0.42373866,0.98702633,-0.3835454,1.9458283,0.22887716,-1.2000965,0.115342155,-0.4091012,-0.036027286,-0.009194113,0.92172813,-0.20505232
526853279,0.6363004,1.4793519,-1.0829977,0.46651688,-0.5949251,-0.8214686,0.81998795,-0.7140733,-0.3550374,-1.6002337,-0.44495347,0.26486778,0.16060613,-1.9429473,0.7978229,0.26864725,-0.617762,0.7182156,-0.3048386,0.7122532,0.03716299,0.03869188,0.8120145,-0.07174058,0.9984238,-1.1971109,0.4365524,0.53113675,-0.120452255,0.9123972,-0.12566683,-0.0021802709
526853360,0.49436444,1.0572003,-0.632727,1.0381988,0.26631275,-1.0492653,0.9220667,-0.33719382,-0.54566073,-1.8609709,0.21287698,0.07923053,0.36363328,-1.4011145,1.1350348,-0.3288034,-0.25685024,-0.5312293,-0.3659369,-0.2747653,0.2821411,0.25493813,1.5060961,0.6862296,0.9854431,-1.5745374,-0.051633015,0.8697356,0.03476433,1.1723266,0.38185343,0.37196383
526853406,0.08898571,2.2542644,-1.3559425,-0.03456594,-0.19654626,-0.9669522,1.2500237,-1.403305,-0.833196,-1.8266709,-0.045305215,0.08889851,0.9507417,-1.7101928,1.3079431,-0.42152533,-0.5853753,0.8724778,-0.14120589,0.42649627,-0.4223013,-0.060007006,1.2935634,1.0489866,0.7675848,-1.9647858,1.0338794,0.5479006,-0.6394849,0.3112613,0.8930948,-0.048708327
526854244,-0.57118684,-0.4102293,-0.13088393,-0.037670746,0.16708955,0.79923177,1.5644455,-3.929269,-0.44329754,-2.265323,-1.6959583,0.21280833,2.7537153,-0.905797,0.88600224,1.6690174,-1.2030568,0.9250071,1.2585292,-2.255049,-0.36128947,-0.3892028,-2.3399942,-1.657544,-1.3687739,0.2633584,-2.2416136,-0.18365033,1.4031262,0.0008739345,-0.21815316,1.5476367
526854833,0.25921732,1.5891489,-0.93245965,1.764552,1.2481272,-1.8646361,1.3865919,-2.186658,-1.3796812,-1.4197319,-0.8886792,1.906876,0.47543776,-2.352022,0.4721971,-0.36950937,-0.10330865,-1.5381413,-1.0634017,0.6287772,0.3877902,-1.6050967,3.4128175,0.24704789,0.64629084,-1.6067697,-0.056894913,2.2073257,-1.5902013,1.3040526,1.3485804,0.2194351
526856490,-1.1202346,1.8444699,1.1653156,-2.366902,-0.9950111,-1.0486844,-2.0920532,-1.2696675,-1.1061349,0.87014073,-0.05745982,-0.06986606,1.3802795,-0.5874409,1.3993422,-0.9208609,-0.1276964,0.95244014,2.1034758,-0.16950023,-0.8012355,-0.6159157,0.47500437,0.09194268,-0.48516786,-0.42251253,-0.009065349,1.2424636,-1.0263755,0.57769495,0.32985917,-0.8812216
526856913,0.086752094,0.24198927,0.74165803,-2.7274513,0.48747024,-1.5379809,0.54960364,2.0450401,-0.93679017,-1.0547376,2.116634,-2.5159628,0.36946625,0.11788884,-1.355261,0.51840407,1.2666764,-2.1819787,-1.9523844,-0.9097244,-0.46134531,1.205133,2.181538,-2.2350006,-0.44153166,3.3043551,2.025177,-0.7624747,-2.4952846,-0.17700113,1.5278273,1.2883484
526857107,-0.9103297,1.9180446,0.9073907,-2.4282095,-0.82158256,-1.7036884,-2.971001,-1.7007722,-0.4020942,1.8417423,0.1513541,-0.5328634,2.9248164,-0.5290983,2.2775264,0.44306955,-0.2399511,1.5291809,2.3650892,-1.1147999,-1.1920956,-0.39990264,0.010657059,0.6633027,-1.0705737,-1.1651165,1.0261098,1.4641631,-2.2510448,-0.0004970692,0.64568996,-2.4776542
526857175,-0.17017266,-1.4850531,-1.2004395,-0.015063254,-0.6898161,-1.0234996,1.221913,0.011937611,2.1761696,-2.2991061,-0.34395224,-0.64864373,-1.9825283,0.13679227,-0.45548576,1.48177,-0.2075722,1.2827342,0.8157402,0.30381626,-1.0803452,0.26454207,1.3314555,0.28894636,0.38874397,0.22006337,0.5024914,0.1000067,-0.6519117,0.04968386,0.580251,1.7757106
526858989,2.0538828,0.9313738,-2.2116532,0.063963376,-1.378166,0.88073814,0.96366763,0.64160126,0.40323406,1.4913422,0.11008675,1.1661928,0.79362166,1.3997813,0.9953006,1.7922978,-1.4423345,-2.1359196,0.9632091,-0.70954305,0.20740552,0.16309638,-0.5343102,1.2211765,2.400629,-0.387722,1.1823779,-0.81546247,1.1899173,0.63201433,0.7302183,-1.8887979
526859179,-0.6151563,0.18384029,-0.923652,1.0405492,-0.7312069,1.2798702,1.0327889,1.5508059,-2.246037,-1.1293135,-0.6038844,-1.7548234,0.08656983,0.1021977,0.86735845,-1.1259906,1.463804,-0.6849796,-0.03749331,-0.22512203,-0.8836427,-1.2656367,1.1145464,0.35163736,-1.2623757,-1.4758661,-1.1469654,-1.7440878,-0.40057194,0.4734033,-2.0152366,-2.359309
526859233,2.317375,1.0249228,-1.9319013,-0.018942961,-0.41916144,0.41879627,1.3908346,0.476621,0.20218864,0.47641808,-0.9976198,0.8119009,0.5099557,0.07279454,1.1497357,0.9836405,-1.5134473,-1.2877394,1.3134496,-0.22680414,-0.34897485,1.0200197,-0.0059063956,1.5194678,2.0307927,0.31439576,2.0761461,-0.89006364,1.2788221,0.15273102,0.36421722,-1.8582984
526860531,-3.3439114,1.4889479,-1.1685123,-1.102643,1.7672342,1.1965353,-3.1760309,-2.6225917,-1.2746551,-1.802417,-1.8739002,3.9490492,1.8087286,-0.64564407,1.8031934,-0.6606653,3.7978625,-5.0322423,-1.7697494,0.628284,-0.92821276,0.0059782118,-1.4166906,0.22581074,-1.7660699,-1.9331154,1.2115825,-0.3512392,-2.6606472,-1.7760843,-0.7682214,-0.8350911
526860754,1.1864722,2.604311,1.5228204,-0.43220732,-1.9745417,-0.28975236,1.328186,-0.5148108,0.59092796,1.624071,0.072173074,0.67014533,-3.433216,1.6464379,-0.7584861,-0.6420589,-1.0319636,-0.5347157,-1.6331676,0.53642386,-0.5015122,-3.2135568,1.0321468,-1.5312073,0.2659981,0.8318622,-0.4893636,-1.0838344,-2.4078536,-0.3710965,-2.1014354,-0.24024159
526861330,0.8337952,2.2051773,0.89787084,-0.5393045,-1.3332375,0.15702908,-1.142079,-1.8281041,-0.77414274,1.2698212,-2.2770665,-2.0496325,0.99527854,-1.2493095,2.1784189,-0.51033723,-1.0932993,1.5884335,0.54550046,0.24151284,-2.264434,-0.20999525,1.3785865,-0.09739964,-0.15692003,0.002781123,-0.14082144,3.4836023,-0.5004342,-0.6294206,0.11351222,-2.3576775
526861513,-1.073937,-0.08330391,1.0044053,-2.4019156,0.7797648,-1.1809698,0.6880126,1.6027138,-1.036666,-1.1835918,1.9114116,-2.2142725,0.4926911,0.07807641,-1.5281916,0.504235,1.9774839,-1.8366377,-1.5860951,-0.7219345,-0.018991554,0.3337817,1.6827763,-1.5150384,-0.6694357,3.1899924,1.5312587,0.025277946,-2.6677725,0.0641015,1.2013624,1.0348063
526862708,0.36167365,-0.03161586,-0.66029835,0.30803642,-0.56717503,1.6142794,0.7667346,-2.9713051,0.78005505,-1.8405946,-0.9243787,-0.42838964,2.1582098,-1.5670649,0.6069507,0.42993703,-0.5511571,0.33755746,0.15946722,-1.6023712,0.36064112,0.6217158,-1.0825005,-1.072349,-0.9550712,-0.56006265,-2.2332082,-0.73025537,1.7467725,-0.20855157,-0.13142519,2.300785
526862911,-0.42795014,-0.6387095,0.7227766,-0.041819602,0.6985235,0.895988,1.4240023,-4.1249824,-0.29826826,-1.8188217,-1.2114176,-0.0018402673,2.7314014,-0.7879317,1.2253497,1.233035,-0.67397517,0.4539779,1.2047657,-1.8827386,-0.48398325,-0.18077023,-2.2137234,-1.1380333,-1.4409411,0.07928488,-2.747845,-0.30470207,2.113587,0.33902448,0.25527644,1.9289824
526863325,2.1135676,1.6050704,-0.52194893,0.88664603,-1.0251675,1.2976657,2.4130318,-1.7236657,1.6144615,-0.28317332,-0.5025618,1.7211831,2.4692235,-0.7274356,-0.15835679,-1.3298291,1.4689634,-0.2421871,1.4980083,0.6901629,1.5343581,3.5214262,-0.29767933,-2.5821934,-2.6128583,-2.8176494,-6.031136,0.34123656,1.3168311,-1.0796636,1.644032,4.921448
526863446,0.027433258,0.49962732,0.9346261,1.2725859,0.37956253,-0.06764506,1.9904629,-2.9667363,-0.06581295,-1.0862211,-2.112722,0.40413496,1.7730026,-1.3844215,0.9462561,1.0149124,-0.92774445,-0.048061956,1.3114827,-1.8233418,0.6459905,-0.19756518,-1.7572007,-2.2960675,-1.2557645,-0.3530297,-2.7430298,0.10402636,2.2511358,0.94031745,0.35947263,1.2272861
526864135,-0.557804,-0.08525723,-0.97440594,0.3415022,-0.5590906,-0.54737246,1.0082945,0.6045208,0.6982328,-1.1027821,-0.080594674,-0.2552486,-1.190055,0.8300589,0.25920647,0.7974765,0.34234476,0.921608,0.5381038,1.3141791,-0.3775404,0.09511839,-0.349798,0.84909225,0.2699057,0.6724106,0.23023383,1.0704364,0.7773083,0.09857287,0.11885529,0.6684083
526864228,-0.27618605,-0.41052386,0.5530712,-0.31406596,-0.5165126,-0.6198768,2.0675814,0.5728991,1.0812721,-2.042548,0.00905551,0.07235217,-0.8824528,0.3315583,-0.10146735,1.4750395,0.7957851,0.9891005,0.36263108,0.58373916,-0.8151924,1.1261146,0.29370984,1.4954445,0.900474,-0.097912684,0.33748832,1.6470029,-0.5209939,0.3674271,-0.0011994746,0.617229
526864362,0.09393169,-1.1700622,1.0250771,-0.78298205,-0.8584251,-0.06432617,1.7871952,0.161147,1.1378682,-2.6885924,-1.4021819,0.5248316,-0.9766966,1.0244615,-0.7119605,0.93340695,1.5151994,0.37043887,0.58304346,0.041066676,-0.39854595,2.170783,1.1835815,0.62129426,1.3942807,0.3365091,-0.03251209,1.1399873,-1.7249405,-0.08822072,0.13412608,0.040508173
526864476,-0.6079161,-0.748116,-0.269127,0.38672918,-0.862247,-0.4469417,1.9797548,0.41012415,1.649624,-2.3265219,-1.1816301,0.3487581,-1.209823,0.6019412,-0.048847355,1.2788612,0.26319095,0.6875141,0.53442335,-0.06859782,-0.44923,1.2476728,1.0046434,1.3687602,0.63558185,0.45326304,-0.12757817,0.40814328,-1.8651563,-0.24556804,-0.2720958,0.56902486
526864642,-1.6050774,0.1888635,-1.3369733,0.85216755,-2.536587,-1.9978557,3.3727577,1.4490247,5.625726,-2.05864,-0.7677477,-0.58955944,-0.38681713,-1.5273049,1.7494005,0.6738845,1.0946534,2.361331,0.6398053,-0.546344,-0.040927876,0.12381579,0.04431909,2.4821248,1.5645736,1.0381895,1.0397587,-1.4288299,-2.8684297,0.19514129,-0.7789199,0.04208534
526864972,-0.12921812,-2.1080728,2.107708,-0.8525826,-0.896276,0.33130306,2.6831105,0.23172006,1.5470694,-3.3722162,-1.3247333,0.33980522,-1.595152,1.2720112,-0.8448732,1.6673882,1.3756238,0.5758415,0.08415678,0.046262965,-0.27568087,2.8463697,1.7390078,1.42459,1.5885295,-0.18356831,0.3626854,1.6279427,-2.959694,0.36518526,0.385118,0.5695936
526865080,-0.1816812,-2.2936156,0.51881856,-0.84745187,-1.0745063,-0.45819458,2.6053483,0.8064821,2.0098996,-3.181202,-1.8606868,0.22493553,-1.8217611,1.3559847,-0.8152919,1.5411431,1.4518875,0.31880087,0.6591462,-0.17128226,-0.45239204,2.6400452,2.0285861,1.0305083,1.778034,1.0846967,-0.2200005,0.822269,-3.0443814,0.40268862,0.042601593,0.89699435
526865539,-2.3045957,2.3458462,-0.03548717,-2.9319496,0.6942897,-0.8480855,1.7168522,2.3694234,-1.1299531,-0.7552067,1.8338203,-1.4825221,2.105866,-0.8077834,-1.1518055,2.0695755,1.081613,-2.4832284,-1.3100282,-1.2625737,0.26653758,2.5827422,2.095719,-0.99092865,0.41112825,2.6274953,2.3851283,0.060111236,-1.4661695,-0.34578377,1.1995113,1.1815825
526867246,-0.25557297,1.0895605,4.0402293,1.7373087,-2.1393769,2.4037442,-2.1133106,-2.8992162,0.363475,2.8810983,2.9988508,-0.87222993,4.406329,3.1674137,0.848251,0.9929102,0.4642167,1.7924348,-3.1095102,0.18174969,3.9681573,-0.22051626,2.4136672,3.1006286,0.98896354,0.41645837,-0.28222826,0.3102927,-2.509717,1.7739675,3.04208,0.33764592
526868226,-0.38150695,-0.16708134,-0.102960974,1.8261608,-2.0783482,0.99207824,-0.37396592,-0.4438248,-1.1472797,-1.3124571,0.99241865,-2.3734078,0.46960527,2.1510808,-0.93859404,-0.36494914,2.125377,0.57010096,0.55543685,0.45939818,-0.085850656,-1.0377569,1.5807811,1.902431,-1.3415813,-0.12872572,0.25879154,-1.2719842,-1.3402058,-0.0077606365,0.7657947,-1.7749786
526868535,-0.74852043,0.97085047,1.317138,0.592207,-2.7335892,0.53354794,0.5678786,0.33794498,-0.36458036,-1.3142157,0.94377714,-2.488553,1.2740992,1.5348511,-0.35182548,1.1475736,0.98352545,0.21414772,-0.1612097,-0.7228712,0.73959464,-0.12871478,1.0452024,1.9269934,-1.2133838,-0.40951613,-0.5907461,-0.9698781,-0.40945,0.9903183,1.0129253,-2.009642
526868789,5.173928,0.7594005,-4.6752715,0.617884,0.10602306,1.7559423,4.003847,0.9941552,-0.2949338,0.48150003,-1.5660697,-0.520146,1.5116515,0.7136082,2.0694556,1.8685185,-3.3893616,-2.5164988,1.5844707,0.6571194,1.3229476,0.77167684,0.8350764,1.1171756,5.4754333,0.9736008,4.420874,-1.81564,1.6227115,-0.17562614,1.1874092,-4.5429726
526871313,-0.080556974,2.4092302,0.45741042,-1.3369116,0.14722738,-0.6133924,-1.8842,-1.7118862,-0.18120691,1.2365305,-1.4298718,-0.9571496,1.1071941,0.58673835,1.0822119,-0.3309354,-0.0017579515,0.60279846,1.3062719,-0.9858452,-1.7885064,-0.018401911,1.1592339,-0.35986608,-1.2690979,-1.5979722,0.9780691,1.3375807,-1.1708426,-1.1561779,1.6154488,-2.063521
526871362,2.6962667,1.3193462,-3.5587947,0.7232748,1.8680252,1.4551128,2.7837358,-1.7870221,1.1123426,-0.9418644,-1.2724768,0.063239515,-0.09332189,1.3950167,1.7294234,0.71738124,-1.8576273,-2.0142612,0.9383701,0.31227636,0.82033587,1.3693551,1.5627184,1.0768017,0.84935594,-0.36525276,3.14555,-0.17354469,2.957994,-2.0841737,0.7198734,-2.5556448
526873014,0.37439317,3.6236253,1.6388888,-0.8815584,-0.82502306,-1.1506243,-1.9038523,-1.7726902,0.12352879,2.6907701,-1.0606223,-1.4192078,2.6578834,-0.78889847,3.592046,1.6050926,-0.3550214,1.3195633,2.2622526,-2.0349097,-0.82759994,0.18967079,0.40344393,0.68661934,-1.0623864,-1.2389933,0.83797324,1.178724,-2.1827395,-1.0493023,0.4668737,-2.8926904
526873318,-1.1094863,2.149746,1.5730007,-2.5390258,-0.6253693,-2.1550677,-2.850873,-1.6535472,-0.77467525,2.247334,0.38501003,-0.31053153,3.0684683,-1.0317231,3.4446151,1.3974203,-0.8053549,1.501236,2.2278762,-1.9790677,-0.17369244,-0.7333479,-0.44171143,1.0489423,-1.0596441,-0.41879654,1.0576938,1.4842108,-2.232839,0.4286807,-0.03237826,-2.5022974
526873946,-0.9749885,0.98114014,0.7996983,0.46948794,-0.9620028,1.226073,0.67707694,1.0718856,-1.4106121,-1.0566725,-0.070243835,-1.9950885,0.25054765,0.4158952,0.48974097,0.030055773,0.75518054,-0.63437945,0.19573215,-1.1262883,0.11550662,-0.9918411,0.9896855,1.2124553,-1.3364094,-1.4144232,-0.90512925,-1.0801846,-0.2859601,0.1999957,-0.5639565,-1.9643565
526875076,-1.215209,0.70483714,-0.4124875,0.61284983,0.7294323,0.75614923,1.8650047,-3.778844,-0.32249504,-1.5531911,-1.422253,-0.05099203,2.5084994,-1.0527103,1.3702304,0.38459954,0.07211503,1.3407195,1.1134739,-1.7483827,0.39383635,0.7124762,-1.7697858,-1.9511806,-0.86917686,-0.24348933,-3.073714,0.110164866,1.3009788,0.9543347,0.035112962,2.7774956
526876715,0.0534134,0.61112607,0.82203865,-2.3250184,0.6327679,-1.1352283,-1.7585444,3.2233608,-2.2222056,0.15315622,0.58015305,-3.0161548,0.9564285,0.22636236,-0.94131017,1.2506101,-1.4117078,-1.4233118,-2.3733687,-1.627975,-0.052503195,1.9209125,1.7948092,-1.3657726,-0.22991551,0.94032544,1.0801846,-1.9376892,0.18165296,-0.8601084,1.8275943,-0.2750535
526877985,-1.8590938,3.9401643,0.18534867,0.8101921,-0.15521929,0.11756463,-0.6263019,-1.3752851,1.5844532,0.41368794,-0.1961917,1.6827573,-1.2542721,0.80749106,0.2213672,-1.6537429,1.0398157,-3.1957402,-0.42014083,2.7206564,0.78629154,-2.8231394,-1.1078919,1.5271587,0.50798625,0.24663568,0.8579896,0.7323647,-1.6628246,2.8260453,1.694621,0.69004023
526878222,-0.08968076,-0.24998477,-0.17680977,0.20392266,-0.47077233,-0.76265454,1.6704549,1.166846,1.4978616,-2.1271503,-0.6901816,-0.21602535,-0.7252572,0.5442774,-0.26219556,1.1308851,0.6407969,1.0955812,0.52842546,0.9310024,-0.45257556,0.7376671,0.124029115,1.5843356,0.7613859,0.21793859,-0.20413071,0.85919434,-0.5910517,0.21846214,0.0056971703,0.54407907
526878688,-0.45016018,0.9442769,0.037407946,1.0292226,-2.4062405,0.763969,0.7792756,-0.21690243,-1.2554715,-1.9151082,1.0237436,-2.4232254,0.3660282,1.934563,-0.8547684,0.33267722,1.6699244,0.53712565,0.2920952,-0.9514201,-0.310947,0.21684109,1.8520328,1.9630816,-0.8209143,-0.21126996,-0.44109902,-1.2079601,-0.5495766,0.44958323,1.5676516,-2.2757492
526879291,-0.3155526,-1.9440608,3.0655751,-0.69652843,-0.50072837,0.30990788,3.2239492,0.94779295,1.6483823,-3.6084385,-2.2068486,1.1020613,-1.2564753,0.6439012,-1.2406937,1.2061937,1.4168111,0.17509829,-0.3879987,-0.9852922,-0.119863264,3.3906476,1.9397882,2.1583538,2.2249985,-0.33185983,0.6293647,0.8998355,-3.3936567,-0.32004872,0.03691972,0.22983463
526879339,3.1576045,2.4328313,-4.679401,0.5022781,2.9628994,0.97398466,2.9126277,-1.3738326,0.853499,-0.7648444,-1.9831728,0.013156119,0.38557246,0.87732655,2.3793392,-0.26534683,-1.718493,-2.8841674,1.3929607,0.5115243,0.5384261,2.6190746,2.0403037,1.4712008,1.4963204,1.0152129,3.1833487,-0.4918014,4.126443,-1.8927603,1.0840232,-3.8908489
526881409,-1.6233855,2.1054215,-0.83787096,1.0901598,0.72410923,-0.4691357,-0.8371763,-1.6090016,2.2410417,-0.97485214,0.7913364,2.4675744,-1.6554786,0.45742965,-0.9464295,0.52434427,-1.3728148,-1.9206762,-0.3641284,-0.48385403,0.79592496,-2.485346,-0.4948601,1.7429732,-0.6988758,-0.14319246,0.025126558,1.3580728,-0.87737805,1.4085594,0.33764842,0.48268786
526881566,-0.977329,1.4422095,-0.71284586,1.4582449,0.11373798,-0.7348253,-0.4710405,-1.1631217,1.6680169,-0.6912355,-0.49155962,1.8135065,-1.1997436,0.363537,-0.7016752,0.35253152,-0.18015933,-1.0554816,-0.5886277,-0.08100164,0.6561108,-1.366925,0.016982414,1.3917084,0.44877455,-0.3785096,-0.35462815,0.5002821,-1.1864429,0.9185416,-0.03820243,-0.38633034
526882095,-0.24827759,-0.12691128,-0.7504888,0.07414633,-0.40385988,0.44332206,1.392721,-2.1812944,-0.06509782,-1.6203326,-0.50451577,-0.27044317,1.7149234,-0.9865158,1.1169369,0.22608769,0.53623325,1.2248907,0.020389318,-1.7328649,0.37943974,0.5238267,-0.7864175,-0.8672649,-1.3835936,-0.17124128,-2.1577947,-0.28036872,2.3488894,0.3030488,0.4296595,1.5963397
526882274,0.6640323,0.751787,-1.3150928,0.7017451,-0.05039772,0.8022151,1.8378704,-1.0165638,1.1210325,0.19021484,-0.5102454,-0.02021855,-3.0621667,-0.49454743,-0.3997301,-0.83867097,-0.71253514,-0.17789903,-0.45304632,-1.445977,0.35852122,-2.4681761,0.40009806,-0.9375415,0.7895429,-0.39906436,-1.3917274,0.13916865,-1.2719269,-1.3454183,-1.3470746,-1.3041159
526882521,-0.76525384,-0.8221243,-0.31166828,0.26492366,0.5118432,-0.7792378,1.7164177,-2.06487,-1.6406114,-1.4934982,-1.6262755,0.30568415,1.6469657,-0.98726696,1.0873868,1.2071652,-1.1412143,1.6546379,0.1305604,-2.1622677,-0.18058959,-1.0680536,-1.7758548,-1.00793,-1.3473133,0.7408832,-1.623944,0.4261531,2.1794384,0.2731699,0.9879121,0.46729422
526882913,-2.5644531,0.88116276,-0.6935402,-1.1607814,1.4015719,-0.45253253,0.34720176,2.2499537,-0.7956264,-2.4207397,2.0607135,-0.9217803,2.8972902,0.21053542,-0.009930097,1.3068014,2.6076913,-2.0269907,-0.051581755,0.3554028,1.1950443,1.1180305,-0.2070253,0.65307087,0.27519652,2.70157,0.9405297,1.6524963,-2.1050653,0.90511924,0.3065725,1.0153036
526882941,-1.4996672,0.470595,-0.18571518,-2.39539,1.4768656,-1.0132324,0.58586323,2.0667706,-1.3428434,-2.0276043,2.1984143,-2.1455195,1.8005335,0.26642233,-1.003594,0.7357336,2.0837774,-2.168064,-0.9881493,-0.19684803,0.0033632268,1.004323,0.61371756,-0.052996043,-0.14958937,3.1426105,1.371935,0.54223466,-2.710734,0.29133296,0.73604506,0.7016963
526883036,-2.5225227,0.31820503,-1.1398582,0.8032123,-0.4382191,0.71184343,-0.35311377,-1.0723224,3.317685,-0.24040574,2.8024063,2.4830368,-1.0623721,-0.03143025,2.2391381,0.46414173,-0.07126796,2.5303285,-0.73930913,-3.3587399,-0.361895,1.8821857,0.3763007,-1.0291549,-1.858315,0.07933399,-0.7167367,2.1574688,-1.5066514,0.2609906,-1.4645985,1.6879712
526883414,-2.9706938,4.8977637,-0.18595321,1.389888,-0.77316314,0.6541125,-0.29452664,-1.5295249,2.0874147,1.2214081,0.7278583,1.5261159,-1.7380584,0.9001361,0.7204327,-1.5484118,1.2693056,-2.7419481,-0.289799,2.5457726,1.1126633,-1.7523584,-1.1805708,0.9756262,0.15355045,0.29317892,0.3029344,1.9899987,-2.232933,2.2861693,1.3285363,1.8665632
526884387,-0.59312123,-0.7566578,0.97826964,3.3401275,-0.042285293,0.48752782,-0.28295505,-0.017283654,-0.29355627,-2.1332705,1.442304,-0.13315399,-1.308377,-0.96915793,0.7700222,-0.75834185,-0.37154877,-1.639054,-0.35556436,-1.461844,-0.66614246,0.59918356,0.307495,0.750914,0.72204787,-1.1726326,-2.1279728,0.99694455,2.0109894,2.4158309,0.08871552,0.7733631
526884391,0.17042077,0.27545428,1.6254357,4.5096464,2.0987306,-1.836461,0.7763731,-0.37678406,-0.11051422,-1.1705039,-0.6337055,0.677566,-0.79547334,-1.4411252,0.63957757,-2.0201473,0.49751452,-4.1095304,-1.0404565,-2.2796998,0.033893764,0.13959044,3.8966966,0.40870488,1.6499012,-0.81166625,-2.7034578,2.018471,0.5581608,1.6732376,1.2896451,1.0525373
526884765,-1.9410698,1.2486558,-1.0325279,-0.75077146,0.72513914,0.69431895,-2.050505,-1.9795798,-1.4384104,-1.0699024,-1.5211035,3.2741487,1.2178384,0.5902021,2.1702375,-0.0030079968,2.7300577,-3.4242928,-0.83941907,0.46321926,0.80532795,0.29971337,-0.61951554,-0.5525359,-1.3811969,-0.57375985,0.8214896,-0.2739246,-2.467987,-1.9507328,0.17297843,-0.9479747
526885184,0.49180108,1.1155066,-0.36357746,0.40974042,0.23839203,-0.639344,0.66711015,-0.55496866,-0.67261404,-1.3163084,-0.79391587,0.5668384,0.07779945,-1.3526962,1.059468,0.31253946,-0.2217159,0.51546687,0.13472924,-0.15102936,0.2209279,0.020078868,1.0678812,0.15893833,-0.1028562,-0.88601,0.27595377,0.20761251,0.21909699,0.3553706,-0.23505965,-0.008320101
526885328,-2.8492153,2.1630206,-1.0194252,1.9047283,-1.1014888,0.081634164,-0.040946644,-1.194766,2.3688712,1.4309002,1.6975737,1.64492,-0.5915167,0.19363356,1.3396508,0.18797167,-0.009846378,0.598327,-0.6772639,-0.1891236,0.9613842,0.24896796,0.2522175,-0.092640474,-1.2206187,0.4719334,0.15994878,2.1701782,-1.8917501,0.80203396,-0.58087087,1.5597427
526885359,10.4333,1.1407906,-8.864529,-3.5766807,-15.33291,7.9549227,1.4275957,0.26458547,0.8755495,15.856391,13.339529,-13.218365,3.8439682,0.46732366,21.492004,-15.920531,-5.9085364,-17.47451,-4.9932113,-15.849687,-9.438663,12.950784,20.133268,28.26559,17.163363,-6.4613657,-12.390364,-7.7468195,-14.614392,-7.667554,37.66153,20.001905
526885761,-1.9093024,3.837551,-0.37673855,0.37783164,0.48549515,0.51316774,-0.17752041,-1.5167159,1.6555401,0.7450547,0.13157764,1.0042272,-1.6433991,0.7827445,0.17229928,-1.1808168,0.48164064,-3.0917246,0.62531626,2.1669097,1.4300023,-2.6714473,-1.3824002,1.7861567,0.2871398,-0.18368417,1.0499088,0.18634547,-1.7347373,2.9179423,1.9811143,0.6880969
526885869,-0.4657361,-0.50839,1.240422,0.8192631,0.9151101,1.0752615,1.0000485,-3.7986622,-0.122680314,-1.5142006,-1.884137,0.15454741,1.7610946,-0.9264452,1.089181,1.5419102,-1.1170733,0.32435676,0.7902366,-1.753328,0.33769706,-1.1104652,-2.386373,-1.3108295,0.044177245,0.049582604,-1.7711517,-0.3415484,1.0527663,0.7984731,-0.52660114,0.7204461
526886086,-2.4112933,3.6551218,-0.455279,0.83340067,-0.02050621,0.56420857,-0.31991702,-2.0599375,2.1400158,0.44801423,0.5730498,1.5189538,-1.4573783,0.9631595,0.5706898,-1.3951454,0.24189803,-2.459613,-0.03389657,1.5834029,0.8265059,-2.1644766,-1.1482146,1.3921714,-0.40599224,0.06262016,0.6741899,0.60891145,-1.8111916,2.780433,1.0981833,1.614274
526886094,-0.13628553,-0.32344788,0.3164308,0.4449683,0.6058724,0.1332825,1.2988201,-3.1797733,-0.4938292,-2.3071635,-2.0828347,-0.0010344423,2.0633452,-0.9819477,0.91468424,2.1982179,-1.3006121,0.45811358,0.6487814,-2.4315276,-0.23440313,-1.3884064,-2.7439282,-1.4300205,-0.5489549,0.98962295,-1.4819505,-0.3012255,1.5834311,0.625005,-0.48147184,0.6587152
526886626,-0.35107747,-2.8471298,-0.66787094,-1.2468672,0.8970432,0.44021025,0.59230715,-1.8393701,-2.2643301,-1.8740796,1.3735402,-1.7182758,-2.8241043,0.9349601,-1.4964874,2.8265743,-0.090341106,0.73281133,-0.3496553,1.2967576,-1.5274293,0.66703,1.0389237,-0.89913964,-0.7814744,-0.9190452,0.83432615,4.2375817,0.8563227,0.9610985,0.8051073,1.6054002
526886731,-5.4686813,5.069191,-1.5971065,0.59654915,1.531967,0.87629455,-0.13077019,4.2359223,-1.4191803,-0.8148733,-0.13412963,1.3677188,5.8203917,-0.33629057,0.86147267,4.410483,-1.0566059,-0.82937247,-0.0020818785,-0.08796171,2.8072724,4.4315596,-0.74881023,3.5361094,1.8474089,0.23633021,1.4345323,1.3160051,2.6265826,-1.0242817,-0.13499269,-1.126103
526887007,1.1197953,-1.3332974,-3.9684832,0.5422317,1.4871486,-1.8235371,-1.1981244,-0.66716945,-0.120326445,0.8165276,-6.7078385,4.1301274,-4.462405,-0.09736619,5.2388463,-3.7968557,1.3818469,0.5501664,0.9143962,2.2830887,1.5443169,-1.5831876,-0.1817096,-0.9894315,-0.3433471,2.9675868,-1.383335,-2.5226161,-1.0370798,-1.1698378,2.156192,-1.1801966
526887309,2.4419382,1.0357641,-2.374082,-0.14895128,1.086554,1.1145549,1.8614757,-0.8012681,0.92928267,-0.89734983,-1.0155082,-0.302616,0.22893769,0.19188878,1.3293332,0.063801154,-1.3300309,-1.8253845,0.6676185,0.2809569,0.12532051,1.9155997,0.77674687,0.6611598,1.1885349,0.5703539,2.649566,0.065459564,2.1192362,-1.2071521,0.52925366,-2.467501
526887496,-3.254869,1.9160589,-1.8511213,0.9551058,-0.23488873,1.1336005,0.94321316,-2.1640139,3.648222,-0.19432724,2.4256601,2.0900266,-1.2593096,-0.23389053,2.1630225,0.11277152,-1.7001289,-0.161092,0.3149418,-1.4804957,0.49974957,-0.6812389,-1.2102703,-0.025721267,-2.254996,0.94380236,-0.019417543,1.1380101,-1.5803277,2.2595146,0.03281654,1.5647495
526888504,0.662221,-0.7203964,0.84249634,-2.1668618,0.44796005,-1.5300046,-1.0986073,2.0385427,-1.3773546,-0.40971422,1.3642596,-3.7171345,-0.52284336,0.4927787,-1.3412343,0.3242297,-0.7269176,-1.0915352,-2.2010355,-0.89119875,-0.24529448,0.58804035,1.6907258,-2.5306838,-1.0950354,1.5518502,1.484322,-1.1382178,-0.8337248,-0.13602416,1.5975049,0.14654207
526888561,-0.61018074,1.2611144,-0.279819,-0.1931889,1.290456,-0.88421756,-0.7517658,3.1247442,-0.87698364,0.2004096,-0.14764802,-2.4452436,1.3715829,1.3064775,-0.7246417,0.8886172,-1.1307974,-0.092839345,-0.8972584,-1.0024416,1.242816,2.0269759,0.032546774,-1.093625,0.44233045,0.4925727,0.49622902,-0.56592804,0.12505913,-0.10433212,0.34396753,-1.7989875
526888912,-0.33969012,0.8596527,-0.23161036,0.9458876,1.5300102,-0.5916742,-2.0251372,2.712797,-1.3633889,-0.21435414,-0.69514066,-1.2432712,1.7874827,1.153006,0.36099595,1.5275809,-1.1004938,0.10998587,-0.72837067,-0.96958184,1.5702534,1.0598586,-0.5054732,1.0252262,-0.34958434,-0.39062142,-0.5035649,-0.17878415,1.9116806,-0.021571387,0.39211443,-1.2818972
526889012,-1.0175178,0.93526906,-0.5442248,-0.55453837,1.2918802,-1.4903814,-0.8770864,2.7073858,-0.7865371,-1.4368247,0.8383359,-2.2921479,1.7722917,0.9359612,-0.27496403,0.9325483,0.15899259,-0.4822561,-0.7428907,0.29569122,0.8524748,1.3125161,0.3029893,-0.60043085,-0.60614705,1.7086815,0.735231,0.50616306,-0.71451473,0.21925296,0.53523076,-0.22306514
526889033,-0.4846904,1.1956891,-0.78816605,0.5843293,1.6887418,-1.3255212,-3.4048266,3.245962,-1.7854252,-0.3470786,-0.7838433,-1.9968574,1.6344599,1.5397463,0.66032827,2.2790167,-3.2242408,0.5297071,-0.98495996,-0.30866942,1.8551599,2.0317926,0.177328,0.34866595,-0.6581914,-1.2081997,-0.024467517,-1.1185906,3.050991,-0.67831886,1.1423717,-1.4536633
526889753,-1.1001501,1.127951,-0.51125884,0.3653144,1.9303296,-0.42337784,-1.0342264,2.3744557,-1.0735033,-0.27367935,-0.38561645,-1.1532991,1.7587931,1.0759358,-0.21989346,0.85559005,-0.54657483,0.10144131,-0.11900044,-0.29924297,1.5388108,1.5828145,-0.7398633,0.43558016,0.42908925,0.42180896,0.30056718,0.18865128,0.3241091,-0.20136887,-0.09693673,-1.2107549
526890463,0.3068653,1.782628,1.1243199,-0.8767978,-1.3949186,-2.0048265,1.3206584,0.77132314,1.1576256,2.176394,0.44949186,0.5148185,-4.446268,1.7686068,-0.08835077,-1.013751,-0.7583671,1.4570192,-0.5182497,0.75802004,0.35776022,-2.5697348,1.7187864,-1.1100671,0.70235074,-0.5173215,-1.9187548,-1.8424357,-1.8918512,-1.4784268,-1.5890538,-0.66837054
526890955,-1.9243399,2.4617624,0.29613164,-1.8253998,0.074620046,-1.2977769,-1.5013766,-1.1487602,-0.5658943,-0.11076922,-0.44528973,0.18651444,1.0009941,-1.0518472,1.5972704,-1.8231223,1.0401325,0.57440305,2.3216102,0.65395343,-1.2679473,-1.2674073,1.0298916,-0.23195176,0.55307174,-0.30225876,-0.030784953,1.5956478,-0.84170026,-0.2416434,0.55594474,-1.5029991
526890964,-1.9444846,4.0732884,-1.0412676,1.3356997,-0.07701543,0.46411014,0.07076742,-1.9199426,2.8453138,0.31782496,0.5403538,1.6081219,-1.6597618,0.6954326,0.09489551,-1.3101785,0.35730004,-2.8904974,-0.13982345,1.9757476,1.160535,-2.7736197,-1.8980709,1.4261345,0.3062394,0.35130993,0.10749148,0.2907136,-1.9433177,2.7281616,1.2995604,1.5064603
526891124,-3.3265808,0.6597705,-0.73630345,-2.6379125,0.7664928,1.9774759,-4.111622,-1.6202168,-2.5259275,-1.949771,-1.5637097,3.725459,2.3427725,-0.3734038,0.66557384,-0.3855492,4.196167,-5.33589,-1.9669863,0.33959413,-1.0105766,0.19392084,-1.4573035,-0.06678036,-1.9913769,-2.3686144,1.3738358,0.7709996,-2.4718258,-1.4314864,-1.343072,-1.6267167
526891764,-4.274794,4.169537,-0.61758757,2.8304784,-0.032669567,-0.15201324,-0.48720443,-1.4712731,3.1004226,0.22290765,1.3348097,3.1780863,-1.2984408,0.95190984,0.45584458,-0.35534382,0.64377016,-1.6440272,-0.58381623,1.474566,1.6301991,-0.9995378,-0.8474948,0.5751771,-0.8789104,0.006900789,0.38394657,3.0652916,-2.4331665,2.033545,-0.34868395,3.0056832
526892140,-1.2331865,2.13265,0.3709565,-1.95196,-0.12135647,-1.0124239,0.18466176,3.8775942,-1.2030345,-0.911182,1.1650176,-2.5095348,1.1023624,0.1935523,-0.43656722,2.1358082,-1.0849209,-1.2603806,-2.0083776,-1.3061546,0.9448275,3.0317779,1.2607096,-1.1632161,0.13955039,1.7670424,1.5083584,-1.1630595,0.018573053,-0.30005878,1.1517056,0.75404716
526892543,0.66531366,0.47984642,1.5988103,3.940618,1.5693232,-1.1203207,0.2717169,-0.5495828,-0.67277575,-1.228886,-0.5755641,1.2817801,-0.63432556,-1.4579644,0.79733855,-1.4327562,0.43598706,-2.0804005,-1.0705394,-1.7799606,-0.14637098,0.37543797,3.180377,0.22779332,0.93018186,-1.0057427,-1.7160956,2.4163117,0.2718626,1.4168878,1.061845,1.0572593
526895501,-1.0059427,2.3259687,0.7030077,-1.4877425,-0.4152147,-1.0500474,-1.6045352,-1.3304988,-1.2557038,1.0933335,-0.89899856,-0.1803995,0.543776,-0.31854507,1.0084875,-0.94790566,-0.23432204,0.5536899,1.8037106,0.042948782,-1.3180076,-0.53835565,0.83356106,-0.41619992,-0.36500418,-0.1521722,-0.124930754,1.628789,-0.06407513,-0.148599,0.4337377,-1.2936393
526896472,0.73845077,-1.6793252,-2.021151,-0.3496221,1.2735571,-0.39139012,-1.9452968,-0.11313082,-0.061123744,0.079877116,-4.5742726,2.8088293,-2.0877604,-0.050385345,2.9157002,-2.8938706,0.98762953,-0.14435843,-0.23156181,1.8831203,-0.27368587,-0.52490765,-1.2189089,-0.81697863,-0.67183,1.3620926,-0.79365385,-1.4040931,-0.6643589,-0.20960271,0.63861173,-1.178012
526896612,0.38134605,-0.5474241,-4.1893835,0.5890065,2.1561139,-1.7789984,-0.61428535,-1.8076688,1.104285,0.13137096,-5.590325,4.5660453,-3.5542169,0.8083062,5.7459073,-2.772383,2.0815864,-0.3059897,0.66535014,1.8949732,1.7175452,-0.48538458,-0.38905036,0.4432429,-0.40511736,2.7369363,-0.7012198,-2.5800683,-1.3720379,-0.6616411,2.262808,-0.46220636
526897594,-0.73037976,1.1004789,0.9849183,-0.13952342,-0.3016842,0.36464348,0.71765774,0.8754983,-0.52074456,-0.08210254,0.24382477,-0.931995,1.1130887,-0.5026533,1.046938,-0.08043935,0.19107248,-0.72337097,0.2070703,-0.9589653,0.3869493,-0.41764957,0.5432296,0.06695188,-0.10091569,-1.328635,-1.2974472,-0.82512474,0.1614757,0.9203558,-1.125665,-1.3388885
526897639,-0.24414921,-0.11605613,1.1144332,0.41155532,1.1103919,0.40739763,-0.6592101,0.07088275,-0.18933415,1.0432826,0.64136964,0.3324772,1.2331803,-1.0432067,1.3459247,-0.753491,0.22275265,-0.82967293,-0.3131091,-0.029328484,0.15793061,-1.2863579,0.39870355,0.07409371,-0.45863304,-1.5401785,-0.49357256,0.37584564,-0.21792118,0.26564726,-1.5405579,0.8303233
526897676,-0.7182271,0.5934406,1.056087,0.081103906,-0.4510731,0.55507153,0.05054977,0.45320606,-0.8196055,0.3096041,0.3622043,-0.9284569,0.8633306,-0.38664535,1.2090925,-0.13117813,0.63563985,-0.5153555,-0.25509983,-0.67482996,0.51008856,-0.6989105,0.77346224,0.83715856,0.10123744,-1.0293031,-0.84123915,-0.633131,-0.32276392,1.0148631,-1.1050758,-0.84123987
526897813,-0.58520514,0.43181574,0.59094363,0.8480516,-1.1238192,0.34748745,0.29286748,-0.22477084,-0.37366575,-0.48751295,0.8541844,-1.4835188,0.62316895,0.6675257,0.3639469,0.042231303,0.8872878,-0.100064546,-0.22261724,-0.42768118,0.42503142,-0.19031656,0.7967984,0.7949649,0.20115341,-0.6958012,-0.07357562,-0.70196724,-0.54049176,0.9860172,0.22827707,-1.0335315
526897933,-0.50035197,0.7133551,0.6041918,0.70112884,-1.7091706,1.2459304,0.7056716,0.543402,-1.7170895,-1.3457372,1.0646857,-2.7756696,0.6654142,1.7649012,0.013455299,0.060891937,2.0168726,-0.345354,-0.4482045,-1.36467,-0.83586675,-0.6410574,1.7527769,1.5275984,-0.8023891,-0.8796409,-0.73660177,-1.6703211,-0.5751228,1.2172854,0.1847363,-2.9590895
526899013,-0.8397628,0.12925361,-0.07442373,1.4684405,-2.1005151,1.5089452,0.7272765,0.27157277,-1.0701045,-1.358653,1.2239323,-2.237165,0.25683433,1.6159364,-0.6643975,0.16754417,1.7980157,0.31024793,1.1615356,-1.0360472,-0.20144755,-0.37341505,1.7310811,1.439812,-1.3013692,-0.53287005,-0.1816405,-1.9591151,-0.6892506,0.8526955,0.33317685,-2.06938
526899129,-0.16321857,-0.7744944,2.3266213,-0.26726383,-1.6595986,0.76169044,2.7280836,1.8712305,4.3015327,-3.1410217,-3.0461457,1.0878823,-0.3615875,0.07554856,-0.4025682,-0.17820878,1.7547338,0.56776154,0.61601543,-0.8610319,0.6583208,2.6998787,1.7638308,2.0311322,2.2740028,0.47598064,0.8144312,-1.437467,-3.9408388,-0.88947237,-0.5242083,-0.051042613
526900502,1.2894531,0.24616365,-1.0012177,0.59962285,-0.49221876,0.04641299,0.4415291,0.901365,-0.056155145,1.0017856,0.31872192,1.9110372,0.8028328,0.9906086,-0.16371953,-0.052953094,-0.21045363,-1.045201,-0.25688034,-0.8822995,-0.6353285,-0.17134319,-0.38352218,1.186139,0.8731603,0.196404,-1.1330802,-0.13510826,0.72603863,1.3581982,-0.10027082,0.2690053
526900943,-0.19647224,-0.38948923,0.07166469,0.75297475,0.47784814,0.6148199,1.2498461,-3.2245202,-0.41901925,-1.9099774,-1.4627813,0.043902736,1.7059639,-1.2008507,0.91958874,0.9404332,-1.2447236,0.5802766,0.66232824,-2.1399744,-0.2543764,-0.51584095,-2.0678685,-1.2972444,-0.67097926,0.43397668,-1.6828756,-0.5760454,1.4219344,0.2653262,-0.29731476,1.5813224
526900998,0.024925891,0.44137323,-1.0038198,0.76184213,0.62357306,1.0048419,0.059260774,-0.503152,1.4359007,-0.978461,0.3636623,0.48087782,-0.07906998,-1.5954586,-1.3288527,0.2032465,-0.10449503,0.15233779,-0.023864616,-0.91404474,-0.38845265,-0.94773626,0.11776466,-1.5168775,-0.18729022,0.1883266,-0.73115814,-0.016402122,-0.17910917,-0.60285723,-0.9086273,1.1373913
526901284,0.8247148,1.3270296,-0.092167996,-0.019431435,-0.070988774,-0.78369385,0.3527502,0.56587785,1.5454737,0.9956569,1.0863765,0.9519583,-2.1870615,-0.14859521,-1.0717863,-0.5359519,-0.440791,0.26675737,-0.7983526,0.023917297,-0.2697602,-2.148172,0.9438248,-1.7552949,-0.35322782,-0.3396425,-1.4023038,-1.435093,-1.3044976,-1.4012351,-1.9950943,0.77528214
526901630,2.302398,2.2782881,0.07084457,-0.30802915,-1.8990649,0.9069971,2.0922644,-1.840352,0.93158317,0.23195627,0.03614137,0.52328265,-2.8987532,0.18092215,-0.89423275,-0.07355232,-1.7150021,-0.79060733,-1.193082,-0.99261993,-0.2597964,-2.3254952,1.080592,-1.9525303,1.0808684,0.6539545,-0.5059198,-0.68572915,-1.3556017,-0.08587645,-2.9631827,-0.7970204
526901634,-0.6166177,0.051116604,-0.021243405,-0.31054795,1.2136706,-0.5031599,-0.4152903,1.1964092,-0.77087,-0.80038023,0.68120897,-1.0911431,1.1147025,0.7715327,-0.45696065,0.37674353,0.847201,-0.7134462,-0.20658514,-0.4058132,0.97100043,0.9328613,-0.07739322,0.17204261,0.10069473,1.4633744,0.5583709,0.51098883,-1.0536902,0.21960612,0.09922232,-0.046026286
526902309,-0.80350137,-1.0239437,0.28772146,1.7413017,-1.5013475,1.8091605,-0.3998971,0.026035998,-1.2599149,0.27162433,0.95477885,-1.113357,1.094345,1.8046546,0.14104892,-0.7939719,2.1327243,0.35068902,0.041581072,0.58013636,0.24894106,-1.1208658,1.8261231,1.8389249,-1.2686105,-0.7233659,-0.13113415,-1.1498966,-2.0500038,0.4347943,-0.5970586,-0.69617194
526902810,0.26261652,-0.9176432,0.8379051,0.16018082,-0.43609768,1.1290665,-1.7870218,1.9446163,-0.6414813,0.46741042,-1.4932356,0.63377976,-0.94488454,0.3823009,0.7811538,-1.3857051,-0.27261126,1.6240237,-1.1241723,0.42291024,-0.43381447,0.046090946,-1.2900065,-1.3939466,-0.12367673,-0.16794291,-1.0728089,-0.43819314,0.5571334,0.58632183,-0.16671741,-1.0616926
526902854,0.011296954,-0.6515761,0.2596049,-0.21290585,-0.38738844,0.28552437,-0.12004155,1.2648289,0.14274473,0.009860583,-0.29564428,0.52743214,-0.47400224,0.65309215,0.7220118,-0.16924652,-0.36079797,1.0808778,-0.2195999,0.097192466,0.6355752,0.4196617,-0.3632864,-1.09582,-0.05904879,0.49453425,-0.6263907,-0.07800149,0.092217684,-0.012239963,0.6537738,-0.25348276
526902934,0.9589659,-1.2025654,-0.9596681,0.68100524,-0.19919506,-0.54703325,-0.5301267,1.0338166,-0.20286103,1.0692384,-2.5268176,1.313933,-1.949843,0.88464284,2.5512016,-0.8637693,-0.3587094,1.8111162,0.5594938,0.9128187,0.032830402,-0.2507497,0.24299233,-1.9722416,0.3520092,1.4982008,-1.1626916,-1.5136818,0.11055749,-0.09235582,1.6614889,-1.0163456
526902982,-0.12639242,-0.8076507,-1.3994033,0.36387032,0.12789138,-0.102766946,-0.71776426,0.7091239,-0.36818483,0.3322859,-2.108359,2.028901,-1.1386588,0.793032,2.5498948,-0.3856924,0.52930355,0.711419,0.0210079,0.86199343,0.89140034,-0.066074684,0.09476715,-1.6612787,0.3457651,1.26484,-0.6198908,-0.6360348,-0.31970835,-0.47451648,0.9165681,-0.4145233
526902994,0.54085594,-1.5008793,-0.16294529,-0.19446462,0.07021676,-0.0026734471,-1.7306067,1.6283257,-0.5135941,0.7679887,-2.5407426,1.656318,-2.08752,0.16747445,1.5441737,-1.8016906,-0.0011911094,0.7528807,-0.34797332,1.3885627,-0.70550233,-0.2760762,-0.97562635,-1.7083926,-0.077981636,0.2426087,-1.3109103,-1.1721065,-0.017489787,-0.07310894,0.49885252,-0.85288435
526902998,0.5314174,-1.013847,-0.8669407,0.4209503,-0.30367765,-0.5329438,-0.15352537,1.29495,0.08744429,1.1832424,-1.4060827,1.5534652,-1.6957709,1.0427183,2.1911213,0.15867095,0.017924398,1.7728672,0.31210762,0.27517635,0.57110566,0.19005762,0.45092747,-1.6279285,0.8871979,1.5076652,-1.2182219,-1.0803143,0.10311103,0.14016065,1.5072844,-0.53306556
526903014,-0.69980085,-0.07338716,1.3435277,-1.2334898,-0.52031696,-0.039902687,-2.2428453,1.4237984,-1.5181649,0.3884917,-1.724004,2.054358,-0.3412547,0.21289854,-0.0046174484,-0.8541634,0.92104423,0.044466443,-0.6795713,0.77083516,-0.8966094,-1.1238422,-0.608022,-2.5326922,-0.14216329,-0.5002656,-0.9677608,-0.13413455,-0.36748955,-0.6501293,-0.6342889,-1.640844
526903180,-0.45883834,-0.5940033,-1.370708,-0.62052023,0.7359572,0.21838999,-2.4300687,-0.042108785,-0.59671533,0.1530911,-3.247002,2.5738893,-0.73199797,-0.48370546,2.2764368,-3.1228094,1.1308576,-1.1051052,-1.5251015,1.4938396,0.08828585,-0.24541922,-1.6981463,-1.0783947,-1.6343222,0.82488954,-0.6366398,-1.4141552,-1.1972036,-1.0029354,-0.30563566,-0.4261163
526903210,-1.3137407,0.85256565,0.5605528,-1.8452631,0.43750402,2.5398924,-2.634606,0.23382969,-0.9377791,-0.5395762,-0.3135984,1.764551,2.20252,0.05027786,0.017450217,0.02534194,1.1521528,-2.7086463,-2.1877906,0.23872805,-0.18680741,0.44254142,-1.3622413,-1.0111943,-1.2762756,-1.5807213,0.6989591,0.4020065,-1.5437756,-0.58003163,-1.3324496,-0.75309503
526903489,-0.39262587,-0.90424937,-0.67352116,1.2061478,0.84629965,-1.4459826,2.2518222,-2.5120535,-1.8535261,-2.4593642,-1.2631723,0.34052,2.5091355,-1.0951165,1.3252645,1.300936,-0.184414,1.9563938,0.5157093,-2.5562007,-1.3940659,-1.0695186,-2.5553749,-0.70459276,-2.1057963,1.2408763,-3.1282568,0.61231554,2.3605213,0.2652883,0.9462697,0.09385615
526903529,1.0416806,1.7332492,-2.5888746,-0.05216504,0.21625689,-1.5579814,3.3850362,-2.1720135,-1.0364299,-1.8617107,-0.42032537,1.4801371,2.4193654,-1.7583103,1.281639,-0.7485003,1.8491782,1.9864442,0.48335063,-0.99220586,-0.48210236,3.2483046,-1.0273348,-2.1842005,-3.5943868,-1.8443186,-6.801305,1.4624137,3.167053,0.18018885,2.8881576,3.1554444
526903739,-2.635324,0.8598552,-0.34471488,-2.5911837,0.46631414,1.7941833,-4.2028613,-1.4719026,-2.4197133,-1.3856511,-1.982829,3.1826465,2.0431576,-0.5916408,1.3035337,-2.0585167,2.7386672,-4.535977,-3.4707375,0.09009671,-0.39658138,0.7592796,-2.088695,-1.1407447,-2.7862153,-2.1071582,0.766987,-0.37290877,-2.4321687,-1.6296712,-1.6393138,-0.33654618
526904379,-0.7361688,0.72275114,2.5245283,7.067211,4.2680783,-2.4883664,1.5154806,-2.3074727,-0.17976695,-1.8455051,-0.65543014,2.7543917,-1.3435227,-2.2100434,-0.6414498,-3.0584505,0.301699,-5.01797,-2.5566635,-2.2242296,-0.124844015,-1.5991317,5.8200946,-0.9546896,0.70148957,-1.1610597,-4.5990486,3.9784007,1.8389305,3.6069012,0.58947134,0.86175144
526904628,-2.6879072,2.645034,0.2886182,-3.1569054,-0.12900917,-0.07206335,2.111302,2.4347777,-0.4058501,-1.1267984,2.3483152,-1.2388241,2.8663483,-1.1946006,-0.66339815,1.397404,1.3288847,-2.1959076,-1.5110216,-1.1192946,0.53986627,2.3771324,2.1606295,-1.027433,0.57405925,2.5959392,2.5665152,0.5639811,-1.652533,-0.154066,0.85161865,1.6454613
526906166,-1.351401,0.08923273,-1.9616549,-0.54538065,1.5456785,0.7264624,-2.532639,-1.8077651,-0.2952458,-0.45600164,-3.5587308,3.6662912,-0.19405228,-0.015028626,2.8447094,-1.595397,2.324677,-2.2059157,-1.2732939,0.69439316,0.39979282,-0.074961975,-0.9918753,0.16472039,-1.26534,-0.36734298,0.2008651,-0.98404604,-1.6435391,-0.9193746,0.2507322,-0.59786576
526906462,0.18376777,0.57837856,0.8068664,-3.1924186,-0.38572055,-1.1362493,1.4465001,1.5030686,-0.5978935,-0.13371725,1.4254512,-2.4438512,-0.33845246,0.054754827,-1.3019978,0.27662298,0.041201763,-1.9549345,-2.4585118,-1.813938,-0.65816367,1.4252381,2.3988166,-3.1704931,0.028436886,2.154883,1.9898313,-1.4188826,-1.4466318,-0.5292895,1.5903878,1.2764468
526907338,-4.4252462,4.0782375,-1.3104925,0.7869061,-0.92446834,1.3014116,0.37917268,-2.174701,3.7220435,1.0813168,2.409359,2.44403,-1.7350879,0.9670816,2.5609596,-1.4271004,0.34024495,-1.3984103,0.032825183,1.4302166,0.7370727,-0.9351147,-1.5820776,0.005672112,-1.3149221,0.48916924,0.031122249,2.1650221,-2.279894,3.4789991,0.78000236,3.2606587
526907500,1.1260626,0.4780346,-0.79194766,0.71329427,-1.155706,0.12477489,0.47738272,1.5785837,-0.53669363,1.1819503,0.2226046,2.032893,0.91002834,0.77697724,-0.112834096,0.5955741,-0.2236501,-0.97006905,0.3345122,-0.6995515,-0.6975736,-0.34046504,-0.48613432,1.2525187,1.3930606,0.34332523,-1.0162942,-0.6679038,0.6423442,1.5101849,0.057417244,0.028377406
526907921,1.5584074,-1.2418169,1.6612145,-1.1012076,1.5192381,-2.1424692,-4.4514794,2.4870317,-2.1769,0.7233682,-0.23778422,-3.2721655,-1.2233685,1.8006773,-0.18401957,0.98359275,-3.7311294,0.97912174,-2.5233746,-1.0634073,0.8301089,0.24639575,0.0864027,-0.15531218,-2.5558033,-1.7117995,-1.4858148,-2.9983156,1.7536428,-1.1466985,1.524127,-1.7003179
526908115,-1.7483662,-1.2725261,-2.8221762,-1.5552031,0.7272425,1.4375694,1.0280848,-1.3923655,5.2632995,-1.2003254,3.4232376,2.9479604,-1.4628307,-0.39963654,3.7296803,0.7429965,-2.781663,1.4276944,1.0179262,-5.1788735,-1.3229965,2.0650218,-0.5146822,-0.056935593,-3.85261,0.0634961,-0.74096173,-0.20985274,-1.1365949,2.0943716,-1.0406213,1.8882896
526908270,-4.0434904,-0.559207,-3.7790422,-0.26815224,-1.300506,1.7993582,1.0891868,-2.1533267,6.1587763,-0.15596515,4.11271,3.0031888,-1.7914121,-0.2518349,5.238641,0.46274906,-1.8658615,2.851335,-0.0073604174,-5.2577677,-0.7757112,3.4613311,-0.46361244,-1.2245262,-4.364233,0.75220144,-1.3016902,1.7389895,-2.0048308,1.8789898,-1.6703525,3.335582
526908472,-1.0348536,2.8625486,-0.9813598,1.2500076,0.26181132,0.23014723,0.038712222,-0.50953037,1.2628194,0.6317028,-0.09494245,1.2189144,-1.2085521,-0.34661436,-0.41943,0.06289191,-0.13026151,-1.76735,0.1296535,0.8257341,0.9783712,-1.9887518,-0.06501094,1.4381106,-0.016164215,-0.18487155,0.8961534,0.57753867,-1.2605526,0.9648997,0.6555831,0.09512095
526908496,-1.6847688,2.6339612,-0.70521563,0.8401659,0.51109284,0.8966525,0.17012131,-0.8466619,1.6427056,0.80203646,0.7420755,1.3474748,-1.5801018,0.4736999,0.5803942,-0.9816113,-0.05597547,-1.8736087,0.32221487,0.71958596,0.8944077,-1.6248183,-0.2894474,0.91459,-0.29336622,0.09115808,1.1095723,0.6961816,-1.5757667,2.1469514,0.9928053,0.68598604
526909289,-2.8744576,1.0979086,0.38026857,-2.5062919,1.4108889,2.8127072,-4.095124,-1.707978,-2.5093567,-1.901916,-0.2608372,2.1588292,3.2750473,-1.1682236,-0.91476244,-0.41814023,3.538995,-5.0792017,-2.469879,0.3775888,-1.2560214,0.32629758,-2.3357677,-0.41177458,-1.9234428,-2.9568264,1.6983705,0.6526501,-2.3518932,-1.2488595,-2.350661,-1.1821563
526909447,0.39682105,-0.56047213,0.3295596,-0.5993766,1.2503436,-1.4662973,-1.7329185,1.9911643,-1.2122567,-0.26811987,1.07185,-2.1674726,1.1329917,1.163361,-0.40815774,0.51765186,-0.8358473,-1.2127507,-1.5426193,-0.23087093,-0.2793372,0.6985632,0.2799363,-0.6323836,-0.47820935,1.1782935,0.40164638,-0.8738812,-0.025680415,-0.2255902,1.2056013,-0.2132734
526909731,-1.4596676,2.0587966,-0.35431617,-3.4046683,0.7605377,-2.2521565,1.5025846,2.974085,-0.90165496,-2.6500685,3.0514853,-2.6103737,1.9706867,0.09271383,-1.680114,1.2614585,2.0203724,-2.9645658,-1.5828029,-0.8865108,0.0305498,2.8015976,2.4805295,-2.554822,-0.10305177,4.549217,2.686221,0.5520733,-2.7888677,0.1485713,1.6410847,1.5461546
526910005,-0.35080588,0.6385418,1.2741389,0.18601349,-1.2937657,0.5470739,-0.19248107,-0.44165164,0.015123788,-0.055609196,1.0157557,-0.95808804,1.266566,1.135994,-0.031272236,0.71845585,0.17983115,-0.34030676,-0.6279527,0.117433146,0.9403677,-0.20061405,0.7722226,1.3551278,-0.42358187,-0.74799865,-0.22546211,-0.10472979,-0.47705007,0.9800855,1.1463413,-0.5280351
526910637,-0.12757218,0.75051814,1.4686604,4.688521,3.047427,-2.0961015,1.4265548,-2.4968061,-1.1458809,-2.4713638,-1.5569413,3.4449058,-1.4867054,-2.5424929,-0.24234617,-1.2171941,0.34233752,-2.6810842,-2.0435328,-0.42215884,0.30618376,-0.6386938,5.015614,-0.76382184,0.24849442,-0.886767,-2.4465718,3.7360458,0.9988833,2.0022774,-0.05684361,-0.13148189
526910669,1.0311214,2.081535,-1.7879993,0.48340997,1.2046845,-2.1260984,2.2380905,-1.9631885,-1.639339,-0.8313585,-1.7092965,1.4838487,0.9993428,-2.5286496,0.6909038,-0.2774944,-0.31054476,0.02220302,-0.81586033,1.551191,0.79935044,-1.0523394,4.275556,-0.13459994,1.0301254,-0.8783268,0.7795897,1.0880396,-1.5986357,0.1336495,0.6472794,-0.04633061
526910823,2.8350456,0.8519922,-2.1150498,0.06541517,-0.7469096,0.14815587,1.9495105,1.5643172,-0.14180186,1.4141679,-0.9103753,1.4434931,1.5019487,-0.123215765,0.9971413,1.48833,-1.4143987,-1.1540233,1.5042803,0.22401613,-0.8007224,0.33591613,0.22559766,1.6916506,3.0138824,0.24497285,1.9184253,-1.8490338,1.3901124,0.92514706,0.9480629,-1.6005701
526910862,2.359775,2.068986,-2.510943,0.5540714,0.55903524,0.7151283,1.6785796,0.0061390074,0.82462376,-0.05507958,-0.46177998,1.2525433,0.38612545,1.0074235,1.6350777,0.89966357,-1.0865551,-1.5137113,0.880676,-0.12872946,-0.2678697,0.78795487,0.7125072,1.6931007,1.6483786,-0.17407507,1.8266252,-0.33196235,2.3247385,-0.50890625,0.27631572,-1.7304412
526911039,2.7491405,1.4333413,-2.774828,0.80003417,-0.8783772,1.1810853,2.3320801,1.8389633,0.68409663,1.1294147,-0.7708437,1.9731061,1.1251276,1.9941441,1.744038,2.5106168,-1.8670601,-1.6276659,1.7075663,-0.19422865,0.02150501,-0.50406414,-0.33760086,2.6609535,3.7465646,-0.68216366,1.8046949,-1.4697719,1.8770111,1.1080533,1.450833,-2.6560173
526911877,0.9425896,2.2201903,-0.9890798,-0.41217032,2.7613366,0.14848875,0.884228,-2.105563,2.0963204,-1.4769223,-0.95207566,0.5415307,-1.2536838,0.40349248,1.5148312,-0.9713271,0.26103336,-1.3460611,0.8341233,0.037183873,-1.2014431,2.3690047,1.1558132,0.67120713,-1.4290259,-0.044201404,1.3281466,1.6334794,3.3702202,-1.8116981,0.46470508,-1.197419
526911969,2.2586977,2.6926076,-0.43836007,0.7093107,-1.9877454,1.5774728,1.7233789,-2.0506268,1.8351672,-0.34798068,0.63819486,1.0428498,-2.5041988,-1.4300414,-1.7897505,-0.11411517,-2.146606,-0.41947365,-1.5998996,-1.3921719,-0.4891617,-2.8882687,0.6696269,-3.4333363,0.7230984,1.1574075,-1.2267847,-0.46116993,-1.31655,-0.631944,-3.7408555,0.03685061
526912258,-0.19981678,-2.4872787,1.4574436,-0.74826455,0.10066357,0.35425484,2.626671,-0.5068511,-0.1317189,-3.5507264,-1.1547974,0.28691316,-1.9910983,1.0858243,-1.8064455,2.208315,0.95299655,0.53333807,-0.16265264,-0.024008581,-1.0738553,3.123414,2.1014245,0.8548475,1.4654016,-0.33808458,0.05436924,1.7999896,-2.5048926,0.004471116,0.68402374,0.9114096
526912755,2.8991141,1.8946437,-0.19169074,2.070464,-1.8157547,1.5623564,-0.863412,-1.0526752,-0.87673706,1.5533074,-5.168275,-3.4892948,-1.1368916,-0.018368132,0.42681074,-0.3473077,-1.0988523,-0.16982861,0.14973138,1.001967,-3.7813697,0.93755597,3.018079,-1.9957067,0.33008456,-0.048488706,-1.0670937,0.82649136,0.63207734,-1.8498342,-0.60640424,-0.65249336
526913401,-1.0906216,0.89761204,-0.99620336,0.6612055,0.32115245,0.25116938,-0.11044346,-0.6575003,2.1411755,-0.6030434,0.38973567,1.2774323,-1.2761608,-0.1212911,0.43531752,0.2438461,-0.9244414,-0.47919887,0.006685864,-1.4181814,0.491621,-0.3771764,-0.25360793,0.8222038,-0.34068516,-0.085482806,0.3194811,0.13842496,-1.0835421,0.8640835,-0.24043888,-0.41506112
526914197,-1.1600723,0.8100866,-0.7225252,-0.78810984,0.6988492,0.9900091,-1.6892146,-1.039315,-1.2963712,-0.31215978,-1.3662063,2.8938386,0.66166717,0.15644048,1.6130872,-0.3364439,2.3185098,-2.9648523,-0.8702288,0.18804193,0.3233005,-0.25892252,-0.5623636,-0.74536043,-0.5747881,-0.44391838,0.6185205,-0.34905344,-1.6662749,-1.2361823,0.416423,-0.8770405
526914529,-1.8424454,0.10532151,1.4902735,-2.5631223,0.57361054,3.6221154,-3.9863687,0.0041805394,-1.7248757,-1.1682779,0.34720287,1.5384318,3.4685342,-0.93125486,-1.7730316,-0.30766365,2.0854406,-3.6114955,-2.7546098,0.045427203,-1.3383604,0.9441147,-2.0144718,-0.2661416,-1.9367352,-3.0030925,1.137688,0.9919953,-1.3535292,-0.36644748,-2.4478443,-1.5149685
526916653,0.09647757,0.6979677,0.71789867,2.1182492,-0.0058637876,0.010574918,0.37295046,-0.12834641,-0.41282105,-1.8202485,0.41514495,0.50088954,-0.5716152,-1.3113097,0.47891146,-0.10446066,-0.14449503,0.22052771,-0.24865897,-0.48681867,0.35686815,0.62174857,0.15729499,0.48484576,0.05187317,-1.2694062,-0.87991714,0.8237911,1.4953375,1.2828333,-0.38447636,-0.3554725
526917284,0.4727623,-1.2165123,-0.41532123,-0.9937598,0.56072044,1.0724127,-2.0950153,0.5561482,-1.216952,0.09634996,-1.7332536,1.7635514,-0.029940613,-0.4404148,0.38758418,-2.0806556,0.7984116,-0.78037065,-1.3510709,1.085325,-0.4008292,-0.81654483,-0.89926255,-0.918867,-0.48207748,0.1447762,0.2356941,-0.15638223,-0.53515184,-0.60193896,-0.70018303,-1.4185477
526918456,-0.84667397,3.341165,1.2576576,-1.9732231,-0.7819825,-1.1322842,-2.567388,-1.4192704,-1.1871382,2.048573,-1.3437668,-1.0268099,2.379238,-1.5307016,3.580907,-0.07447511,-0.40762398,1.6793064,2.4722292,-1.3643069,-1.037689,-0.46687877,0.8929235,-0.124891326,-1.1585658,-1.1512951,0.32926652,2.3397398,-2.2087138,-0.37628624,0.33811224,-2.1097102
526918701,-2.107596,1.3922513,-2.04377,-0.9889222,1.0276711,0.36408466,-1.5390499,-1.8843032,-1.5137504,-0.9956256,-2.7246149,3.8113449,0.38747755,-0.2599511,2.2346528,-0.7988102,3.228001,-3.623341,-1.2089875,0.56431305,1.0532254,-1.063469,-0.35324472,-0.0891113,-1.2000443,-0.4635387,0.670287,-0.49272174,-2.7222087,-2.0901372,0.19478539,-0.8224257
526919156,-0.3539195,-0.033309445,-0.81229526,0.96463984,0.14665054,0.17231166,2.8183546,-0.1539726,0.758605,0.50129795,-0.85732895,-0.38471323,-1.1193156,-1.853887,-1.4784445,0.83103603,-0.14851622,1.4985459,2.8971825,-1.2216308,1.1933101,-1.390327,1.1199834,-0.1922771,0.38871893,-1.0596914,-3.5708773,-1.588935,-0.67048347,-1.872547,-2.2083871,-1.4675517
526920035,-0.59651667,0.08198698,1.0505322,0.7612588,-1.5637852,0.7871836,-0.21727467,-0.3506365,-0.6483668,0.12101799,1.2728597,-1.3432281,1.3467053,1.4513274,-0.12951498,-0.042898126,1.3689815,-0.29822463,-0.49299547,0.031086352,0.7742156,-0.857244,1.0572287,1.6110506,-0.40443718,-0.43934235,-0.0044462904,-0.5389383,-0.95056534,0.43848228,0.47932214,-0.6165544
526922431,2.0896103,1.4149411,-1.9612482,1.0728345,1.3873113,-0.114127904,0.83533597,-0.17118952,0.5271086,0.10668139,-0.55797464,1.0653616,-0.21429136,0.2991448,0.44108003,-1.2264462,-0.77958286,-1.4323896,-0.41683537,0.35404783,-1.6925315,0.3698902,1.1749432,1.6056025,1.1078994,0.80847687,0.12094208,0.61338323,1.8604503,0.15625061,-0.29724053,-1.038878
568922001,3.128698,0.20530759,-3.143581,1.2799693,-0.58511597,1.2267492,1.8807238,0.7636021,-0.12003958,0.91512966,-0.11510309,0.57313514,1.8849807,0.67905504,0.69978845,1.2567749,-1.9777354,-2.3512437,1.0314068,-0.21469736,1.1557003,0.5666472,0.32276884,1.2053604,2.826626,0.34262863,2.049455,-1.1417574,1.3743184,0.06909169,0.36437893,-2.412091
568926475,-1.5394002,0.767341,1.1911998,-3.1668527,-1.7855195,-1.2980858,-0.28033802,-0.28067446,-1.2920749,-0.27252877,0.45184806,0.47069097,0.7858249,-2.3062756,0.9327129,-1.676582,-1.3649621,0.30953944,0.8566399,0.48055232,1.0706563,-1.115327,0.57049745,0.15429787,-0.23705634,1.7949269,-1.7384256,1.6081778,0.57280374,0.96817684,-0.64879596,-0.6228103
568927010,-0.5840999,0.07300891,-0.2784992,0.8124113,-1.0681903,0.60269773,0.71945703,0.14726663,-1.0782126,-0.6034146,0.47078866,-1.2870524,-0.27352345,0.7713097,-0.09441279,-0.47307852,1.1640718,-0.025838437,0.91634345,-0.22009131,-0.29297101,0.037411332,1.3675879,0.7145026,-0.7311774,-0.551874,-0.006648533,-1.1977684,-0.25001663,0.7624799,-0.09183444,-1.1198834
568927147,0.58997065,-1.7272764,1.0718353,-1.5239106,1.3288504,-1.8343593,-0.8985068,1.5624163,-1.0518141,-0.32691705,1.8274318,-3.077306,-0.94359213,0.9417043,-1.2104577,2.1113083e-05,-0.2133267,-1.0441893,-1.6133752,-0.03590773,-0.53163004,0.17158103,1.2127371,-1.7415723,-1.6708148,2.6307497,0.76060456,-1.0334188,-1.5382882,0.24957597,1.5026374,0.35063547
568927429,-0.36887842,-0.6224151,-0.008470055,0.36760637,0.7365409,-0.21344768,0.90220034,-1.6923015,-0.65090144,-1.7356133,-1.2309872,-0.035839375,1.1542531,-0.4194921,0.1880436,0.8375403,-0.24313727,1.1932697,0.028829515,-1.7591287,-0.4982979,-0.82966524,-1.594046,-0.4571956,-0.7600568,0.6601794,-1.3706324,-0.0018472243,1.4096743,0.079189286,-0.0036020428,0.47460473
568927805,-1.3372065,2.0337725,2.4773679,-1.2834958,-0.45682573,-1.1739006,-1.8060409,-0.6518789,-1.6389532,2.121109,-0.39880508,-0.33786392,2.3311055,-2.1345072,3.6039152,0.91510636,-0.68951595,1.2098483,2.2686102,-2.3305798,0.74460083,-1.0759249,0.26914883,1.086507,-0.5674639,-0.10395786,-0.06609015,1.549393,-1.9415365,-0.050344195,0.12559003,-2.2210383
568927937,1.1241361,-0.92397624,-0.6091293,2.3553236,2.592972,-2.3495152,-6.5515475,2.6243918,-3.0253572,-1.1722112,-0.5103327,-2.8180072,-0.48468584,2.2041261,2.6580336,1.6735533,-4.173131,0.14575572,-1.900078,0.2883061,0.7244169,-0.7825843,-0.5883332,0.6368786,-2.6065779,-0.67254084,-1.617254,-1.922502,2.9390435,-0.65078664,0.7758633,-0.011139061
568928383,-0.99451244,0.38797763,1.8964397,-5.782492,-0.3706157,-1.467324,2.4285245,1.1382169,-0.83666563,-0.6616579,3.123095,-3.393422,-0.2987695,-1.4940753,-1.6367129,1.1489958,1.3820163,-3.2377827,-3.3303008,-1.1393938,-1.4338396,1.4220858,3.7933364,-4.4860272,-0.15284587,4.2842493,3.8380115,-1.7685058,-3.755688,-1.2918787,2.4453106,2.662061
568929052,-0.34213343,-0.15352264,2.4010322,1.4838307,1.1254609,0.6744296,1.7435036,-4.1232677,0.4789868,-2.1332679,-3.2444606,1.1623406,2.763033,-1.1206048,0.77412635,2.6796916,-1.4302639,-0.59899026,1.2822974,-2.178239,0.68382215,-0.9569876,-3.271042,-2.719617,-0.7113736,0.065940574,-2.892539,0.08670615,1.268948,0.71534675,-0.067858085,1.4587629
568929211,0.46221367,-1.0920148,0.43075973,0.38923287,-0.049039453,2.1099045,-0.6578218,-2.2128723,0.9147184,-1.9501694,-0.57010347,-0.09799056,1.6014556,-0.4104411,-0.43501338,1.1146647,-1.0387731,0.18696444,-0.32680744,-1.5412867,-0.16782373,-0.23652856,-1.4312012,-0.38819116,0.6201741,0.10918158,-0.52242297,-1.2777517,0.55889356,-0.80313605,-1.6402144,1.0562526
568929262,1.3106387,2.8857243,1.6083523,-0.82762235,-2.814962,-3.0675917,-0.20805319,1.9056875,1.9619571,3.5096416,2.7401526,1.7266625,-5.1330743,2.9687111,-0.12658563,-1.1515397,0.26263016,0.023918323,-1.7522846,2.2442586,-1.0590633,-3.3444145,1.2535967,-3.28587,0.70870984,-0.4364483,-2.2344604,-4.2970867,-3.6221619,-0.99593925,-1.9811472,1.0442709
568930005,-3.012136,-2.2869146,-1.5620459,0.13862589,2.276497,-1.3017809,1.4397849,1.2141323,-0.45565504,-0.17651735,-1.6485881,-0.49020892,-0.7586233,-0.22133496,1.1720507,-0.5582512,1.0015653,1.2612505,2.6687822,-0.93249625,0.5318315,0.08033043,-0.017161377,2.799203,0.99886763,-2.3548305,-1.6035852,0.40810263,0.3403962,-1.339507,1.6171658,-2.2061214
568930983,-0.28618962,3.9657316,0.10688481,0.58047736,-0.08834184,-0.52937716,-1.4191792,-0.79821587,0.2136865,0.4973833,-1.8945495,0.94345635,-1.5274878,0.74663913,-1.7189133,-1.7629094,1.082732,-3.6501024,-0.45750424,2.7738051,0.3950989,-3.8956313,-0.37072694,2.7716897,2.057928,-0.42117178,0.82968205,-0.37526345,-1.2792236,1.4366374,1.978745,-0.5078347
568933929,-1.5669577,2.8109593,-0.9351397,1.0895375,0.19160086,0.7083841,-0.40068626,-1.0471034,2.3697948,-0.14909336,0.72815335,1.9207659,-2.0347743,0.5905063,0.5086604,-0.7108243,-0.16038547,-2.2621381,0.24941568,0.825455,1.0911962,-1.8345692,-1.1770113,1.1822591,-0.25576374,0.30471268,0.37442377,0.5065512,-1.6066276,1.9485775,0.7992506,0.3618512
568933984,0.73730093,2.6648922,1.7278395,-1.3913884,-2.0933688,-3.7173347,-0.4492491,1.8806576,1.3010609,3.3833919,1.9234965,1.3455838,-4.801528,4.0382633,1.1307871,-0.9421494,0.38965344,0.7749486,-1.6434494,2.4301112,-0.70656544,-3.0751357,1.6461074,-1.6696666,0.78249,-0.4677814,-1.4829367,-3.4242852,-2.741623,-0.87468386,-0.75863457,0.10837097
568936307,-1.5021096,0.70036364,0.3814228,-2.4576848,-1.2822927,-1.3269677,-0.65857035,-0.5556459,-0.839065,-0.6617931,0.56724495,0.15825868,0.9364587,-1.4064199,0.4668464,-1.8872727,-0.16779801,0.8786701,0.8492542,0.3961045,-0.08087713,-1.4323096,0.4241452,0.23172449,-0.023120657,1.3693537,-1.1257957,1.590051,0.43751904,0.5139468,0.06911883,-0.96462995
568938396,-1.567419,1.481037,-0.541178,0.5182787,0.9307675,-0.2584114,-1.3090507,-1.4468582,3.2832177,-1.0772316,1.5407751,2.8125043,-0.96775633,0.52238554,-0.32594433,0.540404,-1.0241643,-1.562874,0.5918798,-0.36287928,0.3997087,-1.2765495,-0.46815526,1.6682315,-1.5806508,-0.367785,0.105201736,0.5486458,-1.2409416,1.4998845,-0.32474345,0.9054024
568938599,0.7228976,-1.4983737,0.8991582,-0.91388184,0.92218953,-0.7938466,-1.4659344,0.867742,-1.0030656,0.3337525,0.67185616,-2.1141374,-1.110744,1.0678986,-0.764935,-0.36416808,-0.39017025,-0.34441447,-1.1907601,-0.42323378,-0.4222393,-0.42213175,0.8023919,-1.1875323,-1.0839626,0.8567331,0.32885846,-1.0032105,-0.68984973,-0.17663744,0.871774,-0.25869468
568938745,0.10622075,-0.45352948,-2.224171,0.94730943,0.9359113,-0.970035,-0.3249583,-0.495867,-0.09248836,-0.25785187,-2.9885235,2.968018,-1.7680745,0.79920596,3.692545,-0.9966105,0.76961005,-0.009413,0.66487896,1.5122553,1.4773235,-0.25843233,0.44567773,-1.1296415,0.21180676,2.316836,-0.20198204,-1.1430842,-1.1940093,-1.3836366,2.0388381,-0.22749005
568938894,-1.1774362,0.4840716,1.0155307,0.34435618,-2.5054183,2.5183942,-0.07100819,0.89528203,-1.4492785,0.9316282,2.712602,-0.18559647,1.586533,1.8399454,-0.8841576,1.1734391,-0.7033546,1.0988058,-0.4139881,-1.2492352,-0.006253464,0.22834311,-0.15861137,-2.0413733,0.15183534,-2.0028508,-0.40855017,-0.7932072,0.20579945,0.6625004,-0.07952914,-1.1115047
568938939,-2.4668295,1.0375638,1.8224734,0.17195918,-3.0392544,3.7076166,0.29704568,0.9549705,-0.27951407,1.2984681,3.2554717,-0.5170101,2.3587952,2.7109988,-1.2742846,3.3611856,-1.1062448,1.344682,-0.37616307,-2.3793201,0.37227327,1.0170814,0.36892557,-2.276725,0.8353489,-3.2682512,-0.8845,-0.36877513,0.9040722,1.1274675,-0.04355332,-0.8716775
568938943,-1.0812297,0.54635423,0.95872027,0.011504559,-2.3316593,1.881032,0.44007874,1.1241914,0.10807122,0.9132499,2.3749788,-0.20840216,1.0048748,2.343838,-0.19904098,2.770249,-0.74734116,1.6315644,0.1776711,-1.5177934,0.3286343,0.6642175,0.37257493,-2.1228802,0.48098034,-1.5966815,-0.29368174,-0.47941655,0.56861794,0.7032527,0.35580382,-0.70005745
568938999,-1.6722295,-0.8798165,2.6794765,1.2599075,-4.0521317,3.8179643,-0.22450696,3.1497614,-0.12942366,3.4081995,3.0005062,0.031319298,0.25941676,2.723182,-0.24834427,2.5353253,-2.3343034,3.0686507,0.37017787,-2.0244932,-1.1388297,0.89929414,-0.43582818,-4.0911727,2.418475,-3.3609378,-2.3937132,-2.2196715,2.1065013,1.838425,-0.11908558,-2.2953827
568939098,0.9368727,-0.7528968,-2.0162935,-2.1561995,-0.4466367,4.020686,-2.0042408,-0.83929664,0.7761076,-1.7764864,1.4367805,-0.4561567,1.7575672,0.69690126,-0.55268043,-0.93294716,1.4584615,2.372582,-1.1713822,0.66454375,-0.8261137,2.5284739,0.58123237,1.3858474,0.18954273,-1.3030695,-0.9685757,-0.69705075,-0.42372572,-2.1715064,-1.4151876,3.5219736
568941620,-0.034254674,3.0839112,-1.9510213,-1.7844077,-0.8349851,-0.8546893,1.9779104,-2.1276643,-0.85918593,-1.91373,0.35743228,-0.29173768,0.8693342,-1.5077928,2.064714,-0.26366517,-0.89136386,2.0241418,0.5601676,0.04192711,-0.78201777,0.6008346,0.8953773,0.879362,-0.41208768,-2.1790712,0.6819583,-0.23652487,-0.69713515,-0.07119668,1.5415226,-0.002121754
568941622,1.0751234,-1.1475487,0.75996095,0.13076594,-0.3271579,0.85602164,-0.96132904,0.74881387,0.4400881,1.3891066,0.77097774,-1.4504255,-0.2665597,0.8826175,1.6476345,-1.0042828,0.58392245,-1.9403374,-0.1831622,-2.2456253,-0.08416572,1.2109852,-0.13048789,1.7798208,0.7270565,0.1476791,-1.3003396,-1.1825944,0.15341833,0.41854918,1.3511589,1.0614167
568941654,0.90590215,0.18556371,0.122526295,-1.3116008,-1.2226346,0.77555823,-0.5894441,0.5462124,0.1669654,0.9794813,0.6050358,-2.091137,0.31482428,0.10419302,2.121371,-0.94742906,0.03849816,-0.11501587,0.12588803,-1.2344574,-0.04380411,1.6230766,-0.5163878,2.729468,0.40663624,-0.15477063,-0.47584885,-1.3678169,-0.15007892,-0.7152053,1.8945613,0.4255006
568941658,2.0376732,0.892066,-0.624644,-2.819207,-1.3750849,0.90861034,0.67483634,0.43676624,0.5465752,2.2758164,0.18398806,-2.9892004,1.0556095,1.0473412,3.3069885,-2.0100174,0.7585743,-1.7010244,0.07963325,-2.3038757,-0.2294898,1.8657206,1.7257476,4.307276,1.0975543,-0.41722003,-0.7776726,-2.0479558,-2.0045335,-2.435321,4.9637685,1.7410214
568943221,-3.4187481,2.2223601,-0.52036667,0.47485483,1.5262696,-0.025813125,-1.0232056,2.4685822,-0.6819716,-1.4625287,0.17137304,-0.32623664,3.235002,0.88096017,0.6992482,1.9987646,0.48124197,-0.28257418,0.30105793,0.47939846,2.6859388,1.8763632,-1.3874915,2.1768641,-0.116355374,0.31915474,0.25769898,0.9614919,0.48436928,-0.3591538,0.27783135,-0.5470914
568943231,-2.906936,2.0950015,-0.99617445,0.9992219,2.0880845,0.09894911,-0.96521676,1.9549177,-0.6561504,-0.9051325,-0.24529214,0.40769294,2.9868968,0.84228086,0.70294404,1.6830838,0.81160355,-0.4303202,0.23705801,0.2915202,2.1945794,1.4665291,-1.03791,1.939479,0.23000337,0.34101757,0.07348324,1.3974721,0.23524877,0.07761747,-0.10930446,-0.8866532
568944218,-1.3278003,1.5048006,-2.1329098,2.1082566,-1.2411981,-1.4358721,0.29987976,0.11249306,1.3483661,0.65267164,1.4076041,-0.62157226,-0.20870544,-0.80574906,1.726759,0.30558783,-1.1671549,1.43078,-0.093399286,0.48634928,0.3236453,-1.6066165,-1.0162734,1.0222104,-1.0078468,-0.7568067,1.4555352,0.1579963,1.8739009,0.16655779,-0.5751521,0.1504713
568944260,-1.0837237,1.5284275,-2.519391,2.2919884,-2.5745077,-2.8893335,1.3630909,1.9919748,5.00898,0.6892591,1.5300546,-1.0898923,-0.1419831,-1.4734383,2.7400732,0.41223717,0.17862459,1.7535506,0.58686197,0.040662847,1.0736051,-2.411409,-0.96563107,2.1753488,-0.16645505,-0.12737581,1.7822416,-2.2990725,0.7109875,0.6726188,-0.2673579,0.91167146
568944272,-0.92017514,1.381334,-1.3148521,1.2222444,-1.2387862,-0.8704383,0.4644754,0.9921785,1.7224563,0.12127196,-0.08785594,-0.061311185,-0.076559566,-0.9975713,1.6088277,0.14968114,-0.26289165,1.0968779,0.072341464,0.30987042,0.46448386,-0.9967312,-0.37206647,0.8082518,-0.1959706,0.16620451,0.84412974,-0.37862134,0.77838254,-0.22044826,-0.8911178,0.03386381
568944328,-2.2787333,2.5661027,-4.7095633,3.6592665,-2.125496,-2.9101388,1.0547284,0.38200906,4.117728,2.33606,3.5559747,-2.8874016,-1.1044163,-3.114032,3.7774107,0.9022156,-1.4015605,3.4519827,0.25751767,-0.15739305,0.8434102,-3.3032553,-1.2660578,1.3134186,-1.5126724,-0.4137715,4.2102704,-1.6210364,2.1035826,1.2275382,-0.27454388,1.8927805
568944348,-1.2558256,1.2931397,-1.6618645,1.8183982,-1.6051732,-0.9869521,0.6355781,0.55110836,2.4865575,-0.032731086,0.35832697,-0.68796825,-0.17615046,-1.5143013,1.7425642,-0.14420033,-0.3549516,1.5813888,-0.067337066,0.042511515,0.6275128,-1.1162441,-0.2252143,1.0584948,-0.52314657,-0.17241417,1.5282211,-0.8111401,0.3313583,0.14584297,-0.63706374,0.20850778
568944416,-2.1944344,1.5055412,-2.2327962,2.0979097,-1.5340825,-1.3849368,1.309465,0.4424535,3.61713,0.9736975,1.283808,-2.0307856,-0.44854483,-1.7649999,2.6680253,0.59989285,-0.81827945,2.4496198,-0.1706861,0.57747006,0.80996495,-2.2139816,-1.4051344,1.8518276,-0.35491544,-0.45590127,1.6719196,-1.1003649,0.3064781,0.3180768,-0.6312543,0.035059575
568944440,-2.3971384,1.5061071,-3.800506,3.2737784,-2.3160486,-3.6182396,1.5986856,1.0742272,5.6770306,1.336788,1.9845953,-2.2801163,-0.8031842,-1.9390817,3.5419352,0.77345914,-0.9135223,3.4103668,0.007618934,0.18478148,1.125992,-2.713076,-1.8205503,2.0169208,0.41647476,-0.3617177,2.3061736,-1.8861672,1.4574382,0.33238417,-1.2617335,0.57471377
568944536,-0.17701949,0.36808187,-1.342775,0.98355806,-1.4253396,-1.4020188,0.75963616,0.93922985,3.5935168,-0.544176,-0.48917603,-0.529341,-0.59247816,-0.52730364,0.94002116,0.24685948,0.41553205,1.1091474,1.1331155,-0.4165151,0.06936119,-0.7796131,0.100956395,1.1843866,0.6913022,0.5032689,0.7433554,-1.9609514,-0.55368704,-0.31489554,-0.4935127,0.13697806
568944551,-0.8060679,1.674365,-2.5496225,2.4262352,-2.1058817,-2.2415047,0.87509835,0.982926,3.7765374,0.48680928,0.92864114,-0.8761893,-0.12936004,-1.5791603,1.9170307,-0.16807516,-0.6042305,1.9126924,0.39365935,-0.051088966,0.52213323,-2.1265824,-0.5429611,1.1353563,-0.42693615,0.11385287,1.6230886,-1.3356252,0.33702704,0.28996927,-0.32388878,0.19733158
568944590,-1.5716305,1.2416878,-2.078533,1.5658934,-1.1766117,-0.89106005,0.6752746,0.14952084,1.6914188,0.77039003,1.041518,-0.8311669,-0.69183713,-1.4960369,1.7191064,0.21160212,-0.6624859,1.6163166,-0.19259998,0.4932474,0.19839534,-1.594146,-0.662069,0.44703573,-0.6518469,-0.26557887,1.9329418,-0.16438809,1.4258093,0.14507654,-0.28206167,0.5459969
568944770,0.8285779,-1.9765904,-1.9472935,-0.8712459,-0.33778843,0.22790414,-0.71710074,-1.2754942,-1.4923215,-2.0175693,-0.14978157,-0.93450266,-2.5651329,2.0044048,-1.0820316,1.9917374,0.8369514,0.1383392,1.1771829,1.6855063,-1.1063391,0.18125166,1.2175144,-1.5587783,-1.1251364,0.3831936,-0.43586913,2.6146595,0.8526353,0.6145216,0.80110204,1.1146009
568945925,-1.586669,0.4055457,-0.46186227,-1.389642,0.12584244,1.5672963,-2.8396707,-0.63409615,-1.1383727,-0.79232585,-1.8858023,2.4957497,1.267421,-0.1578327,1.3953122,-0.6463939,2.2720864,-2.480997,-1.6212788,0.32400724,0.0009089876,-0.2019945,-0.9602796,-0.88527936,-1.1233711,-0.9431617,0.54840094,-0.03150154,-1.8331269,-1.1836461,-0.32266843,-0.3526188
568948258,1.3415797,2.9928837,1.0828854,-0.60493046,-2.3773196,-2.992803,-0.07810506,1.046963,1.9494292,3.963821,1.969649,0.90517527,-5.6347136,2.8698695,0.3128794,-1.76602,-0.6022578,-0.0017615631,-2.014968,1.7594322,-0.8646317,-3.8940763,0.98517853,-2.6157176,1.1291071,-0.5052233,-2.293615,-3.5591362,-3.4159036,-1.6130279,-1.6949143,0.64790386
568948976,0.79731905,2.5034258,0.8999208,0.5291636,0.62660575,-0.059157267,-0.7064454,-1.3617245,0.33984607,1.3437322,-1.6663083,-2.1616936,1.9097106,-0.04082025,1.4724276,0.2616569,0.96455586,-0.04427765,0.8770676,-1.1340806,-2.965888,-0.28869963,1.3353453,-0.2590956,-0.02356024,-1.4149878,1.534728,1.5483357,-1.4917003,-1.7773644,1.8295839,-3.4473372
568950518,-0.16469517,2.9252229,0.13196182,0.83536667,0.33749598,-0.42833155,-1.0989041,-0.41170377,0.17144108,0.23345885,-1.3613557,0.89828193,-0.9212511,0.4989358,-1.7041992,-0.5333543,0.42586094,-2.2925174,-0.12846656,1.9026942,0.34646222,-2.9403486,0.1283864,2.1484463,1.3171065,-0.17014423,0.67513156,-0.310102,-0.8298751,0.6402407,1.5006868,-0.73650086
568950620,-1.2396673,4.0963297,-0.41271305,0.19297238,0.22924173,0.43924242,-0.61725444,-1.0469576,0.86983156,0.9218969,-0.71140736,1.0749874,-1.387174,0.9207212,-0.24336372,-1.7314838,0.8546795,-3.142299,0.39870837,2.5507255,1.0169263,-3.2018054,-1.0564097,1.9553721,1.1617938,-0.06689583,0.6082332,-0.18563119,-1.6471486,2.2763505,2.1788478,0.45658946
568952447,1.4403161,0.50157875,-1.4658561,0.09051721,0.9513658,0.21384467,0.8955699,-0.4938158,0.7271736,-0.36138296,-0.32900646,0.7279275,0.3141552,0.10914625,0.6684664,-0.5175115,-0.14777058,-1.1338578,0.034396183,-0.1428214,-0.003862787,1.2758557,0.65481925,0.9727694,0.11866531,0.21472515,0.9897686,0.06657381,1.5343804,-0.6021169,-0.34884536,-1.1195792
568952531,0.88003564,0.9273569,-1.2305843,0.18646072,1.3560796,0.48104656,0.5981793,-1.1775134,1.014889,-0.50437033,-0.020174827,1.2429146,0.117586076,0.99890834,0.5878143,-0.13765053,-0.13273251,-1.2451736,0.063187,-0.6597002,-0.3278714,1.2649411,0.21380542,0.9125884,-0.65050614,-0.4024718,0.34789538,0.5306552,1.9364489,-0.96429443,-0.042986766,-0.9269074
568953021,0.14607823,0.90197474,0.17293586,0.18070391,-0.2688133,-1.0235803,-0.6360344,0.9918974,1.8034366,1.0150725,1.4613655,0.95079285,-2.4716668,0.23409829,-0.7719992,-0.19637865,-0.25200963,0.22539958,-0.62892634,0.13922419,-0.4454274,-1.8266126,0.82773477,-1.4218587,-0.0914872,-0.15647441,-1.151711,-1.7958966,-1.5004035,-1.2342438,-1.1748153,1.2740844
568953090,-0.051431116,0.9088709,0.28087655,-0.1698989,-0.23764022,-1.5294822,-0.82760894,1.5367191,1.9860836,1.0624442,1.6945878,1.7065015,-1.981389,0.20165278,-1.086919,-0.26215637,0.042458713,0.9003639,-0.36694837,0.31647882,-0.29727125,-1.7859197,1.0070716,-1.9493108,-0.30713373,-0.713874,-1.589928,-2.0020325,-1.1226416,-1.3287722,-1.3164629,1.2453907
568953173,0.6003299,1.5852486,0.6055712,-0.45005235,-0.9875565,-2.4646277,-0.5599893,2.05162,1.8837179,2.2930477,2.2910464,1.5605335,-3.1965513,1.3774287,-0.86952543,-0.5056857,-0.28931993,0.5097498,-0.7630956,1.0774451,-0.64792055,-2.5126715,1.481511,-1.9905964,0.061243474,-0.5268493,-1.9126307,-2.9071462,-2.0889885,-1.4742557,-1.9020694,0.9607215
568953844,0.38190192,0.8243733,-0.16979578,0.17163862,0.053072095,-0.13668826,0.67238563,-0.33586225,-0.21864823,-0.6485957,0.12164927,-0.1758915,0.55972755,-1.1818601,1.4415789,-0.030933063,0.2302192,0.7808192,0.11369024,-0.4838523,-0.055131674,0.35105786,0.25674224,0.356408,0.43904167,-0.8608701,0.36711305,-0.101882994,-0.06852904,0.34623134,0.27057248,0.48897597
568954602,0.41461945,-0.66726273,0.92827594,0.6819644,0.4039391,3.1382375,-0.310817,-3.780641,2.043577,-2.189206,-1.2649962,0.0049451105,2.2308574,-0.49079815,-0.35819614,1.6586018,-0.8501247,-0.029932994,0.87572837,-1.2216293,0.2109614,-0.68511754,-1.9674432,-1.542993,0.4859951,-0.3812433,-1.7496084,-1.7995391,0.26681328,-0.40773034,-2.1562026,2.3270066
568954988,-1.1191741,0.16706671,-0.8151518,-1.2166973,0.99403703,-1.7738229,-0.007657036,2.5819643,-1.0488758,-2.713902,2.5497081,-2.660094,1.8771286,0.91743016,-0.07309202,0.8166442,1.662519,-2.3405936,-1.0466429,0.99907285,0.58934224,1.07289,1.0956469,-1.1118565,-0.6068394,4.093832,1.3278813,1.5152442,-2.3045912,-0.018426698,0.99183565,2.0977638
568955849,1.0037353,2.2363763,-1.1929405,1.575528,2.007338,-2.6122444,1.8633245,-2.226098,-1.7706748,-1.6028414,-2.037184,2.3104486,0.83133394,-3.1229978,-0.44815,0.09849653,-0.2948651,0.09271968,-0.961635,1.7595757,0.6850844,-1.3438159,4.528668,-1.4997679,0.5721523,-1.0765574,0.2655388,2.2968297,-1.228369,0.86346513,-0.6522709,-0.39635497
568956115,-1.4815764,0.5985302,3.7623863,0.98890644,-1.946841,0.6292944,-0.99891734,-1.6628442,1.2322776,2.5049348,2.0947244,-0.46990204,3.8972955,1.8245237,1.7871828,0.9581097,0.088346735,1.0965949,-2.3837328,1.0971713,3.2965765,-1.5216203,0.42236328,1.8677509,0.5700315,-0.35240996,-1.0610718,0.9687736,-1.3893689,1.9701198,1.5169502,1.1775612
568957641,-1.5152826,-0.61661893,-0.5808292,0.57373255,1.5819434,0.1092156,1.3325586,0.8410023,0.5577728,-0.041580286,-0.69592,-0.65420943,-1.0862862,-0.8933264,-0.6124697,-0.80761546,0.1703812,1.1922764,1.6237913,-0.7444104,0.75148064,-0.040500373,0.66120416,1.245397,0.09655231,-0.52916455,-0.9811359,0.5789308,-0.49634692,-1.0180346,0.7323952,-0.22340542
568957862,0.0815396,0.6860454,-0.13089803,-0.18253681,0.014488023,-0.5448789,0.19469742,0.3045362,1.6852957,0.13449799,1.0148994,0.7952582,-1.6809546,-0.4537595,-0.7204617,-0.18725818,0.06505208,0.32004192,-0.60712236,-0.34448943,-0.40075323,-1.5082226,0.96266234,-1.759416,-0.34623194,-0.647905,-0.99249583,-1.2827226,-0.93715453,-1.2167,-1.310056,0.5537523
568958023,0.581132,0.52201474,-0.40164918,0.25433806,-0.26143363,0.63950723,1.0719799,-0.14011785,1.6522688,-0.24150473,0.4644073,0.3671395,-2.1040702,-0.87947696,-1.5006982,-0.22620267,-0.9932963,0.8014313,-0.538797,-0.88916737,-0.027596254,-1.5734407,0.46367812,-1.4154472,-0.18494967,-0.005589608,-1.7934483,-0.5184135,-1.2104679,-1.81834,-1.563869,0.9474552
568959114,1.6624858,0.55670506,0.020823816,0.8482247,-0.84577423,3.0584583,1.3777027,-2.6953578,1.350073,-1.6849235,-0.8213919,-0.3891642,-0.4360477,-2.5163138,-1.4236431,0.8990795,-0.9370738,-0.2005114,-0.63213146,-2.2002962,-0.25016296,-1.2706861,0.08541302,-2.2054248,0.16711727,0.9563254,-0.46273762,0.9773146,-0.24951944,0.21935914,-2.442677,0.21625724
568959897,-2.4196727,1.1157069,-1.9092847,-0.44384974,0.11574022,1.9206271,0.57263696,-1.4410999,4.2321553,-0.09315776,2.8275328,2.2770326,-2.0184171,0.46848455,3.0218132,-0.96361524,-0.8632709,0.14217994,0.66260487,-2.4018393,0.64008534,0.8707527,-1.3524295,-0.15759827,-2.3181162,0.9131276,-0.19951592,0.27788317,-2.0215654,2.8556771,0.27539372,1.4882395
568960841,-3.1294794,-0.7803181,-0.23171355,0.036699213,1.2843076,-3.5575204,0.48198867,2.802455,1.327318,1.6969808,0.08104372,0.31922388,-2.4035938,1.5982939,0.42109644,-0.5940134,0.78473127,2.7352266,2.3834438,0.8817447,1.0922176,-0.42284262,1.2525449,1.1450443,1.3796232,-2.697101,-2.369199,-1.7314441,-0.65140045,-2.3942232,0.8374398,-1.5514451
568961898,1.7180423,-0.30967456,-1.710193,0.88143873,-2.1389227,0.8649058,1.257191,1.7873048,-1.056695,1.6984457,0.69148713,1.666487,2.1486669,0.97013634,0.280303,1.507182,-1.0888554,-1.1836072,0.23516886,-0.76952773,0.93385637,-0.74116975,-0.79898363,1.3679873,2.6364615,-0.0027441364,0.09845771,-1.3979723,0.31504163,1.6713823,-0.13399781,-0.94350266
568962143,2.998934,-2.7950044,-4.3305655,4.668219,-3.5450962,2.867044,2.0484736,4.382399,-1.6560645,2.4752676,2.3952417,-0.075928524,6.3657403,2.569993,-0.25162876,4.429327,-3.0921037,-3.7619188,1.2185444,0.07486712,5.2576203,-3.4303038,-2.6828237,1.8361121,7.2295227,-1.0990338,1.3292714,-2.1442018,-2.564789,2.2981246,-0.13146897,-4.7578955
568962316,0.29501498,-0.5388893,0.9380527,0.32830003,0.3963547,2.5817037,-0.12359113,-3.600596,1.3595867,-2.175923,-1.2649938,-0.34467906,1.8448398,-0.50940895,-0.25277704,1.682528,-1.2626798,-0.284286,0.52251905,-1.470207,-0.100896135,-1.3110439,-2.0715153,-1.2115895,0.90929145,-0.1384502,-1.0510303,-1.7678666,0.48047635,-0.44368517,-2.415119,1.666264
568962508,-0.24659212,0.37502936,-0.6980581,0.4379617,-2.2169628,-1.3562187,1.979201,1.7622896,5.392726,-1.700118,-2.0688376,0.20138669,0.061255567,0.13198936,0.743337,-0.36628598,1.6575136,1.0086329,1.9919401,-0.6768894,0.37180215,-0.00012474135,0.6317682,1.9615345,1.615761,1.3296223,0.42407027,-2.5675752,-2.1284103,-0.87830096,-0.5816757,-1.1658438
568962928,2.4399116,0.58706707,-1.9632858,0.5770123,-2.0115066,0.4814223,1.5249234,2.4409368,-0.7102669,1.9069918,-0.6007424,1.9809444,1.6203251,1.2178553,0.77392936,1.9038284,-1.0059922,-1.4648749,1.2655716,-0.61077315,-0.019731123,-0.55356646,-0.5874376,1.9241654,2.9432065,-0.3181882,0.7159642,-1.7198303,0.9759532,1.6442162,0.43818283,-1.4617485
568963124,-2.5415604,1.2163906,1.8249341,-1.3063004,-1.0823334,2.638025,-2.2833502,0.11464243,-1.3691893,0.021880917,0.7603505,1.0311644,2.235908,0.6600831,-0.6901511,1.3969083,1.4880686,-0.875063,-1.2944142,-0.7532222,-0.64317876,0.73773384,-0.6445301,-1.9386387,-0.49030918,-2.8367233,0.16624819,0.18084621,-0.6857812,0.13714403,-1.1903856,-1.0962164
568964354,-0.34413198,2.8541756,0.63741326,-0.17482732,1.3946669,-1.145534,-1.5351707,-1.7006058,0.70384365,1.8252891,-1.0238122,-1.5011209,2.3923578,0.55827564,1.818162,-0.14091071,1.361268,0.7791002,2.0225894,-1.9063041,-2.4529912,-0.014904214,0.6012818,0.6371929,-0.59508085,-2.1265593,2.011962,1.5661452,-1.8958164,-1.9067948,2.3117366,-4.0083857
568965691,1.451945,3.9390142,-3.025742,-4.217207,-1.8249444,-1.5959042,2.5859692,-1.692476,-1.441165,-1.6745772,-1.163138,-1.7465194,1.733441,-2.6212997,1.429523,-0.48962358,-1.2586125,3.3416383,-0.38406545,2.1219854,-0.5314432,-0.21733212,0.79281676,2.214107,0.2235024,-2.6078494,2.1957622,-0.6106052,-2.116812,-1.4374127,1.1549044,-0.2775255
568966350,2.1797714,-1.1949456,-3.010871,1.8258402,-2.8796759,1.3254503,1.9701726,3.1452167,-0.9277299,2.5763052,1.0317695,1.5744793,3.562426,2.1346579,0.2790298,3.1146054,-2.2572095,-2.5019078,1.309121,-1.0179008,1.7438018,-2.2865236,-1.5243709,2.2775657,4.5817137,-0.7404672,0.5097376,-2.064775,-0.6088355,2.2311082,0.40332904,-2.532318
568966749,-0.48094678,1.1965653,-1.3619006,-1.3956125,0.5330975,-0.78356797,-0.87892735,-1.1869702,-0.37697655,-0.3603527,-0.0152738,-0.47671008,0.3935068,0.29277596,-0.5454256,-2.076273,0.79137063,0.8562147,0.70438564,0.89019835,-2.0342302,0.02319915,0.6337782,-0.8979133,-0.19903469,-0.8706856,0.2854717,1.2434793,-0.47450584,-0.29883477,1.0101855,-1.1800014
568967854,0.48958635,2.0029294,-0.901589,-0.5735879,0.70140207,-0.35864836,-1.9920112,-2.1819913,0.43877244,0.74988353,-1.1600753,-0.8418647,1.6878811,1.4195573,-0.01668267,-0.43249077,1.01026,-0.017340641,0.7101062,0.13232926,-3.569777,1.018144,0.7341587,-1.1917707,-0.25026792,-1.7691281,1.850109,0.5268282,-1.3588332,-0.80915457,1.54008,-2.2049758
568967959,-1.7092836,3.156427,-1.1558068,0.42785084,0.92556894,0.7192492,-0.19448765,-1.5879824,3.601517,-1.7920357,-0.2217657,2.8482997,-3.2937422,0.1932992,0.851662,-1.2238075,-1.3013129,-3.4548185,1.1147361,0.40545088,0.44247034,-2.8187113,-2.3487904,2.0039513,0.1684901,-0.21273549,-0.072212115,-0.826569,-1.45422,3.0538805,1.0423137,-0.34416416
568968518,1.3179325,2.4029489,-1.3859102,1.4431187,1.6148313,-0.14551051,-1.4339222,-1.9831461,0.80994755,1.1041759,-2.8120854,-2.3609676,0.94907767,2.1317708,0.18011107,-0.27859476,1.192262,-0.052831035,0.51578945,-0.28234738,-5.290281,1.0004966,1.5648603,-1.0754241,-0.14883557,-3.1912713,2.417292,1.3489965,-1.6993586,-2.2974539,2.686034,-3.683919
568968738,0.20015058,-0.5450735,1.220483,-3.5769515,-0.15396748,-1.5144511,0.38031572,1.1015879,-0.78261155,-0.45919925,2.420387,-4.20027,-1.2464491,-0.103521794,-1.6942452,0.12858318,0.7789672,-2.374213,-2.7278175,-0.91005975,-0.7438859,0.47517067,2.3669808,-3.9238226,-1.2485732,3.4587998,2.3121421,-1.7849592,-2.9119043,-0.21322075,1.6488698,2.1218917
568969991,-0.70936424,-0.025092661,-0.35155478,0.35966548,0.63502353,-0.5620773,-0.06554039,0.90910465,1.169421,0.056208592,-0.071502104,0.37142363,-1.1371535,-0.18878482,-0.31064877,0.2912552,0.27794963,0.6715405,0.58745897,-0.13893344,-0.09819034,-0.87827635,0.22848341,-0.18092136,0.27978864,-0.92239153,-0.64282423,-0.9564841,-0.5450406,-0.8519818,0.004635321,-0.030696593
568970167,-1.3005952,1.0972955,-1.3607326,-0.5914771,0.34754956,1.0335044,0.6970818,-1.4144976,2.4397914,-0.025726402,1.301478,1.0885402,-1.5341784,-0.14693648,1.5868994,-0.105859496,-1.142258,-1.5285742,0.5920723,-1.157161,0.60449034,-0.73823607,-0.9352615,1.0770707,-1.1429839,0.11952901,0.44426337,-0.9653648,-0.9991538,2.199206,1.005251,0.3003783
568970178,-1.9360539,3.7105885,-1.3533034,-0.15264346,0.5415625,0.98680407,0.40825346,-1.802783,2.76014,0.38804054,0.40858245,1.7733103,-2.19583,0.44704953,1.3236958,-1.1733911,-0.7418309,-3.3104608,0.80800074,1.0907807,1.2002238,-2.615385,-1.6162652,2.0531707,-0.6063286,0.4438488,0.678825,-0.56793654,-1.8876516,3.2572224,1.8940486,1.1655388
568971703,0.78321236,-0.30246603,-0.7459024,-0.45495522,-0.14983407,2.847727,-0.8183742,-0.58901757,1.6293226,-1.1326858,0.2929066,0.363701,1.1746227,-0.035070665,-0.7450354,-0.6367499,0.6471438,0.87709683,-0.6900629,0.20511776,0.27587903,1.2075377,0.29546234,0.31901893,0.23713541,-0.9985084,-1.3745394,-0.78077227,0.24540491,-1.4210106,-1.0943568,2.594199
568971856,0.38889715,-0.70256543,0.4727956,0.28464597,0.31534734,1.5731965,0.00029923767,-1.9974617,0.8926621,-1.674374,-0.97545654,0.1190913,1.2321526,-0.28476882,-0.07784827,1.2144175,-0.5241073,0.42121878,-0.164935,-1.2724693,-0.028958514,-0.48912472,-1.4876134,-0.5023625,0.48312235,-0.012929928,-0.92946005,-0.94493484,0.80580443,-0.5674506,-1.1571878,1.2023151
568972463,-2.2702508,1.6667203,0.7377814,-2.637873,-1.1701132,-1.5093279,-0.44143227,0.051210623,-2.0644503,-0.3709523,-0.11452275,0.08940607,0.6651799,-2.6979191,1.8171716,-3.0465722,-0.7196965,1.0986348,1.8493289,0.59365606,-0.020851877,-2.438257,1.2674866,-0.11863147,0.34172142,1.5740664,-2.357111,2.6802135,0.73878175,0.046041045,0.30298153,-0.6438591
568972492,0.17231674,-3.3724434,-0.9707383,-0.96993697,0.27646244,0.36863348,0.84359276,-1.3376062,-1.6809006,-3.174804,0.15282083,-1.3395272,-3.219581,1.7187855,-1.4115547,3.0612378,0.10614638,0.9279398,0.53726137,1.2713468,-1.5120758,1.4186888,1.4854708,-1.0308913,-0.41134882,-0.19642223,-0.049227275,3.2560804,0.1239809,1.0145454,0.8174521,1.980192
568972543,-0.31304112,-0.8355578,-3.1326268,0.9453422,-3.4063575,-3.6829736,4.3974347,1.9329859,7.5403113,-1.579549,0.9841328,-3.098369,-1.6626011,-2.3266475,1.78247,1.7801058,1.2861601,2.066942,1.7127134,0.13887046,0.2804417,-0.3704617,-1.9949778,4.398254,3.494792,1.3944149,0.83112895,-4.229948,-3.045332,1.3005563,-0.6421315,2.978266
568972553,2.5148711,2.5502658,-2.807106,0.047597446,2.6985848,0.7049958,1.3211597,-1.0475577,1.2214115,-0.81877154,-1.5565813,0.87352306,-0.18054935,0.46616995,1.6233655,-0.29859227,-1.1082916,-2.0112503,1.0273376,-0.24363595,-0.9453323,1.908218,1.1266122,1.191901,0.68562347,0.57570153,1.9964871,-0.055655878,3.9447198,-1.8273703,0.71898407,-2.4629471
568972731,0.06857048,3.5346546,1.0643014,0.45488852,0.60901207,-1.1619694,-1.7799861,-0.24566947,-0.75087297,0.33449847,-2.2106667,1.2887971,-0.33894196,0.19774717,-2.4691756,-0.58742815,1.3142134,-3.2004297,-0.42824233,2.7614534,0.1158508,-4.1839576,0.5277128,2.5368876,2.011414,-0.733969,0.6644284,0.14595515,-0.5350236,0.21151288,2.1544373,-0.81120586
568973151,1.2427777,2.8699446,-1.7922355,0.6262455,2.5731764,-0.180329,0.7351886,-1.1906158,1.3448417,0.048179664,-0.954135,1.7043116,-1.1714296,0.942017,0.5902696,-1.6198404,-0.20910126,-1.8341659,0.16085194,-0.48651415,-2.3093116,0.13752101,0.88009906,1.5986204,0.18934429,0.027910711,-0.5630293,0.57403874,3.8474717,-0.93319386,0.09546803,-0.8772474
568974325,-0.34889412,0.36379427,1.2442788,0.46244407,0.2718279,0.730452,-0.43294936,0.5155953,-0.47448972,0.2403357,0.6693905,-0.06965248,1.3308747,-0.25854364,0.7957292,0.08802946,0.35631806,-1.1802696,-0.1161583,-0.75122625,0.032175064,-0.81282777,0.962565,0.40855464,-0.54516333,-1.5838823,-0.5053691,-0.010331739,-0.5652557,0.0930355,-1.2235354,0.021454886
568974686,-0.465908,-0.5925518,-0.109889194,0.059857294,-0.21501954,1.0735729,-1.5049409,-0.11404379,-0.59549206,-0.15983444,-1.2569757,1.6878889,0.43014467,0.69468945,1.108902,-0.28478694,0.2493343,-0.25401783,-0.6834659,0.7779808,0.072373524,-0.11163713,-0.539864,-0.9555744,-0.21372978,-0.2513909,-0.39778492,-0.6663576,-0.7995061,-0.4945729,0.18266746,-1.3754157
568974946,0.10157502,-0.35065633,-0.7207192,0.053385243,0.42137903,0.17206918,-0.0028642006,0.104826435,-0.31211755,-0.4619624,-1.2113448,1.4953909,-0.371848,0.44246304,1.6846286,-0.25598174,0.41254956,0.21911481,-0.18490753,0.7961477,0.7859085,0.43789017,0.16719432,-1.314684,0.11454554,1.3976816,0.015323056,-0.5870889,-0.56099945,-0.12779465,0.7257144,-0.490579
568982253,0.64755654,1.0229617,1.1886034,4.5049524,1.5925788,-3.5828485,-2.722183,-0.16221324,0.26462623,-2.3105469,-2.5351725,3.647654,1.0681676,-1.1356071,-4.740919,2.872086,0.3071228,-0.062113658,-1.1362143,1.817544,-1.1350638,-3.5953875,2.4762254,2.9495432,1.6335366,-1.3529357,0.7426983,3.1712468,-0.8878007,-2.8049953,-1.6536463,-1.1840031
568982256,0.9624755,-1.4883498,1.5009953,5.849739,2.6670847,-5.440577,-5.894094,0.19102374,0.4717622,-4.5503597,-3.1998425,6.7882113,2.3516967,-1.1559646,-9.088699,4.5819397,0.25805855,-0.104886904,-2.8414423,-1.3434703,-0.61901134,-3.0936444,3.4115565,5.5797997,1.3764652,-3.2891164,0.18217348,4.905642,0.09817245,-4.4045277,-3.8812711,-1.1651344
568982280,0.8509333,0.034582634,0.16138555,1.8856434,0.57426935,-2.8571365,-2.4121625,0.16559607,0.44826576,-0.7090683,-1.1918267,1.6200734,0.53168255,-0.41204268,-3.1717656,2.0669453,0.1585019,0.81936,-1.2772142,-0.9878772,-0.45419645,-1.1728662,2.1865,1.770684,0.63960874,-0.92509985,-0.66133016,1.3791951,-0.0034674332,-2.6039612,-1.178245,-1.4142771
568982296,0.17386621,0.21940531,0.8287868,2.1353977,0.9587968,-2.0507376,-2.0784757,0.6119501,-0.01922056,-0.70057636,-1.5851699,2.5677564,0.7976477,-0.46315646,-2.8407903,1.1984328,0.60220426,0.92330015,-0.4226866,0.43791503,-0.96580154,-1.6586212,2.2466884,1.737568,0.98727584,-0.5146551,0.4799377,1.5620285,-0.85688126,-1.5674323,-0.96019465,-0.7425363
568982393,0.4752157,-0.4956288,-0.077944785,2.1697245,1.2899202,-2.532109,-2.3013883,-0.2595474,0.3786042,-2.585567,-1.4687432,2.8379676,-0.41380286,-1.3946074,-4.2756023,3.0293126,-1.4192326,-0.8686045,-1.3490745,-0.61104167,-0.48679185,-2.5042467,1.2043267,3.7217727,1.4140399,-1.4833055,-0.47018632,1.286856,0.3244889,-2.3222334,-1.5756302,-2.13483
568984279,-0.31220368,1.3421373,3.209552,0.2836037,-2.0635605,0.20668621,-0.48013103,-0.491655,1.033578,0.93148386,1.0040582,-1.0957757,2.64494,1.2521983,1.8288317,1.3231329,0.05861519,0.44716665,-1.8473157,0.06525229,2.286822,-0.924303,0.29124892,1.3427621,-0.41920528,-0.7277487,-1.2232662,1.013948,-0.7661076,1.8133183,1.618546,-0.016674675
568984362,-4.2639823,-2.2187889,-1.6174368,-0.16287693,2.494989,-2.5267215,1.9831328,2.566338,-0.13789994,1.6141527,-1.2248304,-1.9936013,-2.2253525,0.6227998,2.2876465,-1.2477287,0.80188346,3.2361867,4.2620697,-0.57811266,1.3394986,-0.4095588,0.7593938,3.2667007,1.7432737,-3.0121946,-2.516365,-0.34809336,-0.36001638,-3.01128,2.3336127,-2.690064
568984484,1.0739326,-1.0143101,0.6038734,3.2442365,1.4648412,-3.6050818,-2.8895066,-0.31619343,-0.372705,-2.1750917,-2.4688125,2.754699,0.83751047,-0.9349025,-4.7379804,2.7555285,0.34254545,0.4725374,-1.1236771,-0.7830301,-0.7554325,-2.2365694,2.203326,3.3725343,1.5783046,-1.8712204,-0.098707095,2.2979925,0.26236737,-2.6276038,-1.7554089,-0.9047308
568984821,-0.80255634,0.37663138,-0.19072253,-1.3621008,0.5553496,-1.3502817,0.32791436,2.4267862,-0.99658126,-1.4484586,1.6568767,-2.2408397,0.9267281,0.858942,-0.82101536,0.8046442,0.6585841,-1.3980647,-1.1607847,-0.20512643,0.6189471,1.660977,1.471242,-1.3443012,-0.116415575,2.9232507,1.452103,0.646756,-1.493513,0.08554171,0.85899806,0.9846866
568985289,-0.78202057,0.9636006,-0.79569167,0.25654578,-0.7536634,0.29868996,-0.0067823417,-0.40396464,-0.33438417,0.38323602,-1.1170386,1.7088029,-0.21734789,1.2798179,2.204079,0.4137329,1.2473768,0.23741016,0.4302867,0.03563878,0.87537646,0.5300262,0.3696989,-1.570757,0.009300124,0.60685927,-0.07425071,-1.3007985,-0.92681056,-0.59983766,0.81245476,-0.21576737
568985298,-0.68485355,0.17864466,-0.021138411,-0.46236867,0.2146466,0.5093224,-0.72769105,0.28775236,-0.38092393,-0.1620067,-0.95858175,1.9090005,0.06882595,0.804549,1.720889,-0.03641655,0.96148324,-0.3648637,-0.07226311,0.50916255,-0.033137754,0.59429765,0.01974025,-1.1597592,0.098191395,0.36254263,0.22107913,-0.74992377,-0.6482307,-0.47133413,0.95297635,-0.6957191
568985651,1.1986853,0.09667974,-1.9375972,-1.9517856,-1.579941,5.744416,-1.889129,-2.2808821,2.734903,-2.4218419,2.1251166,-0.48262742,2.1732533,0.14500615,-1.0401682,-0.7604212,0.9773454,1.3686515,-0.84425324,0.29666138,-0.43729058,3.364273,0.036676385,0.3386535,0.4305967,-2.0126517,-1.7353679,-2.2500572,-0.36920613,-2.259486,-3.0742257,5.01853
568985693,0.2572121,-2.1425338,0.46087766,1.1063408,2.1758413,-1.664131,-4.100169,1.610416,-2.148169,-0.1469209,0.21397574,-2.350742,-0.59917,1.7968788,0.57790446,0.508206,-2.5012147,0.6198146,-0.7518009,0.042576842,0.75688046,-1.1091698,-0.69563806,1.7891667,-1.6061859,-0.6297264,-1.1084192,-1.2620065,1.8979406,-0.3170222,0.42940143,-1.3501284
568985870,2.6793172,-3.1680465,0.44395277,0.8999672,1.711478,-2.9076777,-6.7118936,2.8109815,-3.7307887,1.0629295,-0.07357933,-4.914188,-1.3060395,2.1612232,0.34079844,2.1285703,-5.458652,0.803179,-2.8876548,0.5433847,0.392639,-0.6708781,0.40548116,0.4134984,-3.1012619,-1.7198056,-1.7168256,-3.522712,3.886466,-1.1910946,1.9438994,-1.57675
568986091,-2.8791358,-2.2399437,-1.5588986,0.7384095,2.314991,-1.2032175,0.60234535,1.7893155,-0.101719655,0.07399461,-1.0857764,-0.95072204,-0.12580495,-0.4649728,1.0206256,-0.2298854,1.4880577,1.282165,2.8783174,-1.1222073,0.44794002,-0.20174387,-0.36188778,2.327856,1.0794427,-2.1102734,-1.4378138,-0.26163927,0.23495276,-2.1305578,1.9310206,-1.4245526
568986211,-1.7487714,1.8321111,1.2263755,4.3266764,-0.4760565,1.2683876,-1.171418,0.67922103,1.1379654,2.5968986,3.9509008,5.032761,0.033980038,5.7735486,-0.687691,1.7629719,1.3324337,-2.6367753,-0.58357745,-2.787763,0.8642512,-5.221515,-2.2715814,1.7818168,-0.15458626,-2.9870296,-6.1718736,0.90123385,0.42564934,3.0065143,-0.098825395,1.2917588
568986413,-0.9402509,0.29057455,1.0580496,0.18729647,-2.1464746,2.4084964,-0.42844552,1.4955212,-0.02908698,1.2082115,1.8619914,0.049623378,1.2758791,1.5511972,-0.88767505,1.5750589,-0.9559612,1.8451934,-0.5489593,-1.1616229,-0.05415848,0.3649372,0.11402209,-2.0459077,0.86953044,-1.8414232,-0.8432284,-0.5674998,0.9780416,0.9921111,-0.34394482,-1.051967
568988156,-4.3811555,-2.189605,-0.87012297,-0.22761819,2.4144955,-3.2790995,1.3227079,2.8996701,-0.38458383,0.9381984,-1.142749,-0.46670452,-2.0656683,1.2256105,1.8183454,-0.83243656,1.4429821,2.1943061,3.9402964,0.08621887,1.5107554,0.1744794,0.7344539,4.245893,1.7397215,-2.8793626,-2.27966,-0.58043337,-0.17750454,-2.347669,2.5952368,-2.5253007
568988655,-0.2975998,-1.0063698,1.7143911,1.0054833,-0.05673948,2.5040522,0.55811983,-5.4976497,1.0024537,-3.9004753,-2.3559632,0.10969497,3.6279788,-1.0815282,0.55686015,2.8990672,-2.3831692,-0.72740257,0.8632521,-2.7804873,-0.15571037,-0.7056414,-3.3058584,-2.3375826,-0.3182069,0.07489124,-2.2676961,-1.4333936,0.9706811,0.06338008,-2.5314908,2.606838
568988659,0.013462432,-0.0639985,0.113658324,1.0785232,-1.0928824,0.68300676,0.15663897,1.3616263,-0.5370586,1.6217998,1.1809617,2.4461777,0.9358719,1.6261,0.06440365,1.3162522,0.23376593,-0.96219015,0.21882604,-0.8696225,0.07912819,-1.1646041,-0.9814186,0.96448165,0.6963516,-0.82644075,-1.2581643,-0.28182867,0.37513903,1.5479885,-0.10347037,0.12648809
568988663,-0.209334,-0.6877825,-0.2522751,0.4516116,0.34971133,1.1036505,0.35438067,-2.0625694,-0.07570103,-2.1786292,-1.091544,-0.11811656,1.6025989,-0.371836,0.21711707,1.0239819,-0.84316796,1.5434111,0.007322103,-1.7959927,-0.62282467,-0.38705415,-1.2622942,-0.78329897,-0.31591296,0.5015087,-0.9756642,-0.87649333,1.0094469,-0.6320016,-0.98673004,1.157311
568988882,-1.0654002,-0.32709265,-1.3197547,0.5316797,0.8955666,-0.88622236,0.4863066,0.84353584,1.4172064,-0.08950952,-0.1311338,-0.09966612,-0.9880591,-0.6268622,0.1003882,-0.13050613,0.36117923,1.1564717,1.1414553,-0.5729704,0.4058859,-0.382541,0.74438465,0.09456307,0.67044985,-1.0410519,-1.1028283,-0.9454884,-0.17434207,-1.2461826,0.018313067,-0.4218945
568989729,0.72650117,1.2706403,0.3296961,0.1481159,-0.5386893,-0.88774556,0.29106972,0.7243028,1.5197436,1.5649703,0.8392918,0.7927175,-2.381097,0.48098102,-0.6271409,-0.29548544,-0.023444638,0.23619086,-0.7068119,0.0839443,-0.547206,-2.0394666,0.9370022,-1.5370299,-0.45961177,-0.16833234,-1.1990159,-1.6819948,-1.6516775,-1.1823463,-1.4578061,0.6707552
568989731,-0.7291898,2.9403768,-0.60334086,0.34199375,-0.2637658,-0.10832174,-0.58546424,-0.7425435,0.3135245,0.7923118,-0.6784063,0.6400183,-1.1703724,0.21093746,-0.6361946,-0.58609456,0.58306485,-2.2669387,-0.0042301603,1.2223506,0.6621024,-2.3307593,-0.031131394,1.8443469,1.0083603,-0.3981922,0.59317285,-0.28873825,-0.7788002,1.1417884,1.4690586,-0.123345904
568989825,-0.7047828,-0.83874524,-1.706622,1.2052159,0.18777385,1.0907469,1.0815035,0.7622716,-1.5810901,-1.4189966,0.16408178,-1.7361704,-1.1264354,0.52493924,0.0843181,-1.5996802,1.7752016,-0.19027013,1.8565915,-1.1800858,-1.3540252,-0.4668452,1.839202,0.04948818,-1.7609301,-0.8753713,0.050215773,-1.9169451,-0.34002683,-0.14654577,-1.6145059,-1.3994957
568989847,-0.62434006,1.9207457,-1.1465946,1.8761817,-1.8620365,-1.2714443,0.92423964,1.524712,3.8859725,-0.62525886,-0.6538901,0.099396706,0.62445503,-0.8215512,1.9479531,-0.57337195,0.3410547,0.9258904,0.5204843,-0.6337007,0.8030135,-1.1484708,0.025576215,1.581426,0.15118645,0.28194946,0.65795135,-1.8686244,-0.49352553,-0.33180717,-0.61661327,-0.43536565
568990204,-0.1465234,-2.0124981,-2.2064967,0.46452075,-0.23679766,-2.4359608,2.316522,-0.6832186,1.7415444,-1.988264,1.6804235,-1.7346411,-3.183596,-0.34288332,-0.09278462,3.1833358,0.4794407,1.1326083,0.2373083,0.19931288,-1.608958,0.030590426,0.7632809,0.7162754,0.4847598,-1.1150465,2.9551847,1.1287099,0.531302,1.2422525,0.68339455,3.0504491
568990209,0.54864883,1.2161553,0.14595266,0.8406864,-0.55188006,-0.34191138,2.0372353,1.6619613,3.3875513,1.8797251,1.9136268,0.94687134,-2.780219,-1.6530722,-2.9402387,-0.33285615,-0.62521607,2.7641637,-0.09662394,-0.30205235,-0.4306053,-2.1939676,3.022742,-2.9150267,-1.811357,0.6940521,-4.1745014,-2.0441499,-1.0942638,-2.7119772,-3.5392632,1.2113752
568990445,2.0081813,-2.4281483,2.3031304,-4.336736,-0.10858643,-2.6725788,-0.8206295,0.77988166,-1.0543408,0.25025994,2.426413,-5.184581,-2.8473487,0.18399428,-1.94038,-0.5689175,-0.1993604,-2.2250826,-3.3266692,-0.98135984,-1.8245136,-0.29946628,3.5789638,-5.0620737,-1.3974761,3.2658677,2.2800906,-3.247532,-3.258382,-1.1085366,2.6472666,1.6704751
568990593,3.8930428,0.8667212,-0.112653345,3.8831873,-0.8765664,1.7175379,0.13271147,-0.9993215,0.36460114,1.6757504,-5.445882,-3.4898388,-1.1305435,1.2993661,-0.00876902,1.0628072,-0.95173097,-1.3166616,-1.3193065,-0.30544257,-3.9659464,2.4561436,2.0219927,-1.2887396,0.48090512,-0.61112094,0.04309566,1.1036563,0.29977804,-2.168717,-0.089506984,-1.9156796
568991427,1.3227292,2.8750696,-2.099497,0.9581628,0.83648944,0.27429426,-1.2424477,-2.3915236,0.12024461,-0.036847092,-2.42482,-2.1392386,0.25557134,1.8597631,-0.6690537,-1.7452003,0.76210666,0.80748403,0.25187618,1.0772884,-4.666972,1.3602641,1.6897146,-1.4730896,-0.4306962,-2.5444915,1.697471,2.2684712,-0.911565,-2.1589885,1.8325487,-2.5557904
568992740,-0.4452566,0.20670146,0.28138843,0.07480098,-1.5494202,0.65002555,1.2432742,0.76381457,-0.92731845,-1.2408495,0.5975966,-2.1956658,0.30563813,1.0969013,-0.8814392,0.23377763,0.9399862,-0.38628012,0.4570657,-1.0447829,-0.18270385,0.44154364,1.3106717,0.6127647,-1.0209638,-0.19031857,-0.48483786,-1.6892841,0.44169736,1.1463828,0.14137666,-2.1714096
568992826,2.2736046,-1.9590746,2.9550045,-6.5213175,-0.94689834,-2.590742,0.6607912,0.1274568,-0.9793862,0.90765184,3.214,-5.1032968,-3.4563036,-1.6052972,-2.21399,-0.3020658,-0.12939864,-3.367725,-4.4160805,-1.5218282,-2.8790493,-0.6183475,4.5760555,-6.371264,-1.1376306,4.0575824,3.5459554,-4.63737,-3.7944167,-2.1831498,2.953087,2.5473888
568993427,-1.2564422,1.498576,2.2385657,0.67817885,-1.9896888,0.18135081,0.11746325,-0.6318521,0.3747869,-0.065867186,0.96064806,-1.6064866,2.0735624,1.3211159,0.906251,1.0772192,0.45429188,0.78083515,-1.2309409,-0.48042458,1.5172708,-0.26658723,0.92720646,1.0976269,0.09572985,-0.65287024,-0.78070635,-0.023103315,-0.82027215,2.1463804,1.1876191,-1.61416
568994331,-0.31852603,1.03232,3.0617301,1.4613783,-2.6721258,0.74372584,-1.3760242,-0.9095512,0.47856176,0.618224,1.5639223,-1.9373275,2.8640437,2.1063967,0.9002925,0.86174506,1.213027,0.87777495,-1.7042245,-0.12548862,2.1404078,-0.46227372,1.4522029,2.1750157,-0.11885915,-0.15742138,-0.76618373,0.54956335,-1.5351399,1.169337,2.16722,-1.091391
568994508,0.04174105,0.28220946,0.9386254,-2.868023,-0.071072474,-1.3874503,0.14893632,1.5825195,-0.53971624,-0.58326477,1.637437,-2.8233485,-0.0969849,0.08434908,-1.2396659,0.43383747,0.43954664,-1.2616359,-1.8722178,-0.86213285,-0.14098433,0.796136,2.254869,-2.4181302,-0.2511709,2.481648,1.678881,-0.8099533,-1.7212527,-0.038984943,1.4953926,0.96710753
568995555,-3.318969,4.183992,-1.3289872,0.7240961,0.41745287,1.4705116,0.5308758,-2.510524,3.7281237,-0.00092684664,1.5472096,2.4863753,-2.7591352,1.0415243,1.2055161,-1.1765327,-0.20885724,-3.2646031,0.3738113,0.88662606,1.5367869,-2.0861902,-2.2857177,1.4190117,-0.016399236,0.43657553,0.21598695,0.31816667,-2.5810254,3.284117,1.4301059,1.2726467
568995694,-0.8337092,0.63951415,0.8729164,-0.5016804,-1.3987733,1.8510065,-0.47688597,0.90523285,-0.40029454,0.14946713,1.3869623,0.047079064,1.4350036,1.1348523,-0.41654792,1.0597684,-0.30247816,0.84643006,-0.8823743,-0.9845996,0.12658703,0.79613656,-0.34108636,-1.7699082,-0.08883534,-1.2569346,-0.16435148,0.07472022,0.17388773,0.6879033,-0.19536707,-0.74988043
568995849,2.1237333,0.4901904,-2.186255,1.0341505,-1.681037,0.68229073,1.3787154,1.7458833,-0.8043682,1.6105024,0.23035988,1.8336698,1.9422119,1.2419349,0.4752829,1.5897315,-1.6965886,-1.4192346,0.9136334,-0.84231794,0.17968096,-0.49823067,-0.40608463,1.9193527,3.122648,-0.10656816,0.73808706,-1.705327,1.0390836,1.1380857,0.25009668,-1.5368785
568995873,-0.8159753,1.8725525,1.2960771,-2.5681727,-1.2048267,-0.948411,-1.4561512,-0.41576177,-2.0144458,0.7220796,-0.7828267,-0.32089457,0.92634004,-1.8060431,1.7967309,-0.061864257,-1.1508713,0.051645298,1.5343878,-0.13589498,0.5075714,-0.8530651,0.67533326,-0.067188665,-0.5556896,0.6182389,-0.9064058,1.7982428,-0.014662684,0.07152656,0.0035399161,-0.42624927
568995958,-0.3518024,2.1022477,-0.60236907,-1.2294797,0.5378318,-0.5563734,-1.418049,-1.5727993,-0.047689006,0.9807623,-0.78572863,-0.34151793,1.3704046,0.105837114,0.9391007,-1.0531149,1.0998287,0.52038205,1.2500713,0.12497792,-2.473132,-0.20835616,0.9108567,-0.71812665,-0.014586166,-1.3223305,0.82033557,0.834615,-0.90542287,-0.5972671,1.4303082,-2.1442416
568995983,-0.7829274,2.3503766,-0.2427336,-1.1687549,0.5073654,-0.61604124,-1.6572222,-1.657507,-0.09777157,0.73704004,-0.38617808,-0.48242885,1.6080072,0.53732145,0.49340522,-1.3313888,1.1123639,0.5261948,1.1822324,0.24160558,-2.413572,0.3387266,0.9304213,-0.8689844,-0.3833087,-1.3466467,1.1755602,0.94983566,-1.0011998,-0.95380586,1.8346549,-1.6889163
568996053,-4.22017,3.4506516,0.6761552,-3.025914,0.64901227,-2.1059222,-2.2235928,-0.9017665,-1.9308444,0.2752762,1.1170734,1.1025879,2.888906,-1.765308,2.2678056,-3.060166,1.7452867,1.9177572,3.5453336,-0.24302858,-0.5592669,-3.2666943,1.0576367,-0.3207988,-0.43199247,-0.66652346,0.18021841,2.0879688,-1.75143,-0.5482698,1.9880913,-2.423503
568996168,1.0490423,3.2908244,-0.35809764,0.8667806,-0.47589934,1.1568075,-1.1857547,-0.9265345,-0.87773883,1.5454497,-3.633384,-1.7306039,0.18069027,-0.2933098,0.28530437,-0.37027347,0.4803256,-0.3773876,0.7940204,0.39849183,-3.585875,0.5181331,2.147344,-2.1151812,-0.29811144,-2.2492032,0.10693912,1.5391561,-0.3562524,-1.830963,1.0386695,-0.854203
568996228,0.37936616,2.419011,0.78051937,0.39474034,-1.1331028,0.6796061,-1.5609342,-0.6637197,-1.0936811,1.8641502,-2.5338895,-2.053085,0.14380263,-0.80683553,2.3368385,-0.05008477,-0.083256096,0.6481071,0.807796,-0.24720573,-2.3196006,0.13413523,1.8882649,-1.2907362,0.19647865,-0.106157795,-0.25994408,1.9246209,-0.2789432,-1.79192,0.5038209,-1.4662322
568996599,-0.68042886,-0.22667485,-2.2352974,1.5836141,-1.5400659,1.0195444,1.3065504,0.123224154,-0.9577625,-2.1738117,-0.33598983,-2.1300712,-1.8189561,1.8544916,0.282487,-1.2104281,1.7062145,1.2726072,1.5064008,-1.0003507,-1.251505,-0.116756454,1.9456404,0.75993896,-1.5392215,0.28123292,0.13686088,-1.4375101,-0.75906223,0.6347088,0.23978667,-2.6266441
568996698,1.8827553,0.7876096,-2.8655467,1.0916309,1.6876189,1.122544,1.9010618,-0.6310701,0.84781873,-0.17590858,-0.45215285,0.5434926,0.3560957,1.4433087,0.8415331,0.38653594,-1.3688909,-2.314186,0.7121411,0.13980073,0.27345282,1.0548228,0.7204119,1.446746,1.4717131,-0.19049889,1.3941815,-0.14314808,2.1172855,-0.6819448,0.24249655,-2.6590133
568996732,-1.1456649,1.9711546,2.9124439,-1.8879651,-1.3127121,-1.5919762,-1.817648,-1.182252,-1.285576,1.5739655,0.12078435,-0.6169346,2.163575,-2.3692048,3.6938307,1.0959373,-1.4471554,1.7905033,1.9319162,-2.7509646,1.1994258,-1.624296,-0.5478927,1.9306897,-0.9080883,0.6060424,0.060572486,2.201601,-2.3763192,0.52136844,-0.4911763,-2.4293833
568996751,-1.0680312,1.5702009,1.8375343,-3.0896275,-1.9174643,-1.3110408,-0.7000155,-0.6376173,-1.2136575,0.31162748,-0.17645738,0.038920734,1.021903,-2.6390183,2.2305937,-0.6594282,-1.0430422,0.31383482,1.5910447,-0.6776302,0.72239846,-1.6557186,0.6507453,0.828396,0.17408212,1.7462915,-1.3456455,1.4874275,-0.15683423,-0.09070286,-0.46381566,-1.6141534
568996851,-0.6420347,-0.002953127,-2.916456,1.3041497,-1.0612527,0.8757725,1.8655937,0.5291717,-1.2982867,-3.0201032,-0.7672339,-2.1685133,-2.3276312,1.7272854,-0.44173706,-1.294164,1.72554,1.0186847,1.7389667,-1.5631365,-2.4486892,-0.053283542,1.9971544,0.2678179,-1.7770451,0.6559661,0.4382477,-1.9215008,-0.35351333,0.11367384,0.09427737,-2.8224704
568996870,-3.0087295,3.8572626,-0.8893029,1.2145274,-0.69511944,0.8082742,-0.5630222,-1.6103818,2.3265092,1.1031013,0.70748186,2.1834188,-1.7838918,0.79228795,1.5337174,-1.6977916,0.63129157,-2.0391872,-0.60148317,0.8296817,1.2300005,-1.4882699,-1.6153644,1.20836,0.30642936,0.16052464,0.14874674,1.1656668,-2.0810664,2.4890916,1.2151566,1.3422579
568996960,-1.5472639,1.207832,0.42914566,-1.6094415,0.76320577,1.9404347,-2.3606625,-0.69645053,-1.3720677,-1.0775495,-0.34181148,2.0907156,1.8083347,-0.5012845,0.06261293,0.08068435,2.1940281,-3.1753082,-1.695284,0.39929947,-0.11769213,0.74784964,-1.2135711,-0.547108,-0.7806909,-1.5425447,1.1919816,0.64165294,-1.5702244,-0.7838415,-0.76767147,-0.8814396
568997415,-0.9033753,-0.6509244,-1.0106628,2.2734506,-1.2211047,1.4574786,0.38880074,0.7995008,-1.5483423,-1.8138374,-0.17097217,-2.2944393,-0.6104216,1.325614,0.8093375,-1.1212112,2.256646,0.3606797,1.314793,-0.42212766,-1.070765,-1.554372,2.2506618,0.6437688,-2.2586713,-0.87043583,-0.39847046,-1.6929857,-0.9897789,0.1978926,-1.3410305,-2.2461379
568997539,0.116138145,-0.61172515,2.5151846,1.1447206,0.5678588,2.0730007,0.65671736,-4.389909,1.0939443,-2.1402073,-2.3650436,0.60169995,2.5198703,-1.1862385,0.5803431,2.8236825,-2.0747771,-0.40283412,1.0655541,-1.8689096,0.40236208,-0.9999533,-2.8619778,-2.1260476,-0.26277602,-0.30328816,-2.0230207,-1.0061469,1.2850237,0.32070982,-1.2373694,1.363534
569000241,2.138774,-2.170964,0.75370103,-0.24421626,1.6299355,-2.7307048,-3.8085566,2.5298939,-2.1194272,2.1481876,-0.024426213,-3.9885945,-1.7003889,2.1187856,-0.027164727,0.283837,-4.423342,0.59822685,-2.4479456,-0.00415612,-0.13549764,0.7324607,0.35989183,-0.4312973,-2.214563,-0.35677278,-0.81440675,-3.4799383,1.5913807,-0.8470117,1.968787,-2.1119297
569000573,-0.44230592,1.3189764,-0.27997965,1.317394,-2.1694777,0.4242178,0.8307843,0.009578276,-0.6829435,-1.6241547,0.06376518,-2.5230517,-0.30594742,1.7946136,0.5950325,-0.31166145,1.3259567,0.83675766,0.22371478,-1.2155594,-0.7874552,0.50383747,1.8592046,0.58443046,-1.1821766,-0.10304862,-0.46974596,-0.72651166,-0.32416221,1.160172,1.2672194,-2.8623402
569000616,-0.5820167,0.17567824,0.04416221,1.2983348,-1.2384847,1.1033407,0.31147414,1.1290324,-1.4514946,-0.9658725,-0.12095143,-2.2199497,0.10026626,0.11919559,1.6854964,-1.6031058,1.485838,-0.061068624,0.943226,-0.8946263,-0.26926583,-0.9622973,1.5324203,0.19981104,-0.32350308,-1.6244171,-0.9865814,-0.88214195,-0.93976456,0.8007915,-2.3102453,-2.211028
569001130,-0.08488491,2.4026575,-2.1586778,0.9242024,-0.027366998,-0.53349775,3.7011812,-2.6341417,-2.2091024,-3.1462522,2.788361,-0.13090225,1.3089613,-1.4013253,2.1911604,-1.8094953,-1.6401367,-1.4189037,-1.0217936,-1.0780711,-2.4583359,1.044144,3.7092128,2.5396254,-0.18121374,-2.635888,-1.529838,1.2272911,-1.3136263,1.4372613,3.35311,1.809547
569001617,-1.2328637,-3.874694,2.5688226,-1.267442,-0.3889472,0.29768628,5.3948054,0.29778257,3.0091958,-3.910478,-0.70827055,-0.5675835,-2.3745747,-0.73748195,-0.7964056,2.3777013,1.1210525,0.82734776,-1.1413852,-1.187505,-1.1253502,3.465347,1.2110103,2.7305496,2.933121,-1.466713,1.2232549,1.671813,-3.6478438,0.8346384,0.5818846,0.5100275
569002100,-2.1214502,0.712384,0.5540847,-2.8294475,0.39387226,2.721305,-4.1995425,-0.6400498,-1.9528751,-1.1263714,-0.46770817,2.270709,2.9939697,-0.46122295,-0.55055153,-1.1196567,2.1784587,-4.21122,-2.987307,0.3009792,-0.8253473,0.10843192,-2.2585464,-0.61184174,-1.9617764,-2.6510537,1.0913483,0.4496855,-2.1322167,-1.4253262,-2.1741462,-0.8476436
569002370,-0.1722607,0.8439754,1.4583008,1.4264747,-1.9205369,0.96938676,-0.40408686,-0.35724097,-0.47956818,0.008611264,0.7011755,-1.7660061,1.211049,1.5349591,0.7430906,-0.4949017,1.5317984,0.841438,-1.0604705,-0.16701902,0.7634112,-0.30452436,1.3367902,1.4029932,-0.6557999,-0.7719327,-0.51444215,-0.042553026,-1.5536244,1.3704929,0.99793905,-1.5325904
569003849,0.81518143,0.25392708,0.41273284,2.0069082,0.706091,-2.605283,-2.260173,0.11580077,-0.20558134,-0.8802709,-1.1803986,1.5099828,0.8207992,-0.7365695,-3.0853162,2.0395024,0.48977584,0.56815416,-0.96001136,-0.31181908,-0.5202626,-1.5767255,2.0062392,1.8406904,0.5164356,-1.0111942,-0.41923165,1.5833071,0.008263074,-2.349839,-0.8619845,-0.9613762
569004235,2.4179351,2.8694623,-2.3360543,-0.95254207,1.5982168,-0.61837214,2.082387,-0.43816075,0.8658797,-0.66611195,-2.147365,1.5033659,-0.6366633,-1.1383568,2.396436,-0.90213645,-0.85213983,-0.5951869,0.87419945,0.058910243,-4.323475,1.8732072,1.277694,1.8793558,1.3727828,1.226958,2.0026255,-0.29985705,2.5853932,0.012431998,0.53454006,-1.3848983
569004505,-1.0738425,-1.0549747,-0.41737062,-1.8178489,1.215829,1.5818751,-3.8216844,0.08356713,-1.3268919,-0.5505109,-2.826989,2.496937,0.8845063,-1.0373865,1.0286874,-2.5847814,1.2671752,-2.536435,-2.8102725,1.1166668,-0.5661149,-0.05920683,-1.740269,-0.6118049,-1.7457285,-0.46049333,-0.056800023,-0.18617167,-0.9638043,-0.7461045,-1.0008157,-0.64387065
569004732,3.2178073,-0.25377935,1.169543,1.7677617,-2.0178635,1.8532598,0.2832484,-0.24346745,-0.3771522,1.3701363,-4.523944,-2.4342306,-1.852356,-0.34808767,0.61262214,1.9685553,-2.1875367,-1.614541,-1.4067518,-0.27726275,-1.3086964,0.88875437,1.5390763,-0.50815076,1.3467172,1.2647592,-1.2314951,0.8711904,1.2827648,-1.0862595,-1.7425498,-0.5408265
569005827,0.23331541,2.4865947,2.0868475,-0.56662244,-2.8684058,0.0603266,0.9463188,0.7627138,-0.22190121,-1.399658,0.36025557,-2.847671,1.7812899,1.1275172,0.15780856,1.4220468,0.76377803,-0.024538102,-0.8781291,-1.5428647,1.0357783,0.8874622,1.0813429,0.8993919,-0.7928592,-0.34843177,-1.1786699,-0.6054016,0.66337985,1.644132,2.0133247,-2.7471588
569006063,-0.23028836,2.1871173,1.7310619,0.349955,-2.4429839,0.32335833,0.5832305,0.61514765,-0.19983995,-1.4018801,0.26833162,-2.6026096,1.7096726,0.8910829,0.4440034,0.697782,0.600849,0.1091685,-0.7046826,-1.7687725,0.64826816,0.3151784,1.363345,0.9632708,-0.77814543,-0.7548019,-1.2740513,-0.8047525,0.06841441,1.3914475,1.1890832,-2.4093864
569007104,3.4797251,1.9514847,-2.7827106,0.51362145,-0.3866428,0.67437214,2.1994472,1.8823725,-0.40177244,1.3879606,-0.46343693,1.8237805,1.615572,-0.023812504,1.1682879,0.8125764,-1.4750652,-1.6539284,0.40711334,-0.018150158,-1.0443411,-0.051611435,0.11893329,1.8664607,3.9185367,1.1309631,0.88510954,-1.0578287,1.9065043,1.6484674,0.39120924,-1.8624035
569007329,-0.89930475,-0.30188468,0.2986335,-1.6220285,0.44304484,1.3852804,-2.9997885,0.062361855,-0.8578622,-0.5128956,-1.6605994,1.455699,1.0879834,-0.60495424,-0.11182108,-1.5433972,1.3917617,-1.3126606,-1.8698109,0.98829246,-0.6150238,0.055182144,-1.5671656,-0.6395394,-1.7502676,-0.6964689,0.3707104,-0.2671767,-0.89823693,-0.4731882,-1.392498,-1.0143508
569008000,1.1487519,2.5515432,0.59910804,0.53158015,-0.6451481,-0.524887,-1.9662546,-1.7253019,-0.24559616,1.9165432,-2.966336,-1.810994,0.83411056,-0.20169681,1.8628505,0.710722,-0.13004306,-0.15848242,1.0254635,-0.9804487,-2.936313,0.48123497,1.2383361,-0.5243415,0.051317975,-1.2992551,0.3890232,1.6594938,-0.98516995,-1.8675034,0.93460387,-2.2364533
569008249,-0.55262053,1.3082391,0.7416496,-0.6728884,-0.42991862,-3.6872196,0.6612589,2.5007205,1.9594425,3.431527,1.030121,0.7438012,-5.1289845,2.199632,0.2519524,-0.97546536,-0.22682749,1.2442155,-0.12286596,1.5741138,0.27615613,-2.5022666,1.3147882,-1.2095963,0.3921674,-1.9503312,-2.7838855,-2.7461097,-2.2442825,-2.2266154,-0.8557968,-0.11401983
569008611,-1.192472,-0.14887555,0.8661525,-2.445121,0.59847337,2.1812925,-3.8217998,0.20171072,-1.2784901,-0.6712755,-1.0373982,1.7032746,2.1557033,-0.85655975,-0.82175034,-1.3226273,1.8100381,-2.5472698,-2.2680147,0.5271194,-0.84126335,0.4661951,-1.79428,-0.6064331,-1.9168454,-1.3276101,0.8042761,0.65586776,-1.4408002,-0.6105143,-1.8771324,-1.0271119
569008650,-2.02835,4.7195344,-0.5854183,0.9617529,0.2732843,0.1363094,-1.0816,-1.4005499,1.9633807,0.052881666,-0.42837384,1.9416428,-1.4858927,0.9528209,-0.42984405,-1.0889474,1.1028374,-3.889459,-0.09424721,2.569172,0.771783,-4.1130137,-1.8401734,2.3085015,1.1945697,-0.60941696,0.41299555,0.6481507,-1.684607,2.7155597,2.0360794,0.7256534
569009007,-0.041673176,0.06595141,1.201633,-4.0947886,0.08724201,-1.6440581,0.013528064,0.98070765,-1.122291,-0.5529465,2.4249606,-3.2175977,0.09283709,-0.36731115,-1.7711536,1.0465219,0.53461915,-2.2719073,-3.267085,-1.1489924,-0.4341711,0.9059432,2.7724876,-3.2234423,-0.73470396,3.0592074,2.2768753,-1.8580775,-2.5700152,-1.2476922,2.4582322,1.6493329
569009956,0.36359057,0.64514744,-0.25691083,0.6271356,-0.29989198,1.20426,0.22464673,-0.7160234,1.8757769,-0.41653594,0.5034842,0.68664783,-1.2304381,-1.6968937,-1.1742507,0.75869805,-0.12178646,0.14572012,-0.5875916,-0.92173344,-0.12110597,-0.99518406,0.5507961,-2.2877145,-0.2755957,-0.20349588,-1.3708897,-0.7205846,-0.6103326,-0.5034486,-1.7480407,0.6696153
569010019,1.3309226,1.2348081,0.16976337,0.9128053,-0.6785417,2.6468568,1.339539,-2.0842881,1.0020734,-0.93171686,-0.6732319,0.5429952,-0.885316,-1.9368216,-2.0346491,0.81513375,-0.59130543,-0.25790045,-0.87268925,-1.534441,-0.37702867,-1.6702712,0.34634933,-2.0995407,-0.26372075,0.8894659,-0.6172939,0.34766486,-0.61903906,0.63511837,-2.4333758,0.37699553
569011963,-1.2096188,0.2558592,1.42266,-6.7055893,0.085015774,-2.1470509,3.0414717,1.46125,-0.84959245,-2.625941,4.43347,-5.0909023,0.8815823,-1.468701,-2.447609,0.39362112,3.7616591,-4.8952065,-3.1180346,-1.3334105,-1.1666687,1.2881217,4.4336057,-4.692718,0.17368428,6.2954407,4.23532,-0.76692945,-5.937894,-0.549128,2.4993107,3.22765
569012250,-0.36515892,4.5644097,0.20638599,0.5032082,0.19998184,-0.44336647,-1.3793318,-0.7425014,0.200326,0.4741246,-1.6555454,1.4038247,-1.8019315,0.8233678,-1.4941776,-1.5040202,1.1908991,-4.3520703,0.04264931,3.3432763,0.4256512,-4.441594,-0.94286716,3.035589,2.5947492,-0.62082875,1.1570408,-0.29826707,-1.0085192,1.9997541,2.4211693,-0.47148374
569012346,1.1697943,-0.2739331,-0.14652616,-1.092316,-1.3575495,1.4057784,-0.55144083,0.9740245,0.13283661,1.5835489,1.7776527,-3.435008,1.0415695,0.6680566,2.3284822,-1.7760502,-0.07529901,-1.3331424,-0.010049451,-2.8900597,-1.053304,1.433233,-0.7434789,3.0394182,0.5019745,-0.6480621,-0.75294304,-1.3913636,-1.380079,-0.27687314,3.0128055,1.7664984
569013745,-2.8690932,2.2719414,-0.28593892,-1.6008165,1.0937871,-0.052726053,0.52201724,2.4515555,-0.9243552,-1.1020434,1.2705436,-0.942801,3.2611115,-0.62391454,-0.63954246,1.8922088,1.8789034,-2.129124,-0.9869131,-1.0751541,1.1258484,1.723972,0.9763704,0.86376417,0.98898757,2.0113559,1.7490196,1.2585232,-1.452254,-0.10847178,0.6632646,-0.046941098
569014820,2.328267,1.9562407,-1.3766984,-0.032247745,-0.9168481,-0.16445482,1.3105037,1.707785,-0.057393968,1.2155497,-1.1428635,2.1819255,0.43979612,-0.063297376,0.7917718,0.31381425,-0.6687229,-0.48640618,0.5784393,0.17965564,-3.2075262,-0.02345265,0.24294858,1.7380035,2.780159,0.6512956,0.2543184,-0.7930631,1.3747765,2.0897915,0.46449113,-0.8246558
569014963,-4.039466,2.2634351,1.183698,-2.9911478,0.36272287,3.9540946,-4.0308285,-2.031004,-2.390765,-2.1599689,1.7207634,1.6564928,5.171737,-0.6799797,-1.4217955,1.57881,3.4108796,-5.743269,-3.1267822,-0.76997435,-0.9732162,1.6965735,-2.9079375,-0.57377887,-2.2122166,-4.3816457,1.936388,1.0666059,-2.472338,-0.816645,-3.0940144,-1.1655058
569015568,3.3491113,0.44251335,-3.3803673,-0.021252165,-2.396738,-0.24799913,2.2498794,3.143679,-1.1502378,1.3378621,-1.0016903,1.0529088,2.5707662,-1.0721139,0.77548605,1.059767,-1.9190056,-1.3352567,1.0133111,-0.25179446,-0.970409,0.40393448,-0.04747851,1.9026946,4.713773,1.3829418,1.4508221,-1.867341,0.33791524,1.8747436,0.25129858,-1.9349808
569016121,1.6525706,4.4091363,-3.8015897,-4.8808784,-1.692452,-2.2313707,2.8056886,-1.7570162,-1.5942838,-2.233091,-1.2020004,-1.5012081,1.7939286,-3.1958635,0.99228704,-0.12062669,-1.9428803,4.7688875,-0.2712682,2.6057427,-0.7737429,-0.42756212,0.7331306,1.6132435,-0.24764937,-3.2093058,2.82829,-0.20372851,-2.3240063,-1.3124458,1.0150514,-0.88443863
569016376,0.43828276,1.978943,1.3221974,0.62200904,0.43052316,-1.6616596,-2.3427436,0.57378006,-0.97347724,0.042375766,-2.0366983,1.3793478,0.18989995,0.22014822,-2.6641793,0.078879274,1.6629025,-1.6187532,-0.56869197,1.9728622,-0.4828298,-3.0568395,1.2385498,2.2755437,1.8356683,-1.0863541,0.22350703,0.9532432,-0.21460387,-0.754999,0.9879708,-1.1423889
569016456,-0.065053076,2.147882,0.59656674,0.8626293,0.018361919,-1.2804301,-2.0886803,0.07796958,-0.26356694,0.45700535,-1.3661593,1.1844912,-0.07618743,0.63564074,-1.8952206,-0.34288704,1.5974854,-0.9783663,-0.89087844,1.3276627,-0.06651567,-2.2909992,1.0827005,1.6098905,1.4467655,-0.5802978,0.0007973723,0.7408083,-0.49263448,-0.78107923,0.58356935,-0.83924234
569017087,0.5638287,2.9710763,0.21084574,-0.25910056,0.64238584,-0.3886798,-1.5484407,-1.3719977,-0.4029594,1.4685287,-2.0927808,-2.8259382,0.9843491,0.905336,1.4821458,-0.40055722,0.17206459,1.0818187,1.8005219,-0.7773955,-3.81934,0.45287025,1.7655983,-0.36767584,-0.47881806,-2.6981368,0.8742029,2.3960786,-2.246349,-1.872247,1.7755666,-3.4066508
569019362,-0.33461642,-0.284584,1.554037,5.450771,1.4524249,-0.7645193,0.069220595,0.58452016,-0.48617798,-2.3785913,0.33406544,1.8245648,-0.5571948,-1.1971803,0.24606729,0.48614842,0.4368433,-1.9673554,-0.19321206,-0.98131645,0.41231847,-0.048274636,1.3725994,-1.0617895,0.8414426,-0.41576114,-1.9461331,2.022984,1.7692424,3.1133208,-1.5598736,0.5128774
569020595,-0.3167884,0.67466277,-0.6063761,0.88413733,-1.0765582,0.30062997,0.655161,-0.03282648,-1.0282034,-1.3719777,0.3659417,-1.8558255,-0.5000403,0.98352414,0.28419185,-0.46016476,0.993419,0.12802646,0.50920415,-1.280508,-1.0790329,0.46298772,1.5135067,0.36475563,-0.5808594,-0.32860377,0.012698479,-1.0410237,-0.11230842,0.73609436,0.6042879,-2.1511214
569023095,5.963968,2.8085196,1.4591258,4.10359,-5.2237787,2.7832918,-0.58219737,0.91319764,-1.8398669,2.0625932,-10.798742,-5.4631324,-2.706545,-5.7838173,2.6132097,1.3847361,-4.392548,-0.652136,-0.35865408,2.3208513,-4.179142,-1.8943233,4.5789747,-1.2026513,1.4506896,0.26535848,-2.983669,6.6905456,1.9326373,-2.4096844,-2.7554686,-1.0988208
569023104,3.1312096,-0.124531195,0.97254384,1.3529435,-1.9906353,1.5404272,0.12688984,0.007161673,-0.66755444,1.2385371,-4.3032126,-1.9119749,-1.608827,-1.0060682,1.1237029,2.018213,-2.1564558,-1.6271613,-0.9103134,-0.00052148104,-0.5479806,1.0572938,1.775105,-0.7326495,1.0257711,1.1325977,-1.3552006,1.0788468,1.1928223,-1.1013966,-1.5967995,0.09173163
569023105,1.990523,-0.03884329,-0.27743527,1.0322407,-1.3466479,1.0710151,-0.09152269,0.92321783,-0.8935209,0.52804524,-4.088415,-1.7344418,-1.5773618,-1.4032608,0.6945037,-0.28256604,-1.4987768,-1.3876232,-0.27313316,1.5750334,-0.7409497,0.2501617,2.4956603,-2.0856779,0.9030624,1.752974,-2.121775,1.2666237,1.951194,-1.1428523,-0.8148321,0.79561
569023257,6.420319,0.5326098,-0.20988047,5.1208982,-2.6793113,3.7283525,1.3111523,-1.0424937,-0.007275656,1.4711071,-8.301395,-5.379065,-3.3881156,-0.23232043,0.5920295,1.7040037,-2.8224447,-2.003516,-1.80699,0.858386,-4.597846,1.6476114,4.2214346,-2.425086,1.8336909,0.6147803,-1.3401845,1.681231,2.4535792,-3.2820826,-1.9605355,-0.36786318
569023361,0.0919154,1.7135463,0.030467309,3.4057128,1.9514232,-2.7564418,1.2998651,-1.5656078,-1.2608669,-2.1133857,-1.4404154,2.5506878,-0.009469351,-2.3421078,0.3343146,-0.036796745,-0.36469993,-0.5973405,-0.8780828,-0.24992661,0.60659796,-0.8928721,4.158237,-1.70678,0.084950104,-1.2495292,-0.59354866,2.2612972,0.16225144,1.6615171,-0.749557,0.049259
569024014,1.263638,-0.66991967,-1.6485263,-1.4169121,-0.7811372,2.9518712,-1.2541221,0.006375977,0.22224882,-1.2475127,1.5587218,0.5897115,1.5451522,0.019054241,-0.6119116,-1.1094964,0.6622476,1.9881617,-1.5395565,0.3038161,-0.3446451,2.1594262,-0.0120041575,1.1968962,-0.5018218,-0.9133022,-0.9348693,-0.54461133,0.16450958,-1.9912435,-0.6112233,2.9368212
569024017,1.3473535,-0.8388917,-1.5002764,-0.7978904,-0.4935973,2.821181,-1.4527929,-0.0697697,0.2867616,-1.8034939,1.1214631,0.41647816,1.4878905,0.28625295,-0.6517021,-1.1182181,0.5030271,1.7105347,-1.0291985,0.36700946,-0.4063552,1.7733173,0.33932468,0.5923514,-0.78975683,-1.1697367,-1.2216629,-0.7448739,1.1149629,-1.7662412,-1.1064467,3.145564
569024117,-0.11092475,-0.7646522,-0.49594468,0.22477767,0.314743,-0.2408358,1.1040024,-1.3558918,-1.2307966,-1.3271757,-0.5924766,0.027709778,1.3833754,-0.7385541,0.8999367,0.52697754,-0.20702693,1.7809136,-0.3885478,-1.7536654,-0.158725,-0.68613774,-1.2804449,-0.12868905,-0.88511455,0.8113612,-0.96852905,0.15767129,1.8401077,-0.3406727,0.7050878,0.20285013
569024195,0.8705926,-0.96777016,-2.0943074,-1.9577248,-1.460512,6.159778,-2.0906549,-3.9862127,2.4742324,-4.104036,2.2099493,0.70870227,2.4111629,-0.54259706,-0.06471644,-0.6036302,0.64524955,1.8766496,-0.16373658,-0.28715754,-1.3771951,3.7512293,0.15357827,0.7908742,-0.72281617,-1.7894754,-2.2010815,-3.3505611,-0.2154283,-2.6224084,-2.7696245,6.0892606
569024540,0.2891246,-1.0862405,1.6006213,0.7762786,0.17314258,2.5225785,0.17919812,-4.162417,1.504822,-2.3653724,-1.3861626,-0.011920128,1.9770365,-0.75938445,-0.14105985,2.2015464,-1.4572775,-0.5987752,0.83352494,-1.7836976,-0.023637652,-1.0935396,-2.2761545,-1.4729158,0.642611,-0.119301975,-0.99716645,-1.8026356,0.30557188,-0.14483444,-2.1517475,1.6998974
569025000,-0.4856428,2.1794171,0.121736914,-1.1821145,1.1279491,-0.77687347,-1.8711177,-1.4656159,0.6097778,1.919265,-0.6827255,-0.9185646,2.9965317,0.8454075,1.4493003,0.08444685,1.406518,0.6604477,1.7168704,-1.2838,-2.3193011,0.6037353,0.19796179,-0.009435937,-0.75307745,-2.392797,1.952196,0.6715126,-2.1368253,-1.3893261,2.2384949,-3.0388205
569025827,-0.8534684,0.1829717,0.2331419,-2.150052,0.92347145,-1.9783157,0.61957026,2.3339481,-0.7683351,-1.3701262,2.6695914,-2.5085986,1.0888677,0.9985996,-0.8808193,0.24009143,1.9023026,-1.969037,-1.443259,-0.3722976,-0.3452057,1.2566226,1.6081418,-2.125809,-0.31325677,4.0118356,1.8556224,0.48545638,-3.4169455,0.2444287,1.1123223,0.953194
569026157,-0.16670612,0.20693384,-0.4201162,-0.004026143,-2.0779927,-0.38163316,1.3740703,1.1862735,3.2399445,-1.788224,-2.164277,0.37681028,0.29132485,0.61728626,0.35778382,-0.3425458,1.4680465,0.6057182,1.5432824,0.017070284,0.7010768,0.38983852,0.46476567,1.1422583,0.9614878,1.1176693,-0.48619094,-1.0477618,-1.4812107,-0.44972083,-0.48227513,-0.8234861
569027848,1.5356989,0.30880347,-1.6084124,0.465191,-1.900878,0.49248266,1.1375896,1.9409688,-0.5225154,1.0271258,0.009923644,1.599365,2.0925364,0.16845524,0.19794449,1.1029894,-1.2200341,-0.78379995,0.9839272,-0.70648706,-0.42110774,-0.06964093,-0.9105085,1.5128796,2.5597112,-0.06863585,-0.19335614,-1.1637555,0.2935746,1.9337069,-0.15179096,-0.8075013
569027849,-0.3579685,2.5457048,-0.18714169,-0.14539292,0.4245875,-0.12657109,-0.45916462,-0.9694766,0.12102926,0.00285024,-0.8544309,0.7259679,-1.436533,0.26725227,-0.9252919,-0.38660163,-0.17445937,-2.845015,0.030571353,1.0078127,0.717148,-2.8931706,-0.8515862,2.3684826,1.0057752,-0.014420567,0.21808152,-1.2632403,-0.9196772,1.4382876,2.0760245,-0.781443
569027889,0.29984415,1.0809363,0.37510565,0.181546,-0.18619828,-1.069067,-0.6068788,1.1458938,1.9941211,0.73703533,1.6177293,1.7838875,-1.8864522,-0.19373253,-1.4847554,-0.3516946,0.06312169,0.6147371,-0.5202577,0.44536242,-0.6647792,-2.0582266,1.1618629,-1.8390254,-0.52537113,-0.2079888,-1.448662,-1.8365978,-1.4492887,-0.82371664,-1.5678074,1.1486717
569029602,2.2810044,0.87616944,-1.9991821,0.81660956,0.23404415,1.0127208,1.4090631,0.051724028,0.5167542,0.17265566,-0.36885077,0.7848508,0.9513844,1.5074004,1.0641598,1.3061156,-1.1357064,-2.0551689,0.8226262,-0.08963493,0.32885838,0.65122133,-0.50551456,0.7709994,1.4289906,-0.30578384,1.604754,-0.12961607,1.5848477,-0.02450214,0.56258434,-2.2515824
569029919,-0.2883606,1.7568575,-1.1369213,-1.4621621,-1.5050035,0.27847221,0.362058,-0.4544792,-0.30724275,-1.3621671,0.74585706,-1.4913784,0.8360519,-1.4486042,1.1640589,0.22066358,-0.86198545,2.1126144,-0.048029263,0.65677136,-0.7205367,0.34799543,-0.9831217,1.409108,0.15378827,-1.2759339,0.91221833,-0.5943261,-0.3683666,-0.23729664,0.7296063,-0.23721671
569030012,-1.0810422,1.7372695,1.1818248,3.518133,-0.7269761,1.5752261,-0.90824646,0.9614139,0.8673483,2.753474,3.9071774,4.674668,0.63095474,5.2650785,-0.7611192,1.1448823,0.92371154,-2.5494583,-0.70003456,-2.9252212,0.873027,-4.205725,-1.9204904,1.8236595,-0.031870127,-2.5431278,-5.048131,0.28840426,0.92860335,2.2208643,-0.23262738,1.0287485
569030066,-1.3151414,0.9776966,0.9098382,3.4187415,-0.87230355,0.6193185,-1.0117614,1.1247183,1.6359639,2.818704,3.1735935,4.2755775,0.24631849,5.2487926,-1.0061967,0.89612776,1.5121214,-2.4299161,-0.33524433,-1.7899745,0.5937388,-3.9239058,-1.9552901,2.2655828,0.12412584,-2.7666295,-5.2237096,0.61912364,1.2297838,2.8283203,-0.16800529,0.5900819
569030165,0.14053628,2.1998804,0.47238827,-0.053615116,1.6840615,-0.40642995,0.43766052,-0.60096425,1.8044088,-0.5223432,-0.94987005,2.3751495,-1.2837472,0.5916874,1.5425774,0.29220667,0.08461725,0.082776554,1.1671952,-0.9806951,-2.0789266,1.0153788,-0.22395198,0.6759617,-1.4416212,-0.86518276,0.16812785,0.5157029,2.1494572,0.013691086,0.61896014,-0.006256707
569031593,-0.98365533,-0.055912927,-0.51224387,0.49971658,0.8948615,-0.091994375,-0.31640857,0.586407,1.0322272,-0.4958605,0.27016696,0.45931143,-0.22537802,-0.55793995,-0.50295097,-0.02832771,0.3637287,0.415755,0.4129514,-0.060155917,0.05243781,-0.24976794,0.024039023,-0.28333178,0.084480345,-0.4311855,-0.4972257,-0.40321591,-0.15745863,-0.4078923,0.19440643,0.4370315
569031595,-3.136654,-1.7961785,-1.4986712,0.34221622,2.411017,-1.2779553,1.8461262,1.7720435,0.046950214,0.009509195,-1.9260375,-1.0348685,-0.95857203,-0.15963303,1.0806558,-0.68958133,1.2361019,1.789346,2.8678048,-0.58261687,1.2239321,0.13995698,0.23031956,2.3239958,1.0312756,-2.3399076,-1.416422,0.0012478605,0.63431925,-1.9022692,1.4528034,-2.14996
569031826,-0.33636352,3.2437742,1.3779938,-0.6152594,-0.5181348,-1.1886336,-2.1286507,-1.3364488,-0.58383304,1.6978483,-0.9217274,-1.7696416,2.3992796,-0.27003163,2.6413574,-0.25569567,0.26532292,0.94412374,1.9716257,-1.0951774,-1.3482374,-0.48713994,0.7427705,0.29472917,-0.5502762,-0.57392085,0.5275012,1.5170097,-2.1011178,-0.6676771,0.53657484,-3.024787
569031937,0.27651003,0.6289867,-1.0161384,0.11348811,-1.4376106,-0.5780757,1.1590124,1.1671712,2.1349325,-1.4719721,-1.4089617,0.20109856,0.025050173,0.47252682,0.79555696,-0.14893025,0.99226755,0.67365754,1.175691,0.39327043,0.4369853,0.27421018,0.15848096,0.7461413,0.37641445,1.1028627,-0.2398068,-0.84932476,-0.20241389,-0.39904106,-0.31438178,-0.17670429
569032299,0.18812183,-1.0830225,1.0447937,-2.9048896,0.67309374,-1.9221317,-0.3640769,0.94127023,-0.8024273,-0.9128975,1.9715146,-3.2190566,-1.0839143,0.35404798,-1.5221297,-0.6912267,1.2274843,-2.106338,-2.0498147,-1.078032,-0.7345926,0.112105384,2.2407548,-2.920478,-1.0991892,2.9138532,1.5526646,-1.0743566,-3.022501,-0.30085182,1.1161314,1.5224471
569032387,3.3131568,1.7141573,-2.3734927,-0.91023844,-0.7306521,-0.6342303,1.5862072,1.6549042,-0.86288524,0.7166446,-1.8517231,1.5919993,0.94600815,-1.1042703,1.2228801,-0.33264774,-0.9126302,-0.8063032,0.3301054,-0.017294385,-2.5659242,0.7642377,0.56508946,1.6302933,3.1736462,1.6304415,0.8332137,-1.1163849,1.2283784,1.5832254,0.048456207,-1.0712048
569032407,-0.6665095,-0.41407603,-0.92341083,-0.5498341,1.4268898,-0.17772514,-2.5001402,-1.0502077,-1.1284647,-0.69802815,-3.6993964,2.9442391,-0.30197668,0.121410444,1.713178,-1.2173125,2.2863135,-1.356916,-0.43311292,1.3523818,-0.1570267,-0.6769055,-0.16030952,-0.89152724,-1.1494902,0.54836714,-0.24822713,-0.25679064,-1.7240815,-1.5381035,0.3525382,-1.2071925
569035740,0.8243001,1.0047266,-0.9109345,-1.3557726,-1.2968514,0.84507084,0.42083853,-0.19372639,0.44542602,-0.28027517,0.79246294,-1.830512,0.5546731,0.09443633,2.347245,-0.9201492,-0.392392,0.04056313,0.16374926,-1.2371396,-0.5754327,1.5861619,0.49771842,2.6608486,0.6551209,-0.4610757,0.040461227,-1.0973107,-1.0474975,-0.6190052,2.0813107,0.49094388
569035937,1.1463413,-0.31671882,-2.576426,-2.1336527,-1.3922298,4.6325727,-2.32315,-1.3918328,0.7452363,-2.4365814,2.782448,-0.38881284,1.9665685,0.15393907,-1.0417103,-1.2927978,0.90480506,2.3823476,-2.0438485,0.7570896,-1.0105962,3.1961527,0.9660014,1.3919798,-0.3998735,-1.0202423,-1.1333765,-1.5633,0.23958105,-2.1339285,-2.064649,4.575751
569035938,1.4911116,0.051394515,-3.0760236,-3.2320735,-1.7498832,7.01817,-2.8970068,-2.570331,2.6410964,-2.764208,2.8256147,-0.62907535,2.8534756,0.5326688,-1.0950817,-1.5891337,0.8591051,1.6847969,-1.8603892,0.667694,-0.77048993,4.412009,0.32036033,1.3630148,0.5171724,-2.5564525,-1.7877425,-1.0918491,-0.1496241,-2.450259,-2.900563,5.419772
569036196,2.950054,-1.4439566,-3.778553,2.9303184,-1.7221687,2.0190198,2.352526,2.6146395,-1.0544286,1.4303373,0.98700756,0.063189656,3.8701258,1.7086838,0.05730504,2.302877,-2.4788928,-2.8478053,0.6081831,-0.34909016,2.932006,-1.2399712,-0.9325779,1.8958441,4.7982354,-0.13649806,1.5539598,-1.8392609,-0.5833346,0.7816813,0.095834315,-3.43724
569037060,-2.5139658,2.9022968,-1.4137298,-0.34155574,3.8959086,1.1217065,-2.0352519,-0.5870154,6.330113,-1.9354343,1.1951598,6.4396276,-2.7721548,1.523244,1.5140171,-2.1138787,-1.4677535,-3.907365,2.8343563,-0.60157776,-2.2032084,-2.6057765,-2.3844507,3.1151347,-0.58884066,-0.6238512,0.3358629,-1.0922037,-1.7493731,4.300971,0.6242567,0.2746607
569037159,0.5079615,0.13667883,1.1140734,-3.5548801,-0.22435494,-1.851444,0.9397167,2.245738,-1.0317624,0.068611346,1.7610632,-3.7825758,-0.689222,0.27448985,-2.6031358,0.3271451,-0.061382867,-1.4620007,-2.4027417,-1.2834488,-0.56051403,1.24013,2.8005748,-3.9495175,-0.58548987,2.7986698,2.3659403,-1.8470533,-1.8875498,-0.30836922,1.7328904,0.7155442
569037748,2.140165,2.3986902,-0.8853206,-0.31383833,-2.0357742,-0.36868346,2.3213115,2.2662632,-0.3670624,2.159008,-1.1225365,3.0971987,1.1723301,0.60689837,1.0891253,2.3263898,-2.0769439,-0.97456014,2.216191,-0.7721137,-2.977637,-1.0884544,-1.401308,2.2645795,3.9080784,-0.03989151,-0.767617,-2.4176528,2.018852,3.8635561,1.2400424,-0.68462586
569038057,-2.5648246,1.7339712,0.6615667,-1.8905716,0.19306313,2.3988872,-2.6077135,-1.1768649,-1.5793139,-1.3524334,0.72663563,1.800044,2.904995,0.27303052,-0.2544708,0.582706,2.113994,-3.2799556,-2.0479956,-0.031647474,-0.32017133,1.023606,-1.6283478,-1.1725178,-1.1500647,-2.4973357,1.1831284,0.34343505,-1.9905692,-0.76093256,-1.8275136,-0.7562123
569038165,1.6339271,3.3400137,1.5656283,0.34478614,-2.5221782,-0.7212957,1.0380127,0.37811598,2.1499538,2.7114873,1.4852101,1.3626859,-4.0037827,0.9989682,-1.9604524,-0.7903342,-1.4548588,0.73685074,-1.9464672,0.9576288,-0.8869202,-3.342304,1.9297236,-3.0885658,-0.38370368,0.7721646,-2.0642703,-2.4901092,-2.8088639,-1.1603563,-3.4250758,1.0516739
569038189,2.7610707,-0.21731424,-3.065568,1.7023633,-0.44047278,1.3861701,2.4067562,1.2797018,0.059515417,0.5901939,-0.47348204,0.6173009,2.511717,0.77902216,0.80961436,1.8421707,-2.3609295,-2.3818457,1.3197962,-0.35994768,1.2739394,0.5704918,-0.48481312,1.7469739,3.260228,-0.06615928,2.035835,-1.3102363,0.9563042,0.7367265,0.48093188,-3.4287407
569038214,1.2205534,3.3807428,-2.7841802,-2.7838438,-0.14586842,-2.7817094,2.6568239,-2.4503837,-1.7189939,-1.3324652,-1.7586291,-0.056414615,1.6324208,-2.4802551,0.79040134,-0.388818,-1.1677431,2.3988566,-0.7766202,1.3725998,0.064899266,-0.96911335,2.4672842,0.99678385,-0.36988458,-2.056169,1.7334061,0.6188939,-1.5956082,-0.72508335,1.194247,-0.3045688
569039373,2.1835806,-0.61290085,-3.399075,2.5923133,-0.39495012,1.786206,1.4779025,0.57542634,0.04522121,0.82662815,1.3292716,1.4283347,2.2563617,2.2721953,0.06899911,1.748652,-1.9306835,-2.6912863,0.20557861,-0.5464574,2.2180238,-0.9148468,-0.82140607,1.3728863,2.485583,-0.7701469,0.6219015,-0.15646814,0.43892384,0.3325738,0.037660506,-2.8675563
569039506,-0.694077,-1.0036507,1.727393,-0.5211595,-0.81565213,0.013630442,3.0907567,1.6223241,2.7131565,-3.1356087,-1.8947042,1.0617158,-0.44217622,0.014424531,-0.17456535,0.54017353,1.1431614,0.8360695,-0.18540514,-0.792751,-0.091578014,1.8797195,1.2523497,1.8198378,1.3877854,0.10055287,0.6797494,0.19405115,-2.4542313,-1.0466436,-0.08297347,0.21859846
569039898,-0.33618572,0.041767523,-1.2079117,1.693356,-1.7490731,1.1831948,0.7677723,-0.3786763,-0.49478316,-1.5621427,0.08865662,-1.8697803,-0.29942095,2.1353495,0.36825722,-0.8222169,1.6533284,1.0642403,0.37182865,-0.8298717,-0.6296127,-0.16960387,1.9383458,0.7759882,-1.5034654,0.15632345,-0.137595,-1.0019917,-0.9006931,0.54516697,0.5057271,-2.216326
569040237,-0.17327248,-1.6779423,1.1659161,0.74677074,0.8476616,-0.07932012,1.0976942,-3.701169,-1.0734891,-3.6139963,-2.9210567,0.08838147,3.0597527,-0.6899669,0.98787826,3.5068998,-2.258985,0.82269233,0.26705682,-3.1694186,-0.489265,-2.6011314,-3.647966,-1.6350037,-0.7199338,1.1154956,-1.3830281,-0.056710735,1.8034986,0.024778318,-0.995892,0.29668063
569040993,-3.0815206,0.7631315,-1.15987,1.650157,-0.073885076,0.48912713,-1.4255259,-0.72558916,4.117871,-0.6864777,2.7314012,4.5162783,0.3298365,-0.08648011,1.2040652,1.3905439,-1.1821414,2.4010644,-0.2843537,-2.8013003,-0.5021565,1.4542484,1.0275445,-1.0347649,-3.2383537,0.532658,-0.16760646,3.933583,-1.7506164,0.25407755,-2.8918371,2.0982296
569042224,-0.9471353,0.31169516,1.1813442,-1.5802596,0.5094563,2.5755732,-2.639485,0.2596246,-1.060242,-0.8899244,0.18184866,1.3573415,2.414589,-0.43184805,-0.9314083,-0.4075812,1.1687961,-2.0232847,-1.9911404,0.29529896,-0.55595857,0.50223684,-1.3076599,-0.54259926,-1.4715512,-1.564129,0.8248362,0.87532884,-0.84019834,-0.50241077,-1.4548422,-0.8405076
569044627,-0.017038438,2.359615,-2.3373833,-0.26344487,-0.62313277,-1.8459367,2.2209935,-2.2181497,-1.8211541,-3.1628144,-0.756908,0.26919663,0.843848,-2.6732416,0.9382355,-0.33525515,-1.4584252,1.3426796,-0.8550809,1.753554,-0.35607713,-0.5159546,1.7947295,1.4798483,0.51164913,-2.8402276,0.7197032,1.4002614,-1.391077,0.22944778,0.62195003,-0.34347275
569044645,2.1350942,-2.9647944,0.24948421,1.58749,2.196327,-2.1672587,-6.486037,2.077783,-3.943756,1.2793212,-0.2743993,-3.7849853,-0.94388753,1.8533614,-0.4276399,1.287585,-5.3532653,0.2250138,-2.9095259,0.037998043,0.55602247,-0.53847057,-0.407494,0.29058015,-2.1222348,-2.0575128,-1.1447097,-2.784689,3.7177806,-0.23690933,1.387793,-2.029264
569046556,-1.062298,3.421875,-0.25916535,-0.8364849,0.44208506,-0.2571266,-1.6135682,-1.2891983,-1.2840444,0.2549998,-1.5838962,-1.643068,0.7957353,0.4870385,0.86051184,-2.8984447,1.2773513,1.7017947,1.7437937,0.5183499,-3.688393,-1.4798561,2.4517846,-0.7710087,-0.7964201,-1.8188268,0.39109722,2.6121497,-0.7779524,-1.5981492,2.5519094,-2.3812358
569046985,0.35605752,1.0490757,0.8793553,-1.4442233,-0.7312709,-0.39100304,-1.1443666,-1.4557966,-0.39337444,0.95393044,-0.85574824,-0.69207406,1.3872604,-0.8260201,1.1848757,0.37041548,-0.7980805,-0.29827675,0.61132526,-0.7025716,-0.78074855,0.4565751,0.37628722,0.17205043,0.19896702,0.5501021,-0.16874109,1.1441823,-0.87668854,-0.014598396,0.03736293,-1.7294028
569047623,-0.96071947,-0.002761852,-0.23596038,-0.92681724,0.5614769,1.1472259,-2.4854152,-0.57104427,-1.0621587,-0.34444702,-1.5123936,2.2633784,0.43993697,0.07902223,1.0662326,-0.23148687,1.7550579,-2.117526,-0.9598537,0.1919407,-0.16581415,-0.24068798,-0.565914,-0.7310878,-1.2016112,-0.6362013,0.34367672,-0.3959943,-1.7470936,-1.0108119,-0.21545196,-1.0710938
569048312,2.573468,-3.7181127,-0.2506706,2.9370127,3.34435,-5.2352686,-7.4165564,4.0066385,-4.2405877,0.32129258,-0.29452363,-5.6778865,-2.361196,3.7473974,3.414901,2.0899003,-7.8081098,0.9336087,-3.019189,0.2553077,-0.051526155,1.1339518,-1.5545757,-0.0104802875,-5.3862247,-0.6772673,-2.803486,-3.7252965,2.8315334,-1.1680857,0.4104325,-0.16708367
569048381,2.7748234,-3.7265227,0.6840097,0.57449067,2.6286783,-2.1211653,-7.0327067,1.3889648,-3.5448818,1.5192449,-0.9165524,-3.1299615,-1.6634893,1.9969667,2.0632148,2.0773723,-4.8660274,0.48197448,-2.7237659,-0.81924385,-0.8108269,-1.569333,0.050881818,1.4002105,-3.5596216,-2.4138231,-2.3382246,-4.2050877,3.9337764,-0.3601658,1.7876451,-1.8061048
569048413,1.4149209,-0.7675043,0.85874885,-0.5098464,-0.5190825,1.0921633,-0.5811193,0.47161227,-0.005652887,2.2689087,1.318877,-2.376733,0.21503557,0.6719925,2.2127244,-1.6759413,1.1739672,-1.8186674,-0.13119136,-2.6049867,-0.33589414,1.2390387,0.2768211,2.47566,0.6982874,-0.28950712,-1.248015,-1.1978165,-0.55545205,-0.506262,2.47493,1.5746651
569049282,4.1987214,0.94069576,-0.94564974,3.4117768,-1.9238926,1.4826362,-0.4861944,-1.7007048,0.5368577,0.15106252,-5.474039,-3.2189066,-1.7489724,1.0041097,-0.9557431,0.7045287,-1.5420463,-1.592519,-0.66627914,0.91469115,-4.3582916,2.358935,2.7339785,-2.2201917,0.44214773,-0.23483512,0.11138658,0.8383113,0.26260883,-1.7557114,-0.8800589,-1.6776079
569049715,0.69071007,0.59342444,-1.2685528,1.3669207,-0.044517186,1.6081995,0.1327871,-0.9881933,2.2132256,-2.0280228,0.7439976,0.7090953,-0.3709098,-2.704609,-1.6784989,0.7664424,-0.31298554,-0.060160972,-0.2425005,-1.8334831,-0.17830317,-0.8448967,0.23610395,-3.2865086,0.80449677,0.16333638,-1.3759791,-0.6875344,-0.4600061,-0.34704,-1.6502715,1.3694447
569049946,0.83965397,1.9247893,0.9021028,-0.43802914,-1.7363101,-2.729463,0.03526457,1.6253772,1.9532619,2.6537795,1.7493886,1.3119876,-4.12829,2.296891,-0.015692499,-0.8828221,0.061827675,0.42819235,-0.8113955,1.4593811,-0.64862704,-3.0354664,1.2782047,-2.24865,0.6260822,-0.8616562,-2.0731983,-3.41683,-2.5436761,-1.0812631,-1.5947449,0.73467237
569052056,1.0044386,-0.94399595,1.9405826,-5.9469066,-0.58046997,-3.0453043,0.76278484,1.8568066,-1.4719069,-0.9820889,4.2648478,-5.8676877,-1.646628,-1.0653399,-2.2187676,0.047376737,1.0077235,-4.02487,-4.0006514,-0.6358774,-1.8302197,1.1728432,4.2293615,-5.636282,-1.0954925,5.01041,3.084684,-2.8452377,-3.7848754,-1.5357536,3.223357,3.1621447
582214041,-1.8896195,1.4550897,-0.38321123,-1.5172867,1.1770058,-1.3152419,-0.36364412,2.0024292,-0.64354056,-1.0893751,0.57091004,-1.6638227,1.2720838,0.2166013,0.4004181,1.6995257,0.88815784,-1.2289456,-1.361234,-0.5366347,0.8094144,1.6589987,0.95106894,-0.5782457,-0.6889303,1.8149655,0.4087536,0.5208244,-0.92869586,0.28281176,1.2316482,1.3188716
582215473,0.053448077,2.521864,-1.7664816,1.0276687,1.4905462,-2.1352682,2.7279608,-3.6830595,-2.4770157,-2.6193924,-1.7553585,2.0005472,-0.0035982039,-3.420343,0.58492094,-0.07386567,-0.8095209,1.3896985,-1.0146952,1.5607196,0.48768306,-1.16375,4.198816,-0.29549265,-0.4203291,-2.3593247,-0.01389195,2.1618118,-0.77308625,0.891402,0.14334679,-0.9458104
582217754,-0.43391573,1.055214,0.3564072,2.4031541,0.8131236,-0.62827533,0.9662455,-1.3559132,-1.28971,-2.399611,-0.1332806,1.2400941,-0.92500603,-1.7883953,0.86260337,-0.3468625,-0.35110536,-0.11506698,-0.43507773,-0.40986848,0.035633087,0.17013177,1.347107,-0.32536775,-0.035151534,-1.9183038,-0.8130756,1.4011639,1.0918678,1.420052,-0.2879104,-0.22256583
582218328,-1.6141661,0.3117954,1.4743979,-1.4399912,-0.40816045,2.6086051,-1.939212,0.071162805,-0.44146654,-0.93675673,0.92184526,0.76567256,2.404933,0.5493517,-0.7099119,0.35626382,0.9314518,-0.7492491,-1.629152,-0.2191746,-0.15751883,1.4432352,-1.0350484,-0.5790818,-1.3569596,-1.6484075,0.6656343,0.78735036,-0.6009233,0.06921521,-1.1028392,-0.6838611
582218827,-0.058793686,0.5122435,-1.533114,0.28919998,0.42988056,0.34954807,1.0877045,0.72818244,-1.8956474,-1.7840565,-0.20753916,-1.3654191,-1.465449,-0.14480802,0.25595328,-1.3137393,1.0464612,-0.47472242,1.0000887,-1.6524116,-2.0158799,0.2592585,1.2493926,-0.83110976,-0.9998901,-0.86270887,-0.113142364,-1.5797124,0.3881986,0.2626199,-1.1952378,-2.411544
582219131,-1.1410891,0.08175139,-0.4024901,0.026675232,1.7327973,-0.14389554,-0.94843554,1.7771283,-1.2124039,-1.1885957,1.0652274,-1.1383395,1.6411291,0.2698709,-0.24444807,0.7755698,0.7030941,-0.6241105,-0.4651027,0.011301331,1.0189666,0.7047355,-1.1296546,1.3612531,-0.49120632,1.1342119,0.025741111,0.97689384,-0.7287567,-0.03836671,-0.32271644,-0.4849747
582219175,-1.61333,1.3117702,-0.40563643,0.75036293,1.540737,0.030654408,-1.555148,2.1895623,-1.5836936,-0.7941857,0.27175358,-0.59268975,1.8473301,0.67269295,-0.1615828,1.4351027,-0.66398096,-0.051406667,0.17125142,-0.07921604,2.1668267,0.733179,-0.51963353,1.62626,-0.14106421,0.0024389029,-0.14892343,0.4662012,0.9887444,-0.36343777,0.2816063,-0.6286794
582219230,-1.1955403,1.3511468,-0.44944602,1.1358211,1.3937868,0.5668099,-1.1860919,1.9180104,-0.69680303,-0.15125413,-0.8553915,0.120217934,1.7583145,0.7073105,0.45395666,1.8154997,-1.2252486,0.75205815,0.09350822,-0.5190993,2.2464383,1.4662167,-0.7313143,1.4870249,0.24513148,-0.8173993,-0.13757457,0.09958704,1.5935806,-0.20427293,-0.16570598,-1.3945726
582219585,-1.4739498,1.1100134,-0.465065,-0.03966493,0.7932779,-0.90214956,-2.150532,3.1079402,-0.93975437,0.79365236,-0.79107046,-1.7198,0.97743714,1.3019834,0.6974417,2.3015835,-2.2054143,-0.28272164,-1.5271682,-0.39840117,1.3829479,1.6110848,0.07621552,0.094279885,0.15750338,-0.54743457,0.5066148,-0.9615374,2.43129,-0.103877425,0.9952815,-0.4658397
582220135,0.17631303,-0.42483273,1.5078163,1.135632,0.7013406,1.5371683,1.0163337,-4.608953,0.7062518,-2.9441438,-1.933959,-0.083308086,2.411014,-1.1226175,0.6188795,2.6106853,-1.2344334,-0.15868904,0.578933,-2.3250005,0.21069804,-1.3134571,-2.5369432,-1.9197361,-0.22265024,-0.07971793,-1.3524718,-1.0337045,1.1863621,0.31426853,-1.7131025,1.3194772
582220389,0.447342,-0.6380423,-1.0736297,-0.4986041,0.2839708,3.2983544,-0.9479544,-4.0199385,0.529986,-3.5277712,0.23804834,0.16240862,2.5282085,-0.43741935,-0.40649357,0.19223109,-0.30315396,2.252574,0.1727041,-0.8550782,-0.62757874,1.1508261,-1.3448083,-0.37380058,-0.101312384,-0.67073756,-1.9793508,-1.3828465,0.43298674,-0.7096926,-1.8279399,3.5397718
582224316,0.848294,-1.3168515,-0.33521432,0.28809536,0.5074385,0.090313256,-1.5467565,0.7884045,-0.78780174,0.42275602,-2.4592822,1.9441353,-0.98567,0.025387332,1.1436824,-2.2988486,-0.5149591,-0.327052,-0.37777835,1.8313287,-0.8717705,-0.7369371,-1.0990348,-1.7297685,-0.514076,0.5950325,-1.3096107,-1.0148844,-0.24521573,-0.36065653,0.5966203,-1.4412535
582224803,-0.2323895,1.5940493,-0.57863647,0.7970626,0.10516822,-0.5445388,0.86677766,-1.1368295,-0.85601324,-1.7548707,-0.4437924,0.676102,-0.07170757,-1.485648,1.1446638,0.4218993,-0.33381286,0.8418928,-0.11140247,0.18595363,-0.090213984,0.38047248,1.4556022,0.11914699,-0.1365118,-1.3672063,0.28785902,0.41116044,0.3212351,0.7577187,-0.16885817,-0.5142764
582224811,-0.4352435,1.7002228,-0.7770322,0.7955857,-0.17668211,-0.5365654,1.4289244,-1.8671685,-1.1808139,-1.8223934,0.13464007,0.003065113,0.14882453,-1.5406784,1.7782772,-0.5504256,-0.35689577,-0.24869248,0.08469553,-0.12806605,-0.37844035,0.3662253,1.3350809,1.4671812,0.0004988089,-1.8527213,-0.42431056,0.2980785,0.077020854,0.7573218,0.9036647,0.30120257
582224892,-0.30114204,1.0162399,0.4343938,3.5260167,1.8262973,-1.335053,1.0846455,-1.2265569,-1.1096454,-2.222811,-0.54923946,2.2058187,-0.54385614,-1.6470695,0.7401969,0.5719705,0.33754316,-0.7395962,-0.19705582,-0.9199461,0.45439833,0.22974944,2.7323408,-1.2093505,0.07764056,-0.81732535,-0.67946005,1.8245407,1.2959019,1.6452694,-0.72520804,0.37564367
582227630,-3.7925074,4.87713,-0.92568934,0.08230158,-0.27696025,-0.052385382,0.18290408,3.2576108,-0.92676,0.5543682,-0.9042009,1.6803228,4.7881374,0.20513012,0.09667619,3.24795,-1.090099,-0.70813036,0.62063503,-2.3025277,1.2310715,3.7886426,1.1172333,2.7360191,2.9642682,0.05316308,1.8770407,0.929009,3.4160402,-1.222224,0.52220696,-1.2291135
582228493,1.2318444,2.165458,1.7186022,-0.33905163,-1.1760007,-0.23122978,2.048628,-0.23700178,0.8616138,1.6379505,-0.3626427,0.5732985,-3.2671664,1.374066,-1.1555034,-0.7304929,-1.0916035,0.78814805,-1.423509,0.49177176,-0.27713397,-2.8071032,0.97506547,-1.3687421,-0.2304724,0.38993782,-1.1823897,-1.0289098,-1.6386076,-0.025417551,-2.5961003,-0.38622427
582229097,-0.5635303,0.5877936,0.7242586,-0.10805982,-1.7911156,1.9489489,0.5233513,0.817711,0.15942267,0.7087376,2.0696263,-0.09166988,0.84118015,1.9176434,-0.22615555,2.02613,-0.703833,1.1767364,-0.19232728,-1.0717962,0.7584672,0.8758184,0.0024452955,-1.5313642,0.5114986,-0.9274463,-0.18722206,-0.26230067,0.53794795,1.0092673,0.21418488,-0.5579267
582230667,0.08330414,-1.2108048,-0.5278511,-0.36467376,0.18922067,0.34835407,-0.09338824,-0.9220388,-0.8804366,-1.6150217,-0.7919732,-0.32205564,1.1537589,-0.23324445,0.023655705,1.0685626,-0.71361256,1.4934837,-0.92199445,-1.4228148,-0.4472873,-0.734052,-1.1746671,0.2912085,0.05506349,0.7848424,0.020710725,-0.1679193,1.0286105,-0.8551645,-0.39913064,-0.030070573
582231440,-2.5786529,1.2727154,-0.34797895,-2.4148848,1.4893486,2.6512473,-3.95337,-1.3618188,-1.7115625,-0.9343921,-0.89384145,2.7459378,2.5190558,-0.6221012,0.40070948,-0.62631834,3.091461,-4.1667495,-2.784792,-0.30447298,-0.63138837,1.0889723,-2.4363651,-0.09067294,-1.5724136,-2.423844,1.1352283,-0.46149474,-1.7418869,-0.51441216,-1.941218,-0.37666148
582231572,-0.12875797,-1.169891,1.8800262,1.0182652,0.61219746,2.929588,0.21512827,-4.7153435,1.3152378,-3.0315673,-1.8386693,-0.12527634,2.4085999,-0.84878093,0.18394771,2.8055804,-2.0533774,-0.46877915,0.9669254,-2.3311365,-0.17381603,-1.5820873,-2.941841,-1.841218,0.87107486,0.021076921,-1.0988317,-1.5771766,0.3587581,-0.055893112,-2.2874377,1.0866709
582232833,-1.6519206,-1.2054938,-0.36857435,-0.32520065,1.4421543,-1.2722659,1.7257991,1.1622436,0.33603266,0.5814522,-1.6288694,-0.63828653,-2.6071434,0.5480569,0.5032827,-1.0248035,0.74907786,1.1498997,2.0876484,-0.5270904,0.6790137,-0.9410298,0.7697091,1.9826497,0.58849025,-1.7987685,-1.1862755,-0.45006874,-0.4973016,-1.458953,0.45632902,-2.2707968
582233349,-0.33786055,-0.45776927,-0.41468185,-0.19207492,0.55206597,0.8764654,0.44856688,-1.7000136,-0.22012417,-1.4582278,-0.7683455,0.28365675,1.4286953,-0.36436018,0.2766373,0.33286673,0.21081975,1.528687,-0.24956536,-0.73558176,-0.19675219,-0.0010571685,-1.2828906,-0.38763207,-0.12930556,0.10700439,-1.4302663,-0.029544191,0.9612569,-0.17250796,-0.38358408,1.1733768
582233521,-2.128307,1.1404434,-1.0435511,-1.8112699,1.5432769,1.3489673,-2.4734852,-1.6168092,-1.5439954,-1.3917496,-0.90815574,2.6627884,2.0258365,-0.31263077,1.0492505,-0.084722504,2.8688476,-4.259017,-1.7453076,0.43864146,0.30069888,0.79312646,-1.7506657,-0.22417967,-0.6906972,-1.2198943,1.4594147,0.29642886,-2.5071747,-1.5431699,-0.6541212,-0.53928554
582233815,-1.6737361,2.9749875,-0.9021407,0.5963284,0.062003754,0.29924914,-0.26885682,-1.1472704,1.592512,0.3709184,-0.051125046,1.7402028,-1.7694141,0.11153887,0.22168098,-0.9752999,0.34546685,-2.6584487,0.04084009,0.9671522,0.61358017,-2.5230577,-1.0762312,1.821975,0.90174925,-0.51876414,0.5876123,-0.01880531,-1.2064003,1.959518,1.1475482,0.42154652
582243614,0.4496395,1.460004,-0.9408476,0.44394618,0.38909903,-1.4518542,1.4353083,-1.8349652,-1.4712019,-1.501434,-1.2075648,0.49996975,0.09339333,-2.1134846,0.51963776,-0.44019035,-0.36365283,0.60691875,-1.0051612,0.42542037,0.4684434,-0.4387803,2.270941,0.8028787,0.0029805228,-1.6788931,-0.0645885,0.9937889,-0.34793216,0.37421077,0.29869473,-0.30782247
582243734,1.6506389,2.2701058,-2.2949343,-1.915918,-0.8268599,-0.73188573,1.6105472,-1.3677185,-0.4487764,-0.36573017,-0.03250619,-0.5494593,0.8823978,-1.1387602,2.3357532,-0.72869796,0.15609379,0.4424704,0.26051593,-0.012028028,-0.3943715,1.0895116,2.5561728,2.2314155,1.0346267,-1.4402544,0.48254812,-0.46111208,-1.7686217,-0.51006335,2.411509,1.0110706
582244460,-0.91876304,0.6295738,-0.30337334,1.4735404,0.5025491,-0.21246448,-1.143042,-0.25029346,1.2931534,-0.36033452,0.5629506,2.2260823,0.14185062,0.051516723,0.05190448,0.30876482,-0.3462445,0.7521272,-0.5804112,-0.84031725,-0.4683215,-0.38347697,0.49260956,0.51725686,-0.67856205,-0.16656679,-0.10712893,1.7290212,-1.0487704,0.04499051,-1.0361725,0.3715087
582245688,2.6300848,1.4705642,-2.361249,-1.0296183,-0.49145797,-0.93366164,2.0842412,1.0451245,-0.42399102,0.09389268,-2.2236714,1.03619,0.5559418,-1.5803472,1.4198095,-0.24114428,-1.2149272,-0.47318095,1.0226157,-0.4475442,-2.439808,1.5610446,0.59861004,1.8586756,2.6401522,1.4614987,1.4658926,-1.8414446,1.5809717,0.64640105,0.41065124,-0.80671364
582247017,1.4137704,2.1228511,1.5925564,0.043728687,-1.5412935,0.73834884,1.4230363,-1.1522633,1.0609761,0.63221204,-0.5146431,1.0469655,-2.656089,0.13738707,-1.073661,0.28546396,-0.99054056,-0.1822553,-1.4408724,-0.6009739,-0.27614143,-2.3328025,0.71499765,-1.5931066,0.06632069,0.7616385,-0.38469017,-0.38186863,-1.2352761,0.47592562,-2.2680752,-0.035427295
582247513,-1.0298402,0.9045807,-0.50342387,-0.74818677,1.3350657,-0.8025865,-0.08085255,1.7230449,-0.87496644,-1.1518841,0.8529967,-1.0770617,1.8553963,0.9794478,-0.81206435,0.626248,1.137069,-1.3676255,-0.23875046,-0.44676322,0.99413717,1.6498075,0.31376678,0.08680409,0.20481409,2.1750383,0.99736273,0.57349354,-1.1495378,0.14117473,0.31560773,-0.15650141
582247551,-0.9805931,2.0796955,0.6465057,-3.4521685,0.13784751,-0.8017299,1.557136,2.383231,-0.7582758,0.06401042,0.92229044,-2.3775501,1.3552155,-0.720565,-2.1358654,1.2174999,-0.11548469,-1.5200988,-2.5387626,-2.510125,0.2505361,2.056787,2.1179547,-2.2912037,1.1631244,1.8315737,2.3186362,-0.9683515,-1.1007904,-0.6072243,0.90878266,0.44727933
582247895,2.1377013,2.6158214,-0.8573319,-1.0071422,1.6970485,0.14843652,1.0132711,-0.97366756,1.4915905,-1.2439586,-1.8853723,0.2052685,-1.585019,-0.54110503,1.8832328,-0.36771122,-0.58230245,-0.9566996,0.95097506,0.9306141,-2.551577,2.015112,0.9600063,0.4155492,0.4589967,0.8704758,2.541298,0.64716077,2.480006,-0.32483968,0.968959,-1.3607084
582248435,-0.64518934,2.3878098,-1.098809,0.13238631,-0.04316002,-1.2684551,1.5490221,-2.5727806,-1.4813166,-2.397076,-0.37349406,0.7714791,0.65567,-2.0959065,1.2722335,0.23098814,-0.25871468,2.1485834,-0.09319982,1.1313467,-0.1573323,0.031131446,1.195979,0.189303,-0.59443665,-2.3693569,0.65798295,0.8354146,0.1425153,0.6806683,-0.037225723,-0.8102982
582249599,2.693396,0.34388164,-3.600735,1.5642314,0.6213132,1.2334163,2.9295473,0.8123456,0.28953984,0.27713355,-0.60962194,0.8224094,1.5653183,1.7442355,0.80227375,0.9204859,-2.5212216,-2.4195173,0.6966441,-0.70207995,1.6081177,0.30166972,-0.17480607,1.8174454,3.678647,-0.38606095,1.4617496,-1.1586077,1.6749614,-0.12549321,0.33265954,-2.7577116
582249906,3.586204,0.7252322,-3.5605597,1.0003698,-3.5169964,1.414426,1.954885,3.1416814,-1.2686496,2.5672958,-0.6155593,1.2727383,2.3196285,1.5781833,1.0015495,2.6981812,-2.3413765,-1.71375,1.6673563,0.08132539,-0.15753262,-1.3419739,-0.5726477,2.694407,5.1342497,0.13393697,1.6514912,-2.3883564,0.43794858,2.884352,0.5717298,-2.6238897
582250246,-2.572893,4.4242167,-1.1663294,-2.3098953,0.6905469,-0.4521006,2.3929276,3.469331,-0.72652864,-0.8002407,0.60745335,-1.8106275,3.7616343,0.14949746,-1.2609961,2.0183153,0.9609361,-1.4189268,-1.1852362,-2.0714288,1.165031,3.898887,1.9575816,-0.6219656,2.0024054,2.2920127,2.3519752,1.0350182,-0.35169518,-0.24688858,0.65674686,-0.14977884
582250274,0.0073165055,0.8560947,-0.104596645,0.5684406,-1.9282357,0.94407505,0.8177161,0.8576954,-1.8271487,-1.8125175,0.13269672,-2.528296,0.036804188,1.3043904,-0.005120891,0.23669161,2.2955434,-0.5948281,0.72417563,-1.2361366,-1.1142104,-0.501314,2.0565057,1.3421769,-1.6282908,-0.94331306,-0.5378992,-1.5915407,-0.12163169,0.6890507,-0.122096226,-2.8513086
582252024,-3.122443,1.5640352,-0.18136282,-1.5662146,0.9162457,2.697292,-3.972186,-2.1906333,-2.312803,-1.2442863,-0.93653667,2.4208126,2.9391797,-0.7204006,0.021343503,-0.6575632,3.658561,-5.434717,-2.3252258,0.36212313,-1.132861,0.7523955,-2.7698889,-0.035993934,-1.7883537,-3.1200845,1.0124781,-0.55411035,-2.2625585,-1.3994178,-2.4928856,-1.104779
582252408,0.118486814,0.83675504,-0.32146758,2.0133643,-2.302556,1.7212267,-0.046539847,0.7792525,-1.2166458,-2.1793528,0.42825133,-2.716465,-0.050664615,2.0577936,0.42574936,-0.26781675,3.021857,0.58171135,1.0391197,-0.7974219,-0.582096,-0.5000297,2.097765,1.8855178,-1.6877303,-0.7969219,-0.35983303,-1.7290777,-1.9996142,0.35694018,0.63024586,-2.3210433
582253945,0.8766054,-1.7126069,2.553942,-5.836026,0.39404562,-2.6445594,0.13378705,0.56036276,-1.4234413,-1.2344092,3.5567014,-5.21096,-0.109025486,-1.1449609,-1.5764252,0.60744506,0.72130126,-3.1749663,-3.9146676,-1.3060393,-2.0526626,-0.01849993,3.6208954,-4.78625,-1.1536016,3.984157,2.6901517,-2.4328537,-3.4528122,-1.4242817,2.4850905,3.1159537
582255316,-2.5585558,4.8474145,-1.113804,1.7554994,0.1143168,-0.43440145,-1.1771022,-1.5593162,2.2787528,0.91409856,-0.32171544,2.9092484,-1.4719219,0.7607062,-1.5580515,-2.0056114,1.6035789,-4.6611905,-0.15045951,2.8444207,0.87615854,-3.710777,-1.9701151,2.4611325,1.9731109,-0.73714316,0.61899936,1.3035368,-1.8128958,1.6725363,1.6697756,1.1504457
582255348,-0.8123582,-0.37543708,-1.5183418,0.8389767,0.6271733,1.5165865,1.4535606,1.4399401,-2.4792893,-1.4982895,-0.4737057,-1.6981,-1.3015162,-0.85632914,1.4305979,-2.266868,1.4140581,-0.48948738,1.5993695,-1.6913296,-1.5425049,-0.95274615,1.5249041,-0.5814178,-0.63147104,-1.2522627,-0.5685163,-2.1468961,-0.6487449,0.35687843,-3.2939386,-2.4332912
582255387,-0.14863853,0.779938,0.1495358,-0.13742694,-0.47334468,0.51905954,0.7009193,1.0611414,-1.2825162,-1.1434833,-0.1281166,-1.7074766,0.37755853,-0.38950172,0.6665256,0.08157107,0.91836387,-0.87620544,0.015415674,-1.4674393,-0.16614449,-0.13173337,0.8627959,0.34080213,-0.69117486,-0.9274707,-0.98561984,-1.1648442,0.2113385,0.38006002,-0.66400176,-1.7836068
582255562,-0.13357466,1.2894162,1.8826411,-0.0062204488,-1.5470597,0.28911558,0.36829972,0.4025226,-0.12784517,-0.6186825,0.6790139,-1.578766,1.4725894,0.6707414,0.17067449,1.0321013,0.56207234,-0.40773535,-0.60905796,-0.6216585,0.9937421,-0.25149208,0.7172027,0.7111337,-0.65131676,-0.6605561,-0.8276493,-0.42183074,-0.015208254,0.9353347,0.7673657,-1.7565529
582255603,-0.7495812,0.34540838,-1.9888718,0.9802818,0.057739623,1.517553,1.1578089,1.125599,-2.198662,-1.5518839,-0.20765932,-2.1059527,-1.6636645,0.046202093,0.755316,-1.6543,1.8308718,-0.23091145,1.8831817,-1.7882458,-1.3359152,-0.2583797,1.8206674,0.053824984,-1.2354833,-1.1520754,-0.38943186,-2.290392,-0.27650374,0.31811348,-1.8816339,-2.392361
582256283,0.27237839,2.2098038,-1.2136409,-0.26210347,-0.8051537,-0.51692563,1.2821287,-1.6713666,-0.78739685,-2.02045,0.046375744,-0.13932781,0.7579892,-2.0703096,1.1078782,0.18815655,-0.5433515,1.6633847,-0.22530802,0.7534393,-0.35811108,0.27185836,0.8718116,0.8791216,0.24826196,-1.6247305,0.68491274,0.25198883,-0.45839515,0.270985,0.26715603,-0.37940896
582256539,-0.3574197,0.2118221,-3.0709963,0.8604562,-0.598832,0.7043916,2.0774071,0.7263552,-2.0137122,-3.0636883,-0.7631469,-2.2311907,-2.5074573,0.9613112,-0.38103342,-1.6536536,1.8279499,0.5868818,2.1306334,-1.5561851,-2.9096828,0.51616997,2.081478,-0.3418012,-1.5704879,0.042957257,-0.001787819,-2.1207821,0.21688606,0.5119747,-0.62985,-3.458791
582256703,1.078539,3.0358894,-2.197935,-0.2512392,-0.42002457,-2.1202505,2.0641358,-1.6788771,-1.1190387,-2.2173524,-1.1808805,0.3802901,1.0653679,-2.9778428,0.75157493,0.0042038895,-1.2194374,1.5556049,-0.2373253,1.5719916,0.10764274,-0.45957476,2.0040324,0.30032474,0.6606908,-2.2245538,1.2700713,0.48123702,-1.3182113,0.4069504,0.35551265,0.09753724
582256740,-1.0577964,1.4004544,0.39277774,-1.9780506,-1.2577101,-0.49209398,-0.65646535,-0.55724376,-1.118422,-0.19657183,-0.6590064,-0.3183521,0.1998841,-1.2705104,0.6570856,-1.9458086,-0.03583452,1.1227462,1.2105495,0.72101927,-0.58473295,-1.4971977,1.2909359,0.02567704,-0.17045504,0.7131182,-1.1089804,1.4559008,0.4121486,0.0766491,0.43581206,-0.6557604
582257091,0.6198283,1.5056862,-0.3618556,0.46253422,-1.0409579,-0.61564374,-0.0994297,0.5737345,2.3095303,1.2778276,1.3044461,0.59965605,-3.1889076,0.025565727,-0.67760545,-0.3023775,-0.7105982,-0.21350297,-0.9128096,-0.2900193,0.06384061,-2.1273434,0.8349027,-2.5631084,0.89400315,-0.56127834,-1.746514,-1.9833995,-2.0717924,-1.519141,-1.7137994,0.6164173
582259429,-2.7481248,4.8071876,-0.92049176,-0.11501002,-0.3176476,1.2422312,0.13271683,-1.9164716,2.616573,1.2627177,0.298206,1.8232445,-2.1133122,1.3559977,1.5804878,-2.4665794,0.36495194,-3.7750952,0.9888638,2.4128778,1.0999004,-3.294329,-2.167352,1.7906142,0.31821045,0.6155929,0.6333183,0.1728669,-2.4276078,4.274688,3.011435,1.9301752
582260259,0.49669734,-0.17499542,2.334142,1.1317927,-0.1646553,4.64298,-0.216548,-4.8352304,3.456939,-2.6264377,-1.2999418,0.9715058,2.6119022,-0.63272625,-0.13955516,2.290148,-2.1927023,-1.3518362,1.5217769,-0.877203,0.8503872,0.0194295,-2.3876007,-1.8710673,0.22114952,-1.294255,-1.7835783,-1.8433732,-0.12251186,-0.33800656,-3.2297347,2.4241936
582261068,-0.29797933,-0.1088641,-1.6258113,0.53532284,0.5949714,1.1370106,1.6607698,1.2687961,-1.8932096,-1.5551153,-0.023354974,-1.5842541,-1.0612661,-0.3994102,0.2478986,-1.1229522,1.1989533,-0.9353697,1.358412,-1.922067,-1.2096658,0.0960232,1.8372192,-0.177443,-1.2569021,-0.9964207,-0.1758619,-1.897572,0.11388307,0.718739,-2.442171,-1.8967911
582261567,0.11858285,0.40469164,1.4388199,1.7152534,-3.324103,0.9910738,-1.2840201,-1.394393,0.1876395,-0.20254564,2.1531816,-1.4398466,1.8066893,3.4701343,-0.8514561,1.4822767,1.5541835,1.0837702,-0.7274799,0.81732506,1.3564783,0.18266782,2.025049,2.69115,-0.68767494,0.75456846,0.27356824,0.09914462,-1.907668,0.58794725,3.3250947,-0.65793633
582264471,0.14907385,-1.6949158,0.16484617,-0.78050405,0.42207807,-0.113067396,1.2694861,-0.7427495,-1.4491118,-2.5078468,0.045374855,0.07042149,-2.0492282,1.0476713,-1.5087357,2.4094243,0.6832737,0.25430295,0.014420718,0.88418823,-1.4141608,1.9098064,1.1201681,0.33284372,0.329441,0.06398253,0.24403995,2.4095542,-0.18132523,0.69154966,0.81111676,1.2033724
582266473,-1.82468,0.261968,0.3007487,-1.5164081,-0.1788899,2.4856603,-2.570892,-0.31588745,-1.52229,-0.3292482,-0.70014924,2.3166032,1.766184,0.10149942,0.45815223,-0.32109302,1.9604458,-2.1650991,-1.5041558,0.27243975,-0.37370786,0.6081415,-1.6883392,-0.97326934,-0.453346,-1.654254,0.5661658,-0.011930227,-0.9659545,0.19539687,-0.9204551,-1.4486364
582267135,-0.44850117,-0.47913045,-4.3964314,1.1968579,1.2572001,0.98375046,2.0995817,1.091894,-2.4985955,-2.9933014,-1.162113,-1.538091,-3.7394285,0.051401682,0.41736883,-2.7565703,2.2149508,0.01244965,2.6988451,-2.1645072,-4.079279,-0.30263573,2.4062881,-1.3048553,-2.029663,-0.6885645,0.20716038,-2.1741474,0.05846744,-0.5632154,-2.7584422,-3.262113
582268012,0.6871954,1.2812994,0.86055285,0.03822036,-1.8070356,0.834156,-0.65613186,0.2053257,-0.88367933,0.3528213,-2.9230325,-1.0268204,-0.9580601,-2.1663172,0.38402188,-1.2483815,-1.2230144,-0.54988337,0.2207915,1.5420773,-0.90276945,-0.07770105,2.2268507,-1.0609461,0.41669995,0.26982984,-1.6811608,1.4742043,0.8315253,-0.9049521,0.057469588,0.0671443
582268516,-0.8410308,-1.7684224,2.91061,0.21096021,-1.7335705,3.0241268,-3.5514913,2.571427,-2.1494448,1.6395022,0.05980785,2.0701966,0.30176127,0.2970302,0.41942897,-0.12531088,-0.124227434,0.33620793,-0.635038,-0.68879545,-2.304434,-0.3889221,-1.7000034,-3.5994828,1.5601766,-2.4085064,-1.1035172,-0.8656178,1.3619881,0.78411484,-0.026764896,-3.3918762
582268569,-1.543985,-0.47844625,6.087304,7.528478,-11.297785,-4.176291,-8.943177,8.1496105,-14.031179,4.8349175,-2.846646,3.3120646,1.2229329,9.661288,0.13365069,-2.5437133,0.46726653,5.348677,13.36108,2.2379313,-4.189404,-6.1011076,5.5557976,-24.05002,7.4093857,1.4176272,-3.4227688,-8.4499,2.7255661,-12.401222,4.11901,-15.881296
582268735,1.2976257,0.4301234,0.5484177,-0.04624261,-2.4638288,0.20961289,-0.9227848,-0.83168584,-0.5356436,0.45103317,-2.3083558,-1.1617242,0.14041646,-1.2399719,0.7874041,0.5849779,-1.727138,-0.3624663,-0.21263883,0.8050388,-0.51189476,0.84899116,0.6890082,-0.43034452,0.17430626,1.4476559,-0.6659186,1.1634197,0.77816904,0.18174592,-1.387508,-0.15307873
582268768,0.32419446,0.9470545,0.8034802,-1.6322395,-1.766116,0.2390971,-0.47483784,0.04689422,-1.1948334,0.8677737,-1.5649422,-0.7545455,-0.17821135,-2.354026,1.218293,-0.043995574,-1.0585812,-0.3765382,0.3497192,0.404474,0.2035096,0.041776672,0.9231886,-0.8443238,0.37125832,0.89542186,-1.4158288,1.1588241,0.30423915,0.41077837,-1.1801888,0.4753592
582268778,1.3479236,1.4617409,-0.36372152,0.2719549,-0.74832183,0.44723898,-1.2192026,-1.068706,-0.7676923,0.92815596,-2.7284644,-1.7780232,-0.39841774,-0.59389246,0.81531006,-0.7123307,-0.45403007,0.02830996,1.1053689,1.1348429,-2.6053822,0.51990354,1.8262974,-1.7476491,0.34578782,-0.8614856,-0.10343982,1.577658,-0.15181397,-1.0396143,-0.18539286,-0.7988045
582269033,-0.18532123,0.24225041,0.98245496,2.0383112,0.45136765,-2.1472254,3.3893597,-3.3893256,-1.787837,-1.1921974,-2.6392484,1.0866349,2.6111329,-1.8261994,1.5706131,1.8991311,-1.4359002,-0.3324615,1.7941806,-2.129448,0.52282774,-0.69621235,-2.9667952,-3.0488672,-2.5586288,0.34345123,-3.9295168,1.3976804,2.9650557,1.4263572,2.5016572,0.8158222
582269634,-1.5479759,2.5199182,1.630522,-3.5933583,-1.902304,-2.3298216,-2.7300823,-1.56135,-1.1790881,1.7503546,0.5196797,0.14720678,2.7878196,-2.9887865,3.8925927,0.44552585,-1.8133918,1.633596,2.3774445,-0.7933384,0.6261553,-1.6846662,-0.23305432,0.21351202,-0.6838551,1.5186509,0.17190655,1.9515702,-1.6753451,1.0664682,-1.3556837,-1.5553612
582270353,-1.1406062,1.0535817,0.4426009,-2.322019,0.46470755,-1.348491,1.2869852,2.9643424,-0.36240628,-1.0797172,1.5547849,-2.872959,0.9762558,0.6982109,-1.2618078,0.1207626,1.3215345,-1.6843998,-1.9818095,-1.4853843,0.11337606,2.4587681,1.7189426,-2.8620229,0.5556251,3.6312175,2.1560395,-0.2690382,-2.5502396,0.2681498,0.63838583,0.82029754
582270823,-1.9901217,2.924742,0.1763839,-2.331448,0.77137464,-0.9882581,1.0801502,3.4934437,-1.2983636,-0.36491597,0.97204864,-1.725273,3.025309,-0.2813004,-1.6711692,2.0985289,0.827549,-1.8443345,-1.7844805,-1.9654266,1.1257193,2.8237233,1.4115863,-0.9752305,1.3817773,2.2291493,1.6851445,0.022029232,-0.6282168,-0.72112036,1.2273109,-0.040688273
582270853,-1.8806052,2.9388227,-0.5173075,-1.3963284,1.1797101,-0.97734463,0.13886459,3.1354103,-1.2972046,-0.5098564,0.5971593,-0.93588066,3.886499,0.5774373,-0.65658545,2.6015964,-0.14924768,-1.4371307,-1.2261814,-1.4716468,0.7702837,2.7153282,0.93415475,0.9510342,1.5098674,1.2541975,1.5830327,-0.010016192,0.77596176,-0.6582452,0.9424002,-0.52829343
582270957,-2.386032,3.0813556,-1.2466741,1.30167,-0.34849244,0.13971008,-0.08117296,-1.3685834,1.9732322,0.20172845,1.0954871,1.4152563,-1.8857151,0.0033977441,0.31378737,-0.23400341,0.18013996,-1.2341285,-0.5580578,0.31697366,1.1826962,-1.6678835,-0.8681084,0.85931665,-0.008971157,-0.021051606,0.2552738,1.0514392,-1.6900415,1.8444792,0.36390036,1.081723
582271611,-2.0706508,1.3002633,1.7924254,-1.5136276,-1.0266032,3.040817,-2.3468668,0.36518288,-0.7214614,-0.624051,1.6779186,0.51921,2.7693896,0.8351489,-1.1712226,1.446418,0.6165184,-0.97249293,-1.6578783,-1.1599495,-0.35280034,1.2272453,-0.7939336,-1.2456485,-1.4931195,-2.8568125,0.6895364,0.7566974,-0.6846479,0.03258446,-1.2534014,-0.80410194
582273695,-1.0699235,0.1645913,0.16314411,-1.2507995,0.51618934,1.3079128,-1.6923125,-0.058044147,-0.7319742,-0.73491585,-0.59929425,1.2800609,1.4959036,0.07954417,0.5981645,-0.32970256,1.1579225,-1.6440912,-1.5364138,0.5061796,-0.27217144,0.70097065,-1.0443883,-0.67300606,-0.96999633,-0.31507865,0.6688994,-0.018966228,-1.1943218,-0.3690283,-0.46695247,-0.62796444
582273924,-1.9745364,3.0098672,-1.2643478,0.72782856,-0.2989521,0.40197155,0.029619295,-1.0731871,2.2840872,0.6493566,1.1372097,1.8368604,-1.2068881,0.3685619,0.97691834,-0.075970344,-0.3388652,-1.1736212,0.16303246,0.23611602,0.57117426,-1.1906853,-0.59577507,1.0055877,-0.9693149,0.26846918,0.33768967,1.3229641,-1.6858962,1.9361327,0.4317803,1.2716652
582274317,1.3035887,2.2510238,1.6441321,-0.2082102,-1.4111103,-0.6379586,1.1553438,0.06369744,1.0689228,2.0290322,0.467342,1.4839786,-3.7538643,1.5473374,-1.0182474,-0.93615896,-0.8273173,0.018811487,-1.8284749,0.32240793,-0.44245166,-3.0058312,1.1792877,-1.5264688,-0.09125447,0.5751692,-1.0726377,-1.2498369,-2.0534565,-0.5062126,-2.106522,-0.09295564
582277321,-0.63529474,1.7459476,0.27632347,-2.0468163,-0.5100397,-1.4729034,-2.0526388,-1.8035761,-0.5684376,0.52624273,-0.34207115,-0.40503561,1.7095308,-0.4850393,1.0234431,-0.75460315,-0.6526164,0.8706422,1.1412952,0.31817117,-1.7724017,-0.223134,0.45700556,-0.5325063,-0.04732196,-0.045026034,0.6041648,1.641426,-0.8435467,0.17710248,0.4380862,-1.8174157
582279838,-0.2208861,-0.3787947,0.9108142,0.61954796,0.77134013,0.6485636,0.9711564,-2.680987,0.14932835,-1.5496433,-1.457564,0.622925,1.8657699,-0.9000877,0.72428775,1.2925577,-0.4749999,0.6147686,0.8681994,-1.2008009,0.03692448,-0.9933153,-1.7842071,-1.4424132,-0.331593,-0.26957655,-2.309505,-0.19908173,0.93430775,0.6351358,-0.19260018,1.1466478
582280125,0.041329447,1.3100023,-0.45984933,0.28105766,-1.8563132,-0.61287206,1.1107465,1.3578606,3.3137317,-1.482717,-2.2449467,0.5107581,0.71647596,0.14864385,0.77359325,-0.8174402,1.3773813,0.53231996,1.3288273,0.07323616,0.658974,0.15838344,0.28407076,1.1694567,0.98930806,0.985775,-0.47432533,-2.0017793,-0.8722551,-0.6942732,-0.54428077,-0.74511325
582280836,2.7101133,0.3545605,-3.6529245,0.26278713,1.3961961,0.053880528,2.248476,-0.19548598,0.02396983,-0.9511271,-1.6416975,-0.55077595,0.59255666,-0.6807621,1.4199158,-0.5452915,-1.5419974,-1.6603502,0.5594676,0.5167958,0.6443797,2.1783047,1.4724548,1.0471269,2.320126,1.0283228,3.022178,-0.5488648,1.7854424,-1.6194168,0.57498497,-2.748082
582281130,0.35449928,-0.6296238,0.15368052,-0.44357997,0.17167151,1.0055523,-1.0009011,0.7520912,-0.6332667,0.14296666,-0.61697894,0.65535533,-0.047851555,0.1504708,0.23750892,-1.6351469,0.029646218,0.120209254,-0.91881454,0.57906044,-0.025832808,-0.50495434,-0.6648657,-1.0799867,-0.6701883,0.32168216,-0.18873242,-0.05924821,0.0071749715,-0.5033586,-0.14636128,-1.0419728
582281408,0.107056886,1.3863573,0.9231327,0.16851154,-0.20443429,-0.19550115,1.2903306,0.41490737,1.5763186,0.9451602,-0.37078002,0.30066857,-2.6778214,0.2000761,-1.2057803,-0.41407007,-0.6123342,1.0242945,-0.51021314,-0.44450057,-0.06779115,-2.3634806,1.1016837,-1.1948396,-0.16321129,-0.31721264,-0.94688,-0.49154428,-1.1530858,-0.9601033,-2.0923445,-0.22086152
582281590,-0.2783479,-1.3501949,0.6361749,-3.024771,1.359697,-1.6161749,0.08601157,1.4579749,-1.3675067,-1.6280744,2.7062612,-3.4180968,0.33919036,0.41468987,-1.5174795,-0.008748816,2.2549918,-2.4041252,-1.6667644,-0.40251887,-0.6385155,0.27652478,1.7191259,-2.1985903,-0.87750447,3.6672502,1.7049845,-0.084880754,-3.4611049,0.18900827,1.1482359,1.4921237
582281701,-1.6021115,0.9323709,0.96996295,-2.9239335,-1.2197541,-1.054086,-0.96981514,-0.44469836,-0.99237484,0.5448284,0.29317427,0.50705004,0.9415533,-1.9513559,1.7202331,-0.38749832,-0.62147164,0.24152575,1.1684343,-0.06341186,0.76602155,-0.6419749,0.30169597,0.042160735,-0.1456408,1.0677499,-0.7035846,0.8374053,-0.40337726,1.0236897,-0.4909838,-0.22071308
582282080,-0.61290336,-0.18768458,-0.03282191,2.2395234,-0.6667626,0.88978046,-0.14475112,0.46851066,0.64058053,1.8703731,2.2572994,2.8675675,1.2057548,3.518863,-0.5707026,1.3516448,0.43820426,-1.9870706,-0.012849364,-1.6857862,0.9178677,-2.1450176,-1.2970004,1.4985557,-0.058554143,-1.6612185,-2.7540455,0.40456775,0.8059251,1.2222438,-0.34107774,-0.25541157
582282292,-0.06050875,1.4167522,0.07481551,0.8178446,-1.7811922,0.80644166,0.9884063,0.5785498,-1.4676316,-1.5633714,-0.027635615,-2.2075663,0.10525237,0.4950708,0.33838254,-0.15161611,1.7679737,-0.11311142,0.65580887,-1.8018984,-0.98189205,0.32401574,2.037477,0.6403363,-0.8258292,-0.72074413,-0.6078444,-1.5792776,-0.25988948,0.6169077,0.10580747,-2.6045597
582282423,-0.91898715,4.9228883,-0.2758274,-0.47613728,0.39710343,0.30054018,-0.09650822,-1.5976826,0.4976339,1.3490969,-0.99740446,0.34835762,-1.8086414,0.921012,-0.8624792,-1.7883728,0.68689066,-4.806872,0.65531534,3.4006462,1.5354216,-4.5314565,-1.6584377,2.9777107,1.7854548,-0.11989164,1.0397488,-0.9664716,-1.2459347,2.9915228,3.8019822,0.21285006
582283119,-2.4662123,2.5775015,1.4139811,-0.82759506,-0.94966817,2.678788,-0.3861838,-0.6309558,-0.7379973,0.20038128,2.7516248,0.23977876,2.9978042,1.8075324,-0.20496961,3.1351664,0.92363715,-1.7262031,-0.43564594,-2.0427334,0.50461835,2.22322,-0.29850098,-1.589074,-0.30408812,-2.381886,0.6780129,-0.02637329,-0.8893154,0.36594793,-0.45038328,0.09183848
582283982,1.9711308,2.8951619,1.2884415,0.4795992,-1.8482543,0.9653331,1.7404101,-1.5556643,1.3344947,1.8096422,0.45767325,0.87511885,-2.9059594,-0.62825245,-1.5636634,-0.68317115,-2.043371,0.04333394,-2.2288175,-0.21377386,-0.7770962,-3.1938994,1.0236747,-2.4330685,-0.6150545,1.7368944,-1.4625226,-0.7317409,-1.5024459,-0.95502985,-3.8637578,0.5104834
582284742,0.46240467,0.13698775,-0.98399687,0.3588201,0.08352816,1.3727051,0.3443633,-0.7380078,1.2279061,-0.81626177,-0.17535248,0.83039945,0.9557059,-0.519389,-0.66812104,-1.2241989,1.2427568,1.0589792,0.115270615,0.016690075,0.13921475,1.4299043,0.50637144,-0.3882086,-1.1092312,-0.991434,-2.5944033,-0.5767106,0.8275906,-1.1777483,-0.3870346,2.6972067
582284946,-0.96872306,0.20095773,-0.26432335,1.7465425,-2.5170805,1.3527987,0.6767977,-1.147589,-0.36689246,-0.82390684,1.4017267,-1.9141127,0.012566555,2.4577913,-0.71976817,0.23448022,1.199175,1.1280835,0.8215981,-0.5166148,0.24087837,0.7193493,2.3606782,1.8639795,-0.38890168,0.47748622,0.09048907,-1.5218644,-1.2750794,1.5274732,1.9746593,-1.5146803
582285457,2.3780727,0.540066,-2.635881,-0.10280967,-0.56199247,-0.12221229,1.9110734,1.1291531,-0.51664495,0.222286,-0.91683334,1.1768868,1.3450377,-1.0038325,0.91648513,0.045166165,-1.3747002,-0.8166706,0.6737757,-0.32123464,-1.1762654,0.7776682,0.28201628,1.759077,2.693106,1.139707,1.0111818,-1.5279598,1.0265819,0.89982975,-0.007165296,-1.2170051
582285687,-1.4107848,1.1152407,1.8141639,-2.7872841,-1.0010266,-1.2005379,-1.7070802,-0.9018728,-0.9862152,1.3313868,0.31792623,0.50098187,2.0352876,-1.3940091,2.2563763,0.64884347,-0.5180972,0.49438027,1.5019573,-1.3341213,0.8180471,-0.58359766,-0.1719365,0.8839051,-0.19619823,0.699183,-0.13219316,1.0521088,-1.0076777,1.1705731,-0.33867317,-1.3381761
582286357,-1.9005544,1.349359,-2.0026205,-0.60113895,1.0214659,0.3279151,-0.92177594,-1.944534,-0.52545005,-0.91265464,-1.6275834,3.3842144,0.97904277,0.54507416,3.0571275,0.055794936,2.2119582,-3.1370368,-1.2225946,0.38460913,1.2278705,0.34269327,-0.80804366,-0.09977311,-0.24812381,0.12320151,0.70185983,-0.61897343,-2.231177,-1.3992943,0.7895967,-0.33845443
582286438,-0.7071265,-1.3239976,-0.3729366,0.19240952,-0.71778274,-0.7144565,1.9107784,0.4259377,1.119243,-2.8588743,-0.25816837,-0.28662187,-1.6790211,-0.1048632,-0.049977906,1.7495613,-0.058176342,1.0911391,0.7508589,-0.4491651,-0.7861776,1.1206032,1.5622672,0.42620397,0.058663834,0.19406919,0.924541,0.43857768,-0.7300274,-0.26871186,0.13876559,2.085806
582286728,-0.74002373,0.06811215,0.8194842,-1.0069878,-1.4791093,1.9047492,-2.1643915,1.5884534,-1.3579748,0.5508962,0.24292783,0.32144937,1.3509341,-0.02838242,-0.11124154,-0.6835153,-0.3152767,0.36191028,-1.6657856,-0.2278361,0.10810484,0.42548102,-1.2749977,-1.7396282,-0.821581,-1.2281448,-0.5209824,-0.22246994,0.074145615,0.2909577,-0.669068,-1.0836091
582286809,-0.084883675,-1.8022217,0.061080884,-0.10937162,0.65879714,-0.501415,1.320271,-0.40321875,-1.0087827,-2.2811618,0.5322941,-0.22704345,-2.006887,-0.30714175,-0.67600954,2.0435996,-0.46831715,1.196967,-0.8725085,0.14308377,-1.0452754,1.2302395,1.0695252,-0.35178107,-0.5351831,-0.85158634,1.2725807,2.0402055,0.2066178,0.14145052,0.6632352,1.66277
582286891,-1.0855819,-2.6716044,0.18599771,0.5461104,0.94587624,-0.28831285,2.843417,-1.2554251,-2.0847206,-2.5745354,1.664635,-1.1587536,-3.4030733,-1.0536065,-0.6607315,3.0407712,-1.3023688,1.4111053,-1.2067599,-0.9515373,-1.6004801,1.2993155,1.78582,-0.20959824,-0.09556253,-1.9513736,2.6587262,2.7055085,0.1772525,0.08107763,0.9414928,3.4046526
582286898,-1.2056724,-1.855855,1.4900852,-0.4948042,0.856376,-0.045774184,2.8704653,-0.03269366,-0.5701467,-2.7608085,0.5472028,-0.3487144,-1.9847916,-0.96203345,-0.6007026,2.1027305,-0.18884547,1.1624042,-1.3553504,0.080986075,-0.8915127,1.729234,1.034197,1.0231233,0.14039712,-1.7352988,2.0593612,2.6881356,-0.4314165,0.01812499,0.68090785,1.7078687
582286899,1.2567257,2.93993,-2.505669,-3.2315526,-1.796746,-0.81211567,1.4317158,-0.8168138,-0.9682397,-1.7998098,-0.67224216,-1.5149672,1.2111428,-2.2802258,1.2956328,-0.04966866,-1.2271626,3.2971437,-0.10095529,1.5148922,-0.63564277,0.120526016,-0.14153095,1.5114039,0.26977068,-2.018983,1.868905,-0.5345288,-1.6233436,-1.1337153,0.5950124,-0.5036921
582287156,0.7917532,2.623447,1.7782325,-1.0407002,-1.9028658,-2.9388294,-0.037365805,1.6875205,1.245504,3.9391837,1.8407098,1.6447023,-5.477146,3.1424055,-0.048612352,-1.479186,-0.3396427,0.29420152,-1.9964973,2.2131064,-0.9079651,-3.6780915,1.129141,-1.7876134,0.60011816,-0.37136674,-2.01507,-3.0662162,-3.0023386,-1.345494,-1.1962612,0.6931905
582288410,-0.9820822,4.3734727,-0.48670745,-0.20318885,0.7838674,0.12601078,-0.47030914,-1.5872078,1.0464196,0.35401917,-1.0161633,0.95624095,-1.9141194,0.6257171,-0.7435294,-1.5917699,0.45240974,-4.8900433,0.47518805,2.8253975,1.5718285,-4.343977,-1.8897735,3.1975563,1.5487773,-0.36025637,0.7082473,-0.8059681,-1.5478215,2.799999,2.933711,0.22492939
582288485,-0.3145835,-0.49964947,-0.8315737,0.3539901,0.6667355,-0.36688924,0.90789294,-0.50441164,-1.0081463,-0.8769957,-0.9507934,0.47795564,1.1498605,-0.24021876,0.63747543,-0.532995,0.6800069,2.453681,-0.9090623,-1.1485245,-0.424675,0.03380526,-0.4147801,0.159435,-0.92117935,0.08298963,-1.8402852,1.0425555,1.5431112,-0.6267455,0.7527758,1.0138614
582288848,-0.5219979,-0.7161904,-0.33202183,0.14709342,1.0240062,-0.29845747,0.9261431,-1.2396183,-1.0639697,-1.3441879,-1.1825355,0.8026522,1.5767365,-0.47554308,0.8571839,0.44551155,0.12028935,1.5393381,0.017963588,-1.3702457,-0.19154945,-0.47382447,-1.365585,-0.4492659,-1.0576593,-0.08286172,-2.0171697,0.23302923,1.9140702,-0.033925224,0.754907,0.77547145
582288871,-0.6837235,-0.4680852,0.004010368,-1.3300862,0.44629788,1.5482068,-2.9951777,0.2049744,-1.7323668,-0.4402395,-1.6314968,1.9310933,0.78484744,-0.77952725,0.57103586,-1.5111318,1.4372051,-2.008984,-1.8186303,0.6054294,-0.47073773,0.009404674,-1.4030473,-0.7590216,-0.8580973,-0.6452681,0.31973138,-0.18813623,-0.7738123,-0.6391219,-0.9424783,-0.9330945
582288976,0.27182007,2.238973,-0.80689305,0.9503412,1.1956823,-2.2755058,2.096441,-2.073654,-1.6395408,-2.2511318,-1.8947666,1.8489573,0.1882991,-2.5162847,0.44778633,0.6472479,-0.44288445,1.2163564,-0.62720734,1.1077669,0.6474862,-0.68274444,2.802825,-0.9337352,-0.35002398,-1.3651446,0.6624045,1.6401585,-0.19327334,0.8590258,-0.9129938,-0.9037099
582289126,-0.58687276,0.77931416,0.20181057,2.589943,0.46612197,-0.48797986,0.6769574,-0.77015,-0.8212057,-2.5714896,-0.4302934,1.4576832,-0.6737974,-1.5905248,0.6129181,0.32215825,-0.3372409,-0.15729782,-0.47614676,-0.09856089,0.1973967,0.097101,1.4966834,-0.7309934,-0.04792518,-1.0122,-0.56416154,1.2221371,0.9770344,1.7894995,-1.3312109,-0.20625329
582289203,-1.2078056,-0.23769927,0.87219965,1.0237558,1.6891949,-2.0647478,3.0278528,-2.354292,-1.9658314,-1.6066581,-2.7168198,0.9391369,2.4981132,-1.0689721,2.0470626,1.3335392,-0.32514846,1.017821,0.56339407,-2.4087522,-0.35454848,-1.2061561,-2.771413,-1.7444338,-1.8447782,0.89566785,-3.6574826,1.6845618,2.696027,1.0608526,2.1155472,0.41206813
582289961,-1.5515857,3.0698829,0.2609477,-1.6764152,-0.009595834,-1.6576601,-1.7869614,-1.268093,-1.4638565,0.4707952,-0.4893013,-0.97363377,1.071982,-1.0110437,1.2172209,-2.5878017,0.060806543,2.00284,1.7033491,0.9221899,-2.9056234,-1.2604995,1.4447455,-0.5472821,-1.0079478,-1.3212789,0.14970665,3.034518,-1.1032718,-0.21305868,1.977285,-1.1944298
582290450,-1.8164729,1.9661816,-0.8543518,0.92931616,0.24603131,0.56022686,-0.57901376,-1.0195955,3.0046947,-0.94969106,0.74619114,2.4087298,-1.9448725,0.6716518,0.023914997,-0.7139452,0.2510972,-1.1716197,0.4042563,-0.6592002,0.483356,-1.1319792,-0.79378444,0.9403513,0.31292847,0.15249063,-0.012838293,0.1422327,-2.055499,1.8552485,0.23748294,0.9233242
582290509,0.4712941,-0.3355275,0.4506523,2.375097,0.806442,-2.5452135,-2.751258,-0.35702255,0.5117992,-2.1471372,-1.1711129,2.7722356,0.32245338,-0.44794405,-3.4660304,1.6638079,0.37968653,0.13738984,-1.3094693,-0.53737414,-0.92826444,-1.8015432,2.0105102,2.5766253,0.8336392,-1.368598,-0.6959601,1.6437314,-0.18864632,-2.2142012,-1.6572438,-0.976509
582290535,-3.2485747,3.3485465,-1.7198114,1.311729,-0.94241136,0.9264657,0.25316614,-1.4300982,3.0242593,0.94344914,1.4295515,1.6487635,-1.8791977,0.80245996,2.0519047,-1.1723592,0.7784015,-1.0027552,-0.5150798,0.35304058,1.0257862,-0.336348,-1.0787463,0.22339298,-0.17927963,0.17633094,0.077604175,1.4162675,-1.9757259,2.1987126,0.14025868,1.4890667
582290815,-3.4007962,3.8475137,-1.1719716,2.6625054,-1.2325867,0.61110884,-0.63521934,-2.5060492,3.1969795,0.46320635,1.335184,2.2134378,-1.882498,1.002455,1.2115048,-1.8278518,0.85833544,-1.5127711,-0.9776201,1.8508191,1.1096447,-1.8183564,-1.9686826,0.40838063,0.954803,-0.11082879,-0.7013815,1.8765569,-2.049587,2.103656,0.111458,2.0304432
582292131,-0.77637583,0.22829561,1.5740254,0.47876903,-1.3890636,0.96101844,0.057727482,-0.39265138,-0.27616602,0.5621571,1.4621797,-1.1522534,1.6592975,0.798278,0.6994375,0.10462378,0.75810987,-0.07079247,-0.87373495,-0.21923162,1.2455549,-0.83002317,1.1384646,1.5541646,-0.0946287,-0.735768,-0.7595976,-0.50337136,-0.9251921,1.5637962,0.1279348,-0.7817624
582292460,-0.1061061,1.0282441,0.38022712,2.1177502,0.02411895,-0.71862495,0.8364901,-0.46491617,-0.7720524,-2.4326375,0.5534063,0.5460755,-0.23644702,-1.6220194,0.5292686,-0.17743745,0.26297265,0.23874119,-0.1368371,-0.23398666,-0.01349704,0.5893015,0.73486406,0.55360293,-0.11976761,-1.4048481,-0.69533074,1.22588,1.3851221,1.7095076,-0.22942084,-0.14029226
582292663,-0.5433669,-0.13334867,-1.7170476,0.9240881,-0.47320306,-0.84027207,0.03278067,-0.2291958,-0.23480329,-0.21634066,0.8197308,-0.6762271,-1.0544608,-0.16111982,0.5321516,0.81689507,-0.54505247,0.62436134,0.45213738,0.39761043,-0.27068925,-0.7531176,-0.0014560558,-0.22494787,-0.80999655,0.17001493,0.9048216,0.700278,1.3798804,-0.023016848,-0.039059214,1.0428249
582292681,-0.94677484,-0.059726026,0.7227061,-2.1894965,1.0392842,-1.3335803,0.59454155,1.4561077,-0.859623,-0.47631046,1.5249711,-2.5987453,-0.18995678,0.82744384,-1.8131728,0.019443614,1.2440602,-1.4079807,-0.9743525,-0.61998695,0.3717132,1.0118945,1.002997,-2.3816495,-0.76962566,2.9617972,1.4911594,-0.38026989,-3.0661826,-0.082124844,0.78387755,0.1338085
582292693,-1.077101,1.2135363,-0.4840194,-1.6571047,1.1613036,-1.6847061,1.1192989,3.168176,-1.2016071,-1.9361147,1.7732083,-1.8018017,2.2202194,0.7721174,-1.8216631,0.4086832,1.4583528,-2.472733,-0.79279095,-0.9733706,0.436411,2.3496423,0.96246254,-1.1373134,0.6856667,3.62365,1.8168976,0.5545445,-2.3460844,0.49007264,1.0867741,0.117379546
582292821,-0.026025113,-1.6642284,0.09784131,-0.7337917,0.8455291,-0.074605785,0.9163497,-0.39415953,-1.5663819,-2.0277677,0.5204413,-0.25856292,-1.5059224,0.401701,-1.1200752,1.797782,0.03680716,0.29286695,-0.24184197,0.59339994,-1.4599302,1.1938739,0.64457554,-0.029599113,-0.19733267,-0.31525576,0.41917726,2.4834778,0.7462823,0.04694476,0.5521154,1.17261
582293004,-1.0954449,1.9403253,1.7752368,-3.2830372,-1.9834586,-1.5315206,-2.1724644,-1.445803,-0.9822279,1.5950043,0.57372755,0.040808912,2.4439793,-2.4249823,2.5433161,-0.28032938,-1.1218497,1.1531707,2.0353615,-0.11186212,0.24898914,-0.98806953,0.08037971,0.20066653,-0.23970845,1.6900918,-0.3912131,0.9513346,-1.0705464,0.66036457,-0.613991,-1.213956
582293797,-2.3878534,3.5413418,-0.7584105,0.3523676,-0.12729108,0.8417786,-0.42139697,-0.86203265,2.3270457,0.67120034,0.9527668,2.18179,-1.2105275,0.54138476,1.0509502,-1.2083983,0.8195066,-1.51452,-0.52603406,0.6221494,0.10850162,-1.5885394,-0.766308,0.41644418,-0.45138964,0.16206446,0.21412867,1.2250383,-1.891103,2.1565359,0.44822747,0.9234799
582294726,-0.4556649,0.02610515,0.6886047,-2.3507624,0.8497539,-1.4012448,0.48877382,1.4592953,-0.7632622,-0.62961876,2.0461547,-2.3384244,0.2832145,0.41176584,-1.1452643,0.046258166,1.7453716,-2.009419,-1.7459749,-0.73592776,-0.60930145,0.6167065,1.4390746,-2.1252666,-0.40321618,3.3446236,1.7464435,-0.3091926,-3.0955372,-0.12784329,0.92659384,0.32643783
582295276,1.0746263,2.175369,-1.4355383,1.1954238,0.8523,-2.309886,2.23588,-2.0475564,-0.8930542,-1.2221667,-0.63644713,0.16265848,1.1163492,-1.5257477,1.3606198,-0.3420026,0.029803943,-0.9251656,-0.19995771,-0.16147046,0.90619874,-0.19635373,3.487592,0.6975276,1.3265312,-1.6011904,0.46654683,0.9659441,-1.5086759,0.72240096,1.6152337,0.5968953
582295713,-1.384633,0.41868877,0.15462562,-1.8171902,1.348347,-1.5872225,-0.18865828,2.5958788,-1.1977481,-1.7050008,2.4924054,-2.7767003,1.7633312,0.94777244,0.1557576,0.93723965,1.272504,-2.4785848,-1.5008477,0.43306634,-0.3086772,1.417984,1.323765,-2.0452466,-1.266646,3.776835,1.835637,-0.028749112,-2.2394264,0.09291436,1.7454388,1.1305178
582296361,-1.1145093,-0.055808287,-0.49153572,-1.2202166,0.86560243,1.169404,-2.5425346,-0.4022033,-0.43359113,-0.86285996,-1.5000764,2.138616,1.2793704,-0.31732982,0.98026973,-1.2532482,1.6985557,-1.9121194,-1.7636939,0.5728344,0.16550736,0.4840408,-1.4758468,-0.30662894,-1.1271286,-0.28324726,0.3887349,-0.04503849,-0.6983072,-0.6545391,-0.62557364,-0.40381753
582296479,-2.41508,2.206131,0.67836475,-2.2515674,-0.8633495,-2.015539,-1.8330625,-1.205324,-1.4958645,-0.091918536,0.51144606,-0.28335983,2.0287857,-2.0297053,1.8886225,-1.9309343,-0.26759756,2.3447,2.3455122,0.05654633,-0.84406024,-2.1292188,1.0451157,0.42934656,-0.59299034,0.40545076,-0.26814863,2.5676296,-1.4314023,0.16452459,0.12002516,-1.9537996
582296801,-1.399134,2.485737,-0.82632864,-1.2630101,1.029246,-1.0204676,-1.0143957,-2.0553145,-0.32256705,-0.25769755,-0.1734307,-0.23748028,1.4198633,0.53586656,0.31843472,-2.97404,1.6583136,1.0811288,1.9400687,0.3082795,-3.008571,-1.4443868,1.2472608,-0.6622407,-0.049251087,-1.4326898,1.1378566,1.7783813,-1.0171256,-1.090064,2.1704454,-3.1040168
582297230,-0.4246902,0.29510638,0.050949436,0.33001602,-2.1227195,-0.5135508,1.6368526,1.5075265,4.2302012,-2.354546,-2.3890934,0.63961375,-0.19465105,0.3817288,0.6032141,-0.1461954,1.211301,0.6624575,0.8353394,-0.38128677,0.7091895,0.85263956,1.168759,1.270843,1.1510814,0.7156955,0.16475233,-1.407869,-2.0732994,-0.5912785,-0.7352928,-0.25330088
582297325,1.2180814,1.4059604,0.6210187,0.7511253,-0.6663072,1.2477738,1.7073638,-1.3157113,0.93861973,0.45101222,-0.073985934,0.80213964,-1.4702501,-0.9054492,-2.2206602,0.25883746,-1.4648412,-0.087205894,-0.5044766,-0.8057012,-0.16159837,-1.8318464,0.34481663,-2.114216,-0.78895473,0.7226676,-0.75019884,0.19768006,-0.5854995,-0.75358963,-2.689355,-0.23699087
582297338,1.8811889,2.6561756,1.82604,-0.13052866,-1.8890045,0.33760864,0.82023716,-0.9433621,0.9748979,1.4573157,0.36199552,1.5702951,-2.7017872,0.6796687,-1.4369469,-0.28049096,-1.288326,-0.26972252,-2.1127977,0.2631275,-0.8605971,-2.9516623,0.7239338,-2.6850095,-0.86853135,0.93321645,-0.59189945,-0.99583536,-1.6004579,-0.1933221,-3.1688473,0.65639794
582297837,0.34698415,3.1564326,0.5317024,-0.23480003,-0.5273378,-0.13205959,-1.8085785,-1.0023037,-1.5168482,1.0252049,-2.6244056,-1.53179,0.33420244,-0.49668533,1.2481973,-1.8802415,-0.8612973,0.7920029,1.7980405,1.0235578,-2.509637,0.32251608,2.0937183,-1.5128114,-0.8479177,-0.8744991,-0.25202498,2.678906,-0.95657045,-0.8897323,0.43224087,-1.1295538
582297860,0.41780326,1.240981,-0.6113207,0.087903775,-0.858127,-0.047927916,0.70938313,0.102659054,1.8163013,0.93802625,0.93574375,0.6549148,-2.863809,-0.44936273,-1.0619315,-0.60144323,-1.138368,0.27351487,-0.6825541,-0.39761642,-0.09781508,-1.8274778,0.7490264,-1.7494738,0.055627733,0.019509658,-1.7248554,-1.1525502,-1.379234,-1.5231134,-1.801028,0.72728044
582297910,0.05655418,-1.0037409,1.6563638,0.469184,0.49647418,2.7909086,-0.119232394,-4.499937,1.0866501,-3.4219308,-1.9467573,0.33630478,3.071784,-0.68178535,0.36995193,2.857078,-2.4153693,-0.2865489,0.7264298,-2.2332902,-0.16455793,-1.0273757,-2.808164,-1.3175874,0.04478995,-0.028605562,-1.5819395,-1.4576974,0.8688869,0.07234593,-2.3710644,2.1087897
582298041,0.3160151,1.1096501,0.5516337,-0.067342006,-0.586819,-1.2200025,-0.33655247,1.223155,1.9694372,1.4245485,1.4843515,1.2924393,-2.2908423,0.2633194,-1.2248336,-0.46828133,-0.24883123,0.9238121,-0.40140727,0.56063455,-0.63898665,-2.2843595,1.2201494,-1.8142104,-0.14901662,-0.19810218,-2.0360725,-2.3695261,-1.4846305,-1.5998824,-1.3759507,1.1706342
582298092,-1.5837662,-1.9300547,0.48870018,0.79106605,0.37432718,-1.0406185,3.1118052,-0.04906697,1.2731419,-2.588453,0.49507326,-0.81636643,-1.8569465,-1.2753944,0.033945344,2.1546159,-0.9625098,1.5341159,-1.0087955,-0.8998358,-0.40574437,1.1205916,1.0985116,1.1550592,0.43676105,-1.3129716,2.3465836,1.1328614,-0.81661993,-0.23060268,0.6554722,1.1959859
582298237,-0.22001304,-0.48934942,2.0493824,1.6786056,0.2905054,1.9825436,0.8420499,-4.9293714,1.0436099,-3.3730528,-2.6817675,0.9561533,3.5338912,-0.8956663,0.7959104,2.3521268,-1.9485995,-1.1469163,1.7889508,-2.34912,0.5902132,-0.22213651,-2.8050423,-2.5765886,-0.9017791,-0.12896287,-2.1257641,-0.6701628,0.8134396,0.25969154,-0.9601236,2.4282565
582298424,0.62336063,-1.9854277,-0.51271033,1.3156917,3.4972043,-2.278433,-5.3186593,2.9162462,-3.9404674,-0.8089865,0.56459606,-2.776012,1.4956423,1.8871232,1.5198015,2.97403,-4.193666,-0.61308813,-1.8555275,-0.37625012,0.8984729,1.0082544,-1.5234661,1.944671,-2.749014,-0.5921679,-2.307382,-2.0046003,3.3276868,-1.7097701,0.63305384,-1.0366193
582298513,-0.6681241,-1.0847404,0.9344163,-0.26392904,-0.60247207,-0.390998,2.5832412,0.737144,2.2273495,-2.9121733,-0.7521617,0.08760357,-1.2434896,-0.09155547,-0.5652589,1.3429813,0.39551944,0.9149764,-0.25008556,0.48691368,-0.6013353,1.702223,1.132585,2.2899418,1.3224243,-0.35887522,0.39021218,0.5809422,-2.2398515,-0.006974049,0.29121023,1.1192707
582298694,2.01881,0.4842133,-2.290756,-0.23578565,-0.5735823,-0.5236568,1.6464738,0.89931536,-0.8137704,-0.010631127,-1.3224636,0.7867678,0.76755923,-1.2058805,0.8485276,-0.38628638,-0.9731786,-0.6983597,0.5454189,-0.08074417,-1.0449952,1.1166244,0.5290702,1.3832408,2.1665003,1.5332116,1.3043175,-1.1453121,0.88314337,0.52075386,-0.012772901,-0.9039601
582298839,2.2506545,1.6104872,-2.7740846,-0.4992898,-0.059970398,0.07202485,1.6180491,1.0047661,0.05427748,0.054099992,-1.5424942,1.1277862,0.43205515,0.033327486,1.3714323,1.1851546,-1.4679039,-0.87682974,1.9331644,-0.24684659,-1.9786884,1.3853292,0.11804074,1.39804,1.98288,0.43654537,2.092829,-1.4556396,2.1490746,0.45214966,0.8195733,-1.8849106
582298939,0.15194334,1.8647187,1.5733677,-1.0007589,-0.39305046,-0.7883978,-2.0683372,-1.5410931,-0.10404234,1.5998006,-0.9366511,-1.3940933,2.390318,-0.3065856,2.6963005,1.5460342,-0.4028802,0.9223328,1.3491958,-1.743306,-1.0596529,0.5346091,0.08887635,0.91801065,-0.84683067,-0.62294424,0.98367715,1.3662443,-1.8655256,-0.42956766,0.4867704,-2.69073
582299006,3.1865454,1.3238816,-3.1845503,-0.49220565,-0.69311,0.04765609,2.3553305,1.1057535,-0.2584635,0.02161965,-2.3823452,0.7763169,1.3744364,-0.5945279,1.3024887,0.7492043,-2.5411608,-1.3082639,1.3924767,-0.46761587,-0.857542,1.531313,0.14975299,1.6374315,3.496915,0.8369554,2.489248,-2.051719,1.8322558,0.64589596,0.7474133,-2.1801414
582299020,2.7887228,1.07826,-3.412285,-0.7662914,1.4218647,-0.29890266,2.8142085,-0.46630257,-0.0053266883,-0.7430912,-2.132669,-0.080973506,0.32672694,-0.70689154,1.4572215,-1.0137074,-1.4359999,-1.2626475,0.30989018,-0.11682219,-0.6453977,2.5103493,1.6611018,1.3660296,1.8689704,1.3521646,2.609801,-1.1518466,2.5186572,-1.2814349,0.42978776,-1.9818507
582299324,0.3419397,-0.6824622,-1.2325288,0.04843247,0.66721106,0.22350769,-1.2802603,-0.12870528,-0.4363867,0.18244222,-2.957142,2.0425482,-0.8430401,0.57176566,2.4587612,-1.0633321,0.82529664,0.82949865,-0.19647685,0.8943777,0.29070127,-0.5002675,-0.1279588,-1.3209031,0.41022146,0.91636115,-0.14147323,-1.1714467,-0.44571468,-0.6167942,0.5824734,-0.8497471
582299465,-2.3239472,2.224573,-0.08190608,-1.543245,0.73231393,-0.33947498,1.1087329,2.0097983,-0.674158,-0.91550463,1.3872532,-0.6079875,1.9768611,-0.05054457,-0.89516914,1.5532547,0.9962462,-1.5721253,-0.84523207,-1.1859993,1.0709348,2.2305758,1.0193156,-0.3242826,0.64851975,1.9266524,1.7804235,0.4658522,-0.9670571,-0.003106553,0.4710215,0.52687335
582299887,-0.7881174,-0.10360899,0.74741566,1.2576683,-1.9396317,1.251072,0.4787398,-0.374207,-0.6559769,0.35057718,1.4235649,-1.354701,1.2459761,1.3255992,0.28995153,0.07996301,1.4006873,0.0031726342,-0.19332507,-0.46317342,1.020268,-0.2901299,1.6721909,1.8242776,-0.6496375,-0.45092854,-0.73012316,-1.1158539,-1.0842619,1.6132636,0.19866164,-0.8616661
582300094,0.21445617,2.6808386,-1.7004222,-0.9585604,-0.6292096,-1.1896785,1.9234746,-1.8091046,-1.4294361,-2.3487887,-0.76706815,-0.03907917,0.55153555,-2.5333958,0.7930846,0.16083229,-0.7512352,2.3628752,-0.15917432,1.575395,-0.2599283,-0.020222723,0.8592619,0.9753865,-0.51191133,-2.2092414,1.1380922,0.50690514,-0.17665458,-0.037321396,0.29664698,-0.64351517
582300178,-1.072545,3.0542393,-0.008606169,-1.0686206,1.3129377,-1.1204395,-2.155441,-2.0612552,-0.019252136,0.60230374,-0.64876425,-0.98461664,2.4510608,0.8751316,1.068785,-1.7317797,1.921092,1.3003969,1.9607366,-0.6890754,-3.3716362,-0.37189162,0.81024,-0.05277483,-0.614957,-2.313138,1.4290861,1.6067189,-2.213637,-1.2133152,2.320528,-3.7203758
582300363,-0.9012387,1.2040112,-0.95692605,-0.300641,0.20736334,0.5986642,-0.1684951,-0.73546654,1.5629466,-0.33291054,0.5054392,1.1315582,-1.6315457,-0.051614348,0.6723825,-0.7204752,-0.34919274,-1.4970748,0.39259616,-0.49499673,0.58686274,-1.1007819,-0.6999478,1.0301771,0.093983896,-0.07077426,0.25012735,-0.86388934,-1.0525048,1.4756602,0.646691,-0.10795081
582300388,-0.8060052,0.24444087,-1.0376879,-0.18317512,0.24914232,0.5878018,0.037667383,-0.8816305,2.2127585,-1.07626,0.58616936,1.2486145,-1.4604284,-0.3126607,0.52058375,0.05101926,-0.66772807,-0.035057656,0.1739701,-1.7241511,-0.14905831,-0.3175335,-0.36207795,0.78112525,-0.2949567,0.1956216,-0.21574958,-0.46472573,-0.673585,1.2309828,0.19057582,-0.3426651
582300533,0.93059057,1.9630231,-0.63117874,1.3516606,1.1356895,-1.9501586,1.6919676,-1.5866127,-1.31569,-0.6453007,-1.3464664,0.56442326,1.2801251,-1.9614905,0.7908111,-0.7644678,-0.52636784,-1.293033,-1.4512079,0.1956075,1.0045499,-0.8023055,4.82726,0.4276191,1.2655535,-0.9309792,-0.032556668,1.7755798,-2.4142725,0.36475068,2.0836215,0.7869293
582300748,-1.7078236,1.4723121,-1.1509686,0.4149966,-0.2683268,0.771148,0.20817335,-1.3696576,2.0992403,-0.24667272,0.56026465,1.2831931,-1.697296,0.2511297,1.3060814,-0.30208868,0.03590594,-0.79841834,0.1798827,-1.0979538,0.8499372,-0.6845183,-0.76542014,0.4808985,-0.3371212,0.18866369,-0.03196587,0.004013896,-1.2353027,1.6987208,0.45828602,0.3821738
582300920,-1.8453078,1.192238,1.2909243,-2.9220097,-1.0941292,-0.9622864,-1.40265,-0.24766058,-1.7633789,0.7282515,0.20076363,0.35853168,1.279222,-2.37098,1.5475985,-2.0191278,-0.435651,0.9220911,2.1704636,0.6109176,0.632034,-0.9585118,0.4814511,-0.43340987,-0.11427303,1.2949696,-1.4664859,1.1481534,0.23513937,0.6237698,-0.029657055,0.08734607
582301111,-3.596544,4.7915435,-2.3308654,0.16130392,-0.20629427,1.7727195,0.6053126,-2.7299442,4.2513556,0.9973536,1.7358204,1.9093317,-3.028959,1.1079322,2.787685,-2.8391132,-0.051357154,-3.6257155,0.4954535,1.393753,1.8074828,-1.8507891,-3.1088479,0.84506935,0.18362269,1.1750234,0.5210748,0.19275399,-2.7855628,4.4921336,2.1614332,2.106873
582301127,-1.5457389,1.9074417,0.7121842,-3.0942879,-0.93967277,-1.6516738,-2.2523925,-1.5641751,-0.9075461,1.3111851,0.48412722,0.13889912,2.4882293,-1.5575378,2.17297,-0.90712243,-0.24946627,1.2482313,2.3634923,-0.56218296,-0.6964664,-0.4537282,-0.11116938,0.36981028,-0.31287658,0.5981127,0.20623358,1.1153158,-1.1846484,0.38766637,0.38268003,-1.564319
582301161,0.19374844,1.6339107,-0.17595258,0.48101953,0.20780158,-0.5825762,0.975005,-1.5848999,-1.1214111,-2.073342,-0.47509557,0.07959451,0.006835589,-1.9810065,0.8439474,-0.50912046,-0.6391992,0.9245946,-0.7919814,0.34741902,-0.028943688,-0.08249697,1.3687315,1.1437314,-0.35693952,-1.7401502,-0.24839409,1.0276057,-0.055471096,0.1948753,0.659433,-0.26884085
582301188,-0.742189,1.8900281,-1.0511872,0.025480809,-0.5234037,-0.21181984,1.0132056,-1.7614292,-1.0748546,-2.2572682,-0.106230706,0.15252921,0.008693257,-1.6878736,0.9837084,0.23775977,-0.15809764,1.8767397,0.14311866,0.377941,-0.47069848,0.64331764,0.037842583,0.9568713,-0.44155502,-1.8533063,0.43346655,0.19837546,0.37292635,0.5022885,0.0959827,-0.4430884
582301209,-3.2305284,2.9423099,-0.951361,1.8874485,-1.4358035,0.28542435,-0.29994357,-1.5419455,2.1373618,1.0018405,1.6366758,1.563117,-1.0999485,0.082896546,1.234304,-0.4819582,0.8747802,-0.51100975,-1.320078,0.14822397,1.1610587,-0.24868445,-0.69474036,0.21719815,0.10376629,-0.3757388,-0.31006125,2.0541124,-1.5417444,0.90459275,-0.07796627,1.7228736
582301253,-1.4275519,1.3257524,2.7005715,-4.1808233,-2.874119,-2.299258,-1.672319,-0.5874917,-1.3121518,0.9322769,0.5369092,0.46849424,2.3943841,-3.7309067,2.970001,-0.13246098,-2.6968718,1.0844288,2.2611659,-0.57148725,2.387335,-1.439413,-0.19257407,1.4411091,-0.9511367,2.781498,-1.1106094,1.4074283,-0.5058536,1.9241163,-1.3755447,-0.8027479
582301265,-0.90914,-0.5466471,-0.94374233,0.68179363,1.0709196,-0.54202497,0.00817566,1.1453075,0.7225529,0.4014691,0.12070817,0.5796977,-1.0403247,-0.52068084,-0.3389641,-0.15212008,0.6762342,0.792693,1.2157803,-0.5112743,-0.15240477,-0.69314027,0.07271791,0.03975743,0.27537617,-1.252849,-1.6866822,-1.0464126,-0.5692717,-1.7402799,0.17099853,-0.19604331
582301296,-0.84961325,1.5789027,-1.0814571,0.9317915,-0.63367015,-0.28653708,1.2158885,-1.9889097,-1.4221582,-2.8263495,0.334085,0.46414986,-0.24985443,-1.8750393,1.6495371,-0.062362697,-0.6837175,0.7196277,0.23002405,0.54585576,-0.7539455,0.78338826,0.7199516,1.1985753,-0.41744858,-2.4819,-0.35443294,0.40070367,0.41420528,0.6750486,0.852839,-0.25933126
582301318,-3.3653858,2.603217,-1.0954673,1.1348526,-1.0577357,0.5865278,-0.89824027,-1.6178935,3.144861,0.39895457,1.9041288,2.3765616,-1.4216286,0.51747346,1.7883078,-1.046201,1.0373323,0.12794547,-0.99339795,-0.44884378,0.2735955,-0.2217962,-0.33493024,0.1589983,-1.0515846,0.1597294,-0.61756474,2.31277,-1.7752688,1.1395015,-0.1664129,1.8376493
582302009,0.03273776,1.097673,1.847956,0.63350624,-2.6376827,0.39371905,-0.5859105,-0.5310365,-0.6317327,-1.0701857,1.6042403,-1.7713636,1.6803377,2.1061141,-0.92407125,1.5520695,1.3368329,0.33230165,-0.37600213,0.1507787,1.1544433,0.008688919,1.5011737,2.107227,-0.5666089,-0.20683272,-0.15342721,-0.44562563,-0.70515877,0.8196056,2.317218,-1.6651254
582302162,0.014733072,2.0602164,-0.49207333,1.5040818,1.3229969,-2.4973743,2.0353782,-2.4312265,-1.725091,-2.072168,-1.5597064,2.0229292,0.20143498,-2.2841883,0.9568567,-0.15448639,-0.0706003,0.68517756,-0.41723508,0.43051237,0.45064873,-0.7065145,3.0192716,-0.9052143,-0.4082831,-1.6183008,0.20857815,1.5825104,0.064222604,0.885569,-0.37725332,-0.4849955
582302168,-0.14550361,-0.0035818256,1.6116537,0.9057154,-0.57255244,0.8835007,-0.4991374,0.6569682,-1.0012779,0.42932427,0.8240296,-1.1078974,1.4151218,0.18909413,0.82905126,-0.02673254,1.6889037,-1.1151466,-0.14669834,0.35058248,0.70742655,-1.3969601,1.3721995,0.91193056,-0.9858812,-1.7226897,-0.4069812,-0.24154954,-0.6277699,0.75708425,-1.0000402,-0.30496976
582302302,-0.08423287,1.8301231,-0.23901722,2.4053373,2.113822,-2.7337966,2.094625,-2.3573177,-1.5859609,-1.5412788,-2.093823,2.577076,0.44019464,-2.2364924,0.97517437,-0.354762,0.0329114,-0.39195713,-0.90852886,-0.31321257,0.69847953,-0.7158202,4.512265,-0.85528743,-0.14408004,-1.104678,-0.3537525,2.2129526,-0.29221487,1.0774314,-0.49838588,-0.38880408
582302595,3.2687156,0.17335956,-4.081775,0.3638383,1.1863468,0.68269485,2.9555335,-0.115773186,0.15091401,-0.19522376,-2.0582361,-0.4131317,1.1784246,0.319923,1.4270254,0.5432872,-2.1352978,-2.4976225,1.0206553,0.14012605,1.3646053,1.9065584,0.8060905,1.2549707,2.8770022,0.4361701,3.737957,-1.0178066,2.359257,-1.1609837,0.55890524,-3.3219883
582302800,-0.31563893,1.7221212,-0.75506073,1.0277368,0.42932037,-1.0160967,1.3566743,-2.1770558,-1.2917289,-2.3793166,-0.37466606,1.0342247,0.37508935,-1.8181764,1.698668,0.2844631,-0.28830227,0.7754519,-0.115158364,0.45680887,0.24241066,0.012633622,2.0919616,-0.10867788,0.12583461,-1.7053392,0.06439839,0.8960679,0.4484249,1.1361885,-0.0027243197,-0.13070849
582302868,2.1389306,2.0203474,0.60400504,0.44674543,-1.0918863,1.8697808,1.3538452,-1.8351934,1.0349585,0.12856238,-0.19618312,0.6876438,-1.5843079,-0.7884364,-1.571851,0.287947,-1.2321028,-0.38487157,-1.4445382,-1.168902,-0.6876326,-2.0685124,0.40625623,-2.4518642,-0.46581313,1.1443639,-0.22518301,-0.11255824,-0.97828746,0.03515078,-2.7700694,0.6159978
582303225,-2.2482007,3.8458815,-1.1420968,0.8000437,0.10621346,0.7596241,0.20492451,-1.7795168,2.449912,0.28636461,0.12836707,1.6189345,-2.0206382,0.5262515,0.93242884,-1.6370695,0.38723934,-2.8678036,0.08960861,1.263705,1.5688939,-2.3190413,-1.8963962,1.7195518,0.62118566,-0.009876875,0.2807192,0.17818446,-1.9941537,2.8579986,1.6238142,0.6735532
582303511,-0.008135907,-0.1487206,0.46441233,-2.1877346,0.7162927,-1.9081265,0.13735206,2.5183275,-1.0280813,-2.0313458,2.457192,-3.3528888,0.4333921,0.70974916,-1.2522253,0.29914138,1.3155034,-1.9329785,-1.8491863,-0.06656245,-0.2933068,1.1956787,1.7908467,-1.8177572,-1.214203,3.6586857,1.8820107,-0.1980967,-2.976513,0.104384765,1.6807266,1.767082
582303736,0.5491109,1.8378669,0.35711372,2.6358557,2.951647,-2.9556677,1.8924481,-1.7544014,-1.4463005,-1.0152282,-2.4629076,3.3748755,0.33560798,-2.182489,0.40548354,0.26266235,0.41746232,-0.550335,-0.8658735,-0.28397274,1.3823496,-1.0156572,5.005867,-2.2065706,-0.29802564,-0.059663337,-0.35112113,2.5277796,0.094677776,0.5877884,-1.1689049,-0.40822724
582303816,-0.53143096,1.6197808,-0.31615794,-1.910123,1.028991,-2.1021469,-0.9949793,3.531908,-1.3003762,-1.447338,1.948954,-3.182407,2.404227,0.6297626,-1.5111402,1.5970099,0.2191731,-1.4698852,-1.8881043,-0.78291154,0.50503,2.1674986,1.6523592,-0.9121762,0.8266019,2.788262,2.0738854,0.45409918,-0.91406465,-0.043101158,1.1344419,0.0708856
582303920,-4.147476,4.768143,-1.460226,1.8717192,-0.48285303,1.429498,0.21986072,-2.6776197,3.479872,0.4985835,1.4159235,2.2860844,-2.350284,0.94057447,1.7969266,-2.078715,0.8359235,-2.2782805,-0.18152778,1.1732991,1.7680467,-2.0362277,-2.4706352,0.4934482,0.22296585,-0.00034928136,-0.39186388,1.3548653,-2.4891603,2.9597423,0.79306805,1.8250196
582304221,1.6150767,2.958299,2.0175242,-0.18148145,-2.6840594,-1.7522606,0.88645834,0.38626397,1.6037058,2.6494136,1.6094753,1.4216635,-4.082921,2.3643007,-1.0564271,-0.70792884,-1.3477547,0.01730033,-2.0247154,1.1864858,-0.6690423,-3.145506,1.3320878,-2.6551905,0.36340377,0.40061978,-1.588283,-2.5526087,-2.9316676,-0.6280546,-2.8243794,0.7153688
582304297,1.9202511,3.0091488,1.9156573,-0.17981943,-2.1153307,-0.8443859,1.0156047,0.16618076,1.4488848,2.5241194,1.6524962,1.6341332,-3.8096263,1.526579,-1.505531,-0.7759374,-1.0044532,-0.003959842,-2.6598954,0.6662776,-0.9142043,-3.3927042,0.8771763,-3.4439209,-0.41591182,0.6385224,-1.5051517,-2.1665404,-2.5122278,-0.65615296,-2.9885361,1.2282044
582304402,0.4094981,2.1684675,-0.22305647,1.1274585,1.4442812,-2.0773704,1.7359024,-2.2859566,-1.1548482,-1.0474682,-1.3790715,1.9788476,0.9989074,-2.0800872,0.97225004,-0.02394193,-0.13549574,0.5613838,-0.47737628,0.074529804,0.61704934,-0.4945171,3.0915189,-0.8698532,-0.06506575,-1.1664373,0.43966,1.3828204,0.06939283,0.6160655,-0.3492401,-0.40353805
582304583,-0.060053844,-0.3102906,0.09612545,-0.39527538,0.24709092,1.5012548,-1.5116353,0.52875876,-0.763382,-0.05226498,-0.83972746,1.491235,0.3310097,0.09574914,0.55789715,-0.7810015,0.61653006,-0.6872656,-1.1962221,0.36050716,0.20510404,0.657872,-0.9404623,-0.43569887,-0.48784387,-0.26003006,0.21303388,-0.028608382,-0.5074263,0.0066684783,-0.31672266,-1.2577852
582304908,-0.32196957,-0.08608858,-0.6766817,-0.88903433,0.7287555,0.40544102,-1.1579456,0.21966176,-0.645709,-0.03661383,-1.5385783,1.7439361,0.07993477,0.1650788,1.8885309,-1.3663286,0.45168647,-0.5788927,-1.2077986,0.6356454,0.52936494,0.12128754,-1.0553999,-1.0211058,-0.5682584,0.41132453,0.20177265,-0.61308175,-1.2327083,-0.55719733,0.36858258,-0.47178817
582304932,-1.6482689,0.8854314,1.437189,-1.5280321,-0.6909722,2.5977275,-2.0928867,-0.11464031,-1.0767248,-0.8719268,1.080695,0.6154133,2.531331,0.41996104,-1.0106905,0.9445292,1.0410038,-1.5009822,-1.4820144,-0.6290728,-0.25640324,0.86241436,-1.0721257,-0.9891822,-1.2767082,-2.286461,0.63541746,0.79851776,-0.8514505,0.053850263,-1.1941775,-0.8779674
582305001,-0.24418576,0.4592449,1.0264199,1.128144,0.99681437,-0.5222768,2.3154016,-3.0437267,-0.45855713,-1.3088315,-2.0798028,0.8294702,2.25968,-1.6768944,1.1654936,1.5841347,-0.4835987,0.28955448,1.1411164,-0.5820999,0.53802264,-0.7763778,-2.3899477,-2.4076662,-1.5288662,-0.15443805,-3.7740858,0.58230317,1.4872081,1.0395112,1.1721307,1.3420025
582305012,0.23251253,2.252558,-0.51744825,1.0528675,0.96608907,-1.9411057,1.8904412,-2.4138598,-1.5014775,-1.2164601,-0.85715634,1.0273911,1.1042846,-1.6736184,1.0939891,-0.29671168,-0.0762845,0.4989455,-0.6750967,0.11301524,0.4457268,-0.6842488,3.198125,0.15959536,-0.37369522,-1.537687,0.23324488,1.2045425,-0.42889807,0.46589336,0.6415334,-0.39774194
582305056,-0.37753865,-2.489646,1.8485223,-0.7369081,-0.4949512,0.029668413,2.8578222,0.17217848,1.9034886,-4.77952,-1.9853175,0.60371673,-2.4298246,0.9567146,-1.3524545,1.6201446,0.8880593,0.45159477,0.009664983,-0.7929847,-0.77286774,3.0895424,2.7356896,1.3952999,1.1484613,0.03755139,0.33230653,0.36448514,-3.111332,-0.30748528,0.7515315,1.6184725
582305305,-1.2162058,2.213139,-0.93593234,0.26884156,-0.015535109,0.35745937,0.14657556,-1.4299505,1.7438504,-0.14296989,0.35590482,1.3263111,-1.7276331,0.1227956,0.37232983,-0.21085949,-0.68270665,-2.1947918,0.29469016,-0.16366594,0.9698501,-1.6760464,-0.95352536,1.6773496,0.30498278,-0.1707482,0.3527617,-0.49731165,-1.2216556,1.8524832,0.9185413,0.12518468
582305472,1.942507,3.429163,1.7038488,-0.22575718,-2.7608392,-1.9479946,0.027043644,0.9309734,2.0396025,3.318985,2.5505073,2.1912503,-4.3232737,1.8971227,-1.5756239,-1.1557308,-0.92003953,-0.45387536,-2.6160545,1.6657379,-1.2871982,-4.000534,0.8421488,-3.6845136,-0.082136914,-0.09226252,-2.0112202,-3.292545,-2.88724,-0.63758886,-3.0433226,1.7885693
582305655,-0.88495535,3.4147127,-2.2257872,0.8358285,1.0175153,-2.4541743,3.4118686,-4.1346602,-2.8937285,-4.149998,-1.1757383,1.4494708,1.0010773,-3.1954415,1.4294105,-0.23308802,-0.7111442,2.0983748,-0.5206138,1.7220389,0.038884938,-0.45939636,3.4829526,1.0096982,-0.7431668,-3.599145,0.59247375,1.7168232,-0.013105128,0.5691817,0.3992386,-0.65345067
582305738,0.7799771,-1.1016555,-0.35934004,-0.055201113,0.25515464,0.036906585,-0.11784585,0.93608564,0.021707295,0.25266528,-1.2525831,0.9312273,-1.0597548,0.38053328,1.3359919,-0.9387847,-0.4437914,0.6980456,-0.35144657,0.6570871,0.67479724,-0.032831058,-0.603719,-0.8956932,0.17955853,1.4894893,-0.69605935,-0.2372594,0.17093186,0.19631934,0.9425205,-0.6045437
582305772,0.06210207,-0.7785924,0.716843,-0.20140451,-0.8269196,0.8502891,-0.07935105,1.74164,-0.25738126,0.74360365,0.76874596,0.055785872,-0.41607797,1.2998297,0.21249467,0.2941926,-1.0151936,1.7849804,-0.4601675,-0.5072756,-0.106760055,-0.025641136,-0.4520875,-1.6704857,0.41308737,-0.4099363,-0.9307303,-0.2584203,0.45029733,0.8508656,0.76786804,-0.88642436
582305966,-0.43949336,-0.77201855,0.27319443,-0.68740857,-0.5502797,1.2085288,-1.8163987,1.4537563,-1.2974294,0.47537807,-0.9200246,1.5205823,0.5740332,0.07530694,0.8321113,-1.3535223,0.26200855,0.030830327,-1.3641322,-0.00013923645,-0.3822582,-0.27512693,-1.0039802,-1.629818,-0.08813843,-0.89709777,-0.4244329,-0.26301438,0.095469214,0.106006056,-0.27728078,-1.1141552
582306067,-1.0892378,0.2903467,-0.411218,-0.73772967,0.05517875,0.38766405,-1.7339422,0.30842823,-0.9269405,-0.06283262,-1.7607057,2.2070677,0.19969729,0.32065082,0.8926361,-0.9891195,0.84689736,-0.8621323,-1.3679193,0.6929898,0.34183052,-0.35858375,-0.68813646,-1.7281861,-0.5811533,-0.32733673,-0.18747306,-0.26855564,-1.1919874,-1.6540773,0.042975906,-0.1699698
582306671,0.0740661,3.0337589,-2.053477,-1.2715546,-1.2909884,-0.9720893,2.0555615,-2.5833073,-1.6098783,-2.9019294,-0.43311015,0.09869501,0.5006483,-2.601018,1.6219537,-0.25616127,-0.8600474,2.8080063,-0.08783686,1.1856928,-0.42022935,0.3975796,1.0448729,1.6941193,-0.34609452,-3.1153169,0.9384154,-0.18469943,-0.32444412,-0.29352427,0.696651,-0.22947773
582307653,-0.24712603,1.7629697,0.19266447,0.14301431,-0.8525393,-2.858684,-0.5824618,2.1453216,2.6213915,2.1903226,2.2653937,1.64891,-3.5605583,1.0279945,-0.80012023,-0.9606572,-0.06410432,0.82828313,-0.27102926,0.9119447,-0.17967899,-2.5750275,1.4997697,-2.1563487,0.79572105,-0.9770448,-2.5833604,-3.6409616,-2.8245978,-2.0450015,-1.6744858,0.9216281
582307666,-1.6374351,1.6833413,-0.543695,-0.71997106,0.8844387,-0.3552374,0.49087256,1.8427429,-0.5857568,-1.1622174,0.766509,-0.40602234,2.4187973,0.54289407,-0.7292248,1.1681942,1.2319698,-1.2781243,-0.059217505,-0.570471,1.1917728,2.1018305,0.28275895,0.44602913,0.8477988,1.8024162,1.4163352,0.7770459,-0.8201989,0.20776072,0.22370929,-0.13721001
582307707,-1.1092024,0.8800457,-0.26522735,-0.7402092,1.3751409,-0.841944,-0.06135033,1.5308784,-0.8769897,-1.0343183,0.83127004,-0.82068634,1.9767895,0.59616524,-0.8589257,0.67170334,1.129467,-1.0053419,-0.20408091,-0.5997598,0.88430285,1.2673705,0.14809747,0.44573325,0.39443362,1.6897117,0.9483494,0.8762327,-0.9394553,0.13162076,0.3160326,-0.2274098
582307823,-1.308137,1.6442568,-0.8109621,-1.9109123,1.1312035,-1.6699927,-0.2543813,3.181229,-1.3638917,-1.59703,1.8689204,-2.5724413,3.045472,0.13603026,-0.9382388,2.0879333,0.582024,-2.5315008,-1.540945,-0.7014505,0.2859089,2.1978593,1.4712594,-0.47100115,1.2120459,3.2197285,1.5830686,0.5994378,-0.97925663,0.3533943,1.6627777,0.5698277
582308589,-1.4785173,-0.4425994,-0.41831017,0.09921385,0.55135095,0.4895092,1.7116458,-5.1356416,-0.83805037,-2.3750136,-1.0025723,0.012189012,2.4737515,-1.6639241,2.0642533,1.695966,-1.2167215,1.7104088,1.4218699,-2.184827,-1.1316708,-0.35760605,-2.5887492,-1.5974015,-0.73666006,0.6504944,-2.160819,-0.9278259,1.3469472,0.40485835,-0.5036996,1.8510448
582308590,-0.9024353,-0.4720217,-1.0776819,0.82981956,1.63193,-1.92128,2.4771135,-2.3319619,-2.4553378,-1.33591,-2.293431,-0.6528651,1.0361962,-0.9805371,2.4006338,0.7262354,1.0296608,2.3344631,-0.03283453,-3.133413,-0.29139575,-0.7798861,-1.6771235,-0.9270961,-1.8124478,1.310852,-1.5048503,2.2542927,2.685264,0.75148916,1.6166844,0.11538946
582308659,-0.22079502,-0.9373188,-0.61113966,-0.04644063,-2.4102752,0.003432475,1.4918528,0.8022846,3.6352386,-3.9992526,-2.9126291,0.9507271,-1.6321485,1.2313573,-0.1742563,0.259161,1.5569181,0.07640253,2.5485508,-0.17080219,0.40876946,1.4204161,2.250279,0.2751167,0.96047574,1.1952585,-0.19743168,-1.2891293,-2.8515296,-0.031277366,-0.75393474,0.42638797
582309048,-2.0723708,1.9885097,-2.9778728,1.0778426,0.06087141,-0.6208114,1.4723655,-3.2671325,0.8666473,0.40404817,-1.6942931,4.0785737,-0.3187656,3.951917,4.7781606,3.292323,1.8597248,0.050147332,1.556919,-0.56892455,3.4555411,0.65926075,2.4209316,-1.2255111,1.0857517,1.1543645,-0.1409113,-2.228017,-1.7790476,-0.8942262,3.6068041,0.21188952
582309069,0.2009077,2.844186,-1.2623833,-0.24680759,0.29405174,-0.328924,-2.0173035,-2.4249845,0.5569929,0.20622647,-1.4427717,-0.94110596,0.77834904,0.94321674,0.05090995,-1.2039248,0.651303,0.80431134,0.78044784,0.7623083,-4.0247836,0.58192,0.9659795,-1.186889,-0.4201432,-1.8169694,1.7163421,1.535394,-1.551596,-1.4199305,1.5039282,-1.9438852
582309070,0.3742468,1.1694822,0.44996017,0.00811445,-0.3569772,-1.2521272,-0.8929659,1.1487819,2.068864,0.73777795,1.7698562,1.436872,-2.2591636,0.21172473,-1.1384393,-0.17613798,-0.050807588,0.32300243,-0.8219159,0.6331064,-0.45893928,-1.6938419,1.1598029,-1.7826821,-0.05376385,-0.6140883,-1.0569161,-2.2527163,-1.487286,-0.77721,-1.2372007,1.0441866
582309148,-0.8795754,2.851581,-0.27896532,-0.6224097,1.0078218,-0.77054346,-1.9296782,-1.6012406,-0.7097637,0.37668592,-1.3538553,-1.4013875,1.5663837,0.9563002,0.6535743,-2.003226,1.2677557,1.0717682,1.5563937,0.53842044,-4.0512934,-0.43249357,1.3984901,-1.2634411,-0.78708273,-2.5009184,1.7928246,2.0348575,-1.4077226,-1.284764,2.6456869,-2.835695
582309175,0.02156154,-0.23894723,0.23936374,2.194664,-0.72031903,0.9535071,-0.14039351,0.827286,0.2644634,1.8514173,2.4680183,2.8578181,1.1537235,3.0142927,-0.69084036,0.9420389,0.16120863,-1.5739392,-0.4423161,-1.7802573,0.9853839,-2.385925,-1.3012303,1.3484651,0.41447046,-1.0708336,-2.8185456,-0.0051180795,0.3611388,1.8277515,-0.7624886,0.3582284
582309250,-0.1552942,0.004692428,0.67033774,1.2723961,0.9144402,0.029510338,2.2563548,-2.074271,0.049766887,-1.5799065,-2.4214401,1.57125,2.0211759,-1.1423707,0.8633753,0.87266153,-0.03089843,0.5451819,0.9937196,-1.082737,0.66759276,-0.25430056,-1.3834102,-2.1212916,-1.8123322,-0.44967026,-3.9166083,0.8602046,1.9095621,0.09657638,0.7761363,1.8105842
582309326,-0.40652072,-0.45461106,1.9817063,1.1263373,1.4645805,0.04264291,1.6096376,-3.6905882,-0.1405414,-1.5714015,-2.763848,1.0053258,2.6404088,-1.2455708,1.3946936,2.547289,-1.2826719,-0.051829267,1.1868211,-1.2515012,0.41928622,-1.4690803,-2.8820632,-2.0074937,-1.0431173,0.07127221,-3.1878755,0.53245676,1.6050858,1.0150357,0.749875,0.83346623
582309977,-0.028712597,-0.80036443,1.4573756,0.37847552,-0.66219103,3.4294868,0.3661568,-4.9341903,1.4054611,-3.2565844,-1.4469671,0.7474976,3.4872952,-1.1939797,0.33282563,2.489351,-1.6328455,0.21572171,0.8149562,-1.5222591,0.17880622,0.7573268,-2.3906052,-1.9780751,-0.72275513,-1.3305686,-3.1294305,-1.0613018,1.0096307,-0.13516705,-1.081236,3.604202
582311622,-0.238743,1.1563054,-0.24734893,1.1930614,0.122663975,-0.39152178,0.6911089,-0.96344095,-0.7753853,-1.8701134,-0.25429457,1.0603455,-0.05269538,-1.2783195,1.2962849,0.31616753,0.28604975,0.7139836,0.25222006,0.026205251,-0.13306949,0.5334764,0.92484176,-0.10878034,-0.111306004,-1.0957705,0.004227832,0.83588606,0.3534992,1.1892748,-0.5274137,0.10423649
582311633,-0.29856881,-1.3243129,0.73950976,-0.2679855,0.20642987,-0.05061406,1.7390251,-0.11340026,-0.24012232,-2.7050219,-0.14268607,0.32555667,-1.5095406,0.29721305,-0.91032344,1.6202455,0.21065307,0.42897987,0.07418673,-0.050180145,-1.0065901,1.7256393,1.3196084,0.28970605,0.19528136,-0.6478292,1.0257703,1.6136578,-0.4839494,-0.21621135,0.5756064,1.3885987
582311659,1.3680962,-1.9399308,0.6966146,-0.8298831,1.848569,-7.2134275,-3.5751834,4.936959,-1.5558873,0.2508964,4.4961767,-9.288859,-2.2634013,3.7850368,0.46945298,-0.31498316,-4.7988496,-0.8715405,-4.0438976,2.8319602,-0.62819064,3.9129345,2.0831256,-7.283554,-3.7132754,3.669753,1.3417282,-3.939454,0.28106707,0.4873899,3.8593092,0.9800112
582311910,-0.22625268,0.9710449,1.5896208,1.2700375,-2.5286963,0.7442385,-0.23188771,-0.69582826,-0.33797473,-0.2798639,1.5600194,-1.5002917,1.3991553,2.3797555,0.062486317,0.8497324,1.2321764,0.854443,-0.6312569,-0.2761032,0.6469368,0.30053598,1.9277326,2.1731913,-0.5165895,0.44170332,-0.3788309,-0.3256004,-1.2633834,1.0035721,2.4162135,-1.1780297
582313185,0.25752065,2.2046657,-1.4671961,-0.43756148,-0.1638931,-1.0771676,1.7232646,-1.7544252,-1.3996553,-2.0847628,-0.6642483,0.043908753,0.39299586,-1.9939624,1.06166,-0.43889323,-1.0515221,1.622316,-0.36095613,0.40582597,-0.11332491,0.12833416,1.1714454,1.1657633,-0.4187746,-2.2442358,0.38392866,0.37510744,-0.29408315,0.08301782,0.5033573,-0.23480484
582314264,-0.78171986,1.8846225,-1.07171,-0.36768222,0.4541847,0.4379214,-0.2857462,-0.95392424,1.5263488,-0.14923163,-0.0941446,1.0658557,-1.717546,0.048205066,0.17277302,-0.07062824,-0.9626247,-2.521755,0.48021916,-0.15468034,0.66339326,-2.080627,-1.186351,1.725415,0.090771526,-0.00689126,0.3143952,-0.8240066,-1.0972064,1.6495348,1.1011225,-0.61139655
582314423,-2.9319878,3.8946242,-1.3368462,0.8043104,-0.17757416,0.12992334,-0.14337568,-1.6939738,2.756239,0.7806081,0.8675922,1.4682143,-2.1792583,1.1737785,0.6039461,-1.7217743,0.85193723,-2.4411194,-0.22266029,1.4523187,1.0254276,-1.845942,-1.8289804,1.286094,0.2183001,-0.13674088,0.37712112,0.8749007,-1.790448,2.2708259,1.2792898,1.2762883
582314538,0.17566848,0.5790429,0.27201465,0.64730835,0.73066485,-0.26023248,-2.26692,2.1775157,-1.6888621,1.4215176,-1.8350005,-1.0281109,0.45129788,1.0565639,-0.55313694,1.4107586,-2.5285933,1.1411085,-0.9299693,-1.2495389,1.5093392,0.8739369,-0.19174351,0.75052816,0.38232133,-1.862249,-0.3891058,-1.1676614,2.7145615,-0.690663,0.41041413,-2.7670732
582314676,-0.25210425,0.5053911,2.1349566,1.1824338,-2.5789135,0.9402522,-0.9443917,-0.33418742,-0.39630723,-0.14887491,1.3391104,-1.6289462,1.9941788,1.794676,-0.2580379,1.18877,1.2645328,-0.057442114,-1.2016201,0.29938847,1.485411,-0.5620144,1.0790939,2.1015797,-0.53837335,-0.6481233,-0.3997101,0.008234885,-0.9676608,0.5287558,1.4197258,-1.4900883
582315225,0.33904946,1.6391789,-0.38344625,1.2096015,0.9349051,-1.4258612,1.3599373,-1.6684724,-1.2281395,-1.2479116,-1.2278038,1.4281048,0.7631138,-1.53411,1.3213787,-0.049604323,-0.22806661,0.24196744,-0.50606436,-0.2670386,0.3466656,-0.16254264,2.966982,-0.24358977,-0.36456975,-1.201152,-0.15744016,1.136775,0.0011751018,0.53244835,-0.042466886,-0.15964103
582315339,-0.10255401,0.6574246,1.8359578,1.975169,0.8014983,-2.7366893,3.5343006,-2.246628,-1.3635527,-0.22180866,-2.5084968,1.282356,2.0318384,-1.3899796,1.6427627,1.5919044,-0.8086498,-0.4904146,1.804412,-1.5931284,0.9189985,-0.50989115,-2.2545948,-3.1460712,-2.2568252,-0.107078254,-3.4369802,0.91097206,2.4077907,1.6643215,2.603261,0.427071
582315476,1.0883317,1.8895737,-2.1885667,1.0078913,4.473145,0.6440918,0.84545344,-2.227155,1.3839002,-1.2640554,-0.26654667,1.0138543,-0.9127359,1.5522388,0.6162278,-2.067277,-0.12343796,-2.4464803,-0.47707817,0.32835332,-1.0533464,0.9123857,1.7074432,0.15409395,-1.3473464,-0.26434594,-0.8780305,1.9599903,4.2314935,-2.2433481,-0.045984656,-1.5928425
582315917,-0.05762038,1.9218153,-1.0803792,-0.26698837,-0.2564973,-0.84147525,1.5781271,-1.3705143,-1.1202924,-2.3427808,-0.301753,-0.22792484,-0.09476639,-1.8148056,1.10022,-0.012836944,-0.5576696,1.5899996,0.011358928,0.39313337,-0.15485914,0.46367642,0.48568043,0.8619735,-0.39036885,-1.9112589,0.509225,0.2890348,0.3605109,0.37775865,0.23414436,-0.3221499
582316004,-0.21935411,-0.17768914,2.0523696,1.0804592,0.7040603,1.0888716,1.3499926,-4.1429834,0.289571,-2.4219677,-2.5337312,1.0378656,3.1734934,-1.0086094,0.89017504,2.2899358,-1.2171179,-0.05518799,0.90853834,-1.7687854,0.47095957,-0.5997797,-2.716917,-2.2909577,-1.0284215,-0.45287624,-3.2901158,0.29044896,1.4911826,0.50825113,0.6308658,1.8241298
582316035,0.75946605,0.95924574,0.22892007,0.6898299,-0.34206545,1.7933987,1.5753499,-1.0628631,1.0633442,0.0679694,-1.1506649,-0.28708968,-1.1489849,-1.1212268,-0.87437534,0.13778517,-0.54180896,-0.051394284,-0.41770527,-1.1594535,-0.2509479,-1.6181309,0.062273156,-1.0623009,-0.61645854,0.6866162,-0.14113241,0.6076242,-0.3921669,-0.078356355,-1.7935328,-0.14065981
582316256,3.1223845,0.5727403,-3.2079275,1.4754894,-0.27860638,0.5269767,1.8120522,1.3955142,-0.60137796,0.868073,-0.36901888,1.1141133,1.7818828,0.24374527,0.37483484,-0.0072966646,-1.8300064,-2.0503764,-0.13611968,-0.37578428,0.13864915,-0.07115561,0.71259576,2.0027473,3.826331,0.6065454,0.31984195,-1.0060441,1.1716307,0.775656,-0.14947549,-2.2571816
582316279,-0.22659582,-0.6123149,0.20468605,-1.0418068,1.0662869,-2.2033668,-1.9550526,1.6385684,-0.8184436,-0.96751463,1.4586157,-2.1097422,1.0709922,0.8773448,0.25465825,0.9351594,-0.07934383,-1.7473775,-1.7804656,0.10524344,-0.43297702,1.1971034,1.1099153,-0.55798924,-2.0309944,2.8116798,0.38421398,-0.41244453,-1.0981835,0.07447499,1.9310834,1.2848448
582316896,-1.6602653,-0.48493406,-1.5634668,1.3965861,-0.10437232,-0.6882203,1.4324476,-0.42173108,-0.13971302,0.22737375,2.1624978,-1.3193841,-1.3097767,-1.316704,0.9367288,1.6400245,-1.6999444,1.8938152,-0.81586933,-0.0034251753,-0.16780145,-0.75784016,-0.36921772,0.20845246,-1.1015033,-1.0570796,2.1691957,1.1090981,2.0805912,-0.010278769,-0.11154259,1.479675
582316987,-1.5790524,1.4653065,-0.71141905,0.24826819,1.0486959,-0.035729997,-0.19515838,1.7875412,-0.6951538,-0.7953164,0.33364683,-0.76802444,2.0455167,0.8976516,-0.41309515,0.7509159,0.8221732,-0.5426012,-0.17153612,-0.26773405,1.6073292,1.8141904,-0.14713483,0.19240677,0.37509128,1.1427757,0.6443648,0.7111193,-0.5644548,0.058860656,-0.25118938,-0.43914923
582317200,-0.6578764,-0.99277246,0.3148221,0.50129426,-0.041132756,-0.79511917,2.6042955,0.3349296,0.8164978,-2.1883683,0.42549765,-0.4249197,-1.3400105,-0.67721766,-0.64094424,2.214162,-0.1030546,1.1179333,-0.61241126,-0.06485579,-0.86229026,1.1022505,0.99936706,1.0460331,0.4236242,-1.2229702,1.6578974,1.6168067,-0.69138086,0.03638398,0.7241795,1.662033
582317376,0.049614754,-0.14763096,-0.63971907,0.19926623,0.101667844,0.58674747,1.0677836,-1.9441633,-0.57910293,-1.3218172,-0.48296317,0.9820153,1.9961796,-0.5043903,0.20571929,0.061149053,0.28457263,1.1861933,0.0979739,-1.3768482,-0.13818207,0.7743064,-1.4320021,-0.9783724,-1.0538771,-0.8482645,-3.0996404,0.15428405,1.535785,0.04971629,0.47534817,2.3026226
582317961,-0.44014475,0.5169556,0.4426857,0.73435664,1.0257454,0.58578396,1.8991575,-2.5682259,0.05490641,-1.6796483,-2.044015,1.0374031,1.8303634,-1.5122106,0.63987243,0.74030924,-0.6758051,0.6795514,1.2044523,-0.8551403,0.35567906,-0.18227404,-1.6915922,-1.5778344,-1.483198,-0.47743094,-3.6493273,-0.16017821,1.6690049,0.37495375,1.0042784,1.9908457
582318020,-1.2444135,2.3330514,0.07969198,-2.5329483,-0.68507487,-1.5495875,-1.586624,-1.2700412,-1.1660608,0.09350195,0.045468893,-0.4504363,1.9088639,-0.9586743,1.8497598,-1.2179456,-0.80390203,0.84010416,1.8091594,0.20690833,-0.5341804,-1.1580715,0.59778064,-0.34691787,-0.84286845,0.88924456,0.22911239,1.9109535,-0.18071143,0.083271265,0.36701116,-1.1932881
582318530,-0.89752305,2.086459,0.0493694,-1.6394227,-0.5637815,-1.2108182,-1.6880322,-1.166631,-1.4824657,0.2728523,-0.5548388,-0.76655036,0.9422911,-1.1750188,0.85111713,-1.9829549,-0.3197375,1.2725421,1.5443828,0.94160366,-1.9844376,-1.1944695,1.2079508,-0.2621196,-0.56599593,-0.37109748,-0.6039025,2.3741117,-0.9304523,0.043345366,1.5119982,-1.1901163
582318759,0.89631224,2.0472162,-2.5417893,0.7941359,3.7104745,0.6617065,0.8885653,-2.6232696,1.8045795,-1.0103995,-0.5768402,1.4527282,-1.5849551,2.037501,1.3865159,-0.4307865,-0.05884347,-2.1076353,0.22110908,-0.12704298,-0.56292015,1.7221968,1.3881166,0.732673,-1.6758969,-0.8186381,0.8136322,1.5762022,3.9382324,-2.1162198,0.28328958,-1.6472193
582318760,-2.1486387,4.0822196,-0.5163287,0.32378104,-0.39397895,1.0070553,-0.08537878,-1.0835052,1.6243169,0.8069905,0.3991057,1.2536607,-1.9438069,0.82880884,0.84711915,-1.607251,1.1189045,-2.6602967,0.1999266,1.4726734,1.0546128,-2.2059073,-1.2140291,1.0150055,0.65856683,0.04153142,0.68305534,0.3190943,-1.6913266,2.7037854,1.5622076,0.5865507
582318997,0.24275824,-0.44625574,-0.22273478,0.40101647,0.8613877,-0.76965046,-1.8333988,1.4135735,-0.9641022,0.33542782,0.17684428,-1.4279364,0.3215149,0.98488367,-0.26022717,0.14641763,-0.7660245,-0.028005019,-0.62643224,-0.21076041,0.7537539,0.5660902,-0.1290079,0.16292518,-0.20256452,0.16682911,0.17011131,-0.44216108,0.19894895,0.101713076,0.4115849,-0.9677967
582319605,0.3658883,2.325546,-0.72146314,1.649707,2.084353,-2.915239,2.4348822,-2.6000016,-1.7294981,-1.8922422,-2.715462,3.3019302,0.35126567,-3.0388632,-0.06500244,0.35614613,-0.015346471,0.8223711,-0.9734481,0.7257959,1.0792369,-1.1227406,4.420018,-1.3143978,-0.70299757,-1.1926866,0.3557309,2.2263024,-0.43015292,0.98457056,-1.2652938,-0.8440911
582320338,3.9169755,-0.56608164,2.2610257,1.7928429,-2.9248528,2.0577712,0.5239908,0.2358295,0.2255121,2.3662324,-4.399981,-2.4002721,-0.4226672,-0.6985436,1.8624278,3.804625,-2.292598,-1.6044213,-1.8222321,-1.1232182,0.19252563,2.2585824,0.83509713,0.019152598,0.7659385,2.1325293,-1.0367113,0.31797165,0.7709233,-0.46974513,-2.5695398,-0.5990476
582320867,-1.6039581,0.9312123,-0.18035117,-1.5030298,-0.2541888,1.7156792,-1.3239205,-0.48128107,-0.77768856,-0.715457,0.048414003,1.9192723,2.0178363,0.840097,1.4841324,0.3578851,1.1007993,-2.275887,-2.1977527,-0.21967563,0.6747457,1.1055627,-1.030206,-0.8439198,-1.3707407,-0.95968324,0.47543043,0.097697064,-1.8542659,-0.8407651,-0.25375542,0.16775239
582320884,-0.11683201,-0.9340253,-0.42396176,-0.4634662,-0.9763279,0.3243343,0.81779146,0.09495234,1.1515734,-2.2670097,-1.1885717,-0.3141194,-1.1993527,1.0537364,-0.39620143,0.7499961,0.64860874,0.44805336,0.7070255,0.36043754,0.19005762,0.56699556,1.4191849,-0.07020017,0.042848308,0.18580526,0.13061489,0.8208188,-0.86417747,0.051827244,-0.071892895,0.48453063
582321034,0.961073,2.9925702,-2.3427746,-2.7327428,-1.6371136,-0.8514554,1.3618433,-1.0654415,-0.7979285,-1.9422773,-0.5407419,-1.2130991,1.1618321,-2.4457335,0.9001328,0.16864005,-1.1749775,3.408731,-0.014496531,1.5331479,-0.7926954,0.114920184,0.014488083,1.2966233,0.16221622,-2.1103387,1.8625474,-0.6080762,-1.3053024,-0.84844494,0.4186434,-0.53530914
582322274,-3.116231,2.642953,1.2669975,-3.6051884,-1.0245718,-2.0065734,-2.9978666,-1.3767142,-1.9787254,1.1383919,1.1664581,0.46296293,2.425134,-2.434679,2.8768783,-1.4999517,-0.51693016,2.465987,3.4108722,-0.61753356,0.6868574,-2.1014545,0.60930246,0.0459076,-1.2939438,0.05222079,-0.18297099,1.9238268,-1.8481412,0.59575045,0.25639215,-0.71715045
