track_id,Clutter,Cormorants,Pigeons,Ducks,Geese,Gulls,Birds of Prey,Waders,Songbirds
6868504,0.009533138565967728,0.012238164959783518,0.01888976557956433,0.16849929488423748,0.484026822482718,0.19484219440930522,0.004029139591507513,0.021648304046725735,0.08629317548019041
6868536,0.008352675383506064,0.020953992856328568,0.019574935455547844,0.19765948027699753,0.40167749169874295,0.09191467377048874,0.003657696466293145,0.048640676137586006,0.2075683779545092
6868565,0.011714508337774534,0.05243007450745639,0.02338614523350666,0.20507992216864823,0.6117160428860462,0.034132167942648284,0.003909013072335185,0.0261399654321664,0.0314921604194181
6868861,0.002271299130547155,0.1952099369110018,0.005680239891942675,0.021665814545895168,0.7390930581874049,0.01127969980018242,0.002056638749843863,0.015606229085222797,0.00713708369795917
6869275,0.002604589807926388,0.1774544846094384,0.009384358218280195,0.014743810689828307,0.7179364033470832,0.033303318498712334,0.004033669047547119,0.019960420965541868,0.02057894481564212
6871418,0.004662732956552538,0.17162589093851716,0.02252591127668511,0.05236732569323741,0.6324460657123069,0.02302240996957425,0.003911969538134059,0.07280411991610185,0.016633573998890778
6872996,0.3953228947071347,0.006094112395793295,0.008538188065934066,0.006314377223988952,0.016485748377613872,0.21422851707227117,0.08240165245477597,0.012391976537262988,0.2582225331652249
6873817,0.026440325333233355,0.03412452629272322,0.007241116766307414,0.009833182381368584,0.1568475140871169,0.6979277110441511,0.005886653831590303,0.04256713721546528,0.01913183304804401
6874023,0.0010238675266541829,0.020067038732013442,0.005934688955305511,0.00396490667095498,0.010681880903124706,0.916516915479859,0.010692852161278313,0.01686700703905251,0.01425084253175743
6875504,0.001148509207564586,0.01764553923123535,0.006109842599979919,0.004238869567910857,0.0045676898608335926,0.8239670750958887,0.02514446433236463,0.012801824060038165,0.1043761860441841
6875899,0.0027474196662347823,0.012520451608500691,0.003918210103705998,0.003645270446429155,0.004467784955279255,0.8330122295647815,0.08061483299116487,0.01149869475269447,0.04757510591120936
6877293,0.015423672318437323,0.008737002265765112,0.015831854262390182,0.014411647990497984,0.0074490192339524254,0.07072607357139524,0.015552023222358291,0.02301196678268289,0.8288567403525205
6880408,0.0017233620988809715,0.01108211240553656,0.004293536178461269,0.006413110835550764,0.004121087302701883,0.8697339062132479,0.044823574002464756,0.013287972999181222,0.04452133796397467
6880690,0.0018517969010977938,0.02014467584784285,0.021895211386388343,0.017801566804708846,0.006538538696561834,0.7808694913867537,0.01616049508752402,0.01820332402581673,0.1165348998633059
6880833,0.0046236082006906685,0.00362723965853726,0.00568404658093624,0.003472359814064124,0.0019088569164405034,0.17548407579951347,0.36572844555920514,0.00712303971740266,0.43234832775320997
6880956,0.0009539981168895217,0.015246230514625854,0.0027929608833490278,0.003083021835670932,0.004312805464098411,0.9327397068970711,0.01722769559811329,0.011184372299810159,0.012459208390371578
6881733,0.0025261286081230947,0.003404680153691024,0.0019864341469662226,0.0018730692668682066,0.0021999978699879952,0.11336603825439084,0.8588617291037172,0.0044216908190985536,0.011360231777156967
6885154,0.4027876381546202,0.013915424996453502,0.009329386798234708,0.022771292769641984,0.014903162479872781,0.1019010196673719,0.01641041471790953,0.01494245005358444,0.403039210362311
6887294,0.014201823869545122,0.1424135733271495,0.0121254144725486,0.008494792451812476,0.014520679400410467,0.454554699005696,0.011940654963772484,0.02701703396717605,0.31473132854188923
6887586,0.007854490438757392,0.00424790373032628,0.007715267850334389,0.010439856865536876,0.004257386405281333,0.18336923496489219,0.010520261611651583,0.016057709356712718,0.7555378887765072
6887600,0.0035439520458890182,0.0067404075653330455,0.011904076313034462,0.012589855432416714,0.00423771535031605,0.09671974095403987,0.010332150776355709,0.014528400822002576,0.8394037007406125
6887637,0.017364156659119584,0.09341880612403416,0.008471466027531899,0.015548004235090434,0.029756662353795788,0.6290745857291176,0.021293762155771768,0.018004857044155158,0.16706769967138357
6887702,0.08527855380201035,0.0029464169647804386,0.007156431522990851,0.004915897892082853,0.0030464343854350834,0.028021435481104282,0.05237727319927218,0.010387700718314486,0.8058698560340095
6888243,0.008662820665823853,0.12213137415370356,0.014140377146413806,0.014968674056413306,0.01489188944319943,0.2785135573835723,0.009722703465140013,0.020163332049999726,0.516805271635734
6888737,0.002113060393790342,0.03085396766538444,0.028979583262484607,0.032945512767877376,0.009759042850730303,0.07658547818358247,0.012194580658192893,0.0177918211652037,0.7887769530527539
6889024,0.0076467146964804885,0.003005393925311477,0.006271689398151447,0.003267764002782461,0.0020983111332591293,0.01819406846971549,0.519797796367998,0.007084923448974458,0.43263333855732705
6890285,0.003540446941620941,0.013010656103047125,0.0077759343271482685,0.0033560417910013995,0.0024979176620126297,0.2149893830644445,0.28077887453481953,0.005578254045847143,0.4684724915300585
6890416,0.0031119589748612258,0.023600443757289227,0.02682117444792389,0.006421017917322277,0.002848477155888722,0.06329761834021216,0.054724633074188574,0.011892008412542942,0.8072826679197709
6890579,0.006056264721850121,0.004448770412341506,0.008166176807451806,0.006109723052987483,0.0024268110600930448,0.12497195127392936,0.2092687201633222,0.010797241750287241,0.6277543407577372
6890917,0.006172269367409932,0.005490106885721901,0.006920827126242649,0.002918730132727434,0.0026118096836354513,0.40931793768825764,0.41292763890177225,0.009049629657469242,0.14459105055676355
6891091,0.005518983835217475,0.0075336867465093755,0.01694997827138175,0.3714104101953252,0.006641550783061312,0.014970134619785124,0.00440848151974073,0.02118544332232638,0.5513813307066526
6891208,0.0019574570556304227,0.004506972681756025,0.008289340412119952,0.002993604594152273,0.0018084387380868552,0.45871184571714785,0.16487877727793276,0.006376352196247692,0.3504772113269262
6891245,0.002417744223603194,0.005542019433716226,0.005179729797121538,0.002053631674276635,0.002062493376743368,0.5765581862397672,0.34797981692855473,0.005201913418090319,0.05300446490812673
6891309,0.0017973692252514367,0.010407171006780073,0.01134785184482156,0.00552031684388593,0.0024893789262169616,0.534758604772931,0.039512203768686104,0.007312243182323954,0.386854860429103
6891366,0.02612370269446006,0.0025005323304810255,0.004811275109380309,0.003090447415305252,0.0020483945160917113,0.06879366037336986,0.26379246463002487,0.00692320234418886,0.621916320586698
6891473,0.003959661938442903,0.0068361850827595,0.011093969291678465,0.009958874025657398,0.005333214859297219,0.05572972730851494,0.014348259256541747,0.015009730140502628,0.8777303780966053
6891484,0.002505938267733785,0.005138866719377558,0.008125783057688643,0.004310791285678986,0.0022894197776430008,0.027052862794350183,0.03498407984702625,0.008138508697057777,0.9074537495534438
6891531,0.0022909750260616565,0.006616482735840432,0.008041296425759067,0.003170313368067299,0.002013349115584256,0.07822798016025093,0.24968300455735049,0.005493667653301381,0.6444629309577845
6891557,0.0035869935552213846,0.007747013974795379,0.017388721275310763,0.008542832218707885,0.0042555478461702686,0.11464926645127858,0.02459790540989207,0.015905807182125985,0.8033259120864976
6891579,0.0021533978504416516,0.008104547589608357,0.0108264781792628,0.0037537681069418185,0.0023500359995561335,0.5731678853029305,0.08999645614549091,0.006103912865570996,0.30354351796019685
6891867,0.013068816925986384,0.0028805055476015225,0.004665890930629719,0.002838028182138669,0.0015918741782993899,0.014034525675956408,0.8917453903823771,0.005826911532721205,0.0633480566442896
6891888,0.015577477834691041,0.004814714456399602,0.009444004166832737,0.09160878691282223,0.004184598028346558,0.03467393414528669,0.017991625329107128,0.03370667076566658,0.7879981883608473
6892297,0.00949391084017593,0.002504844268110425,0.0036886713937878354,0.0024131650798220232,0.0018596530760337047,0.019713969977951478,0.8214573451660149,0.005185898311174515,0.13368254188692924
6892562,0.00379913122805725,0.004403156151739576,0.006248473330873196,0.0025366971788216204,0.001992482037974343,0.21394618341455302,0.5018665867854125,0.006403312761629633,0.2588039771109389
6892587,0.004350308492091541,0.002575255899606462,0.0059883759445783355,0.002582967850623822,0.0016283647132759019,0.022904096742373634,0.3146284773926347,0.005704947807599637,0.6396372051572159
6894293,0.003527858245079365,0.30279767194865365,0.006994636710304413,0.06457978274032837,0.30159317951620157,0.014588154215992636,0.0026071317972136045,0.029544811963341494,0.27376677286288487
6895609,0.0030232460714087754,0.020107138752254148,0.03476334699775512,0.12930244966590276,0.007207318462983973,0.016448263293653634,0.006064860520684527,0.023661794211157668,0.7594215820241994
6895723,0.0036470207457755277,0.005535534448999594,0.009857868916290508,0.0025654306710370654,0.003401653497154338,0.8480855506927911,0.06894161917185135,0.008430397509689082,0.049534924346411435
6895905,0.0019076535338578239,0.006267773233069305,0.007896042473158045,0.0021412788684218266,0.003000294808359591,0.8617769202499149,0.06077611396033526,0.007273097425412075,0.04896082544747119
6895906,0.0032783204214698694,0.0063573602638469845,0.0073190390482181554,0.0021730347190699927,0.0025317986107759828,0.6790807817105662,0.22342957773877958,0.007626134187203528,0.06820395330006969
6895927,0.004717737460352243,0.006393788489562357,0.007526666232534036,0.002954025165584889,0.0034708834645682243,0.5726629997947491,0.17642352088530877,0.012631980009862107,0.2132183984974782
6895938,0.0018151351471269075,0.005465011037312084,0.004988516638609102,0.0016534440409767628,0.0028952615946577333,0.8217080580490177,0.113734694069662,0.007859166720873636,0.03988071270176417
6895939,0.0030221873713102555,0.008930355916466926,0.006369779893113291,0.0025921769705729942,0.0047767889146437675,0.8641464019303244,0.039950677641402706,0.010159873937121361,0.06005175742504422
6895948,0.0015685886783109344,0.006766531458933494,0.00706531541772868,0.0019064548402589006,0.0032278742727365065,0.8779297053589433,0.056556459509187536,0.007789671503961978,0.037189398959938516
6895973,0.004933363674877788,0.0063191394043230565,0.00823949750474556,0.0036032144298418726,0.004230788856150975,0.6610391949261945,0.15004993772025385,0.011871610750855875,0.14971325273275657
6895974,0.0020929173648644938,0.00554694906201513,0.005614779596611081,0.0018078697490227194,0.0024363607385531416,0.6655619135221944,0.2647884370055919,0.006472546531113951,0.045678226430033164
6896754,0.0013424347760801463,0.005687333286581116,0.008543081532925675,0.002753714591332518,0.0018656566133230198,0.22640393071575632,0.08426522318761998,0.004460138525732723,0.6646784867706484
6897915,0.0017007660810891066,0.05867264826396419,0.030594632198240324,0.02405109537316534,0.00968226672376839,0.11155547486163134,0.014895325462645336,0.02687691780738225,0.7219708732281136
6897964,0.027451198794435513,0.026418463620913747,0.014930302975921166,0.021218273773982256,0.03937848642752383,0.11827805915948343,0.024186901420308347,0.04745315427998782,0.6806851595474439
6899282,0.0060305098045310155,0.004375550080325858,0.005551201906877668,0.002921124447429325,0.002219432407618114,0.5370459911893856,0.24788940901883613,0.006370582759165905,0.18759619838583041
6899294,0.02367389386957216,0.0024578257778834186,0.004715937532024367,0.0028820939805518247,0.0018387702208209106,0.019416639925360635,0.4871685297896734,0.006290541030245472,0.45155576787386786
6899376,0.002366516691504929,0.008226894738909831,0.013592269216276435,0.004439847008167253,0.002629815854491075,0.06840153279577232,0.14899441758323279,0.007291119061462222,0.7440575870501831
6899506,0.004458759217897158,0.0037901435959226573,0.005767736220448403,0.00226481032740095,0.0021109700332518798,0.10730654230118683,0.7129066396436932,0.006945440408408483,0.15444895825179045
6899530,0.13095210375092567,0.003884663874234497,0.0075073037754214604,0.03395446343786112,0.004733599084751852,0.02017422369797369,0.006282202535118307,0.01876796171500561,0.7737434781287078
6899560,0.11400384989731639,0.004918405575312676,0.005395753300130783,0.016344228933184296,0.0046246065558719135,0.5699774377160078,0.031117057408767013,0.018288386630037234,0.23533027398337186
6899670,0.08349842307671561,0.005558680353892464,0.007586290598957707,0.005404002088377279,0.012278945556994485,0.255616896296954,0.015400070602715196,0.029730162976598706,0.5849265284487946
6899695,0.007691811175888869,0.005013652714713558,0.0059797079234821665,0.0072021485821680145,0.019522700846285743,0.6641396524359027,0.0075133830490578864,0.013446214634854028,0.26949072863764717
6899730,0.04587282315970283,0.008179558544024232,0.007864029380215925,0.005951745500821588,0.011379376586230953,0.45003086759329297,0.03841838261975407,0.03365285622229674,0.3986503603936607
6899754,0.055154570921451776,0.004680743598336932,0.010022110756760329,0.0648160972499275,0.022888551251479358,0.2118752984840979,0.005166956096270294,0.047213095921911474,0.5781825757197645
6901206,0.0017264804506349565,0.00810745353349418,0.006959297229907702,0.0026926181900553047,0.0024529090859513863,0.5667076893454247,0.10107311783057214,0.005110574947118973,0.3051698593868406
6902131,0.0012817658234438568,0.006697092469946773,0.0022478299832016367,0.0019179767120192765,0.0023972053978713534,0.6824919338264364,0.28461604343142594,0.008091589478644074,0.010258562877010768
6902271,0.008540584364735484,0.11580490296974834,0.014774524888004573,0.10675674447624113,0.1746860391656641,0.031103080323537088,0.004272271443775913,0.03079955666248797,0.5132622957058055
6904326,0.13385117904493185,0.0025863933387733763,0.005181366775275734,0.007194111446404622,0.0023580385646003363,0.059279490539387115,0.024146473595437725,0.012036325709931035,0.7533666209852583
6908023,0.001737606850341673,0.19049460150530198,0.011172433113910314,0.563068089737875,0.02793098083204814,0.08360227715494366,0.01150737719838831,0.08828909278690156,0.022197540820289303
6908625,0.0019330797241595883,0.0039009371955995376,0.005161315852623383,0.0017857206086032205,0.0018144982013761767,0.27825827565037586,0.6649609693662265,0.004962912308417725,0.03722229109261796
6909657,0.005122829004949118,0.0025882290965983574,0.00542961989244834,0.0033312999404179495,0.0015648717031467292,0.09554960942347802,0.21760675221268316,0.007227459659170609,0.6615793290671077
6909786,0.04800190369907198,0.002444089942879294,0.00450720615263139,0.006806940179133479,0.0020460389928544684,0.030027589493512103,0.028500371206570185,0.011435322817271453,0.8662305375160755
6909952,0.006843686363708476,0.00275615604372371,0.005610348296875032,0.00291366117364798,0.0018771414372735777,0.02071856657363967,0.13254853251890733,0.006968453835286224,0.819763453756938
6910003,0.007578200994278407,0.0025663261275554365,0.005207557982429633,0.003625137090260405,0.001736611083596765,0.02282476833631559,0.07568524260161723,0.00825744225092585,0.8725187135330206
6910407,0.0006696763378904539,0.00921065528251375,0.002458157697754105,0.0017580235992961434,0.0034371431283671977,0.9548847433687838,0.010067132810504769,0.007230777175845076,0.010283690599044631
6910422,0.023552932335748497,0.002910520495928059,0.005347488327733309,0.005061687774448876,0.0020356816050939915,0.04148340776332103,0.31134627768918627,0.00897553386395246,0.5992864701445875
6910425,0.13077032143295841,0.002125694666740575,0.004372284580782715,0.006216690249013193,0.0018973238879312036,0.0283816768461437,0.03845817030189929,0.009967449236943563,0.7778103887975873
6910560,0.008847484622125534,0.00611106228392665,0.010711302387419602,0.13312135865434876,0.004870024425610408,0.026613742560238986,0.00998584639030911,0.04815140035503809,0.7515877783209829
6910590,0.07643383892572347,0.0030002189888216533,0.004091484113491331,0.006045770756246498,0.0021336335784271025,0.04443170766197669,0.07467644626917008,0.009594743634460307,0.7795921560716828
6912744,0.0006925036472586566,0.01380039262951985,0.002620518254220466,0.0024478813989948114,0.00479442554021646,0.9433451366255151,0.011076994828529358,0.01235923210076896,0.008862914974976389
6919118,0.0014399115019738187,0.0062340624020026485,0.00749426909809451,0.0028447437383897455,0.002730702435068527,0.4637871586954899,0.0974355170994486,0.005432856472882082,0.4126007785566501
6920152,0.0018371717917051989,0.008300615018379604,0.010259446686480872,0.00400451559304726,0.0037099594148051166,0.615409160955969,0.12408484398457871,0.007841367660507748,0.22455291889452647
6925791,0.001565129714491118,0.03049566803060961,0.006143487033239151,0.00659360078936506,0.0038096560221844134,0.8702537663549099,0.041359885676648014,0.014091998282790903,0.02568680809576172
6926246,0.030520958586081677,0.008217635445544477,0.00842127773841846,0.006079843295011436,0.005841812685407212,0.7956510010645803,0.06892536121958508,0.009831707142289875,0.06651040282308156
6928841,0.009730297453001116,0.01369174774853847,0.015397665304227233,0.23380767532621527,0.019218611681386045,0.11919233208255199,0.008638704426639556,0.542847184302728,0.03747578167471222
6928933,0.015991592378989495,0.015442170233927688,0.008876882864408945,0.008940038115213421,0.011889506586320786,0.8655387953725533,0.03782633190634281,0.01217076818272559,0.023323914359518
6937241,0.009938792081329662,0.0037261763934382667,0.010164190933799692,0.018078031276854485,0.003967674822623364,0.03187753104092851,0.013634021111537591,0.023794434013655146,0.8848191483258332
6938426,0.0008174187542443688,0.004365437024687089,0.0020979292768598793,0.0013086895202285972,0.0021094351540876387,0.9450502731330547,0.03152587043923174,0.004348271961502398,0.008376674736103543
6938530,0.0009492820606618378,0.0035114419585189913,0.0016547470703203648,0.0012069119867053836,0.0016467449799131544,0.9393722605857943,0.038676985183432995,0.005842528664817189,0.007139097509835979
6938682,0.0024231328802595386,0.0035356893784073834,0.006423404803129009,0.0030482352671221485,0.0020812299125328756,0.16721790033187844,0.2547901901875962,0.004739282050695127,0.5557409351883793
6939166,0.0008176732895331278,0.004500462658743652,0.001814891987044985,0.0013806083393731758,0.0017775775218069024,0.939492240375176,0.03819167132865655,0.0041012194088728485,0.007923655090792818
6939222,0.004523218583162069,0.0027516758148282278,0.0029419252725259542,0.00172456446133083,0.0017222171552173954,0.14987520042619557,0.8221159392195214,0.005641464584309658,0.00870379448290911
6944591,0.012939846665663453,0.004566755434333866,0.00702339941323573,0.003442925864079086,0.004521669701531569,0.6156917559687214,0.32091765209767253,0.010134595282776028,0.020761399571986503
6947293,0.002057618100777112,0.011956536767461912,0.015610689536215167,0.00992563577568397,0.005727136408907176,0.8917877008067798,0.015245096738488924,0.019414976409777088,0.028274609455908695
6952804,0.003220704140472224,0.008645117963894371,0.02507157636251701,0.013644343414372888,0.008436970773936008,0.821564561534244,0.024762122062794073,0.022678659290311202,0.07197594445745822
6975207,0.0028580719591153737,0.010225965654906414,0.006835872809441022,0.005494416071912608,0.005444051124458919,0.9238265731657659,0.009999695386118704,0.02282630320331283,0.012489050624968284
6975472,0.0013443924065229835,0.0063071571798957215,0.005048189425420412,0.002984825363531074,0.002928939771853807,0.9492217953602458,0.010960976901092616,0.010808402175709355,0.010395321415728286
6975490,0.0016724723187343702,0.007412720661317514,0.003377468097694316,0.0036132442404970947,0.003336567214271543,0.9446317286821749,0.007040007421364154,0.015818217487095537,0.01309757387685043
6976427,0.0016012503047728496,0.005506158927428957,0.002250100639035781,0.0024005214139583815,0.002830385148275576,0.9511444209108769,0.012649702052749002,0.010750263593405751,0.01086719700949689
10551287,0.004691900607021695,0.011831140226889577,0.018318978115914174,0.01151477885203016,0.006389057840379174,0.49360075004960635,0.3487321334215473,0.020314500891994106,0.08460675999461743
10554874,0.6628182058757697,0.023092037782755336,0.010665770358386596,0.009497877476121852,0.00882253834855205,0.02754131371258836,0.14714591647193798,0.014284917539374841,0.09613142243451325
10555071,0.002920862426985708,0.006404303021720444,0.015554903230263827,0.006310425616285678,0.002929868156314586,0.03514008605189561,0.08103292915422469,0.018481304078122315,0.8312253182641871
10555459,0.004925799971784651,0.02019729848302867,0.018887279648543472,0.01278099313117412,0.0159694927703456,0.061837645586939,0.02799174365780995,0.6796809863294399,0.1577287604209346
10555968,0.029862211412850025,0.011167446901299227,0.012262302271960675,0.6568113617946099,0.1562661821711728,0.019321318812369346,0.005981861602573696,0.05550553451065225,0.052821780522512164
10556692,0.011291592020178159,0.0051894685172292595,0.009441628101838552,0.021938650873626928,0.003653994328828421,0.03292498247304839,0.04281620714783189,0.07780392581028334,0.794939550727135
10557065,0.0014383207477372732,0.011180746211133838,0.003799126486612331,0.006886422413418836,0.0066707728054013595,0.8917498057366673,0.04050667777218089,0.013233405372063916,0.024534722454784268
10557235,0.002270642211800393,0.021925972914980017,0.01301739027972251,0.04127288821426744,0.01319867601193478,0.8242187313748497,0.013728963386717693,0.04782079028388176,0.022545945321845617
10557310,0.0046598412749136965,0.011068313208987268,0.010712893018434913,0.012440117215529,0.029988999573821652,0.02756888065576342,0.008819417844154409,0.013307614765136094,0.8814339224432595
10557603,0.0019730084767896,0.008069146337400235,0.01002789231419664,0.005324671231358673,0.003028720670081143,0.030305182412237862,0.05381802815407401,0.008274640283962334,0.8791787101198995
10557649,0.002433829591372814,0.012172479387257547,0.009252278898240384,0.015042809002610623,0.013938374566921753,0.8766431254305411,0.016502967216506917,0.030652027999859503,0.023362107906689248
10559369,0.023139426877666482,0.016692209803572965,0.010696180599610007,0.009821338724640666,0.009589086591342194,0.6048898396581948,0.07718107055723343,0.015231558380867137,0.23275928880687238
10559516,0.006500157145749182,0.020214094212739293,0.006124238064856489,0.05517006450164537,0.02252384152063586,0.4260364281861702,0.037997626121440906,0.0320762023311193,0.3933573479156433
10559765,0.0020668919070476717,0.05318226867301365,0.005885339088271088,0.009599013491376176,0.005833670609537826,0.5870244782222149,0.15975250184000553,0.06944936008788108,0.10720647608065209
10559904,0.01945645966952882,0.03168548277804165,0.014181311925189623,0.015541257753560307,0.01130572148792431,0.20090218289257117,0.03304920481333178,0.02600602399973867,0.6478723546801137
10561136,0.022235895202668526,0.016518139930202794,0.010485636345934045,0.010563949070419985,0.010481088662182288,0.07112707055164445,0.03268541405541582,0.0268313270640686,0.7990714791174633
10561583,0.011730224683485111,0.005695018106984785,0.0065889885574661996,0.013725087899882266,0.005016226168076172,0.17089098899369634,0.5458296560822229,0.01929386656526702,0.22122994294291923
10561870,0.0019779583242525572,0.006909635100092443,0.005488265167431464,0.004485611471789373,0.0035892396408919833,0.2960315360285585,0.6320496629790353,0.010471287522397817,0.038996803765550606
10562711,0.011152309647204203,0.28443507459618483,0.03949285419334787,0.05472642537829559,0.03261373806435541,0.02000565980285036,0.009681020861308278,0.03506014220047587,0.5128327752559775
10566953,0.003477286180238102,0.00674848015118839,0.0034725725527134685,0.003375138614981194,0.003662594570521236,0.3670433196775819,0.5832287090002553,0.009282252992312744,0.01970964626020765
10567563,0.057651751461321246,0.017326921511652063,0.012540521819426546,0.012493144685365078,0.013293228385102608,0.0656444987657105,0.03979469668725097,0.01462790750385834,0.7666273291803127
10568512,0.0036797804275819405,0.0028145104082966193,0.00494930603566285,0.0026930753218896873,0.0016550212058765441,0.020393268954853817,0.9030838415777197,0.0051239565894928415,0.05560723947862593
10569249,0.0026073399653809134,0.004612211920304752,0.006460986159947307,0.005286334872620328,0.0023888491858297715,0.0919746170158294,0.7102222153395072,0.008501316400302593,0.16794612914027773
10569900,0.005414752580324951,0.31058021565876087,0.014334921476109413,0.025848593436786613,0.09136877427401115,0.21813759060749288,0.011224556241741405,0.1557838031295879,0.16730679259518486
10569996,0.003117574460636274,0.0036081389612230446,0.005977252245263487,0.0036737505435488586,0.001777813613693185,0.027487924225753073,0.8776156677353655,0.006381626953431137,0.07036025126108547
10570047,0.002547102434426912,0.012239510622861553,0.005464451188527749,0.01111859475413282,0.00503709664326317,0.4726742122949236,0.43651751077425116,0.022303213166760896,0.0320983081208521
10570186,0.04084258038799917,0.020555306205785853,0.012142591082206403,0.014008264630710046,0.03242540304520035,0.137085335420972,0.04495639060474461,0.02331683261849342,0.6746672960038881
10570190,0.002286859717454908,0.009362342616624615,0.004654324955463829,0.005132144223967951,0.004420939798347751,0.3337114130796853,0.5941734688007487,0.009308923872920974,0.03694958293478589
10570281,0.00246313373417594,0.004741459887139084,0.0057495216781060215,0.004841555767296231,0.002357460800228207,0.04858451839509902,0.8271713114194252,0.006898678886923344,0.09719235943160692
10570444,0.8290474988660093,0.010654467352898971,0.01787622331641124,0.02229070865914651,0.011070267229437316,0.031028652095962863,0.012817897548850985,0.015880168335782326,0.049334116595500445
10570516,0.029193373516370663,0.02531298957316219,0.011503781409876403,0.012004504548942726,0.013571473197128946,0.09174591069164582,0.0261162776202623,0.019363538813291833,0.7711881506293191
10570563,0.006650178088412442,0.0025489631727728048,0.004288144026400468,0.00527335258653341,0.002074886527212521,0.01987306777101173,0.47360963710931414,0.007629927194566484,0.47805184352377605
10570908,0.005062714684568917,0.005071451170232534,0.0032603969694383786,0.007820712261494847,0.0036704866671956014,0.14100729719962185,0.7570603238027457,0.011253754020923979,0.06579286322377823
10570962,0.028331251326800956,0.014928192360982575,0.01468069328241893,0.009090576686285321,0.012315631997043327,0.08743424250806803,0.0482791147492926,0.5322613969793011,0.25267890010980715
10571126,0.016548503903791516,0.00271679024167305,0.04281179607237929,0.008171157539197716,0.0025092788262603125,0.03743526436444074,0.17141966444708998,0.00919717344095293,0.7091903711642145
10571129,0.7555149957739542,0.006967064039704108,0.0076645240104118864,0.07176005616671297,0.008892432224308662,0.030779652763889113,0.006824287962496511,0.020359657053982853,0.09123733000453964
10571130,0.2111840919457742,0.008033485673984181,0.01325806617830965,0.19506945160998118,0.01092371552113907,0.04557102216733057,0.005345720187095357,0.04153717879213677,0.469077267924249
10571150,0.04531881407475585,0.018591650796037463,0.01133462656966981,0.017726635730194555,0.009106159140295134,0.196560789087958,0.027394961637925548,0.03246284342767265,0.641503519535491
10571157,0.0531613569735206,0.0023652559093659555,0.005196772715063055,0.0037411666396812947,0.0021168041700395084,0.018707173596790572,0.762021529472587,0.006113711416532912,0.1465762291064191
10571249,0.0071595529143111585,0.004066201761521365,0.0037415956749958733,0.005083313629430831,0.002542209377867905,0.14853954805925235,0.5832393007879628,0.009421660508471538,0.23620661728618625
10571563,0.009124910393811109,0.17288556068247815,0.011503497534604083,0.01997015534843022,0.026973541549555478,0.13557453325213453,0.015932462727390104,0.02771901834575305,0.5803163201658432
10571600,0.07888110517308933,0.017674429955869046,0.008145614263080154,0.014602795295980357,0.02030405142612681,0.060734353269927745,0.026671074255379155,0.017414967793206244,0.7555716085673412
10573894,0.01034594117627889,0.007091086572013647,0.008204191512816834,0.029811253892538855,0.005072279163152526,0.06282425369174792,0.18115355218790727,0.02293866097783782,0.6725587808257063
10574347,0.007900799249237084,0.005108357102521244,0.012180519521582299,0.010782547603984413,0.003563436467485723,0.02619403031905648,0.29264873706561273,0.012198013268678157,0.6294235594018419
10574370,0.014333126919422548,0.0031842526477724904,0.006605160768357907,0.010891741766871509,0.0027762479281046486,0.02343437072062027,0.2695486121291636,0.010805674508521435,0.6584208126111656
10574372,0.004506361939268994,0.003560303857674978,0.006974744450327412,0.0036466615346992344,0.0021412355904988378,0.051297289884371475,0.571669762283838,0.006023554105143781,0.35018008635417736
10574408,0.06288099069770106,0.01594169462595484,0.014889770126079352,0.18092556046156888,0.041867028348679614,0.06124624030002441,0.006006204440074597,0.02284083822562014,0.593401672774297
10574430,0.0041592353593398,0.004767776088863724,0.0068869047070420665,0.0103791306141456,0.0027304564927390783,0.0344897392580215,0.04131543004633121,0.010876049674299974,0.884395277759217
10574439,0.014325645027056213,0.00475177928808107,0.00593492751189951,0.020812596075017127,0.00381777716522651,0.1460348851058888,0.17262810727082611,0.01970145452153109,0.6119928280344735
10574456,0.2831214399219927,0.010733521612761086,0.008030845921897723,0.01663635499525717,0.01225369469434452,0.043302651966865946,0.015024305187629854,0.01836813154889872,0.5925290541503522
10576038,0.7922875937699212,0.008806967164713535,0.007964440301980869,0.011003404554324647,0.006936797846659109,0.09074642247474154,0.02713669186108473,0.01359827903896939,0.04151940298760521
10576770,0.0067131823667275995,0.008228083900403247,0.00858811178415241,0.03650211356093465,0.0038379567851352923,0.0730211346547684,0.017951684218922598,0.019432982730043482,0.8257247499989123
10577118,0.0040432823538046146,0.01570513265767485,0.006410910430617175,0.016571061280377462,0.006003156870230453,0.40537618163015443,0.03908008234437001,0.021555479661527946,0.485254712771243
10577354,0.004149598576317415,0.0035543652993948846,0.005849325829936639,0.002630510476147017,0.0018402220199901966,0.2293719395460243,0.5959186158737858,0.005510165840686523,0.15117525653771716
10577622,0.002527928485611271,0.012526875891647405,0.005993568927484375,0.011507252836422307,0.003955683097872992,0.18544905654510344,0.39050045159220975,0.014986217124044902,0.37255296549960354
10577723,0.002907676986242115,0.0048504858325431575,0.0069586581711280245,0.003564101522114211,0.002294754245486843,0.44439750921232934,0.18233886890418483,0.006352069021132977,0.3463358761048384
10578130,0.7396842135312344,0.016003801907372068,0.010945412292451656,0.010524628766217325,0.009735345784449095,0.04762873593117532,0.04128825890205966,0.014946733698632678,0.10924286918640777
10578295,0.005911595706200187,0.005916897750767134,0.006182869415440936,0.009589747731914296,0.0032226951830186114,0.03482496660888247,0.4971559604551604,0.010251973773968337,0.42694329337464765
10579132,0.0017991332980616867,0.003052363513334664,0.0027177468473469314,0.0027142702845216454,0.0012249192946831625,0.025143507516986505,0.9220903886328088,0.004490897538589854,0.036766773073666666
10579372,0.0019177576571298976,0.005772498572411531,0.003885676181222697,0.0018943893866589475,0.0021396759818382055,0.3391545352070997,0.5608446022492124,0.005488590976425581,0.07890227378800092
10579452,0.0022523171959979234,0.2448756254983047,0.02315123391904036,0.02310493041258772,0.01734343639737293,0.3139747960914293,0.12338412638823404,0.050726965545453195,0.20118656855157974
10579754,0.0021874615824017387,0.01657371704075921,0.013022085363315668,0.015781529239280587,0.027686189711462448,0.8312929231641814,0.01773626932412743,0.05518570813691179,0.020534116437559813
10580098,0.0039353063624274435,0.0065875680636384775,0.003267365691621084,0.005854216326417297,0.0039346949338480075,0.09323345137563102,0.837691873796808,0.019949594792787826,0.025545928656820847
10580150,0.0035870320906805963,0.014855916286033723,0.010782927144148788,0.008590820629594844,0.006646347122031584,0.756128098018594,0.08324567994827473,0.02607864685072027,0.09008453190992141
10580642,0.08778395795777663,0.012151889367969808,0.007287136527441999,0.020511725284040223,0.010879845790211957,0.3272967212169433,0.03513160043521982,0.018698512184381236,0.480258611236015
10580740,0.006563425838389372,0.0019304740578205757,0.004096007277351456,0.0036826329750830914,0.0017362535671942001,0.013030035913706096,0.7900729761104384,0.005884577000700438,0.17300361725931637
10580745,0.0026059479035746872,0.003336247309584025,0.006209025124918291,0.0038877315052227752,0.0016817345965902035,0.04700480404531021,0.6069466433491353,0.007721861954631774,0.3206060042110327
10580771,0.20860498458622823,0.0042491618090344,0.008331636064292984,0.07943318528134703,0.004002853899176258,0.03720582133715956,0.08154258857396685,0.04636491223094841,0.5302648562178464
10580995,0.006898517584940728,0.004331938828145079,0.006785132795590921,0.00766475489262986,0.002928859284201069,0.030640843226168918,0.28859340252744226,0.00923768931035391,0.6429188615505274
10581310,0.002791070307423891,0.00475672571256512,0.003822858509124312,0.0030684247973064545,0.0015933775090021546,0.056183574693819904,0.8676649977394424,0.005694227449967452,0.054424743281348206
10581368,0.023644246020956872,0.11985863054338286,0.03664230548238776,0.2300613131543321,0.014438271421269498,0.026541660364901208,0.006250529166932226,0.40439872204746974,0.13816432179836777
10582173,0.058536200046988916,0.01278992893601819,0.010739575651702095,0.010399505755977508,0.010163244411151023,0.2932052098395016,0.04406964806802725,0.016042213547750168,0.5440544737428833
10582418,0.4210663460869687,0.010833136224483272,0.00920195812106082,0.007467850671996028,0.008267113171434972,0.03913269253931641,0.04775261150846919,0.0140705734024592,0.44220771827381133
10583009,0.0014696787175300199,0.004528819637374695,0.003060727830044822,0.0021562335858406126,0.0018187063087300543,0.06197343812766755,0.9014648853948624,0.007423213008457703,0.01610429738949228
10583434,0.004436322253632958,0.025164251628777758,0.01564790077750093,0.02914257143431371,0.006233223792365097,0.10429064407754902,0.023455025052741395,0.02368819235465159,0.7679418686284676
10583521,0.0020483004152883335,0.004492946381386455,0.004168066839690575,0.003637503118922493,0.002492051157841669,0.12860280237759789,0.8176310770627933,0.005850760806611811,0.031076491839867555
10584210,0.0032337532884703563,0.005364391569262173,0.006236749435901614,0.0044789403426100105,0.0021006853681540903,0.03116793287253459,0.5845187940393763,0.007142041601411469,0.3557567114822793
10584222,0.004790442282132593,0.0025813939491848366,0.004089128479281877,0.0027110884480461566,0.0016016604815579554,0.22228036553729189,0.6378869550681464,0.0049035632334707095,0.1191554025208876
10584314,0.010036657010456728,0.0029146158554657587,0.0057821028276436905,0.004774413028812048,0.0021630164078082696,0.019589208550692416,0.3988853763606613,0.007849468208749592,0.5480051417497102
10584430,0.00496101472462345,0.002382269943360951,0.003641941876216824,0.0025145101941622277,0.0014063620725404563,0.01983902266745275,0.7964657969543004,0.0044847402757020195,0.16430434129164084
10584519,0.0035305138424258898,0.00794340152899126,0.004031942041814719,0.004467266593983292,0.0033810133529795817,0.33953315013731383,0.4487608900491314,0.019457025545732167,0.16889479690762782
10584820,0.006669575834254881,0.25473499834419566,0.0056440084405071185,0.009215590987379726,0.024542923813042045,0.567400136047612,0.021997007931242676,0.02063834052366825,0.08915741807809774
10585136,0.003756481061173429,0.15591569756365536,0.010106068371184699,0.02414606550823029,0.008189546763386363,0.2870520544294389,0.024724134419817707,0.3854394011699669,0.10067055071314637
10586849,0.0026477188924460557,0.009556544971294989,0.006514019092523456,0.008370754558857545,0.004244359554412841,0.7643966575387877,0.15443696725166414,0.013690010374779626,0.0361429677652335
10587734,0.5203998416233351,0.023179443642638888,0.008265942037340556,0.009259632057099211,0.01768757127487791,0.050268603468412894,0.2535289190896246,0.029792457438098177,0.08761758936857274
10587840,0.006466897086861827,0.00811963568552115,0.014302025183438954,0.010346083236945533,0.004228939186356757,0.27033135097370503,0.5856860174391594,0.014379927877408568,0.08613912333060285
10588529,0.003538609843654159,0.0011850186920214479,0.0015698734970134764,0.001094065203078725,0.0008103037820465447,0.009660589211731208,0.9606948618539908,0.0025388275061651792,0.01890785041029839
10588664,0.006072461757160167,0.0017696808576241154,0.003102622096553959,0.002276715373109085,0.001510595208378962,0.015649893065112105,0.7375645511358788,0.004703594878965858,0.22734988562721697
10588792,0.004932957959238479,0.0018645184543865667,0.0022955398298763795,0.0020637457344390192,0.00145246723926833,0.01778208267266738,0.9210154931091514,0.004587264155766096,0.04400593084520637
10589349,0.005112414625398665,0.007483475561722706,0.01005746740159661,0.005963655352544868,0.002962544327729778,0.04676031726941499,0.5376789875310561,0.01085728156319199,0.37312385636734424
10589410,0.7291347559785499,0.0036812982025660364,0.011692037025750434,0.02973348615725697,0.004697286275181687,0.030393093533158375,0.026085105491387504,0.0213573185774858,0.1432256187586632
10589411,0.13278049346998672,0.004678798613136191,0.007063392876915008,0.009592420154575225,0.013643723017095958,0.07822489989993724,0.03809585427708185,0.01186246678515658,0.7040579509061152
10589472,0.3836871891870318,0.004958326976349485,0.008676500405657381,0.007140141104507834,0.011941095780772432,0.0391073340078127,0.05878703585706196,0.009933498278324713,0.4757688784024816
10589485,0.2266752417665471,0.004979761961785752,0.007853696091858176,0.01608334310126768,0.017300914765699216,0.06592577457873389,0.016645341739362034,0.018145855128062223,0.626390070866684
10589763,0.003205642731294518,0.07458316853843835,0.008959918785416613,0.02111877549499921,0.009403621020247433,0.7284021052077645,0.02509117285110271,0.09426426706931323,0.0349713283014235
10590733,0.004855812759091785,0.015546194227030208,0.011206667637185395,0.09099058032781335,0.010703985179369725,0.7460591885550059,0.01994574926254459,0.0693596674490508,0.03133215460290824
10592587,0.15611440888240444,0.009658938141562472,0.008139254253686746,0.01323852279401541,0.008034579339210812,0.03965328678585312,0.023194708284446055,0.01875227732363443,0.7232140241951865
10592944,0.0022273898212309285,0.11353450480183372,0.021721827229295613,0.0193512858251631,0.014659299955132116,0.365914550705913,0.09104133290520486,0.03209050158043585,0.33945930717579087
10595034,0.014570657496815211,0.08196779181586045,0.010672852259844367,0.011064207880471173,0.013751030883823496,0.12942385344105145,0.03841357292602781,0.03122253862893954,0.6689134946671665
10596119,0.012028888776050664,0.031127929880661986,0.007985166636597783,0.011281828496927652,0.01943187996398673,0.7854675568848881,0.02989023148182544,0.01770304332412211,0.08508347455493949
10599481,0.00166193076265958,0.006020090019350073,0.0022501100640499407,0.00258055101448074,0.002445025272300478,0.5633228881179768,0.3955021625444888,0.007783221455486981,0.01843402074920661
10599552,0.4194115630346467,0.008567857072534803,0.007020027668305009,0.007737766833327621,0.0073742837895118835,0.03228557375147101,0.03181627051444261,0.012793389462462935,0.4729932678732974
10599609,0.015105638104476174,0.003056083837512913,0.0065067641023179405,0.00309518694379407,0.002450156830786539,0.023094951414206203,0.5710119232145471,0.008309306771582457,0.36736998878077665
10599643,0.0016808642247402674,0.005744777411507913,0.002544324174094179,0.003298369363539134,0.002269681358401938,0.5366722919317166,0.4117162746377405,0.007241389719869542,0.028832027178389757
10599718,0.6964353291417298,0.008499054378708196,0.006244429584136023,0.02338865335237561,0.014122800278570298,0.04316403893915447,0.01727365487601418,0.015593706277611596,0.1752783331716998
10599755,0.011051634789444317,0.005091196265268304,0.003909683721132447,0.009798193049695534,0.0035679813745845422,0.16683798659709873,0.6247707017516452,0.011942784297662844,0.16302983815346814
10599776,0.005391540048299698,0.0049490027885864055,0.005637094737395619,0.009235041604436977,0.003403620740995428,0.12345154268279854,0.3119167108359802,0.014074373321386488,0.5219410732401205
10599823,0.0034740515566772496,0.006442385882845118,0.002910485597482216,0.005792257175062679,0.004338975146512783,0.5349472197482211,0.3993141077003943,0.01292370468962521,0.029856812503179276
10599926,0.007822653599310954,0.002915262271438719,0.004148798523289917,0.005536643261502154,0.0025415793369571887,0.04548522827539699,0.30110662496167767,0.009597409931523092,0.6208457998389034
10600363,0.00811612939539695,0.0056482729814492086,0.008601561126839902,0.038998132970191154,0.0037948235320133267,0.1264206626888769,0.1324599764639686,0.013292528766162343,0.6626679120751016
10600655,0.7432435931744724,0.008382162403188504,0.005522160851515096,0.019429136905652764,0.006384345126574152,0.023560635359044745,0.010854090612556022,0.012161050532901408,0.17046282503409477
10600700,0.057094231387311595,0.0026772579158252283,0.005725940169162595,0.0076794031324111875,0.002172816170956101,0.02588809543603953,0.49896993240118803,0.007558296425562082,0.39223402696154364
10600716,0.008286898965466808,0.002164802666915083,0.007400210988927755,0.0038410650916589286,0.0017622427106518013,0.041443107380950917,0.4344131116288691,0.006618935886834853,0.4940696246797248
10600717,0.031378848473386095,0.010177105795910964,0.011665999906042994,0.016077338493568717,0.003482725763314629,0.12052241230369107,0.15303123951158457,0.01361592828483525,0.6400484014676657
10600746,0.012221577257560998,0.002124218977749736,0.0040119567265602335,0.004116523514338661,0.0017902926817681445,0.069370475720204,0.557781065780076,0.006131014732077909,0.3424528746096643
10602334,0.0021205935071383266,0.0019201634467005924,0.002267586118046709,0.00194266788976019,0.0011022809609960442,0.21099806983670322,0.7553266717840501,0.002711767445931929,0.02161019901067297
10602555,0.002429171004761157,0.002866165855940359,0.002557545276557361,0.003296500055673715,0.0021291893208327532,0.5101449250000637,0.43675778158295087,0.005368285846972566,0.03445043605624767
10602707,0.004224403429447365,0.0023760019394235086,0.0031462336705804,0.0031096704723133596,0.0015945188422880048,0.38261870783873075,0.45576691178787165,0.004679662659571977,0.1424838893597729
10602774,0.002387272278527143,0.004377818824335064,0.002743076804505763,0.003817670946099035,0.0025471801854080153,0.29358989236630034,0.6487148289872962,0.006477606398887478,0.0353446532086411
10602968,0.0015468510902276686,0.003644162380381229,0.002043659061936499,0.002217742288831808,0.001752501074683591,0.5335102632046695,0.42867954136064135,0.005642109617088196,0.02096316992154012
10603667,0.03414296565937466,0.018898525941862514,0.006277120947926285,0.01655841431956511,0.026127015648856368,0.2889177463321887,0.058456280323924165,0.015972101611296804,0.5346498292150054
10603790,0.5666479871244705,0.00725861652854337,0.00621244960528559,0.056405469440152636,0.00804596430720469,0.04099362940859982,0.007482831273617218,0.02815499165706569,0.27879806065506046
10603793,0.598053590187887,0.005125358234066741,0.007369788068409333,0.02174334192626307,0.009891374659878467,0.08323404477750986,0.022087664757032218,0.013599481091020637,0.23889535629793263
10603811,0.04639028952711015,0.004523021993139229,0.006207272224981075,0.009220817167343213,0.008087052166201985,0.04209118534404279,0.02059361632010875,0.011472672160814398,0.8514140730962583
10603826,0.7896844909410765,0.006735706614256607,0.006012705069374709,0.014021014846488978,0.005889006510375664,0.02716649382326027,0.02826650338952107,0.009811528146891072,0.112412550658755
10603843,0.5903052314135432,0.009576942085579639,0.007417079565306271,0.016979094194624417,0.008101399604818933,0.0315625868457353,0.014957138854131058,0.01884756984760246,0.3022529575886587
10603847,0.004106687629115432,0.006256261494268947,0.012353701166578896,0.008356068319074528,0.0027806964208737144,0.18542210620069333,0.06405134600167019,0.013174497103650755,0.7034986356640741
10603856,0.5717446670974444,0.007207079054005366,0.006294631181919015,0.06265150633121763,0.008745167594808737,0.025453462198533085,0.007046562838417975,0.025603939140560052,0.28525298456309367
10603858,0.4632460033994402,0.007763731745932298,0.006097205464410598,0.01710911029814476,0.007318638129293805,0.031079286893647678,0.02190301679437137,0.013989167433237843,0.43149383984152145
10604136,0.0214583311904078,0.02285622516668505,0.005552275048138164,0.025453440716051764,0.03176926732343854,0.7597850032520134,0.02819719530709603,0.0164101801112082,0.08851808188496109
10604299,0.001988639883941525,0.0037048931305163953,0.002319377093077153,0.003148525906107167,0.002241205491330223,0.6831401493489863,0.273094470917758,0.006129921305327292,0.024232816922955872
10604888,0.01929080320673591,0.0250623245691891,0.006470185355001394,0.022542233885401688,0.0317894910598617,0.43467661682689174,0.04635642384339687,0.019961373622702134,0.3938505476308195
10605284,0.0015364254660994443,0.0015313822425359607,0.0014557809891219229,0.0011910326918196906,0.0009312256216650348,0.31377883701005793,0.6605343930381331,0.002300035825191957,0.016740887115374938
10607892,0.0027211472801533573,0.005379807508309122,0.00684027588114457,0.006314778930853238,0.002545910482695689,0.10974996652241086,0.4734389342227915,0.005712372512436133,0.3872968066592056
10608352,0.003299257939487721,0.0036658031705612045,0.003684554413876267,0.0038070054206137387,0.0024927191930206633,0.0670514369251442,0.8745985732828064,0.0048729929913058495,0.036527656663183874
10610526,0.8556853870707792,0.006091138141234782,0.004989728659273729,0.027429635928177917,0.006170831739371989,0.048857673077526434,0.010717467979961079,0.012031750614404873,0.02802638678926995
10610534,0.43413888492362784,0.012953395338563115,0.01010576046380721,0.011241733499573518,0.009020697251315627,0.12035851291280732,0.039197293251917405,0.015192987484332069,0.3477907348740559
10610659,0.19154233786480973,0.015085649291270608,0.006137728536879231,0.02880945087348747,0.022509931003128807,0.3008257180185364,0.026861909304816887,0.01974647253648699,0.3884808025705839
10611077,0.012176347704651067,0.051365054216153144,0.004983427794310043,0.015201158172874839,0.030753079057301045,0.761854435040613,0.05512096074604711,0.02223747401171452,0.04630806325633522
10611150,0.001463723099080279,0.004151955623787196,0.0024335851138056375,0.0020493068471670686,0.0015594412202273936,0.5284303575528617,0.43524203611534756,0.005324391922006998,0.019345202505716058
10612960,0.002808838775182788,0.018073509713163155,0.01767529348341438,0.8326330438354829,0.01813162353930898,0.043175358454746904,0.008070763261196044,0.03048005831083217,0.028951510626672658
10613432,0.006099123174337699,0.04793318957322757,0.0048023420260264555,0.7321941827629738,0.05328573402212763,0.028566127556680955,0.004548121650265957,0.11083763971050306,0.011733539523856945
10615359,0.07213504339695778,0.012088900914400583,0.005877806359108804,0.030581454971375422,0.014681856717874428,0.46419422199633287,0.025241499117628866,0.015445918963309924,0.35975329756301133
10616063,0.02195365145526831,0.016782509675981553,0.005443123008870292,0.024530192861381736,0.02391099244090538,0.8015629562783426,0.01804743120449231,0.017769302811997727,0.06999984026276014
10616067,0.01426590641435477,0.021990903071588477,0.008751017301311045,0.009585035368651601,0.009915041543581448,0.31713428252406084,0.04123045041308632,0.014988817124871035,0.5621385462384945
10616344,0.00272575041467179,0.01360052795039053,0.01897552541518995,0.076975652653475,0.011584566730494426,0.8020111421175015,0.016119771611735032,0.0173883099064746,0.04061875320006718
10616646,0.006430860122121678,0.34391460904078114,0.012305689405336634,0.31079481230145406,0.03617030226184843,0.07082942354334193,0.01031972977660741,0.13225420609960029,0.07698036744890842
10617233,0.0017262484485370527,0.0025318093247270602,0.0021806845577335443,0.0016183955711866656,0.001375679588998828,0.2149669558406923,0.7636252646564328,0.004408852588147347,0.007566109423544405
10625331,0.026348492892973554,0.06100269125882269,0.0074771749319259345,0.06303743040922177,0.03829467475690085,0.5651229978452258,0.032678562259084824,0.11137229829001545,0.09466567735582915
10625616,0.014721966024365393,0.002796521324259307,0.004376774778544825,0.005065484677849647,0.0021464133659014444,0.019633718431182175,0.6614827314967257,0.006118628366684296,0.2836577615344873
10625848,0.002784527378202248,0.014499195591420063,0.011408130439515732,0.02742675655947941,0.005637663537568329,0.14909888160789594,0.02137452808524472,0.019956426210505675,0.7478138905901679
10629182,0.07082026536568961,0.029061590175213387,0.01704715885457235,0.6494239953187049,0.013995798571461694,0.02513602472473038,0.013156503364663346,0.017876958692765045,0.1634817049321993
10629593,0.004042490219470915,0.005660114777756814,0.008586577008460446,0.005776151860727212,0.002726668676237038,0.07064893744173645,0.3332943731274025,0.007586304195758998,0.5616783826924496
10631640,0.006693771711059101,0.005449332127968614,0.009778888985625744,0.007434351836403317,0.003416568177180483,0.4332539119379911,0.3969853980810852,0.011117462345924591,0.12587031479676175
10631716,0.0057108719257134,0.005639128822432267,0.007899022618284937,0.005006310782873695,0.0046810951832234335,0.8554864256904546,0.07244079708302907,0.012092907921099627,0.031043439972889015
10631762,0.003038157327617367,0.014303190772992146,0.010310726835773295,0.11342783000548233,0.019373370276927926,0.7363748697424217,0.019597077490531696,0.02252246878084135,0.06105230876741212
10631811,0.012935705115531845,0.006390184071216457,0.012971059713772794,0.008091684462840731,0.0054182165014385825,0.7763047759886783,0.13783050873245845,0.012988933224623123,0.027068932189439624
10631837,0.002883713028818423,0.011493055686337473,0.005786274170720594,0.013265799406052096,0.005393164959097765,0.8756725523427057,0.030568419750798548,0.012989064950368707,0.04194795570510068
10631847,0.012745584053567679,0.005249195903772708,0.010335167505458766,0.005324459988262321,0.005256708629431168,0.24707078263693552,0.6750739553618319,0.014223147792563175,0.024720998128176644
10631868,0.015115186933533616,0.03466678702199029,0.022522353010775903,0.01918731783429157,0.06125320348234863,0.3898192197045915,0.22810605684211294,0.05051333115785944,0.1788165440124961
10633681,0.020210602791799353,0.0791637792443635,0.018220828995405537,0.06035517349700268,0.03031775380958082,0.09536654636610821,0.007308021903150878,0.025937567562232672,0.6631197258303564
10634284,0.004086119958921898,0.011509861025414576,0.005234413928016748,0.014075564167807286,0.005238655656915041,0.8617827713746792,0.05031560631656438,0.017747022082235997,0.030009985489444904
10634751,0.0037786028227704094,0.014418981900181652,0.02117375282905156,0.14689867430999243,0.012697618747413625,0.47551178243938885,0.022632857841845554,0.03919116872660187,0.26369656038275396
10634784,0.005762905191086885,0.009150055163667547,0.011187738824382612,0.02333851662013667,0.00757491302148529,0.8624589755641121,0.016682658658303182,0.03134062108446933,0.032503615872356346
14964636,0.0032073440323786284,0.007373207056081643,0.007405510311235436,0.003220340577221564,0.003234900837334848,0.5317572441793593,0.34954285638859717,0.00956935548564018,0.08468924113215107
14965242,0.0029061160715123033,0.3855560944283555,0.00412054016286317,0.011889330475524349,0.0782646902994132,0.410258181276122,0.006998318301630329,0.08659649028795688,0.013410238696622251
14965666,0.0024660422253529584,0.014388832400864453,0.004587105113730105,0.006830767480083718,0.006070900559691857,0.863872874857452,0.02805858807183046,0.015415591093954264,0.058309298197040046
14972026,0.01759768107425863,0.012778175438543028,0.015982983563926426,0.01319339319938232,0.009330225098596398,0.6204924043742631,0.025168595518316152,0.10180746500405907,0.18364907672865494
14972090,0.012953819482072408,0.011066840617244552,0.011557368695686188,0.009804172650417097,0.013044451114867869,0.49412373795593123,0.015256409694965037,0.11611272441472408,0.31608047537409156
14974044,0.0018042493540110424,0.058178626164732364,0.08057320033668879,0.014816671323059513,0.012220191048869964,0.35118626797374153,0.02891022158127955,0.05867127813207448,0.39363929408554277
14974586,0.0024186690457324513,0.051926475874531336,0.012862125519989482,0.013599858547215423,0.00883841037966695,0.5667191901441411,0.025645980732878573,0.01751800268582876,0.3004712870700159
14975479,0.0011550026676378417,0.007584326637197381,0.002927346595363066,0.0020473201444265784,0.0022615092100448844,0.7421104409359827,0.2018409251976916,0.006790926869981639,0.033282201741674344
14976063,0.006449683119435634,0.020625677735022812,0.030831369909334085,0.02166773608982803,0.007276473584805134,0.21034657647966037,0.019911399782623268,0.28791238497059507,0.3949786983286957
14976076,0.0061820890325913,0.03828449461410383,0.019040719289695352,0.03537291437560617,0.00899832133627083,0.21247321987240803,0.021606619332451026,0.2733931574309595,0.3846484647159141
14976116,0.02726708194258889,0.024814669744996253,0.014006493485243954,0.41711962867811614,0.023075177552405617,0.021041139655120653,0.0050464085300251085,0.4030044480636242,0.06462495234787924
14976137,0.016367891862828807,0.0059524644780390955,0.005591065030096692,0.012349147477090816,0.030490069238174884,0.12965967130967151,0.010049111702301928,0.017641453419527553,0.7718991254822688
14976834,0.0032125158677398236,0.2864783220574394,0.008843872201178108,0.3322126610687548,0.3090739708936917,0.013465703447705703,0.004110658682149712,0.028784357068145715,0.013817938713195088
14978764,0.0016853441371679758,0.031215287910576595,0.00925558407386727,0.006146174574958968,0.007728043632979922,0.812474574393141,0.026371953944867625,0.019599270020441997,0.08552376731199868
14981625,0.001507182694413202,0.010106522009261472,0.0047809547822529885,0.004109721180403764,0.00412947105807329,0.6510327218458242,0.2845989515035067,0.011725449702060744,0.028009025224203607
14981687,0.0025935294600790137,0.0060288516755312195,0.003024913809867528,0.0031687320849379083,0.0044923985241323685,0.7668002892223931,0.18425840469243487,0.018462226732340842,0.011170653798283109
14981722,0.003562529258973039,0.02144229069653213,0.018997834434237377,0.017165222634819025,0.009116500360741265,0.25972711931396225,0.04098534199425756,0.03597075498041525,0.593032406326062
14984061,0.05576845958814681,0.0053778021626963955,0.009142067734402558,0.030291564395519187,0.006068951226910633,0.20325563092728471,0.012393661775339833,0.023736340757727292,0.6539655214319726
14984105,0.00194188963627341,0.013853524112257798,0.004512319535315331,0.0021740337407011967,0.0040464063073648105,0.6720836808340336,0.26964796617802184,0.013639153688621595,0.01810102596741048
14985917,0.004717748294273675,0.04115902622459767,0.0395970054845419,0.04427804291274554,0.008497372651105856,0.06494932569531836,0.030145541095506177,0.22989095898723072,0.5367649786546801
14985959,0.003003745089149833,0.018154119500793823,0.017955790716781175,0.01218317608866667,0.005875952780923166,0.0901671828343544,0.06957290027526995,0.05313612056293132,0.7299510121511297
14986272,0.00452948978933636,0.009451464924343497,0.015810837292960934,0.009119704526695048,0.0043866660507262045,0.050633020003377556,0.45020458581637757,0.03475567168674941,0.4211085599094335
14986784,0.005583513905264014,0.010097174017156313,0.013668253920751529,0.39816996306404795,0.006816899622162893,0.21086246257120925,0.014375796765521455,0.12419038655050083,0.2162355495833857
14988721,0.7710415989509116,0.015269160900139165,0.008619063144282187,0.020072264375855783,0.01688267442590801,0.09105560974040834,0.025020787850342986,0.015552630685474817,0.036486209926677074
14988743,0.5965363183377909,0.011210222362062709,0.006813666242613166,0.004169423341492019,0.008966914601552719,0.20615912490464428,0.13929675273276823,0.010362908330413012,0.016484669146662995
14988773,0.7004666769037244,0.011155148539803294,0.006954036137594736,0.0038540841984838797,0.009953467831188015,0.14275589992824253,0.08552504507092619,0.012104994566012724,0.027230646824024193
14991846,0.0060082847963767935,0.3012022312219792,0.011331985561689123,0.03116720910902126,0.29032072403698017,0.2820840403617242,0.01436884429679447,0.029257976256808482,0.03425870435862642
14993381,0.0030171858056762565,0.01722461418994714,0.018170684919506814,0.012006125727365298,0.014676877239824082,0.8416897522581804,0.028364339856204814,0.026294276101418438,0.03855614390187681
14993467,0.0051542939967124555,0.042626092986745814,0.04221743728962613,0.018767179627539776,0.026662232464168746,0.7226829776546948,0.02549371446229608,0.06568985869005572,0.05070621282816045
14993499,0.006262750279619125,0.03151895973698052,0.031225596312587908,0.01948802381469513,0.023300511283082904,0.6782058188550406,0.01863282308391334,0.10643108749046315,0.08493442914361733
14993756,0.0038364471906941118,0.009015547692983796,0.0047534947317141455,0.007107188303676321,0.008422034848729037,0.8470966589507615,0.061792494541340684,0.034569865637605585,0.02340626810249491
14993805,0.6200332911428426,0.0065782547522448805,0.0034152851275080854,0.00444419527215515,0.013865828463244852,0.2644291854059717,0.008390922588048418,0.06892361027028354,0.009919426977700933
14993862,0.004176556304222612,0.006094521350115654,0.0036431220252872783,0.0033341170469408125,0.005088062490160015,0.7186728678109692,0.12312968898992237,0.023086451874579535,0.11277461210780249
14993915,0.015269955126007827,0.04226603362622841,0.012465163028374266,0.012212504928251282,0.01843706442271696,0.8192398788008007,0.022018872827468408,0.02155443066826172,0.036536096571890435
14994055,0.005851365257965377,0.012087034935686542,0.013268528410430167,0.008730945844338272,0.01141147534316963,0.8564745310472258,0.026052041401650627,0.039602023769625946,0.02652205398990761
14994074,0.010851957733849185,0.2805748618109187,0.009506970814069019,0.008959074581858123,0.021703218732013974,0.5996467380201891,0.020124901588431412,0.021393188862613276,0.02723908785605733
14994471,0.009449930668145754,0.053766035252216196,0.004563154287706327,0.017520012404414392,0.2649215139192827,0.5909788984223789,0.007809980530851633,0.027253124952005853,0.023737349562998215
14994472,0.0017335714329885636,0.03107903810278619,0.00565064211536936,0.0043345733448348234,0.005290378184573812,0.7537468597354215,0.14073184969435068,0.024138353854845748,0.033294733534829236
14997775,0.007929364143203523,0.003098534415551431,0.003993457384322491,0.0022371140493766656,0.0017797453447451752,0.01211516022134038,0.9366932574772411,0.0043830528252188,0.02777031413900047
14999004,0.00858689536798259,0.0061346480707884475,0.006600610990784564,0.0026121256445266468,0.005080530893193307,0.5973689938386401,0.34220383311931973,0.013464043239365264,0.0179483188353994
15001560,0.0014825088168402205,0.017709919372200015,0.004831264841755075,0.006435341613384309,0.008543504482426426,0.8657820618563499,0.058501353764411956,0.015633373399250163,0.021080671853381885
15001613,0.012049255893960852,0.019143897682164866,0.009732064248220304,0.7408855303438555,0.0589288934664212,0.11022865127357694,0.004716155606916502,0.023479087540396508,0.020836463944487182
15001738,0.005292996783067959,0.01884838123104878,0.005995350228679782,0.8793214878284192,0.04210297296794613,0.01583452574868748,0.004690393222058153,0.016341511305180162,0.011572380684912216
15004811,0.152055616348773,0.02496068178885909,0.016559256252779864,0.01473371106305056,0.032985789558128885,0.08548716623867789,0.01198190298448083,0.5768578081530256,0.08437806761222433
15008061,0.017421944724256365,0.0036765208242802738,0.004786913608734405,0.002414080343980112,0.0028249259580518746,0.10159833502191644,0.833467206533013,0.010686575944926209,0.02312349704084138
15008213,0.02759960801568907,0.002607770136989125,0.005226199392907636,0.002289269511910842,0.0028998143351989113,0.4401546625040744,0.49669090117700015,0.007865588867127774,0.01466618605910204
15008611,0.0016738479565116004,0.008658064160555229,0.005394700707218827,0.0024924472544891984,0.0037685831059479755,0.8646221896341335,0.05551939706274081,0.008957986934380177,0.048912783184022625
15019961,0.04146367978945144,0.005443768861130876,0.010384329120496746,0.007797278087130544,0.0036488584588534267,0.04041236073229673,0.06533523324269741,0.012859624434158905,0.8126548672737839
15020343,0.0059226106910222715,0.0031181768889912546,0.0033254851054923735,0.005509324063584623,0.002947406967960811,0.7782819250377134,0.12770019290248713,0.011303493431541448,0.06189138491120658
15020355,0.006184225618579237,0.0039909484292989525,0.0032715808493838116,0.005455786385094708,0.0034756922780922856,0.8004008554224268,0.13218324715880225,0.009352879783069392,0.03568478407525249
15020443,0.11359455507276833,0.011858140274455118,0.0061244699981332735,0.07864950315473025,0.020037394090628793,0.641824249965375,0.02215098543973442,0.020127337286507722,0.08563336471766705
15020475,0.0022235131304891636,0.004032041685664494,0.004237560756651063,0.003456789753647834,0.002654141723880297,0.7229765494091488,0.22338569140085243,0.0072138877039077,0.02981982443575819
15020478,0.08201311611055796,0.004536229467569987,0.01328117669828624,0.11394391267674724,0.0053610198788487645,0.6121777687755405,0.024157959271051275,0.0369219294320722,0.1076068876893258
15020616,0.2423824786579513,0.003523522185880055,0.006455552728628085,0.01548046110193475,0.0039973285852631865,0.5782623971377987,0.04043170862627875,0.01648546329666677,0.09298108767959833
15020628,0.005468594690146162,0.00351666615975572,0.007871560848896505,0.003926178233285404,0.00247264458851987,0.17578905976776402,0.18355893196408643,0.00815505319858567,0.6092413105489602
15020872,0.001558307922967589,0.007993033863248216,0.0036463265020231033,0.004434346967748129,0.003280913936436124,0.9206919520191935,0.026601346286922053,0.015062630443014124,0.016731142058447016
15021128,0.012622583746193048,0.003135397435148074,0.005579390899764361,0.006357079419132231,0.0032092234193123307,0.5492339311960475,0.3580090767577803,0.00941384649851282,0.0524394706281095
15021160,0.018156976060874908,0.0032656774550539097,0.004612675264584444,0.006973839235014435,0.0034538279443096314,0.5567590333253535,0.3166067031572028,0.011061077590456056,0.07911018996715027
15021257,0.0038672335661329407,0.018299838179297236,0.020744771849538213,0.018897493990994454,0.010306803199479233,0.42243678277871993,0.024360018900284715,0.016128668781061596,0.4649583887544917
15021684,0.006345824181223129,0.006332341990469214,0.0094425842237454,0.0030999473752241716,0.0037987704388991054,0.8129113523064324,0.09691315395924055,0.010335204725778988,0.05082082079898714
15021692,0.002559010766723142,0.00607567059225835,0.003867542959972028,0.007443325615435443,0.0038199144641855223,0.8411105836839283,0.08569131301243539,0.011955622590463314,0.03747701631459843
15021701,0.3861455172852669,0.005778898493336676,0.00894514159360288,0.03398234243671489,0.016617790920434635,0.3223827292367592,0.012463183391373376,0.03518366040574353,0.17850073623676793
15021774,0.08537652615179223,0.0069597862272727795,0.018124699538559597,0.09754808860243451,0.004849973393588621,0.5294664567094169,0.036999360595991064,0.03401267961653661,0.18666242916440762
15021895,0.005651223344254207,0.0018637989257057667,0.003278420097416073,0.0020646453187963616,0.001608900743593661,0.04379862171151258,0.8918945900838346,0.003995511288949482,0.04584428848593711
15022136,0.010110831486253665,0.0209419035980872,0.009104459379055978,0.3705178434183476,0.4657929401023061,0.07593254462762006,0.004426752671430845,0.028894035923048993,0.014278688793849527
15022196,0.005258665361966825,0.013976562040007842,0.003693616723425861,0.007907796366145466,0.016690443748478972,0.8759694656836478,0.01782883073168377,0.02248394783852471,0.03619067150611877
15022379,0.012478425248596157,0.0031570981889203343,0.0064286438265926315,0.0026079938446260005,0.003065793108433635,0.5436391186776239,0.40618080133767065,0.008389219358313372,0.014052906409223262
15022812,0.0037154481973087185,0.00844709114633048,0.03046899927526414,0.0072771315758454694,0.00379269384824222,0.5599934249691052,0.05701000185048306,0.015454488200752913,0.31384072093666776
15023358,0.002054115412811748,0.010491747717976492,0.007537429359379106,0.004480509003618365,0.0031469353441839773,0.6965717469801396,0.03679985626319968,0.011560943065369441,0.22735671685332168
15025120,0.002237035320868078,0.004098901353113385,0.004911180686233736,0.003248832620018107,0.0021031386434275006,0.1855032049262841,0.7534866292798931,0.004630967457100176,0.039780109713061756
15026359,0.042074923023630605,0.3197943026761224,0.018248301586178992,0.01625929648377908,0.013683800725393382,0.07386343871824928,0.06784953957783235,0.03490459454485279,0.41332180266396107
15026505,0.00132460083800525,0.006987262490752198,0.004518377303713693,0.002895836539428011,0.0032005218821636386,0.8149882096241445,0.1049757627579821,0.005357632570414449,0.05575179599339605
15027149,0.0037288320770648823,0.004700669437021273,0.0056500165108805825,0.0023710685823206644,0.002888536611075323,0.6796698614606572,0.2664805848592543,0.008006379992888073,0.026504050468837716
15027656,0.005725913529784004,0.005202902420032277,0.008256142397900177,0.0029180221996984836,0.0036688726370368995,0.8229114855044606,0.11237169164897157,0.009235038491645796,0.02970993117047029
15029423,0.004980636203331,0.05403559226626666,0.10011997927086654,0.03146769729988271,0.008638548233922705,0.24306866038692548,0.022878629590500386,0.039130632124848096,0.4956796246234563
15030927,0.010266692034497392,0.015607161569009067,0.018182037199357952,0.012095042489671387,0.017015374804538807,0.7059241582731299,0.028249846508164055,0.16316713052826212,0.02949255659336927
15030980,0.0012697136431692817,0.004774550262445891,0.0024174263496259583,0.0023526490668391332,0.004440217715365558,0.9437000160190114,0.018596405647445642,0.012687120327080898,0.009761900969016175
15031320,0.001402184948747938,0.00785246812708088,0.0025571905657335446,0.0045897534435233416,0.008268704863562692,0.9328580243205505,0.014046655899843797,0.016900094348633935,0.01152492348232328
15031685,0.005416470645760642,0.010941988304532187,0.015354390432467727,0.019076330218696372,0.007783518475931286,0.07498698718080724,0.023817027322797384,0.08064393245398889,0.7619793549650182
15032898,0.19997980014760153,0.12088489690242597,0.010288706851875768,0.26375754494685644,0.22143976922360814,0.07940265800664349,0.012612393017850488,0.07521301117288368,0.016421219730254535
15032900,0.03533484649241104,0.006513638788587046,0.008788741965152686,0.014857576560528506,0.009297378811850089,0.76416063808991,0.011836027024072925,0.06591078343069483,0.08330036883679284
15032928,0.3979150995562646,0.007660268688935113,0.011987901291209562,0.02940182239515124,0.015190431262266983,0.4276711652852422,0.011225722802515539,0.06738407371023307,0.03156351500818169
15033174,0.004400201434061566,0.07297547676552363,0.16702496991091453,0.4346862599253741,0.026372879431883777,0.13573003702958966,0.033575700382010444,0.04840545135154367,0.07682902376909853
15033276,0.017010464742496175,0.00905067371784753,0.08935914260085426,0.7112605756420654,0.012087281310355292,0.03979715058671343,0.008699828161427335,0.07564826646513681,0.037086616773103875
15033325,0.009254210543592578,0.005818347253688855,0.005689416555498119,0.007554107628574558,0.007745744606890018,0.7864257961072618,0.016728515939674827,0.03188198910762078,0.12890187225719837
15034238,0.024501231881167762,0.002303895521537072,0.0034382718675091046,0.0036704735010522813,0.002177979631790344,0.24928759441222928,0.6499232376527884,0.007114552088365479,0.05758276344356033
15034502,0.003935946293869283,0.0492725623670211,0.009689324666964037,0.009625162713252693,0.011301747264389869,0.6167202206588551,0.06828494912437372,0.16228802333456122,0.06888206357671303
15034629,0.005878278358387961,0.009352413040276883,0.004989161741986705,0.010222682334724616,0.013173508365994983,0.8729179130261913,0.026503725415763225,0.04182895650991564,0.01513336120675883
15035001,0.003023324693351944,0.0036307559991984,0.0040349456925837905,0.004312607264652806,0.002895364021004121,0.6243515915407443,0.2982308044284772,0.008303707317647901,0.05121689904233953
15035009,0.0027041350649331594,0.0036896029314483197,0.004144267211004597,0.003336221993659366,0.0024325050229450774,0.636322617323043,0.2720522661709167,0.007204939584781243,0.06811344469726856
15035907,0.015598045887678515,0.002145945533412186,0.00452561201729162,0.0032310770006253806,0.0028069176914764797,0.4174570873867138,0.511955293028727,0.007642301102586114,0.034637720351488946
15035992,0.007298161708793037,0.00973956153657748,0.00426423083599963,0.00955712310527383,0.016557678164953675,0.8503704890035897,0.04027280144611653,0.013094250178919131,0.04884570401977701
15036249,0.006644767075044908,0.005529280518687364,0.0040993476592585095,0.010300059301879192,0.004290920947995055,0.7854005045731693,0.1241749804113029,0.0145408208200173,0.0450193186926453
15036548,0.004262699138003811,0.010010992359520668,0.007843068670595787,0.007752737444296548,0.01172555952476586,0.896802926650082,0.013731043246970817,0.028291383947395575,0.019579589018368898
15039526,0.365185214553037,0.015579555897295464,0.007212539147654159,0.024331333978041558,0.023244546228246576,0.4633060118600646,0.00752393556097915,0.07222242386655331,0.021394438908128196
15039570,0.06608520271057747,0.12413726800510878,0.024299050514239084,0.09899268050343307,0.0506415611076838,0.0750794020531476,0.007825451983575447,0.5283592564309838,0.024580126691250856
15039573,0.0450091444816097,0.027549812292295535,0.010231627338741745,0.0705199263225644,0.04389062698720567,0.343815559533402,0.00556968901831443,0.431687791983006,0.02172582204286054
15039604,0.005907225050855522,0.008469017141869208,0.011039993824280543,0.012743824437169211,0.01137692424575621,0.8812164886035057,0.012679955852492045,0.034558806480336074,0.02200776436373549
15039605,0.16800421108707042,0.007852866189490439,0.006217104551628003,0.011683387105562399,0.010036132497169304,0.7434380843949926,0.006895400903710753,0.030021079466291383,0.015851733804084615
15039606,0.003304600708798858,0.007272377243815953,0.006160743849314344,0.005621542089673864,0.006506517978462981,0.9062381743916064,0.02374743221874917,0.023107240482518117,0.018041371037060324
15039607,0.0032631804022298454,0.007564328885805285,0.009645025818585631,0.014413844256843404,0.010005770729412448,0.8972495382252209,0.011710454369878652,0.023453508439924293,0.0226943488720996
15039619,0.022946516796732583,0.05149382230193551,0.005818157500031156,0.03396108770948824,0.06487598891137696,0.6669396613186666,0.007169210056123476,0.12391725235995929,0.022878303045686228
15039670,0.010189358349138691,0.008257146981734268,0.013675924343968181,0.013833642716683036,0.014826524425012455,0.5330686898353123,0.013888603667386635,0.3610841546515545,0.031175955029209893
15039706,0.00865638429578581,0.011972786282312142,0.015456208728925776,0.013972416128122977,0.014652516875815107,0.8597935117319014,0.01592867654123458,0.033920271348156075,0.025647228067746188
15039727,0.010343553657346833,0.010934031712649379,0.008608529700500285,0.010023555199679875,0.00683070603019527,0.8433194575065199,0.02434181846800424,0.05137763099189204,0.03422071673321227
15039753,0.009615898687954939,0.009160373715058479,0.004845305433710174,0.00912336850499248,0.010977956965558304,0.8777759879846485,0.01058236896336631,0.04178154662907698,0.026137193115633884
15039779,0.007222579999055457,0.005758736932293943,0.0038274380367800723,0.0039666348639167594,0.004608428075917654,0.9050164321125763,0.02637440335020928,0.021486142338742607,0.021739204290507883
15039847,0.002864562619378929,0.01237277931241699,0.006610604679995077,0.007661561734759274,0.016978445424486073,0.83347859888463,0.013109068579999461,0.08979013502758909,0.01713424373674492
15039953,0.01004727417420849,0.008167909663773513,0.004652300770938036,0.007625809954364754,0.01766314700340206,0.8770177401202554,0.018094402993975876,0.0257311191031254,0.031000296215956402
15040005,0.003558325052163242,0.00947416088404941,0.00417156048253908,0.0064722753995781436,0.007783298787688195,0.9163479017478267,0.010573383303153714,0.02802264659761584,0.01359644774538576
15040385,0.004403008457199326,0.013503624760286348,0.00485498593876752,0.010692286865423293,0.012430426708768028,0.8798665162231303,0.014392446113855926,0.04342733071348496,0.01642937421908435
15040821,0.001769913252335651,0.011152728581296376,0.0035501459008516318,0.003775527712059006,0.010752213677270521,0.9244855009946775,0.01333594846741963,0.02091526181172404,0.010262759602365614
15040857,0.0045831517897301985,0.010042603028482968,0.0035378172227352707,0.005453912871407621,0.009260808838531058,0.8959231290792411,0.018541380653074493,0.038195931225244756,0.014461265291552573
15041986,0.03151637392122631,0.006780270160291979,0.007381092914615793,0.005184019003745823,0.063463651072906,0.7824694972697156,0.03168353766615416,0.030663900391263176,0.04085765760008119
15042110,0.06237438789810507,0.008545291117450091,0.006804220535480233,0.009304043908087605,0.052514977768499616,0.6974905032248657,0.009589757383251322,0.07948631838386166,0.07389049978039863
15042130,0.01646390796967054,0.006577852160648191,0.005818249578051017,0.005713288916130045,0.019704597055043595,0.8595432633657711,0.014361791194322931,0.025405011625642706,0.04641203813471997
15042158,0.2912720736628881,0.0060362666366545435,0.008676091595895944,0.011993269510447142,0.00994208275755273,0.5506974433769268,0.013576939327400235,0.06245143503094811,0.045354398101286365
15042268,0.002128705510542044,0.008782605289444051,0.003810236594087776,0.007767170166406071,0.006098917088991339,0.9058458599973046,0.013748264749875705,0.018538316882865478,0.03327992372048299
15043753,0.0011391031450069154,0.008569504100792344,0.0027360162100475045,0.004887995380083967,0.003493174046687957,0.924659429097219,0.02051078233206841,0.010333394094502454,0.023670601593591294
15043834,0.008988053661726229,0.013833260533255634,0.013952273736120176,0.01530168286734686,0.01513961043112428,0.8287704321297074,0.013443384722903485,0.06566961981477214,0.024901682103043738
15043839,0.0012829662504891576,0.007450677357087963,0.0025048008250762653,0.004375450439206204,0.0033244840518001366,0.8983545934574915,0.0446195191674794,0.00786213845792438,0.030225369993445068
15044458,0.07676068647984285,0.006732262564434565,0.00609387573594268,0.004096699685756111,0.005926428415684124,0.3791277048566503,0.3273526971562336,0.12460754638217,0.06930209872328572
15044472,0.01336953757072646,0.008414428782476637,0.004995812746998428,0.004089030480403235,0.006306575637492654,0.26204614654275,0.3792455344879359,0.26949446911748287,0.052038464633733766
15044738,0.021703837086004454,0.18754615763868931,0.008423669654068464,0.056883666723811746,0.07413444608038382,0.5434134576702128,0.005314657457668375,0.08999874301601331,0.01258136467314776
15045093,0.0017727503805984013,0.011891637903420882,0.00419752504418337,0.005596573836049726,0.013058433124457284,0.9071333203247853,0.009487566976025154,0.03482628313619353,0.012035909274286287
15045554,0.0022369081261544663,0.004625986611463629,0.002702021175309534,0.003323015876122743,0.0035441702530665596,0.9394602861858083,0.011416963899889008,0.019113180545032568,0.013577467327153247
15045558,0.005758539498297815,0.007652115942667372,0.011255781016866069,0.022911215394304827,0.011417443592722018,0.7376192287808587,0.011298164919174432,0.16057513403448098,0.03151237682062787
15045579,0.002805896283333473,0.006107819911531691,0.0076701033826290675,0.009674064904030586,0.006325285097863963,0.8981658803615451,0.010556884460918382,0.0378876647670816,0.02080640083106609
15045654,0.003084772851382525,0.003632786747838147,0.001798752293904901,0.002847149550830287,0.0037202062753316826,0.940797301539756,0.013775511867516884,0.017976048040870763,0.012367470832568794
15045792,0.0013087934548255428,0.005980587923619808,0.00396950779802412,0.004806075341065805,0.004587100077404172,0.9393537386322081,0.012532355846591861,0.015468373533972428,0.011993467392288185
15045893,0.0012575176182390557,0.005526366921354787,0.002976179092213466,0.003986244200580694,0.003269905222612536,0.9369043605982745,0.02145077719970565,0.012646400058242063,0.011982249088777184
15046221,0.001183075643015939,0.01026288411743708,0.003406380124445636,0.005810136760820932,0.008029545043729045,0.9255449500571528,0.009025495977767563,0.02555699572007189,0.01118053655555911
15046234,0.053481754220050685,0.05967954566684956,0.007000091030409579,0.008867041585460495,0.013898225174533428,0.7918886809118892,0.014837256221589322,0.030930236302749214,0.019417168886468536
15046237,0.02626878306449414,0.03132870728097584,0.012425848475280858,0.038617630389715184,0.04703449410162637,0.4982337328976625,0.007287041331840546,0.32528303524773594,0.013520727210668736
15046520,0.002319886955524224,0.006293477058164349,0.005794855392265693,0.0032160295252711838,0.004735261884286722,0.9191329632972912,0.02438090679331622,0.01703253660228932,0.017094082491591195
15049213,0.0014171449365102823,0.025336762189674192,0.004641723114235049,0.010273459046477086,0.006561049853093537,0.8934097212756076,0.01531853387689581,0.023149979807202656,0.0198916259003038
15049624,0.004230318974243106,0.01153593211661388,0.018303242564168043,0.019575748828458334,0.02097079403849071,0.851697264558626,0.01245598626141938,0.04353458985535666,0.017696122802623893
15049791,0.0031758005125083846,0.005391618763067723,0.0037709001892874115,0.0024324139372109152,0.003518371578568028,0.8414917062806078,0.10082960391310805,0.023731790605968483,0.01565779421967318
15049898,0.0016736161288715345,0.006753344545221368,0.007375826357692669,0.008830450420527602,0.005508870380156402,0.908441027393254,0.019011062463377804,0.013896813380701761,0.028508988930196776
15050105,0.051816168759634885,0.08780319976200716,0.009026475118110076,0.010501914276003924,0.015285580725955884,0.6719837797670789,0.02112446598491796,0.11151941748935318,0.02093899811693806
15050202,0.01576667657914071,0.03724500633743735,0.009393418495155707,0.03035049398985103,0.0425211269860339,0.8112327624332012,0.009698075845707532,0.03020651968298498,0.013585919650487532
15050310,0.006266095888863213,0.00867617136451355,0.005688097987280617,0.006305250661476159,0.024362348616788685,0.8821311492943373,0.01256034168953101,0.029944348385745653,0.024066196111463756
15050463,0.0007079740493035476,0.003550417031976276,0.0013254740182943152,0.0010090021622659571,0.002007005120825635,0.9606379695852286,0.016112137014662267,0.007758064069798486,0.0068919569476448474
15050557,0.002285789053310841,0.0029810911938831005,0.0043722268689742935,0.002442297359348409,0.0014882216706176656,0.5443108291339676,0.2494136138404976,0.005486191965647831,0.18721973891375268
15051367,0.013041278768859084,0.005808841349451828,0.005510831158535889,0.010007294542511544,0.007234703879544225,0.6682223585495879,0.011220994140482728,0.24220863620803296,0.036745061402993766
15051372,0.017674147791715666,0.005373515527182947,0.00534105278395487,0.004964089525180565,0.004465207906939098,0.6720188352848981,0.022160895827443825,0.2061312158377719,0.06187103951491298
15051440,0.0018979948085736612,0.009015018355731723,0.006061647671046625,0.009551614462171178,0.003772085660541238,0.9113095009689993,0.01181703200237189,0.023506471838672136,0.023068634231892204
15051458,0.01830056856480306,0.006162157999773653,0.007757044781986404,0.018164463598788008,0.009751013938107508,0.7031947361352073,0.009111509043082196,0.20206725274230358,0.025491253195948273
15051493,0.034250459764921054,0.017802488640740098,0.005276525714392593,0.01004783121007682,0.015298991511304667,0.8551860488059813,0.023473877761054175,0.023223258677062042,0.015440517914467239
15051514,0.003991521400470815,0.007234099674505629,0.004946396680826913,0.012608294569794044,0.007510038358874542,0.8883282114712364,0.005273881605306111,0.054329746670556484,0.015777809568429092
15051526,0.003269651639861449,0.006776582214837687,0.004055796063690853,0.00913119951667595,0.007425181632720331,0.8574700957658421,0.006524109202478939,0.09090855179338839,0.01443883217050432
15051944,0.00208191821886832,0.0047788314628626,0.002133980346567574,0.0032203990035604294,0.003113314283040402,0.9289470470667184,0.019399380976170326,0.022641688033798207,0.01368344060841373
15052019,0.0021192256262819492,0.0070426183382563175,0.0067868295721775955,0.004863357609688497,0.007516639480321389,0.918374596237386,0.014557618720129718,0.02214294855437248,0.01659616586138599
15052565,0.0033237703855581767,0.012951401128251543,0.0034400977220229462,0.004389125306454053,0.007687104261641243,0.8871585450882324,0.013827839908224714,0.05208896558890355,0.015133150610711294
15052976,0.002392464564580343,0.012296085653691299,0.003479906626417759,0.004839231871521487,0.008762443787696455,0.8997167507060916,0.013650547229012114,0.0420480515819694,0.01281451797901959
15053085,0.002222573583124623,0.007499317333441776,0.008165829640863058,0.006959386932000756,0.003985239596973428,0.8769066780383696,0.0216380480517228,0.019460370046079225,0.05316255677742477
15053109,0.00188125175012875,0.005172623493091459,0.003203893415648002,0.006737659816523795,0.0026986850409186527,0.9155238654442752,0.012627238591310918,0.017785417492903324,0.03436936495519991
15053168,0.001999735403537485,0.007424904054750912,0.0034420198931168376,0.009782385485566992,0.003487382028931317,0.921738941709237,0.007662654517935757,0.02333155615682792,0.021130420750095767
15055032,0.002322962543695922,0.018674132177363047,0.008755532130026996,0.6934227804785045,0.007740353032569043,0.1332903072676219,0.00960811865151489,0.10979741985740132,0.016388393861302395
15055131,0.0017839141850714375,0.004669232708545861,0.004251331759313345,0.0043374463738391844,0.0029862526080344795,0.9287729495095352,0.011721953461644546,0.01855337629277031,0.022923543101245614
15056263,0.0006125719798608215,0.0038249753423504106,0.0018465046326020418,0.001266233359156032,0.0025750941400747795,0.9607144741422781,0.014300603909480415,0.00682913915758821,0.008030403336609258
15056325,0.0012457175257794674,0.00526272391707746,0.004901958216025882,0.004164168003801393,0.0031196548558783278,0.9184129970765982,0.022869561376455436,0.010862222464785024,0.029160996563598777
15056446,0.002860731956786494,0.009973681681752769,0.010415131185926926,0.02653665038837914,0.016716964447752797,0.7738215927423626,0.010344455498659588,0.13554567842445917,0.013785113673920386
15057064,0.016765858548901547,0.0447548177945592,0.013316266138251816,0.020880537430635168,0.014758406175203334,0.4341769623639815,0.02785598093354603,0.2139181386961101,0.2135730319188113
15057224,0.0027828252287387355,0.009481991772615527,0.012300230536127063,0.10836860541148377,0.005763717758888266,0.5705496035048986,0.01639615216082401,0.19385503624472822,0.08050183738169579
15057243,0.003110359645629999,0.009524736520257161,0.023927917289033034,0.27783192327828926,0.007683009211478267,0.49009233663134183,0.008822636061533072,0.09681790362653689,0.08218917773590048
15057248,0.0036131216123038517,0.0063821543038371535,0.008418009208810867,0.08962843211486587,0.0043474882255821875,0.7121692239929553,0.009490144231647226,0.05841938475635151,0.10753204155364582
15057289,0.020748678842131774,0.005072683924656932,0.009513771599221635,0.2800874814208715,0.004255428845241596,0.47468796143864866,0.008025642245947689,0.0722820129488107,0.1253263387344696
15057296,0.0035281099429527716,0.008333318901002007,0.011287667515600383,0.3943253667328698,0.0042858901890106115,0.09663517499763784,0.00731512572781152,0.38778246834783625,0.0865068776452789
15057304,0.0038114792094302453,0.008719959934394186,0.015642290502862054,0.35746755569867117,0.005014007483588101,0.3626100140989211,0.008315141217895212,0.18450745792192325,0.053912093932314685
15058303,0.002815044518365822,0.008443986521349048,0.009212976775554502,0.005423498395896046,0.006031894457025618,0.8706536353322117,0.02603298085498607,0.03239375686993711,0.03899222627467409
15058305,0.004184789116982229,0.10736628985691692,0.0048865859270365835,0.01035936646666673,0.02893802344043731,0.7842882696239586,0.02148228367425964,0.021739498650239632,0.016754893243502354
15058429,0.0032839540990789264,0.024558901327497124,0.012060515682371412,0.005827736531781867,0.008584694023741178,0.8497504748401815,0.019363047113494923,0.04592619028769894,0.030644486094154117
15058514,0.004808531045371518,0.011529955294368378,0.013935145838527436,0.02619698369423694,0.013185838686632803,0.558479123012473,0.00786676733552756,0.33737666528511334,0.026620989807749084
15058557,0.003452644539364386,0.005364173390818154,0.00401844043019696,0.0030011976039076055,0.0037085033901425603,0.6301957711358205,0.3086575554069586,0.020301325500729706,0.021300388602061692
15058570,0.015395680272150415,0.13023828006470062,0.008093158149040108,0.027440122271233585,0.12980332754588753,0.4975082138858203,0.007364628205985687,0.1639237412063733,0.0202328483988085
15058887,0.0020736692141229006,0.008464992844323295,0.004191567118808989,0.005869595870602306,0.009300645441022139,0.9139284578094073,0.008184001847720557,0.03754335757034084,0.010443712283651579
15058936,0.0006410284582055974,0.0045772882541030326,0.0015443704486890603,0.0018012024555105412,0.0015709406003904251,0.9364016316627446,0.03183843342299073,0.006334501760931838,0.015290602936434281
15058967,0.003859628213068072,0.01614661478752388,0.003557129098435909,0.9069820300149076,0.023663220158220345,0.012414432916355862,0.002244300695680935,0.025127859901230926,0.006004784214576521
15059289,0.004229305552123159,0.06336437561035997,0.0058406727447751884,0.468110615131363,0.24826415788345219,0.11119831547259529,0.00785780433157288,0.06592676051242706,0.025207992761331267
15059736,0.0021119950753720456,0.005577196307653994,0.004227537059940701,0.002989139692048155,0.004251501100461628,0.9280373647890527,0.018865726507521264,0.018561172231070417,0.015378367236879104
15061215,0.6373244065334902,0.007992392786095561,0.005937775911438465,0.004063618931553467,0.0062857455612347615,0.275409847650554,0.032504370332632544,0.01354672333271267,0.016935118960288306
15061312,0.35526668108954396,0.00505790148988917,0.010408670357465009,0.005795037390802445,0.005489244986532205,0.1966445535345128,0.190905801380634,0.17278443559136755,0.05764767417925295
15061627,0.005008409104871058,0.010014062896391588,0.019809498788266593,0.019693215495893455,0.016891052426144804,0.8545032679948992,0.011970625693590944,0.04139215557412371,0.020717712025818753
15061644,0.0022031631878875143,0.006088242372610948,0.00584444592901736,0.0051097572711442715,0.007752630843620691,0.9221660819408903,0.012456849414975268,0.024926641109417884,0.013452187930435658
15061776,0.0034431117159565605,0.007051050243483408,0.008469813454686722,0.009056878164430428,0.009537213566527739,0.7430881803307744,0.01003587873991881,0.18221105032679277,0.027106823457429145
15061830,0.004454904808105918,0.006474340915192243,0.005880855713464754,0.008599611621616942,0.006901441824566305,0.7854283218989697,0.011436980611221734,0.14460934114548937,0.026214201461373186
15061848,0.002342563337174359,0.00726597872952626,0.006812509734770356,0.0050936817862763635,0.004617158757077334,0.8984863359048567,0.03508608615224497,0.01870611533603438,0.021589570262039257
15062228,0.0010898758509565404,0.006744254436492055,0.002598655540374203,0.004113607577550061,0.004185666714630456,0.9380924186817632,0.012134144156068132,0.019165161595215304,0.011876215446950006
27203641,0.0014401179871026293,0.015930049900414505,0.004747473123803296,0.0027485285020729068,0.005365534902526973,0.8931162701442652,0.028298613284804975,0.016474077636368913,0.03187933451864058
27204020,0.0017071767363377257,0.012218268505151751,0.0065281119451363005,0.0045325013962140715,0.006181678650036699,0.8833885373330865,0.04301326771478691,0.02263899030208085,0.01979146741716918
27206412,0.0021316392694003274,0.013082640247911777,0.010506973121843313,0.003147798357774356,0.0050705718783847,0.8013527889561523,0.038100317817113045,0.017564431741423164,0.10904283860999703
27206656,0.0025173720498734824,0.009163454232322926,0.005597516856088828,0.002518869018575678,0.005693272742319944,0.8690825185424323,0.046585591771438374,0.017726618490896264,0.04111478629605221
27208230,0.20295802044952696,0.013988759609277516,0.013289828521339642,0.008551374052633471,0.03217366421821455,0.5945154318301444,0.008738461735968608,0.07313210536963495,0.05265235421325981
27209390,0.002086293979264358,0.015084823184912518,0.012125261917593885,0.004099208789195338,0.007990330716182147,0.7979265833872593,0.018165388143420676,0.03674734112330282,0.10577476875886892
27209479,0.003594530572735774,0.049180712951229305,0.007582725811078192,0.005217324186856082,0.03772371043427616,0.8434935040680318,0.013046680327880929,0.02589911869917424,0.0142616929487374
27211860,0.0012708650082153621,0.026037832753253703,0.006386840977181537,0.005419684968598837,0.007231256643406884,0.9000685677855114,0.01916092818255259,0.016509541630112572,0.017914482051167083
27212120,0.0012098820098300487,0.014637762111037856,0.005261858329471417,0.0022172000263601336,0.003847354096678563,0.8940657910977611,0.03655351441210377,0.018355847424682215,0.023850790492075
27212973,0.003427769336606419,0.04340246373905745,0.0066680226507560844,0.005349725104787862,0.026557437267794668,0.8613173542431833,0.0160543433062719,0.022895985881873908,0.014326898469668432
27213635,0.0023919559092180145,0.01101845770873772,0.004626934451478328,0.004629666950470074,0.010115953138743423,0.8971048803015478,0.016031415923259348,0.02892370420283112,0.025157031413714174
27216793,0.008894602042007862,0.03411426814292821,0.07322866445647451,0.00990807651164897,0.07189917027387255,0.6787344483402147,0.008025788590864632,0.038630732470554846,0.07656424917143367
27217890,0.07581187720266422,0.018095325557809128,0.011354568906533786,0.005894811866594436,0.02612009769665806,0.527975881297311,0.19251805256215404,0.021507662485934945,0.12072172242434047
27218299,0.002000179246409721,0.013953844503601669,0.00879020199673944,0.0029460995998031414,0.004852945314096242,0.8720573987783469,0.031139497107427274,0.019293517007825785,0.04496631644574992
27219055,0.028701544864829287,0.01669695726762242,0.012650255650061944,0.0058697627195932614,0.019660193675804145,0.827072385046705,0.016897056773952365,0.022850046565584484,0.04960179743584707
27219363,0.0014421519198558473,0.010228052204801242,0.0037697704694432993,0.00217057085060734,0.0035838440228760714,0.9075018592537456,0.045725827649054925,0.011297654819815053,0.014280268809800654
27219923,0.0015020657152729213,0.012061049604719057,0.003850711209643356,0.0031802887786642558,0.004981081629920448,0.9148230658332501,0.0292476449693806,0.019175462283787692,0.011178629975361605
27221361,0.001159574445642382,0.010802825834350218,0.0034413363387547353,0.0030566179095655017,0.004611913204081753,0.9211069872484827,0.02358920806681545,0.02088123553180367,0.01135030142050357
27221885,0.0016037824567390756,0.019806493287241426,0.005942664193488896,0.006044211479927984,0.007340562963144267,0.8947223490104492,0.018532858264950058,0.013627889986764832,0.03237918835729426
27222482,0.004988434607124062,0.1412581605106206,0.030834509060943392,0.008933153102242852,0.17520832229946973,0.3831189632868012,0.006934527106656702,0.03906021432689185,0.2096637156992497
27222643,0.01915071385812238,0.014045776260692755,0.01902321852594372,0.006922319820368458,0.021454110470635883,0.44867075108557725,0.0175021915012241,0.01846987145253153,0.43476104702490387
27222752,0.0012259496991056374,0.016833612861462885,0.004073237829872238,0.002387200727078336,0.00346553427041557,0.8660509199505286,0.06648547385108453,0.010455405395207527,0.029022665415244796
27223993,0.0016691002364538374,0.016951453104781328,0.00467315478938543,0.00274687573309992,0.008206395050288718,0.8959393577250259,0.019748556311452406,0.027769195082034476,0.022295911967478082
27224111,0.003026028761891906,0.03533368007794388,0.22480729776706643,0.020940087496559293,0.027566099800987568,0.03702037676200663,0.010434645399774033,0.4409040051490677,0.19996777878470257
27224390,0.0013519168516944696,0.023484354378723822,0.009327151082418553,0.0033909661651609644,0.0048518976090488435,0.8602985533892488,0.0455066583799915,0.01268451741885809,0.03910398472485491
27225248,0.0019543909570295423,0.025500690507573812,0.010484865311252305,0.004408812398243448,0.008838818223224314,0.8711448951739302,0.024025656220241307,0.025983119290259357,0.027658751918245596
27226051,0.003380336659559769,0.049600501924219303,0.006020091096439788,0.006227925683790128,0.16804295186116658,0.711106043305115,0.006940516781161022,0.03640725167114004,0.012274381017408489
27226820,0.0017783022798140103,0.01068554869296924,0.004760986368097286,0.0032870948478164993,0.005455035530511709,0.8879951995103718,0.05022479627721023,0.02271088532184263,0.013102151171366603
27227362,0.005704359541933702,0.010471414398941115,0.0215977593588613,0.01111687331670639,0.7856624180513405,0.028541165534887006,0.005846278929286251,0.0853059710453023,0.04575375982274143
27227417,0.004076236915467506,0.01438235962475538,0.01621925959291198,0.007049330164764639,0.7852935934738907,0.022448549550646655,0.003976293038517193,0.09217802922790716,0.05437634841113875
27227545,0.007809670954134337,0.016303300983305232,0.013199123871948886,0.008128152997758596,0.7950078412903914,0.014571332885478,0.0035851859213874393,0.10670221479689332,0.0346931762987029
27227747,0.0043483608180755135,0.013523399184605352,0.010845509152328061,0.0072070877424330465,0.3014922116910141,0.04199785836847636,0.004218172159850869,0.5635016077673717,0.05286579311584508
27227927,0.003888128037356385,0.017298305537665398,0.009030192075042949,0.009188994109721441,0.4396247748297952,0.023865099216386992,0.004030405940431216,0.464847409931253,0.028226690322347463
27228008,0.0035604585477847,0.013133847545409512,0.008799352261969292,0.006981920071445776,0.3514156826570263,0.027220424725986285,0.004446635934677428,0.5415126148058718,0.04292906344982905
27228350,0.0035338840462757494,0.013975383267496103,0.009104983334779299,0.006145458103270894,0.09056854924988701,0.7741389973553929,0.011735721362444752,0.055827376926816615,0.0349696463536365
27228394,0.0036000115991051277,0.018886687099641516,0.008285727544171721,0.0103200692119394,0.2754355768273729,0.026155639748628688,0.004533721398978688,0.6275408742311643,0.02524169233899753
27228486,0.0024072533942087583,0.008086643349138894,0.004650591747640247,0.0028624110598965543,0.004457427887461906,0.8206376435514753,0.1141794155770022,0.017001678909972742,0.025716934523203304
27229246,0.004540365500974361,0.07226781537550434,0.010014981765761708,0.004868977607758848,0.04269244691300261,0.8046831263773437,0.0156805908719201,0.024509691764282738,0.020742003823451503
27229258,0.0022384551004867156,0.011592045785975866,0.004880072277595437,0.005309321797566606,0.00963216506624181,0.8937662145803761,0.025284706565294968,0.022631901330041226,0.024665117496421293
27229306,0.006703251561742,0.027218517685064454,0.007344936527602627,0.005395506850985579,0.04169121402138611,0.8452570116750713,0.011781617385350949,0.026380297359287628,0.02822764693350925
27229512,0.010904890396462301,0.00738637467833407,0.01184285762712446,0.004943005414698901,0.02974934348655749,0.8212506592235824,0.018773531469832867,0.022471648278490977,0.07267768942491644
27230055,0.01184621076883278,0.005713868081897149,0.009513912305865218,0.004717444630323416,0.024703835460255823,0.8250500340210085,0.012427643001378615,0.023893895122485322,0.08213315660795327
27230350,0.010444088515387698,0.007777104078640433,0.00862177887205189,0.004243422355244902,0.076532644611904,0.7937635562202803,0.03798695153604525,0.015901779296034847,0.04472867451441064
27231945,0.004540309435206622,0.018987675418921105,0.009807945748153173,0.009144804661800628,0.24461104223052843,0.02187034654624848,0.004690210841077447,0.6609507805150496,0.025396884603014386
27233361,0.0018395409233832765,0.012029609463780374,0.005128933418791647,0.002618038232110003,0.0057385335612994874,0.886221348108122,0.029453154773202327,0.03275709137129303,0.024213750148017764
27234012,0.016266925576618026,0.012806921317071814,0.016331108833049855,0.007786039405264912,0.01860776513468731,0.16765025185701396,0.008516160146176387,0.0203774480989461,0.7316573796311716
27234810,0.00262917175100307,0.04765531237284138,0.005914090554155475,0.011946045448620962,0.5225053144983192,0.009348604519321306,0.003118366936502038,0.39165985148902743,0.00522324243020926
27235927,0.002217273124593383,0.016759130775210587,0.012424380920776478,0.00315166811164293,0.009706281552216775,0.8452774711225185,0.02950679639177508,0.0429146622258793,0.038042335775387
27235992,0.003785894992064986,0.015340138280666892,0.006534615863403889,0.007450758565993262,0.31608239236372826,0.45898536350374314,0.009115995446267792,0.14632757081583836,0.03637727016829341
27236473,0.0020328857835382953,0.009955875232830575,0.007782471708150468,0.0021691992366351235,0.00497638393326869,0.8617912801262975,0.05554451358294837,0.021584666570320453,0.03416272382601059
27236611,0.0024576635114225017,0.05863303725458032,0.004920372798512043,0.009625737016377539,0.5726890573919825,0.01093892564121314,0.002545566377600841,0.33083173462154813,0.0073579053867630605
27237922,0.005971371051580452,0.009731726718371452,0.00823448696713282,0.005852871258770852,0.02785374764064749,0.8387620286853816,0.032636417094192835,0.02891302932410259,0.042044321259819786
27238108,0.006588835482153392,0.030322912677389575,0.0060714184891523006,0.005853488800186077,0.07851767216352679,0.798574806758971,0.022345127178573652,0.036402619093126365,0.015323119356920989
27238172,0.00448569963318714,0.04474926827225177,0.007144557234492549,0.005677892148233835,0.029407774591673656,0.8475172612950743,0.020553782615220412,0.02448692188773362,0.015976842322132655
27239286,0.0032069500159894147,0.02748820953301777,0.009375564670940027,0.008858511712492455,0.0373418732932013,0.44141115622947036,0.00859599068233947,0.37527471216306063,0.08844703169948853
27241704,0.002862387867590504,0.5655375962080955,0.013509635157942162,0.007688506053871812,0.30357344006339887,0.046308461854677886,0.004738201834300995,0.04541957204469872,0.010362198915423622
27242056,0.0040169428201191895,0.360664348066963,0.06382232409653389,0.00990293791244572,0.4323386284091806,0.0707389874803143,0.005388048687772738,0.02260938328064242,0.030518399246028154
27242549,0.002141360501873168,0.007553702149379356,0.004112610617646854,0.0024706409796026218,0.004398903162044971,0.2276616936975311,0.7229133844841972,0.013705415501894332,0.01504228890583036
27244942,0.003756748834803039,0.009553444927848502,0.00745706560908379,0.004975679322911073,0.0492742044543368,0.8243216169432115,0.00695658206433702,0.02084299763808153,0.07286166020538679
27245142,0.006033358556196312,0.006557982269738184,0.013445894071714185,0.0062859536075702115,0.2835428970447139,0.10369491076789998,0.003766520842541668,0.3399513087223653,0.23672117411726035
27245414,0.005460516371286806,0.0075334277472792616,0.00983656786936875,0.00851481026769069,0.17049184466599038,0.1152990138085609,0.0038703163757401403,0.08010228859169016,0.598891214302393
27245486,0.0038748023246298322,0.01574248892071591,0.010562742741315384,0.004371278572073878,0.024613533674051207,0.854595238234401,0.026376920509938083,0.0305478874250234,0.02931510759785126
27245645,0.0016707819022503858,0.02753783154515941,0.007818256198339191,0.003166664526290237,0.009437248449797521,0.6792237060286537,0.01900936742172143,0.12007211215631176,0.1320640317714764
27246508,0.0033580892072449125,0.0060352214857114835,0.008529233547657762,0.0025144976653517217,0.0036416668608047036,0.6352554554404739,0.3056823518849335,0.01417467431700397,0.02080880959081795
27247366,0.0018233724480437945,0.00883219135789552,0.005736807534809466,0.002683878762465625,0.0031560718779679807,0.7650819837918053,0.18216905771261555,0.01178408953919929,0.018732546975197367
27248085,0.0021730201885675282,0.005306089950764141,0.003988299063517393,0.0019571555827047438,0.002718343394482559,0.6311016677172838,0.33013601602750675,0.010647045846850514,0.011972362228322743
27248316,0.04157553920318108,0.020644797797111043,0.012108583987720063,0.009830953476030016,0.02496526963890467,0.21291582072491308,0.018478119096510263,0.019784003260374286,0.6396969128152556
27248920,0.01218466100844732,0.06610625320800134,0.035869289925504165,0.018026085527065763,0.029421080804518423,0.07818912441603486,0.005752927004989765,0.03289900448193345,0.7215515736235049
27249654,0.00624745238200772,0.006198886129988549,0.007818052072999458,0.003233523356968273,0.006281782769489301,0.5438178812560563,0.1620466724973254,0.03103966453032366,0.23331608500484133
27250103,0.004267756387220529,0.005907786813886867,0.007669383543807865,0.0074418393929455325,0.04244589360616781,0.12861924109217449,0.004189215460949854,0.019963539747081156,0.7794953439557659
27250484,0.006441117152624975,0.00736880228561791,0.013489589642280336,0.014420205950145377,0.03303516195001426,0.21032271649777468,0.0050876830415980435,0.054029011060628185,0.6558057124193163
27254075,0.0027105159946931153,0.18206127020626028,0.01718786509384027,0.008031260818920992,0.017543718240178606,0.5708982499118089,0.01585750167720378,0.14418932735547627,0.04152029070161774
27256605,0.0024692668014180217,0.006094116553639311,0.004186809675411873,0.0022780428426306945,0.0043040839581983065,0.6163323102798253,0.322124697249447,0.019236875876373415,0.022973796763056088
27260821,0.005010053966041441,0.006991714372351663,0.009788769575164297,0.0030727660530502966,0.005550488956369647,0.7382410003930149,0.1938447154384812,0.012618987194271647,0.024881504051255082
27263673,0.006085916940355918,0.007183101032407605,0.009722154194901824,0.003130979876138993,0.0024029675954908296,0.023376515492496242,0.8320739019771635,0.007206083962424,0.10881837892862113
27264838,0.0031129747716870885,0.00842226858234281,0.006730503880054328,0.003268298241601665,0.0048450499499671906,0.700239763465444,0.2386426201044954,0.02008358349532114,0.01465493750908618
27267285,0.0012513962212447518,0.008799128202689027,0.0027645278261217657,0.0019199375506800819,0.003532070984931961,0.924723288122178,0.02571725588330379,0.01380614665431151,0.017486248554539088
27269056,0.003076144050378223,0.013283756546266293,0.00553560666851049,0.004419378847118957,0.04743115687998475,0.8412049616111579,0.0069487239136082415,0.023784692636185396,0.054315578846789704
27269065,0.00425569232006129,0.0023072165287078956,0.003117243372364155,0.0015701323898030294,0.001769008947714308,0.016087405518558282,0.9328943609391936,0.00397517979507147,0.03402376018852587
27270200,0.0039053669503446944,0.014168418695234398,0.013469755840808012,0.004580843350722332,0.008754301567757836,0.8360357438705636,0.06780912270589783,0.021648413061359385,0.02962803395731197
27270846,0.02199734704907546,0.03290065672215976,0.025302586273087724,0.011551897803566271,0.022512581044961216,0.13608586541647774,0.01164769788595797,0.022266402458493158,0.7157349653462206
27271299,0.0033796445590083654,0.005627371064487497,0.00783655170002117,0.0025558965905474068,0.0028274105549074276,0.06364812485889908,0.5904922380236435,0.008620938341726352,0.31501182430675934
27271832,0.0013287178044142976,0.010479647101404132,0.005157381188158579,0.0018142580779150542,0.00244553800732468,0.9051675470937995,0.05026537746116535,0.008916290412600381,0.014425242853218043
27272650,0.006635049644182722,0.005363228991372137,0.0063635002078040875,0.0036712686760491785,0.004003101923001905,0.21648825833825971,0.10211373110422103,0.015088315188866863,0.6402735459262424
27272926,0.0032712800649692167,0.008617899126549661,0.003925214135413056,0.004518849436355284,0.005889042742378647,0.2148998720409005,0.7229872542928091,0.01312585870484512,0.022764729455779394
27272937,0.006353944937020033,0.04128169657810352,0.007072989488415005,0.007955318423871684,0.0907719128460111,0.7899106121352343,0.01053184212354171,0.020863726143392256,0.025257957324410354
27273133,0.0034057279003646365,0.008658791110193855,0.016615101106813617,0.007003821312310854,0.009299333394893444,0.8146885714614562,0.012157910912177966,0.0309586755638105,0.09721206723797883
27273193,0.0012134338082753983,0.00845954535117374,0.003388098561364115,0.0026310486443792388,0.003141342753865187,0.9157197614795538,0.04412125991683721,0.012521238147395109,0.00880427133715617
27274096,0.001231833072459316,0.014232126731920477,0.0033046834601968065,0.0030075522597080516,0.003524816494317378,0.9116269881109513,0.0406582652815965,0.011562519161847005,0.010851215427003201
27274147,0.0029226283927346586,0.22249937719426433,0.06790490322558479,0.1923989336853894,0.014732981702621772,0.255859985183692,0.10747730986168509,0.10254824434443999,0.03365563640958799
27274349,0.004428326403406113,0.008972630512291652,0.005335954813328784,0.005901706063200143,0.02204812106231956,0.8725034324540886,0.02501535595621635,0.020895798513218263,0.03489867422193057
27274643,0.011252743203529314,0.005992182231432112,0.00980206805709904,0.0037704362616501454,0.00780306217059127,0.7718981384872702,0.12233404975232302,0.021086335460673167,0.04606098437543176
27275251,0.005374102614269336,0.018111305966472323,0.027266914529340023,0.009991115285246236,0.014061963496299219,0.7995023579565748,0.020502327939271762,0.07429433218241716,0.030895580030109143
27275276,0.004303618275561932,0.011363773908258868,0.009162250911920279,0.003907598337318814,0.005913572074013304,0.8491498578700063,0.06474603856335877,0.021143261332398234,0.030310028727163582
27276721,0.0015433968303671664,0.006952213689867345,0.0029016960045287394,0.0027314997045182537,0.003472212685555217,0.9279691396856133,0.028391018268244344,0.011430756990284925,0.014608066141020604
27277131,0.0014583262819507033,0.010374654503513651,0.003762801649282459,0.003989992725086293,0.005244134291851881,0.9153709044398692,0.026913373065924107,0.012461010253637966,0.020424802788883704
27277206,0.0018109396369727952,0.010888370352795612,0.006088845522144087,0.0035112109458440835,0.004482828980752029,0.8898759278727517,0.044693858526674776,0.010794676903531496,0.027853341258533348
27277456,0.004484589435055828,0.009746924138424104,0.011775178472770143,0.006133571459730425,0.00920243946395144,0.7625157033802972,0.014118611212364381,0.03369305823513004,0.1483299242022766
27277630,0.007053074532085155,0.012421359168904357,0.013834900438538475,0.010822516804086376,0.01929493383400616,0.22383374669229386,0.007253585491031744,0.27118249860181637,0.43430338443723754
27278335,0.011379569420091915,0.005322891783780871,0.008892901680994686,0.009249268900067338,0.01806326017043338,0.1472389110674565,0.0047764882894683214,0.029940566241815347,0.7651361424458916
27278352,0.006023569754486002,0.004124023425672033,0.007599685364925887,0.007134158166477788,0.026402929691143242,0.021703296350948236,0.0031546499497327584,0.02702547372791048,0.8968322135687035
27278359,0.012746629474272173,0.007505506366101911,0.016359596930808892,0.05557649941797943,0.03765803787976621,0.12574031600207403,0.004814891304295206,0.0768837324513683,0.6627147901733339
27278399,0.010657576898203012,0.006936120512317371,0.006799866253120067,0.007071951007804526,0.018362483974492357,0.36585556147713877,0.03772275710592817,0.015258745271853098,0.5313349374991426
27278418,0.005112226310432302,0.0037171518755767905,0.006458687860622769,0.007811152909733681,0.016916877978422704,0.013310642313868241,0.0025225511297752115,0.017960391535893634,0.9261903180856748
27279366,0.008925945626785668,0.012946446001514145,0.012644264340954852,0.011437055266569265,0.04232591670763171,0.017822023665072174,0.0039541643054787365,0.021576690622195856,0.8683674934637975
27279382,0.002653442423351119,0.017037744424440237,0.017761162626396498,0.005819038556146617,0.009718233762062723,0.8420155957705605,0.01862052160377398,0.041365524350861264,0.04500873648240709
27279447,0.005684758599955774,0.0070164880632431256,0.0172572529143599,0.013506811793706074,0.04141347574729102,0.014669698904797001,0.003254220393863948,0.01598738760533857,0.8812099059774445
27279469,0.01885066009427735,0.026796290449581917,0.02319815834525666,0.053156426351226145,0.03961661585013583,0.017185159491135412,0.0038982790555463264,0.036877627772441315,0.780420782590399
27279509,0.007301529644641038,0.006810181217672751,0.009344492103668355,0.010624206881256999,0.06866247010469256,0.013387563282272788,0.003030568426519986,0.01662536985674157,0.864213618482534
27279610,0.007033249000440692,0.008993893939576754,0.014551229590521922,0.014981316042010017,0.20085571305873304,0.02914563779165613,0.0037726255088745817,0.36729209635511384,0.35337423871307305
27281508,0.004571589045598716,0.03709879081866089,0.005439551777124169,0.005594239057940071,0.032332892652756115,0.8664804204648813,0.014936997898813245,0.024147624313665433,0.009397893970560164
27282434,0.004045519299897466,0.0045437093649837905,0.005675296816263649,0.0032631012532188556,0.0031048018061260673,0.11375275185841305,0.09111091208588547,0.007643322700245375,0.7668605848149663
27282901,0.00853905608025585,0.1000420804379441,0.015205619704695448,0.10134592913759825,0.25351177828749816,0.023276733750529844,0.004233265494291983,0.09178207985583778,0.40206345725134857
27282995,0.006544258152185038,0.02984263104043839,0.014238932981610586,0.06134631228507311,0.05625547160965483,0.01444569799627288,0.0038696682964137214,0.02063755368330479,0.7928194739550467
27283125,0.008118471399414469,0.00816303092120102,0.007722054349994535,0.004370843176007213,0.011302609615592055,0.7200470290429228,0.028650660719669555,0.03575894479428543,0.17586635598091296
27283358,0.006999567123754476,0.1962795028941366,0.01624117154080928,0.059605061043929194,0.4154774690549864,0.037266005885598065,0.005348550589932491,0.049119395154184,0.21366327671266952
27283987,0.012385336592503194,0.03407314506157665,0.00817419660907806,0.013227578635472111,0.06831503150566781,0.7194557631329588,0.008926668631567802,0.10894303194698673,0.02649924788418874
27284562,0.007202384742287089,0.0055562008904735186,0.006859939780184971,0.0029200400432157197,0.00539533764546745,0.6142696198853101,0.23768231845807145,0.014438302648918079,0.10567585590607163
27285077,0.004933239804529471,0.005108950743258406,0.005206817658460288,0.002293698549994536,0.004091293657215813,0.5501010402565947,0.3767644962240977,0.012639355727024439,0.03886110737882473
27285996,0.003512017409964187,0.017186566446535777,0.005386592086268084,0.006157484760844903,0.02060804065627706,0.878228767612588,0.021302811258405725,0.015624937431893658,0.03199278233722271
27286316,0.010975772047904828,0.0063916599470897435,0.009471475344565917,0.0049387800019187475,0.02879039606960273,0.76821624150921,0.01510812876763293,0.03548334161494565,0.12062420469712944
27286859,0.002223341355941486,0.01586027890192909,0.011176203797928516,0.005671972706211123,0.0043217173743894735,0.4005434170055873,0.04073638749938189,0.012079213206768353,0.5073874681518628
27287341,0.0016956413317955473,0.006954493920639538,0.004455155471629684,0.0020998497830772315,0.002707768426131925,0.7017949016885681,0.2567256110173053,0.010133709128546773,0.013432869232305975
27288515,0.007580881736224527,0.027424695366395108,0.008242970439364672,0.0051843328505893835,0.01767391108750031,0.8656236061323963,0.030098622403922966,0.019402936418644066,0.018768043564962693
27288757,0.004518534833878238,0.005978115586394108,0.004868944707821242,0.0025008916392329755,0.004501975305778322,0.7799958126704523,0.1663182203064777,0.011456971768399488,0.019860533181565755
27288952,0.0031685986709952415,0.010125733327854911,0.011184356795239467,0.00727096359787287,0.02682099533605912,0.020400400180470794,0.004756885832774721,0.01600482811969193,0.9002672381390409
27288975,0.005075508130972628,0.0075704544867516085,0.00733292271783194,0.007116313745683631,0.025100250731378452,0.02295405383077805,0.004225427217483832,0.01891732339464841,0.9017077457444713
27288980,0.004336507811544306,0.010401806291208023,0.00842764673585243,0.009931654193780599,0.02977017799108569,0.022947264561507492,0.003863704718718503,0.024838946656617178,0.8854822910396858
27290039,0.001308596613579678,0.011323274297828818,0.0030658616058461177,0.002016164765879809,0.003997751990273004,0.9182746398911945,0.0361227015944554,0.011349891069783739,0.012541118171158895
27290905,0.002304209021819057,0.011626939221038872,0.004634434045787954,0.0032932877171475443,0.006640735377379134,0.896207197011351,0.04134417079285129,0.01892735590555673,0.015021670907068426
27290998,0.010804987401911107,0.005907396307434146,0.009635492795990599,0.0069404131376947144,0.11888298566386662,0.4910279208374072,0.004108943948241862,0.2976794529536457,0.055012406953808116
27290999,0.006828951101680531,0.010317300276425264,0.026045763674541773,0.010311216383551664,0.1327653065649051,0.4725651035387626,0.004544897366091748,0.20487650810331795,0.13174495299072345
27291005,0.008306218171535176,0.008448119920945069,0.008569868400896343,0.00537630179114876,0.05281081395217987,0.8151242946829392,0.0069658085446604465,0.04208092405811772,0.05231765047757738
27291012,0.004074007078800515,0.015911445699829947,0.00985784868006207,0.006232943643761281,0.1561263988153035,0.41702761931653454,0.004816687864426939,0.07038326055949888,0.3155697883417824
27291083,0.0029740870068782226,0.020725854906706316,0.008998792904235024,0.006479169973275696,0.046220004340336594,0.8556904334021304,0.007948346134331919,0.02274052465526082,0.02822278667684498
27291147,0.004737671576182815,0.0080477216646256,0.006487863380871183,0.004867735769509301,0.06732093186013673,0.7853473684005481,0.005991748199452601,0.04470218752125399,0.07249677162741966
27291193,0.004754894109923929,0.008451454864839416,0.007092901500150279,0.006642088149982431,0.0650021733933381,0.6360119958418002,0.005304435328288901,0.04128165064670129,0.2254584061649753
27291241,0.03709283926504117,0.004969706277251843,0.008365955283589112,0.007279366619157662,0.06954477042390783,0.39183286183319066,0.005243052468833072,0.14215153372767075,0.3335199141013579
27294499,0.0020818459048935244,0.007389763053246398,0.0045457292719339555,0.00594648340339755,0.004206988571082385,0.7733151044477473,0.018117748648832404,0.013006310695252281,0.1713900260036141
27297944,0.0012474156601118018,0.012051129701070105,0.007098051448644443,0.0037548431809562004,0.0028600591746634186,0.79494108196866,0.06775992371162137,0.005662343094670007,0.10462515205960268
27298029,0.003140997451103796,0.009241248335611105,0.004689613699098557,0.008168063097998937,0.004923242898599804,0.854326582436655,0.019381175916415326,0.01104346596602887,0.08508561019848869
27298207,0.002934808874176551,0.0019214913072581848,0.0018853970092170835,0.0014381666416275946,0.001543378802855639,0.015737085416703957,0.9484323334536509,0.0037827928587696722,0.022324545635740572
27298831,0.0018681836193596283,0.08413660801252015,0.010859225291489815,0.011793030431235448,0.008413168959785411,0.17926441000457244,0.014722881599866145,0.05943939633444513,0.6295030957467258
27301086,0.00414353896093605,0.5502725273446668,0.022797781114099185,0.03201520837723274,0.13004495474409022,0.05906743438778528,0.008163417205070671,0.03703745970276896,0.15645767816335004
27301588,0.003685065956704314,0.15353752333373882,0.0114614788110167,0.042045461291152705,0.2693042575019305,0.05752406396462452,0.004459975244008526,0.42384371296925916,0.034138460927564805
27303130,0.00316027630125338,0.006234649324027368,0.010847644286724542,0.002851000971002848,0.0023248763833338777,0.033193176809454654,0.07960930867430571,0.008535300980073452,0.8532437662698242
27303243,0.0027106158042845096,0.006633981438669391,0.007794548745002657,0.0024696863634106566,0.002209438134017402,0.04168434374181593,0.2676419522161231,0.0066696035192547335,0.6621858300374217
27304639,0.0011847831033000495,0.008908307369578497,0.0023534938391941,0.0025737377160182395,0.0030493093122327497,0.8859626540566381,0.07087124709714036,0.006576607685393357,0.018519859820504664
27310870,0.009437869382523209,0.002441209513954353,0.004133730246579056,0.0020883792796552387,0.002125180566456259,0.013389039930733196,0.43849032338588967,0.00556456588012689,0.5223297018140821
27311386,0.0051445446690327416,0.03799237887093986,0.005891395511047992,0.005777379708389262,0.020666826289194907,0.8605923385367734,0.03276903158509259,0.017819624329410314,0.013346480500118814
27311627,0.0013137613516658922,0.014030763840567829,0.004137699725212513,0.002446928831089522,0.006793999084324192,0.9129525501481897,0.022091690940402843,0.021825732197340412,0.01440687388120716
27312527,0.005066285556421107,0.008124717820892873,0.004999042195197771,0.004480002569794909,0.01576642908278509,0.8635588471954359,0.040623886806752926,0.02430007308962133,0.033080715683098186
27314199,0.012950892288084282,0.02014080850869269,0.008746890212865678,0.006063978729008494,0.017318367245967952,0.8476880422014861,0.042113948352172234,0.021970182537302832,0.023006889924419717
27315036,0.004977379902308229,0.10553853078912201,0.006681244151514345,0.018730431332779164,0.16349614072286953,0.6409757438284169,0.011306957805844375,0.029049971264251698,0.01924360020289361
27316574,0.005409251211159995,0.011023467927513806,0.005031106062098302,0.00851022419514362,0.03778124857935336,0.8276463166096222,0.012770954055144099,0.060182098549126185,0.03164533281083857
27317646,0.0051086265352265564,0.007114918424009795,0.009111519549539818,0.0033871877621558903,0.004634201585658527,0.6897081076377101,0.054154438091222036,0.020245695523543973,0.20653530489093336
27319072,0.001977501265523228,0.017909288862565154,0.012055949141639771,0.005542743496923633,0.012156338728944819,0.4592369475100672,0.08310705845688868,0.37199344507953436,0.036020727457913126
27319892,0.0012681229364130465,0.008369749106462543,0.0034800750689931927,0.0017803085397746215,0.00393684523654994,0.8953311840147108,0.05886608737374747,0.016718837159278733,0.010248790564069655
27320262,0.0024136405033450634,0.014526089001067522,0.013659901189243965,0.012330246066120444,0.004971271409814617,0.2819099864296488,0.014645672442360855,0.020619766509443645,0.6349234264489552
27321197,0.003042191871584953,0.003578335757142618,0.0024289828262668194,0.0018970745438930724,0.002907892124276765,0.08019866212588957,0.8888642227442292,0.006875198107167327,0.010207439899549732
27321202,0.002547208110070292,0.031280776815067864,0.053821626183386144,0.024883059573704378,0.008107508274719616,0.14231820055201957,0.041499815222291625,0.025698905011061948,0.6698429002576785
27321241,0.007644978267222671,0.005760192797468334,0.006751901936097719,0.003325166557337399,0.006531233860726115,0.3986102850375834,0.30300616795904245,0.22082179003917912,0.04754828354534281
27321582,0.0064829912734079035,0.00396170802864802,0.00712169250783153,0.005068997311138048,0.0032126272846886694,0.02577693544083307,0.025856082979668026,0.01446207234583717,0.9080568928279474
27321885,0.0032767562387744885,0.03066617885856349,0.3232285204003468,0.42362463730101807,0.00982099093899091,0.047003609728743095,0.043287204976034825,0.04975880965870218,0.0693332918988262
27322213,0.0014935318998764676,0.009983545609189685,0.0038090267256818623,0.0022876695754266694,0.004119839793796882,0.9103640535574646,0.03390005311602208,0.019307972870538846,0.014734306852002726
27322239,0.011963422452753449,0.020476196643918483,0.015498769480278883,0.022083219791624743,0.013369918294746326,0.024490929000114865,0.005454965839462917,0.03974235383210938,0.846920224664991
27322774,0.01101999003653454,0.08529082952907943,0.03447905690555313,0.012233820971949912,0.020376026209768732,0.7547896202302938,0.017897471001227683,0.03033263520963433,0.03358054990595842
27323256,0.0029020496533497028,0.014268796254261279,0.039699616271006516,0.017000027292419603,0.0070395360754856124,0.8016289090995066,0.026356818924379088,0.025674233278388178,0.06543001315120339
27323692,0.004131659618615522,0.0604185495706815,0.011704858277107537,0.011472461503739925,0.030745222240728547,0.8141346427978317,0.014884257221685786,0.023006330331268,0.02950201843834154
27325257,0.14176052608721199,0.029129925154115274,0.01159317262107434,0.019309977354165616,0.05544269239271683,0.051032334677771435,0.009270019409149942,0.020308028979666413,0.6621533233241281
27326782,0.007218241330750155,0.022784075553127038,0.016526183387264453,0.019991458929686,0.02279910559928551,0.011373321803811062,0.00400847088175724,0.017574964453380772,0.8777241780609377
27326804,0.008062202701113986,0.010698201293431164,0.017031030883222498,0.0290746424611776,0.023118053325366966,0.012159251580857091,0.0038648671175881425,0.018224224283622133,0.8777675263536204
27326842,0.006952198012430461,0.019129378624050876,0.01926481165863888,0.04879768076045412,0.025076398353216917,0.01517049047080229,0.009902790005957405,0.012490761306966377,0.8432154908074827
27327185,0.007644298843399764,0.01756281281535021,0.008265915996013121,0.02998643428042069,0.030630837242480363,0.01907562373795832,0.004189433137412534,0.019749554056763676,0.8628950898902013
27327671,0.0019429366409464187,0.01064189430416591,0.0068425751832303545,0.0037913431249647937,0.006253125319369838,0.9181212680401087,0.023574435617528946,0.016123439058725236,0.012708982710959967
27327877,0.004276719394594632,0.01247906832413605,0.016333642146085174,0.05102083050524592,0.005011990285105758,0.0519801308032799,0.008899677035453236,0.04848640699609453,0.8015115345100049
27328781,0.002119760341315624,0.002463621046080694,0.0022810125008633554,0.001635071703853982,0.0017372601519164638,0.025745356204794588,0.9353390267829862,0.003767700881826529,0.02491119038636252
27329054,0.002549915516949128,0.03532025750397298,0.06462884609771379,0.023312066529037095,0.020155635795704084,0.04619036567061605,0.01454405409350866,0.3570053531458023,0.4362935056466959
27329113,0.006637234502391318,0.004150541896835412,0.0054697779832053785,0.0024912709349402336,0.004457589506461599,0.32644932106914926,0.6246526368721315,0.010685262267371156,0.015006364967514143
27329179,0.001970211134430312,0.012035244238183865,0.010334230734179195,0.003114338689696628,0.007125983711019457,0.8728665106678559,0.039608096460238364,0.020840097023910254,0.03210528734048605
27330098,0.0016194630346835865,0.005461127517703981,0.0031856759501293387,0.0024880951872799885,0.002704334734872355,0.7996892873704864,0.15015358245783136,0.0071154857910849904,0.02758294795592802
27330398,0.006231433213522572,0.00905328543441528,0.00979115622307448,0.004845627858971244,0.030419852585099792,0.8432267453804725,0.011471435255541175,0.025385706886845497,0.05957475716205737
27330675,0.01297453766584064,0.0048119490521385255,0.007185913776596782,0.003697725813290593,0.019987840677869184,0.8522519497503344,0.019665298367982496,0.02267665412186017,0.05674813077408729
27330798,0.004755276692899634,0.0071196944216544,0.008494157446535165,0.005337898404406233,0.06246469676958377,0.7468731369344721,0.005183903604269173,0.03677927820341589,0.12299195752276366
27330903,0.005633245085825829,0.006531456798960414,0.004833574981075746,0.00641830507170157,0.02264937429280119,0.8746156730023353,0.01475316533064743,0.024879268035130922,0.0396859374015216
27330971,0.0032971773267663697,0.006120121669116934,0.003642808066957574,0.0044487078870295805,0.01659204199746939,0.9050193170761128,0.018355971891563357,0.015407577410412108,0.02711627667457195
27331136,0.0028542043313229287,0.006904424963548016,0.003625076165262372,0.006104278811078131,0.014393130334104023,0.8966748962766018,0.010324410032600005,0.016933259657754902,0.042186319427727714
27331288,0.0014737479247369171,0.00705595063180906,0.0034322641966569095,0.002300984958875872,0.00306269948806016,0.8853119322575882,0.058906505426895094,0.011002875013075309,0.027453040102302487
27331368,0.007023451311750814,0.004390212992028171,0.004039308630437162,0.0034403630576070876,0.004581683109261199,0.8670951875622248,0.033590149198904545,0.02178119078661104,0.05405845335117519
27331597,0.005094078371551114,0.012341719619835524,0.024811862938820924,0.017323493145603584,0.009879716000485341,0.08774795070621103,0.01276233599578753,0.03385581580736317,0.7961830274143418
27331897,0.002711852086593747,0.009314297464934765,0.004673112218354625,0.004617913051466401,0.005831250084099588,0.8789650900126054,0.028110708243598893,0.014107579969176078,0.05166819686917057
27331898,0.001393276376851244,0.01112338746888032,0.0075840664781601725,0.00281548615008663,0.0038597010018055675,0.8921004455903341,0.040787052734023325,0.017084392114135923,0.023252192085722777
27331924,0.0039718761080805645,0.05109515742086189,0.005039119899702503,0.03434751372507222,0.37298908732925307,0.014328912514485925,0.003349527674222588,0.5077483414852558,0.0071304638430654665
27331936,0.0027394860242298874,0.004909396463283165,0.005469733600071869,0.0019241811063562054,0.003410006328543792,0.8488933152370526,0.08047269872303695,0.010002420978181383,0.04217876153924414
27332145,0.001183603038049482,0.007110671210172382,0.0021606612738002485,0.0017295628196478607,0.002665271221982803,0.897525899784777,0.06463943424838807,0.009280444552761377,0.013704451850420667
27332389,0.003041001999667565,0.0073369100132288124,0.003393981414125492,0.0024935055036862776,0.00563472115123681,0.567852437199621,0.37978091036756667,0.016409877302660327,0.014056655048207052
27332497,0.003541609748611787,0.011069165253026349,0.01268868039127739,0.005704913221663268,0.009501850060124828,0.7734514158730013,0.021162534645347276,0.03494480088539171,0.12793502992155617
27332504,0.0017827385194442282,0.01145564532709688,0.004149395601513026,0.004362690310729037,0.006041966968209175,0.9022280255286035,0.01729016072206027,0.018100663512489446,0.03458871350985443
27332769,0.005709952501209121,0.015123760425998611,0.02478816591691783,0.01651858546906174,0.019888075745545627,0.41966890424399605,0.014860146562290387,0.44976654767971724,0.03367586145526343
27332988,0.005707245790760794,0.012841231170198458,0.009227955651848295,0.007706341039153956,0.015041899199995431,0.4342400712719433,0.015380842424285265,0.4193201791659817,0.0805342342858329
27333044,0.0025360777923134487,0.02202736626300805,0.009810154642197975,0.006176050522285694,0.014879840587253135,0.780588455790908,0.028051296613104924,0.12180176172193655,0.014128996066992272
27333961,0.0011517247608208716,0.010155077291262369,0.00278188756847719,0.002166438203504028,0.00327913450844846,0.9303617177327095,0.03062913852236965,0.010535095487211581,0.008939785925196411
27334642,0.001271347866052643,0.005742776663646278,0.005654981088763674,0.0013468641957662994,0.0016234486325502227,0.8177559047674579,0.12900625872446222,0.004487097813131203,0.03311132024816972
27335022,0.008646656078358215,0.19594746626861217,0.03479562472804422,0.48605554200598466,0.15376015542830535,0.03135116020265337,0.005502441619413688,0.050152416112560425,0.03378853755606783
27335499,0.004877252952883073,0.03439378188322462,0.004091062448552902,0.006058068317580567,0.021341125164802455,0.8868784894458324,0.007447099442700881,0.02026840762095799,0.014644712723465106
27335500,0.004657320023245005,0.03179541911299925,0.006344214219729271,0.004334867302863087,0.01913013892920347,0.8863732739233889,0.016136883418704173,0.017216445960210137,0.014011437109656678
27335920,0.0008239456032044871,0.006169467969050819,0.0038458070980302867,0.0012092062330917033,0.001551151422730114,0.6802354413936538,0.2466132942556998,0.004950265422509105,0.05460142060202989
27335937,0.0018026785055204866,0.008806151358273133,0.008927943054356182,0.0028412590448467284,0.00291153645124596,0.8605707517408562,0.06440530143165878,0.013912739522039986,0.03582163889120259
27335972,0.0020095884539450158,0.005791707762649845,0.003613738302258019,0.002110568508812366,0.0023053430545711437,0.8396358508564606,0.09005597324208144,0.006582147237322837,0.04789508258189871
27335985,0.0019651710868584713,0.004884903528518992,0.005550555985318635,0.0023091800295121376,0.0020466308608896207,0.8536009045261997,0.025986559898753682,0.01442936309410216,0.08922673098984656
27336264,0.002657027860487108,0.00961826789130907,0.003865025137509841,0.004087973745000128,0.014003794996163693,0.9012927312738438,0.02870571319978222,0.014601051337525628,0.021168414558378507
27336301,0.003799301173002565,0.03203362008904165,0.008288678295132601,0.0072367352926573205,0.3341996566750707,0.03252639662392322,0.0045476625009344745,0.5338371272122505,0.043530822137987
27336331,0.005592812511241179,0.00944799778515824,0.01263064595476814,0.006500638748154223,0.3267033647789595,0.026679279413695453,0.004948360951872285,0.5327721920621067,0.07472470779404428
27336345,0.0012442974897977973,0.003851140721663212,0.005370884664002112,0.0012774677428740158,0.0013901316220672978,0.5950499489911216,0.3502086312335068,0.004373823503047988,0.03723367403191908
27336370,0.003263255010259012,0.011100568247869232,0.0344048966019163,0.010061470285955533,0.003758923955643704,0.5711849630412335,0.016381381295590518,0.024990354363561562,0.32485418719797066
27336506,0.004661496097034298,0.006645013041258396,0.007632108957931686,0.0023157399161699036,0.004505431449253564,0.5088393123843273,0.42809382426772824,0.01190892335317019,0.025398150533126437
27336625,0.001664312390116718,0.01238866421289464,0.009692428090887696,0.005006624214460336,0.005129226048754275,0.8354000355970863,0.07135865310082798,0.023526836536731037,0.035833219808241015
27336709,0.004802149451786351,0.03178300873353078,0.006100988807248923,0.006372377375697767,0.02484696004196229,0.8790934735226621,0.0157076141713429,0.019927419368442664,0.011366008527326278
27336822,0.005278047151825793,0.021923773760822107,0.008535801917917774,0.007803131752826361,0.4090299025626023,0.03259985264407537,0.006127338650895153,0.47508670335518516,0.03361544820385005
27336898,0.004054695046037633,0.003529017078888595,0.004584647044122813,0.00160772585251449,0.002708595787456699,0.1254956094132902,0.8311756333378005,0.007848294036781544,0.018995782403107564
27337000,0.0041994694882068655,0.03746436789496133,0.007965034050305474,0.00827923014860012,0.4952120576105015,0.032520279141178755,0.004681071665699453,0.376797187590863,0.032881302409683455
27337095,0.004127257135992356,0.059677545503235785,0.013458218113285956,0.010622487823586947,0.02711937352860008,0.8150463355718738,0.015295304443032034,0.01899254755381509,0.03566093032657796
27337441,0.010414657952981722,0.029087686120330344,0.007663571595623534,0.006041398108950136,0.0226092238778889,0.8392949999311925,0.014642050254360937,0.030443960000528632,0.039802452158143285
27338015,0.23495755787370298,0.010639578935500384,0.009247744872301346,0.007458428981945815,0.011336266784980996,0.6315061138294485,0.010349739802694219,0.04278291877391923,0.04172165014550648
27338261,0.0014569936435271263,0.005095848556042292,0.002422044496820518,0.0033392779969616203,0.002750040034289574,0.9171663065896993,0.03239834647292648,0.007380905783663878,0.027990236426069154
27338374,0.0021993121578047976,0.0014224209101371592,0.0021784572639231056,0.0008467246055397103,0.0009732213693760827,0.007882535948277343,0.9613991461879909,0.0022468017312974988,0.020851379825653386
27338487,0.005037792963935014,0.03156997932803215,0.0056807622816225445,0.00490855293051108,0.019458908521264917,0.8792883922349048,0.02666080159017078,0.01691601846016187,0.01047879168939686
27338573,0.004850499234804146,0.004242957889856061,0.004424348348867009,0.0028168718583883954,0.0034676822577973097,0.880075092361488,0.03063622553434328,0.02107804867214307,0.048408273842312846
27338627,0.003665883179226109,0.005063536709869304,0.00333917449150294,0.0030727667303095145,0.0038325547674344738,0.8927156199904447,0.045426551530316654,0.015106878071677965,0.02777703452921852
27338828,0.004314538781826264,0.002338188070561167,0.004252061969141264,0.0014423889970380747,0.0014040206748903944,0.009991408168464447,0.8032681297964162,0.003807714064110983,0.16918154947755135
27338955,0.000940372668514873,0.006107688957267909,0.004444117653552928,0.0013706980116645119,0.0015259516313573137,0.8849068268356334,0.07782284547407807,0.0038009513269101707,0.019080547441020782
27339257,0.0024940022535052727,0.0013569468960003236,0.001779457747388313,0.0008442293321411338,0.0009258201768637964,0.010064096034854359,0.951246444456924,0.002792797842472387,0.028496205259850547
27339480,0.0013874956289323683,0.004177254079011059,0.0037395668001342797,0.0013351527382769867,0.0018962018560660804,0.6153727796522794,0.3526067608779109,0.007179299718822959,0.012305488648565927
27339989,0.002010169145648889,0.002648658826952123,0.0021143407268872953,0.0013832896208330323,0.0014292010570609876,0.06536870642621212,0.8993186823879953,0.0027470330301322,0.022979918778278076
27340997,0.0016603214066320759,0.007370034531857949,0.0036423842082030887,0.001750568029537877,0.0030737597824212325,0.8364229658173871,0.1282895680543649,0.008792148703075814,0.008998249466520128
27341248,0.0016090249661941199,0.008363784305714453,0.011590157102579109,0.002644738003130437,0.00199732490566209,0.3032675618412009,0.2720821391810097,0.0045953494348817655,0.3938499202596273
27341296,0.005249233434482746,0.035409362088575404,0.005220938967362524,0.0068493753627040885,0.03191854424767481,0.8653239651668634,0.01619289978919295,0.01896983515131799,0.01486584579182617
27341878,0.005116934564476886,0.056829349809782916,0.00799374611743318,0.08197669181561211,0.09282617030037864,0.11867452818080995,0.004803412148508699,0.6152834259236489,0.016495741139348548
27342302,0.0007876169117459612,0.00701447097420548,0.002359845023692537,0.0013205799958053955,0.0016981811806496083,0.7940137501670146,0.17260300161299003,0.006107650185920705,0.014094903947975513
27342483,0.0009279550072007806,0.006235356347878785,0.0036820724283158474,0.0012074557731949593,0.001735613699833693,0.7403929369118378,0.21243158751980695,0.004241019116826107,0.029146003195105054
27342678,0.0014172665156105258,0.007633063453079796,0.006761421944216715,0.0016425030167204933,0.0017361500926759566,0.8451757955258533,0.0750051094361786,0.007207617361251482,0.05342107265441322
27342880,0.0013702628462950873,0.006568353262462145,0.002624354366600339,0.0017027679980539242,0.0033109440885878837,0.9033373235810075,0.059821982610359294,0.01006965846871351,0.01119435277792027
27342921,0.0023018906384152248,0.0036871656352640216,0.004801988367494571,0.0016249941491586347,0.0015619677439990686,0.038650502566907545,0.2327008006898501,0.004914776125300555,0.7097559140836103
27343006,0.0013346509753546412,0.00833160804329613,0.004542434689300067,0.0022181076499693856,0.0039524871144008995,0.9122950355643127,0.04499020674277813,0.012103052430840418,0.010232416789747623
27343023,0.002982031407456466,0.008975035077603251,0.015570800813067172,0.0066584732652988,0.0029826513308674864,0.4619085950965714,0.16693255936477963,0.011554184331080856,0.32243566931327494
27343037,0.0011065642351551811,0.007939735243337786,0.003606150103193564,0.001740848691136429,0.003101588954718908,0.9300936902733439,0.0336291826688842,0.009259092400493087,0.009523147429736926
27343163,0.0010964120845820778,0.007930062399666402,0.006134020760470602,0.001670787102254049,0.0018980599837893188,0.8872129033568608,0.06593374412684194,0.0066217163120027575,0.021502293873532044
27343271,0.0013705888962922774,0.03604375181072998,0.01207647467384421,0.0073656610569524375,0.004403774771608897,0.8600020023707987,0.023441048418591754,0.013880594448520514,0.0414161035526613
27343273,0.001206134975686429,0.007935913819009795,0.004538212561289819,0.002898832448130014,0.002697613456962027,0.8939578292633903,0.025307663755271256,0.008027748519333343,0.053430051200927
27343350,0.004546262069628725,0.05693297917814896,0.0076726513092287545,0.01892709889045911,0.03146873881800685,0.8095418291370666,0.006552783716346983,0.02455449182310547,0.03980316505800846
27343416,0.004665193018197725,0.031025070825059,0.009211950875086639,0.004296583989682837,0.013769632419235588,0.8915323501309924,0.018555725877294683,0.01399149272715886,0.012952000137292237
27343473,0.0018976762783308382,0.0013551155895796835,0.0021690045709664395,0.0008505733574436335,0.0009152625059176438,0.00933862959977084,0.9507836048212851,0.002094371342097598,0.030595761934608223
27343813,0.0017112984336770589,0.016932334250461856,0.009540901945129802,0.005429939018411705,0.00384325518691354,0.7063868308773256,0.02158613933907793,0.010444744641855368,0.22412455630714717
27344088,0.001521602974060403,0.01584761795966261,0.00886485312599978,0.0032740185169457176,0.005701433349504932,0.8984251300676716,0.030963914331474045,0.01715792476513366,0.01824350490954739
27344466,0.000834309850752603,0.005140914076817609,0.0021113796544284026,0.0012101470243180076,0.0018743801130593494,0.939179030179433,0.03799721465866142,0.005710974196363807,0.0059416502461657
27344470,0.003182342656956915,0.008090706698069331,0.00810088695601786,0.0026715174643855842,0.005938110472371255,0.44264271285686346,0.4231543724367285,0.08596911025002256,0.020250240208584503
27344606,0.0010811149962824485,0.011978838839647869,0.004873032578753239,0.002426390464112707,0.0041700599771825626,0.9212246990416352,0.029542379150427543,0.013859958865886673,0.01084352608607172
27344607,0.003628667285294877,0.006181955496663243,0.005516688876759407,0.0026136887226846615,0.009331289164651016,0.8655263984052769,0.04281940322969392,0.011172134915228176,0.05320977390374786
27344727,0.0006733924095164146,0.0052277497273556,0.0015912670672155297,0.0013310453949363088,0.0017168577923210445,0.9567770092728833,0.014856883184232741,0.006176226186145732,0.01164956896539318
27344831,0.0009952736816375204,0.0107763293738476,0.003087042521111716,0.0017696276106561948,0.003516178402230835,0.9378646359469693,0.02145493103107399,0.011773902426743681,0.008762079005729083
27344892,0.007189333516415541,0.04767900424838036,0.027322634068805685,0.018990653302781872,0.11734404568391504,0.3355585564427423,0.009839803427423502,0.23814698576780038,0.19792898354173533
27344953,0.0018214500379300635,0.022476748643126362,0.004505573102436914,0.002934094955506549,0.0070884923164804955,0.7811028767202706,0.030246223098224723,0.10767722695933256,0.04214731416669183
27345000,0.004366054327864377,0.004790935224811136,0.0059959279610969085,0.0032389415561346092,0.00755315831450533,0.842629282383649,0.015811664140812868,0.029570079517502793,0.086043956573623
27345126,0.009101056545682587,0.0063728478284934475,0.01240084397610919,0.004693654358787412,0.025769100575053955,0.7851671271301629,0.00884577438308245,0.04225270732891534,0.10539688787371279
27345197,0.004850036123999763,0.006057114998697782,0.004750866079433162,0.005057632676074673,0.01728260760648278,0.8754213700917247,0.009095252652732165,0.028359348829211345,0.04912577094164365
27345260,0.00369460237849507,0.0054339489539463725,0.003333186746791674,0.0049658347163824695,0.01007570789735223,0.9031189867213462,0.012678116671847947,0.020269068409276725,0.03643054750456141
27345358,0.003187397385324417,0.05448640349039964,0.005523528564477875,0.011323504349633506,0.06424747614553951,0.8190391666506802,0.00897877333421592,0.02210896681905726,0.011104783260671715
27345381,0.0012318885968431662,0.011302491495737024,0.009022030686381105,0.002841907189103134,0.003407719500987375,0.7673340009538462,0.0286808106445179,0.013124606284375865,0.1630545446482082
27345424,0.0036234524280057546,0.06017479499875249,0.008363340173610602,0.007957500859480476,0.07458061327100075,0.7683447610508924,0.010849941682916477,0.054247311934385326,0.011858283600955586
27345483,0.005220023573977444,0.003980519948858096,0.0037262976474815705,0.004276496271753591,0.009423029085915843,0.8505575776173965,0.008865243837072077,0.04870815296270726,0.06524265905483774
27345484,0.0014676286388066897,0.019399629307165503,0.011940959150837909,0.004358268852799172,0.004036619444595207,0.8496422266794523,0.04106913222381739,0.00913564661806465,0.05894988908446111
27345491,0.004769914859987567,0.06010834019849125,0.005942867963788441,0.007059916673587731,0.3022017703091697,0.48586349642360105,0.014023032453255346,0.10842891426608241,0.011601746852036486
27345640,0.0035970364855555147,0.006484387613570656,0.003762884531864453,0.005113685728268603,0.015177792090721317,0.9000024997490004,0.01486632939834756,0.020784363469120447,0.030211020933550943
27345805,0.003303041922020722,0.0175557750278196,0.031565248254132344,0.00858670660581436,0.010296353427510901,0.8142379608875934,0.025252771027466293,0.03806854923193836,0.05113359361570402
27345892,0.0022353984741732744,0.018186963678203553,0.017459647717918407,0.004402489945834264,0.007836175380575412,0.8633718754678785,0.02428859635078803,0.029821214579162515,0.03239763840546606
27345998,0.0009105587577435911,0.004951662767321812,0.002801435374043365,0.00109346853893907,0.0013469365389926003,0.8645151714955744,0.10522372133027943,0.005412444959727877,0.0137446002373777
27346019,0.0019243252142005754,0.00532671303500781,0.0074523345279047205,0.001844466785322556,0.0024846738643670456,0.8615818579401167,0.0778182575953802,0.006974333005619477,0.03459303803208095
27346052,0.0010812605892242817,0.01236861065227846,0.0026768060223796163,0.0017229374042567569,0.004024185297597834,0.9399397189584724,0.016200398101193905,0.012761922602388879,0.009224160372207755
27346053,0.00355042160428911,0.054180969143096204,0.007148027827884127,0.0061171476477880115,0.036397290830164436,0.8416523635131978,0.014582592327052061,0.02348688575339232,0.012884301353135902
27346187,0.00897648846600424,0.061097511396520504,0.010555292568841244,0.005360219646591304,0.032786205024393625,0.7690496264098854,0.05509176467218384,0.034306901375858886,0.022775990439721054
27346254,0.0008182368308551136,0.005205145385301295,0.0020290543915117798,0.0010751305588765818,0.0015230223390240787,0.9286294434042301,0.04609118435448597,0.005619991489647874,0.0090087912460672
27346306,0.0021517042873787505,0.004361906287611963,0.004613554400993574,0.0014157793230411705,0.0027316252883266244,0.30636078865984884,0.6592100101335139,0.006546939867096777,0.01260769175218848
27346333,0.001412999967473248,0.00575739927683388,0.002762947847884011,0.002953126942138303,0.003258211487803302,0.9289077474465994,0.024008736991889497,0.012019072116652249,0.01891975792272602
27346722,0.0006255750859512938,0.006199948044154503,0.00226647016165588,0.0012993806721515178,0.0015831153274511096,0.942224652779374,0.03258847658757012,0.004770236787209562,0.008442144554482075
27346845,0.0008996991161363219,0.005338486598815485,0.0035019929076583922,0.0010370439445070029,0.0014897018084330494,0.8929662821536026,0.07645428702783187,0.004420854919295315,0.01389165152371986
27346846,0.003575939229059501,0.004389749422265896,0.004877914021073774,0.0018270995497664763,0.003165732226894147,0.24782057889359294,0.7091640224502352,0.009474960198924347,0.015704004008187774
27346966,0.02161870232917506,0.007007343997932697,0.007441250615487629,0.00980309742179239,0.00944029890536661,0.01361100274944353,0.0034480923220415963,0.017575681704426367,0.9100545299543341
27346970,0.0008524279661911496,0.006044538907973225,0.00416651878853252,0.0012904577426533055,0.0014127176140540738,0.8784684799068396,0.07581192272992973,0.00427216604513699,0.02768077029868945
27347343,0.002914072633675214,0.12221142902132229,0.13794164055132976,0.09029554673607304,0.01114388356835925,0.07764046107852629,0.023470205369492913,0.31254797565354203,0.22183478538767915
27347412,0.0034475803811597986,0.003933877075697837,0.004173169743169405,0.002232957718342398,0.002902285950192798,0.07745684414122295,0.8815061741908619,0.007105238880231672,0.01724187191912131
27347654,0.0008642845739203223,0.009339181166156701,0.005581845284291611,0.0020013451718124205,0.0018518760444373018,0.8609619885727902,0.07983683046507807,0.005595985445676359,0.03396666327583718
27347921,0.00194655960552111,0.006205527078343093,0.008847482671905217,0.0018450244584898468,0.001667240592128069,0.19936893766524852,0.184531352821683,0.004131581126427422,0.5914562939802539
27347964,0.0020325400087605953,0.005657884726943742,0.007015344167728829,0.0021949062715080603,0.0022331335312636455,0.8160611871645332,0.07388390044226277,0.006835729770463723,0.08408537391653537
27347976,0.0018494882382982167,0.004920075885474736,0.006957245893370835,0.0025864187353314915,0.0021739188076844705,0.8054375775075707,0.03849193385355017,0.008041516263882987,0.12954182481483625
27348006,0.0020317767762421967,0.004573278466770192,0.004134804125148311,0.0030809511539653337,0.0027451012308295835,0.8358772905469163,0.06527719719809676,0.0076310765305450026,0.07464852397148632
27348356,0.0035250783343727574,0.01901464947793769,0.013368599318793365,0.005958675967830504,0.011186208360633722,0.7983184704632696,0.03534058181520752,0.06725038739521683,0.046037348866737854
27348373,0.0014403852618410976,0.00663706654050499,0.003379828937926765,0.0043392956339102584,0.0027672872108455517,0.9138539228748469,0.019408201677642452,0.008782798529815259,0.03939121333266675
27348398,0.0025250826543704065,0.003835262746405292,0.005761552770082111,0.0023878147589394645,0.0022547289005998505,0.8085474811926083,0.06392768543635029,0.009477359537678169,0.10128303200296616
27348459,0.0028557275338251353,0.006072555626958888,0.004350900418142893,0.005486361053180574,0.004443292830567966,0.8737210936832734,0.03710655587382962,0.0152973441219776,0.05066616885824389
27348597,0.0018127005001776222,0.016605484947531036,0.012034321167217943,0.003976248564414335,0.008088823587847118,0.8730079323956321,0.03874005469808636,0.026410117921687484,0.01932431621740597
27348656,0.0011768569431690635,0.006377697656933153,0.003912596562500672,0.0032603619489998733,0.00223693507721358,0.9060302605975612,0.023078406135421194,0.008569653154900521,0.045357231923300746
27348664,0.0010921243144969208,0.004362400911263267,0.003725675770840719,0.0015187715305825947,0.0017978699858002558,0.8263364292052332,0.13288423104955246,0.006110587374070996,0.022171909858159523
27348803,0.0009511231016593555,0.005190154548723602,0.004395856528901174,0.0013795239642468635,0.0015874960658429649,0.8725105456980402,0.09001773234611203,0.0043868003103762305,0.019580767436097633
27349041,0.0015549141497951673,0.011789149005807456,0.005232939082410817,0.0023319848462294004,0.0042318136953656965,0.8856026782123465,0.053285893963358665,0.020578934343513575,0.015391692701172698
27349119,0.0010028212714737635,0.008060856562695852,0.0037261288555373935,0.0015664278792388703,0.001996773628605803,0.8718749580105877,0.09235259477297321,0.004407829591759617,0.015011609427127799
27349303,0.0009818507311823625,0.008461698225585321,0.0033037881917778364,0.0022040662410110034,0.002286302581828407,0.8956422298953504,0.060519851908497554,0.00533651538828501,0.021263696836482122
27349693,0.0020465140518926453,0.0117539500838498,0.01773336209024145,0.004085987056925704,0.0027922264039691794,0.7558603901792977,0.08135847938412685,0.008311550597037592,0.11605754015265912
27349793,0.0012665634735900219,0.008778125935965116,0.009070501923703421,0.0024710658037279246,0.002111514500895771,0.385672989730947,0.0869493689011064,0.004045042071621101,0.49963482765844325
27350040,0.0010640921221614034,0.015313656157443314,0.0033460813721168108,0.0038840906357319586,0.003527435814347631,0.9170858315191459,0.014616691715579583,0.011770444427061459,0.029391676236412007
27350057,0.0011535147884515647,0.011315980141093864,0.00485616654735271,0.0035016607959266286,0.0028089703864836173,0.9257032411610427,0.02608133701778654,0.007868024836320325,0.016711104325541865
27350203,0.0021860861331226607,0.0026759733876021217,0.004558401734216667,0.0014325291797452804,0.0015635707942084807,0.6630888558039351,0.23571662385397987,0.004770048175936376,0.08400791093725354
27350557,0.0007736834935373469,0.009152053442344859,0.002443750129381421,0.001615850522912838,0.0022067137788138983,0.9282381625079938,0.03779112806787557,0.004777298756025568,0.013001359301114717
27350594,0.0020685803865792716,0.028673042327102133,0.01302239590411761,0.0056619537364403045,0.012790642883398293,0.6623213479985555,0.1102190359609083,0.14523015340154077,0.020012847401357732
27350743,0.04674504128198918,0.012545747696896245,0.010089052036879513,0.01089276495546468,0.2921509885032231,0.03769616900680087,0.004111943911751873,0.514844492534036,0.0709238000729586
27350755,0.0010007942518932772,0.006343554433180841,0.0021852638951882753,0.0016036405587083623,0.002316829395626192,0.9102497752538858,0.05926028581003736,0.007828323108625851,0.009211533292854008
27350758,0.05742359065168279,0.011375173511116807,0.009195445643132636,0.017341415441265457,0.21353193523381642,0.07276269204660396,0.004548961188552812,0.5549936460112379,0.05882714027259123
27350768,0.014961132739152037,0.00897065922332242,0.009358269110759404,0.00966270948658858,0.1138624858006883,0.06928250621673791,0.004158990788461009,0.4407735333521169,0.32896971328217345
27350787,0.11473615325203808,0.010266781814264221,0.011325607779567379,0.026957819841983206,0.10027563570090178,0.05502930194500582,0.004585998008911318,0.5806090772550119,0.09621362440231629
27350810,0.03428112799044709,0.011687516940451793,0.017652897203211698,0.014446308454378547,0.05004411320804878,0.21983030054410413,0.004896955786834128,0.4732735787435506,0.17388720112897327
27350838,0.008686233237625397,0.012921675210048007,0.011583834482985724,0.009809191610880692,0.06436628956990345,0.4908258930957811,0.004808037669323737,0.12858233854057505,0.26841650658287686
27350847,0.010117518701332281,0.019309282420835423,0.010107477047874985,0.012639716525443313,0.18725436070374546,0.10617725513148978,0.0044479268193713594,0.3967606656009228,0.2531857970489846
27350855,0.004718961855519349,0.06293379309577457,0.011967462124009863,0.006717048983060632,0.02520581018348783,0.8392573393718905,0.013249652493706925,0.018782971844593963,0.01716696004795636
27350865,0.0009713993258654458,0.0060533995086021735,0.003548997083637293,0.0013071742656105138,0.0016357571227066869,0.8818731236408435,0.08689380311344282,0.004376619478244019,0.013339726461047566
27350872,0.011701840962163331,0.00821359359471054,0.013620842878681049,0.010216098024328775,0.0445475786401163,0.2661012110688312,0.004781831326466067,0.41925681501403705,0.2215601884906657
27350878,0.0010238566367370638,0.008393769826255826,0.00598660065718131,0.001718391147137995,0.0020819967950258954,0.8166978884019815,0.134605157138203,0.008599277254369217,0.020893062143108175
27350891,0.006897288514060192,0.036483965247560736,0.026482361170965595,0.03182169888109988,0.11168932754520966,0.2443624842453092,0.006159662125169,0.30223454269559924,0.2338686695750265
27350928,0.049898643831450706,0.023399939799382815,0.009916280719228246,0.015460067597159873,0.0645241141389154,0.08833053252941846,0.004881790841999117,0.6740033452402339,0.06958528530221146
27350986,0.007368649943583202,0.009616074044874745,0.02150842701717193,0.01511377917006587,0.04258805425957628,0.1202542306830926,0.00499554957897096,0.35114635202345285,0.42740888327921156
27350987,0.016741824147158586,0.01629187384718833,0.013842788825180948,0.01618722901115258,0.1710137040194752,0.1376280521670411,0.004540036799823225,0.48830943704524127,0.1354450541377388
27350993,0.10252813759980418,0.009608519037050458,0.012044625390835123,0.015005882999453523,0.07671569190351105,0.09664003252600782,0.0040543145261722575,0.34534442398249143,0.33805837203467415
27350996,0.03753835184823496,0.01887323669580379,0.011859276526699339,0.02302685684624727,0.08398393738681623,0.09103470786938718,0.005007977825048155,0.5830937880669222,0.1455818669348407
27351001,0.0009426992975845734,0.004359797280599878,0.002917549138297613,0.0009323505846854007,0.0014095985145744978,0.8643507341333946,0.10626897932238752,0.0038100538088073417,0.015008237919668573
27351003,0.027857705229065735,0.024130211526097924,0.010299790727728925,0.016732272330825637,0.15192575606834569,0.06488650880334924,0.0046701743703106155,0.6103046456493606,0.08919293529491551
27351032,0.0294835651378515,0.004613942104264095,0.00660174525031653,0.005898777312320521,0.021882206268905115,0.18346927425236936,0.004002734871156946,0.42483724974619563,0.31921050505662035
27351086,0.001360330485639015,0.007100486866303394,0.002899797992485857,0.001957621097137101,0.0032923384966805492,0.9316533099644108,0.029716756407966612,0.009975056953103132,0.01204430173627357
27351124,0.04503312992697451,0.018753906517973724,0.006866310466941904,0.014442977941521638,0.07898202956197296,0.056708125207170855,0.0054800221759869795,0.7140171789059964,0.05971631929546107
27351169,0.03420714821172984,0.013480487377893676,0.006461623588013071,0.011818277535844126,0.047926908095785585,0.048460829187384966,0.00578323175130167,0.7764462348837445,0.05541525936830258
27351230,0.00421135529216494,0.025520406037244592,0.008963704962694434,0.022693448799838888,0.18513482765399583,0.0702778461858478,0.006052234513627138,0.5971160329622485,0.08003014359233795
27351231,0.002971171333941897,0.006133673321429498,0.003525172151939701,0.0024426272973602703,0.0036472139514701647,0.8880495731708361,0.05431759136705346,0.014572508848815379,0.024340468557153588
27351249,0.0011202449939757243,0.008232427653786087,0.008580364290096133,0.0024168094856955595,0.0020634434348145297,0.8683307951137862,0.05347397955341362,0.005313870682353576,0.05046806479207853
27351764,0.0031407832391547328,0.005808785115048797,0.0030932759182975803,0.002629760416439804,0.004336758005026347,0.5932708140117252,0.3517562542258411,0.01282688129959882,0.02313668776886759
27351811,0.0037176233124683595,0.07935258922827358,0.011183443215435946,0.016222867626141366,0.19328719316016613,0.12039634017884038,0.007818341085143857,0.26611065577829035,0.30191094641524
27351828,0.006099443917652453,0.0274043105188648,0.00598347633368071,0.005354737374404583,0.018926758386915155,0.8858796751086011,0.021607364377417497,0.017456814359836738,0.01128741962262689
27352074,0.0017372777834999812,0.00834110946123327,0.01093343666062155,0.003641882843317711,0.0018090345770112005,0.21367303056774328,0.0314139590648922,0.007829134711393116,0.7206211343302877
27352253,0.006036245543937771,0.002975245247046543,0.003918102069001565,0.0016774696437628033,0.002280740937374312,0.3531462245678575,0.5424382085782602,0.006389722234759322,0.081138041178
27352389,0.0021298035843311165,0.009191732923486188,0.006759166315612418,0.009874501607584792,0.003721596596801163,0.8434697700845388,0.016714441156865198,0.01701467383106326,0.09112431389971712
27352590,0.0010393941292172575,0.011945072906415959,0.003920007314097324,0.0021431289203596104,0.0021603726739042373,0.8859140889397248,0.0481365137563508,0.004935407309801431,0.03980601405012856
27352645,0.001084754038845657,0.005288246576948869,0.0024469109518435793,0.0014575652370126828,0.002044550900765783,0.8487516494731645,0.11873553293730785,0.004069114509784789,0.01612167537432626
27352657,0.0047809385903942415,0.007601368976509146,0.0038873048551529093,0.007195425220041332,0.013318455728151523,0.886505694417814,0.010768814167456663,0.029602141901786998,0.03633985614269321
27352709,0.016460329335804488,0.025755095283031985,0.01011529115471123,0.007048852870482603,0.014991858439676022,0.7117224775832787,0.03769901774052356,0.014851055318381604,0.1613560222741099
27352883,0.0013479010157437458,0.003576508162999321,0.0025295626709680255,0.0012842476081069232,0.0016465158829312226,0.40873022833469624,0.5633513027246403,0.006311072011919575,0.011222661587994613
27352929,0.001125374295479286,0.007920033724859816,0.007070197794412159,0.00197994147874899,0.0019524940364016254,0.7265768692264329,0.11315337632810067,0.006358394017725181,0.13386331909783936
27353024,0.001051080197576589,0.0077036120857938385,0.004794135037939087,0.0014070801869673353,0.00182460993425366,0.7369721525620123,0.19896321058995264,0.0044728651596210745,0.04281125424588349
27353174,0.001183350663272482,0.00521493206007869,0.00255543658935441,0.0019060895402156944,0.0019935244591474622,0.894355153460037,0.06825407071862317,0.007779621728482559,0.016757820780788434
27353325,0.0010552689726204439,0.003791720566153239,0.001961289213129081,0.0011194034924377494,0.0017799649393426254,0.8079139983266748,0.1617236232053644,0.00831596694016722,0.0123387643441106
27353511,0.002756523760553714,0.005364453556502024,0.004671916207623733,0.0032911991173981375,0.003320431322584572,0.8080486392486812,0.07029977894054905,0.01225375923250114,0.08999329861360648
27353521,0.0007783233143759633,0.004189628725872592,0.002047192414333327,0.0008720529719159946,0.0012557488786782652,0.9138230317738676,0.06353307108662766,0.004332291000242131,0.009168659834086565
27353696,0.001028466186995685,0.0058026646128920565,0.002113874795205868,0.0017865970916021308,0.002351176855673976,0.9145035913657757,0.053576730953783167,0.007130097658782223,0.011706800479289256
27353737,0.0016184275172508788,0.003409500633975578,0.002182614846635229,0.0013762814451811867,0.0015271611456086863,0.8726851608426112,0.0704423942596074,0.007925623626003122,0.038832835683126725
27354125,0.0012021444057088194,0.004921302460280479,0.002089889630917162,0.001701253582913136,0.0023605779302063416,0.8745109179535421,0.09587554071564713,0.006881368009136213,0.010457005311648655
27354711,0.0010890080112916612,0.0039721865441426285,0.0019095787151100496,0.0010406750732364573,0.0015382203945935862,0.9040903902320121,0.06931272175899052,0.004772727062946962,0.012274492207676175
27355082,0.012411392295285558,0.01731638041529391,0.013123977797316172,0.013537783316158377,0.14022398650050433,0.03927750806159319,0.005107979236012879,0.6196121606796283,0.1393888316982072
27355166,0.030726292629958806,0.004112973092198431,0.006353454803434344,0.006583318396472058,0.013935339523461024,0.18728991299599346,0.004465026567049971,0.17870753278825188,0.56782614920318
27355185,0.0015413020301680545,0.02365620936550267,0.006204743485956777,0.0037197094173116755,0.009584369077664018,0.9094646787688488,0.016718447441783624,0.01948732721438438,0.009623213198379976
27355495,0.0014288968662488726,0.01927728867105856,0.011323099032386532,0.003678512271998583,0.006059724738356199,0.8158267864640119,0.06292997070039578,0.05851479705665598,0.02096092419888767
27355503,0.0013436618024321504,0.017360009146574783,0.004906902505192834,0.002959214426494954,0.00657377912405565,0.9275067644931978,0.015201211305096102,0.01519648392482874,0.008951973272126955
27355642,0.0035673052149396817,0.042909883751781085,0.022067827373615293,0.02299692553105541,0.06880636339293748,0.4610755818244349,0.016102733986077818,0.33718801328612047,0.025285365639037907
27355644,0.0009412216012211483,0.01078348454139879,0.006196123384646034,0.002810959364657892,0.002694562596563855,0.9037438037352625,0.04308698327139844,0.010423862852881754,0.019318998651969507
27355774,0.008160782365142106,0.013962822220312221,0.01035817958706542,0.06469047350973509,0.018189937501990085,0.01969336137771786,0.004101465746890455,0.039579790780987875,0.8212631869101588
27355776,0.022538023946310614,0.009952226213736908,0.009713968592108067,0.029499626879673575,0.013297511574468752,0.02097333332988372,0.003961463514995276,0.029853975563950474,0.8602098703848727
27355820,0.008271748726593864,0.04191856426610297,0.012351056390196104,0.035994143370936676,0.02815104592963951,0.0353101783566904,0.006664031184862056,0.3112624597655746,0.5200767720094037
27355950,0.0030071843245969496,0.015368855146047064,0.022882992588000937,0.019190020695540825,0.005571415521020428,0.023537484748802084,0.00663445271592742,0.0250227103746684,0.8787848838853958
27356033,0.0016894046502890527,0.006183062109566885,0.0028516447208084173,0.00394805814479172,0.003849599102638903,0.909050644645359,0.0391770973669985,0.008430647629824673,0.024819841629722856
27357496,0.0016649248911419071,0.017586110547100294,0.0207846055090561,0.00914598998673692,0.004659162863133108,0.8683923933158247,0.027697558461477447,0.01461704506903221,0.03545220935649734
27357719,0.0016131656408176294,0.0035421761611132054,0.005065289271765862,0.0014975882699000411,0.001432677247900025,0.14344462381357515,0.7604264364209568,0.003943257990193765,0.07903478518377757
27358020,0.0020529302086283187,0.028975638199228066,0.014198889437618897,0.003450423747803158,0.009313666224403007,0.7951382747176288,0.02630054216637603,0.024741497642946354,0.0958281376553673
27358802,0.004542218709073512,0.0089094655263657,0.010476620629100509,0.012100567643461272,0.01777511171522347,0.018028812530446085,0.0036617872664314382,0.03687269444058622,0.8876327215393118
27359760,0.002438207527420016,0.010238574324074507,0.004351204860039865,0.0024881802733303904,0.0037641057639019953,0.6791235136745994,0.262031943235981,0.02064455765292415,0.014919712687728591
27360515,0.0008492780400488466,0.005887191029166428,0.0018174691198318967,0.0013828278590196535,0.0017889870773070697,0.9104863644661867,0.06318433841908051,0.005066379882820692,0.009537164106538265
27360764,0.0008114827085124925,0.009183703142108564,0.0030999587406396324,0.0018858305480636147,0.0038443548567343357,0.9525517827653445,0.010690847214070905,0.01001918983663204,0.00791285018789406
27361157,0.022807615735583067,0.01944431483827085,0.013997066992854895,0.04347802474385638,0.013825067115576769,0.09904231762282338,0.004701942118188688,0.043639592240757474,0.7390640585920885
27361357,0.005120807184720549,0.05088091957183797,0.0061588571717955615,0.007494842179594958,0.03639850267220825,0.8430218024475548,0.010875233566260746,0.023610901500584005,0.01643813370544334
27361482,0.0028915512931045754,0.012152619216310567,0.010993738531428727,0.004908353219476972,0.007142634117725302,0.8921078969625907,0.03343242444798219,0.02150338819714137,0.014867394014239645
27361590,0.0015440622653327722,0.004647888205105381,0.00623460393229287,0.002143964041976831,0.0015411823867569395,0.12588611971566846,0.03737130848099489,0.0058134041470750885,0.8148174668247967
27361810,0.0009149430043260313,0.010394632888900057,0.003931109898582663,0.0015282838348696453,0.0017810003916657426,0.8110232259701815,0.12297621757243724,0.003377548883281076,0.044073037555756124
27361941,0.0009658790101831861,0.010510542210589335,0.0043461822724376814,0.0018222090572256658,0.0017211791841301356,0.7806920950572072,0.1397459876683403,0.0035691130208923005,0.05662681251899431
27362201,0.0008579201283221163,0.010656935265340025,0.0023876881188134224,0.0013239666019947574,0.0017851875335681124,0.8672597299041513,0.09159817174581553,0.0036933893867449508,0.02043701131524968
27362875,0.0011645585388148343,0.010071943102229116,0.0028316574471567214,0.0014880514804589177,0.0028121899363411757,0.8465865286514898,0.11519847733767254,0.01005565018472583,0.009790943321111176
27362965,0.0061507212319559315,0.025867387739631986,0.018044745816037846,0.0069975884550527254,0.010193943598432755,0.5156533712184294,0.022827708080410222,0.016364023997696455,0.3779005098623527
27363017,0.00321093121031836,0.009458586035633609,0.0038339284658207465,0.003804811015304053,0.013401884315908393,0.909894785277104,0.02361918151449237,0.015082713038455086,0.017693179126963388
27363023,0.003686620892324345,0.006657908379223335,0.003957203933329568,0.004239014988688864,0.014540258387300074,0.9038783575637985,0.016239581201740114,0.02031016005863952,0.026490894594955607
27363377,0.0014169875171178995,0.0057437340896644255,0.003650935127804273,0.001502441491580149,0.0021877788924590563,0.6829844714943953,0.28180150231951606,0.008858609420336009,0.011853539647126859
27363492,0.002915904281861673,0.03693292886342086,0.0053963760995253485,0.004199030140199577,0.019419091596762895,0.8900444440535773,0.014642955587093468,0.014637178269858914,0.01181209110770002
27363680,0.0011587670604983173,0.006454447751977153,0.0035021675265682634,0.0013626673644801632,0.0018726058779531792,0.708355751615362,0.2508228154756778,0.0059939113601970625,0.020476865967285922
27363791,0.0016521903091497162,0.0043199123840440765,0.002325231143372857,0.0012293197433598786,0.0021312968791264274,0.22222610760193928,0.7510566113520697,0.007181206076166492,0.007878124510771592
27363835,0.0038253381313327374,0.06111918368951577,0.0071265794287895855,0.006680402481473387,0.02249923974996697,0.8612187524788956,0.009505272136664028,0.018012041983904607,0.010013189919457299
27363903,0.0013251822339509522,0.003966906885106462,0.0022081201060151832,0.0010006900116240325,0.0015578514723400207,0.6182994908790331,0.357782957675236,0.005327883131612712,0.008530917605081439
27363991,0.001905915033963064,0.005422446332727716,0.005156378466441959,0.001973201539009869,0.0026546390360113917,0.7505206618734165,0.19597266739219907,0.012186972499357388,0.024207117826873015
27364347,0.0007778805996777361,0.00607000080692426,0.00236585459494284,0.0016690341349691702,0.002389431997212157,0.9535982687023786,0.016112202257735117,0.008290333082256187,0.008726993823903916
27364537,0.0011151499624435434,0.006772915585468542,0.0023703129299761506,0.0019399765886567043,0.00333787742572385,0.9370193005312961,0.023627131768851325,0.010991740750186626,0.012825594457397175
27364819,0.0023784578328975656,0.0046873247068621084,0.002382178374163032,0.002300459655667542,0.003332957128440452,0.9165984617355956,0.04252599057521313,0.00990368275938551,0.01589048723177509
27365033,0.006344587707998239,0.15061573504630982,0.01005265190309483,0.023905387975847663,0.5545706647277199,0.016291316868975496,0.00401031488079683,0.21687348132133227,0.01733585956792502
27365250,0.00542850565833658,0.007125432991488163,0.004747889425288762,0.0045764401762773636,0.01407436043799514,0.8936517142696121,0.025494475704108645,0.020330967887927032,0.024570213448966295
27365552,0.006900857956830961,0.007087072899568903,0.005075588863849309,0.0051076283698991915,0.026582267562040313,0.8203325304445863,0.005401555418969029,0.08145152711643333,0.04206097136782251
27366111,0.001499603686428036,0.002305804621461965,0.0018297950411446844,0.0008351458147217334,0.0012988935378406236,0.10496796887381475,0.8769919087704611,0.004038898467455941,0.006231981186671303
27366386,0.0019705318192053526,0.006090085686524843,0.00758658547141679,0.0023021422929773087,0.001877162170098907,0.18666757076521728,0.3427777532880444,0.005488150038533593,0.4452400184679815
27366507,0.0028555274035527677,0.007211755109237065,0.004682616680954525,0.0024575408405328346,0.0033934857469365065,0.8681002087198044,0.05873093433324593,0.016865004447330603,0.0357029267184054
27366966,0.02306491457016424,0.005702489668954534,0.010197402599578374,0.006096539364300059,0.02784145568610698,0.48424357745942914,0.005122042006636475,0.16835025301523254,0.2693813256295976
27367127,0.0019274476273494576,0.02199074848542253,0.01634749350485524,0.006713630805559853,0.009753176278628949,0.8590580103550765,0.03106651531877273,0.03125197062786139,0.02189100699647343
27367178,0.010511996424642765,0.004716851262728945,0.005961255900946214,0.0043479832310563534,0.02206375926967527,0.819810350839592,0.006597349063859083,0.062465889407097616,0.06352456460040172
27367188,0.007776701986696921,0.03732597364088402,0.018592476574413163,0.012101071844028654,0.01925108630037783,0.8138174273933243,0.01002890045951279,0.040095559943315096,0.04101080185744723
27367228,0.002318325895116729,0.00728323377208192,0.003570653361663095,0.002938230032977262,0.008734004569239473,0.9197885657827785,0.015973099692849074,0.013318072046008954,0.02607581484728503
27367284,0.008782400232321536,0.004735328380301392,0.006801137520068507,0.005449213846131472,0.01868520150892443,0.40146113987949816,0.004045331460026748,0.33763928871349475,0.212400958459233
27367352,0.006193628704874802,0.009024565757478035,0.008097699777727032,0.006716080524292386,0.02964195854472979,0.7696132040931398,0.005628222132523617,0.07395519210472758,0.09112944836050683
27367406,0.006700092853123922,0.008417323247988894,0.005136672210911951,0.0056017057238682754,0.019528706019092748,0.8437579722151334,0.011276480968875336,0.05856988760010961,0.04101115916089582
27367412,0.0018279590930358424,0.0029960859401781475,0.0058265166567988465,0.0015955504892219898,0.0012593903803156002,0.06586018414960616,0.18385823399914833,0.004171866689051124,0.7326042126026437
27367429,0.0052113172298805495,0.009141379247543976,0.005013663506052166,0.010748266310277404,0.01954925785992861,0.7689651429849279,0.008994450551203752,0.1141728521922882,0.05820367011789743
27367566,0.005217393050784922,0.09002349341351593,0.021208786655986547,0.021996307464545346,0.04823226382531997,0.4225521196005344,0.02014305893557953,0.029058402308862842,0.34156817474487056
27367614,0.006047252865002821,0.009376206976403026,0.006155976433283512,0.007105591576135557,0.03336280911844986,0.40286214185275626,0.005436825689434196,0.4542117683719685,0.07544142711656626
27367674,0.00293506713380636,0.007975215420367318,0.0035525743252837467,0.0030465206678178445,0.012090445844047734,0.9122312123991516,0.01999970087834086,0.013414497432720596,0.02475476589846399
27367750,0.0021632900054695627,0.009942933463926076,0.004276111423585228,0.0028435628978482216,0.015087303650682922,0.9085875989639238,0.015945811621789038,0.016863559442234038,0.024289828530540982
27368203,0.0037579720347606727,0.025916867390855147,0.0059495608472989086,0.004263089073438533,0.01565983556341604,0.904581610969224,0.01732401795753086,0.01226613042837778,0.010280915735098185
27368824,0.0034546774575712055,0.00709423113095283,0.0042699677402772565,0.005667328818354108,0.013066191986629366,0.8970357203906669,0.01879644760838915,0.01583941236666181,0.03477602250049736
27368825,0.003045600712619104,0.005780980594436085,0.003373428866081142,0.00332143603091733,0.009599878689601184,0.9118349537480153,0.016244773856657693,0.01432954628358247,0.03246940121808968
27368872,0.0017427594384643995,0.010209460338465974,0.008286940015022146,0.0022527662694704423,0.0032591914510338763,0.8792236090597967,0.061819224431638654,0.008563656918138603,0.02464239207796925
27368884,0.002707610334720994,0.007354365629053204,0.004018242802316007,0.004346925331742101,0.009589132394102848,0.9012322369399063,0.03514047736672371,0.010825088340231171,0.024785920861203795
27369018,0.004285650256705997,0.010111722999474554,0.007253590210640506,0.008868452824146483,0.018204680335060508,0.8466291885487842,0.008678314696814727,0.021393942793824845,0.07457445733454805
27369072,0.005459125499314077,0.005342946991898911,0.006221694316072734,0.00638444102203863,0.018934384304273126,0.8345674924183493,0.008032415390836021,0.02373179322894329,0.09132570682827396
27369084,0.0036732787142096665,0.003520152427788639,0.005496340964004893,0.0032993270001382582,0.00823629185780184,0.3747323498455991,0.009047119252807902,0.009975051125003067,0.5820200888126467
27369294,0.011311635644651315,0.006185444544915737,0.0072148577804596655,0.013360201092051667,0.021435365733617415,0.5409042408205825,0.005522280431261404,0.07819642091674195,0.3158695530357183
27369367,0.002585924336088212,0.005945203370414644,0.008758008440630839,0.0036923838605244755,0.0033138141790371107,0.23117421114899767,0.028056844838714796,0.009761474755064089,0.7067121350705281
27369384,0.0048111244132596435,0.0050096496261258045,0.004904064591096394,0.005656802287008433,0.014826566587574117,0.8437933302130357,0.008035122131207313,0.0249032326949239,0.0880601074557686
27369473,0.004685315007488102,0.005428105457135064,0.004477387727809216,0.005536405744335233,0.014324359552862178,0.8619569992344318,0.010161257406049475,0.017322958120090198,0.07610721174979863
27369484,0.0023884897287021365,0.011296854309392779,0.0032987718431970454,0.004477737921760085,0.011349147992517709,0.9104036100828926,0.023546776524176274,0.00929393630765481,0.02394467528970665
27369510,0.012620843958827045,0.017616559493472194,0.00881565805863258,0.010070760414543332,0.01267086690613913,0.8359120936066217,0.011540524322378145,0.024178888586514093,0.06657380465287183
27369542,0.003003494875049988,0.009196631484702775,0.004962046282774931,0.008861984612564489,0.004260551364315532,0.8801715398615133,0.021585247849312702,0.014513020183275065,0.053445483486491085
27369740,0.004002445351162289,0.007695926040625313,0.004963797202510039,0.008156590885393179,0.0053867934204161385,0.8651492456612749,0.02518233505978509,0.012918505304987647,0.06654436107384532
27369907,0.0053265892269550585,0.005607070858129567,0.004741984267246963,0.005886721229801968,0.015842736593264038,0.8480111423694434,0.006872945628871425,0.018533390851509374,0.08917741897477802
27369950,0.0016131244399470838,0.004541236667028594,0.002968540610047139,0.0024456341865657237,0.002061321663828252,0.8978228132739552,0.042316693626282965,0.009794306788885947,0.03643632874345911
27370005,0.019014755842130394,0.015836683868837704,0.007375685937727615,0.005605089978898044,0.011205866613999086,0.8568686795246555,0.020027072440033433,0.01991779622646421,0.04414836956725396
27370052,0.0014796493562250987,0.004290123236593834,0.0038658637172101613,0.001602911226859915,0.0020561263825156187,0.8838140404570839,0.0615982304400078,0.008369195748749687,0.03292385943475398
27370070,0.0018773449517788476,0.005535642990411075,0.007024724428570305,0.0030185737506726817,0.0025889740921897033,0.8483383332212985,0.050830785187875996,0.010025929815320939,0.07075969156188205
27370308,0.001247354256847209,0.0067747222815171555,0.0034478554996247813,0.0031512951317540314,0.0033951632277981684,0.9125663740458134,0.03563232135722857,0.006096239343922049,0.02768867485549463
27370697,0.0015332660659873212,0.0065894542259176195,0.00413711207153701,0.001584841467136853,0.0018100386475153453,0.4450399486950303,0.43278404544338406,0.005806031763508195,0.10071526161998334
27370787,0.002037513953441011,0.0026892297924128324,0.0022743688482945554,0.0012704137413428313,0.0016657768083230412,0.19674489649995638,0.767728892773083,0.0053515925392152615,0.02023731504393113
27370965,0.0027031635052359258,0.0028357136811159966,0.0037052899745134665,0.0012512417478399939,0.0018754490846757405,0.24438912567497817,0.7120150428194095,0.006519944674341301,0.02470502883788983
27371182,0.0010150436767414038,0.004098817005477217,0.004265109462597548,0.0013019329028453371,0.0014630382514862637,0.8530129958164485,0.06588817880773166,0.0036205485375180014,0.06533433553915413
27371273,0.001257633476424411,0.006702520295466402,0.0029884249651074488,0.0015260513772355879,0.001876145326260043,0.8643217158727311,0.09300117740576658,0.0064615195249435676,0.021864811756064875
27371457,0.0009168848377536536,0.006532970926284294,0.005703777729035626,0.001622167488986371,0.001714171764025123,0.8192038104256272,0.09503563262081983,0.003878295717106929,0.06539228849036097
27371771,0.0029602324147931054,0.006216141427465748,0.0076512471532593825,0.004553210750617938,0.0103310307903129,0.7866665330484472,0.010462766245250804,0.012937565543513753,0.15822127262633925
27371882,0.0018148374691862373,0.009809588201084652,0.005100311093012008,0.001974495050098038,0.002643623853817337,0.1756692196340015,0.6351204841959994,0.007661694268012604,0.16020574623478823
27372009,0.003211176167322419,0.011129311167063729,0.01526991953886566,0.007119914616272354,0.003634789960507808,0.049061467317515456,0.011192215079296457,0.015337117468715173,0.884044088684441
27372036,0.0033395148567870224,0.007947528657719444,0.004110671854150841,0.006846873160223208,0.014446669403233513,0.889561068844968,0.013583027340719443,0.011897795776935326,0.04826685010526315
27372357,0.0064380852024989626,0.024786286074990227,0.007339034946426792,0.005443224646394338,0.013592048694926771,0.8582056363891244,0.03312652320615912,0.014026733973701218,0.0370424268657781
27372387,0.004066702294677821,0.00871772739322153,0.004102978093724157,0.003991524896953576,0.01161682091528503,0.9007604178306421,0.02777787905948078,0.017664574746177625,0.02130137476983732
27372467,0.034930518581303034,0.015521826559776837,0.011972717633513203,0.00881274856693641,0.008535194962639247,0.07810129662769898,0.012991672384438158,0.02038188926807671,0.8087521354156174
27372709,0.02859255147574069,0.011937468911136081,0.012397327946993997,0.008287443307986855,0.008386406882820064,0.5066557405150783,0.017418500284944745,0.02478528697818638,0.3815392736971129
27372849,0.0011852728682880953,0.006277961854761879,0.0029991272413903737,0.0013596623603395169,0.0021390562237481483,0.9281546658415842,0.03405622468367183,0.006726204796690339,0.017101824129525673
27372878,0.002292518247147575,0.005840339968087007,0.009041207115949176,0.002219865452929494,0.0028057078641606408,0.8484806864272415,0.07917421551379232,0.00731823022928449,0.04282722918140776
27372953,0.003756562974660295,0.005472738871269075,0.004778196064204029,0.005212230321275089,0.010626750202351761,0.8010351086423059,0.007843522921839935,0.020253480944540974,0.14102140905755292
27372963,0.001004848361111082,0.004480484289675981,0.002014682576886342,0.0011432695831495277,0.0015497144400020407,0.7737079247506065,0.1943220468472067,0.005151017194086872,0.016626011957275075
27373251,0.0008326867218753982,0.004821161444905501,0.001812605821579888,0.0008729352325673415,0.0013289576181147419,0.9228144726949659,0.05365939451980287,0.004754517103434177,0.009103268842754158
27373586,0.003089670866453578,0.007006908553193041,0.0033682847954766663,0.004115471109104253,0.010075320517381732,0.9070261940419426,0.021722532916637075,0.012520684687918374,0.031074932511892625
27374362,0.0009259438024946022,0.007595921188152346,0.0026944958737763064,0.0018374217402109044,0.0019896528222565087,0.9212987115366014,0.031004735459012372,0.006102647279753088,0.026550470297742546
27374805,0.0021557858332869437,0.004904092764421154,0.00777786656202183,0.0021863583218509636,0.0020045239389678542,0.09987126155299203,0.043096558794645703,0.00579712997727167,0.8322064222545418
27375784,0.0017906939091431038,0.006415274984699934,0.007728288924481766,0.0025089622052408877,0.0029125752039983813,0.2507619564374124,0.6409406669575571,0.009664909886045632,0.07727667149142081
27376400,0.0010786960655856965,0.016826353672813984,0.008093665430822117,0.0037651374647383563,0.0036931777341853295,0.7766604478807783,0.027327511971195335,0.007172118129736901,0.15538289165014404
27376981,0.006374433390357044,0.002929248768010556,0.007210272727658863,0.0037167823086825284,0.00311333869318671,0.7139609013998769,0.02569048867755474,0.014909002882767095,0.22209553115190556
27377219,0.01135266702886798,0.017667736111227274,0.006978918933983735,0.010842399009753739,0.017162938430035003,0.8664652924256719,0.011560311746192993,0.024314072219539132,0.03365566409472821
27377360,0.00163255699920823,0.0051528707448089866,0.002509943125577288,0.0028682957137910192,0.003556195997658119,0.9190348725393878,0.035664841850686295,0.008562496848518862,0.021017926180363355
27377477,0.010547579359016759,0.015075212924894842,0.006238678151923405,0.007905636067426473,0.012269963895625954,0.860508666248675,0.017548013436854727,0.01673623486948834,0.05317001504609469
27377812,0.0019631543967969563,0.00582958339469235,0.006830245505327081,0.002392725453820902,0.002597993430272901,0.822107921483297,0.056190062495111825,0.006238266015278118,0.09585004782540284
27377895,0.004148602453084432,0.005021226713517229,0.0035019047906311848,0.002351025465188998,0.0035903175774180014,0.19362646941283124,0.7556254935013564,0.011736992356807035,0.020397967729165484
27377938,0.0012248424501298653,0.004625348693516395,0.002104175162038585,0.0016884026263263364,0.001971189672262715,0.7677653706418921,0.19541217973520286,0.006127620091356265,0.019080870927275
27377964,0.004791522595083578,0.07071363607060738,0.009599154240709395,0.009607741289130205,0.03146581922062093,0.7787254962044714,0.014328077740954586,0.015031904932503577,0.06573664770591894
27378135,0.0017172948935876193,0.005839496500696797,0.003142252237784176,0.003646699812511367,0.0034486046035532942,0.8864752019447657,0.042293931025689374,0.009257078596092688,0.04417944038531893
27378200,0.004121686702873544,0.03830401048656168,0.006431939050261982,0.011121228001627589,0.325159778624736,0.5301583458458636,0.009027233883544844,0.06168771935698341,0.013988058047547358
27378316,0.0009872831709902372,0.008427877716286673,0.0021627008829797354,0.0019679146435823743,0.0036258805322205863,0.9485841952955705,0.012910960477312137,0.009881047598937487,0.011452139682120423
27378420,0.0015037116286777167,0.010830555218139797,0.007095584556488729,0.005499804282530892,0.003122293669029591,0.8472345195639668,0.03252411047386831,0.008760769283400518,0.08342865132389773
27378502,0.004185978102546385,0.05545471103513074,0.00967021218162963,0.025402649006577124,0.793449327527591,0.018656490538382742,0.00572312965118189,0.07711935138504965,0.010338150571910861
27378503,0.0010735532853020265,0.006255369576113221,0.0022886837743339877,0.001792955495406098,0.0019877772883047213,0.9048225720586167,0.061162325109698795,0.004469648253227988,0.016147115158996396
27378642,0.0030922411160786522,0.01316665361022948,0.04981969659706656,0.018834395660824146,0.006779313341951256,0.8180644715852357,0.02359708945469246,0.014790592714907014,0.05185554591901487
27378789,0.006362456833981863,0.026555985299710188,0.00922762840673685,0.012018073026505665,0.016747100865877898,0.8663848742599821,0.012034252369669124,0.022091565307186232,0.02857806363035004
27378854,0.010696483822481567,0.019182473005099725,0.030487319443663275,0.02313364507238863,0.013744439969370784,0.8169348169926491,0.009147310011574192,0.02842965094144243,0.048243860741330157
27378974,0.001602810873912177,0.007415140786456957,0.005556537049735151,0.0030286362398262217,0.003054747335881275,0.898530783554603,0.03759525217242377,0.008508486321313706,0.034707605665847734
27379077,0.007048512759658617,0.024024409315213192,0.009040322905530708,0.01007003827013161,0.01902650990447517,0.8692136062667755,0.013517523604472621,0.020174400071089324,0.02788467690265336
27379228,0.005395364178331327,0.04162090932697324,0.015573253068430656,0.013541834380041883,0.02355002464873389,0.8415174523357254,0.011021157680338156,0.023786395991788778,0.023993608389636722
27379256,0.005304640395807073,0.08901556374602468,0.014535235799904697,0.027820939422136225,0.6317593250455464,0.02470510409534923,0.005739814665909168,0.15685109032435357,0.04426828650496897
27379305,0.0011426271482009656,0.010830939115056377,0.003267580537568998,0.003084902345298326,0.003277353974474089,0.8928788417601026,0.05369797556298424,0.0054247767994104875,0.02639500275690398
27379676,0.0015458022540143785,0.010636725392626166,0.009693576477278656,0.007695989413658981,0.003786566581061019,0.7554268673943006,0.017376308302765802,0.012232835913472826,0.18160532827082157
27380172,0.00385167589278739,0.25765664907351404,0.010392744514609729,0.027366855803961112,0.5894403856917643,0.06858966599823448,0.006654590730478283,0.023821957737707865,0.012225474556942919
27380754,0.00203776783551292,0.007279990529586887,0.004252064139225502,0.0019470401879032398,0.003591011899808765,0.7675684196491661,0.1824737146206233,0.015188982422038389,0.01566100871613485
27381012,0.003105581834618721,0.25616285840299957,0.023813952742285628,0.08193210871022785,0.04417808927730737,0.08766087416582231,0.012251542589278552,0.22660929881676262,0.2642856934606973
27381985,0.0017727580374602044,0.005752399296093973,0.003140084173504154,0.0015480174975785726,0.0023720438100917054,0.7192855149210201,0.2493168713994977,0.007952624407704334,0.008859686457049296
27382085,0.0013380001465706558,0.009626834868087141,0.0035355276605593144,0.0017955921407629318,0.003916665242474983,0.915581314657629,0.03809713705235625,0.015022285179305556,0.011086643052254057
27382536,0.0006853613777162069,0.00707320190352733,0.00240632769841846,0.0016033866190750907,0.002203976387237627,0.954794851326714,0.015168310843197315,0.006138991088862313,0.009925592755251577
27382956,0.0008906695143932413,0.006849974548532652,0.0017803464042541045,0.0011168827567851192,0.0026265737302631153,0.9500969419178742,0.02271741120571273,0.005590352704425936,0.008330847217758938
27382957,0.0016288511025947376,0.002338108523074235,0.0024684810843648534,0.0009103192625324071,0.0012008472081671859,0.05349632621860053,0.920220168202515,0.0035861463473089456,0.01415075205084215
27383026,0.0012757351169228612,0.01800094334977035,0.0051096566177368016,0.0029883619248034414,0.005109916009528574,0.9255583992075438,0.013961557804823081,0.015613325088111463,0.012382104880759642
27383801,0.003485542485409299,0.04339403879995703,0.006691035753715083,0.0069365704564340325,0.03351420170105457,0.8680962139827363,0.011735935519602166,0.0158734358094306,0.010273025491660995
27383815,0.0013428667698656388,0.004912767951935244,0.009324677659654126,0.0018008572141818711,0.0015747709275198097,0.04006827684023566,0.05930895191752793,0.004064236792614311,0.8776025939264654
27383952,0.000760170178147067,0.007519454207588672,0.003003129694656498,0.0016430070031949958,0.0033618888963976553,0.9502705066111543,0.01709588702001145,0.008012027740615215,0.00833392864823396
27384062,0.0012701265308387572,0.012860405274070945,0.00414658265971818,0.0025266093018881707,0.005078515630400144,0.9234497702276944,0.023871151843919417,0.014444099713871682,0.012352738817598347
27384064,0.0020583939479995868,0.009265512302519152,0.011839795461277638,0.01071811202662443,0.0027908208441187617,0.019209413607955108,0.005663384331443531,0.015926259863505415,0.9225283076145563
27384208,0.0007824387112470001,0.006657938264698855,0.0024579751849193713,0.0013996724551592643,0.002562174136022109,0.9510000232629385,0.016814128926413676,0.008755778353213053,0.00956987070538816
27385310,0.0033375665022904017,0.0849140643787433,0.007651100757905212,0.027226433790106305,0.8093563404129887,0.018988425990449233,0.0039366962382005235,0.03658442937337389,0.008004942555942368
27385431,0.003955155961543137,0.0049825358657199425,0.005489128909227741,0.0022224261757919626,0.003987150675428719,0.3116627001471543,0.6286576445077765,0.012571410414674434,0.026471847342683267
27386834,0.0009510202578189236,0.006262184987521785,0.003004332434115367,0.0019675687267489608,0.0022020900212373915,0.8975802128532613,0.052457134758336604,0.004039888892806301,0.031535567068153386
27386871,0.0013718462714465258,0.006438957175245814,0.009430943412025107,0.0022514327655295337,0.0021952921507210166,0.8089168184881294,0.08179483317204854,0.0046434702690451,0.08295640629580897
27386953,0.03271569230139056,0.010818353737945227,0.011338370855205155,0.010187313959543877,0.011804234105769739,0.5852424031105135,0.024412821290434025,0.016593089433684514,0.29688772120551343
27387156,0.001970691971046784,0.006257140469806562,0.009340850834022172,0.004241827948325457,0.0030722962170690728,0.8344969838766303,0.02316270208670784,0.008344995803949451,0.10911251079244239
27387223,0.0010435905518874384,0.00765117749492672,0.003591573419039529,0.0024379880083470872,0.0024188106002729633,0.8722290173363036,0.06597972652041253,0.004458087556111759,0.040190028512698386
27387235,0.0010870753969605452,0.005871629893810749,0.002928015317269162,0.002423461470816881,0.0025356093596883597,0.9302261717213232,0.02325686388717023,0.007504829588091615,0.024166343364869256
27387356,0.0012107691112950303,0.006935708623392214,0.00304432150319463,0.003038511719241391,0.0030659111866467776,0.912905450176014,0.03465498955990365,0.00621518946206134,0.028929148658250935
27387432,0.0012575381453986826,0.005575039282769539,0.003060885012862276,0.0026293393319165685,0.0028273864592889882,0.9240624887981501,0.02678802035117186,0.008584639424739433,0.025214663193702577
27387490,0.0015070335560394472,0.005382262365375329,0.0036474056569825103,0.004102618959316457,0.003306421420468573,0.9214392112329954,0.018973217631803815,0.01119571289336538,0.030446116283653037
27387609,0.00392319250528444,0.021075156875936137,0.006385097943085095,0.00629288762619653,0.01665362826363797,0.8905829326508747,0.01659140102739257,0.012859243982297383,0.025636459125295122
27387894,0.00451190434315724,0.002754646457462798,0.004684272246427185,0.002288531407599135,0.0018596881633682176,0.02027392854033401,0.0878238037678253,0.004788879743466332,0.8710143453303598
27388061,0.004499598341884994,0.03306601696797522,0.005511375888529679,0.013139200470660443,0.03155454788529238,0.86442505612207,0.010942753211742328,0.018101649817677843,0.018759801294167246
27388363,0.0020258497635820393,0.010885971075948762,0.01773887161224375,0.004686502135232773,0.004627049831162004,0.8498550415773166,0.03566906419075524,0.01248478913786087,0.06202686067589803
27388419,0.001010287173268001,0.004755642656854465,0.0028048425776376483,0.001517992866088849,0.002616444426683357,0.947185422960795,0.022959701867978587,0.0071618378276846195,0.009987827643009364
27388672,0.002364633768090289,0.005020159495576469,0.003654603750126152,0.0020081149941596405,0.002731005921316737,0.799602341022758,0.13655972624374024,0.009868129333599304,0.03819128547063313
27388700,0.0015832920384454595,0.008323756588585468,0.005273185111022086,0.0022302535218207045,0.0024706459742021383,0.8871688861439024,0.045299108659793356,0.012147309477740596,0.03550356248448771
27388816,0.0013040874832444447,0.011185735718177398,0.004525264632916771,0.002087040651855135,0.003647988782323763,0.9029827719290692,0.022014972370826398,0.013974342553282762,0.03827779587830424
27388912,0.0013132171694605439,0.005346761426713836,0.005048307930005142,0.0013883218789442512,0.0021928552635685776,0.8851497384275224,0.06240039846484147,0.005986963837698721,0.031173435601245136
27388975,0.0013469642838363665,0.0036390490139551,0.00284426963989904,0.001236727273969931,0.001977190676469007,0.8439282107921937,0.11485317071381751,0.008458494567750115,0.02171592303810935
27389262,0.0027257744183370467,0.07295583278360879,0.005075717680955732,0.009834130614074921,0.037970360895628996,0.8297063157562794,0.007622577315631371,0.019310479155352597,0.01479881138013125
27389386,0.01312329788446528,0.01361683473738629,0.015562195608462321,0.005635193214540091,0.007575080641745251,0.37525562527415246,0.030613458410261342,0.013284837141442806,0.5253334770875442
27389936,0.0013166969590741884,0.006883829483791041,0.006343550637659673,0.001915612729757691,0.002567862422606293,0.8666490903197538,0.07302763665438906,0.005147396014847783,0.03614832477812057
27390071,0.0010329705975404225,0.00656789559888232,0.004098127878867264,0.002737319156802257,0.0022176148221343915,0.8636808405212505,0.03152857825853815,0.00689056823022905,0.0812460849357557
27390223,0.0008489759323316664,0.005719889096755739,0.0031090626185629007,0.0014938055332371991,0.001981724879748546,0.920969284786858,0.0366779882989185,0.005197931917659926,0.024001336935927466
27390271,0.0007059106721297501,0.006086610473297436,0.002267122064704057,0.001413008524866214,0.0017325604025593836,0.927225821900712,0.036589385414272514,0.004487449840394723,0.01949213070706383
27390291,0.0012446591622205139,0.007192155401869809,0.0024171009634444177,0.002051184599680463,0.0029753555543145602,0.9331069202485176,0.030057936531936065,0.008933694301246587,0.012020993236769997
27390319,0.0009300938822441058,0.00398284537654132,0.0022424604051245567,0.0009278054787518854,0.0015813222142934806,0.8989117153331181,0.07157919641852671,0.005384367111091498,0.01446019378030839
27390709,0.0008235181225824823,0.004572277346050896,0.0019063779401284906,0.0010889599665270299,0.0014236437860523877,0.9211864208315019,0.05018887228896577,0.004174158637233844,0.014635771080957262
27390827,0.003405326878273867,0.025586556169820533,0.005025747450567842,0.0069923561006898565,0.025575159812428912,0.8946802335261771,0.01076266851717441,0.015762598293414545,0.012209353251452814
27390828,0.0020689373693180122,0.0035930779751268036,0.005506465133742035,0.0021437807267624853,0.0014784410478318076,0.051942625020461944,0.06913868407251933,0.004482834145375178,0.8596451545088624
27390876,0.00424567645293792,0.034059275299398103,0.008180885363941934,0.013275545307450204,0.02964740991403453,0.837767004484522,0.009525339557318569,0.024752776463411594,0.038546087156985084
27390943,0.0015370265804592889,0.007571292715222626,0.0024203392672524178,0.002190949878792555,0.0037285335782631726,0.9225649702035517,0.03807844812481178,0.010491016194747542,0.011417423456898924
27391118,0.001685164983213279,0.012424532667473245,0.014361122883895554,0.005458277890014084,0.0026834670034332165,0.747343914869111,0.0393851552672427,0.007136914039626237,0.1695214503959907
27392023,0.00152203515947173,0.007495012747389842,0.0037920301159686653,0.0027760929455464657,0.004360152227820644,0.9243358808756147,0.032803856319895804,0.010594819724575865,0.012320119883716361
27392399,0.006764290545189013,0.012016351728901609,0.011595749998029004,0.00886250323886499,0.7101280358423245,0.030803367321983043,0.004968259765788057,0.09093388681490469,0.12392755474401493
27392410,0.004629412953218848,0.015914242856999286,0.007976339329475819,0.008142120425271371,0.6021466570258742,0.02777504053137298,0.004758749375903904,0.2911350272357339,0.037522410266149726
27392878,0.004257539884885931,0.016663797347828708,0.007259022611953658,0.0077941543936747805,0.686440310280708,0.027922726749647,0.005029301314057839,0.2108043654412967,0.03382878197594742
27790720,0.00190297866533363,0.07236032851970964,0.17201118801099274,0.05715898286430637,0.012027945731455795,0.024097406903258317,0.012626330167043441,0.009620661686972202,0.6381941774509279
27790957,0.00399761081166166,0.07358491837560537,0.01032476741206383,0.006824741287232906,0.11120047725832147,0.643796695812229,0.01791050958499573,0.012192266259773056,0.12016801319811699
27791208,0.0014532986009697106,0.008307597905034938,0.004248553961502539,0.004074561532372393,0.004552013424341668,0.9082453154840577,0.03386669051112135,0.007073794108981653,0.02817817447161804
27791358,0.0016197342602640578,0.285380522186714,0.03434899426778357,0.061929743713914895,0.010881285839205326,0.037897073739503725,0.007760064559584583,0.02537595814263105,0.5348066232903987
27792402,0.0010196349311096845,0.014682879419841751,0.007531371484903242,0.003900813779132575,0.004779364263205578,0.7091140720676208,0.023426563087501774,0.009473544301039015,0.22607175666564566
27793377,0.0010933331345571037,0.004688652364463991,0.00364335550893457,0.0013469449678717958,0.002974107951034098,0.9335255645426835,0.02438162500756348,0.006229825428362596,0.022116591094528775
27793451,0.007999801260902073,0.03490701088115204,0.017940043157282502,0.0060958055460812914,0.029419955937127956,0.8434635552542021,0.01031073260742476,0.012540895777167516,0.037322199578659836
27793481,0.006878937829545428,0.007248425580193531,0.025097858628417912,0.006634322214023647,0.011465908972449862,0.793242851979451,0.012019447771294076,0.016578189477868505,0.120834057546756
27793513,0.0025991012093029603,0.007620231362370045,0.00899895878540516,0.004424669713789847,0.009407887238534736,0.894279726687902,0.01826167032524403,0.015469232327418179,0.03893852235003294
27794044,0.002339261242234197,0.18748584643068392,0.25464458763315617,0.10029050916058525,0.09430276985417901,0.07714040886557681,0.010161459724529885,0.029051397103815498,0.24458375998523918
27794964,0.007942668912984993,0.008210453901826613,0.07150837443114705,0.013140818272961968,0.01372622985571077,0.0821091231654476,0.03361645519763495,0.10267966702831446,0.6670662092339716
27795733,0.0016640749786390125,0.009640808424595037,0.007378681649568006,0.003994916613960903,0.006498604678986022,0.8586880421838372,0.061999488485521614,0.01129299914800046,0.038842383836891585
27795764,0.0013905718880408938,0.010442637102357035,0.007518120164312901,0.003055999747682145,0.006382447377053103,0.8942224859367767,0.025357210525157717,0.011634068114569613,0.039996459144049784
27795783,0.001465305580003466,0.009551260548474973,0.006520993955249464,0.003531666595696081,0.005904132195613502,0.8926145146103706,0.030958363540855738,0.009582248093917963,0.03987151487981842
27796951,0.0017568799113320014,0.0255660948136251,0.18426713272475376,0.014635994679737233,0.011436520607527492,0.1231106393380555,0.014721713258872112,0.017998551792398263,0.6065064728736986
27798374,0.0010658143941044424,0.00730815395214859,0.004235184829465583,0.0022524406190955666,0.003642292007121461,0.9301541428229534,0.02218790727672639,0.00646425226580344,0.02268981183258107
27799672,0.002407913198940249,0.013249019363101334,0.05262826857607526,0.012182774176668859,0.6165084658919486,0.018122116817404162,0.002809527831771457,0.019332163623554784,0.26275975052053535
27801031,0.002786055334530616,0.011823415092379289,0.022713171492267835,0.00639515974484663,0.011675599873764358,0.8551874002069049,0.02126070415916701,0.014636530401300933,0.05352196369483845
27801204,0.003131032441175217,0.011012178281631759,0.014127949379778213,0.00593153270833606,0.01730359051292884,0.829444951020475,0.01170169877861197,0.02055893045774038,0.08678813641932255
27801229,0.0020193657599902382,0.010630218673635571,0.013464798835551586,0.004359785901722928,0.01046234495958729,0.8890388637805792,0.016405668567019735,0.013174041030695284,0.04044491249121812
27801344,0.001865678620380338,0.010314682673914059,0.01762258569984126,0.0058875020649874835,0.013965348126560806,0.8841971495188885,0.01004612752023876,0.020083511402137384,0.03601741437305144
27801359,0.0029011103714423666,0.013685332674944223,0.013671817132856175,0.008371888799128709,0.014858826050907874,0.8521436386307422,0.015660484127698243,0.040899201842493425,0.0378077003697868
27801598,0.0022749704684095675,0.011289332756617119,0.013059149554911569,0.0045465829894348895,0.009981749065597557,0.899063722297573,0.018453961163795888,0.013812004182001979,0.02751852752165852
27801619,0.005546698813489973,0.024354410358856347,0.006399587700682237,0.009678184466209265,0.06014542531103118,0.8464682946947603,0.008921792909313067,0.01850957266133524,0.019976033084322414
27801782,0.003362548233746325,0.01700341644173222,0.007438237744333639,0.008239335503018164,0.6759741665270994,0.021195840675558734,0.00307058697061725,0.2540869193805765,0.009628948523317768
27801901,0.0011875630234139912,0.00981309996756076,0.004121949220396568,0.0031580172886588147,0.004280722722455276,0.9127964987775763,0.024491927549742335,0.006721522671840302,0.03342869877835561
27802189,0.001482467869429317,0.04899060464015967,0.011325303034478736,0.00686966750888096,0.004194819827482727,0.1827796616146538,0.029543450964737948,0.007059804910892456,0.7077542196292843
27802195,0.003191853733477921,0.09232344740341249,0.008744899186198127,0.008689915970462867,0.8297497120515493,0.02488525598750377,0.003922596074126913,0.019019602474762,0.009472717118506578
27802286,0.0013076244787959244,0.005618620428308098,0.004048229283476427,0.0018145606695756224,0.003448600955555362,0.9206234340356272,0.033717936607687536,0.007378968761783785,0.022042024779189977
27802800,0.003935684591354645,0.028349836944439263,0.00740029622583736,0.005923329078312184,0.06395061060535585,0.8513104450226662,0.009163185460289502,0.017015373001867583,0.01295123906987755
27803111,0.004818177195946395,0.027621890799908184,0.008018347850096929,0.006982622600183835,0.05482051053480546,0.8577649921445449,0.009298652476562492,0.016093587241113264,0.014581219156838443
27803670,0.0011227833995598627,0.015603708922055494,0.00390909021872011,0.0030401977161377304,0.004065418888469756,0.8797178931766221,0.029628079396832173,0.007744753881300373,0.055168074400302386
27803730,0.0030517073212097626,0.013484496433922086,0.019649147838802592,0.015256772989065208,0.009353402436793029,0.04415491169081168,0.005947834881170028,0.016822535608512743,0.8722791907997127
27803742,0.002081902293308849,0.031756844082012174,0.035456403215248,0.019281789810672193,0.015699925467879017,0.25357589764366273,0.009627299295111604,0.08205237037433583,0.5504675678177696
27803824,0.0036656296978539496,0.02691822928416443,0.29550113553589213,0.079505121196835,0.017336198278409518,0.010808439903538086,0.004313640234698569,0.05557340293971211,0.5063782029288963
27804016,0.0019755411910598692,0.04501700850032427,0.08652739142261809,0.010926409131514872,0.006157986188649135,0.03755754516723127,0.013115333288874953,0.008833028546303346,0.7898897565634242
27804050,0.004895337893550681,0.005857935620445426,0.008931066101891143,0.0029649860228082837,0.005464087000752607,0.642989676542274,0.23338846861684415,0.023652472967088105,0.07185596923434551
27804383,0.002268690167459932,0.07433980490361412,0.08467162061744375,0.016409704430054402,0.006230622666010836,0.06486196913438468,0.01642033940924751,0.01119318167436089,0.7236040669974237
27804571,0.004043496689122726,0.013913786214633348,0.01259253975214291,0.009713175654306096,0.7991425244975332,0.010094515875747383,0.0026641946956830766,0.13750039957579893,0.010335367045032453
27804578,0.004021784844817663,0.015989918182966446,0.013365564039246729,0.011500972158271958,0.8425608264205113,0.009919977360684798,0.0024590340943894955,0.08722243589830456,0.012959487000807126
27804632,0.0037138794038364398,0.01868250585488595,0.01575421556857353,0.009131986021643695,0.7040526699536515,0.178604310607954,0.003126405585332335,0.054457465988735194,0.012476561015387414
27805015,0.002680460034738739,0.08238731319043334,0.08805204061858996,0.011048532383914093,0.5274488331265305,0.014197797624268546,0.003319256478585774,0.011387425714086553,0.25947834082885257
27805077,0.0018936866052603149,0.014172823911212658,0.00541500654826564,0.00836184408669017,0.919645693825683,0.007134202550848539,0.0016538936525428457,0.036362298590650884,0.005360550228845972
27805095,0.0024139683008622907,0.01600922445421882,0.09307947869261793,0.02032359232017069,0.6874807510220959,0.011614030293625725,0.003282282021639548,0.009586844237293534,0.1562098286574755
27805289,0.002637948809337572,0.15502610841236056,0.04802870258634253,0.04197982447513545,0.26578713520337205,0.017250192953632774,0.004212806357304873,0.021152623639558093,0.44392465756295607
27805344,0.002420598573560992,0.022887088519707534,0.02568412029142366,0.022141634249149146,0.12748666290708172,0.01254095336109048,0.0027893469332799237,0.01067617088794305,0.7733734242767636
27805716,0.001549459054087586,0.02480136076308357,0.005837249461903617,0.00883808138314607,0.8899474915188548,0.008186919196106741,0.001943445761354339,0.05533976538614961,0.0035562274753137067
27805813,0.001489243566598774,0.006995003207409155,0.007215342801315092,0.0030407430340244758,0.008020074427515808,0.9179880329887744,0.017755205331116134,0.01495141503901136,0.022544939604234756
27805896,0.0016422206590711722,0.00776658800980565,0.008808649954487347,0.002620716433524083,0.0030590364377133293,0.25378483465241064,0.14466230899275492,0.005760610552906649,0.5718950343073262
27806005,0.0030847197086998836,0.007452559425808475,0.021428544888840592,0.003295925796796374,0.002867701040717314,0.16738449548272877,0.2443136742701141,0.008190661433946303,0.5419817179523482
27806354,0.005001683111920723,0.08744910688733967,0.12353234756738837,0.04885439107049286,0.34079576275130097,0.0216174394364381,0.00709029568272891,0.01057324387557872,0.3550857296168117
27806823,0.0025231177742777583,0.09994075695167699,0.30710941544385106,0.046621966010983305,0.019622379301500216,0.015845310125502145,0.005470717820578292,0.01700493149164506,0.4858614050799852
27806957,0.0029111533728183596,0.015356858353015417,0.0832456892661872,0.008640174228787321,0.03285267271423944,0.5125945584471456,0.008036404412826001,0.022944356487307683,0.31341813271767305
27807052,0.004856552149780993,0.011782549084790693,0.07120589220864375,0.009136371557353348,0.011266417533252929,0.09102635971389782,0.012039744017267663,0.028833660571816907,0.7598524531631958
27807477,0.007982744693480072,0.1415913432578805,0.023367837564062795,0.007356410427052138,0.09243068275483746,0.05742616935582332,0.011638248284101628,0.014640772813627802,0.6435657908491343
27807746,0.0024559300626579815,0.21233938006876835,0.5775755180545636,0.04313795272249472,0.05240892587346637,0.027901261169197864,0.005832909583922423,0.03101437593785532,0.047333746527073346
27808162,0.0014154909316818492,0.00897325892098869,0.005701459079959102,0.0038994241159094637,0.006424477553441241,0.9274015370060149,0.01667329027414279,0.013522526827963084,0.015988535289898995
27808218,0.12231041580299941,0.005416703080974175,0.014934129651249389,0.005196227439058892,0.010278420774780934,0.29326603672165685,0.028202931170351157,0.014831369576738234,0.505563765782191
27808482,0.004326440424834702,0.05695173331280644,0.026507043671609283,0.0215758132403233,0.2317689089344692,0.5746898882749086,0.005834847991982901,0.03217792019763055,0.04616740395143494
27808995,0.004106060978948462,0.11317770059357277,0.1634281324993503,0.04395946055689177,0.0158461346766324,0.1193514550844706,0.00949829667911724,0.04430579996967955,0.48632695896133693
27809307,0.0019114925321435505,0.014154875279698545,0.014192632723887464,0.006364808646662795,0.0074088501610815,0.8735152898695437,0.01633573326226633,0.012126647765270783,0.05398966975944544
27809673,0.002560737205667181,0.013725204134939918,0.030822796371392572,0.010265010605080735,0.010849249148767903,0.7413458018753823,0.01824839982198806,0.015151399132254252,0.15703140170452698
27809679,0.0033970996542492236,0.009744684373057,0.07551769171045199,0.016148158813801064,0.7673013241434423,0.024056682029675494,0.0026835427400589656,0.00969229780784836,0.09145851872741549
27809686,0.002957180166256852,0.01838282988603012,0.21123103875747118,0.020080499407783642,0.5607335105572107,0.014707825065365963,0.002965686559638404,0.009624895475262327,0.15931653412498087
27809745,0.0026731350222372902,0.04646986258482037,0.006082987002958149,0.006385395944025192,0.06433049217418894,0.8353793780707099,0.005880788576868232,0.01432220023008682,0.01847576039410509
27809793,0.007354472302833055,0.032477037931124775,0.010708496432556138,0.007548962713707138,0.04716007031172922,0.8457660872400283,0.009771248170733002,0.014471221550016188,0.024742403347272186
27809825,0.0013952777443715055,0.012237011610658769,0.005840591590508342,0.0053159101720695,0.00668747468383527,0.8471513927307865,0.0611786719826731,0.017015514074944952,0.04317815541015195
27809826,0.0015386489051088315,0.016910427606228035,0.010454383738083944,0.006666527317906903,0.009869071484927883,0.8780584178780133,0.012449750855298961,0.014353703824592308,0.049699068389839625
27809828,0.002882958619065085,0.0128138670182157,0.014363338877279105,0.007836698308631295,0.007605409656224026,0.8324926107578694,0.016170194498870815,0.01625069043026955,0.089584231833575
27809852,0.0024874028407080883,0.013277590316654219,0.010133658297774979,0.004676929100935991,0.04991498293175607,0.8599848215694498,0.008182618031912692,0.017152637841429383,0.0341893590693787
27809863,0.0025484145338766245,0.013429801180877292,0.015175369526643999,0.009659765788262283,0.8740418237530411,0.02049626558226224,0.002604364580434658,0.016297440268703226,0.04574675478589868
27809882,0.0013190315662166422,0.009700179005861858,0.0051375836469262776,0.0032403147565916155,0.0044448119852793,0.9183505637858979,0.022174576396384052,0.006759974129625898,0.02887296472721657
27809928,0.0019385485784286169,0.012233101079798274,0.01632825616721328,0.004243174065162908,0.015897329375943205,0.8775850367417941,0.012804798132988252,0.027956320318912417,0.031013435539758907
27810395,0.00925853907404867,0.012119646989304034,0.0909836393232627,0.0418534943910973,0.01050455426299948,0.04759578441465157,0.009099414701675721,0.04966588334889167,0.7289190434940689
27810399,0.0036878650475990165,0.030576861246695113,0.005185048307324419,0.005366814726044487,0.07394836977932358,0.8458481311097159,0.005804698476379127,0.016784701614270335,0.0127975096926481
27810450,0.0350210661284794,0.007399282808148332,0.013141594058773921,0.005990868460992272,0.041619125133724316,0.11230596359454348,0.025856985073421365,0.010709132693624928,0.747955982048292
27810666,0.0014646185247339013,0.26065383865586267,0.0301232989170972,0.02234323252483452,0.022593068846854754,0.5815155936939773,0.007461700012797274,0.029996659008273887,0.0438479898155685
27812409,0.003735634122167063,0.037637630254961855,0.03785423409416069,0.03682682887073306,0.6208028110765882,0.01790073016682288,0.004165511926765253,0.03697341066773906,0.20410320882006194
27813952,0.0018769943505370277,0.4848022242314626,0.11573013714568207,0.2046501262103116,0.08629126308809745,0.04126277293827458,0.0062225466828213,0.030985626462789666,0.02817830889002377
27814181,0.004133579160798721,0.04217253094560015,0.00925754928493215,0.02137844363022387,0.767660792569904,0.11865669736643117,0.005963315246750991,0.020242022719524577,0.010535069075834229
27814312,0.02206712933347135,0.04256515488061036,0.03851271767931305,0.040855634216977535,0.012302273590701416,0.010955640407443125,0.004303877733187337,0.015228705766360769,0.813208866391935
27815210,0.00276698315669665,0.03317072046493939,0.06941925344958741,0.021565847707943515,0.1998225953824344,0.44517419819001713,0.030834007672939243,0.14343675064893377,0.05380964332650846
27815778,0.0012949191758415907,0.013176653557856174,0.007561424307833893,0.004543612677608111,0.011163514894273485,0.9130286246461217,0.009408547826151676,0.015768746597759495,0.02405395631655392
27816871,0.0043888247352377955,0.058139478627959186,0.009836530067575526,0.007046365562444213,0.04884751429120976,0.8305776675755261,0.008396519419853372,0.014340946220391466,0.018426153499802655
27817050,0.0031240835946441388,0.01284667460599761,0.008085033423096816,0.010191138904833572,0.17106080568668483,0.7161894313181021,0.0073858971152714675,0.015932555483291762,0.05518437986807776
27817111,0.005772865766882657,0.10325175556343415,0.02241256262762029,0.017695156742052298,0.11325387604717152,0.13467475446364346,0.011823124160423559,0.022750009213618656,0.5683658954151535
27817127,0.0021367130437564444,0.013713239981617643,0.010184958622007152,0.007187376144422616,0.01472873013853149,0.878363810690486,0.011988490218125503,0.016291979157236375,0.045404702003816896
27817260,0.0045045950721774525,0.06317912316739263,0.01258609156022436,0.008083735649801775,0.35204594416507357,0.5190467692696092,0.0046779298538225655,0.012216678449516568,0.023659132812381897
27817270,0.00220289102132174,0.013547272703872635,0.008372917050395917,0.006254685005368965,0.014280060409755588,0.8873466745170787,0.018383518055132355,0.019558003926576546,0.030053977310497658
27817284,0.002298525948787189,0.030882620629722857,0.33520401904446195,0.015118577761681146,0.00798313865683154,0.012955773761100966,0.006877807447295241,0.013315387291818234,0.5753641494583008
27817320,0.003359229663933312,0.04692936210915933,0.007482510138719221,0.007086052212827482,0.05330703165583452,0.845074356544945,0.006945505127183536,0.014397894397563928,0.015418058149833583
27818613,0.0013403663301412585,0.021265266777075232,0.010703941229289705,0.0059491533288229415,0.009243194986859353,0.8887142271126318,0.013645583918501918,0.010849207286132858,0.038289059030544824
27819839,0.0018351192243565558,0.04195788837721235,0.00500367737797587,0.005478255216666165,0.8745990410307518,0.01919178096078679,0.002094625676872827,0.043727922674543174,0.006111689460834454
27819914,0.004580698241381792,0.03342069288600108,0.050245287450311475,0.012479039369639258,0.8071516532586381,0.039802162512886534,0.0032211580990967642,0.029783188962157165,0.019316119219887733
27820106,0.002056637427491869,0.009884799272518166,0.009682512999533691,0.0032352002026169594,0.0046721809253724485,0.8573994638093376,0.057739665259842615,0.008011339030378555,0.047318201072908066
27820127,0.0024790725000563545,0.016874702006458037,0.036805876415525386,0.006925282906225124,0.01178400784452749,0.5303767259211631,0.012084384037706003,0.01421621572720463,0.36845373264113396
27820590,0.0019458604034496016,0.013274957023211216,0.01162726217200628,0.005426334829300284,0.007747351655373121,0.8958535925616931,0.022667175951035224,0.010128465233699481,0.03132900017023178
27820593,0.0017729587170803574,0.09554902004013657,0.49946987675759974,0.1049252220168404,0.17120748450483908,0.017276617268323764,0.008406793645208532,0.009798892271589909,0.09159313477838177
27820643,0.002210308075565263,0.01596934469295688,0.01225288803451728,0.0055484728211158555,0.011604129015130873,0.8945553594040924,0.019918823602029467,0.015511847786978004,0.02242882656761395
27820696,0.001637992315606676,0.010932654114794287,0.008566509502483704,0.0051365922531511005,0.00776523408748907,0.919519327092456,0.015326172241054533,0.013081603567185894,0.01803391482577873
27820697,0.0020174920713177213,0.01347547908545273,0.016070582676876864,0.004295939020842384,0.007184182802025703,0.8872493243838973,0.026323863703904445,0.010048013528790263,0.03333512272689279
27820711,0.0018707963711375672,0.01597000261944597,0.23654429984757236,0.019360873616276593,0.007654486670066718,0.018954756639770958,0.007838627965292092,0.01077962693975329,0.6810265293306844
27820719,0.0018132650751908684,0.009481905043823189,0.011113605057968264,0.003492025951265241,0.006238160520097186,0.9154315617891564,0.01789256672617683,0.010219305788538535,0.024317604047783332
27820782,0.0017443080144108575,0.00957965032874198,0.011406753827126859,0.0034370123387633907,0.006409470928839791,0.9167880413851665,0.017067147994587632,0.010074377176035073,0.023493238006327924
27821053,0.00221324320576135,0.01642699750357242,0.010714819551276534,0.005806769356610214,0.013532111021023925,0.8814990227972461,0.026125565760961564,0.024600443518308937,0.019081027285238993
27821289,0.002853301015761461,0.024202733017096304,0.06268273812963826,0.021872143629924547,0.006947281278616819,0.06897729977720939,0.017596034891751308,0.010006665262887482,0.7848618029971144
27821297,0.0024106518359666646,0.10211379057413791,0.059086786553556515,0.044318084860912856,0.008196885070963028,0.188447017955506,0.019731220691980144,0.009547797200873087,0.5661477652561038
27821964,0.0033579320176427446,0.01710506505767352,0.01692359151774546,0.006712024297944617,0.0159165621122725,0.8606738763033777,0.029266760102769386,0.022312275308532165,0.02773191328204198
27821981,0.0033249304743486053,0.012823235798781014,0.016477237048289187,0.005264277245241883,0.010269133582282975,0.8459051008666731,0.0565858380141861,0.015254564833883757,0.034095682136313255
27822072,0.0027522845752863167,0.011840396808501245,0.013788192696949697,0.004754449949172958,0.009851069001668189,0.8921997767772025,0.021245454706370043,0.014728029079582027,0.028840346405266955
27822175,0.001131543329784535,0.007514978163898094,0.004472095376389141,0.002041763774964504,0.0049650629200825355,0.935990127988497,0.019025950067598735,0.01001297968910385,0.014845498689681566
27822258,0.0030914582186963606,0.06298476150879752,0.007570770355361281,0.005481251578191085,0.05352017012683671,0.8349759995068214,0.007017290920853563,0.014840721529514942,0.010517576254927174
27822577,0.0021732676932187454,0.008904755600320502,0.009929544860236337,0.0037960848921896016,0.0083333135014626,0.9124421822102777,0.02180517223979073,0.014101767082944762,0.018513911919558996
27822666,0.002040232977803112,0.02394269665590903,0.01702663466902651,0.008585865859775702,0.007328543218261994,0.7959416850714658,0.033796422256253913,0.011860391355089855,0.09947752793641423
27822761,0.0022669745161908207,0.02221284038003766,0.35742738248977984,0.033523458688239485,0.008437600266887882,0.3530724202468547,0.007679111589606823,0.010317624357806936,0.2050625874645958
27823521,0.0025946104992279374,0.03157102091867247,0.6740496749902232,0.02734083094131712,0.12035489384763431,0.02664597765327103,0.005024582846814933,0.04148574891098581,0.07093265939185325
27823796,0.004922016588847688,0.010985128347058266,0.04791965758251684,0.006834286908886452,0.015863734258563553,0.2666794459355677,0.012857915583102316,0.02243682797764875,0.6115009868178085
27823891,0.01879738014873824,0.013592676570994246,0.021810214840752906,0.012516992681392657,0.8552612349511799,0.015449633743133186,0.0035712723687874987,0.03543591811718433,0.023564676577836945
27823940,0.009636247624262084,0.01578274222152512,0.014942163657822269,0.010204474927970487,0.8806116290229953,0.013586526425649406,0.00292231158910874,0.03380237841856034,0.018511526112106217
27824296,0.0017786319181734374,0.13792036989739342,0.5331302969830619,0.20875891789862305,0.025254888914770596,0.011556982566116016,0.004323243249072418,0.012827083636635562,0.0644495849361536
27824965,0.00842859551493854,0.04146492729280004,0.014061139321860424,0.006242661803083824,0.05639445676432519,0.8233435157690693,0.007874622852951702,0.016134161129850156,0.02605591955112093
27824973,0.008802163619447783,0.031925322582301054,0.01592714829894895,0.00599132577594496,0.048091032276487526,0.8333952661868265,0.009934809628645767,0.014495216148289136,0.031437715483108385
27825620,0.0009085696573065525,0.006539312830584647,0.0035956301486926518,0.0014684131940853585,0.0039517625199776895,0.9441192253181931,0.01724561246100219,0.007285052370463392,0.014886421499694312
27826018,0.0013141601590806816,0.01577421435161316,0.013200872721859757,0.00456831339574287,0.007103145355630832,0.9037739831902649,0.015354832578088513,0.009063750738884279,0.029846727508834933
27826098,0.002110145357664166,0.015874053504209867,0.007011635170089764,0.003664906502060735,0.022454171768272385,0.8861508043561934,0.011932892716075024,0.008681690841316583,0.042119699784118024
27826235,0.007995313141176946,0.006492561637370003,0.03964785240153488,0.03130737472702118,0.774474432182053,0.058780086016163455,0.0031771215461019035,0.03239686053174091,0.04572839781683771
27826276,0.0050884153975668265,0.0055382897843153115,0.02834757089733402,0.013738333291435903,0.7950216831611733,0.09108318726453865,0.0026701099535931744,0.01916743844964339,0.039344971800399434
27826338,0.0010124591218040268,0.00816964593704755,0.004977748214445413,0.0021222003878461383,0.005220856548313278,0.9368556687829497,0.013873455898338898,0.012369045482558983,0.015398919626696036
27826531,0.005215716165395503,0.07648291691467438,0.049035456661769394,0.03467304787692737,0.05783430420459208,0.06960352775389328,0.006883618392329161,0.010705726606709884,0.689565685423709
27826578,0.0013353041808891004,0.00985495519936304,0.006987203221439287,0.0025815621980592647,0.00553547225086509,0.9220836289724021,0.022167720691890096,0.008812090622241616,0.020642062662850433
27826709,0.005519687854544228,0.04384127025900974,0.010496787935761288,0.007180605947087259,0.037373811614344894,0.8548037450004222,0.01025029792055511,0.015355317357251423,0.015178476111023945
27827567,0.0013113272044056386,0.00613317985174099,0.005168577560522425,0.001888780862852,0.00498357064337541,0.9372455860342686,0.01845699305039455,0.010610384608018482,0.014201600184421913
27827960,0.0019947956172680272,0.022400939492198776,0.11256416233774333,0.011556597874371119,0.005691210337427417,0.026504114618241825,0.012135747295003505,0.010350903849906482,0.7968015285778396
27827965,0.005616835602860015,0.11712311445794726,0.036411565242670633,0.009851751974892195,0.07780323426417206,0.038266612714464035,0.005948088777335463,0.01626815351283859,0.6927106434528197
27828047,0.0021726255033577046,0.012818332526790661,0.10955944854991324,0.00710787613855916,0.008311858567712828,0.022332677049404594,0.009861312788728871,0.01399147081750409,0.813844398058029
27828372,0.001679638587579039,0.014935012321855097,0.006802313678435018,0.006017765422376063,0.006183598321356654,0.8441845143019755,0.04689099495259382,0.00975100624180128,0.06355515617202742
27828436,0.001860522970769945,0.014710947530088522,0.009716417993369815,0.0041778247460532505,0.014361871537011857,0.898127998145831,0.010914442178554131,0.019171592594876864,0.026958382303444682
27828585,0.001724531874487596,0.017125471924771766,0.006376430410384627,0.004578361423776621,0.005888193343730058,0.8443040251147365,0.043537138846150555,0.008138662895115117,0.0683271841668472
27828863,0.0016529798957819466,0.008183809304432427,0.005564954492113377,0.004018796489180282,0.008093194501840728,0.9130445198817713,0.02460561020943286,0.019128315656187795,0.015707819569259273
27828994,0.0015186008117112318,0.009544033669749315,0.007221124592978693,0.003511923491593982,0.00813659719935714,0.91742803473837,0.01788793727658583,0.018829472480185277,0.01592227573946858
27829036,0.007454504476102465,0.06379681296644521,0.01530822410941022,0.00647721998776981,0.13706963429091282,0.7190110209372633,0.013825211808359801,0.0136256099096249,0.023431761514111527
27829544,0.006024842910801765,0.006664076887437477,0.021631293012714395,0.0053383799757002635,0.010764413093689444,0.8041985411417785,0.01833707079888377,0.016205304857156468,0.11083607732183781
27829566,0.002417705180147235,0.01724755623857195,0.06287232217402466,0.007954431535465578,0.005267966038229893,0.0159721981033197,0.008782862351212738,0.010965201875969314,0.8685197565030589
27829568,0.009083820256206203,0.007719316523702601,0.05146684161823941,0.010314428528451186,0.030552754786641666,0.43296434198359773,0.008027442838145347,0.022368327494142092,0.42750272597087385
27829613,0.002151386445522286,0.009528354198015057,0.020334870127744674,0.004172805809175823,0.01005300636629414,0.8141006877271095,0.011713039053761679,0.024410768990792902,0.10353508128158403
27829640,0.004729435871420748,0.007012238947747131,0.020501728100048185,0.004467610991700107,0.01960290753780317,0.7814864512802846,0.020992272280515707,0.017384139113373748,0.12382321587710651
27829781,0.005888759360749718,0.014015517826156247,0.5908611090338866,0.03921575276377874,0.06751873950927659,0.016086621595435564,0.0034259509788241533,0.12494181746634139,0.13804573146555107
27831184,0.004572870280032491,0.004850705680462387,0.010975723104847266,0.003734501662454389,0.004516407352122962,0.3663079746466007,0.3085717767033212,0.009551265033097212,0.2869187755370614
27832153,0.004689112898795159,0.015372697352108475,0.019027246890093927,0.010833638014426899,0.9164237542840119,0.0081367058112744,0.00205636419780503,0.011597964363119941,0.011862516188364106
27832334,0.0026359548254443906,0.011561379727865306,0.024688289052375006,0.0051500223735111705,0.009826052459082715,0.8584720562699665,0.02568143248151998,0.016193125893476802,0.04579168691675819
27832702,0.006033821526086819,0.03939220804222245,0.009914166167973344,0.004977873462879369,0.032053169605368664,0.8670715421184205,0.009712029007801725,0.013499609194977322,0.017345580874269777
27832750,0.002031974749007953,0.010428414896083002,0.011675623141048863,0.0036692388351105133,0.009062055061891191,0.9124598680962295,0.019037666042887025,0.014126326727849556,0.01750883244989231
27832752,0.0022728919301310767,0.009763275124280553,0.021430919324086615,0.004921301657778709,0.007259459524392587,0.8752986751560723,0.020770068730023045,0.010270820240868152,0.04801258831236692
27832846,0.0018962890148119345,0.00939426890772201,0.010211708985772883,0.0038828238156646665,0.011049550453741976,0.9067102494994688,0.012822495447991692,0.020315081283746823,0.02371753259107912
27833884,0.0027041800119516064,0.009119999084247963,0.011534587456575152,0.0036135805829022897,0.0071658921168713295,0.8737470475114255,0.05174922959680955,0.01279379211809613,0.02757169152112054
27836060,0.0022567935981217336,0.011090050833450639,0.019279335645607666,0.0038569666073898484,0.004975404968526449,0.7928435694860388,0.03544376396934714,0.009673350294141009,0.12058076459737664
27837142,0.006590480146208066,0.004773830888897004,0.014534414433267896,0.005671192442034567,0.47294676557786214,0.20793869335027443,0.0033422253507533377,0.019944856999798945,0.2642575408109037
27837413,0.0049206859857327066,0.009194905784358318,0.012585034273759994,0.006618878248988761,0.1645119694401863,0.6972665395361257,0.01295372281579633,0.012569473151177003,0.07937879076387487
27837630,0.004358083250003659,0.007678992266434408,0.022001395146894698,0.005091704125282445,0.1488142178436256,0.6414952380549045,0.00767901686860353,0.007601834653655822,0.1552795177905953
27837708,0.0056316514781571516,0.006432415899970564,0.017891665273124437,0.006449473202794446,0.058533721990456526,0.7731918574625632,0.007387563719157075,0.00862253824684111,0.1158591127269353
27837830,0.004953556086357643,0.006482158285222695,0.013716299006951765,0.006012664744654598,0.21258037805388538,0.6427143202293798,0.00421881510250653,0.020554200107504427,0.08876760838353713
27837913,0.0040559521444533606,0.10400658483944192,0.0111417231748249,0.007269100283825914,0.5373887076862028,0.29082239054609904,0.005021689155215141,0.027013658119624463,0.013280194050312378
27838486,0.004389714609962591,0.005100464547818382,0.01859832249193545,0.005130918834489958,0.263933581952518,0.5943397836417177,0.003470999262350723,0.010924519719581909,0.09411169493962539
27838542,0.0028814678226293526,0.01045170313349568,0.030650897031077578,0.0071200670591636366,0.01682126548393463,0.8476241544672765,0.009099570192681984,0.027983675530892628,0.04736719927884807
27838565,0.0036763952808383615,0.009497044737980097,0.19743557575631016,0.017906743234266564,0.019486418200167728,0.6268295139373288,0.006349887408544208,0.022299824157154237,0.0965185972874098
27839108,0.00704188719382712,0.039699504560120204,0.009501608451551041,0.005882126123484281,0.03974913607503132,0.8565336326690809,0.011070153073162808,0.01363400803785139,0.016887943815890896
27839246,0.003873291306147835,0.054280722821981035,0.011842712516057011,0.006688876602872068,0.028132989420558033,0.8534033292635905,0.009142699068480165,0.012739112860801417,0.01989626613951193
27839328,0.001799587295870112,0.016109887462927325,0.029654176177300793,0.007746991039311252,0.013095547796294082,0.8191282731392213,0.011090668632690445,0.018188497781368367,0.08318637067501626
27839364,0.0029279974739715936,0.0077074235158875355,0.040189453754022074,0.012824000408464351,0.8369086390310021,0.015190022019935745,0.0024088044461077892,0.012700272728131564,0.06914338662247728
27839649,0.003132790389929121,0.056466073469198144,0.009856837136371225,0.006261807749659698,0.11764032432650101,0.7675515362697075,0.005923417002045691,0.018049997282200404,0.015117216374387196
27841731,0.0017824478643979776,0.016417457696272245,0.019166040662054715,0.005097175209227024,0.003995275818009319,0.022366411469925334,0.026724113629630557,0.007849982263946127,0.8966010953865369
27842419,0.0010707904664181902,0.01307581441720022,0.008417292653469351,0.0038649617212146363,0.005923892108200289,0.9190940055687562,0.01266938770026891,0.010869631966081829,0.025014223398390455
27842521,0.0039615180143934255,0.06177602589606729,0.008063837143900951,0.005851340853121036,0.03913175107812884,0.8391411732031844,0.012079124491184071,0.011615935321410142,0.018379293998609932
27843188,0.003151074200561267,0.0027350643302724654,0.004297844290062328,0.0013994475801605145,0.002211374147092498,0.027412539231276994,0.9254084558635973,0.003158176963950735,0.030226023393025978
27843587,0.005043988550157939,0.04810201458134833,0.01250222462365119,0.006295080896896085,0.026226642298942268,0.8539525339181485,0.011759398634375712,0.011340172294272241,0.024777944202207733
27843967,0.0019365944893769377,0.02806411394393012,0.042616973202580795,0.009638827428051314,0.006950810011658536,0.11547877231488712,0.01305434012421929,0.014494466088317906,0.7677651023969779
27844389,0.002451069294577377,0.019557223086146613,0.012371534900992473,0.008885853113473749,0.010515670899416657,0.8180406198206494,0.015498034652526608,0.01987890188681947,0.09280109234539773
27844658,0.00342502235059789,0.045875312980220295,0.006388028057658707,0.0059225434978887265,0.04637076868265969,0.8545619671125797,0.012024470807137097,0.012744424669563112,0.012687461841694862
27844773,0.00459787906347391,0.0447159947492603,0.009402005696189363,0.00598243298615264,0.055801636263242964,0.8433289387213847,0.009696021510349135,0.014492010627064017,0.011983080382882948
27844928,0.035168262735828903,0.007522993063810641,0.12829289344913208,0.010625411696155657,0.40594744729104776,0.04143127227160145,0.004706264998410446,0.02696686838879771,0.33933858610521545
27844971,0.012254247973114385,0.004099033666899793,0.015487950485065407,0.0071224729344863125,0.49035521069355853,0.07321888226149303,0.0035633005912689576,0.021092273542248723,0.37280662785186486
27845007,0.0032865751524200973,0.005449619094088782,0.057935792224488775,0.009197871561817346,0.8232278483385735,0.016690265325491168,0.0022770978905903906,0.015433161043895253,0.06650176936863476
27846556,0.0022829610221505496,0.012448377407878072,0.013048904633817145,0.0047283916766256645,0.009703083964926371,0.9030808258970001,0.019651533197946526,0.013427472965574724,0.02162844923408086
27846603,0.0015955456443696482,0.008921849715095754,0.007822510518975133,0.0038970953883591744,0.007704446024051904,0.9252947063799492,0.014481881362337856,0.013236855353827442,0.017045109613034026
27846986,0.03996703177538174,0.007192759404288991,0.030158690245988287,0.014134122920756205,0.10506377029422537,0.10714459278459179,0.005776901713304639,0.13385392000735857,0.5567082108541044
27846987,0.0386885104560786,0.005686186006154713,0.020754269204609,0.007366976725266839,0.015181037116903719,0.5533038909183097,0.010500512141708137,0.0394463719042688,0.3090722455267004
27847155,0.024578953688605135,0.013687553825388528,0.019156535878830365,0.0065830650354929895,0.046440039848417415,0.4162634918816726,0.016063890786426286,0.015530394444694926,0.4416960746104718
27847200,0.030214545173534536,0.0047209305133313235,0.019761141299957583,0.009936867138147152,0.045887847491837254,0.43852615425004476,0.006388640316836036,0.014378761670766066,0.4301851121455453
27847244,0.0022488711585397976,0.037066162483744086,0.0042327079612830675,0.0074271899146380075,0.9157326866532319,0.008257250123377623,0.0016740307982374496,0.018881535290889456,0.004479565616058576
27847265,0.005275198454174495,0.006822821282059207,0.010891578105336362,0.008618982276365351,0.38459568128144167,0.14891293949300577,0.004671287306167047,0.05369622012836967,0.37651529167308034
27847278,0.00545926056897052,0.004938344616567668,0.013963475079273376,0.0035516529615376444,0.034261676444255075,0.4880797857529599,0.004703503894997632,0.007031391955598564,0.4380109087258395
27848545,0.004134334582053501,0.050285384464469084,0.010838126045457138,0.006271027875605242,0.06306600921374196,0.8165234386418402,0.0075434147502618,0.010906326350927682,0.030431938075643383
27848657,0.0038739220929377466,0.0497294521118776,0.03926094448120204,0.01386896282892314,0.467406600325144,0.39447872589070077,0.003477228376304903,0.016186374385088506,0.011717789507821354
27848835,0.003984093674302903,0.071790229044848,0.010097624263296707,0.007665312477776272,0.05572050226512068,0.8082810992075903,0.012238225351978079,0.015550062089967365,0.014672851625119715
27849022,0.09340934120709633,0.023812079514550097,0.04843334099689327,0.010733328317830661,0.055193157951063616,0.6830349392012541,0.014007688063675283,0.013756847630199928,0.05761927711743668
27849428,0.007237893841459647,0.05338572666436682,0.011279578322834409,0.012473919491170814,0.25123944014948707,0.5999788071651625,0.006431449808055656,0.018430509382190177,0.03954267517527296
27850759,0.0022354461660297927,0.022100109721926157,0.2339704223846878,0.015860946597649764,0.00802054432496546,0.031757074117690395,0.01134292727791624,0.01760626900846755,0.6571062604006669
27850966,0.004117411267477951,0.05306787492990558,0.011524068062923873,0.00609212833893598,0.026838074453710146,0.8585623894131051,0.009133342645758272,0.01051633169420411,0.02014837919397896
27851107,0.003104886301472315,0.010924244678311013,0.057685568159844824,0.010697925719417708,0.012819199253737753,0.6298842246941873,0.006822441725072608,0.02160432575832983,0.24645718370962674
27852983,0.005722177020585219,0.06590308325658456,0.025556052184324322,0.006386882931014434,0.08495934628387511,0.6926473411312885,0.018439940463834154,0.011405109798069338,0.08898006693042432
27853420,0.0033985310304900348,0.027822877451521576,0.08557462659928466,0.03210549674396031,0.7494976943602021,0.014136698876392096,0.003176560059711455,0.012804102267952476,0.07148341261048535
27853492,0.005638492131591416,0.006647536515706948,0.06417833578912555,0.010547331496496922,0.2632601952404267,0.22568184785823336,0.004206235773429012,0.01287720367330489,0.4069628215216851
27853502,0.003097177999414457,0.00974021206252763,0.06736807169585936,0.015002525470983264,0.7992323526433736,0.013909282282509523,0.0022644798245924154,0.01374152957290854,0.07564436844783115
27853513,0.0037754999148624483,0.00673515506613654,0.058495456711734437,0.012443725009747483,0.8233053661986567,0.015718771849937287,0.0022431099001691064,0.015020961798514424,0.06226195355024146
27853610,0.0019337823705057112,0.05665109085208059,0.11178584508178585,0.02876444277128307,0.007237514106303287,0.011275205851830578,0.0076628335663018535,0.008866546909174504,0.7658227384907346
27853619,0.0008361439771032115,0.007184258352717759,0.0041146267603555985,0.00183284751259231,0.0037946051158920897,0.9386601787335628,0.01674450832109841,0.007637661684183022,0.01919516954249481
27853692,0.00503050172360398,0.005081561916937196,0.019560509532815185,0.00785685083276174,0.6635829345815704,0.022242064055153905,0.0025479015784847458,0.018367836944018938,0.255729838834654
27853755,0.006102026680593853,0.006094957005685596,0.024076009309565,0.00737541805994991,0.6192286316171748,0.01983957796170269,0.003022863700030982,0.024903910163264965,0.2893566055020323
27853819,0.0028139266107034717,0.06670469263223132,0.022512357174435234,0.011964650301714654,0.007681128178085469,0.18698916223318635,0.014130559987020421,0.010503161794643119,0.6767003610879799
27853891,0.0031863881651501723,0.010430811757603565,0.02433325073864548,0.010941883129303151,0.6663986783463516,0.019659629300002115,0.00339319449939265,0.022605497874655895,0.23905066618889537
27854684,0.0024332533005954927,0.019527210923411545,0.013338371061645603,0.015597822893452882,0.5536651719095945,0.028488934204554266,0.0031685010136799285,0.0215143037811737,0.342266430911892
27854761,0.005774875689628341,0.018165332014077103,0.37719934051899584,0.016096588095881784,0.04134053530540213,0.31392992110027823,0.011835246595446568,0.12806815145632658,0.08759000922396333
27856185,0.0012848305769719737,0.010929899196627159,0.00945481470807777,0.004837161097742816,0.009997026683513061,0.9054972584050431,0.007261837441470059,0.02298626403426458,0.02775090785628943
27856524,0.0013892952135751207,0.0100681849828691,0.007598738971589665,0.002598442961221224,0.0024812299417889113,0.48807023275723077,0.2407567848957507,0.005392435458813014,0.24164465481716155
27858079,0.0011171873302772675,0.014210895725182493,0.007924035969690298,0.002737134095824929,0.0029679828080804395,0.6931493402620569,0.04566496518420433,0.005982894485706114,0.22624556413897723
27859622,0.005252714753883865,0.005102105260292947,0.016388256446630715,0.00934442046080841,0.00501278711770376,0.015410315787101867,0.008381962093265628,0.009112456904451692,0.9259949811758611
27859654,0.0013914464152184195,0.010626666237755038,0.019472326984722982,0.003514427553558417,0.0036942996959908637,0.12499071691118319,0.017404850187290027,0.0067658513475267554,0.8121394146667542
27860519,0.002094563776056727,0.008813036595385999,0.010478678096741674,0.003884490506718195,0.004662937126656957,0.8910519217588878,0.03411945948873029,0.012774148880082839,0.032120763770739504
27860948,0.007397006141762252,0.026841725684706018,0.007032416126784306,0.006681578022126682,0.12880718677460146,0.7778129139266212,0.011873215851713864,0.017836750878294613,0.015717206593389522
27861529,0.008113581063822978,0.044652093679279914,0.012158321376988102,0.005457206808881693,0.021984490260336605,0.8553241510390255,0.011010209410847774,0.012131934448255175,0.029168011912562332
27861854,0.004605221200307798,0.030036050501046577,0.004364507200545691,0.008154774834689212,0.10168639090876933,0.8100454856590287,0.008650282102546316,0.01572931457427706,0.01672797301878937
27862367,0.0019697939254974197,0.3623027528243164,0.006445922397047127,0.009637573521683094,0.21693979707211047,0.3672866503176348,0.00470501747627881,0.01898133362542948,0.011731158840002491
27863325,0.0021932147691151992,0.010579891582208966,0.008223383287122627,0.0038049010938644655,0.011505690614675443,0.8836583277584318,0.01908331417719886,0.015567352904082248,0.045383923813300545
27863342,0.0036874787159032574,0.00815440091602313,0.013887254617568541,0.004301125089619359,0.01138813097004209,0.8386980758769658,0.02368639729522103,0.014299997249421412,0.08189713926923553
27863364,0.0041981703189469775,0.050732127476110896,0.00536367590652358,0.006421218554541852,0.16363168129931896,0.7294444292320278,0.008772772715870005,0.019008151959476662,0.01242777253718321
27863492,0.0025808136368552104,0.009571806264709553,0.011943974103684115,0.0040097232936900295,0.008486535251308594,0.854778255365582,0.021924026685603705,0.013169869781283212,0.07353499561728352
27863524,0.0024652536587805715,0.007367787218496045,0.005652785545494712,0.0030479569970994274,0.009187838509518266,0.8989850961407293,0.020865902355124557,0.014569578470755205,0.03785780110400182
27864385,0.0037238463353025044,0.010049411808641075,0.016021696105363022,0.004392730897729909,0.008024584693729376,0.8669553464185396,0.029376218879878124,0.015320680654909649,0.04613548420590681
27866858,0.012209633242516732,0.017164872717762243,0.30353464164302385,0.020678248847168103,0.0786968701821592,0.039293735071920396,0.013049904535528064,0.339390142519297,0.17598195124062438
27867009,0.0009587006573876348,0.009526530970598822,0.006233377479066243,0.001918184859446576,0.005906719692809046,0.9265447357561839,0.013019108672832704,0.013330590689728786,0.022562051221946284
27867295,0.013166763501197503,0.025937009128367335,0.01885008599507363,0.014090835568431551,0.8073136279230955,0.013499661197476654,0.003318336925524131,0.0471076026829505,0.05671607707788326
27867320,0.014909235696897062,0.029712958742898206,0.01195089701680596,0.011422727488478598,0.5997814230681361,0.02023959018322983,0.003899924961378733,0.24172597472638818,0.06635726811578734
27868671,0.0015062565558062787,0.007735003102994185,0.009724221134639562,0.0019146686037988085,0.0035427596826542885,0.6981942093899087,0.20460207676910072,0.01129127910283364,0.061489525658263794
27869124,0.0019222316950852285,0.013142731311823636,0.008394161210836441,0.0037123237503160415,0.016138822108483514,0.5344961517192173,0.010382848375749362,0.3795504314493324,0.03226029837915611
27871353,0.0017439436071912614,0.014940185225088342,0.013559886546427194,0.004031032480831473,0.015887075721437677,0.8911154947204539,0.011589372625017389,0.020731119480277484,0.02640188959327536
27872065,0.002462071201934436,0.013352382268521142,0.024633387359453973,0.005671761226082051,0.009405486056694291,0.8645570903663653,0.024858870820777135,0.013812082241498437,0.04124686845867318
27872090,0.0020674013076981274,0.010892230995868332,0.014657895063184032,0.003930459268244601,0.006992780834964236,0.8887451515137538,0.021611957859801193,0.013010150653556889,0.03809197250292891
27872346,0.007466579239886159,0.015710942827582876,0.01225525331513583,0.011668301380878019,0.5620163020826892,0.008466690653156455,0.0026275866249828818,0.36914402214585373,0.01064432172983484
27872375,0.008571534948726627,0.05320136183376942,0.018579181444019356,0.009636210044875332,0.5332445443507259,0.09192490175401152,0.005055413194969136,0.01885342375206321,0.26093342867683955
27873105,0.0020813938203734328,0.006183902972776137,0.004238775739209821,0.002624529612062895,0.006136580126553149,0.796325742392322,0.14737074117662055,0.016226964177146544,0.018811369982935464
27873254,0.0049753833091316,0.02858347622871926,0.007258506462986921,0.004939150311346334,0.05375526314911148,0.8584805556610888,0.010896548255481125,0.016747572243110437,0.014363544379023997
27875292,0.002917488409738365,0.004687208833875893,0.013151170511770708,0.00445392825453621,0.1350419922785215,0.11438438101201526,0.0035929727626551606,0.006964339425819668,0.7148065185110672
27875536,0.0027171052105080125,0.03689185202481723,0.004249433466523316,0.005025635841602022,0.322556795513415,0.5930196187966806,0.006355619063081055,0.018594687821866598,0.010589252261506189
27875573,0.002787895859634941,0.008268026645175858,0.022566559748366348,0.0073446556070622575,0.04548685183273544,0.024578672910900254,0.0038283248706150333,0.010726606796917637,0.8744124057285922
27875678,0.003679602335863002,0.03384268554510506,0.005553475195758831,0.004442667704338146,0.194530390066064,0.7079573541754067,0.00848175176687625,0.02205853741403184,0.01945353579655607
27876547,0.002579061892412322,0.007251555633996592,0.006515363947253724,0.0032438703985371085,0.006205546384819386,0.8800501593767995,0.029325244995526818,0.019966683451692394,0.044862513918962094
27876652,0.00418577272843287,0.010526914294718132,0.00602382028056319,0.005943250407271077,0.15015387108633496,0.7468095469916514,0.021413290164318036,0.01838758368158064,0.03655595036512961
27877075,0.002541273076799357,0.006888205206134145,0.005870022706803791,0.0025997364233969695,0.005173720066512538,0.3882948944521974,0.5419144490696974,0.027010439586201848,0.019707259412256442
27877878,0.0011242445097069378,0.008084537912028967,0.005985451929099317,0.0014988988069991787,0.002795762046242575,0.9073740645039425,0.026149456147764268,0.0066132652208277624,0.040374318923388504
27878191,0.006475822121185932,0.02360771208851215,0.022684758618093756,0.0174571716106466,0.8117839375256738,0.010558964222935618,0.0032148379029133985,0.09274058775648808,0.011476208153550695
27878419,0.003338280964296769,0.01786168369796707,0.39331132556456677,0.020294045649376553,0.023891056250636707,0.1645730009012633,0.009040873740621973,0.05526400063024115,0.3124257326010296
27879446,0.0019152968170307644,0.008074334531399096,0.004855513660591112,0.004606909547197276,0.008413428178046198,0.8776588567568864,0.025454590992844486,0.02666165428647146,0.042359415229533244
27880308,0.00919059238870187,0.0058173782786217045,0.011903429998973088,0.0025131276180207986,0.003044088291881307,0.05793498755268312,0.6001979820756493,0.007206205113645354,0.30219220868182334
27880313,0.05361764733070322,0.006586810353232125,0.03011938796015037,0.005890927991226898,0.004675852885248002,0.16656182772080685,0.17623966866264829,0.008956247714668951,0.5473516293813153
27880477,0.002959322207551936,0.0118411625653914,0.014593461593563319,0.003324951457049054,0.003198473202487589,0.11090218629274085,0.6186622733673426,0.007409382733233084,0.22710878658064018
27882180,0.0027229974338152494,0.007271485342240261,0.007265824136744971,0.0029526791363234774,0.005017486756370616,0.6259206279171307,0.29390219642005233,0.011724119742485245,0.043222583114837274
27882747,0.004263044590334858,0.04340357614421432,0.13592790457191187,0.01846907429874849,0.41532395924066945,0.02033708626893756,0.004381447877163586,0.06646064830801612,0.2914332587000037
27887188,0.033150649868432774,0.06370861295672521,0.027550784106859464,0.011085603527131348,0.09911096571428957,0.3510412804754679,0.00848763839057233,0.02741471336534376,0.37844975159517763
27890575,0.0030914424324662132,0.39510480529614944,0.004605802554853079,0.008368100352617442,0.4440565639550541,0.038534123624004296,0.004898011598910858,0.09365342209291919,0.007687728093025347
504327934,0.009914839603809763,0.023191432939174698,0.03017850453512023,0.01668580731210103,0.04070974900971771,0.23941973508410727,0.0073556586518167535,0.026437502911941035,0.6061067699522116
504328716,0.006221737822575759,0.029722637637465667,0.04775287654115387,0.009250121409828255,0.01621872923799264,0.029240613786947676,0.009591566458703002,0.014673862840017494,0.8373278542653158
504329271,0.0018664673651973558,0.09877762634966025,0.1990141958963239,0.00947952109604396,0.008336896422660965,0.251721656817442,0.014772046472179615,0.012918896574292392,0.40311269300619945
504329427,0.015174632062957246,0.030858448850550356,0.3129923445652238,0.046318864262172244,0.11500805262932276,0.28851523755186026,0.008981099065623988,0.029589885894854444,0.15256143511743492
504329461,0.004809585155829254,0.008667661912892439,0.03728377701453469,0.008476784123287485,0.013088372975791152,0.8252547076611132,0.008904869818204899,0.01532360220539654,0.07819063913295038
504329836,0.0022515518738305995,0.036498285900062766,0.13506405635692256,0.011712113784159671,0.00962114251153932,0.560004978085823,0.016561202719176774,0.01259849058820921,0.215688178180276
504330927,0.0039043618396665393,0.7772712088841565,0.04191015364741024,0.025558154753973987,0.07382251007177713,0.011516476943832555,0.004320364675611332,0.01305606151161209,0.048640707671959674
504333251,0.0053290373156753956,0.0810586688869893,0.0351873336143762,0.010136289249355541,0.017685900751123453,0.4047593671267165,0.2823793840772034,0.01634807373441201,0.14711594524414817
504333643,0.001885007303407693,0.056413493171169955,0.010669846915263018,0.005213390493854058,0.008384635637788667,0.7683980289743582,0.0172779772198459,0.010830630759646184,0.12092698952466635
504334005,0.003757630613670553,0.06412629778094969,0.020834254802647827,0.009559074131994028,0.04219594150920338,0.7915933653569465,0.008839966558092136,0.01814596647482351,0.040947502771672424
504334043,0.0018247639488383049,0.025811129023197443,0.008067857120420055,0.0032529169079307334,0.0037305350305089466,0.8350522754681822,0.041626182324454586,0.006196238979090915,0.0744381011973769
504336051,0.003849242314860398,0.01251779312008594,0.012415617397922577,0.00952646545759108,0.009735068430815098,0.5386836497452341,0.017125211095605962,0.01232291175978873,0.3838240406780961
504336563,0.0042936749799270925,0.0049899139339973884,0.027343845976087786,0.008871924204833976,0.019571346641500093,0.009707662252658754,0.002729735851248041,0.0069211527137223615,0.9155707434460245
504336564,0.004487374903465663,0.004880368274213806,0.01999408489001457,0.006421695967064901,0.017077460102078855,0.012660611468970639,0.0032488165909468664,0.006079333380716611,0.9251502544225281
504336738,0.0029363942511205004,0.009216237158489215,0.028548933418566635,0.0070250357064703065,0.030570136632360894,0.015054716870217562,0.0034095219431594884,0.007677931986489273,0.8955610920331262
504336762,0.0066390329863114115,0.007815160976170922,0.09555196912017241,0.010831493752899811,0.07196900384501409,0.021467826037417096,0.003978339445006271,0.00858258922086852,0.7731645846161395
504336812,0.003342317852497834,0.012334579107388726,0.05613731014419686,0.013946385742644523,0.20913220698985524,0.013294209483492135,0.003375706050772024,0.008090062005872823,0.6803472226232798
504336868,0.0028755879290175562,0.012622269338663563,0.09899877142940056,0.010652447962982384,0.044431125364718625,0.018098970567171243,0.0033350488126017326,0.009305108790986599,0.7996806698044578
504336915,0.0051104656912985425,0.006872421656747047,0.6130954077912443,0.011574611246664803,0.11379036506675864,0.06761899048081452,0.0037288615621439017,0.012825478621180988,0.1653833978831472
504336920,0.006024002643830461,0.014684754436934976,0.12353544253447094,0.03688657874303023,0.13149687520027126,0.022413714924290597,0.003947189461374222,0.010640984938432834,0.6503704571173645
504337993,0.002213994162366671,0.010866401433000829,0.014206210959710561,0.0035569562807885235,0.0038705405864321854,0.22848819971443815,0.032080990303632026,0.007733620329206559,0.6969830862304245
504338000,0.0023524644478956714,0.011402240181753464,0.012716819447669036,0.0045914113075780335,0.0047704542077202875,0.5762054293894299,0.021556283891169356,0.00854849275124291,0.35785640437554145
504338862,0.0020066049365723613,0.010828058249830306,0.008591120131120634,0.003792253284016159,0.0035886686288730185,0.8620186340141262,0.04383899447478489,0.007134717909371136,0.058200948371305405
504339844,0.004990210229575118,0.012281107847531399,0.008942116090994106,0.006076670652214143,0.009277744521209805,0.8097367044829806,0.06201883692543547,0.011590435056888697,0.07508617419317061
504340924,0.012032695684791256,0.04354365595933774,0.2520718433658716,0.02454850779461715,0.23745942928640562,0.07284194239272633,0.007147709570831912,0.024752034434266712,0.3256021815111518
504341625,0.005832288919222563,0.17108580299079637,0.034772094387770944,0.012414160377725808,0.2872864993042697,0.24592892711296743,0.006029604290702324,0.019540983692029633,0.21710963892451532
504342171,0.005930425448408628,0.21613405291596002,0.05879517286412592,0.060552286437596296,0.06801733167218259,0.14378283941018227,0.005938080568525449,0.025551712548003116,0.4152980981350157
504343999,0.002963955461829084,0.026617611558810934,0.011834815063689882,0.0075135625511958395,0.008390877731115362,0.7425880341287543,0.04043130533839386,0.013394016787440533,0.14626582137877003
504345544,0.012472524464699942,0.015833533047477703,0.06609527621078759,0.010531477300740425,0.01986775367962572,0.45881048345694253,0.00838514060268196,0.019379469408066678,0.38862434182897754
504345636,0.013271082981252754,0.01458563746874744,0.12399349449850709,0.008633468944975308,0.0253657281227341,0.27478420820741184,0.00556176700658095,0.012911643341793554,0.5208929694279969
504345932,0.002632114562307521,0.008069153602918993,0.012707134187151149,0.004100707165044719,0.01788981688785057,0.8843946677297072,0.008081482894527023,0.01022635796988849,0.051898565000604364
504346223,0.025635837064216894,0.015962531205747796,0.04241652507190029,0.01803011674358146,0.0773161284371879,0.03344320179812977,0.00962379485683669,0.01650411125608586,0.7610677535663133
504346364,0.01948196088673685,0.017841649448170016,0.023138621646537554,0.007993992446213002,0.015048516873918064,0.03526219952799293,0.03210736885678701,0.014773957122533248,0.8343517331911112
504346647,0.009614610833180437,0.021194613450499677,0.021899964901543962,0.007650198876686956,0.01533573712402839,0.5262646603899617,0.01694867720963566,0.013331640483405113,0.36775989673105813
504347099,0.009373279299843065,0.0220532652100375,0.3695574077079786,0.008183778028972069,0.1246274525863283,0.023315112670462032,0.007173190373242307,0.011732187356442766,0.4239843267666933
504347180,0.007734672304793492,0.004898340226909514,0.4156574106257507,0.008711865755744055,0.027377605666609663,0.026316612730436062,0.0043546517378392074,0.013588079830103364,0.491360761121814
504347225,0.005414198893830376,0.01927724415466877,0.23679298943289687,0.024374146045796553,0.14037354448787293,0.03853773042680534,0.0059946300371077526,0.015338393276191528,0.51389712324483
504347329,0.0038551640915812017,0.009095343643239173,0.41713777443837835,0.005116443328837094,0.2191829792118563,0.08018801609516012,0.005536875434157347,0.009463051080770654,0.25042435267601965
504347783,0.006598065614099865,0.017153049173400867,0.02905026450556604,0.013682339856282161,0.46880825720962777,0.22601017659076778,0.008112236452971777,0.04544903673954011,0.18513657385774357
504349952,0.0018740770022028857,0.03026574356148568,0.6685978445489515,0.015869797307671917,0.00943587004363341,0.01966835511849951,0.005708178005300101,0.011090971718256437,0.2374891626939985
504350366,0.0019319091820437105,0.02943278717164242,0.04950086418206317,0.006267342748910157,0.004609950926770562,0.023258473000292892,0.01671141490066879,0.006139866625184324,0.8621473912624239
504351424,0.03754999751795221,0.01012066201698349,0.07187484976330559,0.010489935408408294,0.01729646743678172,0.24554515681357164,0.012156493668741504,0.01663007844239011,0.5783363589318654
504351466,0.029475672051114753,0.010080458051143097,0.028967942999535003,0.0109645854117059,0.014026476198326289,0.10429282825620942,0.012560101282573614,0.016422522701158532,0.7732094130482334
504351469,0.010719542961831315,0.33657612527080005,0.1614016054690265,0.1465034428139157,0.10252253183018568,0.06801710422698704,0.009259560271657063,0.0565592982679972,0.10844078888759949
504351474,0.008491923448601378,0.004829840781684537,0.07693902081734019,0.007649410789186424,0.008030736406190188,0.10096570593890465,0.008364694934259535,0.010935322923068778,0.7737933439607643
504351507,0.005201426551528621,0.007275891535505791,0.02042606628128341,0.004674548983530673,0.0038865417727178887,0.7537649366751082,0.037766253124770645,0.007309475008624628,0.1596948600669302
504351699,0.005489514230023117,0.05265567094077282,0.011630852783525188,0.008539233865593491,0.02959690362141241,0.7154937322503224,0.015826555692218813,0.017435952170535184,0.14333158444559654
504351768,0.007335022619275717,0.035027320786872054,0.03160098539689689,0.016054638301259427,0.04020441746195524,0.2888637464559298,0.007726824452820559,0.020715406947993356,0.5524716375769969
504352727,0.010591004274363094,0.015589927297691016,0.09320495534171451,0.01841162207281941,0.02110355808471788,0.02441086056119539,0.005502223901749976,0.017199864487777192,0.7939859839779715
504353018,0.0018140294711858588,0.02969706726326302,0.8668329320891477,0.01941381460758967,0.012244212526701263,0.016163661669430732,0.006926636650506344,0.008900709483589156,0.038006936238586225
504353426,0.002025719417752357,0.09903788169514255,0.7615681210399676,0.02754957430108213,0.020189900833145653,0.027497499031935654,0.007845574751499976,0.01585969146612611,0.038426037463347995
504354365,0.003540221843623903,0.05373016438357815,0.012967527183357324,0.009242300553011649,0.05476408869759931,0.821154117963807,0.007086698565458792,0.018164073978284494,0.019350806831279276
504355126,0.0021861072998889015,0.15127263582009629,0.6776557566775983,0.02252887827856355,0.03340153470244664,0.03626792717423333,0.03414132329537887,0.015064181829522507,0.027481654922271767
504357330,0.0023850348939891395,0.016954313601116936,0.005824212546435024,0.0045963504609191335,0.005981495155530168,0.8593410110750699,0.07104075574951203,0.009282118640150466,0.0245947078772772
504357667,0.00575945524042292,0.05619093156848626,0.011336277808419443,0.009071865840065824,0.031158659202991105,0.7570847576399964,0.018877060164267063,0.016661350970043454,0.09385964156530752
504357830,0.012056961776948694,0.025335243360578817,0.021081572611932768,0.011277013305345623,0.031414006823004506,0.6179270273538373,0.0156518668496223,0.014997056336777446,0.2502592515819526
504360233,0.004295999840557493,0.5556205331102322,0.08321525370403159,0.033344892054114735,0.09734590843293446,0.05695348556040871,0.005028916104766819,0.01911110078689092,0.14508391040606305
504362035,0.002484797982633347,0.15598641962233428,0.06499320615860076,0.026354633361962063,0.014084586519055845,0.018630129229325387,0.006115439777775968,0.012389017819103372,0.698961769529209
504365115,0.00291376268261252,0.08269205022478135,0.2506873095693208,0.02296185758267997,0.5974036466417509,0.01210821020128457,0.0032322953268486177,0.01913768438767746,0.008863183383043774
504366525,0.008337819451801879,0.05267029160964531,0.017553829256860658,0.011050712758265484,0.02235854835655243,0.08555038692182286,0.012630353237111357,0.016639404379333315,0.7732086540286067
504368253,0.005087489177510958,0.0673752043731554,0.01043961115163392,0.005009553860412801,0.01331057673979279,0.07236974898184789,0.021347149661539923,0.010271865613866097,0.7947888004402401
504368381,0.00633329442449306,0.04237501836807352,0.010821610202576928,0.009341988625551695,0.03259957295294282,0.6111216508915787,0.010310798722329529,0.014936827404035478,0.26215923840841826
504371163,0.001297067709649172,0.016360302126885606,0.005076832322704568,0.003668861169044584,0.004125834286952404,0.8930145501052528,0.033890922855886324,0.006952907556794685,0.03561272186682981
504376962,0.0014593634729427845,0.007674441265020691,0.012663839029813917,0.0021270666242282003,0.0020831876013831237,0.04315634694010526,0.05020976490702787,0.0037541939790756308,0.8768717961804025
504380857,0.004982379652453025,0.03257803104324718,0.015878509486685483,0.005133350048566477,0.013010592054814786,0.03991672645839577,0.015858347798664928,0.011055752374973863,0.8615863110821984
504381584,0.0012756049526315891,0.0097649253093214,0.015636345905385495,0.0025764078668232162,0.0019689997664110227,0.03394640338446292,0.02647539514001045,0.004197688969779864,0.9041582287051739
504381589,0.0012719555753910828,0.008800897159242224,0.006644935644685068,0.0021689293789452966,0.0032284642701602743,0.8965416469469221,0.03337447479736761,0.006011465793323829,0.04195723043396265
504381831,0.005216319415055735,0.047794906855139783,0.022559569373828477,0.008700426260091074,0.02712613451880865,0.0290002794148205,0.008629749802784713,0.012461034154568444,0.8385115802049028
504382069,0.003567174479435686,0.07017150204622542,0.03551953441621923,0.015295668803017545,0.019612438929161344,0.036003017092284276,0.005990830644623168,0.014166627470815511,0.7996732061182178
504384590,0.003940470248295821,0.027026775573672758,0.018137988775023907,0.01207655985745101,0.01769825384988651,0.6408609897906739,0.016870825564957066,0.02060633338769773,0.2427818029523413
504385383,0.000788700794007434,0.009244441963179556,0.003621952669021076,0.0024057067826417033,0.0034861148247363164,0.9475225463784586,0.012282453143998426,0.007001559073198124,0.0136465243707588
504387218,0.0010942481910683676,0.006626760256538903,0.0056623114349768485,0.002388419583130294,0.004364895535175467,0.9148395222090333,0.014410071756392948,0.007763578538930451,0.04285019249475348
504387287,0.0014322896041944577,0.006874894211075841,0.005490720306632794,0.0032876360197603423,0.005864558611418496,0.8661344559658863,0.01600019255247718,0.010367592025475957,0.08454766070307848
504388681,0.0009190376448997534,0.018469432405859472,0.012778543347945,0.0036434618278909474,0.0036759818388312267,0.830545171245779,0.01801633647941137,0.005395643504780599,0.10655639170460264
504388798,0.0013652384546381832,0.025865860610239228,0.05024204598000617,0.009199521581967567,0.006113915885924012,0.12663519204749765,0.019294882284462606,0.008335522066374479,0.7529478210888901
504389816,0.004029621872676148,0.5297182481053873,0.02501308477099697,0.02269253270046931,0.023485188500122423,0.1352455554418104,0.012197177640082754,0.01828383952756576,0.22933475144088888
504390492,0.0010384335998811518,0.009363461515826168,0.006967826642601697,0.0023542790750678095,0.003922960627142332,0.9140597961700662,0.0212579141356886,0.006197979217993132,0.034837349015732905
504390493,0.0016410451171952724,0.011701058937550154,0.01714418921327623,0.0037362937552768965,0.003989570104202063,0.6774120452356068,0.028874245429208575,0.006484797330229039,0.24901675487745498
504390545,0.0012263667917901124,0.03442756966662272,0.03233757811442681,0.006633280187445629,0.004801008786094773,0.03539572443607075,0.01184306159117927,0.005323220969200342,0.8680121894571696
504391576,0.005714599942845868,0.044687785544422,0.007468030233714106,0.007741624560136891,0.04086300077740988,0.8288158371758118,0.01838354658765929,0.017316473266697698,0.02900910191130254
504392332,0.005772686121046302,0.04199242087269528,0.007895668147084051,0.007724022104985953,0.03876883885857074,0.8236948859642386,0.018641560364368738,0.016323543292049866,0.03918637427496055
504395066,0.0068439078429655435,0.017086999824314414,0.028047130030519396,0.008178632025335643,0.0771389772737929,0.8081775299335635,0.005937688941439939,0.024006783559711004,0.02458235056835757
504395322,0.0035157259016957276,0.06741327318260512,0.22650165601416072,0.025717884792269108,0.13671897769906516,0.13457175320014858,0.004098547770672632,0.01875348885101598,0.3827086925883669
504395895,0.0013447759038342597,0.00616681160764285,0.004856474593771134,0.0023055171456945705,0.0031051655367339208,0.9216442412986419,0.01939333421599938,0.005300431738791052,0.03588324795889101
504397336,0.006504915994825319,0.2595330016103156,0.039249637704528544,0.18289282654012165,0.06874315784850625,0.32381517231798607,0.014985432399649425,0.03588100004929418,0.06839485553477298
504397863,0.0012139222652811292,0.006494848502468515,0.0037807255186461408,0.002848514717003731,0.004629763331575315,0.945363722445163,0.00977188204100281,0.005310673208474136,0.0205859479703853
504400079,0.0019475693694787622,0.06339426878970361,0.012354468008619017,0.01096764163171437,0.10332153400452854,0.781682978964847,0.0036794385617551426,0.012306103412621812,0.010345997256731722
504401003,0.004026011041179021,0.04422570509286618,0.008494276210996176,0.007352818169440094,0.03981375532513806,0.8407287994745036,0.009817462537581612,0.014153999919996826,0.03138717222829834
504401036,0.0016674471167240513,0.018343714168368577,0.005007664945341506,0.003339442736157202,0.006379353383132945,0.884537427844589,0.020703399421290757,0.0076149080173233755,0.0524066423670726
504401676,0.004452330942512893,0.03517483578943512,0.009076040702914763,0.006482655090332972,0.03957359531661372,0.855233950704209,0.01152159768470274,0.015444255094318318,0.023040738674960454
504402555,0.005187426711146112,0.034743201311940856,0.007483682297835446,0.006032935471270656,0.039217411902766924,0.8472411990429999,0.019491784657591736,0.016883999966467687,0.02371835863798067
504408291,0.009195689314858174,0.029296051652234374,0.018846426800070922,0.007032167516302086,0.06341060704985613,0.7754593566754957,0.014735214854818192,0.015241064286476634,0.06678342184988781
504408409,0.013378026957445284,0.021534213423914143,0.015439156391217177,0.01098378748426913,0.05031939639171146,0.8324558685499039,0.010472535809680113,0.02192439462482259,0.023492620367036095
504408471,0.009367548406721625,0.017850070781319834,0.011463405819845937,0.006496923803462906,0.030802180191343505,0.8750401095812039,0.009614671361186952,0.015856401720922727,0.02350868833399269
504408632,0.0022531414555579106,0.00920319273902639,0.012792111536520327,0.00259994333056724,0.004677142993910239,0.8051107599414873,0.06119776487780085,0.007266555066472357,0.09489938805865739
504408669,0.0015157740732240532,0.008294406947683268,0.006870154664252905,0.0015998290044399413,0.003435023242513526,0.8989691671503637,0.0398820268260002,0.006800331289390889,0.03263328680213166
504408824,0.00122145298863543,0.00723806362084949,0.003959804672467871,0.0019644786198759175,0.0026712279663557415,0.9325388728898232,0.023677966660856926,0.004087832292231903,0.022640300288903546
504408952,0.006707810035231654,0.03477879581856461,0.0137627735659059,0.012790697857030978,0.10500550077105278,0.7102335325372019,0.00867268004830777,0.02457341899376707,0.08347479037293738
504409199,0.0028506093109200202,0.023574033069209396,0.029162454900253813,0.012242235021798093,0.0073062256634378936,0.7605896310787738,0.03334908490251522,0.008349042541709402,0.12257668351138246
504412460,0.00249227480643595,0.012085736605827064,0.04201299118015451,0.00749758041839154,0.005917688332938319,0.692696908554443,0.025850728371897995,0.007487973490719358,0.2039581182391924
504413297,0.009799318919178804,0.02521481727329074,0.01938228022104053,0.01829842469922862,0.04410045662699188,0.8024723752048135,0.01670114057224766,0.020513654226288747,0.043517532256919435
504413469,0.0021173209337253377,0.01375852193425318,0.06334159999911898,0.0067883566053633364,0.005804191364003551,0.1292333119368937,0.017610972525745863,0.0104255464855826,0.7509201782153134
504413580,0.011385103181820842,0.01438087262892772,0.02596242383895844,0.0057640083885181475,0.015233929686969846,0.8114770292783497,0.013643366670135004,0.014114149420125148,0.08803911690619509
504414977,0.002143092346098886,0.01573954503993638,0.35140201505683705,0.012557792264599351,0.010147885556028415,0.20360944393732502,0.009135510923090165,0.010406292621853261,0.38485842225423145
504416303,0.0017410187347649654,0.009814435928332012,0.021829023071306946,0.003083795014640455,0.004197314394706556,0.43398149441741196,0.02686181048968212,0.006591410109135367,0.4918996978400196
504416469,0.00262095904591202,0.2861675347761816,0.2973015502815348,0.040811565882798224,0.048776252819563916,0.147628636034891,0.015773204381879395,0.025389515848219225,0.13553078092901977
504420292,0.0032580016119501867,0.0046123049142353136,0.00941672003813901,0.0025508127667800396,0.004227713782253357,0.897894729003714,0.014324015312662704,0.010041766431910355,0.05367393613835497
504421020,0.0017728619556688192,0.01174740224918936,0.03338196848206472,0.004936985044532685,0.012369388590372982,0.8667446414068058,0.0109214911923195,0.01511011213928374,0.04301514893976236
504423211,0.0027909725057113006,0.03333202648592118,0.03865526673173928,0.013958006472234986,0.007974632830502896,0.016343044143602013,0.00583068942898161,0.00720972145002033,0.8739056399512865
504423619,0.0017044483040621148,0.03029926344885633,0.02545563291879686,0.00706756921715395,0.006265437005348265,0.6605525770011892,0.01986677937340847,0.00819812444174127,0.24059016828944357
504423775,0.001945924499500219,0.038800381763561424,0.027956682685758634,0.012013092717972665,0.0074094702515455305,0.6676697022401923,0.02610347945695657,0.010977412219956136,0.2071238541645564
504424204,0.0034331216966093938,0.012877065902704193,0.18779341655244833,0.008977797926625874,0.010331484336967322,0.34689623517945084,0.013358023497662606,0.023016269446575328,0.39331658546095605
504424299,0.002655483861579233,0.008981889792714545,0.055464708544339325,0.005300331591751072,0.009086351518145597,0.8202341572918368,0.01373768231989001,0.011215841295181177,0.07332355378456237
504426029,0.0012927187829478634,0.012159810697405774,0.008465579269764269,0.0034058126879981166,0.003974854571034083,0.9188388681959535,0.014069950336613743,0.004382513102325965,0.03340989235595668
504426195,0.007948696102566316,0.02537614846291262,0.2177491383641496,0.27821856704993064,0.1793259722577668,0.21680155577629834,0.005027485573138261,0.014092274224122356,0.05546016218911503
504426301,0.005783104761867438,0.05719158771896512,0.09177799865844818,0.4132113856553853,0.1586826729973654,0.15411216680351433,0.005117249821070982,0.03106550788474653,0.08305832569863672
504427057,0.018226933552262237,0.02649552692617626,0.10198222156906261,0.040915409999778524,0.30595911143465615,0.2306821232061054,0.00562287615784434,0.22154069246990246,0.048575104684211924
504427389,0.0035534376659356035,0.09154551777447695,0.10951004616987864,0.03387030440372657,0.6723040687317584,0.025178313061839704,0.003221724244729537,0.019113602585740627,0.0417029853619139
504427939,0.008768088926215686,0.027838450595093666,0.27198058256887525,0.08827114555252248,0.38663861403806543,0.11104691147815703,0.003417845839520637,0.03800044205397859,0.06403791894757119
504428006,0.006654148438522376,0.013193257825986475,0.15893952219161056,0.018740877859288643,0.08951297718724427,0.16630773074090208,0.0038694994430158156,0.015117607087097931,0.5276643792263318
504428022,0.003772554476142348,0.03791132880199601,0.06291053223990974,0.07272705926885986,0.3806676976183665,0.15121527412709668,0.003548288883784964,0.018863205837325082,0.2683840587465188
504428239,0.0040664690717207965,0.02179064464870194,0.027645740597682614,0.030810026719300852,0.11834906857725795,0.6028307073641185,0.0043461494782351924,0.13860579541565887,0.05155539812732332
504428249,0.014268958831069078,0.019446535098972408,0.03590870626879623,0.029400338228655627,0.08203824336736767,0.2036543869504326,0.0053641060185083776,0.4492184336864137,0.16070029154978427
504428395,0.003437718144268847,0.03881721805836527,0.050285806650299775,0.17827834506538454,0.4612871387603089,0.21086583996251962,0.0049974202769874475,0.023200767343129255,0.028829745738736316
504428424,0.006911337637746826,0.04204594661868881,0.025288144691766306,0.04273401935232005,0.1215356356867757,0.17416393618229345,0.005242470760568477,0.39937532158282885,0.1827031874870116
504428819,0.0038111603072399263,0.05598917298705597,0.007229886364040389,0.008893694393592007,0.0473002680757423,0.8291499227340058,0.00988518996438086,0.013247529913599088,0.02449317526034354
504429299,0.004327931112839671,0.013723253083341363,0.05563644846098129,0.01556137458657348,0.05685327806924492,0.5916598439248253,0.005016869077931554,0.030087992486956917,0.22713300919730556
504429339,0.0033525561814947142,0.008394360679695689,0.14035591708025597,0.01064310193059404,0.026388088278955737,0.4907357042647115,0.0061082466944090575,0.02142758315612011,0.29259444173376314
504429343,0.00538583330838547,0.016984900052670712,0.03438318593569966,0.015268210980554555,0.18644746382493468,0.6285788756354261,0.0038249512985680362,0.03128186201933085,0.07784471694442986
504430437,0.00124394403145555,0.012118337691433941,0.006832665356998663,0.002194792580275472,0.003344988577874547,0.7544063241783908,0.019961029774622264,0.004707844763486114,0.19519007304546263
504431398,0.006374255596945162,0.02837755250229113,0.03875815812215496,0.010501367187153455,0.05921911658348481,0.34049601592055545,0.00873284421212637,0.015343240916357258,0.4921974489589314
504431611,0.0054854279027668285,0.03792527704547335,0.034289169028464496,0.006885425621630264,0.042050604286979806,0.5544254195935864,0.016716775121976044,0.014627838892172519,0.2875940625069503
504433659,0.00294547987169683,0.2973409161246109,0.011526678400516294,0.014201344747075422,0.31651271528318725,0.3222341985890562,0.005848558294081543,0.013703368492298107,0.01568674019747749
533174543,0.1466614123978336,0.006955212930799371,0.011011446563901432,0.0551424480107406,0.24481514746303412,0.16527616136191214,0.014258277922049045,0.02345444557423728,0.3324254477754925
533174547,0.43655433168349556,0.010898794250731916,0.04686320541440242,0.0543637201468678,0.023748629410835744,0.12169270273808233,0.011834121895450496,0.027193230009109656,0.26685126445102403
533175655,0.0052823460671853435,0.013725383656209263,0.033991520733358815,0.014032410200095255,0.00851494457519075,0.6315710358364983,0.03130636954516143,0.0243381776750738,0.23723781171122704
533175850,0.012514637995202558,0.02732491511171487,0.0076108619207864905,0.019962866656425046,0.19991005509355408,0.6031943081058924,0.03408175262297303,0.035538473075579655,0.05986212941787183
533177196,0.010716464391898021,0.03435247400809498,0.029103341997248275,0.02397613939677433,0.050821333792977944,0.10713012930083607,0.012427593965712315,0.039349024349976565,0.6921234987964815
533177275,0.013520320215236947,0.032995179472303425,0.01341733584666919,0.016094532663066815,0.0311484221475589,0.04307539128543261,0.01661113085426878,0.024188647879624846,0.8089490396358385
533177327,0.029879296616069778,0.02860906560514126,0.018282642388299717,0.01892611433550413,0.02142493056804993,0.16920700744176057,0.024428631539667893,0.0321219091392481,0.6571204023662587
533178326,0.052346401740944855,0.01917985184825499,0.009604667921337066,0.010493262457484604,0.686859269440038,0.12977578684289942,0.018653692023190317,0.030105948810497156,0.04298111891535367
533178451,0.17819853853050976,0.011782476423113664,0.013486605249551836,0.005958574779055198,0.10123867940012778,0.6111356298211714,0.011595748286475097,0.016903187262245496,0.049700560247749694
533178511,0.39142425717559187,0.006514291151076553,0.021958889001406932,0.011138383457218874,0.175790142999574,0.05640019959372456,0.008684352866151424,0.035731831882226964,0.29235765187302887
533178855,0.01145293916590546,0.009451268246161066,0.00795006133239981,0.011745765896409641,0.6981627496577592,0.1282482660264534,0.01367646283401691,0.07477080366540116,0.04454168317549334
533179869,0.008354995247072951,0.038066418505721004,0.007667235040890339,0.008245883047274707,0.05050041320337538,0.8052036552313329,0.034746286323203965,0.023635111708398007,0.02358000169273074
533180924,0.48017929014061256,0.006891685636675065,0.005806364429457808,0.003940128886756261,0.008185512216256107,0.05337227590850202,0.4208077023278191,0.006670349513923926,0.014146690939997122
533180990,0.003726627541397882,0.03596508679142356,0.01926440927297404,0.010395797783757594,0.8727172049932552,0.019272744035097968,0.005235508297831649,0.025239140094595696,0.008183481189666456
533182136,0.0023651005162516675,0.004866846305819934,0.00502995627398019,0.0021179233565269736,0.0034354893404828887,0.8869153074728198,0.06289356266803434,0.008082427201672918,0.024293386864411345
533182633,0.007969668481566584,0.03086708617973034,0.006211319895167074,0.04269268700730619,0.7612451670261169,0.015859021100866726,0.004089620381468926,0.12076804194100424,0.010297387986773142
533184860,0.00513441657780382,0.008369823568891694,0.005438423872662172,0.009443432490865383,0.0166499326206471,0.8468197193893265,0.05788983124806944,0.030584827385926442,0.019669592845807448
533184862,0.001571114583328353,0.005377338587805333,0.004166418844737097,0.002655606598916601,0.003132077701258307,0.6723046335324263,0.24009345902161902,0.008236618579410842,0.062462732550498085
533185108,0.003397533646798355,0.006262787768460251,0.0035392188185344895,0.005498284287259389,0.007405992875345055,0.8102597114335781,0.1096891577814681,0.027588086730322883,0.026359226658233342
533185721,0.0015780149265052278,0.0055784582124754995,0.003083415015597061,0.0038004939634705714,0.004823334617891746,0.8856775657819072,0.07012225136821111,0.01107221900710136,0.01426424710684021
533185873,0.007658266219127149,0.017817613602442946,0.04670294163164462,0.006757677645389897,0.014860645444728069,0.2726267441392276,0.048511090721136414,0.060753109723284196,0.5243119108730191
533186174,0.01442876647888951,0.008600409975770835,0.018049858157186585,0.009931476033040761,0.015976967487004237,0.5885495831867322,0.014794300401974181,0.06246797733448298,0.2672006609449187
533189525,0.009367716619710592,0.022129573274768423,0.3737634944122375,0.4186616537188902,0.08627431183927176,0.009427960482128074,0.005083758542639093,0.02751503194987535,0.04777649916047905
533189863,0.002675694716980483,0.02305888013090481,0.027972285930182597,0.842694433959832,0.014793972232388077,0.012420274887432962,0.005555387436566473,0.021887714267214482,0.04894135643849817
533191217,0.007093098388078667,0.03723704955731302,0.07603530021743547,0.013935175110259497,0.009629173198683396,0.39722765387657377,0.05851113354772491,0.059211885913004504,0.3411195301909268
533191451,0.010324404551446776,0.005513473523448705,0.006549922414330691,0.00396310600091626,0.003484516318987768,0.04522188900426815,0.33481595196110203,0.011327691332274474,0.5787990448932251
533193707,0.012304071377890085,0.02398715799064224,0.007294840257279117,0.013881666429872219,0.03629002167890986,0.8255898054314612,0.03347582663865849,0.023501056537199826,0.023675553658086924
533194041,0.008430430172893152,0.008097724580969811,0.012032701717078237,0.008598014502716793,0.004306295567251044,0.09973415033614821,0.16963950813717946,0.020019668872518256,0.6691415061132451
533194885,0.007583103371127996,0.03442319714554397,0.0056596897462267825,0.009422181536276738,0.033229905284033794,0.8218306570372341,0.045195951118876795,0.020861132219078336,0.02179418254160145
533195438,0.3945907750076118,0.006248235629207774,0.014662009199155873,0.04615835713692905,0.08863288328685069,0.10722301903723401,0.00854713894761132,0.015943546773030438,0.31799403498236906
533195444,0.15932858278623027,0.00519007333526213,0.010399141325534123,0.017251671715730124,0.2191953763365393,0.37716765837262495,0.010891707223840766,0.013829814550936204,0.1867459743533021
533195449,0.19853633222999165,0.010709828354064204,0.02691598855912863,0.040309870088091275,0.011637064273972366,0.05174517476697818,0.04284799806331043,0.03319567944669378,0.5841020642177694
533195473,0.0051752153533036905,0.009264999040406124,0.012428799278497748,0.003956572323527461,0.0037757698804358726,0.5405542625816933,0.09026010802080969,0.009837511615194642,0.3247467619061315
533195485,0.10544810537446989,0.006695884763220183,0.010235084697732119,0.015888841331411687,0.055085036802878025,0.2539935389170411,0.014468740100077824,0.012443007645004,0.5257417603681651
533198040,0.0058399647946187315,0.012259408302081987,0.01685937058318051,0.006357763570224867,0.0103767758658471,0.6485637963253177,0.027316684797300258,0.02284847511957142,0.2495777606418574
533200264,0.003969463776034636,0.03692199212604034,0.15594080093335014,0.07730572825047684,0.1080883125330487,0.015835206806981018,0.01264374610975754,0.09280511061483274,0.49648963884947805
533201480,0.01451964580193085,0.047565875777169045,0.01874644626983525,0.028478110087507766,0.031341049826531985,0.6012062664715965,0.013826331693037833,0.037015240943610334,0.20730103312878034
533201498,0.02271729167951729,0.024931401257757054,0.033216973976532324,0.026793774439960345,0.10522415270116098,0.5161456375870622,0.009466472287364908,0.0538271981812857,0.2076770978893592
533201854,0.006095779955500548,0.3847398866281362,0.02816378621303052,0.02562192214140077,0.11308948651378903,0.06519767830270479,0.01006951943645781,0.023220464445252102,0.3438014763637283
533201920,0.002944974316506478,0.24283616690452373,0.04919389234227048,0.06821569739935365,0.011599449306801854,0.053596984932597395,0.019866909356496022,0.018994667910508106,0.5327512575309422
533202120,0.0024080491347622805,0.014142192960608346,0.012915731479953348,0.011520571323176895,0.0099825447141307,0.8658661571826554,0.023071508259382242,0.02588102241218986,0.03421222253314089
533202555,0.0017328179380991314,0.006837839231494574,0.004775800051692745,0.00454175702131163,0.004720123197008217,0.8721308728842941,0.0670010808239978,0.010748902608641534,0.027510806243460244
533203002,0.01547497318944037,0.01289437746824413,0.014465924250338144,0.3248003586966603,0.012429387583770123,0.19993975272202585,0.015614686010611438,0.030553332336043005,0.37382720774286665
533203019,0.012992031345407568,0.011683664980883517,0.017439676566832013,0.5424566207432608,0.015844440538149603,0.020308855453219716,0.0098331018239139,0.032214285801967196,0.3372273227463657
533203438,0.007592896602459616,0.025106367073895654,0.010862307522144685,0.7939666219079239,0.06884706163866143,0.009061666785919683,0.0036730590145218713,0.0646769143696149,0.01621310508485833
533205437,0.002421948689230347,0.011172134565972703,0.009022617147285932,0.005189662097875214,0.004743341160565274,0.8196066583995831,0.05033443919942047,0.011136903468686002,0.08637229527138104
533205770,0.0058805487836719305,0.013524895555799771,0.03006307629625596,0.04073898724031118,0.014944607942070838,0.14347904306244125,0.008376684420897708,0.20285547510137486,0.5401366815971766
533207497,0.011159856416677164,0.010382733128220752,0.025066488175418945,0.016257739397615188,0.012421424592919443,0.8381769273927506,0.024825612077452763,0.02117622445061318,0.040532994368332007
533209071,0.012418888252292745,0.011426153122085905,0.013301855964807128,0.007493766702835953,0.004668363733105432,0.47063147127019256,0.20334955926697584,0.01899963294250516,0.2577103087451993
533213890,0.007825849933029743,0.0340914142284283,0.015782847245424524,0.01350757308304024,0.3465528728454204,0.5223251081385951,0.012294410468462382,0.028543624107865092,0.019076299949734213
533216743,0.00300691918254327,0.011287137817723883,0.009877268601586813,0.008388432775323973,0.005124888755129002,0.8112687299869695,0.047708374340828724,0.024201297590456892,0.07913695094943793
533216785,0.002185930629033486,0.008708393605986159,0.004336034947628875,0.0027755837799790855,0.0030771374837224425,0.6345416333063607,0.22552932808851264,0.008518040906068756,0.11032791725270782
533218853,0.008868279805855406,0.008143652030873819,0.009685072119713803,0.01078976740392639,0.28108395712013556,0.021118176159879605,0.005703910162867008,0.6307555121303748,0.02385167306637368
533219145,0.004576459874265082,0.03323972080588836,0.008555325874093135,0.1488880232492006,0.5625609761004091,0.017171951700124484,0.004009696138312808,0.21491584632054989,0.00608199993715656
533219629,0.12548524010764284,0.008097589607272446,0.020651521370138825,0.0063809004431461605,0.009710958627185,0.3973201161745257,0.05926527579924,0.15181710593217831,0.2212712919386708
533221725,0.028097412437196056,0.12199096114110486,0.3871825539633761,0.03972297712311077,0.00817755287992539,0.02355383102491131,0.02871106637152874,0.0197658618897157,0.3427977831691311
533222260,0.002943100873872356,0.0036428781580139023,0.0034188767640100843,0.0019315668124123872,0.0029468753753532405,0.5874182455140046,0.37956528493307834,0.00747040731322195,0.010662764256033163
533222765,0.0025183935658272837,0.0251119769611775,0.003592647851091981,0.014357958953646681,0.8312995623878273,0.058458319279266736,0.0036868733734329645,0.0556039597903287,0.005370307837400778
533223218,0.0048759268642147675,0.023134888405915273,0.005343311598385528,0.020136464931636556,0.7040353637285874,0.12228822713915238,0.002789371176793732,0.10941103140467724,0.007985414750637162
533223882,0.01246306538104888,0.02742661215231404,0.00465098888760067,0.02219015120976831,0.14650189853045334,0.6014475022345407,0.09027524451741548,0.06037537826244299,0.0346691588244157
533226274,0.006556457101372417,0.04014682837419431,0.04567530719987739,0.508494950401924,0.11787196966853576,0.010054819661471998,0.00519869878730751,0.24381997689896243,0.02218099190635403
533228737,0.0060888617624430515,0.0040292069598298185,0.0032945361205308174,0.0033965058671832637,0.002785900681508509,0.020398864368265886,0.9292119800593911,0.005680976240542492,0.02511316794030508
533229360,0.02695740975573794,0.019549780044004803,0.036989273666205934,0.03094214849431469,0.13973424487469144,0.060436416610089506,0.008306497062457131,0.3880387756977431,0.2890454537947556
533229362,0.05252009347591987,0.007915398973857159,0.04401265734580953,0.016083843415234025,0.04468192596188274,0.03477196987058792,0.01254695789198763,0.40376366758673193,0.38370348547798916
533229379,0.22032957001311657,0.006672955358083526,0.01064306112225536,0.00997013052840668,0.281691280903278,0.19224487456577183,0.009239326900397197,0.042165901742370934,0.2270428988663199
533229787,0.017432766586462124,0.012814523473310111,0.008081166529716138,0.00979448344868243,0.2791772111146359,0.04759430019618679,0.011172316821257506,0.32398629100581233,0.2899469408239368
533230002,0.006507553265218776,0.020809862787356956,0.07329732805935588,0.015883273183176852,0.009520421632851547,0.6984152520898947,0.03847656539290918,0.02925090805960917,0.10783883552962689
533231729,0.0031084013821419706,0.005294857810247872,0.004619444725943579,0.0038613640875614697,0.002472303713454828,0.2246219487603501,0.5162252594812791,0.008033901958933961,0.23176251808008708
533237211,0.0032321941558360284,0.00604006244327508,0.005465589990738437,0.004115757553034116,0.0031438170626405817,0.2669812686354022,0.6769847591576743,0.007539923521996728,0.026496627479402454
533237330,0.00510036632725345,0.014479657815548143,0.020919749395501192,0.015387570134200584,0.007008953604689146,0.7668726700547943,0.048280327468567225,0.014623553968058011,0.10732715123138811
533237348,0.004799716655710228,0.027137522869262933,0.017308685286427445,0.019312658716548973,0.0071056305588473034,0.5623442690478953,0.02609984234321401,0.02902907506739095,0.3068625994547029
533237744,0.004036073663957601,0.007456686756776308,0.008398935467982115,0.006296858910990658,0.004272396166401501,0.8638232917943884,0.0538264552910911,0.010585272024462392,0.04130402992394985
533238082,0.00228489724357039,0.010335167719013395,0.006864720850561922,0.012306312648792202,0.007396686807501353,0.8867485918808757,0.026342307506847056,0.02157746286688758,0.026143852475950493
533239437,0.004698194541478148,0.15286822857906088,0.0493290758434054,0.36017544216806185,0.10014953839025775,0.03831572494456171,0.004851750489402997,0.2297105168652143,0.059901528178557026
533240180,0.00328994347192145,0.009777055815780191,0.005102781044222643,0.006980838793458457,0.00585563026707996,0.6172962987872163,0.2929434349977198,0.02797779403466838,0.030776222787932943
533241288,0.0018900385716740572,0.004567469022287302,0.0029212291607546366,0.002365634257074049,0.0030745258608684896,0.8962175449537406,0.05661268047565806,0.011569002729555,0.020781874968387844
533244189,0.002018774638792149,0.015406463503878491,0.007655284409586042,0.006485364947034563,0.0029796541985333373,0.23976535897800805,0.10334013968804552,0.008589929568858814,0.613759030067263
533250633,0.03002640842960145,0.0024092116510890387,0.004418607890497899,0.002067951459340717,0.002648769527224999,0.22654975214967443,0.7123032899608431,0.005723313992455029,0.01385269493927326
533253042,0.00192008843922289,0.008171699797973964,0.0035787438969640873,0.0038939618641336375,0.0035884150997978724,0.8641937947251651,0.06956089064892917,0.00809747851711425,0.03699492701069902
533253303,0.004110649780178152,0.10954716023569412,0.006000747375814183,0.018094239168352753,0.08680525521707144,0.7190963665654293,0.012661086477933582,0.024389414644507695,0.01929508053501883
533253452,0.009043483548444198,0.08411272941893072,0.013403207506603598,0.2952990699983721,0.017577131485908396,0.1240024825914918,0.02094701594696134,0.3004760548733283,0.13513882462995958
533253763,0.001465998123963617,0.005350867126592294,0.0029231221455537147,0.0027177400670634027,0.002203182730320331,0.8477771303985572,0.10834782413664842,0.006107593857940756,0.023106541413360288
533254077,0.0220806901178928,0.002868224113115738,0.004695394024519404,0.0026855005570065463,0.002227133874586996,0.06085239511182297,0.8672420639862874,0.004560520697244091,0.03278807751752397
533254248,0.0025218421757293536,0.009761458703925403,0.004664776778865608,0.007290051923484975,0.004899505492170089,0.8562378493269094,0.06578993616476689,0.013103602731657107,0.03573097670249121
533254312,0.0024732221823680527,0.02533836512619526,0.022630404823002968,0.012669955443181143,0.008441603389769932,0.553216696235686,0.032494899884083855,0.023608075564031925,0.3191267773516808
533255422,0.016460157723797168,0.01033360843640999,0.009002832741997955,0.01774602391382257,0.8167376181610482,0.01566198061991095,0.003282581244444549,0.09937861538095051,0.011396581777618075
533255667,0.0015378122332364488,0.01161392690504453,0.007108168519157507,0.004558158381317768,0.004973247557183537,0.7463682575700314,0.06865643362435682,0.022618906930158344,0.13256508827951358
533256459,0.0023890076548371063,0.010267128802293803,0.007393258195736287,0.0049645651314871924,0.009763521968242301,0.8859209627996297,0.018310109256276394,0.03707856860904743,0.023912877582449806
533256851,0.28300612708014944,0.030216406551103865,0.01062050377147923,0.05731452771169951,0.02656875424994666,0.30476686587877766,0.007942409961689614,0.026487120101773707,0.2530772846933804
533256903,0.004374899530351582,0.014682034461488327,0.004274197908731346,0.034209645442621874,0.8214340311764412,0.013118801378488448,0.002369904249852045,0.09846509163592417,0.007071394216100868
533257018,0.0032416695647591335,0.00279662741840256,0.0031047191283161838,0.002392144541445038,0.001793305983005693,0.1091199120289742,0.849993976896298,0.004866710684592234,0.022690933754206995
533258669,0.006296118576085786,0.08886783146980867,0.008345513880060537,0.011210965306425296,0.2510056996821339,0.5859445067234361,0.009473926092804688,0.026784074583374146,0.012071363685870928
533259172,0.003715808474063401,0.004926276197471237,0.005805353190112686,0.00342590311470514,0.002061136893691971,0.3017012801255632,0.5151461794377025,0.005856001272997557,0.1573620612936923
533259912,0.0015226967793228357,0.01200215348150438,0.005389444087125179,0.005345075479674514,0.008920770257046363,0.9112189670782039,0.01580330634065766,0.019355537909326283,0.020442048587138748
533260880,0.004986958640344832,0.00862674885755092,0.00834887388819725,0.01145450901359947,0.0026231676928235763,0.06362326781796979,0.2825248080391116,0.011940377112291966,0.6058712889381105
533261570,0.016496646375153474,0.007743851456690124,0.012566517348089378,0.015458220590849572,0.7622746219282375,0.10645206390812684,0.005829708625882103,0.03607425735120273,0.03710411241576833
533261614,0.027411123613538587,0.006644302822626154,0.01014317977716837,0.010590578499093875,0.37637521097694787,0.1209653196668683,0.007615321389053082,0.20739498918618257,0.23285997406852124
533261629,0.06290095246287769,0.010351854721757505,0.12449020397873653,0.02528293498651691,0.08442407694382689,0.28672992254786445,0.01291589962055258,0.31392567615595596,0.07897847858191155
533261746,0.010892174960957887,0.006109509516966192,0.012649983134675486,0.01189067703269425,0.5317125539262252,0.04735554741828633,0.00592244097047971,0.2701579826974355,0.10330913034227934
533261929,0.003953617368774934,0.002286681339691319,0.002053450509462807,0.002131809680343121,0.0018291234808870398,0.07347572860813556,0.9016515294454934,0.004253660481755878,0.008364399085455783
533263406,0.27193560658471694,0.005730799073488321,0.011198197673495907,0.010518799331237406,0.5385468943266091,0.08891654291755316,0.008492289544631272,0.02324616957493928,0.04141470097332867
533263420,0.010621697872329323,0.011191027430567857,0.012298117713690472,0.008249173443249297,0.5504788036593224,0.2049121622406357,0.009355438217163942,0.04049112105425773,0.15240245836878322
533263423,0.28014376876808855,0.009698414970798836,0.017656782934722018,0.01204444998551468,0.018303173659536955,0.27662145135846455,0.0293047027578582,0.12182609564781956,0.23440115991719662
533263480,0.02377174393913085,0.060804972636738036,0.012862965111591532,0.006215001170639097,0.321179647903199,0.41955241108404107,0.046605960187754245,0.01980079606820385,0.08920650189870243
533263558,0.01637401464419337,0.011803932728035916,0.015361524860992454,0.007923834804907777,0.767274594875639,0.08855809333864065,0.01853026309433827,0.02610636871287266,0.048067372940379785
533264115,0.0025335098650919414,0.01837351436829367,0.018847787314098405,0.0753340715318505,0.02335212981148366,0.7303846428454612,0.01067811333617803,0.0233521472501619,0.09714408367738071
533264152,0.003977895249725756,0.044756656893714025,0.01754130929943496,0.07734708377287904,0.056091685497797014,0.3023762027253456,0.011142849285120294,0.04307485852574342,0.4436914587502399
533264250,0.0056470948670342665,0.050268426184156036,0.029208879068955376,0.6104353340941997,0.0181982114199013,0.06221048581885343,0.05144718086406577,0.04859658670753224,0.12398780097530183
533265339,0.008561980380121731,0.058796200781386296,0.013695892531321764,0.018236975837596904,0.11002473815899648,0.5280218596271367,0.009537918274555763,0.20818860763073982,0.044935826778144644
533266269,0.005894759459338847,0.0056582365692703735,0.004609471320112308,0.00481421577067914,0.009229322374796877,0.8319735277578788,0.08409763766157699,0.03328000187547967,0.02044282721086702
533267244,0.002753857888495221,0.003933454499262981,0.00329977363915082,0.00408845954989074,0.0027189635473696453,0.5465892067381946,0.4001779391884681,0.0070572666847369065,0.0293810782644308
533268969,0.001981225085360939,0.012498957046784866,0.011522305468366542,0.009053212783799166,0.008561770932265329,0.8470952976895884,0.025333967092416285,0.02779321806141221,0.056160045840006174
533270675,0.049188615160365726,0.012319554848889063,0.009023555019616554,0.6956483723261607,0.15544792568814497,0.020542929124026606,0.005453469081109776,0.02704966396638849,0.025325914785298092
533270790,0.0056570926244949166,0.02433196287367918,0.008615290850839948,0.7634600854640263,0.09397644437621758,0.009484331078213226,0.002598397612018911,0.06317669906041273,0.02869969606009719
533272000,0.04505263038488193,0.007846938635217618,0.013433992351456585,0.01656226917176202,0.43557928583212424,0.07303584546143047,0.005428850623705892,0.03887648688453262,0.3641837006548887
533272060,0.13355660614085363,0.007685262350517225,0.012641191867939274,0.016741446012455034,0.5325322961519452,0.03969733313679164,0.0063664342193754985,0.03695993827392404,0.2138194918461984
533272113,0.14934989793795825,0.013453176052087233,0.009696246253928854,0.014232033021037337,0.39979390321250385,0.06448779791668817,0.009855003536152183,0.23640452798213174,0.10272741408751244
533272261,0.5953081543211216,0.006330592535105691,0.014006125886971746,0.013098893912763938,0.013123973555736072,0.2112481100907742,0.031398301299498776,0.0755956022394561,0.039890246158571833
533272274,0.024976514067324717,0.014073946805088267,0.007068139551849867,0.0029055972694780703,0.0035783263628199713,0.5127366921408492,0.14624488213405856,0.007592952579486126,0.28082294908904537
533272328,0.16291053404969602,0.005829334974305067,0.010783040436317979,0.008883536943205463,0.009045745021245175,0.6877886652425,0.038197718177082285,0.017050312666892737,0.05951111248875528
533272940,0.03272868536688156,0.01585721706603551,0.012838484330881375,0.016009537191431424,0.3480865859580008,0.26897712915839167,0.013274346082859009,0.2737277908626476,0.01850022398287101
533273103,0.00976221780802106,0.015412438593818696,0.006880485554176635,0.015188793148714174,0.6839702878844378,0.059478426843980664,0.00664957126668858,0.18909369628681458,0.013564082613347706
533274934,0.004085060372899213,0.005983926507402754,0.005519599227328216,0.004013658017555929,0.0024658627229526397,0.3163945525033941,0.4185998323912732,0.006870488307939811,0.23606701994925416
533275430,0.0032080498245342856,0.008043859070408629,0.006391070432006053,0.005595509096181127,0.014411965478694782,0.9008607364658172,0.013348293876260214,0.03102500196258217,0.017115513793515516
533275817,0.0040518496332498715,0.014439278462475334,0.11845021685184881,0.010530418708022557,0.06965845302367683,0.25033045834230794,0.017465296826891345,0.39030859437043547,0.12476543378109187
533276098,0.0012894986213593204,0.004992533100784309,0.003515709768218791,0.003444712111857894,0.008621255544314843,0.9434006329752946,0.00992817550376921,0.01483886685306467,0.009968615521336424
533277381,0.035575015571665605,0.009002686393143585,0.010443256305735647,0.007280955943218317,0.013751157345577667,0.7774340654760123,0.09060662683310847,0.02261019619687262,0.03329603993466578
533277492,0.004480423714457583,0.0105115355449547,0.005438809423112416,0.003911197704891597,0.007992561603692206,0.6470669779207436,0.12542687531686575,0.1270272438831925,0.06814437488808958
533277542,0.010620967147175052,0.010172587632100667,0.0069612291442492065,0.005649070158651329,0.014131081377581248,0.6806079764443689,0.21627205030258292,0.029000065638730782,0.026584972154559905
533277609,0.01395786568437051,0.011517057697494157,0.008143374709141187,0.007431531791104365,0.017050357029953132,0.3403001275504902,0.047365376608804716,0.5135556475467866,0.040678661381855136
533277621,0.01118119245436368,0.01209916924342491,0.006518530691701558,0.007507619118647917,0.2343656153161525,0.5712553200443483,0.016817361923066123,0.09038306828676831,0.04987212292152673
533278764,0.007342959842398506,0.020246280931200882,0.07572085512360448,0.03202643857527314,0.006484715137491746,0.04786983832810176,0.024081810357716383,0.05435930839269989,0.7318677933115132
533278814,0.00904494748151265,0.007690337537956459,0.005635939500777147,0.02887142967525052,0.004686431937527465,0.38714170038700113,0.12357794504434155,0.012093709187984105,0.42125755924764896
533280122,0.014952471000420757,0.023761265987437594,0.013772527141840582,0.01420884385046246,0.08446496153542565,0.7874206071508719,0.013237954088417237,0.03248098750138295,0.015700381743740686
533280233,0.004597006070754967,0.007241074994404711,0.013621736371921624,0.006350304716721467,0.008835286478021547,0.9007584188266471,0.017209874671103687,0.01697404382890892,0.02441225404151605
533280441,0.0022967825518875784,0.011204055890572353,0.011780876933986748,0.006640852015561418,0.01562164459020712,0.8941169413011409,0.013361428267813849,0.030450968681995517,0.014526449766834409
533280749,0.008883889008277432,0.023835547927631352,0.00956529106430928,0.0115881284752264,0.08868798750364866,0.7955439276976959,0.013615808225420134,0.031297174361155894,0.016982245736634875
533280981,0.01145948612071239,0.011038418730243575,0.009252888674621835,0.00697152653509451,0.0033180410807011583,0.3155898144353654,0.1918753214619903,0.008677962870585424,0.4418165400906854
533281468,0.08164294820825763,0.006793904100158806,0.0076060757838633825,0.09009157973933278,0.0055519405285749494,0.46526258035044377,0.07095491215104835,0.015919583197074618,0.25617647594124576
533281489,0.00651758687395225,0.012695943721251875,0.03777672023155175,0.008927710685655373,0.0057013864027763,0.554532418093765,0.05185318664036252,0.01895531481954784,0.3030397325311371
533281642,0.05077414435311602,0.004117614798201517,0.00601305515044911,0.0034487386669611515,0.0042095532579496334,0.6445265869995497,0.22952730950917258,0.007310053739180341,0.050072943525420036
533281773,0.00850023609955515,0.008792256659458113,0.00896634282360092,0.0073044687243790955,0.007237081993385106,0.535026360704123,0.08635168413877911,0.04017701493381665,0.2976445539229029
533281941,0.004266610720093625,0.020779461315626788,0.007846113705778342,0.0049578239244516325,0.007583359962364413,0.6952259233396694,0.09850844605115379,0.11309148585551848,0.04774077512534367
533282091,0.001917418109165276,0.007246330092580387,0.003677879046170238,0.002679073616809381,0.005577302765038479,0.8529930237840029,0.08230616885953687,0.03165558182003603,0.01194722190666042
533282290,0.01715087389961072,0.010310464592610629,0.010921614513250645,0.0036562841660402663,0.004779506432456436,0.5493401316810662,0.28116897782102684,0.009484420622809605,0.11318772627112862
533282297,0.03250911614126,0.007271160875169601,0.007380196575266931,0.003974352179715883,0.006083889243612873,0.5188114721514332,0.37723415207040945,0.009945180090645203,0.03679048067248686
533282531,0.022209694478651676,0.008969357527197705,0.011704503955086296,0.005978262619826459,0.009822923271242954,0.4424176790799034,0.17377436114071487,0.021718259396754952,0.30340495853062166
533284501,0.0010599450280900685,0.006316035362766603,0.003716907471888244,0.003474616377749584,0.005246787777966445,0.938816933333846,0.01784183537583096,0.00828140162794166,0.015245537643920453
533284750,0.0014321442329421064,0.011463710981059872,0.0032562813170445037,0.004295624165399966,0.0033714936258035385,0.8685927005095958,0.04998306809284106,0.006710655303204148,0.050894321772108994
533284961,0.0035390174965383337,0.004114262549899637,0.0030192306712353008,0.003221150156333981,0.003269059740247308,0.5937429138232284,0.3609005719027727,0.008173469617616285,0.02002032404212804
533285180,0.003533502936460818,0.009178103382433259,0.011889464584785037,0.0068524284383092715,0.005663841895802609,0.8698712045613101,0.03471138510922572,0.01081464277320155,0.04748542631847172
533286573,0.002707614943871094,0.02246901788508895,0.024380956643648224,0.019259049551968013,0.3901695924371395,0.38606328600390494,0.007552362512057293,0.04616775897440373,0.10123036104791827
533287602,0.014738229386916572,0.050723452547016955,0.009133098533273558,0.016899004139440708,0.02658797323616902,0.7639525853854252,0.0213894780951507,0.021597753580585285,0.07497842509602197
533288236,0.005998730888193573,0.004434203606333815,0.0032292218437586975,0.002848544516751884,0.001838093132156779,0.07665238927072027,0.8689244628729411,0.003753235578147683,0.03232111829099632
533288718,0.0073006721794052175,0.02186513664698215,0.010226583736076763,0.0160871460964384,0.004525919163908338,0.4145179489277609,0.05906574103250441,0.017217246048638574,0.4491936061682853
533288743,0.0028986369902834082,0.013868106534924055,0.008268891131267766,0.006078006124797633,0.0026871397456046772,0.1412796971089961,0.04918183377056957,0.008404403062049912,0.7673332855315069
533289020,0.027603977850738697,0.017774262023005354,0.00691206532802793,0.007282869384204477,0.012116539781804103,0.5323918204029561,0.29523433372337893,0.01290293730161204,0.08778119420427241
533290582,0.012562409332787133,0.018356257148976575,0.04955416318266212,0.006191149423558616,0.010224388720109858,0.5421133366263475,0.046876121663206004,0.11374192392956313,0.20038024997278908
533290584,0.004926174539055086,0.011006611951803347,0.01886087287180325,0.008285070504972786,0.012580309202375788,0.8574336958800015,0.026755956261836078,0.022978882436773342,0.03717242635137892
533290817,0.002981560139453252,0.016556025488029476,0.007712320825356635,0.006882922827369614,0.019511242023514487,0.8494924562184893,0.013569399429929118,0.06588743998760901,0.017406633060249154
533291917,0.005460222038367157,0.0749323953375652,0.005709126109159994,0.007883255797996758,0.03193012752095113,0.7779252567155974,0.029293384018345248,0.014821252324940588,0.0520449801370766
533292328,0.006473917512882911,0.015366776649168187,0.01610602886358904,0.010556728329161482,0.017189939734281744,0.8246904341687493,0.015823195464038393,0.045186406729689245,0.04860657254843975
533293510,0.005435969292533451,0.014781168223349688,0.0063773411654958695,0.008439720810486084,0.002750432102513419,0.09396734768181261,0.3506339058488866,0.008523731872551099,0.5090903830023711
533293853,0.010728850226913687,0.01543999616893331,0.019902484957634116,0.011316482861425989,0.48021755936003846,0.18340317932069283,0.019411872665370845,0.22416183743124699,0.03541773700774368
533293874,0.034995964584673495,0.013272522066839135,0.008279206848605345,0.01638035214502565,0.4016902725795125,0.02642521590024725,0.009969627407050896,0.47543406699741503,0.013552771470630711
533293970,0.0067363496022122705,0.010253517758122725,0.007032105367993738,0.007055274204357304,0.17415934404657646,0.043461600851443835,0.01069150513649869,0.717576008050552,0.023034294982242874
533294166,0.01516677157279837,0.04739292044576034,0.005098765343504744,0.03260577611426182,0.11104847227816309,0.4000810578623467,0.013290049104203592,0.017907164592834455,0.35740902268612695
533294201,0.002097796109076353,0.007528346855062439,0.005592108959494809,0.003857946156274122,0.009590322900417402,0.9177414547532586,0.020382065686003894,0.02246758166774308,0.010742376912669223
533294214,0.014133960648601264,0.03135819747173064,0.0051924437403440896,0.029236750653242306,0.052597769063984,0.7947111109339402,0.013560829863542304,0.019731966828936246,0.039476970795678995
533294269,0.0012516399628530568,0.010969230172367986,0.003107107096240361,0.004362209190673818,0.005313614200675262,0.9173524941653255,0.029296306657886295,0.009764230804049012,0.01858316774992879
533294280,0.06946088472536308,0.017300273250420183,0.007478582429244784,0.014395546379128788,0.030156972370129143,0.7604881740768021,0.018402979356657596,0.017153961242749684,0.06516262616950459
533295339,0.002167634484264823,0.025430000831259004,0.007107836025391853,0.007289616075754927,0.004457251559098797,0.8261692163915746,0.03328872379093529,0.010421177747775278,0.08366854309394538
533295429,0.003914104921470066,0.020546900965117017,0.007897777956558584,0.015189776486517377,0.006782596928829738,0.777736785685581,0.028904368224948164,0.019675436919555957,0.11935225191142207
533296483,0.004762975569094992,0.005402423181803508,0.004941653376653533,0.002604494224462541,0.005323401813123367,0.8779262150784748,0.058299394612510304,0.015605963117208051,0.025133479026668896
533297801,0.007694713777920077,0.0071980367561687505,0.005912214558174675,0.006185017337080722,0.016501898717077135,0.567805735959029,0.022150898070452316,0.3464451114927615,0.020106373331335924
533297907,0.0019197714686666637,0.013026556321705426,0.0029921053576088285,0.008866444096364083,0.9383000843085115,0.011099630363379045,0.0019329574031921302,0.01838685235085654,0.0034755983297158387
589557727,0.003195555391086189,0.01256252119828613,0.0124199977646257,0.007127011965710246,0.006812499223598387,0.8928608195364852,0.025266412633598145,0.015678895154002722,0.02407628713260727
589561745,0.00441100066498934,0.026150063178611446,0.031110859634427352,0.02903674982520099,0.014010883023993186,0.028841386297468786,0.013040917910950467,0.025733484865962147,0.8276646545983963
589566223,0.005040486972278707,0.003945309167934528,0.00458176972440549,0.002728094688750026,0.003338370954399699,0.24542431230375816,0.7149681826464935,0.008051847514296712,0.011921626027683192
589569117,0.04661546153366823,0.012591188238633155,0.013704083051311109,0.00866157263713225,0.014626181318399408,0.7868985824688837,0.06999001086475476,0.017347217016485235,0.02956570287073208
589569950,0.003056580721313278,0.010526514601534961,0.010840506621705211,0.005174143263373217,0.006464004645445829,0.8829334117767453,0.04945479092357563,0.014942239010641616,0.016607808435665027
589570061,0.028915710909126976,0.01582189144901398,0.01491922911470756,0.009912491840879547,0.017567116771129276,0.8159101008500167,0.05314581856132137,0.01935718210073029,0.02445045840307441
589570487,0.003341631372669451,0.01289426385144705,0.008013867744397798,0.006268158549666755,0.009841698537210088,0.8981817454176206,0.02147597961587191,0.02344881236492307,0.01653384254619331
589570489,0.0034271544242414757,0.009789064473954086,0.010540524923376626,0.005538767277662091,0.006646056613291563,0.86492100972357,0.0603116900758589,0.020899284158278464,0.0179264483297668
589571551,0.0027626182798371215,0.01335507335846204,0.006758625019945216,0.007725468948148438,0.0058299772923826034,0.8874028477397493,0.03999146970362092,0.012426315458229158,0.023747604199625117
589572579,0.019208993496464766,0.029079205663810403,0.015685910435184355,0.6010454951234137,0.03544705045575928,0.0786448485337445,0.00679017491919675,0.09264497218620973,0.12145334918621659
589572580,0.0033835467907601226,0.011263263027230295,0.006727477066619069,0.005779613983997493,0.008248623156268314,0.8675790870293082,0.06566771013102336,0.01946940042448801,0.011881278390305085
589573474,0.0027147412731090897,0.012883175234420657,0.009533300999313198,0.005678848635358912,0.00876091180545602,0.902327034370223,0.021763831674783615,0.01993599270323476,0.01640216330410076
589573874,0.006705093499854965,0.011046060673054144,0.012763683049835798,0.009839630362685764,0.009380283355844581,0.8309686466797118,0.02211678902774182,0.034874965917607255,0.06230484743366385
589574988,0.019393809051893956,0.009965478619932336,0.13119823899763378,0.20160624180312797,0.2084652784174208,0.18991792227898974,0.006929473320797686,0.07549118877601202,0.15703236873419174
589575044,0.028750646569378417,0.009273266120886787,0.059021312521211136,0.05423601672868043,0.05652754806120766,0.27197249687727815,0.007817201416402172,0.22834990288227308,0.2840516088226822
589575060,0.01356366139193543,0.05536475895652031,0.06741135424134354,0.013054767272039285,0.13272302932033356,0.37037964469277973,0.007166349206372166,0.05386218548401825,0.28647424943465766
589575078,0.008337851203167388,0.029111443008882232,0.36212034608070093,0.017795090308001218,0.20742974555036003,0.21359333827303364,0.0066154898569913065,0.03079173834852483,0.12420495737033838
589575286,0.004372697965771776,0.013169118637772315,0.008018679032481308,0.0076784610973679316,0.021339723199795123,0.8877461157047358,0.02165392666678727,0.019313038790321913,0.01670823890496653
589577054,0.00744562289144857,0.03457015956360688,0.01077943542551957,0.012469767617283873,0.027969252246244327,0.847562344608484,0.01806737796119061,0.024652667669186428,0.016483372017035657
589578162,0.004112032395232537,0.011397892823408357,0.02077465140682785,0.008884960405317329,0.009261387827152709,0.855814421494943,0.028092809646421607,0.02304944577084513,0.03861239822985154
589578861,0.002033139448139444,0.008504478058279405,0.004581048225870745,0.004608544018205601,0.0051249343754277005,0.9207588476045234,0.031664904258297294,0.010453282091381995,0.012270821919874482
589579781,0.004006689426572191,0.019383087952931023,0.03916550200619026,0.010243598626409054,0.011441913697513188,0.8178750218054227,0.03540581840872508,0.024614355749786824,0.03786401232644969
589580528,0.0061779696892822825,0.011516164361724068,0.02755499786113364,0.011487701705018949,0.010556420627025338,0.8261579695160989,0.02826422339019567,0.019695220223573538,0.05858933262594767
589580564,0.0025741744539669966,0.010421029535443565,0.004874646275215605,0.004643969725051259,0.008027926423654326,0.9108907595490661,0.03177595807437524,0.016928931026776752,0.009862604936450149
589582540,0.003985733468336029,0.008991772789433698,0.006958257288104682,0.004915018161367564,0.006294548700309867,0.8739190030695547,0.06722723652853402,0.015124543475593742,0.012583886518765672
589583482,0.0021680713460997935,0.014961470887779764,0.0078074221305717015,0.007157043679672161,0.007019293683040827,0.905015060466744,0.023479388741498103,0.016622080767277458,0.015770168297316197
589584716,0.003730990163970884,0.010881241003407977,0.012573606619102754,0.006186933481176818,0.007136544305758168,0.8845553760097251,0.03412824272705227,0.016637206495035535,0.024169859194770667
589585690,0.002227105081863195,0.009846673485790549,0.0054267344695262554,0.005117757164371645,0.006519895659849082,0.9194073676711556,0.023235440160715642,0.017274745362883707,0.010944280943844269
589586337,0.005918167676266691,0.03976818829189065,0.008230680177507069,0.012672568918122422,0.04707831184702213,0.8336396493555644,0.013688127813055048,0.027047414844426597,0.011956891076144933
589587263,0.002446878285107834,0.01040836319882573,0.008114300515997635,0.004910237534786743,0.0057375149323450865,0.9071004007417289,0.0301312409876967,0.014836137137701658,0.016314926665809613
589588472,0.00584001471712584,0.04505493950384927,0.009114618632523643,0.017792768103948402,0.04524612195142148,0.8192721113754817,0.013693387461931314,0.02771306591128332,0.01627297234243499
589589960,0.0033178334019847875,0.01738662251683926,0.007820922570625406,0.007172229520903137,0.014197971378175819,0.8886388720493945,0.020696244526681593,0.028181507413935047,0.012587796621460513
589590560,0.007640828689326674,0.03840108256589676,0.013130367567069014,0.015444609108646177,0.026827324707389924,0.7518228395259178,0.05166973750700858,0.028117635523246035,0.06694557480549897
589592645,0.005362961882040174,0.008702539129166386,0.011690595134939575,0.017535758366490507,0.008863190755979867,0.026260682607279807,0.009578797746388892,0.023415064258950593,0.888590410118764
589595488,0.018461546564046666,0.025304574617899298,0.01647973646934473,0.022945537916283093,0.04862065213429855,0.7988375262932171,0.013633598098055403,0.030527192390503614,0.02518963551635146
589595509,0.019108461119762905,0.008563671961561716,0.020558865941868915,0.017442378634836754,0.017407058035951547,0.7837323594412231,0.012541178254318695,0.044277798731511005,0.07636822787896536
589602405,0.0020569428244977023,0.010890303882322892,0.006271085636191638,0.004245354760297629,0.004955329024523873,0.9201514348621419,0.02370066756168957,0.016310239844750975,0.011418641603583824
589602766,0.008101784215026246,0.004780319712951694,0.00587450444858983,0.0037797163746634724,0.0034579791018790325,0.021100756906904265,0.9059879035681289,0.008234663871481682,0.03868237180037493
589603220,0.006927925379893864,0.03893345685815424,0.006761014088217223,0.01342314644153649,0.037181320294736746,0.8404286131472373,0.014168251271935937,0.028873760527554308,0.01330251199073389
589603540,0.008524614981352388,0.008568488068502952,0.014893634670297584,0.007662761676637819,0.006945087157571556,0.8294717177775681,0.0475285017489407,0.017004128527395697,0.059401065391733225
589604163,0.004238618243454567,0.009062423795466686,0.010936576910477527,0.0040295352574516155,0.004743328340727142,0.8525300990955487,0.0679271959278236,0.01314755210319522,0.03338467032585509
589605780,0.0026434740351433347,0.015236930254335956,0.00866846471401971,0.006406627732541093,0.004286401924280072,0.6232427627150859,0.2341760283890743,0.01266527598760732,0.09267403424791246
589605823,0.0084664967034276,0.03506618601283283,0.13272470588213814,0.27161508694354797,0.020060952478498862,0.13974668385019592,0.011892276238537733,0.2819880937799342,0.09843951811088678
589606661,0.0022595841169932816,0.013187540082587542,0.005285902252235376,0.004948868818838027,0.005717877927994812,0.9098007827088459,0.02942502079180139,0.01674157801493103,0.012632845285772566
589608416,0.004901014262766559,0.027336720683121755,0.6784866222866343,0.08691946638846322,0.011179710370416564,0.049610150417003666,0.020576819392772012,0.03366743496244694,0.08732206123637508
589611604,0.003547854958209832,0.013916164722981881,0.024105592000476822,0.008684053886063539,0.004984206069270878,0.033068643535310575,0.04775973609670584,0.014328504101317948,0.8496052446296627
589613063,0.002362965107118082,0.017324301348491035,0.008238384395102567,0.007336931129614606,0.0070603410225767846,0.8962942954835416,0.024609570674955884,0.022089458095297332,0.014683752743302117
589613683,0.002671461361325257,0.011891571921471372,0.008431972274637843,0.004006202849203499,0.0034934732839372,0.848142622587823,0.07354623372028389,0.009318063123664119,0.03849839887765378
589617107,0.0035780495144542295,0.030957179474318773,0.029839390244488378,0.01625574951964125,0.007575855492484541,0.20958706167908095,0.027541032731712867,0.024924455648995245,0.6497412256948237
589618208,0.002707937122005494,0.010689566016945885,0.01065771962455009,0.005074150362030941,0.004185548808398962,0.8641889278580404,0.06296020731155634,0.013191430104847615,0.026344512791624287
589620671,0.0062042234114844325,0.013213219626122985,0.028210659252566668,0.013512230128392035,0.011771206367906465,0.5783873225071788,0.011878893607428269,0.03419204908906452,0.30263019600985575
589620870,0.004459569903561155,0.011831573272024224,0.02090794173885251,0.006114876439691115,0.0057459813066299175,0.8298513794782103,0.04707508113147652,0.017446611779981712,0.05656698494957252
589620994,0.002870847689402408,0.013920827022309233,0.005134131805469301,0.004997891494205487,0.008979652353285366,0.9079484201701724,0.024450623686111447,0.019284467466261532,0.012413138312782873
589621600,0.0035999870781695943,0.013908193002348556,0.009978103227969251,0.0064355111366150896,0.008749216523564213,0.8643020733749894,0.033179448658491976,0.02610928910412599,0.033738177893725955
589621801,0.006561904413135263,0.04075873008726201,0.012663367092613185,0.012800739836247648,0.017697767217155866,0.8316795607614129,0.02123192874425995,0.031110439356205867,0.025495562491707282
589621949,0.0023114352641187058,0.01219278042987901,0.006194706638478822,0.00434441800545436,0.006401484569738816,0.9052818950008052,0.03444045626168998,0.017315312692948323,0.011517511136886765
589622522,0.003265532430082158,0.01881563739100453,0.017043912737593002,0.009848510912280289,0.0058197190031835395,0.8503052353558502,0.03687835679546482,0.020911149131760627,0.037111946242780754
589626768,0.0026081342583430113,0.01164100263147342,0.0069012892388740504,0.0038347853265907825,0.005878627083786741,0.8702281446806934,0.06506039778890965,0.01817214485249189,0.015675474138836968
589626847,0.0026415634987042537,0.010665432157745843,0.005552213416909509,0.003023042947043454,0.005187873864093884,0.8681470700981166,0.07408047837452295,0.013785619225876804,0.0169167064169866
589628335,0.003786992848852718,0.012405444033696271,0.020557240203355902,0.007320356480100377,0.005713395300047534,0.8305246876103565,0.05134297736238406,0.013413874338992288,0.05493503182221441
589628489,0.0029714322379916242,0.005602394327397638,0.004493126517854328,0.0031847672872914873,0.0034173301755114718,0.6184879417926792,0.3378827240636405,0.011279446087889404,0.012680837509744301
589628550,0.004138066057602711,0.0844394737356812,0.014185665945918254,0.02868690769292317,0.012555424255096781,0.7428753454815495,0.016032370982193036,0.054562228132332025,0.04252451771670329
589628608,0.002258066456648703,0.01687945167270153,0.010587908271379787,0.005328853489983863,0.005021251666520467,0.8334098698248683,0.07888354514517772,0.016480706259243298,0.031150347213476225
589628986,0.00440606037118675,0.006731441663790801,0.009185964130760437,0.0033717399920062062,0.005219355767054043,0.6932136798571716,0.2481546314982962,0.010260585415505839,0.019456541304228154
589630160,0.0029397075862673725,0.02715952974143762,0.008882540080143891,0.007265711528880047,0.01597849426466821,0.8810086269277774,0.015336967823743188,0.029956313366136057,0.011472108680946197
589633556,0.005733150663171532,0.010840952629272734,0.006326863847585868,0.009339145164976899,0.008472305860137872,0.8846225240625278,0.03417830839667326,0.021183906179108498,0.019302843196545492
589634160,0.0029961240717905897,0.011660893132280397,0.007919685442825756,0.005652851745885195,0.0070129879001358236,0.9147258502879285,0.01755533156238087,0.015474556160863098,0.01700171969590987
589635357,0.0024577551952517447,0.014266663328464515,0.007670278567645712,0.005561370681861438,0.006357818641427159,0.8883666995436126,0.04103400155474722,0.017821481147843286,0.016463931339146223
589637307,0.004024759660817312,0.007050399229223457,0.0041918131263473934,0.006439814085894086,0.005457687939898891,0.6936161121089446,0.2504761093310875,0.014159721518862474,0.014583582998924453
589638826,0.002863803743090353,0.03125047906474957,0.016394571577227502,0.011682345394431618,0.01785289616701317,0.8191992814535645,0.01983636223734846,0.0684512557939565,0.012469004568618365
589639462,0.0012378624526610932,0.009174678794757191,0.004166419145831261,0.002513442648204463,0.00402273195220619,0.9395021915586297,0.01981454314056187,0.011144359616805972,0.008423770690342182
589639744,0.00371720098389135,0.0074725091306542665,0.011887648072695734,0.0038730406381134144,0.0035666720194073684,0.8567994515339041,0.05654233029417148,0.01922446690604132,0.03691668042112078
589641076,0.0017377574916551638,0.004630402119670016,0.003453100756829921,0.0037358779438316403,0.002741631776687434,0.9255831842276528,0.02938272876584386,0.012003963200069167,0.016731353717759957
589642050,0.0018392915383142645,0.006062300630459918,0.0044790618555032476,0.003200674522135122,0.003266546851361215,0.9284314215297902,0.024243495858064616,0.013161824286188619,0.015315382928182818
589642482,0.007405198696659461,0.023371042287174643,0.007838235994090606,0.010820273390303017,0.01854879785556196,0.8606322641010042,0.019483064640955745,0.028266912334082385,0.023634210700167864
589643196,0.0023481501854697028,0.004004820802242863,0.003021662787489946,0.002164956858813465,0.002526998650963845,0.8500234699702095,0.11205483192451421,0.009613823788469538,0.01424128503182687
589644881,0.0031307835153527013,0.009805585735617246,0.017644916107409724,0.005459746902201328,0.008269383695030627,0.8733856384139792,0.026536770974212125,0.024231141136507227,0.03153603351968978
589645040,0.0026233153270942395,0.011804228085125275,0.009290616133382406,0.004741983303668786,0.008322412144940805,0.9058978635999397,0.016116948317470733,0.019795305090221347,0.021407327998156745
589645063,0.6523616367171404,0.010498071471704562,0.015557438320673586,0.015106450692293213,0.01483440678402601,0.20660962443583475,0.035441266532504706,0.016436729696083383,0.03315437534973942
589645210,0.017998008578232902,0.004154178460996405,0.005616900836211473,0.0030559622911202184,0.003898933648937,0.8131229041117396,0.09160604002918317,0.011408494959597176,0.04913857708398206
589645235,0.0014383005511028675,0.004909614976994551,0.003573178651802236,0.0017977923656215594,0.0023322906497759374,0.9244356342520172,0.04385607608375538,0.006626158007985137,0.011030954460944995
589645264,0.0012717048987448518,0.00565006396239212,0.0035297595386306504,0.0018501199889179563,0.0030456611932095814,0.943721249969779,0.024462292257718114,0.007451266114479372,0.009017882076128317
589645363,0.0020724508347184454,0.019183019228314908,0.006751999344035173,0.0075629589846580424,0.011720785134818836,0.8930163690298396,0.012437623539118411,0.034778806905016856,0.012475986999479709
589645466,0.16923197784629923,0.006524914548418794,0.0072192244216245935,0.005987100738682896,0.007306354183015195,0.7585465098870479,0.01562677566714448,0.012269615550147944,0.017287527157618884
589646466,0.6456144440374225,0.009258641023531218,0.043739330254728793,0.017330966938089817,0.0077320154614262645,0.022779955289689752,0.09010055500194619,0.012269397789192216,0.15117469420397334
589646632,0.7730183128479802,0.006495626716066757,0.013092748988483248,0.02353539315521095,0.006842384593842276,0.048348391857819806,0.02459976844233372,0.01180769083599003,0.09225968256227302
589646688,0.6416663925954756,0.006109545843521788,0.02215031903786686,0.027204076827809516,0.00652723873517111,0.032848504642396956,0.016022419765877628,0.011734522216668892,0.23573698033521154
589646797,0.8068775621029541,0.006447195571642036,0.010744523833946978,0.03210542993119404,0.008305332410010845,0.07082646789513186,0.016609373076082668,0.012237544390639425,0.03584657078839792
589646862,0.7657955291363587,0.008967271247341063,0.014094762332993114,0.044045593911727514,0.011175973511098537,0.05881251599657543,0.024274691244408318,0.01897691244911936,0.0538567501703779
589648314,0.009421797589764533,0.026649576812710844,0.012620158338142064,0.012268687643021983,0.01808088587922806,0.8529107481107595,0.015155532552466553,0.03267716765618645,0.020215445417720065
589649551,0.772734574010006,0.009581055301462917,0.04731035504202487,0.009666653063136165,0.007361026280413034,0.02672080450458784,0.0227345813159227,0.012031741907842567,0.09185920857460386
589649953,0.0011611113987998448,0.009317980319020173,0.00461625961514573,0.0029690451093248387,0.0038632341182904166,0.938900847245135,0.01910127205414931,0.008989153481586751,0.011081096658547883
589650138,0.0038574075480090845,0.05125372860515501,0.3124865009639858,0.07075297456115848,0.012010786936600838,0.30140577963125403,0.11846799414861395,0.05020770720143207,0.07955712040379076
589650780,0.009384960522375817,0.002321621503104692,0.0033980447405967517,0.002041922334857273,0.0017551661673113716,0.018054660102542336,0.9391843215049385,0.005504473494644123,0.01835482962962914
589652247,0.0028385653075241593,0.01216363700993771,0.048231973968620424,0.015133911158178524,0.005266585363157647,0.03316453682401226,0.0173280845933171,0.022683980454591867,0.8431887253206605
589654014,0.0038053274897840404,0.03238022065665766,0.5199356792209321,0.04424408230527396,0.017754110172291757,0.23005910002330515,0.011505745423217216,0.11231118417203703,0.02800455053650114
589654034,0.004467319067329063,0.19448184024929072,0.041484012507457056,0.24125423954598746,0.040658969791114205,0.26586093826907586,0.010169293902637494,0.18600679268470674,0.015616593982401384
589654154,0.16808746543809988,0.00786493290367919,0.010730552639736279,0.010031851564786419,0.009016468708033042,0.4856503804810533,0.06703771373495171,0.01981513044911975,0.22176550408054038
589654176,0.25615186369782494,0.0067127791026076675,0.014841188917920651,0.49595260192493085,0.010817637378410556,0.031580721013052045,0.004965866273256528,0.07609742175937086,0.10287991993262592
589654183,0.4594422137744658,0.00872533445780177,0.017992547586899305,0.1293057334902848,0.013609737022976671,0.033786285307423856,0.005009847256387836,0.04177235880589871,0.2903559422978613
589654280,0.002526287870184375,0.02176070201791023,0.007691688562575599,0.010010691182261536,0.016906320379544912,0.8783353373469059,0.01071883323841851,0.03814330191139022,0.013906837490808718
589654379,0.0024893485246901587,0.010419650699497258,0.008823191643917042,0.004728457502250798,0.006685623388659112,0.8978072753203619,0.024787972368561246,0.023626876492873726,0.020631604059188773
589654778,0.01503182621360102,0.03683276307665346,0.007075322030905998,0.023398413917391534,0.04647316845941365,0.8050491342904217,0.009602844874829455,0.04495789289997982,0.011578634236803467
589654997,0.0038298499022401612,0.30767962590918957,0.019180229850611165,0.3721282176127292,0.01637698029237698,0.15342733665164682,0.049179746713962504,0.056387539889803245,0.02181047317744049
589655191,0.002612480255048836,0.011360207479877954,0.013905031933097133,0.0063562727401023375,0.005898264591668109,0.8996939303889482,0.018998265312426415,0.021117729753802935,0.020057817545028177
589655314,0.001340748359325191,0.007493236134560595,0.005942174353014715,0.0032602242516324943,0.003628913906656622,0.9406711166281405,0.015002680670111629,0.011810760573959252,0.010850145122598928
589655401,0.0016959849725655708,0.016098513792394062,0.005425874439038212,0.004599902826331827,0.008612421759790786,0.9197216085190045,0.012388627806622088,0.02134975684371328,0.010107309040539799
589655420,0.004147962746627071,0.07067617958392164,0.006831135753131814,0.014540199556442908,0.027367802842302603,0.8155361473197043,0.010380096820119072,0.03653806180984729,0.013982413567903458
589655704,0.0019665463690273434,0.010741014688031876,0.007768670972714317,0.004923854348260535,0.004691144797286155,0.9238760549951238,0.013849206245169316,0.02152244931947769,0.010661058264909026
589655845,0.2937504312265675,0.008235846453368431,0.011149497432732112,0.023991490556741834,0.015286828423752735,0.48340843534513633,0.005398186931785095,0.12698861027906927,0.03179067335084676
589655876,0.0029845823819460225,0.00878717631794782,0.0040806863843771465,0.0046709009051854305,0.006918434303058622,0.9140082102409386,0.0295497410622257,0.016371101277072947,0.012629167127247591
589655913,0.17293374063460304,0.006300609097311284,0.008045758534270373,0.010473027474344167,0.012671930843698637,0.7397848422194349,0.005316709955811035,0.030495711529874472,0.013977669710652082
589656289,0.48510126237566065,0.1277366461308441,0.028320782053857702,0.01042796195602008,0.007930328503200561,0.046616218124899245,0.16719443901503195,0.01777601148655316,0.10889635035393253
589656347,0.601502591393622,0.06944576812294811,0.028995855317684994,0.00731517415217449,0.00752867648374947,0.048585618344553105,0.09475147335042618,0.015696741191513233,0.12617810164332827
589656594,0.6065176790360685,0.037041389965443414,0.013854756669423002,0.050601725064974505,0.016017181646066123,0.07980279044380649,0.14614716961951052,0.021049255309613848,0.0289680522450936
589656969,0.004558076728443212,0.025005896885717305,0.16418834976488744,0.032177479677268105,0.005860711595626483,0.02347816550894607,0.01439199445339048,0.021039034771922756,0.7093002906137982
589656997,0.0019373232182482779,0.01875820941303219,0.006592247509234609,0.004498198990598144,0.010115500592128894,0.9104033759989512,0.01572105252517598,0.0224632233420747,0.009510868410555972
589657024,0.0014977683943958274,0.013984764683360117,0.004537748513463747,0.0038545484436051996,0.007055363616696465,0.9262270793398495,0.01600493622072544,0.01700675256020221,0.00983103822770157
589657428,0.002222478130854036,0.008035346501902725,0.013793155991600355,0.005377652772360692,0.00394267354651891,0.8910955924110457,0.026887156044218725,0.01673743922167872,0.031908505379820214
589658507,0.0070673431787082915,0.005699236829938595,0.015215002625478813,0.008920309168313809,0.0034987003576609364,0.41631855517030647,0.02282888174633354,0.017709207881471428,0.5027427630417881
589658589,0.0015475194988233553,0.008587837275678021,0.005856510261224916,0.0029967925672954782,0.004028388887304347,0.9392186272872873,0.01664358213058927,0.010729056825472646,0.010391685266324698
589658819,0.012672408146882768,0.018313646344756403,0.009206003031801083,0.015107545889358745,0.01735776190948366,0.6686403280498201,0.013286971197660185,0.04865695384858571,0.19675838158165126
589659155,0.0010065267593569259,0.0036712686248395066,0.0022489339986667242,0.001486527789268719,0.0020057046562977285,0.9462469658939925,0.031050946102907966,0.005891056056700808,0.006392070117969047
589659326,0.3615525315072415,0.008678594122271507,0.011354866145956807,0.26399097722606735,0.009728572074549444,0.021505733451231624,0.00376812710625403,0.06064585563684269,0.2587747427295851
589659508,0.29683685750043415,0.0075421871863327085,0.03165928601660089,0.09219754002179847,0.008785312426489377,0.054042853968946834,0.009814249470596588,0.025261292481256113,0.473860420927545
589660168,0.04637104154857848,0.014536974531011609,0.011003760406130082,0.01939606800160077,0.019100131927319228,0.29971958137031784,0.5171690474167532,0.02278040152079748,0.04992299327749142
589660415,0.259683796433896,0.004868949524499883,0.0060610150524374575,0.0074976690246606435,0.006943205294929116,0.6674834289314749,0.005637362250318804,0.02901919874590482,0.012805374741878215
589660452,0.004079544341869868,0.011040949733288603,0.01620775766417941,0.04438554668017937,0.00809895390509062,0.04701918943641147,0.009692736193671534,0.042677462909717925,0.8167978591355911
589660696,0.13709122303120053,0.007890198666566978,0.009198899436541638,0.04821264065472436,0.011874821654511675,0.38405173361925493,0.005267031387700714,0.12919294205092402,0.26722050949857523
589660762,0.0035172652597925025,0.011744496859715094,0.028151497585097322,0.012237622404913412,0.005882348841247706,0.8375335820492498,0.025685065434769845,0.029299381337294556,0.0459487402279199
589661376,0.016667222247925426,0.056509377809317585,0.008883968254896187,0.161114599363585,0.11578346838898015,0.5061622780253963,0.07141306778404488,0.042067023889171135,0.02139899423668342
589662414,0.00792386092685398,0.01767286212214013,0.00994605725722105,0.08813194780426023,0.036018766828960894,0.20322003762502117,0.0070631029426536296,0.04489440401897386,0.5851289604739152
589662481,0.005819517886901687,0.005149743034185844,0.007423687767616222,0.01489026111010958,0.02272990997660874,0.061072706350977,0.004206308339192267,0.020637772106257186,0.8580700934281513
589662575,0.007176722787875277,0.008051560440151536,0.013002328221284618,0.09758356826045868,0.025012695513249084,0.16326988598879244,0.006518037920428549,0.036059528988542894,0.643325671879217
589662718,0.0017458618147818624,0.005423069536914131,0.0025264142987121395,0.0036687275339328863,0.0033074408573258154,0.927769069742071,0.03461999077014342,0.008644634607209826,0.012294790838908934
589662935,0.14591702252736583,0.007156504135669531,0.009325716944516324,0.007172113154896838,0.007684097700548938,0.7521828759229334,0.013911134658514642,0.01714659026656688,0.03950394468898776
589664264,0.0015545050981030052,0.0064071017592970386,0.005194259540593581,0.003528259549695614,0.003273526527936105,0.911415370698414,0.03606206622439184,0.00872100682459096,0.023843903776977777
589664422,0.0014456669217552533,0.015007034469644277,0.005859972282657529,0.007513295347551127,0.00543581214024248,0.9057923214113028,0.02298204691806784,0.018164789258540964,0.017799061250237662
589664612,0.32076735954450875,0.011046149164477877,0.01416889774016683,0.0069789620072658945,0.011523018502386115,0.44900312141887566,0.11278640743789312,0.017066804860066193,0.05665927932435966
589664785,0.7072798594132076,0.007463631985024894,0.008839103784368566,0.049386712498058316,0.011388879113247574,0.015652439414928405,0.004050426423143643,0.02641356985278003,0.169525377515241
589665151,0.0022320105075162994,0.024447475177050697,0.011226726742969128,0.006885798395543469,0.013122032576624906,0.8911000429177351,0.013320684418782338,0.025701926790621336,0.011963302473156637
589665712,0.0022353163627459823,0.013616024998142117,0.0057739365523002606,0.004788676913914946,0.007442466887389122,0.9054762271305532,0.03088325710633268,0.02065818248184556,0.009125911566776059
589665871,0.001160130467342998,0.0103116903210378,0.00418766316669108,0.0025739506613788993,0.004389495723853901,0.9410913243556137,0.016907531684255354,0.011232843080697268,0.008145370539128949
589665881,0.0029151142802549056,0.013850072282311249,0.008242736771203163,0.00939076813132768,0.003739483550578901,0.8327477574833954,0.04785407570199416,0.019468178682213715,0.06179181311672088
589665931,0.004503909358580676,0.015681269368791627,0.006171080547270976,0.01076167026993469,0.03623336847804284,0.8642639391365821,0.008279241137454764,0.034741402636640106,0.019364119066702296
589666035,0.0013805497070093929,0.014343245866898054,0.006313504273378613,0.003991584868567855,0.006529641232084029,0.9261717464576744,0.014124664328433395,0.01586387033834553,0.011281192927608876
589666037,0.0018094249791236346,0.018539566547223184,0.009199213268501275,0.004676748628044717,0.008982336732162508,0.909717133791557,0.014379632783481838,0.021172157043077847,0.011523786226827915
589666050,0.002889818259170798,0.009404278570533556,0.007962434993008206,0.004770555349204069,0.005846065269471612,0.9114020894005581,0.019274137334376596,0.02751565823532209,0.010934962588355
589667016,0.007497388550420744,0.012867718794671914,0.02372636350930946,0.012057259973415637,0.00894229021920957,0.8382450595401352,0.021063308172737962,0.037807814579448665,0.03779279666065088
589667061,0.0021190882217287954,0.008813644891976093,0.005469006322633353,0.0030225842992251876,0.0031420289436289886,0.8238954791630722,0.11577974677993702,0.01027346339126825,0.027484957986530147
589667121,0.002045013389708361,0.013169573347040265,0.00985007684031869,0.005755415830009028,0.006830431897260072,0.8983313356372162,0.014389794507196307,0.034303876892635865,0.01532448165861534
589667280,0.0031300859847583607,0.014643072306099786,0.006883837230927287,0.009134014802163377,0.00972395077530744,0.8833023810037463,0.021958742181378433,0.03604784070450768,0.015176075011111378
589668178,0.0017397741001804747,0.012602427195104515,0.007260458453566507,0.00401236811147878,0.009451762025810155,0.9183242477853486,0.015659112462480484,0.02131998068402434,0.009629869182006144
589669967,0.0012769472284265818,0.004880960007194769,0.0030003681363282007,0.0020475365537087373,0.0030212395399620957,0.9131800878551863,0.055745628902737154,0.009241739962392035,0.007605491814064152
589670413,0.002633740065361566,0.01583625022801223,0.007935926675890832,0.008086592206059296,0.01265133430283219,0.8950513366551461,0.008639264777684381,0.03471090231999636,0.014454652769016973
589670559,0.0037824106339595194,0.01056643547536762,0.01721267732067611,0.008327736067427703,0.008104711789038797,0.8818365934745496,0.01930722795781695,0.026647719299057418,0.02421448798210634
589671370,0.0022694020757042534,0.005309094307067541,0.002804586173322369,0.002623384115655757,0.0038360832180082175,0.9010124210047703,0.06332531984373838,0.01020199446986532,0.008617714791867912
589672410,0.004069369117425323,0.013795278751203413,0.03941471323504691,0.01119648578227284,0.00436644574567761,0.428374217424411,0.03059905426680526,0.023045721014485133,0.4451387146626725
589672725,0.0013666357116596964,0.006974708306316218,0.003787657874220318,0.0027518990579006412,0.004485170487002958,0.9434049336181747,0.013841222774300218,0.01351835259960324,0.009869419570822047
589673081,0.18898060992443844,0.0063269962011088315,0.007990902971153539,0.010675602328993575,0.010494414401009101,0.7175507174065758,0.005126058635274678,0.03747171102399348,0.015382987107452556
589673223,0.297444256139725,0.006834294470312084,0.006621966566820964,0.0070778229689699,0.006867918612821591,0.555369028079904,0.018812872457891976,0.017239864272520028,0.0837319764310344
589673447,0.13038365457137724,0.009163253382642327,0.007398632780149062,0.011014073697898618,0.014436048126020562,0.730508168555664,0.0087426851079676,0.0398479268404952,0.04850555693778534
589673567,0.5201388241279815,0.013657254032710986,0.014391365974737056,0.040013475206524526,0.012190487580611798,0.0815966478635198,0.006738395502834474,0.03044135392946543,0.28083219578161434
589673733,0.5995609859974775,0.007305633420472152,0.015055559004810804,0.1794371569424308,0.013236048965343297,0.013182450011994147,0.003710466248134223,0.02475569114638257,0.14375600826295443
589674007,0.19249762724635647,0.00781813439932575,0.01350904074501523,0.008904512356109206,0.008003314683599033,0.05933336132281084,0.635071651184743,0.021610709309374893,0.05325164875266557
589675810,0.0014228183678470494,0.0064730351700792174,0.003187595157658723,0.001902569761604336,0.0032489082001273995,0.9408168975226592,0.029043618675654227,0.007280291176451195,0.006624265967918746
589676011,0.006036019670951563,0.1552881215682901,0.027184693275642973,0.06239811533274735,0.23383515960332804,0.19912502713223085,0.006669391929462427,0.2996913394339697,0.00977213205337696
589676630,0.009968738264655722,0.00405946645090761,0.008531671544384663,0.0185659579914357,0.0048759267698341045,0.02080442303656721,0.008901194010789178,0.028729239645156,0.8955633822862697
589676857,0.011163200337411572,0.008156426297741451,0.011437679843365892,0.10714835664083479,0.009080384394917956,0.04573841473876833,0.009232078540489142,0.04973136741027075,0.7483120917962002
589676979,0.007276037766763148,0.00923631365305851,0.010249792076939745,0.09291876137107243,0.007021757002583454,0.17755277426896432,0.011502767126989324,0.04433839145141385,0.6399034052822152
589679195,0.4965954426180964,0.006995826559367095,0.012042628502480782,0.010412911651752284,0.007045089815542224,0.3152568083249332,0.1191194133174269,0.013650956304576804,0.018880922905824268
589679886,0.00951250156179337,0.014821532102082934,0.013372980657247444,0.1314604369427494,0.010402139506238953,0.2634762768564598,0.01759500002458275,0.05145243659231182,0.48790669575653345
589679904,0.00395384373922469,0.005331333180116019,0.012628278968441837,0.0036328782984846957,0.002990402419881218,0.6630177974896723,0.1878721444409499,0.010352571094969005,0.11022075036826037
589680591,0.0032438328154996273,0.007977806836786318,0.018190905737674474,0.01258809861506373,0.004494396290306823,0.023227967864300897,0.01663765960733735,0.021448063088468115,0.8921912691445626
589681462,0.00423230265826041,0.00844990873840733,0.009519707050258541,0.007358154947649461,0.0034599095358105046,0.3323422013094477,0.19523639559910433,0.014767461030283436,0.4246339591307784
589682555,0.011676229090140954,0.010241146040376507,0.019220167834626906,0.03535241125591515,0.017503650738082254,0.7711289790113329,0.0077230326664391395,0.07884698705520592,0.048307396307880356
589682867,0.0018567877849053967,0.007133680383369137,0.004141629661537472,0.0029894462361140816,0.004255294087261369,0.9141762399177573,0.043182287716129926,0.012710461777347002,0.009554172435578311
589684413,0.0011514552010279892,0.008363979926739186,0.0035155111953403878,0.002759825354092652,0.0036678411495288396,0.9457396194888212,0.017610117396107287,0.009437726629364434,0.007753923658977987
589684827,0.0009182665435274351,0.0034503416141296963,0.0016921310068122488,0.0011933637391562328,0.0013585463421469629,0.7201155101156256,0.2586207524982736,0.00525384405492861,0.007397244085399582
589684864,0.0013483780864317436,0.00788072606961917,0.007136040257810185,0.003023357505582466,0.0023597323908878835,0.9180053421864597,0.026618551212926174,0.018380308631839412,0.015247563658443401
589685081,0.5220332956803256,0.006440839509049695,0.009977637921230785,0.004965658653649498,0.0058439537258095425,0.27372142954979883,0.149009496319115,0.01116156449814758,0.016846124142873467
589685100,0.7889367388914776,0.005277170889335856,0.006411348077994307,0.06430334439864725,0.00796931007944909,0.011221011970733103,0.0039682337818846,0.045708175048772365,0.06620466686170587
589685160,0.6763487104315764,0.005347907013239269,0.008364083381733278,0.015095147581177793,0.005669572044274317,0.020393487624980278,0.01596236060191302,0.02207562788547316,0.23074310343563248
589688360,0.006610599896075093,0.03870554137286833,0.010524903415598976,0.6124655343564938,0.012479714428927745,0.156865527443392,0.013174979275963833,0.10870308696592898,0.04047011284475128
589688604,0.008620860984798638,0.0029692954909349566,0.007681644820856735,0.004090711441333913,0.0020572887838657015,0.018764472912118885,0.0667099293199477,0.01391120068208941,0.875194595564054
589688616,0.006065024739548097,0.0030405250173141355,0.007254962761107841,0.005980394665504879,0.0024561178076457917,0.023669851782650585,0.01884707312594629,0.021665551756904093,0.9110204983433783
589688722,0.003400145758765335,0.001983697328452497,0.0039041462973221043,0.002160202798088805,0.0010604106197560528,0.01266552352996029,0.8656978866464837,0.005526832608080104,0.10360115441309105
589688801,0.0038720271030769954,0.008115084858084905,0.019722055551861652,0.01289615128998779,0.002820954862420458,0.028990406051353397,0.025746357682266182,0.0227520930331068,0.8750848695678417
589689732,0.0017036900508130008,0.016167847667133136,0.005645418218692596,0.005237377157401956,0.009293038972285514,0.9075076567557019,0.014714461662818146,0.030199693593751215,0.009530815921402536
589689931,0.0015660470045828195,0.004265336829073694,0.0021462631444851177,0.0021643666306385657,0.002655322668756266,0.8859504486194196,0.08792099163486665,0.007922811582740727,0.00540841188543647
589690006,0.0009933716466879324,0.007783023392673904,0.0038747534582231646,0.0019780661604618596,0.00274307452151574,0.9505568480744938,0.016168074950166467,0.009536304333652518,0.00636648346212476
589690188,0.0016286015662485805,0.019833267113863098,0.006011254872744388,0.009255213598434878,0.008725129905197731,0.8942626753763099,0.013203696009828523,0.03416614028373609,0.012914021273636906
589690306,0.0024252072570728777,0.010634734435332669,0.016183154200726482,0.004435727337978299,0.005835829653742559,0.8754602126884881,0.03692522159200921,0.01932127406252025,0.02877863877212958
589690787,0.0017304584265791655,0.01195121391158541,0.0045550283048865995,0.004455560434677485,0.006235277821155262,0.9119683914292349,0.03176893456968951,0.01906328300523545,0.008271852096956212
589693943,0.0016508348563089535,0.008306709096636633,0.0035821523741563746,0.006482402357529208,0.003130104595948312,0.9146965388103852,0.02886802270738028,0.018266233339806103,0.015017001861848952
589694191,0.003655030291805637,0.014156580743105952,0.18588679590213675,0.022979811384691486,0.005255227340256277,0.6048904431561786,0.01359547253867812,0.0490137491886402,0.10056688945450709
589694200,0.0037526741575176145,0.01398517310488162,0.020040819587946294,0.07552060158815448,0.00767383140906889,0.11855712285121332,0.009828774775806312,0.0803380440185515,0.6703029585068598
589694392,0.7485422499234899,0.008611615909328255,0.009462471383228742,0.008456829870903917,0.009959034589030115,0.056630505888392725,0.10256889944097777,0.018368306613914788,0.03740008638073366
589696112,0.004905738128238866,0.013120889688744699,0.009345528161264677,0.01215649184450041,0.011890288789633212,0.7034820697832598,0.032787256405900904,0.12806755163162273,0.08424418556683486
589696361,0.0018200624757183331,0.0058342235760518776,0.0027059122745431863,0.0030544286003845833,0.003763951556749321,0.8866307075987261,0.0757059462031532,0.01173007527718042,0.008754692437492993
589696723,0.04414676623701018,0.12751438470691262,0.029061583884243652,0.5898645797620934,0.02244633704072021,0.01246775359205588,0.004783863204390298,0.05592771481138879,0.1137870167611849
589697175,0.004662967659933142,0.031690931493634444,0.010952702166656201,0.791267633360693,0.012650586320571483,0.03642911499161618,0.009330011162626592,0.055000186112370474,0.04801586673189867
589697302,0.0035950808832729353,0.030421680369781066,0.03130873486854566,0.344513980715796,0.008251640730257663,0.29405510286308095,0.05840666740277324,0.11459937602484263,0.11484773614164992
589697529,0.002838800945445478,0.11757679011840097,0.032276854167629945,0.4761066507468155,0.010121180904627438,0.061800711920237165,0.2022075446650276,0.07324163438844085,0.0238298321433751
589697812,0.008169734228452574,0.27931776396469465,0.318828915999919,0.13013260442333185,0.0076917751650012085,0.03142092689042049,0.01493751075526047,0.1432542783301789,0.06624649024274086
589697922,0.0057248284866167455,0.009090031742956157,0.005334955279523324,0.005782102509436263,0.008515296146888127,0.8661570763038602,0.05937601283762876,0.02531528189350375,0.014704414799586596
589700941,0.001376639535534204,0.016963316331378465,0.007543156843765293,0.004758606325454317,0.00446573787983786,0.8815157255772923,0.043026174591094625,0.024320253009387643,0.016030389906255164
589701301,0.0016509561477863711,0.008617822797627066,0.005062700321704976,0.0046989036689651835,0.0037490146373113683,0.9235869912208727,0.018728634352627938,0.02435112578913479,0.009553851063969622
589701406,0.007299402400978151,0.006759783953676385,0.016556120285233757,0.04830827960814399,0.008378523773682686,0.24895423969225086,0.007457500076339111,0.049346447775756,0.6069397024339391
589701442,0.002125877002937724,0.0169443016056242,0.02122499659887756,0.0066014137041989236,0.006422245981654994,0.8537152897914091,0.03129344972985692,0.03097864247708696,0.030693783108353564
589704957,0.005700274160256122,0.010605413578535906,0.11234303088894777,0.18287177759266235,0.00502820716276395,0.012546498798427331,0.009609817583114705,0.08657704470139799,0.5747179355338938
589705018,0.004504858835642166,0.014893186621302894,0.452851727405857,0.050122969319798774,0.006350836578593231,0.023945845934014682,0.016660320578241582,0.09174297519239895,0.3389272795341507
589705042,0.002477895908732032,0.0032461599584338962,0.004829275844236478,0.0024937644485177814,0.0012293526860283337,0.024414287742523647,0.772141694842345,0.006287947835669535,0.18287962073351346
589705510,0.0019354973743664948,0.016455478957285177,0.01381161629295551,0.008332768094108309,0.005561570116157024,0.8314913850505726,0.05175606284957966,0.037215005629716046,0.03344061563525921
589705898,0.0025906463454846177,0.026064651815560065,0.03152898914743154,0.010924159563381785,0.0036809472027276554,0.7720030194339986,0.03766729710376637,0.03983430609332754,0.07570598329432181
589706024,0.0016576977974308142,0.00907189378036005,0.010167619823378545,0.0038267857433380275,0.002211827735949285,0.8663451554803402,0.04993335912144092,0.011056526049202953,0.04572913446855914
589706264,0.0018560492012124356,0.004073936982464341,0.003397815380552659,0.002219108055301553,0.002376278046669513,0.8813155467756141,0.08357661660764831,0.01205361454359813,0.009131034406938883
589706502,0.00117433737024778,0.007842745742475657,0.004240037932928127,0.0022458656554570533,0.0024709248118506854,0.9453505821131905,0.016889010533561236,0.011065721463692415,0.008720774376596525
589706644,0.0011803238152857613,0.009147457253721276,0.0031654982356810408,0.0030181143087568644,0.00408358319766749,0.9319213120186759,0.025738944531028287,0.014209989440161873,0.007534777199021444
589706707,0.002869217273150523,0.006041529585594649,0.009114113343295677,0.0032201317496495323,0.0032320585473297743,0.8920141736884049,0.04783833302170094,0.011197780167005015,0.024472662623868956
589707916,0.4800735967781573,0.004735526825054057,0.009186392190815717,0.015602885459811498,0.005526345373367893,0.024575117752733532,0.02161540628209493,0.02794496031832259,0.4107397690196425
589708408,0.003171735549334408,0.005276672816172709,0.003303379194441751,0.002980142974175333,0.003267658784751611,0.9275389968916187,0.028401000291204744,0.01287651725342624,0.013183896244874553
589708651,0.0021680189246569693,0.004469451905393278,0.005236713097023293,0.0017704154381734255,0.0026877851290892573,0.7732408838639829,0.19371486504489757,0.006750999150403188,0.00996086744638016
589708749,0.002912066755519645,0.014892636860443545,0.01783877490845054,0.007379829998832015,0.0060362752085885785,0.8699132159711822,0.02027981727848155,0.038397210844229146,0.022350172174272723
589709256,0.0030771995102305775,0.034878033538603116,0.018020467775086476,0.8509829085811373,0.008499225407091743,0.018666211274254198,0.008646288332522494,0.032546484206348425,0.024683181374725617
589709407,0.004668788338431014,0.01666129784812818,0.587135149001955,0.20710634178142046,0.008266280627764747,0.02482282639273081,0.022222278589204086,0.05738989830665971,0.07172713911370601
589709560,0.011356467096978753,0.003267392630016995,0.008850944353139663,0.004174180713045072,0.002314354947979939,0.046123120695856654,0.09211385729609287,0.010262711918200298,0.8215369703486898
589709628,0.013796987618734845,0.002843696435541057,0.005179913014595496,0.007797964783181145,0.0029135284034494534,0.026431918826616742,0.0328739414456032,0.02026398376383456,0.8878980657084437
589711120,0.0286724075815959,0.00277272243797571,0.007337692754353461,0.006542147466457828,0.0024983129582455137,0.020809430602665643,0.06644838520501209,0.013592819979009341,0.8513260810146845
589711142,0.010449679991481888,0.0021707869155171058,0.005140731342922503,0.003690874401678524,0.0019170153893639963,0.018205035278632813,0.06666025026216159,0.010579725091325938,0.8811859013269157
589711313,0.0047704506321738765,0.0018201264203971342,0.0036197345284312544,0.0019529395845273964,0.0013098069161124686,0.02770211644183335,0.9183403323795167,0.005859581830704762,0.03462491126630305
589711439,0.02549414362202735,0.0038964313764380176,0.00891966983464753,0.008062003527451428,0.004055738701294921,0.02839683380869606,0.8046668005266111,0.020439039183389695,0.09606933941944389
589711493,0.0045509385876879825,0.0035068205822500944,0.007687027388717204,0.007256291520675421,0.0020115485149942384,0.03366996923720896,0.030482361708761774,0.017438055031725408,0.8933969874279788
589711515,0.006228766292860773,0.0054453401462023834,0.005964760906751167,0.009999573432873984,0.0040016434308183845,0.7549490143565061,0.024450463380447113,0.023508688061619935,0.16545174999192028
589711963,0.0030616688207612194,0.013069582625899672,0.013367030306916577,0.007704419874063925,0.0063205528825049625,0.8934524386889242,0.01677080127803124,0.026717949260260956,0.019535556262637182
589712145,0.0021839492459875694,0.01360938419600848,0.014950145011389344,0.010069837090620141,0.003602827839493391,0.4432862061110753,0.11030792384691915,0.034325989563065415,0.3676637370954412
589712387,0.002929118837374526,0.004343730965363997,0.010971731979552623,0.0036393843460902297,0.0017425561762957416,0.0278683878153112,0.3451958892215558,0.008613456627444064,0.5946957440310118
589712456,0.0018824839903606046,0.013127695995673845,0.008347346992623452,0.00634360090758032,0.0025382233218000406,0.3714864822142553,0.15961126458188546,0.015204875682462862,0.42145802631335805
589712514,0.0028807538741788376,0.006525596615508865,0.018435015055159175,0.004605684846697436,0.002394368358145512,0.049922332454782115,0.11587986543231442,0.010358162680727144,0.7889982206824864
589714985,0.0016030408622125345,0.012181252618323148,0.0059771423628503335,0.0060769155894399044,0.003562582507584054,0.8522797457009221,0.078955524926531,0.01960222865210153,0.019761566780035295
589715234,0.0096345381973906,0.009015858163575726,0.00850164608031098,0.006449735571062642,0.006371563619279878,0.8748160232893452,0.017095098948664202,0.025508242812180806,0.04260729331818997
589715303,0.0030503592490605815,0.03772015559095733,0.007948850646622842,0.009249605527537388,0.038458362007528835,0.8479440497254183,0.010317037683707335,0.030825550415873284,0.014486029153294269
589715632,0.0017199129355313994,0.008577285980407646,0.004524078491846379,0.004288750431737657,0.005360034631717749,0.9312094948959635,0.010447488983008069,0.01815845762063432,0.015714496029153258
589717387,0.008504125568430977,0.0030660771779058927,0.006670396825850144,0.006999434128179176,0.0023834482185856923,0.01895561185549026,0.021973404065370083,0.018663489059341613,0.9127840131008462
589717441,0.004521884649519062,0.007480293004630927,0.012572886482565384,0.03413788684026676,0.004335338509425021,0.018681322361123107,0.007604876504447436,0.049701285226327344,0.8609642264216949
589717612,0.03525196116330677,0.008749640240224328,0.007361705647854921,0.04081648438998257,0.012757726158629914,0.02130254661553781,0.004985617655921985,0.057060271709076266,0.8117140464194654
589717921,0.0033838668385012347,0.10467060343712446,0.5868365776012893,0.07453829633165247,0.014746658081969009,0.04633635632877894,0.013470894650430046,0.13422399065484464,0.02179275607540994
589719256,0.001957043056480753,0.004739587208431501,0.0045027140484909895,0.0017817857761626137,0.00246321588478715,0.9163980145673103,0.04289360133015932,0.0094249290988634,0.015839109029314073
589719299,0.0035080711152409095,0.008691158463115585,0.01001163248465803,0.004512200964987836,0.005480962688799251,0.9029693898359435,0.017556440730740155,0.02484124279999408,0.022428900916520517
589719695,0.2392342614279646,0.009056396237312626,0.009780055477121569,0.0049925067836668275,0.012633716164272172,0.33547614300905804,0.35589406313209665,0.015739992936923367,0.017192864831584272
589719855,0.3387555599098658,0.006935866582684797,0.0052998007650352985,0.17294440515827336,0.013518099227257259,0.04255617087919157,0.005442275497426642,0.3977608176876596,0.016787004292605674
589719875,0.5244426077643204,0.006376972955019591,0.006066767364181835,0.11889672926397415,0.010057857492137086,0.22887728003864155,0.005149584698981929,0.08352748793332587,0.016604712489417632
589720121,0.007598068840672298,0.006981680246490459,0.012416565344247388,0.006349143130263578,0.006910645616077812,0.8471124231669531,0.019242944477296995,0.029613268329171185,0.06377526084882719
589720220,0.0023110734613583884,0.0077266193538493445,0.005568639478414218,0.003900521551919518,0.003961404699194483,0.9148094614352789,0.015030544407997731,0.0215794320382389,0.025112303573748565
589720232,0.1509859340520252,0.011853892521717688,0.00628212036921831,0.01252995964140047,0.013389330817399663,0.7344740152005961,0.012475765423831019,0.04437374372536251,0.013635238248449068
589720263,0.0012097110911763794,0.008828993216840364,0.005325787951349164,0.002557796512019669,0.003483678875648278,0.9430380627900998,0.016599640766609122,0.010760270782957495,0.008196058013299713
589720415,0.34118375262604,0.006062289441673112,0.007369177091051232,0.05023688329526631,0.010133131373960784,0.4451758598006966,0.005635279767630688,0.113980794445646,0.02022283215803526
589720507,0.33024307623738025,0.006125354646778915,0.008346381603517394,0.011057618638434812,0.008139746715112193,0.569698325354188,0.0072843963607170555,0.04166263322236925,0.01744246722150207
589720532,0.5924992255817041,0.006485615619057917,0.00741662446226303,0.005111239826521587,0.006214776055303702,0.3080316202723805,0.019959351445585756,0.013722696134260002,0.040558850602923406
589720592,0.030172335078875945,0.005345978110043385,0.008323701270258284,0.028236733230506614,0.005873481355390631,0.760387862090433,0.013000064852114272,0.07206164098049986,0.07659820303187795
589720619,0.3476670504679378,0.006056040025534302,0.00569236718618099,0.010694720328262916,0.007448461014356981,0.45419126237999863,0.008083954854622509,0.14000210735120502,0.020164036391900862
589721255,0.0007006794469886588,0.004782055925018398,0.002077382514653358,0.0012911572311752864,0.00175635026150085,0.9524273298200807,0.023943713838283236,0.005837953311955061,0.007183377650344477
589722187,0.0009673927735700044,0.005364647994837439,0.0020952024984693253,0.001824012046821203,0.0026905601234325834,0.9460330458941364,0.0261036053070078,0.00914480120520647,0.005776732156518813
589722624,0.0030569776382599148,0.019193724806948396,0.03199890537056686,0.8083355873435716,0.009636008236690108,0.018268498177050826,0.0060011646435835534,0.05284134382136166,0.05066778996196712
589722707,0.0037793346516247295,0.023124552163086252,0.41257223921004865,0.44316362449532765,0.010178779288445261,0.030689542487724014,0.009101877438784928,0.03851513102975983,0.028874919235198693
589724520,0.0007762073879786712,0.005193447830903686,0.001957995042061142,0.0017140756337429188,0.0019870139313316634,0.9480542160117356,0.026362430786057253,0.007194707515297713,0.006759905860891397
589725904,0.0020945182279474405,0.010297120491974386,0.00717948977515342,0.004749856611928569,0.005316195046274961,0.9166636518436542,0.014625088764819575,0.02514286914877743,0.01393121008947017
589726148,0.0015695791926051104,0.014788668430972922,0.004283370388118574,0.004260196065882021,0.00655315451356637,0.9212671058556645,0.019036832550536027,0.019810091216269275,0.00843100178638508
589726215,0.0038188131960461844,0.007124094663514918,0.012611192150236537,0.004733943970965913,0.00452945951079969,0.8772317280086583,0.04891669175020961,0.014060103741108491,0.026973973008460238
589726486,0.2622124107307203,0.008792887690734897,0.006930455716811985,0.006318371998860785,0.01675594072511723,0.3967518415373999,0.2753986271501479,0.016226638037237236,0.010612826412969867
589726620,0.48582959401529674,0.006837794007774329,0.034197960423344394,0.00587536011176322,0.006803414400640167,0.3664617299290952,0.025411637230891536,0.02084910089663896,0.04773340898455546
589726946,0.002484956401095996,0.01327266625381891,0.010112148330824805,0.0066527502122569505,0.007208486505406713,0.8968767530914938,0.01620338779795563,0.02413054202046731,0.023058309386679906
589728262,0.003219436652630046,0.009246585135972605,0.0037206845074224007,0.005215882429830413,0.006829434793718443,0.9191624898755348,0.02241081198893479,0.021082435930896495,0.009112238685059995
589728314,0.0014575601212296594,0.024786266519308528,0.007354746228162936,0.0073060454928080085,0.004767995557207929,0.7748592843720912,0.1288044110519088,0.01738450904632038,0.033279181610962674
589728978,0.0032373272354775254,0.010695726675476558,0.0045585182873209016,0.010628039568793537,0.00627171627678047,0.8968152629978637,0.027658855628038905,0.017948502730738575,0.022186050599509757
589729079,0.0016524982794048982,0.0038397387133170323,0.0032210654234392545,0.0016711357338841076,0.0018126585058666287,0.6730034767096807,0.2955109446444435,0.008679212955180897,0.010609269034782919
589729207,0.002169151297268311,0.012341621567452879,0.01856579841688851,0.0077816455460716725,0.005710252693702944,0.8544918866011656,0.04657176016921978,0.030546369035455167,0.021821514672775124
589729216,0.0008261356549957425,0.006164260716226699,0.0022736625736533953,0.001610566764779782,0.002524790237548259,0.949143315951241,0.023937331184941825,0.00803659821566727,0.005483338700946097
589729255,0.004346499483141139,0.02228352148196885,0.26626333500883753,0.3186892158906024,0.014388641492984055,0.05899676210435908,0.01001693092320608,0.28635762778024987,0.01865746583465095
589729267,0.0008409862051904782,0.006142069889316325,0.0026115398560326284,0.0019462202163940427,0.0021308907664900293,0.9443258503712986,0.028345115695151496,0.007487132337202552,0.00617019466292374
589729478,0.013805463371795548,0.01509500398287466,0.011197471488013998,0.007357615890809545,0.009173221439577935,0.7727570705731382,0.10044753017616166,0.02643132956255646,0.04373529351507191
589729588,0.004798948053439846,0.04566074344946574,0.005877575832317182,0.016548162983935414,0.051975940518124035,0.8168470195662592,0.007351956564698482,0.04177972217796065,0.009159930853799438
589729893,0.0016179713000139147,0.0031937746654771074,0.00242333433293129,0.0018173698695714416,0.0011513151738635847,0.40585325024562363,0.5571760661439741,0.00489992993066868,0.021866988337876203
589730251,0.05186691109313697,0.0019009448223691462,0.003991957372258432,0.0027390935832582114,0.0016546144581783175,0.01017646247236518,0.49792294229258216,0.009615927967791236,0.42013114593806034
589730431,0.003747054039120181,0.0017960212978185013,0.0034152000082714063,0.002064189171389576,0.0011515985934288553,0.01689872627852458,0.7093747207188872,0.006268828559143905,0.2552836613334157
589730593,0.001896142998175268,0.0030704078018040527,0.0037953453733747876,0.0016454439359421878,0.0014766106942593793,0.6937505126670764,0.27913643647855785,0.005266382334370171,0.009962717716439893
589731302,0.0030448078371305906,0.028893482971318756,0.019387705764887984,0.07950221481529646,0.006827945181741033,0.20029222545216946,0.040084539284856315,0.07947961802425238,0.5424874606683472
589732668,0.008165647424286453,0.001477605909590483,0.0026453210235784065,0.0016009563737238658,0.0011466367382416112,0.09946506962255172,0.8667841532453955,0.004652761972263451,0.014061847690368435
589733071,0.0016774190005910703,0.0055788474953994294,0.00854152772914165,0.002824085050137381,0.0021187717199528137,0.7889111419345788,0.11919116280397855,0.01209054294447798,0.059066501321742335
589733106,0.0012617292280218274,0.0048976369604359846,0.0030142534942698288,0.0021391403457005453,0.002456498925686602,0.9515171039745247,0.015232890917170033,0.011430092116203461,0.008050654037987085
589733262,0.003894687842175195,0.0076078105804347484,0.005398636789533962,0.027649095106745767,0.00493355601125108,0.686450223747097,0.03715950618955042,0.023669336985729844,0.2032371467474821
589733357,0.004074793976292234,0.008459898840438601,0.009381700521934284,0.005536777949154186,0.005774837882998268,0.8808648082128885,0.01533438709075045,0.036371645381640845,0.034201150143902605
589733365,0.0020910796280037133,0.005567739558357844,0.006998679555724961,0.002343632031958469,0.0029995634915620795,0.9059389789185772,0.035599083623573,0.016258285635830462,0.022202957556412287
589733384,0.010560129298141476,0.0075608316798557555,0.007247310068965626,0.009669187521441778,0.008386331325054312,0.8640486758401765,0.016608622871649194,0.04858846094258341,0.02733045045213188
589733455,0.0031978848808392277,0.01583166403321504,0.06858756632525988,0.7131860506422365,0.012571489309911157,0.03843550506628188,0.012653988941396724,0.1184902797494077,0.01704557105145194
589733506,0.0037923216075009506,0.017568253113446883,0.2457099875505543,0.3742553529139272,0.011021471620777393,0.07916777870510082,0.06858840963015742,0.177372049207354,0.022524375651181122
589733753,0.0023345488952378145,0.008526787102842149,0.01220971413960831,0.005253336947590238,0.004917494198829996,0.9083956997831991,0.01759790242614349,0.020941418679238044,0.019823097827310756
589733914,0.0010957627214197168,0.011626290679359922,0.0050140604700555985,0.003133119874348292,0.005247266486075579,0.9358152478798678,0.012068536463069357,0.018622683275248922,0.007377032150554817
589734589,0.0031171213488616865,0.0076675024559186775,0.01135552789831505,0.004311782909342011,0.005477454023968017,0.899009054354887,0.027843733511300647,0.018302082522407188,0.022915740974999703
589734601,0.010088502292748968,0.02213024282951524,0.008048859198867938,0.012646302438294132,0.03244135654415617,0.8497618016022896,0.010043294214321758,0.0429557024684901,0.011883938411316007
589735157,0.0021250596948275595,0.013933904141182646,0.00841759700498914,0.007301756545730071,0.005842026456023979,0.8628647627985072,0.02648917922985153,0.0319642869912723,0.04106142713761557
589735318,0.0019505229703985633,0.007456098162940446,0.0040078186563057465,0.004425325605546067,0.003394350350292171,0.876759046366804,0.05507529823506655,0.017689397148391794,0.029242142504254675
589735967,0.00756346126682298,0.023754362604526177,0.005138312769282839,0.006370379240435579,0.08938825661129313,0.799875029990903,0.01869743605103741,0.03270699893461389,0.01650576253108504
