track_id,Clutter,Cormorants,Pigeons,Ducks,Geese,Gulls,Birds of Prey,Waders,Songbirds
6868504,0.009119106884842739,0.01406574337680268,0.01993206366169238,0.3664420121093963,0.4169768521351259,0.048306990469250216,0.0040758042515647115,0.017221747201573243,0.10385967990975181
6868536,0.008730779268879819,0.01957938879435161,0.01995132859836197,0.2303598723573991,0.33263246093919396,0.034375430057427686,0.003646568008977767,0.019644705926148528,0.33107946604925953
6868565,0.011169609044824188,0.06086713375323799,0.02731256564117182,0.32018148049052814,0.49440016661035013,0.026170477937634808,0.0038308652449660784,0.01902180467665424,0.03704589660063265
6868861,0.0024308102654458925,0.18843421293771612,0.006364546045324935,0.026701616193867184,0.7461970476475518,0.008649982388146541,0.00200616725235993,0.010896369896939729,0.008319247372647958
6869275,0.0025447243404943813,0.14039744501818546,0.009218986898169104,0.016219280700311988,0.7632473864118337,0.028266181949837623,0.00395682856730625,0.013361120410291695,0.022788045703569907
6871418,0.005194457840862992,0.15397346736105952,0.04424144890593368,0.09938512626270544,0.6284413175749382,0.01884171745642827,0.0038696411582098914,0.025802411378306453,0.02025041206155547
6872996,0.3365959748064288,0.005797882189445312,0.008396312859383333,0.006555275795565627,0.017641927715473273,0.27122696093756815,0.06525380240346762,0.011047824290486724,0.2774840390021811
6873817,0.02168444295773223,0.032062158393586254,0.006476035023407765,0.010590680319554565,0.21221823786677552,0.6577208700949079,0.006024022832135264,0.03126733860220881,0.021956213909691737
6874023,0.0011320431919948119,0.02288920370223421,0.006276496795212041,0.005110954726139083,0.009967989734908507,0.9113479362178641,0.011883295770673001,0.015085946634258135,0.016306133226716122
6875504,0.0012139324611424665,0.02457680934857563,0.0065241675891689905,0.004385759363134956,0.003983153051612459,0.744803676408823,0.024779309064433125,0.012307865845136786,0.17742532686797263
6875899,0.0022652396617531376,0.013499262333066711,0.003647961020663326,0.003447008290727863,0.004130815072387758,0.8351974001444165,0.07616958570835988,0.008871308141457214,0.052771419627167526
6877293,0.013118762714169901,0.0067046683760242426,0.014283304904747047,0.01705300969451777,0.0057643613967759575,0.027606502740774332,0.01320455902905194,0.016725142744295075,0.8855396883996437
6880408,0.0016623954447592775,0.011887869536895449,0.0042985828532116025,0.0065739998771349485,0.004543727137218832,0.8629319077792023,0.04167143359172579,0.013032431965074469,0.05339765181477736
6880690,0.00197313238927167,0.018083108016066843,0.0191936599290791,0.019069192895750466,0.006557161919967292,0.8004300264650779,0.014421777664885303,0.015149922748260181,0.10512201797164122
6880833,0.0041344711216750075,0.003913925306382452,0.005677445743943436,0.0028658730615231634,0.0018886273654014536,0.18207759464616077,0.3569024101590309,0.005871095139209514,0.4366685574566733
6880956,0.0011872054142535522,0.019060970816817097,0.0032934874978736554,0.00392662859338064,0.005123104053218242,0.9242833763421823,0.018138749179965028,0.010401472057929175,0.014585006044380202
6881733,0.002432253756151815,0.0033504111771201542,0.0019922843742183802,0.0015894911210028214,0.0019979473644518276,0.0882591292661093,0.8861584952945615,0.0036014391921470393,0.010618548454237186
6885154,0.3771608108598441,0.01387116412553783,0.009532474060123438,0.023189894057464105,0.013045157195130648,0.1257340857468694,0.013877484640837271,0.012652129043283753,0.4109368002709094
6887294,0.01143275925063216,0.1278133871419361,0.009953160969262596,0.007991894272675172,0.0169113768234036,0.3583855282722809,0.012050512167314686,0.017828106200650885,0.437633274901844
6887586,0.00784730252471311,0.004182395124009626,0.008044148031425075,0.013428869722996898,0.003733923544116459,0.1356863439825109,0.010874919011539835,0.012239565150421666,0.8039625329082665
6887600,0.0036601237831422923,0.0065662735416680265,0.012706317527475612,0.015118214116887761,0.003867320793292704,0.04355332929351832,0.010440115087055255,0.010168835879878388,0.8939194699770816
6887637,0.013312712855996901,0.05860815019353995,0.008393468358960623,0.011314516362351224,0.025330899838211983,0.6172030130823103,0.018054982220721372,0.017215128661435652,0.2305671284264721
6887702,0.035826291987327785,0.0031301959704918354,0.007463925026110675,0.005339985846304685,0.002866031956510588,0.0312571783414884,0.049953727023876925,0.007631292882200626,0.8565313709656885
6888243,0.007962993932215539,0.1094671250589782,0.012241072864942509,0.014762774446064901,0.01408767178197086,0.17659202446693045,0.008443723891172301,0.01672603673642607,0.6397165768212991
6888737,0.0022124750105217156,0.023848593746584334,0.025735113892429207,0.03582815799748193,0.008676871140628196,0.048061956783698075,0.010875109778822441,0.014224589718210726,0.8305371319316235
6889024,0.006570556612298073,0.0034021113350704603,0.005863050946711819,0.0025145061072073694,0.0019267037295947445,0.022599016590414186,0.5758882176792426,0.005727185637987917,0.3755086513614729
6890285,0.0034357234636129617,0.011603481851444386,0.006724258882300247,0.0031237649534959504,0.0023131228471381846,0.22819213526045595,0.28796751971221624,0.005271975619978108,0.4513680174093579
6890416,0.002801926157643238,0.011652898861915537,0.01974936881636401,0.005372125212714407,0.0024001917962820844,0.048544948338337224,0.04028359244526153,0.0075658640679288,0.8616290843035531
6890579,0.005730322983784089,0.003933896260793824,0.008770334333845432,0.006160259733714032,0.002513901475027931,0.17333753000578073,0.17298184052106688,0.008373020624901978,0.618198894061085
6890917,0.00560544968490595,0.005314573827850426,0.006037145438524774,0.002371582217943566,0.0023394720045962574,0.352416172345561,0.4180947064442964,0.007561811517785674,0.20025908651853597
6891091,0.005464133881023673,0.0054631566717220055,0.01498815910866043,0.3930596987678746,0.005730331831748954,0.013893279830345573,0.004053617628729475,0.014618741072965402,0.54272888120693
6891208,0.0017257767171386454,0.0043778403429052875,0.00712280919868533,0.002961116470174549,0.0017458654519417348,0.45520639130035734,0.11722548381266205,0.0052649737166727915,0.40436974298946227
6891245,0.0024861700612665684,0.005444454489609979,0.004026663965182944,0.0020298958719568885,0.0022702116849470555,0.5999907303727642,0.3307660385748323,0.005298125898941959,0.047687709080498034
6891309,0.00175943874446756,0.010474960703505795,0.00906667553204019,0.004936897250467799,0.0024703373727817434,0.27172694941121445,0.03602457713232116,0.005894230808140976,0.6576459330450602
6891366,0.01179131333459687,0.0029501988342222445,0.005119001292361343,0.0029472663393740285,0.0020623478449882616,0.1645123845160354,0.252973537756603,0.0066934300520600275,0.5509505200297589
6891473,0.0043165650011685475,0.0072035524512398565,0.011399265226951531,0.012567384782147514,0.005393068507757309,0.04553700473672774,0.012905800324444876,0.013530378419484802,0.887146980550078
6891484,0.0019074090496701388,0.00469677359023296,0.007411362975082705,0.003895073103953677,0.0020358344290657042,0.026408804580220577,0.032880902953863506,0.005593007998625429,0.9151708313192852
6891531,0.002320922081558061,0.005614209750384522,0.006596428140727182,0.0029317150284569934,0.001864331052017033,0.10976363928480926,0.20460446328971785,0.00467999710157658,0.6616242942707524
6891557,0.003790347110674038,0.006702147210486822,0.017836608583649514,0.008917518826569873,0.0039111617055908165,0.06621428820932204,0.03409233412686426,0.012141656328793344,0.8463939378980493
6891579,0.002080396704554258,0.006756615163102732,0.008601346917074008,0.003283139555752732,0.002255296316700939,0.44504048332136026,0.08285335042872079,0.0055405885375981075,0.44358878305513616
6891867,0.007255656321830789,0.0028584772731240302,0.004800033324664916,0.0022155883257004546,0.0017053715682553599,0.0165876517815694,0.8973469221294343,0.004630614581528157,0.06259968469389253
6891888,0.015046928372185532,0.004158692833181041,0.00928374496727375,0.08310275924637688,0.003618463425298612,0.030382630044697028,0.01707111683456665,0.015622599243548599,0.821713065032872
6892297,0.008508722655249606,0.002844405864132384,0.0038236186859847976,0.002327728751401714,0.002001757090407868,0.023979796879302812,0.8274328338463801,0.004899680297563077,0.12418145592957763
6892562,0.0032405370950399116,0.0039579388490228315,0.005148001871011971,0.001999768618496719,0.0017777914984806237,0.20348698325459258,0.49265199932334236,0.005298418581748607,0.28243856090826436
6892587,0.003111942504894666,0.002981772651339105,0.005410511951551302,0.0020511480559789034,0.0015061521075822315,0.040599702572057514,0.299046288637747,0.0048302578275217205,0.6404622236913275
6894293,0.0028315920093097396,0.29382413177902567,0.005453287884874682,0.06177830585474062,0.29150178941638927,0.012334316676410419,0.002549186944851995,0.02185041567479973,0.3078769737595979
6895609,0.00278488035424533,0.016164735620385378,0.032091612792413314,0.09697765872527324,0.006420323759059974,0.014145235874347918,0.005369651031341324,0.016770661239074267,0.8092752406038592
6895723,0.003740614662103845,0.004973478691794384,0.007411107870460264,0.0021835047770528662,0.0029676730934981685,0.8462410158977487,0.07998536158319677,0.006413363422950603,0.04608388000119437
6895905,0.0019367015319231519,0.005372141373006695,0.005991689457329463,0.0023319816722263023,0.002935396778392235,0.8634172174710657,0.061824698737319404,0.006048224858856917,0.05014194811988018
6895906,0.0026036038548571503,0.005602797367885549,0.005570294792185436,0.002101817412212484,0.002355407174550788,0.6277196548924848,0.2770417973133781,0.0064474805539995765,0.07055714663844602
6895927,0.003962626855802797,0.005951491997814511,0.0069743515824803835,0.002654854252591951,0.003724954980928193,0.5016966410176337,0.2479397004877654,0.011573561701352255,0.21552181712363075
6895938,0.0018930337999142803,0.005037612931470035,0.0042780342730125735,0.001748705323344783,0.0029027189245236684,0.7888665041699574,0.13573370990059427,0.007179439992334244,0.05236024068484879
6895939,0.0029304698725954805,0.007297414603989498,0.004880575328874534,0.0026825399314703282,0.0049578930604871185,0.8638810232104159,0.04427979334329331,0.010120284735445621,0.05897000591342827
6895948,0.0017189910130052148,0.006856157052586572,0.006052194512640438,0.0021225178290272943,0.0033329539991909128,0.871446675991983,0.06310266993846075,0.006390019093610711,0.03897782056949502
6895973,0.004343405788245009,0.006059147099654708,0.006631459022830054,0.003996216445307472,0.004119784892352928,0.5967372990051507,0.1948586073153627,0.011783648196947216,0.17147043223414915
6895974,0.002176366773666268,0.00529862444157202,0.004810401710620159,0.0019739470518062466,0.0024978094815551965,0.6441178882589851,0.28599347785552304,0.006313176177800205,0.0468183082484718
6896754,0.001317672586186687,0.005238456162725979,0.006847617876538574,0.0024661284445660703,0.0017511422179893122,0.15086419138143012,0.058596857830905326,0.0039279900742797795,0.7689899434253782
6897915,0.0017238607739403578,0.050592874195209726,0.026629412362728793,0.022145716230766672,0.01074839510174975,0.14343846433610716,0.014492133669702874,0.018799864322727535,0.7114292790070672
6897964,0.022239345162949554,0.02406198257443955,0.015183819980854225,0.018742983859471322,0.02553102877767215,0.0820562614305488,0.019080685191479308,0.024278926981501088,0.7688249660410842
6899282,0.00494866137986791,0.004344081439535834,0.004923502224490154,0.0024806623402699886,0.002004042336965258,0.6012055296365906,0.21499503185102853,0.005513979228365699,0.15958450956288617
6899294,0.019782933756637075,0.0026119207475731425,0.004563461653472487,0.002367921423164195,0.001648171295941463,0.040135104758558394,0.4866689616265558,0.005031421313341311,0.43719010342475606
6899376,0.0024191450704364424,0.007267870628433881,0.011374401962468396,0.003887366884888784,0.0025095343089072165,0.05178184493899157,0.1535567315251687,0.00612135096439743,0.7610817537163076
6899506,0.0038690531476023087,0.0038971666991281352,0.005208087545443191,0.001964172851666924,0.0019230011013445035,0.22020253000844775,0.6123577282157096,0.005891341961972808,0.14468691846868487
6899530,0.05458597863190199,0.0037562911115510693,0.008747664545001239,0.03799575604844191,0.004385714358687271,0.018130446741450295,0.006247096541110627,0.01612293239285225,0.8500281196290034
6899560,0.06442727388593518,0.003891709308400788,0.006653963975646312,0.013864045764207685,0.00409174350386096,0.6132514744090174,0.03055008247531382,0.015640107300951188,0.2476295993766666
6899670,0.04345001777051338,0.006445351446555494,0.007038077129323984,0.00593196312529317,0.013350879884888775,0.28392945351716276,0.013528725147179971,0.022720710560560492,0.6036048214185221
6899695,0.00854250839860851,0.004813094433158414,0.0061557219965440784,0.00856780692843628,0.018088272025683267,0.6073048051603702,0.0077129960223175946,0.012251999491336148,0.32656279554354545
6899730,0.02651604391950731,0.009285751945641109,0.007859358845434272,0.005963159080905549,0.012338711823023676,0.4466303575819359,0.03638686609160415,0.0214105354178134,0.43360921529413454
6899754,0.030389864419475672,0.004426131204134825,0.010647709802513096,0.06426108735482634,0.019001701012847115,0.2152446042515269,0.00533474837550025,0.02743539846135867,0.6232587551178173
6901206,0.001720858081667189,0.00773950965721446,0.005849870098743823,0.002836732875901848,0.002568260763622408,0.34559326465676377,0.12114764799779745,0.004672632772563739,0.5078712230957252
6902131,0.0013012330524579205,0.008098625839188967,0.0023824283799140237,0.0016962181738818516,0.0028884800300980683,0.6813764655715884,0.28145614216597037,0.008863927305574821,0.011936479481325635
6902271,0.007466091522956628,0.09752245051197125,0.014263788629913473,0.0864663517441315,0.1456726118839488,0.023768383296400374,0.00393368514785798,0.018208641600782057,0.602697995662038
6904326,0.08231450476563398,0.0025762656078332424,0.0053850550697752625,0.008334556361189219,0.002161283688088174,0.07608584976956694,0.024025442468699015,0.008518844618788317,0.7905981976504259
6908023,0.0017634853734381992,0.20260264909641434,0.010718403491160157,0.5890505354345354,0.040124226084228665,0.07624366118425023,0.010730727940474461,0.04724243550659439,0.021523875888904108
6908625,0.0019128324177635524,0.0032765494169795066,0.0044428240023238925,0.0017389094898446577,0.0018458687436607992,0.2973842991492179,0.6362724054690623,0.004308755257655574,0.04881755605349199
6909657,0.004415454472474338,0.002490652132899222,0.004842291703942941,0.003201966969890742,0.0014534399210567497,0.18274272093236468,0.16306808548167825,0.0056432083722729775,0.6321421800134202
6909786,0.017155137052018633,0.0024592373557853183,0.005013303203569915,0.008270143731797535,0.0018260859933976249,0.04438081839692039,0.02843497666773431,0.008747939564983669,0.8837123580337924
6909952,0.0061302313043411424,0.0031108421260414238,0.005416346276096797,0.0027810561529146792,0.0016520448425028898,0.027919633670917137,0.1328860857437679,0.005588276830291172,0.8145154830531268
6910003,0.006645525153921123,0.002500375686956698,0.004969852978113458,0.00380632242999161,0.0015988442395069682,0.029462739761099796,0.06542261814746653,0.0066752430746295065,0.8789184785283143
6910407,0.0009090671864860405,0.008104595629610849,0.002762732763692607,0.0021636834825591077,0.0037842033288372494,0.955762535829991,0.011057652888606571,0.005897653618737743,0.009557875271478743
6910422,0.017196331880436715,0.002575630213959037,0.005023954025512553,0.00412957587906043,0.0016645676529308585,0.10667525253432922,0.2805543877990867,0.006521936385839473,0.5756583636288449
6910425,0.07614615128886351,0.002185992318315365,0.0045470561190896945,0.006541541056068652,0.0017778973701962032,0.03451119390551591,0.040861715750453664,0.007404106425045065,0.826024345766452
6910560,0.009357088286045402,0.00447259430324976,0.010640965920362113,0.09439770883046768,0.004652311684615886,0.02476812446755698,0.009497983514384608,0.020660086067179537,0.8215531369261381
6910590,0.03139049272553419,0.0025291510514501114,0.003979423561037141,0.006216074066480064,0.0019039803328870042,0.0739976145387801,0.08365649378123882,0.007069508259689189,0.7892572616829033
6912744,0.0008938467539980141,0.01244967410049128,0.0026197773663773497,0.0030447842521046384,0.00582005357348926,0.942256387735508,0.01202969024807454,0.011630259966631818,0.009255526003324962
6919118,0.0016106412783902008,0.005840409317758409,0.005885002550808611,0.0026638635684252706,0.002771212979884836,0.4128326599828009,0.09813235932613022,0.004810232119598908,0.4654536188762027
6920152,0.0019620886768670436,0.008589605245394639,0.008929840715084096,0.003923245335369301,0.0039426361377069554,0.541257972788456,0.15853927307794516,0.006798495272167029,0.2660568427510096
6925791,0.0016734474177044864,0.022443593712044296,0.004970984462556093,0.0048786631577571226,0.0037064592125850963,0.8792515086512904,0.04576440083789317,0.013150076668373785,0.02416086587979555
6926246,0.03186111253965538,0.008055268814979668,0.007430363201012564,0.004927690278540514,0.00675369072492316,0.733388977654301,0.08951731784588211,0.009276927347848343,0.10878865159285726
6928841,0.010772195743954159,0.013819882345572953,0.01902103214925107,0.4346076084226927,0.03276893036513809,0.11610359913857693,0.008595952255271124,0.2859008345274856,0.0784099650520573
6928933,0.0171910674361832,0.014212190013936346,0.007669033291062982,0.008222906208780549,0.012857602519870474,0.8663109433107138,0.03793013003401156,0.012470682197455571,0.023135444987985577
6937241,0.010784521502234797,0.0033882952757532713,0.010176083253939323,0.015899903606812673,0.003292004487519418,0.032415017702707785,0.014100624016485848,0.018185673150021894,0.8917578770045249
6938426,0.0009724527546389309,0.004593726768903187,0.0020871554192741807,0.0013972287457821647,0.0022798616815535287,0.9444178219712583,0.03153889400382556,0.0040752818617185065,0.0086375767930456
6938530,0.0011551785609096282,0.0036259721652808774,0.0017234656386325316,0.0012615979251694616,0.0019355034355293484,0.9380063770576239,0.03989925516434181,0.005631693943927273,0.006760956108585075
6938682,0.0024570559638601597,0.003503337479944874,0.006320468147654708,0.002616880243378393,0.002119368928748672,0.11132716833112016,0.29657765756619126,0.004604251256257752,0.570473812082844
6939166,0.0009218234138020549,0.005081293443408548,0.0018206351717264487,0.001386096147623633,0.0019577486123083087,0.9403206762628563,0.03647632015572934,0.003915857936564561,0.008119548855980858
6939222,0.0047667832717878346,0.0028239397621386366,0.0027847303738171222,0.001625315950390646,0.0021475422485823115,0.11062997660583959,0.8602516332570851,0.006066398156353163,0.00890368037400564
6944591,0.012500684132831187,0.004264126446092341,0.005750532429463738,0.0026015401906298325,0.0039569553166295904,0.3213715719019554,0.6203073652144262,0.008464789929169386,0.02078243443880232
6947293,0.0022836355915425424,0.011566499547378853,0.01286368827427872,0.0063710766006171565,0.004792118469580048,0.9006099858630068,0.017025274551494406,0.014122963866242122,0.030364757235859248
6952804,0.004036717087972651,0.009160583855531819,0.022633849444543393,0.010259369848493908,0.008317883061014912,0.6262588379212375,0.0283787505632951,0.0289887826764685,0.2619652255414423
6975207,0.002717705459722785,0.010143058902599275,0.005865337333612292,0.004140858895147323,0.004919333396299831,0.9316322071828649,0.009325776173598754,0.019885166715454747,0.011370555940700121
6975472,0.0015414591126961838,0.007151659826695555,0.004001200956942961,0.0020349575782147057,0.0029191040533595777,0.951800533957152,0.010982134241861225,0.009879770677588579,0.009689179595489181
6975490,0.0016212679664930401,0.006973868025862697,0.0029076435786128505,0.0025527728851935908,0.0033524619559615982,0.9456680788929734,0.007319973421083707,0.018445510998793012,0.011158422275026036
6976427,0.0014720401124797163,0.006380404766074286,0.002265311114055914,0.0026241902621955537,0.0031268265427068327,0.9480626925127567,0.01095146409843748,0.015026733996896177,0.010090336594397396
10551287,0.004777630593464799,0.012325396280504752,0.016196451655676486,0.010994929787303697,0.006136941066118536,0.5295044399114104,0.3162689093474721,0.03231142115771949,0.07148388020032981
10554874,0.6921088971671847,0.04626325633526658,0.012013966672220605,0.00781214797991666,0.008551622175161847,0.02775323892727258,0.1257963156280007,0.017839190199332867,0.061861364915643396
10555071,0.0036810977566243434,0.007092254580583298,0.014556843730593228,0.004957241273110938,0.002580027529611867,0.054342071317452514,0.18614141162027167,0.051394473993413126,0.675254578198339
10555459,0.004001282391015843,0.01619129244824274,0.01955179575231315,0.010577447453781379,0.012494557534441165,0.1664956997659921,0.028241140092030777,0.6546690863051179,0.087777698257065
10555968,0.02881175623062175,0.012791740256852474,0.013098924134621043,0.43152849857236203,0.07482513656343605,0.026001707987062615,0.005765838272130467,0.35909559742067243,0.04808080056224115
10556692,0.014898929319928155,0.005738947597348158,0.0135621397953383,0.01718103466411246,0.004149912352646252,0.06289720386769579,0.04188105887772791,0.4147778659632809,0.42491290756192207
10557065,0.0016203298186780637,0.009207174273442694,0.003501646529339366,0.005683042695474589,0.004401889217154291,0.9029965091555366,0.03712968105006335,0.014745798847231671,0.02071392841307938
10557235,0.0023672568525074326,0.01662580926195438,0.012731262603235571,0.036628541806322246,0.011421533754186365,0.8034795198327481,0.013679952778147014,0.08469991346773816,0.01836620964316076
10557310,0.005367874469721306,0.010407836355413562,0.010801542013797856,0.009946178194699845,0.03187436358009385,0.06817198439798379,0.009044382384717041,0.01768674868671907,0.8366990899168538
10557603,0.002447938480322276,0.008611244195529558,0.009547701437445863,0.004660477872388861,0.0025435182435987374,0.05119468120532757,0.08930602931237837,0.014938670169677412,0.8167497390833315
10557649,0.0024294462008840867,0.010312318536281105,0.010010944275243823,0.01227092716547691,0.010540134947201518,0.8875003475361887,0.01402847803676648,0.03141332697882368,0.021494076323133868
10559369,0.023447053944780683,0.016553499770650966,0.011585181125279209,0.00860692568230177,0.00914243433426807,0.6745692397833474,0.08772106403069285,0.017489277171179717,0.15088532415749945
10559516,0.006307741451826853,0.022032874193825734,0.00699344881543184,0.0730280372403665,0.0212324210106277,0.5462636535245778,0.03471281005914891,0.07871420536836768,0.2107148083358269
10559765,0.002093738958064683,0.030200855688381722,0.005277762351554627,0.007846739612332756,0.004794510737721429,0.6941212925547111,0.13264470879613907,0.0586947668171509,0.06432562448394373
10559904,0.020762827670018507,0.032499559596718366,0.01703446610775029,0.013111068156257297,0.011303550183161874,0.44156550115136184,0.03529769769811099,0.04872202743617014,0.37970330200045066
10561136,0.026128789508867205,0.01660523514276742,0.013059207361201117,0.009847773929054717,0.010783210207469066,0.2254033103860006,0.035218209828532805,0.09027562313871529,0.5726786404973918
10561583,0.010916878416104312,0.006035359964625089,0.00811412607232034,0.0133354539139521,0.005100696882151043,0.4977857778466698,0.340566023420925,0.02421743333605491,0.09392825014719731
10561870,0.0022200267230942537,0.008926360192336587,0.005607428347976637,0.004671604238673387,0.0033264420661827227,0.25951109857420085,0.6665140416281129,0.011035839386146626,0.03818715884327603
10562711,0.01032873084154945,0.26677049516019824,0.0732960328793075,0.051882977503234694,0.034553915646134095,0.02471924520222614,0.011326054027141316,0.09871806783880516,0.4284044809014034
10566953,0.003842574060593894,0.007269215034255609,0.0046160576388388505,0.004070206700773905,0.0037152779264286663,0.4452069975581613,0.49690360073369216,0.013433434134607588,0.020942636212648066
10567563,0.057383255605222845,0.015491832527476898,0.013706219784694017,0.01099267335252521,0.011678610040338855,0.18055823370634172,0.04393871335942762,0.01803194247820823,0.6482185191457646
10568512,0.004598418032605923,0.0036345656409511556,0.004856264212073223,0.0023499627729571273,0.001641064148430736,0.10601107270395976,0.8275213808550681,0.006883516095683299,0.04250375553827074
10569249,0.0031399881880260984,0.00569180513208787,0.006847936443258863,0.005430898126545941,0.002757713371025197,0.25778694289138526,0.5936489619680013,0.012230626730485753,0.11246512714918369
10569900,0.006265475326559437,0.18633227947612527,0.015188682645927954,0.020697751639380906,0.04871876515683689,0.41250858741232616,0.010845160164560101,0.26235871718789194,0.03708458099039128
10569996,0.003994288338061045,0.004281570225497781,0.006502601910632096,0.003316738858706764,0.0018683419595651285,0.09207731340657876,0.818553652503945,0.012221135011736784,0.057184357785276745
10570047,0.002515402533717497,0.009961907156439543,0.006084405424339139,0.009488730406729385,0.004666817753772336,0.6569034012982515,0.2594053699547771,0.02302014159746494,0.027953823874508454
10570186,0.05510655804330484,0.023430148772941594,0.01577102188086376,0.012706934223074976,0.040206441590838034,0.1561697845964003,0.04837585954479133,0.09627293107001507,0.5519603202777701
10570190,0.002761451794416267,0.008485900001816118,0.004662942302561257,0.005165936495927926,0.0040048952551091435,0.3118612718183683,0.6133963479169231,0.012167834084407223,0.037493420330470636
10570281,0.003019783826828705,0.006136646647774312,0.006003915185382326,0.004115160613233085,0.002299672704430262,0.1267018324489445,0.7607719594552305,0.010113595931528403,0.08083743318664795
10570444,0.8356243703991909,0.009581412975960877,0.02794207846454003,0.018454090096695942,0.008907492735869245,0.032056836446098094,0.010876651088343087,0.0172084459040555,0.03934862188924638
10570516,0.03544451318893728,0.026836575978475965,0.01723554284130656,0.009506238252127703,0.012057362750488118,0.16697408553889861,0.024584079129622512,0.03291553417193738,0.674446068148206
10570563,0.007242615190700936,0.003144623808570528,0.00502322622978437,0.004095861063066642,0.0021813121983491777,0.02286266950118496,0.5266786976767032,0.012697793678192437,0.41607320065344766
10570908,0.005740388171191128,0.00573423283659876,0.004323124165557977,0.007618870919066285,0.004256265644731594,0.1384234272536639,0.7576994988265073,0.01609390959833358,0.060110282584349486
10570962,0.006898020551205476,0.012122077573572391,0.011203082561880103,0.008287922478207027,0.0097038001683003,0.09786615045383187,0.030960164104196646,0.7145499682146617,0.10840881389414446
10571126,0.018941554712750237,0.0032857792786049247,0.03203833245336028,0.007096028626223023,0.002686440763362426,0.08915267139826644,0.19784189993600668,0.017888755854781672,0.6310685369766442
10571129,0.688321462081591,0.00660785592530604,0.009876736531760083,0.055395629859582296,0.00867163346413911,0.09843106463499574,0.006822572742833303,0.05917461019047462,0.06669843456931791
10571130,0.10772475625616564,0.009669704227836601,0.01593273550817715,0.16978453449410857,0.013098584794939257,0.09902683974452967,0.005670745657361391,0.22115636230988078,0.35793573700700093
10571150,0.048524745886637285,0.017636721354285043,0.01461736891515426,0.016608005242798714,0.008779659288292049,0.26976124075353763,0.029430508626546094,0.12279125480618937,0.4718504951265595
10571157,0.07189788128581588,0.003051388025522151,0.005743693130979587,0.0032711850622043964,0.00215139857685945,0.023062915074126458,0.7637461397948857,0.00841854024377213,0.11865685880583426
10571249,0.006361625092347875,0.004110503428928299,0.004114145222314497,0.004609223278832286,0.0026947355298145527,0.3929325611805796,0.4545589167434571,0.012520231266378854,0.11809805825734693
10571563,0.008122470746987968,0.1739958836805978,0.012935914036201965,0.016449916340730363,0.026023352908073054,0.5201869183799793,0.015209607709988918,0.04329045297770452,0.183785483219736
10571600,0.13229472456352154,0.017555159813148803,0.010721381894580462,0.010944312126350534,0.026342927169722745,0.08954521288508845,0.025760432658481255,0.028076641456456268,0.6587592074326499
10573894,0.010562202885398607,0.006383829945645105,0.00878623301141244,0.029039767531346888,0.005527089030471379,0.16589372869850424,0.15509764775267595,0.06871017683228754,0.5499993243122578
10574347,0.010435681286142688,0.005845468638659424,0.01197912775993995,0.009195500923510165,0.0035925495465950245,0.029135792391477174,0.39961675838706334,0.025060108892024896,0.5051390121745873
10574370,0.017846519527039625,0.004077245531078104,0.008314564278183539,0.010769182581990397,0.0032310438768066558,0.029617027537750227,0.26004545754319675,0.02335920465731925,0.6427397544666353
10574372,0.004976158735060932,0.0038789467507627023,0.005921566702724978,0.003004915124259061,0.0019360489812258253,0.13012438848566954,0.6125003990261737,0.0076388572953551065,0.23001871889876824
10574408,0.057620058964936834,0.015241462299528425,0.019364402843764627,0.20710794216144496,0.031185396750937712,0.11221121139567478,0.00547985246868458,0.04320701611039643,0.5085826570046317
10574430,0.004146123964250884,0.0050654278933387874,0.007048256012141378,0.008853272285454373,0.0029162174796789338,0.04411343402153192,0.05574771968212276,0.013723745400180287,0.8583858032613007
10574439,0.014401328317186693,0.004643735059808998,0.007443529833637153,0.020231629843779037,0.0044048998035193035,0.38317806510446223,0.1858550126031169,0.029780401810802607,0.35006139762368704
10574456,0.2781618107889283,0.010684777919864255,0.008916575988381754,0.0170160465421466,0.011726956848588752,0.052228213342662214,0.014134482394516992,0.02686752591853319,0.580263610256378
10576038,0.5786649113620405,0.011203281514113504,0.009429966561204331,0.01151937041960587,0.008254012867969247,0.2962413990460213,0.030479551519704096,0.01663390972367575,0.037573596985665335
10576770,0.00742799503787136,0.00669343421762791,0.011261556319074668,0.04120651693317691,0.003607356436015183,0.07110656854734577,0.019124341881631677,0.04890748381566869,0.7906647468115878
10577118,0.004290352483856429,0.01371677785942021,0.007109921869232163,0.01609339887485654,0.00560728785294555,0.4842989904530191,0.033096665324688725,0.024845680414523008,0.41094092486745826
10577354,0.0045261397464620035,0.0037248122431760814,0.005630444171667329,0.002552818426834584,0.0018981436036187747,0.26499042848537807,0.6063262505018885,0.006779066488893784,0.10357189633208096
10577622,0.0025239271541322482,0.012299907457380025,0.006734635447024968,0.010531222501938857,0.004139329767559823,0.2952952139517586,0.3965910105820941,0.01699044954285534,0.2548943035952561
10577723,0.0034781837705127887,0.004961302394313995,0.0070150854797074585,0.0036324683613569047,0.002320152579935125,0.36441201498884124,0.2156869068054319,0.008180371637283123,0.3903135139826174
10578130,0.7631456931477785,0.015698763533760127,0.013484720053766129,0.00817712320958162,0.008849464335428362,0.05343221913896737,0.03655089972755874,0.01813655408276701,0.08252456277039213
10578295,0.006485826803382176,0.00724389175489264,0.007503874933729861,0.008542452473679638,0.0032542412960113944,0.03715661282009958,0.5626488527698691,0.015382594106353,0.3517816530419826
10579132,0.001998931389344513,0.0035829704178241503,0.003256092489256349,0.0024203696157678923,0.0013948961365920641,0.025179323001331164,0.9218835596137291,0.005421641869233707,0.034862215466921
10579372,0.0021860452765177507,0.007213997017300856,0.004069022048981689,0.0022462963828554206,0.0021499877164106855,0.4783819376931494,0.45878196873564475,0.008100683239247133,0.03687006188989235
10579452,0.00246736374534642,0.16832735878615065,0.02039702957114878,0.018302796984419605,0.013072990665640908,0.2860111559485652,0.11362193416778452,0.2637397826978422,0.11405958743310178
10579754,0.0021994911493683003,0.013989685117775433,0.013198284745925309,0.0134235816322276,0.027933656340589905,0.7380652688155942,0.014892874236420918,0.1567797565658631,0.019517401396235284
10580098,0.003983294087328048,0.006318633686936046,0.0038283329759860904,0.00633780356104045,0.004119202120199258,0.12073819276208862,0.8029861175612948,0.025230653409763305,0.026457769835363246
10580150,0.0034321509408780948,0.013411170151920341,0.012212260925496621,0.008820342192547596,0.006126202493136855,0.6734090809602552,0.1422448393147651,0.04265882995453653,0.09768512306646362
10580642,0.10272956028908949,0.010534329931489993,0.010021809526164095,0.01826475163797422,0.010797786001886002,0.27307320670365287,0.03003221896847074,0.0387506027570393,0.5057957341842333
10580740,0.007422747417763818,0.002091428580808434,0.004261335421579458,0.003016814159752917,0.0016135007007456695,0.01368152899200533,0.8229249866187139,0.008041316011707204,0.13694634209692313
10580745,0.0029519258080119,0.004159764564063407,0.006311151972614596,0.003053594125634979,0.0015569624217676831,0.038834417314841385,0.6842986282042169,0.015720631329599496,0.24311292425924969
10580771,0.21453806937141762,0.004011272270208176,0.009835845262833137,0.04411238751220402,0.00375487805577735,0.03003605462366602,0.07698781434784087,0.3105644155648079,0.3061592629912449
10580995,0.007390520814850455,0.005365616320710315,0.007380277511892103,0.0073360484756674485,0.0031413645015376302,0.03892097879638592,0.30502668947609435,0.012016824202458677,0.6134216799004031
10581310,0.0026851254714175318,0.004930613456282327,0.003733125293948954,0.002566862464688712,0.0016368052624838884,0.11228807107646796,0.8184814132571866,0.0063711096260493085,0.04730687409147485
10581368,0.019989204001346916,0.09510957323499299,0.03085933332307545,0.10018562729110309,0.013338017272236838,0.027507343342956563,0.006470522370600958,0.6359730367350525,0.07056734242863484
10582173,0.06849083484585618,0.011718290262096576,0.012713492263262693,0.00853644734441889,0.009048114323578896,0.3232883923247923,0.036443794946014414,0.022901905517985606,0.5068587281719944
10582418,0.4896727392943364,0.01094390748832276,0.01046484596765544,0.0067193925801165184,0.008023749627595519,0.04193788443392035,0.04503577401728259,0.022068012228423948,0.3651336943623464
10583009,0.0018269705733861142,0.004978697300520626,0.0030781157956069624,0.0021856778905297515,0.001964509352806632,0.057452801254859936,0.9028641258810061,0.008571675041518729,0.017077426909765048
10583434,0.004479401957847812,0.048722830257070915,0.01438136540444284,0.02485456851558505,0.006075769901769434,0.12449198694995461,0.023108587535270623,0.054366638356376146,0.6995188511216825
10583521,0.0025833521154547917,0.004895047713128772,0.004371035311183649,0.0033519727195560475,0.002319175504442515,0.06660284884351916,0.8675761609576697,0.007557532369692902,0.04074287446535255
10584210,0.003578274933923412,0.005517628638676724,0.0063123458712931796,0.004266817954337538,0.00215631463394021,0.039618880469097326,0.6438715279294872,0.008542894968099575,0.2861353146011449
10584222,0.004351619018532593,0.002823567702732159,0.004344981344185175,0.002645200676428389,0.0016318945993370388,0.2405697760836385,0.6233506565736457,0.0066637358419333464,0.11361856815956702
10584314,0.011813778513751807,0.0032584052318377784,0.006997447691702692,0.005011969887644074,0.0022465296867215374,0.022513540984358822,0.3881886094496971,0.010482467717826125,0.5494872508364601
10584430,0.005017086869535399,0.002443554249143791,0.003945736856802985,0.0025438076168196933,0.001469042573589985,0.020690515411902595,0.8129449388882632,0.006078104626291852,0.14486721290765045
10584519,0.003098553831463119,0.007276396210671092,0.004979461424781013,0.00526795707118444,0.0035708811017663516,0.4252990339050834,0.3737140969853012,0.02560829323445898,0.1511853262352903
10584820,0.006741323964899099,0.24481054665838384,0.005974923498834182,0.007360620790438828,0.022516300101913127,0.6022580671679829,0.019210644797443548,0.022495568167488097,0.06863200485261634
10585136,0.0034265338455000322,0.13903243548557306,0.009546210591972736,0.01941939339633223,0.008030981156303432,0.42846118606947825,0.02150362315932684,0.29051403819805155,0.08006559809746192
10586849,0.002792401302713742,0.009957157881090853,0.007355656063707829,0.008308107328173296,0.004211246082546444,0.7295958397825292,0.1791215130157131,0.015658271860120605,0.042999806683405015
10587734,0.4883124358897526,0.022213600810230483,0.009689494410990575,0.00947220990691953,0.01812547238901314,0.050731959087409385,0.23986256200831346,0.05039811567041398,0.11119414982695683
10587840,0.005576382104186909,0.00894388740097099,0.013071365402233972,0.009816542522467032,0.004108087477454635,0.35957380609736633,0.5061371824113723,0.01498219112109696,0.07779055546285105
10588529,0.004245717455190161,0.00157609508550038,0.002172614489446863,0.0013354495396655137,0.0010154919189982404,0.01092063649043855,0.9526671478309499,0.0037687755058454153,0.02229807168396501
10588664,0.006785298131144689,0.0021137817433108793,0.003838538553267797,0.0023844434866202788,0.0014752206081683067,0.01723885238991996,0.7417904472650971,0.006335980437198432,0.21803743738527254
10588792,0.006429235384773489,0.002153244516503306,0.00316696806830563,0.0024059775130398386,0.0015329431444904929,0.020306623342624303,0.9116410933033512,0.00583850279908982,0.046525411927821864
10589349,0.005298360177951886,0.006862011679928015,0.00952010974550332,0.005583229756615054,0.002576572124961009,0.0441477419941666,0.5495490714150076,0.02344831498667041,0.35301458811919606
10589410,0.7358456519495752,0.0036521169228720955,0.013735506345047123,0.028655077358234,0.004171595029629932,0.03727297816900806,0.021303811849115405,0.02988355229105597,0.12547971008546235
10589411,0.129503927195786,0.005163548152615924,0.008249617133877786,0.009360709134214298,0.01501846328600515,0.10838786265499623,0.03057163511780145,0.016560597657505078,0.6771836396671982
10589472,0.32379857269127466,0.005094871957776036,0.008991961329776785,0.006712086715921192,0.012227791692344024,0.04282225952607048,0.04839156133640458,0.011871252735999751,0.5400896420144324
10589485,0.23357287774333077,0.004901137145346468,0.008662357108930551,0.013581809173804459,0.015372907898020967,0.10174440830980903,0.015401501864033308,0.023450773805376805,0.5833122269513477
10589763,0.002919918466378159,0.044371563590478724,0.007838826586433645,0.018166442489295102,0.008690948356380792,0.8128079474574734,0.022433023519728777,0.04779310062977228,0.03497822890405911
10590733,0.004860200751711985,0.012290422961729533,0.011803164672880805,0.10175542402705494,0.01093028442676656,0.7510170447118307,0.018013288392910755,0.05862729945980582,0.03070287059530897
10592587,0.16082092571561812,0.009248031243924091,0.010352960504363537,0.010477376373027166,0.007167928816991839,0.03786433476623476,0.020344922077209265,0.04310252660507015,0.700620993897561
10592944,0.0027916586106487905,0.11865686611211357,0.026953034151694154,0.01641707267108359,0.01338265030224317,0.3269357145283937,0.09161597087154434,0.03421287604752361,0.36903415670475515
10595034,0.013252505731519166,0.10934025155101684,0.010897017904003973,0.010428328200018879,0.01190048661250633,0.11929534729433629,0.03714476496844804,0.02649414093035126,0.6612471568077992
10596119,0.009963649324077615,0.034360741482934096,0.008271208096247535,0.00929783518896541,0.01922059882025126,0.6810724368004575,0.031814943079929534,0.016341327853084113,0.18965725935405303
10599481,0.0017567160832826177,0.006634743864861787,0.0021767637397926112,0.002764848093190861,0.002787477229486987,0.5755868333345361,0.37823070247346013,0.008724616284874103,0.021337298896514853
10599552,0.44971776100202365,0.008890375647441738,0.008081060836470854,0.006640182774354711,0.006693867084964028,0.03201831489246618,0.031123784395403385,0.013355096741478775,0.44347955662539673
10599609,0.014961526440157875,0.0032365724187578605,0.006804519063937421,0.002763013336516451,0.0021442851844976577,0.023911243363549495,0.6194329438061721,0.007377437112113696,0.31936845927429747
10599643,0.0018901381609278903,0.006752268914375377,0.0029620835895476957,0.0037105649188324923,0.002603819922835987,0.5410964999753662,0.39889678192319306,0.00934751442709645,0.03274032816782485
10599718,0.7260667854214256,0.0077926536313606765,0.007812095788503225,0.01912828034354106,0.012745985758394097,0.0490089994031393,0.016736996036534883,0.01666606331784464,0.14404214029925655
10599755,0.011928296361935233,0.0044435367614700854,0.004404716611452163,0.0094965937661997,0.003732872789467023,0.14023339851997896,0.6734066802482368,0.012867061640936235,0.1394868433003238
10599776,0.0049638623198449945,0.004235288031240113,0.005740940757411046,0.007250973354112203,0.0029945940722867427,0.124893614414533,0.3458712454162649,0.013037469724521064,0.49101201190978594
10599823,0.00378257680585564,0.00668655759026764,0.0030659003796332037,0.0055406121098025,0.004899211364112981,0.4639637243597369,0.46924252027890245,0.013569997491960957,0.029248899619727833
10599926,0.00836876229523866,0.0030657581990425555,0.005133506534422539,0.005414180168736055,0.002654717401084646,0.04760436689689899,0.3986673365919635,0.009567280328865151,0.5195240915837479
10600363,0.00891872243114331,0.005989200870437393,0.009480398558683878,0.029538294388233594,0.0038896695190955848,0.20369616319679543,0.1087143566790217,0.014030426211645486,0.6157427681449437
10600655,0.6913926758612893,0.008720485055744734,0.006545326706642656,0.018543929710384762,0.006840401945255198,0.05376931152165403,0.012099093724329945,0.012007761814712607,0.19008101365998675
10600700,0.07800179651638056,0.003098797596697122,0.006635468308133995,0.0070216019991087,0.002544476658008557,0.034461133155152736,0.5419622620970767,0.0067763923399221885,0.31949807132951946
10600716,0.007354713877180943,0.0027930249093977514,0.007131392349763947,0.003078180102378853,0.0015449262403871816,0.05910775834516286,0.45733017602445003,0.0063021383571831065,0.4553576897940954
10600717,0.032360007782893475,0.012755029909044823,0.012536484230198482,0.01716251181720908,0.0035561888385580863,0.14655573101416802,0.2026535907941843,0.012179279344321264,0.5602411762694225
10600746,0.011633131742524408,0.0026840919179369105,0.005111018495083874,0.004116779997900512,0.002067495064470749,0.05661696827739829,0.6031096332978416,0.006463080722603849,0.3081978004842398
10602334,0.002162302506635008,0.0021891283245103177,0.0025791899075109314,0.001926092121900505,0.0011644601396954607,0.20830794907514122,0.7533423645165258,0.0028090477012437574,0.025519465706836917
10602555,0.0022228831535885145,0.003323849720848777,0.002905359526122365,0.0030705069999374707,0.0020195896529608334,0.5119759365040367,0.4315737704270621,0.0054651512577381526,0.03744295275770515
10602707,0.0038774094909316326,0.003171815891475435,0.003764406167519206,0.0031247013260896975,0.0018373722394237815,0.43908794849915783,0.4201176125937191,0.005235266684016429,0.11978346710766691
10602774,0.0025411969590163363,0.005004266880528491,0.003158384867995476,0.004077192389573875,0.0028559644141635267,0.35518407960686754,0.5776295274369763,0.007258739508942363,0.04229064793593625
10602968,0.0016443453320246634,0.005095229084814279,0.002162204096767689,0.0024742578507200032,0.002112693658340198,0.5616538890271732,0.3963984817813146,0.006604172777619722,0.021854726391225657
10603667,0.03104192422598901,0.018054942451816994,0.006962236603997148,0.017463958994077624,0.02855543130924649,0.32784425784472837,0.06145463905235567,0.014978351992084643,0.493644257525704
10603790,0.5838088250564488,0.007151673426465897,0.008244169642444198,0.06296158329464599,0.008137811693320396,0.0447743085682371,0.0074215485838313635,0.020231573659704988,0.2572685060749013
10603793,0.5458346139868241,0.00540744314041816,0.008649970675004223,0.012533451698958536,0.009434950173259156,0.09350021619270826,0.02208346344967167,0.013285896959422424,0.2892699937237335
10603811,0.04319264423224389,0.0044577269120249195,0.0069132609013887675,0.010539561940578127,0.008501768041363279,0.04625762127686055,0.020905605171860436,0.010674512557075076,0.8485572989666049
10603826,0.793335853677654,0.0068149834137458875,0.00716549823084652,0.011564529553063184,0.005621330907746165,0.041950301055217035,0.030367211497481048,0.009137535035285383,0.09404275662896075
10603843,0.5732544900594723,0.01045883065748708,0.009764394866506224,0.013717551343438116,0.008832755112285607,0.0456251654996867,0.016779512208888514,0.01722449715327135,0.3043428030989641
10603847,0.003982202942659098,0.005992874649601138,0.01196323577681177,0.008272847946292624,0.0025509228243517524,0.2876849126945586,0.060683920818767695,0.010141252425672447,0.6087278299212848
10603856,0.6490174218100986,0.006829291935761131,0.008063133324891529,0.0618464746360229,0.009455753074232397,0.03656238126897167,0.006502704454596378,0.024959531733254173,0.19676330776217127
10603858,0.5008733525655488,0.008881582796611344,0.007395390914318517,0.01689428361462546,0.007965561188062895,0.05672253927783826,0.02161768858605729,0.012654844524460319,0.36699475653247715
10604136,0.0210847696823437,0.021185839199802832,0.0059266565382651475,0.02785435550562095,0.03314067191564768,0.7706343440746977,0.02794540298413424,0.016913795080825075,0.07531416501866278
10604299,0.0019400648046414444,0.0050098062777879085,0.00233435638553093,0.0032830666225004018,0.0025936717189694947,0.7109534252034592,0.24072701351839257,0.006916664872361522,0.026241930596356485
10604888,0.019419327358544448,0.022429393639225602,0.006832578799038458,0.020285381717946412,0.031423074403565475,0.4941990740006391,0.048975137799283724,0.016539467816573342,0.3398965644651834
10605284,0.0016258033433312216,0.0019221242624017643,0.001626668518061184,0.0013513150439681506,0.0009975836978768854,0.3049118650362409,0.6674582355799621,0.002433883021166715,0.017672521496991004
10607892,0.00281040658236134,0.007281674921742557,0.007502526454743447,0.007422443883930292,0.0026729885979443722,0.1685589948328841,0.4873483412197881,0.006353661453130835,0.31004896205347493
10608352,0.0029480871419555704,0.004560087518037782,0.003854293631824411,0.003668543281356052,0.002469681710872998,0.053354591950593847,0.8856512546239633,0.004838772732385706,0.0386546874090103
10610526,0.8396545853063091,0.005994273011479332,0.006004100393657348,0.031965956558078094,0.006506069210715487,0.05848409848550791,0.011377838744226525,0.010933174670767027,0.029079903619259127
10610534,0.3731118537360292,0.013543328249282631,0.009777730618195998,0.009622403488642848,0.007503912915954994,0.15673539934678857,0.0426354901302553,0.01589859369320788,0.37117128782164266
10610659,0.13061882817245524,0.01533941940782334,0.0062086448237758845,0.030581226367589052,0.021930230394317678,0.4697451999670274,0.028380432115386767,0.01851458545983283,0.2786814332917918
10611077,0.010897328786374328,0.044050360801552654,0.004647318699184992,0.013228295636406337,0.03294779541030193,0.7951221402663297,0.04672496942664145,0.020254692430737735,0.0321270985424709
10611150,0.0016740949084187548,0.005421092161565908,0.0026608942453730266,0.0021871618957957175,0.0019222987959221437,0.48966986164202014,0.46777082487256855,0.00581719481491242,0.022876576663423295
10612960,0.002779210476098781,0.0141854166002057,0.013833057109930127,0.842218810459833,0.022418502632370756,0.04147498468015901,0.007871360327497731,0.028503085709201407,0.0267155720047034
10613432,0.005673527267379594,0.033665372916618745,0.004055509976661998,0.7643429123672654,0.06529629298736936,0.027141452515892884,0.004080034564184512,0.08492311773603144,0.01082177966859595
10615359,0.06581291258780773,0.0112749681164824,0.006798053280420824,0.03399252595932586,0.014280548228847055,0.6529793081201414,0.023988693961285407,0.013100081330768638,0.1777729084149207
10616063,0.02157628579120681,0.016459243134763494,0.005769939382244043,0.02511878789331862,0.022502987817859865,0.8127213382104801,0.01872731416603104,0.015950120660888713,0.06117398294320733
10616067,0.01120549315031825,0.019864855384833097,0.00841922547321954,0.009872252348247379,0.009031200898593014,0.444333481566148,0.03911863732692405,0.012575824238239167,0.4455790296134775
10616344,0.0030374098149903257,0.011229064570417445,0.018507232252583068,0.07326039169466562,0.012024649565267435,0.806295684163264,0.014643519205226222,0.018748404383521163,0.04225364435006456
10616646,0.007156877443970058,0.3555821749461649,0.01425404624291167,0.27896289398282836,0.03805971373423725,0.09865653659956658,0.01138175838599442,0.10120805128542491,0.09473794737890184
10617233,0.0022135796165078216,0.002867977349418197,0.002360353090788107,0.0017360287713592867,0.001662292605790195,0.20216824833976663,0.7725563352531722,0.005458019224024206,0.008977165749173305
10625331,0.03404004199342907,0.07973139297477265,0.008372889118925694,0.0658028508905105,0.045088007195578386,0.5719503955567643,0.03736540405304309,0.053609236450600575,0.10403978176637577
10625616,0.01800710631113918,0.003109069973852112,0.005245862227154772,0.005005476944102195,0.0024466688872961584,0.021805073454744646,0.6333043063238246,0.005935303391285191,0.30514113248660124
10625848,0.0027422257185165584,0.014320656336752622,0.010893482315069328,0.02391560327977172,0.00619377945026579,0.12679138680688085,0.020648147474152136,0.02145323715078735,0.7730414814678037
10629182,0.11429027767595662,0.030691891918764456,0.024234848894343575,0.619670839547942,0.01685512724380462,0.025664764809319934,0.012059061430184542,0.017714593552774213,0.13881859492691
10629593,0.004251861421689477,0.00527240975515723,0.007367746629238239,0.004964915019457313,0.0027265709610340967,0.07297053968630535,0.4097798768079372,0.0075022036278951645,0.485163876091286
10631640,0.006642669310751564,0.005467838975314549,0.00836284970161128,0.006522536412111402,0.0034183325973241602,0.6058658321650242,0.2560520565173637,0.011616565750663383,0.09605131856983568
10631716,0.005775528167308764,0.006862426721547568,0.008615696400632469,0.004654424471151584,0.005265371916399206,0.8652605316759565,0.05858832274551997,0.014080982877045005,0.030896715024438925
10631762,0.003235532298871604,0.012545896190138045,0.010410500627180429,0.07273762807054898,0.016848451041885835,0.7836939020965604,0.017616382067736636,0.02400598423362286,0.05890572337345517
10631811,0.013643238739835672,0.006107146648588785,0.010999471006473515,0.007304613785842044,0.005661251395185963,0.8265633194494029,0.08806044777336736,0.015206677173254537,0.02645383402804922
10631837,0.0030085536003037214,0.01042699673630517,0.006464615577744781,0.012179598285566823,0.005533116079803519,0.8825912769284425,0.026197470550595712,0.012830530124150441,0.04076784211708731
10631847,0.012239045147383856,0.00593433549493185,0.010535626355829886,0.005168353668917387,0.005447355827711886,0.38346378800492487,0.5359444751325946,0.01662657704478192,0.02464044332292382
10631868,0.01248477136348857,0.02088511006104163,0.02603339469216231,0.012428944007551632,0.058711781709993735,0.5566846257257396,0.1211904248893789,0.04676593637174581,0.14481501117889783
10633681,0.019475187076013596,0.07669676888371914,0.0214368424160519,0.04855234602112515,0.02938224341553057,0.11258801872131903,0.006739514605924569,0.06698576851609839,0.6181433103442175
10634284,0.004096617865043835,0.011563214025038035,0.004953569285653141,0.01305544883015855,0.005311304925576467,0.8700640450535733,0.043965485057354724,0.018764501181177642,0.028225813776424323
10634751,0.0038842413521901994,0.01416483556760702,0.02254111948213583,0.12683683193318102,0.012406781741451722,0.632936993381751,0.018613102222607758,0.029828236881818668,0.13878785743725686
10634784,0.006100746045018406,0.008335051356247413,0.012018781703673586,0.0266970289883626,0.00830617792999744,0.861941341252596,0.015338374778805395,0.02884663327859144,0.032415864666707705
14964636,0.0030476912432094417,0.008479871513261189,0.007147046730011601,0.003324031056402737,0.0031122364413387026,0.3524242418482232,0.3543019896716079,0.010237771314571233,0.25792512018137403
14965242,0.0032164083514467597,0.42472990009672684,0.004927693898127312,0.011309053554287287,0.09172493139799723,0.3432415366695448,0.006428611433335479,0.0855518112191486,0.028870053379385738
14965666,0.002440138386440538,0.016094577550986887,0.004173157635637172,0.006514402975435719,0.005819903450484629,0.8493265459217478,0.030200458938530655,0.015124360970904065,0.07030645416983243
14972026,0.015347778971206422,0.014438071944948358,0.018515008768446698,0.01509800470083565,0.010375322320127753,0.5072588232875317,0.022835101754450332,0.05177116309763139,0.34436072515482175
14972090,0.012013818962304978,0.011787795880251539,0.012693301788568779,0.010834990559141874,0.015588111958960689,0.1947131045924179,0.013522743638508614,0.09480718057250598,0.6340389520473397
14974044,0.001953712342566124,0.04747295571807105,0.16600049497404248,0.012269608044400816,0.010761473068434288,0.2075554893509247,0.024677396369764654,0.024105027657851275,0.5052038424739446
14974586,0.002464489080238532,0.06698594324346815,0.014636703471303008,0.013598719519100176,0.008395804967822886,0.3352162540385252,0.026120726191754776,0.013456593646165487,0.5191247658416218
14975479,0.0013257953325873082,0.008593904470468955,0.003072090422508572,0.0021717199552829074,0.0024118638361730967,0.7555716631401883,0.18225739449953818,0.007368251970397565,0.037227316372855146
14976063,0.006587261595508346,0.03125912905107364,0.061927173751815515,0.020830905515347855,0.0071061048346227305,0.0693223094550589,0.0184198944803816,0.07108879209191749,0.7134584292242739
14976076,0.00663365110862542,0.041609120254798654,0.03705995212311815,0.028603475995356314,0.00882878944303623,0.07079057327778254,0.019895618405532892,0.07697053346291126,0.7096082859288385
14976116,0.024837303369755297,0.024723897114209484,0.017892515618038382,0.6480135822030857,0.02113736708247846,0.017130684228043362,0.004905235983018492,0.10539532283926786,0.13596409156210293
14976137,0.015991456155609995,0.006269155087336558,0.006600547979561127,0.015072253828167933,0.027853147648407538,0.05660527957067295,0.009430199634677425,0.013362415368220814,0.8488155447273458
14976834,0.0031288739292887058,0.2748157174140769,0.010041653041378933,0.4057383962294281,0.24682852388800552,0.01242188247667069,0.004251455233524798,0.022906278620903955,0.019867219166722433
14978764,0.0018797471285175184,0.04065481538235267,0.008471468894480444,0.005828274710723197,0.006685765567843837,0.7531302604345398,0.0301758728853118,0.01870196244510315,0.13447183255112757
14981625,0.001454789016803546,0.010172490849262467,0.004655534894077029,0.005005201413812906,0.004424074728707068,0.662385136252462,0.27118921691082853,0.010655313927438107,0.03005824200660841
14981687,0.002358556341813837,0.006455333487493168,0.0028309722307580153,0.003392076913348217,0.004620865281060069,0.7793592496586499,0.17095475788367917,0.01991948546703477,0.010108702736162892
14981722,0.003285432266216983,0.02040080934085785,0.018721434880999324,0.01906509442644344,0.008988831353523578,0.20870943755701887,0.0397573094028484,0.021895903218133953,0.6591757475539575
14984061,0.04166579711957176,0.005407262886043489,0.009874829351530523,0.035501169792149984,0.0057612123258898775,0.06328819535047225,0.012145374688654863,0.020252064194792918,0.8061040942908944
14984105,0.0019739489604786746,0.01351846136974832,0.0043060072836476615,0.002255435675377675,0.004525608495083225,0.696291375083184,0.2444294738201347,0.013438155531050279,0.019261533781295644
14985917,0.004454372354513983,0.03875857300253389,0.04129403814791395,0.047975498531570515,0.008388306985150557,0.046487831185452924,0.03300323459876256,0.053905158775021306,0.7257329864190804
14985959,0.0026413652313852527,0.013307027648481276,0.015366398002844948,0.011699728145244523,0.005825292633747569,0.06151428948308866,0.048671817173492955,0.023456410486607394,0.8175176711951074
14986272,0.004188059099892406,0.00865637355295432,0.015028087436107871,0.0070459562200409645,0.0041221384253611,0.04441761843523916,0.42890620285747044,0.014970233786475082,0.4726653301864586
14986784,0.005519359218251863,0.00898960510848523,0.016173253594035725,0.521469472638455,0.006709977532479116,0.06490044520400629,0.0140241856807919,0.05541996163636415,0.3067937393871306
14988721,0.7498605613765134,0.015046076873962828,0.008994013677401186,0.01876456348069509,0.01668701502637349,0.11149279143208063,0.023798780119921124,0.014392973063198528,0.04096322494985378
14988743,0.5120070001697662,0.011558191399962331,0.0063829056373576,0.004220738936796408,0.009689005823280824,0.2928222537228735,0.13905061654057524,0.010633408141097188,0.013635879628290703
14988773,0.6145849104219427,0.01232885887982095,0.00649513103690759,0.004030912333213618,0.012670334923201297,0.23498686020343923,0.08119852009584792,0.011518925184112416,0.022185546921514233
14991846,0.005938730037625536,0.3124249660578238,0.013591299485866674,0.0383666242157864,0.3215446122147518,0.19177432402335542,0.021523414282394276,0.024882680432261738,0.06995334925013436
14993381,0.003143863036437868,0.01507990519138862,0.018165990290523105,0.01008003617073283,0.014690100941176001,0.8493851969307116,0.03046202597780346,0.021880186858760312,0.03711269460246632
14993467,0.005544593465123132,0.03233648765596266,0.046831389337988236,0.02024732834196442,0.029658711988719656,0.6953897562530016,0.03670619475048676,0.04500281794041318,0.08828272026634038
14993499,0.006648676932129605,0.019885559042307537,0.03436174615401616,0.021200424775146224,0.025878365501546294,0.7008938532022917,0.02843098444518693,0.04636159987505209,0.11633879007232348
14993756,0.0034484863210562607,0.011397963676431441,0.004550103773727523,0.007662735298826682,0.009449830363504896,0.8252851269916714,0.08078690667198879,0.03358307038351004,0.023835776519282936
14993805,0.5803575102937808,0.006783737317808587,0.003690121908512398,0.005509913635399746,0.023165688496527337,0.27526747733328705,0.00890102039120785,0.08627403263777443,0.010050497985701694
14993862,0.003983985666271456,0.007312357878286773,0.0033115253151988757,0.003848376678149649,0.0056552172765032506,0.764740960115627,0.10063476328479316,0.026146630072415612,0.08436618371275433
14993915,0.012303902540163612,0.031682932112741834,0.012424636232448324,0.010658002701434981,0.01867196640516198,0.834321657920595,0.020703836962558543,0.021468266880920083,0.03776479824397578
14994055,0.005525810915212838,0.012146474816755999,0.013797542610239634,0.008365926557975967,0.011417741788343837,0.86676567342164,0.0227009486121324,0.033268366189140516,0.026011515088558698
14994074,0.009364271285164533,0.262452361018647,0.0095636838878701,0.00824653662271354,0.023995160555584757,0.6104898751564419,0.020998434223861644,0.022231606887131206,0.03265807036258528
14994471,0.00978341876998405,0.049257823852143945,0.0045432313279210506,0.01828416085930695,0.2805186372402928,0.5816277579271943,0.007165902527681807,0.025190455288742784,0.0236286122067324
14994472,0.0016381853541798622,0.014656747819573088,0.005011836950828619,0.005408748209086723,0.006014339545252043,0.7449589473044624,0.17155867424614388,0.01881578559390764,0.03193673497656563
14997775,0.00792486143803411,0.003262342511498134,0.003468946469896965,0.002196660542549675,0.0018485101428693048,0.013932628147977275,0.9340072691696255,0.004354525850973131,0.0290042557265759
14999004,0.0066858428745923655,0.005641525517017638,0.004700554933311646,0.0020973843389027903,0.00441974363619928,0.6346644697245881,0.3115991137876074,0.013290626456420991,0.016900738731359714
15001560,0.0016760894813625154,0.01651961997991486,0.004456339281647424,0.006805224711246865,0.008320997217394452,0.8503948067585074,0.07387708161159595,0.015647607695729825,0.022302233262600748
15001613,0.008951075704197928,0.014842049759691847,0.008893654312568942,0.7774491012329225,0.04582226040566139,0.1001477338162442,0.004261873052523358,0.017320206044505553,0.02231204567168425
15001738,0.005061596143701348,0.019410060787265614,0.006118575314155932,0.8854468067837536,0.0391521954086825,0.014993740509478697,0.004074782323478219,0.013479333584530887,0.012262909144953094
15004811,0.13078594033556892,0.029157712758810166,0.03333980640134984,0.019916565868766237,0.05147300460895865,0.094600061384743,0.013445668684322754,0.4238862398008253,0.20339500015665518
15008061,0.013157426582365038,0.0032808762983531433,0.004690403318057048,0.0020150596755033772,0.002828426223477604,0.15536404541759613,0.7909104077568841,0.009306418071381078,0.018446936656382407
15008213,0.022466707294427908,0.0025311495301025915,0.004117333006852196,0.0018615229331260918,0.002830332432865382,0.5030548021568891,0.4427686340962944,0.006606708881399525,0.013762809668042816
15008611,0.001788911315682091,0.007671355382312486,0.0046617696375491485,0.0024530550808359902,0.003564286601952865,0.8693636947912726,0.05798681637853282,0.008217728518837166,0.04429238229302472
15019961,0.04359098767417004,0.005138716846882784,0.01155261645207734,0.008153611211740837,0.003714351096088872,0.044491021367539074,0.05927527158081748,0.011220108163703177,0.8128633156069803
15020343,0.005869536922201908,0.0037547950693914865,0.003918306016601207,0.006243108675731315,0.0030348187259575834,0.8242974135979784,0.0882740926332019,0.009286758140797961,0.05532117021813818
15020355,0.006018121900894369,0.004547922968403572,0.0032668047099892812,0.005265557665834032,0.0033235721228245677,0.8125342907857533,0.12322474702684912,0.00720168199092638,0.034617300828525405
15020443,0.07347711564208279,0.011458064744913172,0.006136659583826566,0.05545273261701099,0.018471599357580547,0.731916147861129,0.02030574916941878,0.015657200204406647,0.06712473081963148
15020475,0.0022726410009506087,0.004183242460041804,0.003940115217204075,0.00289858206110085,0.0023999188629201277,0.766477943091129,0.17730273013875883,0.006564379872910793,0.03396044729498373
15020478,0.040268540395260684,0.004055683476809505,0.011094428984149541,0.06759526988358827,0.004486592654449816,0.7036269625277395,0.02387316858210727,0.022887293786773056,0.12211205970912242
15020616,0.15883468176282015,0.0036425609097760123,0.006639911738510052,0.014603393763745668,0.0034308671493980085,0.6345437467420643,0.04348573224045588,0.011490331784331773,0.12332877390889825
15020628,0.00433796551474557,0.0035791685778720547,0.006826370478708845,0.003119776011542797,0.0020006952427506154,0.29334899571173756,0.12877327601929717,0.006522164554608097,0.5514915878887373
15020872,0.001599042230509181,0.00838784356447381,0.0033623222992337043,0.004829357434972845,0.003694490516655396,0.9244379988855822,0.023943080325011388,0.012598281912058099,0.017147582831503298
15021128,0.01056620114069306,0.003411815288379971,0.006178771309017092,0.005180812252102951,0.0029985875527633486,0.5961241717624239,0.3104026210195577,0.00809145414391598,0.05704556553114602
15021160,0.01122925085601879,0.0033612124033675188,0.004489187784885206,0.005413604962404908,0.002925497518263635,0.6066292607551556,0.2924722510192804,0.008772279928878758,0.0647074547717452
15021257,0.003657096634069811,0.01386960678271227,0.022654564282353684,0.017100461241901836,0.009980077470394288,0.2887117213251752,0.022420900412930718,0.015046997520103179,0.6065585743303591
15021684,0.0058134553150244956,0.00607704623669584,0.0071253305836225245,0.0030680365997870006,0.003531147410631168,0.8320806308520907,0.09346014935082926,0.008625875481513267,0.04021832816980565
15021692,0.0024849080678055603,0.006943590307535815,0.004379901085328107,0.007854672637131686,0.00430059308383419,0.8657232202705452,0.05840970121017653,0.011489342786732174,0.03841407055091075
15021701,0.29025033743548634,0.0050945486002750215,0.008598962436608572,0.03053884333024132,0.016834944146440347,0.40489764698773995,0.013063852225271034,0.02173645712644855,0.20898440771148885
15021774,0.06443302753311676,0.006337439586110416,0.015310043020089323,0.08912187037605074,0.00484171380712107,0.543633964015828,0.034727135088444175,0.02485337036043536,0.21674143621280412
15021895,0.005559788583331921,0.0022717480524143546,0.003059159546220246,0.0019396375601227612,0.001549124835548076,0.1656233378534453,0.7653818541899686,0.00358405500105838,0.05103129437789039
15022136,0.009651845027297705,0.021008887638748586,0.008462539629707378,0.37057160083567287,0.44470705230372815,0.10434056968572844,0.0039108097338880765,0.02253617709087435,0.01481051805435449
15022196,0.004608312238520646,0.014090953091792929,0.003431151478343807,0.008506729813622008,0.018754426994030664,0.8755760681042963,0.017428335048295076,0.023042006880467345,0.03456201635063117
15022379,0.01076993608995656,0.003509969068523605,0.005759053626793643,0.0022273780151749875,0.0033140348213649097,0.5366453249970977,0.4152433933851015,0.008014123370921946,0.014516786625065201
15022812,0.00349395869468397,0.007093173798366257,0.04091102457962317,0.007419121693265328,0.004343371351232378,0.48914584584004556,0.052307605103986604,0.012456067964153458,0.3828298309746433
15023358,0.0020752166534732394,0.010167890097244394,0.006708839402782094,0.0043740166102310815,0.003684976044372515,0.6828881943317414,0.03818631897381914,0.010702365491161174,0.24121218239517486
15025120,0.00207388027136727,0.003940870021769704,0.004305478659789408,0.0031761590288687186,0.0022681660005837274,0.20284036597646993,0.7299887830912185,0.004593130467669964,0.04681316648226276
15026359,0.039787007991958445,0.32078984531498655,0.01584955285666272,0.016476017609526977,0.01472973629554743,0.056540047467097156,0.04479692430832295,0.021452328598086514,0.46957853955781126
15026505,0.0013861349104606546,0.005922712561637227,0.003688533091884926,0.0029398009409763964,0.0032118965276500123,0.8054588403855014,0.11940539996783396,0.004992560759865813,0.052994120854189496
15027149,0.0033828614729678407,0.004807645544469297,0.004757908037043227,0.0025165063044443187,0.0026500756320982466,0.7074472777573987,0.23994814905603115,0.007058051624424165,0.02743152457112296
15027656,0.005534430209832766,0.00537947237081588,0.0063022474978875745,0.002812146616902252,0.003318471182875919,0.7942816127502353,0.14301732555096278,0.008237068757061412,0.03111722506342613
15029423,0.005634788242557606,0.039331195529206976,0.07093024347666851,0.030409907803814043,0.009009277884371284,0.16871650340380445,0.01811383070089954,0.028588779192363353,0.6292654737663143
15030927,0.010468812041711064,0.019156220235611636,0.038845660405940396,0.013650807529325475,0.022384612464979754,0.6113405091227434,0.1159978194113709,0.11459004050309399,0.05356551828522338
15030980,0.0017332764225498655,0.007093096201581903,0.0030668623985770035,0.00344390155621156,0.006233421231758388,0.939484236025947,0.01614185775355063,0.01195725477144257,0.01084609363838117
15031320,0.0017403986279828916,0.008626132355265902,0.0025700086890576785,0.005101652590224515,0.008782028162919757,0.9331854707807977,0.013107600946366444,0.014788719947635195,0.012097987899749888
15031685,0.005385450952801751,0.012522394862364148,0.018498772111561066,0.019555240934807,0.008366718691205916,0.058443015268445614,0.026105396720893993,0.05412256598629852,0.797000444471622
15032898,0.20098189791114895,0.08452722801024992,0.010251792462228484,0.2764286607450835,0.2943858580552241,0.07032551160296957,0.014931306964057218,0.03378974935318599,0.014377994895852248
15032900,0.036368903754945586,0.0070181533327898955,0.00888022249347083,0.01786116048814802,0.010339918091707685,0.7782584519823127,0.012689503023881596,0.045748808430677586,0.08283487840206617
15032928,0.6760312204961244,0.007950383626141883,0.012000049914520429,0.031842032332062446,0.026523026709842266,0.15289628240805525,0.01272119180775888,0.04503071802015906,0.03500509468533543
15033174,0.005037075413921625,0.08494237670308327,0.1635251327380533,0.3956089792774331,0.030846489506918914,0.1603008744373708,0.041856217563895126,0.031107336419605433,0.08677551793971841
15033276,0.01451449300462925,0.008702203603835664,0.0765228228971721,0.7470793002457091,0.012463200023155081,0.04447785138414136,0.007845423166327307,0.04915890307522908,0.03923580259980091
15033325,0.009007153649942404,0.00766608202179502,0.006574090555494715,0.010020086385427961,0.00968887476724464,0.7889961098583708,0.01754719707129322,0.03178522935133118,0.11871517633910011
15034238,0.0633606075591835,0.0026620348537026942,0.0034211853954001286,0.0035549868797288297,0.0023029866338525537,0.10834762965771391,0.756091785219468,0.00636106252378955,0.05389772127716082
15034502,0.003962150712872019,0.030468804206971845,0.008900233557754938,0.009527512300734514,0.012002860101114716,0.7404833215175319,0.07032274181166409,0.05386884354501356,0.07046353224634247
15034629,0.006109993451724077,0.010107722643380581,0.005080419870790276,0.012402454649207488,0.015420520640288902,0.8664426174928606,0.021807874201178717,0.045762672515862184,0.016865724534707197
15035001,0.003347804462526734,0.004853984966073873,0.00413656044582292,0.005428274864593272,0.0032872574711885626,0.6087798698819058,0.3108143245042031,0.008998361849698443,0.05035356155398721
15035009,0.002719478961916367,0.004626953183184293,0.004386264559583046,0.0038584054003543092,0.0026051028085745114,0.6596797737378625,0.2549619217923242,0.006992250764582691,0.06016984879161813
15035907,0.016467335097996593,0.0024033376389855587,0.004151166184715864,0.0027085540116295824,0.0023698081718532943,0.2035286532472939,0.7284916634215959,0.006061872222866434,0.03381761000306283
15035992,0.0068600916859641,0.011180482041926362,0.004146220660126449,0.009213414740343887,0.016290796680653596,0.848202249330904,0.040059994147628813,0.011810136368109092,0.05223661434434369
15036249,0.007054987608322947,0.00528629015922341,0.004570302996864081,0.012595466350798524,0.00465950659869232,0.7602851334102416,0.14287636575962204,0.015173349924396586,0.047498597191838396
15036548,0.0043853723766121445,0.009705069621257592,0.007023705206515433,0.007045815937649996,0.010555177527981128,0.9055570801387135,0.013995728816138722,0.02173503989485937,0.01999701048027223
15039526,0.38430460787345766,0.01671473858301289,0.007094695985088345,0.02666800888019103,0.024385658947180557,0.47268176665284245,0.007180041444098977,0.03806750662528746,0.022902975008840705
15039570,0.06861508384684414,0.10742325731506545,0.06260031151081932,0.15993401044814243,0.18425732515025697,0.10589785527431811,0.009688660834072839,0.2688627197960695,0.0327207758244112
15039573,0.04928556797987681,0.04528614750180436,0.015889501524407587,0.10551971704528032,0.11267410496658162,0.3582528227692147,0.007169790521901373,0.24858057132868946,0.057341776362243725
15039604,0.005232152646440209,0.008942598570731802,0.01172989504015948,0.014346088226481047,0.011940848065251928,0.8823627165700735,0.012310402178615166,0.027912197389875167,0.025223101312371703
15039605,0.20769663050189263,0.009845132116823209,0.009972071233380408,0.013201642136573653,0.013190794451464021,0.6777140027619937,0.008591371199046993,0.03944548659273474,0.020342869006090634
15039606,0.002926251823880013,0.007111354688052399,0.006062259684510519,0.005694216338513752,0.0064463149605728754,0.9163329095220432,0.021193670494001567,0.017516731847349143,0.016716290641076527
15039607,0.003721095017912571,0.007359079961940812,0.01043081363401543,0.01791008664430613,0.01223747712974058,0.8910921170343754,0.011360445064459202,0.02211090617510446,0.023777979338145405
15039619,0.01990043552486034,0.045249750584548734,0.006528137029360618,0.03926818062236034,0.12235681273246073,0.6597384444271175,0.007783170005717831,0.05814780356809315,0.04102726550548082
15039670,0.025551477722725584,0.009187020395301724,0.019008797303400556,0.017726176135362197,0.016046829994403666,0.5848877411013154,0.0342661175760378,0.21342535985468797,0.0799004799167651
15039706,0.008307337907435527,0.010047712290845104,0.012931341300280666,0.012554965983378227,0.014222577417035696,0.8735627471118612,0.016625169348740376,0.02875693798583673,0.022991210654586442
15039727,0.009464496143241043,0.009867374574793213,0.00783877742293653,0.009750145218255304,0.008506839409548085,0.8695482898478859,0.020894480917816823,0.03521165734356617,0.028917939121956893
15039753,0.0076717591329020065,0.009753003443323801,0.005403448877582724,0.010861069962019876,0.011647827024916133,0.8754897331626836,0.008414256483711137,0.046084706800169614,0.024674195112691023
15039779,0.00627734504433102,0.007447249565720026,0.003956635346714674,0.004997847893218229,0.005941226017771724,0.9121614969863512,0.01823221235634394,0.02165253285458604,0.01933345393496318
15039847,0.00320295190645864,0.013320054452662336,0.008293012621258984,0.010819519542474487,0.022517529528746364,0.8458692540353773,0.011888184154162217,0.06598713457357054,0.018102359185289185
15039953,0.007766470140462385,0.008739744823515066,0.004507598576459398,0.007737764466120939,0.02032233133804442,0.8733507845993631,0.016782530192994704,0.02440762759998407,0.03638514826305595
15040005,0.0034639323285293043,0.009165689507214907,0.004007203955000304,0.009126554891311037,0.008472498417195854,0.9121706201315947,0.009638215642335673,0.030110560856976866,0.013844724269841372
15040385,0.004389647153824237,0.013994905897452949,0.005236473793579912,0.014290541057778912,0.014106040694315912,0.8722188673480253,0.012425228878518015,0.044952433295601474,0.0183858618809032
15040821,0.0019882226476428573,0.01211140155851019,0.0037443253048806027,0.004153290648853208,0.012758985593624537,0.923969340201631,0.01235666190060246,0.019078913711750016,0.00983885843250514
15040857,0.0043712072038193574,0.0103459371973367,0.003207403283577318,0.007026203610449783,0.011105225444282885,0.8979293335359838,0.01633457163713519,0.034192369455176286,0.015487748632238658
15041986,0.02609530138382646,0.007571682709452188,0.006332655281564127,0.004747483459845765,0.06953684717167388,0.7956220780461547,0.03642951819980182,0.019356805525308364,0.03430762822237275
15042110,0.05806180290004631,0.008858429730198732,0.006394199050275606,0.008821698755761522,0.06090159368604696,0.7639220789932828,0.010733602596814962,0.03214580680637115,0.05016078748120209
15042130,0.014558391876972675,0.007787955947235422,0.00574358274014336,0.005801703342359573,0.02193225410642255,0.8639616700017466,0.013960501456653385,0.021437649452907704,0.04481629107555872
15042158,0.2597859933056159,0.0069913879755484805,0.009858843219883366,0.012517321516776848,0.011586842085156764,0.5972009023863745,0.014022761082832754,0.044480123828039675,0.04355582459977186
15042268,0.0024488465433911465,0.009826213050581676,0.004597754275501504,0.010280360960500128,0.007495643049991251,0.903975179964194,0.013658110249927548,0.01920760993932125,0.02851028196659159
15043753,0.0012821271709144895,0.008962649688783485,0.0030961191918300783,0.006462278911280673,0.004263719855533662,0.9234060290494548,0.01833883827879361,0.00922208826907642,0.024966149584332846
15043834,0.008208892600106042,0.014001098039206843,0.012357699464085922,0.01552073360431915,0.01622527667462707,0.853175294297728,0.01516854943019993,0.039975281945831095,0.025367173943895965
15043839,0.0015400749491884954,0.009162683319478752,0.002748087282454059,0.005413224856553383,0.0038047717208329057,0.8819968167328307,0.0546675866692274,0.007620358585249091,0.033046395884185314
15044458,0.06182142510849262,0.006040171697314548,0.0055087315540197305,0.0036894336484892157,0.005898225145511393,0.42334998916150546,0.4165892781523898,0.030165547117563488,0.046937198414713735
15044472,0.014062713180868916,0.008147838535498091,0.004695482576868349,0.003724669097508182,0.006105569689268788,0.348160874896154,0.5230201608266652,0.04747276065178952,0.044609930545378956
15044738,0.01681187295180948,0.10726807666183191,0.008061661281634587,0.056815231552558125,0.1204474478708936,0.6248781745254077,0.005202006007759495,0.04764062250338752,0.012874906644717524
15045093,0.0021433897218096336,0.012948727967471367,0.004201306709511234,0.006503361636150439,0.014975306297737224,0.9081983627228644,0.009459001728579603,0.02922942995559065,0.012341113260285516
15045554,0.0026127823922042267,0.004500745260389596,0.0028394180916883555,0.003614619016917086,0.004335954363488825,0.9408323679283197,0.01021989908769908,0.01848462829449722,0.012559585564795967
15045558,0.012834480877630495,0.007946157627611182,0.015335926203882185,0.024463921430671415,0.012378946257496097,0.7640242382995697,0.011205436677845865,0.1087264733108498,0.04308441931444318
15045579,0.0030743593052711586,0.005494124117867863,0.00746391481999087,0.012537303972360577,0.006330853085676827,0.9077774231881011,0.00952052555328682,0.028248205262988515,0.019553290694456233
15045654,0.003083259424894366,0.005278363094290743,0.002111337523439212,0.004063608535582173,0.003914308455803046,0.9388650961781768,0.011951639012319614,0.018277848482831326,0.012454539292662688
15045792,0.0017058205196751604,0.0069648627014250565,0.004557428497757056,0.005883291524271587,0.005619441560281307,0.9366571233490222,0.010730294728165517,0.01494674335037659,0.012934993769025476
15045893,0.0017619724479735212,0.005616470543933512,0.0034220222591750836,0.004666804169973358,0.0040102486411074225,0.9373689001351009,0.016904297235856076,0.012187883777793616,0.014061400789086503
15046221,0.0015302342194839999,0.01134752991904022,0.0035795718335563083,0.00753774005398003,0.010362496969462422,0.9205348967244074,0.008177901154684171,0.025105336107178782,0.011824293018206578
15046234,0.037608255621733554,0.02723908230950902,0.006514215222718894,0.007874840562603435,0.015820317974959516,0.8458306002534574,0.015554527755394702,0.024863165243647286,0.018694995055976157
15046237,0.08013155549568696,0.033308530885805016,0.014710738412615876,0.04954962956185847,0.0628946976678242,0.5818482383533472,0.007622044617783852,0.1549510938632896,0.014983471141788742
15046520,0.0023436815321873214,0.006935045349985254,0.00452701680152376,0.002795104770253562,0.004659014287883688,0.9258535829928052,0.021819185976107852,0.013129702430813637,0.01793766585843986
15049213,0.001716176770615608,0.025664518002915335,0.004749199368753823,0.011517104295698535,0.006663144404108486,0.8896077466322816,0.013605142063468795,0.02335327560154009,0.02312369286061775
15049624,0.0047552277118356155,0.013707841297398996,0.01968013473184766,0.0207514777211565,0.021568711607544727,0.859604593756133,0.011697879627901022,0.029394508651065205,0.018839624895117375
15049791,0.003057750440853162,0.0060598133053800934,0.003634339834225963,0.00251057491450105,0.0040665971084517865,0.8845355421987451,0.06298662894644158,0.017675147693698313,0.015473605557702934
15049898,0.0020929552238246347,0.007050668113662861,0.007342070395155453,0.008987061258646024,0.005527552931277725,0.9124623731664038,0.017457764474315535,0.012033413071389365,0.027046141365324575
15050105,0.039440018031788794,0.09470882274445007,0.008741448127968702,0.009893347096771884,0.01660339493482651,0.7206279539077622,0.023101806714445512,0.0653138982945983,0.021569310147388106
15050202,0.013979674485331658,0.022407080680625507,0.008584090685646728,0.033962371746033865,0.040433963116830896,0.8292096508652411,0.008744985896772034,0.02873819750794278,0.013939985015575586
15050310,0.005267653554636148,0.007986731108628032,0.005198926160585243,0.006099619867568018,0.020803718852971068,0.8946027204753845,0.009835725617900366,0.027194278886459044,0.02301062547586758
15050463,0.0010300817338464374,0.004336608102548404,0.001601241497256905,0.0014858905252407258,0.002249641326973582,0.9582638767700823,0.017106067801216606,0.007222438692190894,0.006704153550644074
15050557,0.0020396496853433217,0.0037572946190763696,0.003966998567200587,0.0024804804296568923,0.001549585078747962,0.4890168995246612,0.2951013597610131,0.004541901678095271,0.19754583065620532
15051367,0.013192331334910174,0.005512722056045608,0.005418312930618527,0.012304871718055941,0.007986000460502856,0.7719791824587658,0.009479815313843147,0.11441613322644278,0.059710630500815126
15051372,0.014974326334924466,0.005862062239118584,0.005363408059164522,0.005746375914698518,0.004769428277265415,0.6786806768466448,0.02294619785385876,0.16590602758221346,0.09575149689211143
15051440,0.0020313406996575814,0.00894860998639351,0.0058568597217227205,0.010361451832071832,0.004205647082729111,0.9182855773344802,0.009909881458489577,0.01825946805103297,0.022141163833422458
15051458,0.018328855679618464,0.006217025618615899,0.0070464108235003394,0.02136368418601772,0.009119822164713413,0.7577933568912394,0.00825435358252787,0.13939795145463704,0.032478539599129906
15051493,0.02803252136101287,0.016847403758933847,0.004869613018780951,0.007678398563701463,0.015862606307247826,0.8697156918314344,0.02095378342466625,0.022505703174188686,0.013534278560033667
15051514,0.0042767696254982215,0.0075018101283003515,0.005073809532441009,0.016309024713407193,0.008067481838646674,0.8839152886275619,0.0054727582094000315,0.05323345690145415,0.016149600423290448
15051526,0.0037279809900406533,0.007854609192163412,0.004248809877300299,0.010407330617486351,0.008322378618675469,0.862548333330956,0.006430656261254575,0.08071112192433529,0.01574877918778794
15051944,0.002084551544408616,0.0060059672996892535,0.0023515481465574955,0.004038742364454425,0.0037091898988559193,0.9280820472069694,0.019516785706812898,0.02000029131612396,0.01421087651612804
15052019,0.002311725904328948,0.006976886466750181,0.006038956730418731,0.004201915543077183,0.0067101384309637855,0.929440952129613,0.013286787685969807,0.01539423003439319,0.01563840707448538
15052565,0.002822392678592303,0.012644328897985188,0.0034245075546125436,0.005146197084644818,0.008257550534924099,0.8929304753395704,0.013510898698357131,0.045730655851721716,0.015532993359591893
15052976,0.002297091694416508,0.011657912937223364,0.003274127142215589,0.006104280119014349,0.009380946701852978,0.9027045422742346,0.013669682887575934,0.03752829697835356,0.013383119265113125
15053085,0.002273407055035258,0.007072125036213677,0.0072979766035184595,0.006604858187007108,0.003958843790938647,0.8842098372487355,0.023249053149870146,0.013183206893935921,0.052150692034745254
15053109,0.002262334426132077,0.006331748156541062,0.003476935061629929,0.008261246569488057,0.0035133147693068036,0.917514112413562,0.011720793962044791,0.01523760781891566,0.03168190682237972
15053168,0.0020125932332991517,0.007525053590840473,0.00356965956419671,0.01066889514130835,0.004004894365585918,0.9222741199366582,0.007502366004808371,0.02156685626545774,0.020875561897845025
15055032,0.002308664324096412,0.014919159205948043,0.009117729349563498,0.6440932161452664,0.00677577661797502,0.250956635749009,0.008691485566993297,0.04645280065170909,0.016684532389439174
15055131,0.001973971776357771,0.005008884958872885,0.004373216765215029,0.005196721029099382,0.0033887177915634427,0.9299104296000946,0.012268837234592753,0.014340351380905648,0.02353886946329851
15056263,0.0009666379224246875,0.004962444538410366,0.0023161284744689964,0.0020932639508278285,0.002799361636881766,0.9590287216829931,0.012701436728880924,0.006648909854543012,0.008483095210569214
15056325,0.0014784503782323487,0.005544979570527717,0.0051712862293992815,0.004980389538616562,0.003270513112847243,0.9219180192063481,0.019953769390860823,0.009081559499998023,0.028601033073169958
15056446,0.003400709958141692,0.009688357295516085,0.010282052996142701,0.0353729430700006,0.019509959980390974,0.8220998126966572,0.01054517551634857,0.0748217477308388,0.014279240755963369
15057064,0.017578952801055234,0.03835769728079018,0.015216033811522617,0.016886899313772533,0.013486672868477958,0.48212238454272327,0.026694299325326326,0.16893367643663917,0.2207233836196927
15057224,0.003140429398243967,0.008309879734106823,0.011966886071140138,0.09494849176390446,0.006098211707680767,0.5644643539326054,0.017801991914999683,0.1840406842064928,0.10922907127082598
15057243,0.002904946366807403,0.009082001633441535,0.029356832612048425,0.26283903012481813,0.007043646282112829,0.4420778143692531,0.009061110669921317,0.160475624384592,0.07715899355700528
15057248,0.0035709071539823498,0.00662472914660387,0.008577272506398571,0.07437482037425992,0.0041273960059267645,0.7178865483222472,0.00854452588362656,0.05800671096442511,0.11828708964252957
15057289,0.014416570028309797,0.005556686675043999,0.010087136938732368,0.2577491443903029,0.003910022649377787,0.49115802967939953,0.008249818165764077,0.06291379738392588,0.14595879408914358
15057296,0.003469837434830483,0.008355898827727618,0.010754996332702368,0.33629161149675957,0.003753625250982805,0.10587351962420853,0.006180407357889285,0.4393092279688988,0.08601087570600062
15057304,0.003992549147913265,0.008844249301759586,0.015172396433516653,0.31828297180819215,0.004453337205906298,0.4041253459413369,0.00818837645133416,0.17771984913207417,0.05922092457796672
15058303,0.002927928015043334,0.009279527880282556,0.009047554370941319,0.005245946249609573,0.006033644013607062,0.8700407056829063,0.02569659747411027,0.025037066276653454,0.04669103003684607
15058305,0.003964480637605592,0.06982743930030574,0.0046398862663354825,0.011255802877188626,0.024076013199262874,0.8311183624699705,0.0192183584202704,0.018868586832283058,0.017031069996777795
15058429,0.0029972466444884533,0.02469492154994725,0.009630386300329868,0.0050636405910518085,0.007677287840771159,0.8601433849389191,0.01905727793366904,0.0386347560913552,0.03210109810946813
15058514,0.004592003546673302,0.010796949708906187,0.013826942606369401,0.02597758859330275,0.013098286052131444,0.603404151003973,0.007554594437183316,0.29292077209156797,0.027828711959892553
15058557,0.003123437448920615,0.00506231528791515,0.0034884148450736235,0.002784691125525832,0.003818873268712259,0.6442717212632285,0.2966632333826723,0.019783335915528995,0.021003977462422895
15058570,0.014612501862777398,0.08339267478977058,0.006853651645535628,0.02376922454793684,0.13848354393765233,0.5752918677887978,0.007072223562987257,0.129234899735645,0.02128941212889717
15058887,0.0022678451328017254,0.008405555023227108,0.004274011239661788,0.007504534253270268,0.010026259247328298,0.9132672129682242,0.007414600869533858,0.03640416180885913,0.010435819457093605
15058936,0.0007855854231795257,0.0046143189683149404,0.0018338281811536299,0.0022064673113117734,0.001691954905593463,0.9383511010293957,0.029735038037858548,0.005375126374818469,0.015406579768373977
15058967,0.003079031473124089,0.011094970442814444,0.0030037908379293306,0.9210017743130705,0.015495060347192526,0.011907747184963024,0.001658762437151923,0.027214111141935643,0.0055447518218184
15059289,0.004553213080997258,0.04634739597263514,0.005916438198788715,0.4419558772956083,0.2911316100006539,0.10438711400947565,0.006922524043941935,0.06627204072896348,0.03251378666893556
15059736,0.002263927614116713,0.006407385783378632,0.004093401159984875,0.0025815541339046515,0.004639218487117215,0.9318270762721159,0.01739043266536743,0.016087803243227925,0.014709200640786634
15061215,0.4782350018020532,0.010325575292721467,0.006128927976431372,0.0041710881884424525,0.007535066620832208,0.4190333599067555,0.03870464263172549,0.01624214989705164,0.019624187683986747
15061312,0.2882721056522215,0.005708008189749526,0.009076678734515474,0.00554982678335237,0.0053436222536176236,0.31090889987066744,0.16546819285885872,0.14909671701683533,0.06057594864018204
15061627,0.00462774496254671,0.009047752903095322,0.01707068371843829,0.019908530605795362,0.015470314253368787,0.8671313933589109,0.0103213696792889,0.03463784567263411,0.021784364845921594
15061644,0.0023246934380118773,0.0062830137419761165,0.0060646753158472245,0.006628167076318694,0.007740084350676904,0.9260985000562236,0.010329651838316507,0.022080099059340202,0.012451115123288881
15061776,0.002914458678481994,0.007085445121711901,0.007621825184198926,0.010215362704082881,0.00917953112329917,0.8061729684268747,0.00875237615632926,0.12370138135416325,0.024356651250857973
15061830,0.0036871582870271215,0.006233006440603569,0.005579483755488363,0.009150211518559367,0.007061910607159524,0.8416607718857774,0.009229110898891831,0.09285603717106568,0.02454230943542713
15061848,0.002649110519293794,0.007516471071562072,0.007262564643129531,0.005057923551929062,0.005159960281921688,0.9021792394081194,0.029248226013460128,0.015900600923257898,0.02502590358732637
15062228,0.0015053655888867645,0.007374971545322669,0.002741282133307927,0.004637252567761893,0.004665985379098462,0.9399241605739599,0.009195072188345794,0.01688429742387246,0.013071612599444159
27203641,0.0013695574443036889,0.014419011965811886,0.004549005277834236,0.0026229031485707445,0.004509948816100889,0.890519593142672,0.031250985354977744,0.014618912033090703,0.03614008281663817
27204020,0.0015159876846926662,0.012876633328128825,0.005902802756502727,0.0037970553093374707,0.005381442531119866,0.8893446884640892,0.03921928999243359,0.020851671806460446,0.021110428127235136
27206412,0.0019756099306629474,0.015965498351922302,0.010379866461346877,0.0027422709601394282,0.0037384616654729703,0.8121147874934467,0.04131182886649654,0.015485452088028396,0.09628622418248392
27206656,0.002394513229201527,0.010574980909741287,0.00541929286566159,0.0026368695104591845,0.00481230140585413,0.8663610719680238,0.042951415102609955,0.017274985208919125,0.047574569799529315
27208230,0.0969372473908302,0.014100092522612517,0.01284043065986945,0.009293160585267454,0.030508205977694016,0.6988125511234939,0.008538944297151583,0.07192039517299248,0.05704897227008837
27209390,0.00175412164128564,0.014742292118126327,0.011050397027654398,0.003352242912688406,0.005786233593817094,0.8066713042537162,0.016199636649006515,0.033280667110834064,0.10716310469287132
27209479,0.003318236768267758,0.05408455579415179,0.006972146946599395,0.0046773455075176515,0.038492227284597814,0.8372017394733478,0.013409779057786312,0.02854450085653564,0.013299468311195833
27211860,0.0012220840140698343,0.023805403343558348,0.006237046712605705,0.004517791209514115,0.0066138840875016565,0.9094016606972748,0.016255031206848885,0.012999586077315592,0.018947512651311005
27212120,0.0011432953825891304,0.012597910731772558,0.0049311850601175666,0.0021696799954125804,0.0030605181392327307,0.8954049659144168,0.039085195759662544,0.015870354139430613,0.025736894877365368
27212973,0.00337374841216768,0.039609010127884786,0.005840133369303909,0.005374801092149661,0.027482283444416687,0.861079868819716,0.018571392860064335,0.023015360165467798,0.01565340170882917
27213635,0.0021045541241317203,0.011020364939201202,0.0043004887253166695,0.0039528543235737785,0.009085759785886395,0.9070770485650768,0.013407253710846697,0.024025596889959283,0.02502607893600747
27216793,0.007980000383508566,0.04065595899029405,0.08816130431227617,0.008892949010506888,0.056472932585557946,0.6782933238976814,0.009044113516564426,0.03510473676691651,0.07539468053669411
27217890,0.07284176704827533,0.02074042506768434,0.009802572601003378,0.005810821030099703,0.021336986087258657,0.5678560157503213,0.14729330271591867,0.018715894367379207,0.13560221533205946
27218299,0.002124809272268048,0.0132869873375379,0.00947735296331852,0.003259868327916271,0.003787298270344054,0.8648159975364339,0.03155367110836668,0.01949465884616205,0.05219935633765255
27219055,0.02332444142336333,0.01863016688001065,0.011175503742967557,0.005685300685009847,0.01802563888129091,0.8334542481460694,0.0144102405350881,0.02221764193828771,0.053076817767912426
27219363,0.0014623574525932791,0.009723669542836095,0.0037884769858598016,0.0020405599175382792,0.0029077097530200696,0.9068618803354886,0.04817400639416827,0.010376452828679486,0.014664886789815989
27219923,0.0014321535245913816,0.010329201806294782,0.0036515093847156606,0.0027048052730778457,0.00395735577971074,0.9240472397125754,0.028246652586169364,0.0151161491039828,0.01051493282888201
27221361,0.0010393972210219061,0.009750880934447263,0.002941544765059463,0.002683055178519157,0.0038714615113173583,0.9321775710940672,0.019528093560926267,0.01521005989215499,0.012797935842486374
27221885,0.0014404525943030428,0.024323050704168965,0.005513654394652484,0.005477585699783278,0.007117717246462942,0.8946325547081239,0.015480288178517442,0.011575212272770126,0.034439484201217896
27222482,0.004490300245172272,0.12940722535840232,0.04053101987170121,0.0077114523833435155,0.18786468787728228,0.25089298897005957,0.006681264407187329,0.039066426611924186,0.3333546342749273
27222643,0.018571801114524653,0.014372295191842936,0.018193879283290446,0.007170827634602158,0.020639962063998134,0.3885894201989777,0.013371913245476931,0.01707958918515139,0.5020103120821358
27222752,0.0012421392104470395,0.020322903193006496,0.003868794281900302,0.0023715527910485937,0.0028459563578534463,0.8613404394755391,0.06624381990879422,0.008994643148390855,0.03276975163302
27223993,0.0013382049117900482,0.016649629794655382,0.00395501628069669,0.0026072482175415724,0.0066773159791419425,0.902666117282932,0.01796594110884317,0.023583643294785694,0.024556883129613426
27224111,0.0024122173071964657,0.03364719587461299,0.30356669688951887,0.018652782116662544,0.027637523762314365,0.03245862280915917,0.008934078310421962,0.3203546580442907,0.25233622488582275
27224390,0.0013854327649802426,0.020662018439468712,0.008077048226028553,0.003027078386762857,0.0037641583925742974,0.85210263244782,0.0569839896127807,0.010089526802196363,0.04390811492738841
27225248,0.0018568970255967792,0.0246076590713421,0.009709184969278565,0.004220882962994561,0.007943197892178863,0.8686414112170885,0.02426683922361389,0.025273893926125272,0.03348003371178147
27226051,0.002981947029686181,0.04872771704602928,0.005745161948799839,0.006039993534150817,0.17412822543640477,0.7074773956127984,0.0073908837158685355,0.03478264150892203,0.012726034167340097
27226820,0.001442951837226872,0.00981963124638723,0.003708894141762479,0.0025841071190722768,0.004129676480878592,0.9017892326232325,0.04519097392713712,0.01779111136922475,0.01354342125507812
27227362,0.0054501972818744365,0.011290767908832168,0.02099750888714371,0.009062429789475078,0.7193464149383961,0.029251983053722987,0.005499814499315658,0.14584028719426279,0.053260596446977074
27227417,0.0037395818574898977,0.020508699038599622,0.01820099643699907,0.00666712778570052,0.7181913298055733,0.019308178275014007,0.00351881910747956,0.13813955278059922,0.07172571491254487
27227545,0.00714673233513265,0.01597100151750866,0.014916130874078204,0.0068939907250954125,0.7208056281567385,0.014479520593300908,0.003216085935488102,0.17513391351296909,0.04143699634968847
27227747,0.003656025715605989,0.01091953888599674,0.011052819729428823,0.0060998013752157285,0.19322523094261904,0.022931271169314604,0.0033845815222244757,0.6388671155313346,0.10986361512825993
27227927,0.003473345890589101,0.018014387937073693,0.00962392061938887,0.008559930991769844,0.34353544909304956,0.023548749988214556,0.003596373775297717,0.546309070405723,0.04333877129889368
27228008,0.0032512250730423148,0.012432898703133069,0.009407179955552847,0.006715217580500955,0.26005751869011967,0.02450451767362865,0.003696446897661403,0.6191620681440848,0.060772927282276304
27228350,0.0030171037420300573,0.013718040561723443,0.008563510429149247,0.005150060587510663,0.14387856050685216,0.7107930681078041,0.01129108009777328,0.06007361394288249,0.04351496202427461
27228394,0.003081089313967863,0.018571264521486903,0.008445464736176208,0.009611238364203346,0.2584720512241985,0.024489183402258967,0.003779177355802123,0.6418944006269709,0.0316561304549352
27228486,0.002208361850429377,0.008232124987485672,0.004769310590109281,0.0023742183268555795,0.0038035832400731932,0.7944525638164672,0.1371794823623931,0.015193810747114834,0.031786544079071576
27229246,0.004166056381428486,0.09032970889486469,0.008762124425011966,0.004794012891431765,0.035064801181832264,0.7971536813744203,0.01616279746377363,0.023365323032046255,0.020201494355190728
27229258,0.0018425313059243738,0.011353574461216117,0.003940949951358782,0.005128502102440537,0.00893270967212825,0.9012567636896999,0.02100274613550607,0.018209743363318053,0.028332479318407915
27229306,0.005440402612552738,0.03161938589155999,0.0064441467657919875,0.005301218016440691,0.04279481968875749,0.8387546700639522,0.010712175353504435,0.02619047159456873,0.03274271001287172
27229512,0.01009928018357464,0.008023010189202562,0.010066640968986417,0.004717654486229847,0.02549250649114379,0.7804945242869998,0.014451993774481482,0.020423733816043777,0.12623065580333764
27230055,0.014314144820741812,0.00539305003851826,0.007323723412781968,0.004068110782784732,0.020294845765956394,0.7765571928466939,0.00900292929565312,0.023422783966929872,0.13962321906993996
27230350,0.009882623429935237,0.008707137892485024,0.008323552108135814,0.0041585797661196095,0.09937605910018918,0.7622823810838841,0.038253326493670095,0.016996303123280963,0.05202003700230005
27231945,0.00394850852329812,0.01904712058714739,0.010390943691986506,0.0092276761322484,0.20266112986788737,0.02095379867472883,0.00389942699993684,0.6975791951569081,0.03229220036585838
27233361,0.0015689902538501138,0.010180387324022256,0.004354408059973938,0.0025513923607237824,0.004658038547272203,0.8914576755270942,0.02784662250935597,0.02735040674816052,0.030032078669546915
27234012,0.01483403046996708,0.014193965005587268,0.01322717733335126,0.008534313502046222,0.017243417034086425,0.09841140212452967,0.007417418004736528,0.01688768443756541,0.8092505920881301
27234810,0.0019923737717276887,0.04225786558892984,0.004915683013471843,0.011895837829786865,0.44346158775610806,0.008126099106253722,0.0025583619143439945,0.479473959484203,0.005318231535175057
27235927,0.002007998950197541,0.017047682372989224,0.014569200243986363,0.00303918693611005,0.007860692554586997,0.8260780212883136,0.034972825075626074,0.04636836532158058,0.04805602725660948
27235992,0.0029990352616343315,0.015205419025585068,0.005649737971811666,0.006042949460211339,0.40070564021210986,0.3217616867729749,0.006928119207675076,0.19584027411622926,0.044867137971768424
27236473,0.001859606746805266,0.00999742510306679,0.0072371411883858355,0.001968426422332296,0.0038682582887114405,0.8579481769393353,0.05962148799407462,0.01836144695429648,0.039138030362991925
27236611,0.0021058909979354036,0.06613399363272199,0.004331365735795881,0.00941632676114168,0.5834079268722633,0.010972917920395746,0.002423129455511104,0.31188240851245613,0.009326040111778799
27237922,0.005188169050865757,0.008502537047181723,0.007202270540696676,0.004987778256773056,0.028622393552033658,0.8354626209358333,0.0242906540074829,0.025458586727237106,0.06028498988189569
27238108,0.00576042262947571,0.033918077553883666,0.0057931108572092304,0.005393451245022141,0.09095416722105112,0.7823685510060887,0.0255074511080429,0.034038880921456724,0.016265887457769877
27238172,0.0040020758209853,0.043103174763549086,0.005665229106595235,0.004861919952850542,0.027919996092808427,0.8523605120931246,0.023223322731919255,0.023132463870288333,0.015731305567879297
27239286,0.002720224436754281,0.032888677793054585,0.009305130686465437,0.007953943714316137,0.037947272990735956,0.45649862383319767,0.0070203888418572565,0.29447223960941205,0.15119349809420674
27241704,0.0023745651361871283,0.4430271370788268,0.011681518055757586,0.007509115064036263,0.45807534993400834,0.0301218332592881,0.00425452287395981,0.03236322320676706,0.010592735391168886
27242056,0.003174998570305837,0.3481579262091583,0.05439742655111947,0.009632460978792085,0.493365932297324,0.03654186185400979,0.004714363380580653,0.019037803634760087,0.030977226523949703
27242549,0.001975908255214589,0.008210547375691086,0.004059139465333895,0.002307620196387069,0.0036372401657156143,0.1877833574845026,0.7643115217444338,0.012203978630765416,0.015510686681955871
27244942,0.0029100585858664947,0.009436266442478386,0.005680278100424914,0.00469559972741426,0.04669858473365359,0.8059569953970391,0.005401315388850779,0.023933101355403455,0.09528780026886896
27245142,0.005506549535085796,0.0053071634535809195,0.010900941574737054,0.005271154767897906,0.2714964031980742,0.058606140525053335,0.0028941570371364836,0.20006300810185354,0.43995448180658075
27245414,0.004275764296356895,0.006188989392998289,0.008874391651708894,0.006329202492479883,0.17603585938480837,0.09323802180280527,0.0030810695148103294,0.053079902706636796,0.6488967987573953
27245486,0.003577655850762981,0.014139057988997688,0.010882718213831043,0.004116832949846188,0.02816568232561985,0.8388842665160275,0.029768178920391054,0.031120286494227017,0.03934532074029672
27245645,0.0013736472822822696,0.028795788129241967,0.006592936762673142,0.0026929504866703264,0.008355168376076527,0.6237211298706573,0.01840275198764456,0.07229286775084252,0.23777275935391148
27246508,0.0026870038572128167,0.005894884572749518,0.007549742604092919,0.002150946200581397,0.003009664015296763,0.533785350640454,0.4093817257793877,0.013334050228929152,0.022206632101295795
27247366,0.0017055054851540582,0.009547072464255568,0.0058286931293932255,0.0023431468480209243,0.0027771841438728813,0.7198049345512721,0.22563994935135848,0.010755412661657164,0.021598101365015557
27248085,0.0019224484633774738,0.005450061636649347,0.004287718784005721,0.0018295089069198076,0.0026470698548774676,0.5877265097924129,0.3723441752619452,0.01015047520182729,0.013642032097984822
27248316,0.04950444779981864,0.02075410409297925,0.010863320976212272,0.0114486088952566,0.023999366053324495,0.12815810879967518,0.015732722455441373,0.01669151839456682,0.7228478025327253
27248920,0.010314416377588112,0.06865531095945125,0.03292844995120704,0.019347376023540606,0.02859668378884267,0.06585492905044912,0.004965632261930102,0.022241541359351052,0.74709566022764
27249654,0.004854486278221627,0.006543618291279784,0.007349612640873145,0.0028314449220933503,0.005069134922235324,0.4371414050701191,0.12828259892563865,0.020468625722221214,0.38745907322731776
27250103,0.0034264913161318068,0.004592618429930891,0.007322651946202469,0.0060618920348710715,0.05255987853711096,0.09661651328356603,0.0031871595505556364,0.017765835437487255,0.808466959464144
27250484,0.005566845913671365,0.005436517758888557,0.011361135852786437,0.010489397985947443,0.033720769269350394,0.09899569288815284,0.003621563283164473,0.03462783083397685,0.7961802462140617
27254075,0.0022991399812583983,0.2354006473266173,0.01909656964978716,0.008325776577979949,0.018450920065322198,0.4811934505046387,0.015451924711548451,0.1299174280655891,0.08986414311725874
27256605,0.0020661397013419396,0.007141886228356192,0.004240178208527679,0.002203505392635703,0.0038895195406623588,0.4692270586294818,0.4514250281399855,0.019133328625102416,0.04067335553390646
27260821,0.004651317961135408,0.007472674263286527,0.009058003935332133,0.003226827849466771,0.005285046344159681,0.6163422945658719,0.31516015401709413,0.010158183682255668,0.028645497381397787
27263673,0.0055988746195006316,0.006481494471902677,0.009537661844938624,0.0026216210646822567,0.002178807957799381,0.020217975891373814,0.8206839069087258,0.005921327446398275,0.12675832979467852
27264838,0.0028594696615532786,0.008557267079163001,0.007384932562486678,0.002612839250377507,0.0045430918405104034,0.5112882927936933,0.4287079773638033,0.019115876352320618,0.014930253096092064
27267285,0.0010756131428465603,0.0087804863568513,0.0025481675611355036,0.0018541343061292475,0.0038634931347942044,0.9269973975101868,0.02272319083666484,0.012050370194870354,0.020107146956521212
27269056,0.002519574195985522,0.012495374287447777,0.0047112298352729905,0.0037852205020872417,0.038452242600255086,0.8493890628051748,0.0062250390497898996,0.020747984477250594,0.06167427224673615
27269065,0.004681663160662567,0.0028931159223041696,0.003097333433491573,0.0017354800592580273,0.0018424018529204734,0.01780938184367478,0.9254325379848266,0.0038968240036310977,0.038611261739230705
27270200,0.0036165581597634466,0.013698371694603813,0.013363756663580768,0.0035889737899331233,0.0077886353293017884,0.7545893730962763,0.15368353414016836,0.017845965105334524,0.03182483202103782
27270846,0.017540238283480367,0.03533912996446221,0.020773427642371757,0.009968292797939524,0.018332137161081247,0.1352790794304326,0.010813155140064984,0.0153056551282884,0.7366488844518788
27271299,0.002820784171456613,0.005431252652730924,0.00856096443273222,0.00220296861181026,0.0026146329472685366,0.05497051347502824,0.629045804634013,0.006449925938939574,0.28790315313602055
27271832,0.0011808733320175404,0.010009816868832221,0.004024947520369625,0.0017646870385390507,0.002383095822737671,0.9122146570952574,0.04446535977202924,0.006646236503147134,0.017310326047070106
27272650,0.006194869904904111,0.005525285609204293,0.006763765275767684,0.0034659339159178663,0.0035862425024999678,0.16848096567430637,0.10249502103086713,0.012146618593207635,0.691341297493325
27272926,0.0028250993490974764,0.011401616920118327,0.0038248618001439625,0.0041959965046777115,0.0061258239908051565,0.22640647897841792,0.7055220884994626,0.01186632897198405,0.027831704985292846
27272937,0.005612631718457445,0.04824248537335652,0.005776233240535449,0.007499173472137098,0.1003484756109998,0.7579336194867088,0.009660920794346425,0.017598901051068448,0.04732755925238996
27273133,0.003039339856015967,0.008268144351624835,0.01473206171485747,0.005396213921162738,0.008574977251505966,0.8008338468766737,0.0101945547043704,0.02529852004973914,0.12366234127404983
27273193,0.0011000296307823074,0.008307637363032297,0.0030061253946099785,0.002547302651392555,0.00311758518721051,0.9183809146766528,0.04150755757074232,0.011658829702476862,0.010374017823100393
27274096,0.0012220098280234808,0.012316861242005674,0.00296025188860877,0.0027693033898094476,0.0037507574990224054,0.9203380997444731,0.03389628714227824,0.010086011241336169,0.012660418024442666
27274147,0.0027098484653469163,0.21637588782035144,0.07455828443520794,0.20370014071236908,0.016015666222354383,0.27613535250111176,0.13363084716455526,0.03495735447867773,0.04191661820002547
27274349,0.003742098643163173,0.00775069639146991,0.004681579836887772,0.00497298523375237,0.019048359398243363,0.8767790648046586,0.020062115942375724,0.02143830819469028,0.041524791554758675
27274643,0.010173521028313088,0.006268375149095477,0.009254401818274164,0.0030957076294517993,0.007640795708746161,0.5493326252078796,0.339999413594266,0.019953821199809308,0.054281338664164486
27275251,0.00496343132525901,0.024447140947219673,0.03123885135208785,0.0075031947716820225,0.013376394119922174,0.672213405318142,0.025452642178803737,0.17276402278471376,0.04804091720216982
27275276,0.00414441401879588,0.010236458729803423,0.00854535254895267,0.0032972407758961766,0.00562280015472444,0.8648457615478615,0.05569310075559224,0.018910260132584563,0.02870461133578914
27276721,0.0013331746897706361,0.007117042970686519,0.00270429802713328,0.0024880318865588284,0.0034004796169478154,0.9319675005864079,0.023813938842944547,0.011050164882122161,0.016125368497428363
27277131,0.0012104824387754631,0.01186126442738219,0.003069449445859708,0.003699154410386525,0.005870288551161995,0.9198826532879698,0.02043667898908339,0.010109680106691525,0.023860348342689443
27277206,0.0016068454099662038,0.011049383773601576,0.004973777524067369,0.003052523498724868,0.004254590574674384,0.8969223307556882,0.03511642888462987,0.00955466982706055,0.033469449751586985
27277456,0.00427171276290465,0.00952619915099578,0.01068730458247231,0.005420292259411662,0.008075198801708757,0.6904292845448251,0.012993914434247673,0.020924516165482424,0.23767157729795166
27277630,0.006725735397261799,0.012468902034788662,0.015031108648374227,0.01022015914511715,0.023347514880128928,0.23044590333409098,0.006280123809512506,0.12346283095416719,0.5720177217965585
27278335,0.013808281109900681,0.0035408326883602033,0.008160611737631883,0.007683920944333131,0.017955547942124145,0.06944924253903959,0.003642626281243132,0.02002993391220818,0.855729002845159
27278352,0.005165297226360391,0.003347217338654077,0.0071025041716914,0.0059906406232865545,0.03322664730319373,0.01910132625672436,0.0025478138986777727,0.024769109049467657,0.898749444131944
27278359,0.012593682509834845,0.006097305397656122,0.0170607191294403,0.04364064599646447,0.04341689705155389,0.09229155060708619,0.004047538040511195,0.04192067203431225,0.7389309892331408
27278399,0.008172103904596564,0.00633903403633816,0.006208266837051286,0.006940364488574425,0.017009706800583196,0.3624993353259608,0.03542517980952846,0.011376419561374423,0.5460295892359927
27278418,0.004096953328375009,0.002835154135606602,0.005823147839258784,0.005457864029473018,0.014920646037453278,0.011464758144760934,0.0019050951827546275,0.014501802192533981,0.9389945791097838
27279366,0.006350411113756867,0.016256687250598787,0.012484479207255185,0.010027506789390224,0.04605625794595398,0.016893533244362276,0.0033102772219996027,0.020475562879657676,0.8681452843470254
27279382,0.0025859339931869688,0.019212666123588556,0.0207208923427673,0.005274426238386875,0.008374450649393385,0.8384003943054767,0.018092674483838087,0.03289683981015057,0.05444172205321156
27279447,0.004300214755424751,0.006148383881031087,0.019312093549234848,0.011496591624009492,0.048807661759468615,0.01298137362002601,0.0025792838567754045,0.014568834179304936,0.8798055627747248
27279469,0.017462995425882314,0.02239938346655895,0.03143670921974609,0.055087859940203376,0.04114858159022355,0.0172226389307753,0.0031843087794538208,0.031103926916974375,0.7809535957301823
27279509,0.004981036861280009,0.004893411665687971,0.008901554116405466,0.008355439208191557,0.0883708534004134,0.011458392778354282,0.002285039249752181,0.014477444563609483,0.8562768281563056
27279610,0.007347173019693611,0.008887767749460585,0.01947962251229587,0.014486980871498394,0.3249960308009078,0.0233120109163264,0.0032825405958339365,0.07238008929871692,0.5258277842352665
27281508,0.003826636079813063,0.03295735794253324,0.004512720187546364,0.005015860677662024,0.03239210173001828,0.873151465035563,0.014827798640469842,0.023760167199771254,0.009555892506623063
27282434,0.0030119761401700357,0.004326196344432165,0.005444565550676139,0.0024950903143100126,0.0024047990768496794,0.08785401692566913,0.07966295219395068,0.005889891387718393,0.8089105120662239
27282901,0.01603514396549722,0.07616545176928968,0.01426171666933938,0.09092869589762545,0.3047193958752269,0.019772494906211465,0.003728508626083873,0.02093837266160455,0.45345021962912146
27282995,0.005619340038478675,0.018270278744804587,0.013947962509721556,0.05098734313928014,0.0789379297003187,0.012558932110876745,0.003180396774335155,0.013468594596899534,0.803029222385285
27283125,0.008045603902417377,0.007646260759905057,0.008365367911135266,0.004231421744932265,0.011547336916113501,0.7285874110634476,0.03693010352809403,0.02334093490161528,0.17130555927233965
27283358,0.005361059451942884,0.12703273168921306,0.017086329373457318,0.0462901674798046,0.516930914622863,0.027171408506662817,0.004459781067471226,0.023151422354275836,0.2325161854543093
27283987,0.008830037679894131,0.030338845715449675,0.006511366674650448,0.012440086177411117,0.12719609074658517,0.6979792678460268,0.00800213552802988,0.051983267706656296,0.056718901925296474
27284562,0.0054778848616285555,0.005882727037786685,0.006375720150740758,0.00248400646525045,0.0051103515631553955,0.6128417107582189,0.27817378530311127,0.0111382850545507,0.07251552880555723
27285077,0.003538563145395893,0.006029160541336021,0.0050965384726630565,0.0020357693528668046,0.004028513626388527,0.3182041467648963,0.6113691335604652,0.010699818375404976,0.03899835616058307
27285996,0.0032614991005707485,0.014057064084735452,0.004808251778109558,0.005886536865994849,0.02048970096961047,0.8796468061513529,0.01728612827287035,0.01434991706299388,0.040214095713761784
27286316,0.024679955382650293,0.006044110085627718,0.0083061513045794,0.004797506818951821,0.031522151873924244,0.4734472101854665,0.013093810978465565,0.02724782531770966,0.4108612780526248
27286859,0.0019035577760694391,0.01865266640412424,0.01088190721059173,0.005397509524007104,0.004020573175555217,0.3365437409986259,0.041207878628144554,0.008872230400378692,0.572519935882503
27287341,0.0015859784991825332,0.00740586127008146,0.00469921395106671,0.0019756692627615298,0.002830389440991708,0.7032987125361544,0.2560479820962401,0.008328196021765018,0.013827996921756572
27288515,0.005968458246491031,0.02326730374768348,0.006429334540873091,0.0043563656308337586,0.017556081394958855,0.8756604730840833,0.0317560839676986,0.017479287729433562,0.01752661165794417
27288757,0.0036435958181241773,0.0067647577128552615,0.004609013235918382,0.0020235543764374757,0.004565184694260844,0.7689668316689524,0.18150201095312868,0.009531851206578415,0.0183932003337443
27288952,0.002590037375919501,0.008537162145245244,0.010151844615800489,0.005840620900438202,0.02450302345011577,0.01676578839078592,0.0033545666872167638,0.013798148677719215,0.9144588077567588
27288975,0.004069926200163242,0.00600886884369886,0.006784874803977675,0.005828086543993569,0.023672540465038118,0.021629535090515396,0.0034966685617825164,0.01859052259597457,0.9099189768948561
27288980,0.003879645396001054,0.00806411414971936,0.008148154195299986,0.007462139649346273,0.03428039033145396,0.022210194091129152,0.0031923741997707616,0.019214277074786217,0.8935487109124933
27290039,0.0010995508084655438,0.009616198079930428,0.0025810362350140305,0.0019766866504618576,0.0037981499831836987,0.9288073542167066,0.0292289052685605,0.010487365901284518,0.012404752856392786
27290905,0.001833424794442861,0.011770891861075865,0.004359139922912298,0.00310246750703887,0.0063062131429198484,0.904069358088041,0.03425256582841529,0.017564859289644935,0.016741079565508955
27290998,0.0379925395726782,0.007170013482285879,0.011296725987383944,0.007518257620468683,0.28213194182424467,0.3694081936188929,0.0037867399361869226,0.09541150269028442,0.18528408526757437
27290999,0.007889682764563264,0.013511611421366358,0.042535159251056644,0.01070498980633965,0.17780954424057757,0.38247756893279883,0.004077831194085357,0.04568373652364055,0.31530987586557174
27291005,0.008171850355129285,0.0072038367907595255,0.00831324673451772,0.0048511942342028685,0.046072837417290256,0.823082717316534,0.0060854299405403685,0.039335978329828825,0.05688290888119701
27291012,0.003474188609162173,0.012074763253605132,0.00952025360809777,0.005471779456810592,0.16021024846428422,0.39848822866217354,0.004039313952025462,0.025114974950074878,0.3816062490437663
27291083,0.0026501367034097484,0.01759052251848156,0.007745134931977333,0.005891387860165956,0.04249549380348021,0.864572924214426,0.007142957940310978,0.019291584652158016,0.03261985737559009
27291147,0.004476345511311319,0.0072731023447256135,0.005548068876172079,0.0043116920028946045,0.05824153797807706,0.8143255457989158,0.005538673265029048,0.02907017622591464,0.07121485799695981
27291193,0.004056342605751193,0.00841103862749091,0.005689559936035758,0.0055455135836936075,0.06940668874180561,0.6011821859578215,0.004201981028118779,0.03069305296527858,0.27081363655400414
27291241,0.1138836399584694,0.004309235401680942,0.00897218347595551,0.006163552609906159,0.060224206416758054,0.3087643613966105,0.004318341529660937,0.05954349544151068,0.4338209837694478
27294499,0.0021847628375385193,0.008382858553274676,0.004337993694196999,0.005737203691311747,0.004421347234389132,0.7679908565774906,0.019272096292727938,0.012305064382671793,0.17536781673639873
27297944,0.001390188502326283,0.011476153582143081,0.006411889298752867,0.0034828167533819073,0.002859867483059844,0.7597906872311256,0.07382821897347008,0.005672026600774458,0.13508815157496587
27298029,0.002906323434353457,0.010026557641694075,0.004280709369757901,0.007084031230559382,0.004199152529241452,0.8595837973984952,0.016411034487118614,0.010827032600652924,0.08468136130812708
27298207,0.002877414986448503,0.0023069336627158056,0.002182497075520399,0.001722305621578851,0.0015287553424900462,0.0179252970067287,0.9441066313129498,0.0038610452401762934,0.023489119751391622
27298831,0.0017305625359016457,0.08194962048378128,0.011259260542802752,0.009670029786741616,0.00788774673070996,0.1212768463489976,0.01510459902252909,0.02885702058996592,0.7222643139585703
27301086,0.004055179249622616,0.6018541297906093,0.017684017569889653,0.03306273210427479,0.14089409661684785,0.04744123258413121,0.007766862835666869,0.02738788798510225,0.11985386126385565
27301588,0.0036373048548567375,0.29037166099400535,0.009648383398399745,0.05273712658499833,0.4422045625458628,0.0723439200955227,0.004714700681155887,0.06686211447630676,0.05748022636889162
27303130,0.002909510071129851,0.006511554881027748,0.011934594331254277,0.002852577071677673,0.0021933823758426402,0.03845097172792518,0.08039786992943478,0.007351885514926653,0.8473976540967811
27303243,0.002769521016819797,0.006126691306195931,0.008003709546342583,0.0026085864164490913,0.0020943033123974803,0.060065135815196,0.2639158744775991,0.006198641574972607,0.6482175365340275
27304639,0.0011804567549745836,0.00983324340179579,0.0021355398934469814,0.0023530888849729935,0.0029291931897279916,0.8884196373268843,0.07126515777934282,0.005701493558912572,0.016182189209941827
27310870,0.009500725460247664,0.0026339745674308253,0.0045280923882675,0.0021108460585429747,0.0020330491238461207,0.016386257224368112,0.4476924149949593,0.005259698745899406,0.5098549414364382
27311386,0.004705258746718273,0.035002836502943516,0.0050073789774927255,0.006086701579937011,0.022110064115503602,0.8623356474399639,0.03533189629851194,0.01701287358379552,0.012407342755133496
27311627,0.0012634771320147317,0.015490443931151168,0.004089410613722829,0.0025368605153740804,0.006618356069332063,0.9066710222063076,0.02440367101971185,0.019952518933601254,0.01897423957878447
27312527,0.004824843756290818,0.008175708799140464,0.004821996366343012,0.004420498323652508,0.014800317791848703,0.8703393687784675,0.03708708052366164,0.021230575721512587,0.03429960993908274
27314199,0.012267908298224483,0.018244883947731563,0.007726160451114001,0.006573608316185068,0.019201929002756874,0.8187271894635021,0.05236660908989152,0.023526706286942808,0.04136500514365167
27315036,0.004450277262427255,0.16600941829393415,0.005533421102987842,0.016317613681175413,0.23010995212215396,0.525962512635314,0.011885821631848486,0.020827257641827288,0.018903725628331536
27316574,0.0052776602874186635,0.010316871438052204,0.00460005321342643,0.007833858959805233,0.07712657255160277,0.7693355929094212,0.010523703559661934,0.05080949378249736,0.06417619329811425
27317646,0.0054225941279410095,0.00774313779560359,0.008565548767300655,0.003151011157969337,0.004137361084058897,0.6865548599600382,0.0566486553946273,0.014150031660688015,0.213626800051773
27319072,0.001917446306200768,0.021975654628348704,0.011475656944613022,0.0048203692934062235,0.012208853539190167,0.40192755865437146,0.13716321376022286,0.2756698532281532,0.13284139364549352
27319892,0.0013539717581308108,0.008636291020274795,0.0039268578959114455,0.0017486942000302182,0.004157598326851736,0.8768953337704362,0.07616793791119632,0.015430915591608387,0.011682399525560102
27320262,0.002851295996813851,0.01540173099107574,0.016028743247984333,0.010906991348780048,0.004804147098824036,0.2491442317474017,0.014065871380538641,0.017030940670083834,0.6697660475184979
27321197,0.002726319187707893,0.0038815647584174344,0.0024118754141154715,0.0017737932705737393,0.0027931369312543656,0.08459536321761538,0.885317698379946,0.006782133566870802,0.009718115273498808
27321202,0.0029398604089748317,0.03109487948003299,0.04447829012582091,0.025738865258274027,0.008638793378477908,0.13067970115178387,0.03971925512955524,0.013994479780714433,0.7027158752863658
27321241,0.00630060909311679,0.006314713829669318,0.006732760176998964,0.003163419566513794,0.006198804400263877,0.25517763462081,0.4967545915699898,0.1423011184921296,0.07705634825050786
27321582,0.0053076732073172464,0.0035638603673635175,0.00658971552292358,0.00486436567071773,0.0026915326388601258,0.022326763136287498,0.02597462109547199,0.009363273511549693,0.9193181948495086
27321885,0.003363920766129386,0.033036594502039635,0.3181124470924566,0.4163165534715412,0.011432310156972852,0.045884668061175075,0.047575861772940584,0.03100396320901717,0.09327368096772748
27322213,0.0016585804610049373,0.011320051329444709,0.003796474252757709,0.0022505135007437073,0.003936445581233199,0.905481813477917,0.03784901466374705,0.01727881685209844,0.016428289881053253
27322239,0.012145738644211828,0.018034370146946657,0.014586382608743518,0.023024496495563176,0.012846923242991927,0.024563825522723015,0.004449084579991007,0.03406848341635406,0.8562806953424749
27322774,0.011325978757252988,0.18919057124872113,0.10131972389027338,0.013646880697380154,0.038287311743389146,0.5114066164274604,0.032221838244408295,0.02930470437128397,0.07329637461983049
27323256,0.0033574227347681236,0.01291689455498301,0.03533777642087006,0.015123862910440737,0.006702346320579096,0.8059413051080595,0.030073008064466618,0.01867336818681168,0.07187401569902124
27323692,0.004417385781384241,0.0545240639376674,0.009736046698791469,0.011929558278725638,0.030805873669090433,0.822712118324849,0.018299237899528135,0.017898649184403148,0.02967706622556049
27325257,0.1110879801403468,0.028030556752071584,0.009809519606111722,0.02066898222145688,0.05927369522185625,0.05111965590418678,0.00799056462490748,0.016636408720189833,0.6953826368088727
27326782,0.006517553166531001,0.011088869581011391,0.01588667486605066,0.021411982837130174,0.02165356430670383,0.011870355167616054,0.0035903036833262406,0.015562705686459842,0.8924179907051709
27326804,0.007314711729689243,0.009176282466210973,0.018053410564966087,0.027045669227431977,0.021356903157142032,0.012603277204225572,0.003766126806652755,0.01569066482965267,0.8849929540140286
27326842,0.006198496998237682,0.015146879194100758,0.01831826194752291,0.040237620845525665,0.02334040239528881,0.015224634305971789,0.007270235874943635,0.011379519521791753,0.862883948916617
27327185,0.007746676934359895,0.013468066831754512,0.007455442922793571,0.02745918714530956,0.0309347825826385,0.017643732070601388,0.0037323297900399856,0.013950027530502505,0.8776097541920002
27327671,0.0019242266788903092,0.01127268843218829,0.0057150498689102595,0.0035964966263895767,0.005855603923629628,0.9208351168121605,0.02355842064216048,0.013890553728411685,0.013351843287259382
27327877,0.00454881861754274,0.009899275205271469,0.016586506889305644,0.05510365797932183,0.0045672229276021385,0.05565236259834428,0.008449870902178374,0.02387472198052867,0.821317562899905
27328781,0.002333480243360816,0.0035829443930284754,0.002608592837965411,0.0019810477863437754,0.0016289127204308564,0.03104329166631379,0.9245234537781019,0.0038790937492124704,0.028419182825242646
27329054,0.002482415176138009,0.04059269990098693,0.0712141811027111,0.024151161594488768,0.02604630574121899,0.04823960945292249,0.013018156893495045,0.10934919483868506,0.6649062752993535
27329113,0.0061130104472944475,0.003963980918577033,0.00491664594496534,0.0023734512829278573,0.004290610767608149,0.18310195285633854,0.7724803582745431,0.008318186688445915,0.014441802819299692
27329179,0.0020027118729121747,0.011882367914584153,0.01159165497679892,0.0030296603761915232,0.006651138557937347,0.8660971211463606,0.04456546632310879,0.018188107409433392,0.03599177142267313
27330098,0.0015136305569090106,0.006794533355050444,0.003301064405315062,0.002495240909295268,0.003059014059245343,0.7202867885962891,0.2266376234030381,0.007396371502733321,0.028515733212124257
27330398,0.007081488392863503,0.006474608074703584,0.008331207281739247,0.005174651999470467,0.026987340872522563,0.8574835190146365,0.010757144132268495,0.020942024628955235,0.05676801560284057
27330675,0.013825293212393168,0.004144301499880269,0.0056461304714004535,0.0036694526470800277,0.01826865193211753,0.8615143352088515,0.01764292810422547,0.018332199501610427,0.056956707422441105
27330798,0.005080908551652668,0.006364010819921996,0.009340550456664577,0.005135754690841703,0.07693517853930179,0.7144951034120693,0.005250636439094731,0.029500694078517287,0.14789716301193584
27330903,0.005659905597316724,0.006352851843439139,0.004433219652453489,0.006049904828628016,0.020997857239471174,0.8784786049045841,0.012011767009133943,0.02454564434260942,0.04147024458236408
27330971,0.0030959518777567002,0.006561026084595931,0.003262205349286713,0.004315834633661478,0.014470950840923966,0.9110325355694895,0.013622883778535747,0.017205956546762186,0.026432655318987867
27331136,0.002848985087698381,0.00722397160337528,0.0032889599611685446,0.005112169937763104,0.014424346372123961,0.9029143429815174,0.00861855175527488,0.0154269532274294,0.04014171907364891
27331288,0.0013191406713006966,0.007430385537740556,0.003592228210750784,0.002384679486267506,0.0031613309119939417,0.8887052240417217,0.055103186263546884,0.011127153581220546,0.02717667129545737
27331368,0.007018682580808008,0.005222067028155104,0.003833652787969239,0.003414337423966398,0.0047379412039965495,0.8740213303468798,0.031172207044235928,0.01761457304500864,0.052965208538980305
27331597,0.005068508087201324,0.00960450198542827,0.024268241311218148,0.01596914272986668,0.009967977019070326,0.05946685937860294,0.011999604008680852,0.02732957934766578,0.8363255861322656
27331897,0.0022260094280381632,0.008315104160904568,0.004256568187671569,0.004179169429828792,0.005472660314457909,0.8847939836581251,0.02610604543263833,0.011984184836909531,0.05266627455142605
27331898,0.0013966800657281586,0.009676219050939724,0.006296436268290044,0.0027398689972961895,0.004081199792871769,0.8976384734908684,0.040554273425487765,0.012797120778243288,0.02481972813027462
27331924,0.003999753696243285,0.04936667483281237,0.004394087266016003,0.03459225057121321,0.7947319079963808,0.01345726103018234,0.0031944629689618672,0.08891521527097729,0.0073483863672127656
27331936,0.00237205401316827,0.005370907490960776,0.004933805650922833,0.0018533713831512127,0.0033656770581797406,0.8581946890543857,0.07825472591185467,0.008474208406732622,0.03718056103064431
27332145,0.0011312213093901994,0.007892152367584181,0.0020447072041410446,0.0018665904006419996,0.002905670679269569,0.9053554186448931,0.05760280502796199,0.008472389220968622,0.012729045145149241
27332389,0.002616847343313228,0.008342911441634359,0.003705927186802934,0.0027404666695702816,0.00604609290945281,0.5536209033281008,0.39162171776808463,0.016541543450371374,0.014763589902669618
27332497,0.004040580447244263,0.012512436787180581,0.012084164523647753,0.005994188251559966,0.009246881354872243,0.7854999086774392,0.02123029497551243,0.024871513491105432,0.12452003149143817
27332504,0.0015480449015442493,0.011246960163677646,0.0039069894065279324,0.004115674403750676,0.005566291246905645,0.904955768521667,0.016398373498354015,0.015038189823805082,0.037223708033767816
27332769,0.006129454006921594,0.015411186075867122,0.027992939405909804,0.017780321777535076,0.04676855454678737,0.4945115564925703,0.01490689334876097,0.3153697560374855,0.061129338308162195
27332988,0.0056339405142563906,0.013230574123402878,0.011199865122666623,0.00911999181218525,0.01906837270796429,0.41569866224581653,0.014904501745486414,0.35038521785559595,0.16075887387262572
27333044,0.002481357639186327,0.024118635485864154,0.009744099336789979,0.005670541967868868,0.024999193284337543,0.7015801548284512,0.0528476661649273,0.15975397826198795,0.018804373030586692
27333961,0.0011960652082231545,0.009615157802887202,0.002714796915227405,0.0021192382550854908,0.0033167452108889954,0.9324966680406912,0.02894140538373814,0.00942571650506475,0.010174206678193702
27334642,0.0014969931564226362,0.005609683561296702,0.004660911597210453,0.0015333411155934872,0.0015440104443641006,0.8178337409066354,0.1309888589294791,0.004004698851652057,0.032327761437346225
27335022,0.0073797365476971945,0.17536468771157007,0.03154612364928694,0.5070203041262117,0.18218786238632656,0.02928637884173214,0.005469083766869471,0.030354951744593867,0.031390871225712116
27335499,0.004392858844463136,0.03434050719826398,0.0033950724269955156,0.005674375041491458,0.019715361763707695,0.8946740898911216,0.00864475060962006,0.01664816631183417,0.012514817912502505
27335500,0.004184246052185439,0.028361786618370657,0.004529262020849122,0.00501411489866074,0.01935561373776646,0.897266233443202,0.015600063493695516,0.014751641272470684,0.01093703846279944
27335920,0.0009480514250216474,0.0053472512126952285,0.003197290648520297,0.001482443571911655,0.0016587976409040647,0.6681213438497822,0.25201674410366154,0.004645405705981293,0.06258267184152226
27335937,0.00204691937469749,0.00815677207413705,0.007035309595463015,0.003226778538115043,0.003204077072234666,0.8743947995547368,0.055687138771627544,0.011296730215763726,0.03495147480322481
27335972,0.0020624372571472365,0.005236159199255146,0.0033658176518971002,0.0022379250470013308,0.0022618577275572813,0.850751860916254,0.08384360216690026,0.006146847074206755,0.044093492959780926
27335985,0.002068250630542944,0.004844664457519241,0.0048451991554507405,0.0022003402805965654,0.002129965241607008,0.8663557797374992,0.028000359695305732,0.010065595814439247,0.07948984498703926
27336264,0.002487647449086939,0.008404867118633665,0.003561006136326665,0.0037746705287701136,0.011752814381673823,0.9119544900498373,0.022860552723986186,0.013921857014692682,0.02128209459699269
27336301,0.0033310333239420053,0.04129551198537906,0.007114136018738421,0.006140072802854363,0.7130138260732873,0.030522619601720632,0.0037400648763122467,0.12892774977465402,0.06591498554311188
27336331,0.006029702503124219,0.010435069258688989,0.014157272463254954,0.0063131082792751165,0.5887917459583123,0.02650104634487845,0.004312314999410401,0.14387836774921825,0.19958137244383736
27336345,0.0014447669415641482,0.004249680334565306,0.004559953914246455,0.0015467106867443736,0.001526686898320772,0.5920882791692539,0.3532471221733495,0.003767911612219721,0.037568888269735735
27336370,0.0034707675884244724,0.010948159836413467,0.05057345122723245,0.01188761239005313,0.004150428168642494,0.63546506782181,0.016402064682985714,0.02130790603535378,0.2457945422490845
27336506,0.003917888131185988,0.006965944771812022,0.007255288619668419,0.0022713661529473067,0.004171232520186544,0.24919520384642516,0.6934020764488222,0.009684433065161292,0.02313656644379102
27336625,0.0015959930472778207,0.012265407356024556,0.008402775924084248,0.00469922104621992,0.005105908600884223,0.8386446990728138,0.07117810223885114,0.02027702510467018,0.03783086760917411
27336709,0.004607195697775876,0.028807456563391218,0.004429836958760538,0.007040339430062555,0.025511796242623005,0.8852758127666047,0.0154216534764572,0.01753396688606172,0.011371941978263174
27336822,0.005035613047693005,0.033597389695701696,0.008105817892594482,0.006745855860191558,0.7210506144639461,0.03056052539515375,0.005307479371012861,0.14747947604975076,0.04211722822395572
27336898,0.0035720881230466295,0.0035997280774089477,0.003543468044982425,0.0014687488228833675,0.002452452392965251,0.05406742155187874,0.9106712217905504,0.0056703308442224145,0.014954540352061856
27337000,0.0037952605077286165,0.07181799671210772,0.007084555174799306,0.0074336774231964445,0.7422745426070557,0.027155877546518076,0.003823169441522087,0.10338586674702115,0.03322905384005083
27337095,0.0041268558935108795,0.04338854485567027,0.013389333491423933,0.01148327610412795,0.026504752207253564,0.8245793850577263,0.016808986403320954,0.020640766053803838,0.03907809993316217
27337441,0.010110972881369317,0.026104122894300082,0.006500691442575592,0.006679843881777785,0.02213930325699035,0.8471964579783823,0.016302840503388514,0.025507508770166866,0.0394582583910492
27338015,0.5266019610099185,0.009870867709558584,0.008333671515396506,0.00738130055296942,0.010953707407623487,0.3312836444314007,0.010011171285978669,0.035475440679137625,0.06008823540801646
27338261,0.0015933817575414328,0.006000317732749488,0.0023371088474655123,0.0033166927792284604,0.002691751913956508,0.9185571585537118,0.029628197121435995,0.006402733391644103,0.029472657902266865
27338374,0.002370140117890169,0.0014896458240644596,0.0020200207000649626,0.0010526016198792714,0.0010135226559321445,0.008024855663821029,0.9638585032338771,0.002095484369540862,0.018075225814930283
27338487,0.004339123767378149,0.024346475670865557,0.004605430291673579,0.005601899206447332,0.021668907356985886,0.8905101239219433,0.024085869195295557,0.015073547325977469,0.009768623263433196
27338573,0.004758997405273538,0.004978657449567765,0.004231751714502455,0.003225837149831099,0.003670692567434902,0.8895566497655633,0.026096209279571556,0.01626721445797845,0.04721399021027696
27338627,0.003631675941209322,0.005708681315524141,0.0030180769805328166,0.0031082655680466013,0.004004857984900611,0.9000541891525748,0.037251365340814,0.013490175652543216,0.029732712063854454
27338828,0.004145277992088074,0.0024834544100800202,0.004470491110687748,0.0016075140820114128,0.001556221570447097,0.012190828459207258,0.7771968864514992,0.00401723018883747,0.19233209573514165
27338955,0.0011821138221845588,0.005692071400687664,0.0036188937913872224,0.001753363125395756,0.0016558796638441243,0.8946114763117736,0.06805734994958523,0.003588602619758041,0.019840249315383866
27339257,0.0029824770185488997,0.0014854592152589983,0.0018279443038316898,0.0010041221825836423,0.0010538305971864329,0.010798438291629546,0.9522736983852274,0.002527466953998878,0.026046563051734497
27339480,0.00152133164825509,0.004819890479033204,0.0034230001641277386,0.001659135428883321,0.0020953609621877107,0.6254282255166179,0.341014036812154,0.007325571912187329,0.012713447076553686
27339989,0.002434469804577592,0.0036778961039660974,0.002269939218092651,0.0019505950353842778,0.0017261473996777496,0.11511563042289255,0.8413304077448355,0.003498772260473997,0.027996142010099666
27340997,0.0017175659688721235,0.007695858943236784,0.0035362124036605143,0.002000313776775411,0.003121862833911172,0.8192663932322766,0.1452618321788468,0.007912922332036675,0.00948703833038376
27341248,0.0017726715777837002,0.0070376138507110345,0.008798874735476787,0.002850653317709358,0.0019822879286904784,0.4293306464298927,0.214767874850484,0.004295522824269997,0.3291638544849819
27341296,0.005495704979102645,0.02831671641910753,0.0042368300264847,0.007103780576432916,0.03490659509893611,0.8733420070683627,0.016345421257660052,0.017041080457272536,0.013211864116640826
27341878,0.005311196510040634,0.06836202161595001,0.006426305235325756,0.1781370692846918,0.4011785385760621,0.1452808840250987,0.005429817414961025,0.14287149408952451,0.047002673248345436
27342302,0.0009383222104850276,0.007489993346863189,0.0022370321543263654,0.001580128933696194,0.001784422718242594,0.7848057243003288,0.1813732907946173,0.005347223343239719,0.014443862198200695
27342483,0.0011482878870166472,0.006642318993351424,0.003156665726758513,0.001448919040175506,0.0018629254860063724,0.6866542506726453,0.2649987928652754,0.0040521025910992626,0.03003573673767163
27342678,0.0015073310478965127,0.007169464317666553,0.005051366616061311,0.002024396116269042,0.0018269569679183661,0.8676253950049357,0.06253186046237123,0.005676351930334278,0.04658687753654686
27342880,0.0012406914634688795,0.006650251331170337,0.002204924197187539,0.0018568696678905848,0.003244172181718962,0.9101973448587859,0.05645802274920857,0.008341319388240688,0.009806404162328551
27342921,0.0026314999529963305,0.005050670810611019,0.005230971088687881,0.002349961063552148,0.00197869902473152,0.040117738471836514,0.22788399116547547,0.005840904791411225,0.708915563630698
27343006,0.0013910356296168945,0.010137281137869566,0.003899446538537481,0.0025518025699306605,0.004411828507677075,0.9225283681290626,0.03351781938136073,0.01085134574230134,0.010711072363643765
27343023,0.0025434510218000205,0.007060868034046654,0.010193565431042566,0.005997055395305304,0.002496500450024286,0.5519597306483895,0.15223053070976922,0.007280323641808984,0.2602379746678134
27343037,0.001080758820332535,0.008434545026802855,0.002712102982912082,0.0017669382616515865,0.0029063802929156285,0.9381320800929388,0.028361009762128058,0.007978489088970038,0.008627695671348565
27343163,0.0012641695127106525,0.006725515025306951,0.0038073961893495918,0.0018468763956698386,0.0019498997265823968,0.8982365344031142,0.05962465098599065,0.005096430466003181,0.021448527295272597
27343271,0.0015631361891846082,0.028070701891819535,0.010301924047727227,0.00688941387922649,0.004215780161573282,0.861685578262775,0.023558137674826084,0.012432865282629936,0.05128246261023785
27343273,0.0014545091462926233,0.01030921768408484,0.003702863806335953,0.003385357923853442,0.002999319354845255,0.8914759087191715,0.024353632578015524,0.006988268806265564,0.05533092198113531
27343350,0.004813182163247523,0.05038032675357488,0.007075048419249571,0.021797996216562504,0.033269397684842536,0.8064944982001667,0.006474831195773276,0.02281742683953754,0.04687729252704558
27343416,0.004471953016623111,0.02270487463200712,0.00532673218800062,0.004731970959875372,0.01269850354977159,0.9075330252246444,0.019446523236609798,0.011925729594828354,0.011160687597639694
27343473,0.0019059622960957492,0.0015942043364578552,0.0020297703982892854,0.0010233134916810083,0.0009829924593922107,0.010015603342052565,0.9510404574341277,0.002066463295143236,0.02934123294676053
27343813,0.0018153175487279204,0.017104015912389282,0.008001310866514759,0.005260129722694196,0.003911572091984472,0.3878773971580689,0.019171817778138017,0.00947590267003613,0.5473825362514463
27344088,0.0015150776694335833,0.013585383687880469,0.007836646535655812,0.0030305843105962174,0.00588249277406151,0.9019594028476503,0.0319113815346908,0.014591715506332667,0.01968731513369862
27344466,0.000933099705864343,0.005510388931632152,0.001891612478183882,0.0014865522393845514,0.0020445316552565296,0.9440699098790915,0.03271070098894332,0.005161399024635071,0.006191805097008818
27344470,0.003046940256219161,0.008286431195619167,0.006916228055135659,0.0025569651147445,0.005623860894183965,0.3224128596444681,0.5845943151328822,0.04378231613728107,0.02278008356946628
27344606,0.0011789529964668,0.0120756360739548,0.004592377518628907,0.002379893913055788,0.004776745312878498,0.9201121097713808,0.030405177192583854,0.012157984765599629,0.012321122455450773
27344607,0.0036168636413704404,0.0052279717079091485,0.005141753585214182,0.0028815689266266115,0.008535268103840189,0.8764828190541742,0.0338497081285588,0.011139875460277044,0.05312417139202926
27344727,0.0007746483838656642,0.006067256241759211,0.001661588000561162,0.0013624081836365513,0.0018859160188054672,0.9535455844364984,0.016991836873500213,0.004939689462787842,0.01277107239858547
27344831,0.0010678433722379765,0.011916603383167836,0.0031845302027752875,0.0019535117894267837,0.0036584223067194933,0.9369935483631529,0.02205793044630156,0.010188004535632225,0.00897960560058587
27344892,0.007554707805083768,0.04823015587476376,0.03651871363314624,0.02093333566741421,0.2142960656655851,0.29406786805039037,0.011216626971842399,0.053684823118133364,0.3134977032136409
27344953,0.0018405475970505172,0.021634278300790833,0.004642512311289805,0.0035531218378496276,0.007509019624960242,0.7137411698116226,0.07414908776144,0.061252967235069525,0.11167729551992674
27345000,0.004445047627646797,0.004368495271953778,0.005666634284516292,0.003358173987562646,0.007590656646613761,0.8376327987939662,0.01468327549730664,0.027688114187020593,0.09456680370341326
27345126,0.025595830090969735,0.006051553351639717,0.010558122585569102,0.005116065901659115,0.03276431175776556,0.5968530017112798,0.007948123343556351,0.03855271532848005,0.2765602759290806
27345197,0.00470749482243922,0.005655206811549413,0.004076408146970558,0.004334996914528222,0.01686023567666529,0.882467862875782,0.007063792108494431,0.025661099844932228,0.049172902798638514
27345260,0.003985925963040466,0.0048991094556435095,0.00318698516821198,0.004527674302764302,0.009679593174479624,0.9034650478195579,0.010641135591517909,0.021523658157778465,0.03809087036700582
27345358,0.0030777815302875508,0.0418174755236868,0.0050736147310105695,0.013347731431092694,0.06980560841275901,0.823367440662636,0.009683198152840126,0.023496103056393325,0.010331046499293946
27345381,0.0011746889766439618,0.010688638553200954,0.008435316057911205,0.0033555011533238795,0.0033494934660580357,0.6470513833730702,0.03456669211640742,0.010207625579268999,0.28117066072411534
27345424,0.00392960997068267,0.04633800914439853,0.008945090339739729,0.008862589552522395,0.1380877480152266,0.7350505944942467,0.01213706468257309,0.03388359512574253,0.012765698674867753
27345483,0.005289862961396732,0.004149833974374077,0.003585107019935333,0.004154882967556283,0.009881313305650664,0.8522195709696234,0.007896783184174656,0.04216788557355491,0.070654760043734
27345484,0.0014649764499402435,0.014355900964410091,0.011495452163401976,0.0038101944322749166,0.003985176163071167,0.7831298666797035,0.03914097306236492,0.00839882914408887,0.13421863094074432
27345491,0.004418244587386462,0.05225238076203853,0.005427140136994466,0.007603196293681125,0.43223942700034684,0.41523506359259943,0.01324527695572597,0.05748275194955882,0.012096518721668404
27345640,0.0034691018771722155,0.006556782956045787,0.003461564048318913,0.004532655722689357,0.014091833414418985,0.907544242908936,0.01142821501795166,0.020165983762533188,0.028749620291933932
27345805,0.0033468932270400513,0.016809358251477488,0.024134340679043426,0.008325000663307446,0.0098994067740032,0.8310001113976955,0.026508362614335444,0.02347491092045201,0.056501615472645456
27345892,0.002401986592554619,0.0182913447439263,0.016902345876285422,0.004836587209894779,0.008061453038100977,0.8539371986606983,0.02978257226811045,0.026212459261263244,0.039574052349165924
27345998,0.0010549004951334092,0.0055338608343254705,0.002455845840105954,0.0012407332891580366,0.0015679126204863583,0.8679346810602983,0.10176037570855086,0.004883540874212536,0.013568149277729168
27346019,0.002202920931525263,0.005283075750561075,0.006052849270089896,0.002034182379701622,0.002548827469990453,0.8676460561405512,0.07474503778477623,0.006289698780100996,0.03319735149270338
27346052,0.0009825552794922227,0.0124671158319068,0.0023425325831149357,0.0018929780375024554,0.004070105307498776,0.9423274439530156,0.01746664428546432,0.009167722327473645,0.00928290239453119
27346053,0.003642516609409819,0.04237619325727748,0.007340725807211475,0.006974010107020092,0.03826865925317206,0.8485086281428198,0.015557334266199372,0.02462766162826635,0.012704270928623486
27346187,0.008335088027869093,0.08572007908433177,0.010434796243615062,0.006103895312778556,0.06473653734048536,0.6096093066072514,0.1456827147991276,0.030761781226022286,0.03861580135851885
27346254,0.0009543692291146757,0.00513534416795543,0.0018242742767907985,0.0013370052502055558,0.001683315675219079,0.939504973160753,0.03513441380434781,0.005121775534470834,0.009304528901142814
27346306,0.002271989968297052,0.0048445771414440605,0.004606917458149171,0.0015954604142899712,0.0030304248218430445,0.17821433270027445,0.7875577040791468,0.005705771320728534,0.012172822095826919
27346333,0.0013369612220022614,0.005941265784365725,0.0024142472888219876,0.002797447691024146,0.003545293828802034,0.9343526775885316,0.021118667536308075,0.009999676856014423,0.01849376220412976
27346722,0.0007898260810307857,0.005966826549757974,0.0019421454446372096,0.0017748981829219413,0.0019030464895794868,0.9442803382325029,0.029768198933953202,0.0042797151055979,0.00929500498001867
27346845,0.0010142559403765244,0.005539140332722071,0.0027486804927880793,0.00124283450756775,0.001708198333925782,0.9007792615290737,0.06998476723729213,0.0038981029714963513,0.013084758654757642
27346846,0.003228999763183066,0.004739721167963686,0.004808148186434157,0.0017620764304388165,0.0031490543427414885,0.09080278422308294,0.8707253399492947,0.007526906397064863,0.01325696953979621
27346966,0.02457573360096909,0.009921983438917868,0.0072960714609575875,0.010120176486821252,0.00986089188523778,0.01421552190261565,0.003184822690406278,0.015418177361510976,0.9054066211725635
27346970,0.0009347120787619907,0.005832020229780641,0.0029037063400227186,0.0014279128302936706,0.0013801499838915169,0.8882981631821434,0.07139812031999886,0.0033326357705519153,0.024492579264555406
27347343,0.0037084150873107216,0.1825279672357033,0.19713439736632649,0.1356484426841429,0.012149893706860803,0.06840190141218402,0.03222585633463316,0.060978770877096675,0.3072243552957419
27347412,0.004209929421333845,0.005313647981646176,0.004485859783827801,0.0029650207480654135,0.0033417035838180027,0.051208052788854715,0.9025800737170766,0.007864727021852118,0.01803098495352542
27347654,0.001010630325734869,0.008640683243200324,0.004254163388326025,0.001998364934478312,0.0020363559030967967,0.8587515638010131,0.08566661408982963,0.004888764573853908,0.03275285974046708
27347921,0.0020146245708810013,0.005652138755225925,0.007584306002097744,0.0022612495242802723,0.0018061966759230195,0.08765177981465327,0.24507685079311398,0.004341209486700994,0.6436116443771238
27347964,0.0022920564870747995,0.005647012705532965,0.005867351207293425,0.002640864857846201,0.002448336121368118,0.8311833416119538,0.06492619869740315,0.005773473257088265,0.07922136505443918
27347976,0.002191639580791442,0.004576949089816804,0.0055988079618348695,0.002845494028481052,0.0021336719702306096,0.8217488793803924,0.0410704735477018,0.006146060565148874,0.11368802387560213
27348006,0.00223774996997021,0.00506418987792329,0.0036940574324760157,0.003055588662581793,0.0027344522925512285,0.8385393175666878,0.06087636376325197,0.0067000599928895245,0.0770982204416683
27348356,0.004107724312684579,0.0219619253283455,0.014479939225116948,0.006687970286123267,0.016192933191935398,0.6806950119072307,0.06743299842433742,0.04331506583394369,0.1451264314902825
27348373,0.0015484080892622324,0.007440878514364374,0.003104676770118455,0.00436966152279117,0.003086444441088609,0.9114625725271306,0.0209706261459963,0.007920279161279438,0.040096452827968705
27348398,0.0027821301425184353,0.004577394835119727,0.005144028022830538,0.0025703379241169056,0.0024479519054147582,0.822582722528704,0.059478174175065374,0.009086690704704518,0.09133056976152568
27348459,0.002748793171774084,0.006334356516836361,0.003965683973914586,0.005346112442868376,0.004624356236021395,0.8751414123475396,0.03672256373020162,0.01254408156791175,0.05257264001293213
27348597,0.001784645261678772,0.015273520701333296,0.011593366764170589,0.0036803229657880903,0.0074931951078312485,0.8806090208881074,0.03584298171903578,0.022875133206758658,0.020847813385296045
27348656,0.0013901669863068792,0.008132869530282243,0.0033076430177847948,0.0037751416518700415,0.00304388708342634,0.9094171203702286,0.021253002642184625,0.007218169712828498,0.0424619990050879
27348664,0.001142535915463217,0.005560867910642824,0.003048963295801649,0.0018143434260222623,0.0021496338970453137,0.8343773919017042,0.12542851544055814,0.005286052963113966,0.021191695249648427
27348803,0.00106591169277169,0.0059611879347796345,0.003079622751685933,0.0016130807958007636,0.0018227634762731607,0.8935851070427931,0.07153046171634511,0.003922121985342417,0.017419742604208203
27349041,0.001674027226873163,0.012114544132769115,0.005527000265890018,0.0025160045567947276,0.004480322489666756,0.8799829025878718,0.05950005315682443,0.01603395312497887,0.01817119245833117
27349119,0.0011782967991247738,0.00887176545328072,0.0031057938756022135,0.0018344381121425805,0.0021092627501021794,0.8747118826166188,0.08846052346062454,0.004301859092601156,0.015426177839903053
27349303,0.0010635396037875064,0.00780731478434554,0.002890352006673372,0.0023474629139919757,0.0021857058819837478,0.9063525893026019,0.052746032873729004,0.004974397901050117,0.019632604731836836
27349693,0.002116384602166833,0.010799592724938273,0.011861013825192255,0.004004893461640465,0.0027190444117940627,0.7315989732221526,0.0793645959099278,0.00729321276971356,0.1502422890724741
27349793,0.0014484453672304412,0.008121393311413852,0.006926623894291836,0.002683976708120951,0.0021779402942823105,0.24454631205361838,0.07325711579965848,0.004119948061116199,0.6567182445102675
27350040,0.001093980641033685,0.013579883221857941,0.003129511855402423,0.0038138528753018136,0.0037592315791845315,0.9173934275275469,0.015150593222229348,0.008657211107681261,0.03342230796976214
27350057,0.0014251589007745029,0.011078788560796703,0.004021231588411482,0.003639289310945816,0.0032538940508175405,0.9262546863992125,0.025578394486343956,0.007270951435707721,0.017477605266989785
27350203,0.0026091968906315132,0.0029860809324663696,0.004511229419432095,0.0018946774374034609,0.001760064174137925,0.64138000366989,0.25965161893189737,0.004385780440872269,0.08082134810326908
27350557,0.0008652973203678688,0.011152120380034339,0.002093133783365235,0.0020020235248504274,0.0024651589296553083,0.9332689497534385,0.030464552737474664,0.004395307071325381,0.013293456499488206
27350594,0.0020313449530494853,0.029850833080824417,0.013180640115502308,0.005950500882746857,0.026046836609009524,0.6732935977020362,0.1613032094538862,0.05031239237013026,0.03803064483281478
27350743,0.0871062171705694,0.014740430231132255,0.012992027155410067,0.013984148523241587,0.6102403819862086,0.036971598656905885,0.003879159348261859,0.07373488315699872,0.1463511537712716
27350755,0.0010662300854552703,0.006039897128308191,0.0019329991710044553,0.0018224021332346313,0.002381999126645578,0.9245454394811838,0.04625244619568857,0.007021347319248768,0.008937239359230647
27350758,0.10660134723005575,0.015402917022675391,0.0100190052979618,0.043659105874352185,0.5612533351135824,0.05258039893664976,0.004685892426371883,0.09789065911509928,0.10790733898325147
27350768,0.058303669889950206,0.007252355149525959,0.009596322936535107,0.009530345879007317,0.19756476728383476,0.05189531298193847,0.003876326377278232,0.0955046829569037,0.5664762165450263
27350787,0.3232467379411552,0.016905948853876834,0.015513078024110751,0.09451225167819131,0.19614720210648462,0.04410943425159107,0.00468080006378046,0.1030189677967521,0.2018655792840577
27350810,0.07779197828076569,0.01060372622458659,0.03243394531740283,0.026131043408105587,0.07607243216648173,0.16694845599257435,0.0048399703010223285,0.1044471040490859,0.500731344259975
27350838,0.01133663469111194,0.018560809589037056,0.010437717217326864,0.009594804935844619,0.06835742698177961,0.3923355691781333,0.004530514874143405,0.07001178711536041,0.41483473541726285
27350847,0.023215920059882003,0.03321924552099052,0.011024370225488042,0.013492436702430702,0.27218715261943044,0.08529674826924705,0.004457913814461463,0.07498194271189107,0.48212427007617864
27350855,0.004770232156540233,0.042834098197617146,0.008620923697467385,0.007327348705196959,0.02563492165558282,0.8633658805707234,0.014541196852123843,0.015993128122672888,0.016912270042075312
27350865,0.0011549565147713663,0.006491799426996498,0.0028040000541860546,0.0015341801311811913,0.0018838571152844001,0.8972486629017853,0.0714191254836937,0.003994952908645987,0.013468465463455509
27350872,0.02415703747264985,0.007277407866485046,0.01936752467889265,0.015789063175669374,0.06250413130081205,0.2032111653303179,0.004436343365616007,0.10340637193163525,0.5598509548779219
27350878,0.0010470911237080353,0.007314264287797635,0.004054244632872933,0.0016328913259046373,0.002185113221669969,0.8077464711111793,0.15065229555355455,0.006547700254434538,0.018819928488878448
27350891,0.008497272462801719,0.05168740242230272,0.045807250638400285,0.05974153738449112,0.20200136572150712,0.2369524487523779,0.005952363156304276,0.05902505947854852,0.33033529998326633
27350928,0.16109106096190678,0.031355357763065944,0.011447518172797445,0.028356069370350588,0.19798513867814294,0.08020771356128795,0.004960130835870681,0.14895677064187485,0.33564024001470283
27350986,0.008061488133856001,0.0093000515319409,0.04164819931716268,0.02315018985433146,0.08523016883077478,0.0915467890448283,0.004513608092195804,0.08278623520602237,0.6537632699888877
27350987,0.033986917094771474,0.023445645981683808,0.01358508381930719,0.028531789550492424,0.3979018824395078,0.13999192868981913,0.0045983096235053455,0.10094438043211891,0.2570140623687939
27350993,0.1873700792213207,0.012538139323223106,0.01157327692318052,0.016888485256039525,0.154992266245285,0.05982226807101529,0.003769290991007943,0.09040680655963147,0.46263938740929644
27350996,0.06816959652881367,0.027075653014230948,0.013744861917158083,0.03706192439932102,0.26475171856895513,0.08967359450289838,0.005033966375720178,0.11482760178479623,0.3796610829081063
27351001,0.0012414246654440105,0.004183667526337567,0.0023465522709770516,0.0012503936754645,0.0016483248438503113,0.8683717379565403,0.1022224143575061,0.0036255283569446564,0.015109956346935365
27351003,0.06187306648983872,0.061078785153528894,0.010792409715499798,0.028857920518293452,0.4218018056578088,0.06814950047236892,0.0048576441499774,0.12730524998537626,0.2152836178573077
27351032,0.07298425168936448,0.003845365521842175,0.006260691125727749,0.006049650982235743,0.024082565679670823,0.17742192492034942,0.0033936451634017924,0.13861706249230654,0.5673448424251013
27351086,0.0013629570482563522,0.0081867931378527,0.0026765665865753608,0.0020313560960157715,0.0034883806343404132,0.9375135262221808,0.025663155114715706,0.008760402053152047,0.01031686310691091
27351124,0.07672843027596221,0.04505797817308526,0.007293910834954958,0.019756021832072583,0.3078444514624832,0.058247804920755084,0.0048367650451778795,0.2638161948551884,0.21641844260032042
27351169,0.12119661686488563,0.027523123966339873,0.007253048697278176,0.017313949885691893,0.22384440480365653,0.05249123521433761,0.0057976102177154714,0.34206616971708775,0.2025138406330071
27351230,0.0042407185812017275,0.025829306020851258,0.008480619801936122,0.028676160067381405,0.5628677516884038,0.08012818672897823,0.005413507613214674,0.09977569822732266,0.18458805127071015
27351231,0.0029311526324790975,0.00591104368210587,0.003423275210279574,0.002372568748744612,0.003886986947562282,0.9009156338771143,0.04301572662101115,0.013369882480235169,0.024173729800468086
27351249,0.001276946072189163,0.006097598386942435,0.006200632656325254,0.002172713998388131,0.0018986112217851637,0.8806342193098822,0.05113253449518508,0.004389876267191939,0.04619686759211064
27351764,0.0032432473363883077,0.0063122612799435,0.0033534329234494406,0.0027886632018911447,0.004289579600689568,0.5273304579698542,0.4059526812194989,0.013021730453678269,0.033707946014606555
27351811,0.004017346706385521,0.07952171696083457,0.01023296197919043,0.01929441840994401,0.3285029923589355,0.0878920067133835,0.007448265172745756,0.036059508943427805,0.42703078275515294
27351828,0.004901112485782816,0.022231790462312426,0.0043754340225144244,0.00586264547178488,0.017925940157304726,0.900596551541514,0.020056384645981546,0.014749078778870942,0.009301062433934344
27352074,0.0019287779639156487,0.007749781847024799,0.00916847080005353,0.003996741976014089,0.0018069293789944965,0.17251041005873333,0.031105989361921826,0.006550129458657646,0.7651827691546846
27352253,0.007580079286023359,0.0032495266659791537,0.00367039297907899,0.001597289499571114,0.002155048566970837,0.1310076546928062,0.6806484652638942,0.005225379913767786,0.1648661631319084
27352389,0.0023096397543856196,0.00791708017032599,0.006320112697678622,0.009017396350728726,0.003831723312661414,0.8511313167181861,0.01651173741299331,0.013975808465392257,0.08898518511764796
27352590,0.0012622541780308695,0.012615905116974422,0.003207377552768534,0.0027501449930001885,0.002595971495553699,0.8866878114339508,0.04110472821115894,0.004799189438293977,0.04497661758026855
27352645,0.0012260936445347614,0.0070186602304610855,0.002337183602943289,0.0019246637536872592,0.0020735715163620635,0.8438723622095172,0.12147154750293288,0.004488085834175948,0.015587831705385354
27352657,0.00410766798212546,0.006230536491457355,0.0034581158943382422,0.00617924226476169,0.012257126015979185,0.8941676438074677,0.009626284607895368,0.02883192338067784,0.03514145955529712
27352709,0.01487743377334556,0.02563538478183665,0.009521097520691763,0.008481941151671012,0.014202902837181477,0.6679185855699004,0.03226990550580708,0.014917973149503697,0.21217477571006238
27352883,0.0017354543644870167,0.004559693250085979,0.0030378013149148465,0.0016027446707794258,0.0020924418135157986,0.2394348652224249,0.7304535669635261,0.006432902434112869,0.01065052996615298
27352929,0.0013510722343945195,0.006823724749030847,0.006487164571668113,0.0024861185198492993,0.0020683583032505477,0.7561498711263579,0.09692560735575499,0.0059161826590927715,0.1217919004806011
27353024,0.0012103870057680998,0.00813340102160673,0.00378762476067557,0.0017224582233539667,0.001957702471336127,0.7397015123074417,0.1990332763639379,0.004482208811513203,0.039971429034366644
27353174,0.0012619667629014896,0.005786601000975261,0.002267225575329028,0.0021579868342599564,0.002144888541956689,0.9058907034586066,0.05903177598353545,0.006340376146518162,0.015118475695917519
27353325,0.0012138038733185278,0.005077523627123714,0.002038382125161232,0.0013027661009249122,0.0018901414414042278,0.7790173933592702,0.19083990101137177,0.006870348474139311,0.011749739987286057
27353511,0.002664154428527934,0.005405975514184748,0.004276939431628019,0.003081622513497029,0.003127559693282631,0.8302030811340109,0.06489902884844588,0.01010385267008849,0.07623778576633446
27353521,0.000898844837696447,0.004874711162779592,0.0018693391978168669,0.0011229727885086753,0.001543581210722628,0.9243975230249049,0.05260123598214539,0.003725439579302956,0.008966352216122716
27353696,0.0010067406159908713,0.0057842360590278415,0.0019160443481167635,0.0018893194985873407,0.0024254869464932394,0.9271539443365491,0.04284682378052915,0.006100865234615319,0.010876539180090367
27353737,0.001798317537558843,0.0040110898347608765,0.00228737895466079,0.001562598268094341,0.0018891055419398989,0.8841310071104758,0.06418755489486369,0.006998412662683729,0.03313453519496212
27354125,0.0011331726603633632,0.004978163452262261,0.0018709725013829207,0.0017294543565803823,0.002475097022000652,0.8790763037786287,0.09310086832225327,0.006175910381574132,0.009460057524954319
27354711,0.001131202464449539,0.0044433344041375335,0.0018323470894992327,0.0012719650280328476,0.0017595895453293693,0.9180396887893135,0.05598642629454042,0.004507614325673073,0.011027832059024493
27355082,0.03597987801680742,0.02130488980603942,0.014711586321667476,0.022621193413045908,0.35416773595785966,0.04471094728753143,0.004991707616881489,0.13023943911222924,0.3712726224679379
27355166,0.11281608853600575,0.0034971392678663916,0.0063789912019190835,0.006115526239805832,0.014271349087564705,0.1557298040688561,0.0040143450400570175,0.10400544669940534,0.5931713098585197
27355185,0.001407406525297488,0.025556631001289576,0.004922876535551966,0.0037204895632412197,0.010019040399048546,0.9107260205431926,0.01594093080789527,0.017448112596936266,0.010258492027547087
27355495,0.001571974632015456,0.02137417276889656,0.009974031449344521,0.003668161067562034,0.006653971410968304,0.8340120503592432,0.07026099175265066,0.024104959012787357,0.028379687546532015
27355503,0.0014205064195884872,0.01762630225385492,0.004791065480592595,0.0030754510434548325,0.006861318718805669,0.9285525317819623,0.013956760915157986,0.014521397394114802,0.009194665992468364
27355642,0.0034929321537678524,0.056085105100080246,0.02679196504688651,0.03818198117802895,0.11911542777905816,0.46976559171178495,0.015480257484748402,0.22981890956077142,0.04126782998487352
27355644,0.0010544747370803305,0.010343412232622475,0.004785477138674624,0.002939653505198448,0.002956307303126013,0.9091579704639196,0.04099669547510119,0.00858040058642762,0.019185608557849666
27355774,0.008469465372792239,0.013838978560435629,0.00931969269735571,0.07651878379633792,0.01856468556999661,0.018304462123535887,0.004210566819368128,0.01721050373875921,0.8335628613214188
27355776,0.036930517307198776,0.007620513744856796,0.00943059335851875,0.029776086095828627,0.013272434678407202,0.020693609727401405,0.0033775781974226572,0.017789513638361124,0.8611091532520045
27355820,0.010863828991971487,0.057506448241816686,0.011733272124078778,0.06405868809478213,0.03915118445660269,0.036535502100269,0.0058323581148095015,0.05436793308869697,0.7199507847869726
27355950,0.00334842777239105,0.013806627351019616,0.02097723523335964,0.021841686269938407,0.005706052762615231,0.022466470587914213,0.0067094177220837405,0.019730530644425218,0.8854135516562529
27356033,0.0015997469816377346,0.0062195972826167845,0.002443547333249679,0.003539753339402014,0.003721297683113791,0.9165617483746671,0.0349999599425697,0.0071279591774216534,0.023786389885321484
27357496,0.0017577745514613505,0.0162653076583462,0.014761736162493167,0.008102974774955531,0.0044627417899024005,0.8769622556459047,0.028727815890304712,0.011753052258121174,0.03720634126851088
27357719,0.00201147649345288,0.004584692465104318,0.004822762162039363,0.0021038988801372685,0.0017410217256074517,0.10732745468817248,0.7902202406845642,0.004202753915906206,0.08298569898501593
27358020,0.0020401034497390985,0.019235798795121335,0.011833234759326015,0.00350391466976589,0.009185710242415495,0.7137124281100145,0.029358869253207704,0.02126604580786763,0.18986389491254244
27358802,0.004361858957545622,0.007361181851518701,0.010898203195548151,0.012876708938436697,0.019729198102353317,0.01710050958774892,0.0033369781085132383,0.03362693821836169,0.8907084230399736
27359760,0.0025593816982440363,0.010875385455838596,0.004821112682470987,0.0025938499965391026,0.004181568765985893,0.6487261120428982,0.2942872791970841,0.017557561994789132,0.014397748166149959
27360515,0.0010716334772093883,0.0064615106519665235,0.0019528277846487766,0.00161421790391656,0.0019608970194277963,0.9112232895833777,0.059871938960568756,0.005420532886592654,0.010423151732291708
27360764,0.0008286809818006867,0.008770981207620461,0.002492810417560252,0.0020629798285892124,0.003470376080801053,0.9549545482461488,0.010528555366687047,0.008982317214229605,0.007908750656562923
27361157,0.026677261206726647,0.017482037495076624,0.011497589220342086,0.041795733568909886,0.014676318694201737,0.09804687824623161,0.00425009371741381,0.037659872897187155,0.7479142149539104
27361357,0.004198854316448926,0.03995779082893491,0.004974555710360704,0.008407632823558123,0.044288772731413,0.8501711936101564,0.011805335899583849,0.022370808386074813,0.013825055693469385
27361482,0.003090342623850667,0.012464626898028597,0.009658369480877636,0.005584685518562798,0.008237920899450262,0.8926359350857793,0.03144127024684746,0.02045271405998328,0.016434135186619972
27361590,0.0016006620752329426,0.00512298943094141,0.0060137555692199455,0.002977319284812776,0.0016600256596292695,0.15107230033991226,0.02971949617118182,0.005559934657406362,0.7962735168116631
27361810,0.001139347374700633,0.010947717919237853,0.003188589633306343,0.0017899630405938621,0.0018862238449456371,0.8094133130565537,0.1254525829681124,0.0032329730903625114,0.04294928907218697
27361941,0.0011660240428206523,0.010044422739421594,0.003607239147387892,0.001966021055231987,0.0019642604321236665,0.7479538383405167,0.16295615747105763,0.00350587030738817,0.06683616646405179
27362201,0.001077868850236174,0.011717286708607647,0.002405813137165435,0.0015290931307551038,0.001979693229168943,0.8688804264021985,0.08866728413319182,0.0036299062255238956,0.02011262818315238
27362875,0.0012154492843099204,0.011105377816878054,0.002633684278845428,0.0016161660845765155,0.003112840718137029,0.8191978605463124,0.14176808316672013,0.009078616997449886,0.01027192110677068
27362965,0.005945873538811473,0.025239151762088,0.015113923188753677,0.009732817860331372,0.011001541285794062,0.2935109355589124,0.02302585247165948,0.014851791801254488,0.601578112532395
27363017,0.003122606984220789,0.007529397389173769,0.0036459341205557693,0.0035764567113162854,0.011429450633195525,0.9214605318555853,0.01860003749417594,0.013902277002260047,0.016733307809516387
27363023,0.0036147330226977514,0.006303804993601201,0.0036209924734049307,0.004026202925775604,0.012438616909168618,0.9138100534092664,0.012193816354212059,0.01970809157113847,0.024283688340735046
27363377,0.0015675710999649292,0.005860853374513158,0.0034406901405709196,0.0016370914836141258,0.0024858794459051573,0.6776622046250045,0.28655936470002086,0.0077824096505862235,0.013003935479820131
27363492,0.002956940354489092,0.03323310221255719,0.004368391624617279,0.004895960405456635,0.02006074807680543,0.894600828155192,0.015690031048580765,0.013326467164000752,0.010867530958300899
27363680,0.001248231979876723,0.0063988271541832115,0.0029649089672594913,0.0015954870099776288,0.002116088513178963,0.6910137340544187,0.2692227560319658,0.0061137896440150155,0.019326176645124513
27363791,0.0018546124670545065,0.004886088855322556,0.002508015880761649,0.0015185536462357125,0.0024438160805119557,0.3548099437597143,0.6165194667279741,0.0068334445172277365,0.00862605806519749
27363835,0.003816734597291758,0.04331191546070107,0.00633358053165747,0.007279150694966446,0.02537596864303715,0.8771012898047734,0.00957385412456014,0.017747093394769577,0.009460412748243004
27363903,0.00150401990132188,0.005003443297903925,0.002371672234879852,0.0013468974061419255,0.0018524394346479834,0.6331542157713858,0.34171320442250513,0.0047568648727975464,0.008297242658416006
27363991,0.002076164163501724,0.005736312448932539,0.005030849055710771,0.0021892692705476418,0.0026115889896165035,0.750102819601494,0.19807656331631524,0.011584869794223985,0.022591563359657563
27364347,0.0008385649306989971,0.00728619656598771,0.0023621812697876823,0.0017814764102188996,0.002608983398918237,0.9552491231260591,0.014544202942963083,0.007364884579916477,0.007964386775449748
27364537,0.000993314256819083,0.0066596337271992686,0.0021352617826408057,0.0019729212298064056,0.003274985050373402,0.9454138290229122,0.019181704217325193,0.00872599501540877,0.011642355697514853
27364819,0.002316784544687456,0.005055670806600049,0.002277926406503287,0.0023490873539524218,0.0032763762332549016,0.9258281424537682,0.03302046915592167,0.009433638420245615,0.01644190462506637
27365033,0.006975140673927436,0.11292367971825515,0.008976932846921028,0.028860380436809514,0.7393497680587371,0.018439989724518525,0.004254312521366553,0.06207670567282163,0.018143090346643194
27365250,0.005183500355247463,0.0062116450136418845,0.004053868994787175,0.004042281779742424,0.011113775217274899,0.9063046730951736,0.02131253223376459,0.018798712689174133,0.02297901062119378
27365552,0.007302723697798085,0.007533274252437278,0.004502332833935256,0.0051972298618166895,0.023606486695306694,0.8301580024639118,0.004831649844146612,0.07317470915592653,0.043693591194721076
27366111,0.0018819275812307725,0.0031431906994964826,0.002173021715621128,0.0011072868513446361,0.0016569935483223802,0.18954525675666126,0.7897348623192164,0.00438560618629732,0.00637185434180951
27366386,0.0023161480274283136,0.0066273280092924245,0.0064177896800416395,0.002771514108304143,0.00211411997274563,0.0948359105232586,0.36684944333632197,0.004920919423881142,0.5131468269187262
27366507,0.003067200678739727,0.007329751831311362,0.0049739112102107665,0.0027097491822124253,0.0032706997742929156,0.8713759811953832,0.06196035697995763,0.012974191849571716,0.03233815729832023
27366966,0.14176392730305254,0.004965001643299393,0.009386526430058925,0.006334781052217476,0.030691797798529007,0.2871565529659768,0.0050830017943867345,0.09074380382938001,0.42387460718309916
27367127,0.0019083105653685316,0.02045820482542819,0.014396889190317093,0.006127280179453265,0.010329467172611335,0.862845590951853,0.031986218889679216,0.026733006553191645,0.025215031672097796
27367178,0.016795147226606476,0.004818138739088215,0.006142504250767699,0.004147456776597138,0.023321945526777688,0.810353537622976,0.006758824886760873,0.05467684064680949,0.07298560432361645
27367188,0.008110971607868151,0.03248041960718338,0.016311676293164375,0.01268551842459551,0.01794573029470437,0.8161179528739231,0.010278470337511097,0.03799187409597386,0.04807738646507616
27367228,0.0024595991782663342,0.006220449719312232,0.0030236479046133924,0.0028050748075845538,0.010091332565231882,0.9266215377902718,0.01373654849343667,0.011432442372056734,0.023609367169226358
27367284,0.018863743055075217,0.00408436517119334,0.005619061131880529,0.005260327445401826,0.01943730469576015,0.36263703423878535,0.0037012163031581715,0.13992654894659184,0.44047039901215357
27367352,0.005951789273804196,0.008008002185391395,0.0076070490117531924,0.007146811461392089,0.03195404380127062,0.7987488323132239,0.004961525471277564,0.05747423240621925,0.07814771407566783
27367406,0.006595896413198479,0.0073131161935179505,0.004504798845469443,0.004868892885758078,0.019760496711395157,0.8513863116138534,0.008706614789987585,0.05028143884123099,0.04658243370558904
27367412,0.0021519353896183,0.0036069566123318195,0.0057606525391400145,0.002075513182318142,0.0015373425115845483,0.04903115926087713,0.19737575251427594,0.00419355248741619,0.7342671355024379
27367429,0.005231176909765074,0.008435061972712935,0.004682127272278718,0.010619653908051158,0.024226755783464674,0.7430073636197103,0.0065926339744853514,0.05862483747804418,0.1385803890814875
27367566,0.00500004140378709,0.07568861116488526,0.02313514643768106,0.02172555947001944,0.07122896319816646,0.2943728138182181,0.020945539142628138,0.025843500980154605,0.46205982438445986
27367614,0.009208343843880275,0.007641542948355833,0.005968002068880022,0.006871657815911314,0.09334928668117749,0.39678710738562045,0.005195349504027474,0.12914606414946472,0.3458326456026824
27367674,0.002692816461756389,0.007190616875844776,0.0033275960414393298,0.0031918680963751076,0.010869094860236534,0.9197404713475918,0.015011353407925162,0.013234432159125495,0.024741750749705426
27367750,0.002305350253775263,0.009856142975695282,0.004027364487032112,0.0030870341714259804,0.015142152642957218,0.912042961758377,0.014683885969933209,0.014616875246050575,0.024238232494753358
27368203,0.0037033571359771362,0.02094635756188442,0.004313481302439299,0.004570723928618979,0.013448985713828548,0.913848515336998,0.0193413793706581,0.01094410842810535,0.008883091221490164
27368824,0.0034360604607732333,0.006448770171763087,0.00369968657899712,0.0046865481977480805,0.011324665768229606,0.906999876176351,0.014272474879842944,0.014024475158434344,0.03510744260786049
27368825,0.0032647657038869736,0.005948274946559621,0.003448578331259322,0.0032895566500072177,0.00953051241886785,0.9194675166303412,0.013249926746400098,0.014632745905280237,0.02716812266739738
27368872,0.0019358732056091207,0.008842945053266401,0.007612537240115989,0.002297177675641801,0.0034832304074440554,0.8876638040744881,0.05836892877011402,0.007826906852120856,0.02196859672119961
27368884,0.0026835809838299317,0.007769765058184786,0.00393406939353657,0.0045204942384979305,0.009646541951653457,0.9084204469622151,0.02647676347994326,0.010682719568423356,0.02586561836371563
27369018,0.004326722570842288,0.008841542407521677,0.006346653037647326,0.008480124859386885,0.019763627126274875,0.8463074544963458,0.008599320278542004,0.020909729800960775,0.07642482542247835
27369072,0.0052677345748640865,0.004898670360634872,0.0053340368139885115,0.006296755079542233,0.017301837053940186,0.8312074841517689,0.00661766198921597,0.01918619993101017,0.10388962004503507
27369084,0.003593556915967313,0.0032996526118981625,0.004399556284588287,0.003408118976477272,0.006712220396323127,0.3039039325845899,0.007830058833804264,0.008747738798449695,0.6581051645979019
27369294,0.01620914005620516,0.005459670935703233,0.007255548033855757,0.013615567537316034,0.02482076685966787,0.5508201335106168,0.005131443425176128,0.03934408602507834,0.33734364361638064
27369367,0.002578040339845578,0.004955245123607095,0.007158323873922564,0.003902547807497626,0.0030971000687878983,0.2901742282081592,0.026652600293822423,0.008660901512257776,0.6528210127721
27369384,0.0049539220653724335,0.004501563789788927,0.004201859463122641,0.005635411814779594,0.012875887206842417,0.8451919422024425,0.008085321177389608,0.021204430712633802,0.09334966156762801
27369473,0.004655535635845521,0.004827855097617886,0.003550487948144232,0.005338996545773034,0.012259396224836919,0.8592813117220949,0.009129444084580517,0.016204322780742256,0.08475264996036472
27369484,0.0024781823547259905,0.011245423295221707,0.0031224754179187946,0.00458517800441507,0.01271582869202925,0.9139749186919697,0.01750373881725194,0.008734741796300053,0.025639512930167453
27369510,0.012695790627306353,0.015348569666230097,0.007525221739697981,0.011332031751405507,0.012375277632874564,0.84437481352643,0.011049607448683491,0.022414763000144892,0.06288392460722708
27369542,0.003142228197952402,0.00910796753570388,0.004429028472119592,0.008424292250862706,0.00461263197210908,0.8808019964601064,0.020890785431372644,0.011750661564626817,0.05684040811514655
27369740,0.0035011553167910684,0.007351481240418727,0.003927713800188876,0.007076085190207992,0.005592412976196127,0.87575967956061,0.023277010118932934,0.012111053140150853,0.06140340865650347
27369907,0.005016525231345869,0.005071176697189605,0.004031832505488438,0.005876416354632429,0.01387247712667482,0.853441395859881,0.006727347441569883,0.016735487283906773,0.08922734149931123
27369950,0.0016896971225904024,0.005158414888209634,0.0026251512004303386,0.0020756934732899085,0.0023091500476592895,0.9091222558712844,0.03692072964324852,0.007443853541996886,0.032655054211290536
27370005,0.019220623952341302,0.014524556014893122,0.0064825315529017415,0.006267473789422154,0.009302042169461129,0.8649659730676753,0.020944773589010545,0.017359102601965513,0.04093292326232914
27370052,0.0014630110788030936,0.004698787489324652,0.0034521387567869283,0.0018362663082031484,0.002052371242154502,0.8988249744916068,0.053805378112853346,0.006780850299732868,0.027086222220534625
27370070,0.0019474403668144978,0.005705240013078371,0.005302611504416235,0.0028932459552578004,0.002562583963163985,0.8588434226149333,0.04854932052674759,0.008622966155143595,0.06557316890044454
27370308,0.001217627178973784,0.008312175228843702,0.003085648588549586,0.0035789297539384865,0.003334361334238612,0.9162302463857896,0.028875169856236196,0.005494449173564435,0.02987139249986561
27370697,0.0016843643590787026,0.006235496950385213,0.004037868186527976,0.0017618250399309297,0.001901914067785287,0.5159535084552914,0.3546841587338272,0.005423519149628062,0.10831734505754524
27370787,0.002382044907756868,0.0033193190026900386,0.0023385007329155562,0.0012991240775611136,0.0017896726738489788,0.22045426036255675,0.7445913344551851,0.005258684038373878,0.018567059749111697
27370965,0.0027082747859645405,0.003868592556276155,0.003652549458179259,0.001327672600366736,0.0019109194307500722,0.24657406404508864,0.7129540061951085,0.006017474636166022,0.020986446292100062
27371182,0.0012505593404819816,0.004793112125961343,0.00352020203872668,0.0016698187413151523,0.0016008068783569655,0.8622898435572515,0.06699756511668815,0.003623232979312422,0.0542548592219058
27371273,0.0013454732728885002,0.0065507748911398985,0.002759256592733147,0.0016010203884356507,0.0019069069563268422,0.8597053362021607,0.08567981179178198,0.005846920994944857,0.0346044989095884
27371457,0.0010982198378939327,0.007647179963018353,0.004108050760330464,0.001824867414351162,0.001621658756644808,0.8366155680244105,0.08122784798345209,0.003822503082336713,0.062034104177562124
27371771,0.0031148173118533008,0.006584970799845922,0.006808998564712359,0.0046399833440232095,0.009511727811970442,0.8244576600337203,0.01071569612213422,0.011250464059555723,0.12291568195218448
27371882,0.0020461057167074923,0.010572886704637529,0.0043949170821174525,0.0022712932654680227,0.002778137819911641,0.19292647687202769,0.553879830225037,0.007241717016213331,0.22388863529787995
27372009,0.0036854591935735477,0.012327350306514707,0.012992566478177774,0.007596696872897198,0.0032363254597433653,0.07070418605498403,0.010574607046667187,0.012912245708407117,0.8659705628790351
27372036,0.0033212037259983903,0.007893585714479316,0.00343017009094504,0.0058672376946429725,0.013225417405045653,0.8931354454533482,0.011762631085910207,0.01268089120871285,0.04868341762091743
27372357,0.005875165736182298,0.021192324148401068,0.005968545807651332,0.006574633101653894,0.013575814094028174,0.8695905358059021,0.03375845709102175,0.013885408656061382,0.02957911555909804
27372387,0.0038678381050111363,0.008553006014850087,0.003844563023080396,0.0038864995298266546,0.00985983762951894,0.910254921462679,0.02169058873042792,0.014657393978668705,0.023385351525937324
27372467,0.035436106154617536,0.015061227365768775,0.010180139102999843,0.011526279774025516,0.007537523327884254,0.08825497647603013,0.014347423053263328,0.019240049742795105,0.7984162750026154
27372709,0.026821174158715363,0.012916686760430347,0.011068287157159733,0.010405238307420761,0.007728036577726536,0.39871466820243756,0.01869344556878989,0.024792767387424607,0.4888596958798952
27372849,0.0012695040035206686,0.0071965064501265715,0.002539596865787221,0.0014336851218521116,0.0022799710341278494,0.936492732973013,0.027692486308799894,0.005657417932373421,0.015438099310399155
27372878,0.002678330574757864,0.006095861741271046,0.0061960802567313416,0.002387962698603681,0.0028362756100568424,0.8550679861208057,0.07680388402093591,0.006960257112457889,0.04097336186437968
27372953,0.004122637859622214,0.004911594606349884,0.00404486141364479,0.004816108401571529,0.008569406194429672,0.8114384961526329,0.007592430629933963,0.01943482337174565,0.13506964137006944
27372963,0.0011524838903445719,0.0047143378358777575,0.0019904440632380676,0.0013231849359399246,0.0016785008233856427,0.7909102254119521,0.1779120391082861,0.004869769796679119,0.015449014134296574
27373251,0.0010168502249485497,0.005722588510419941,0.0020095030694201937,0.0011212570606990602,0.0016810628887160984,0.9269998554147547,0.04740247548773344,0.004366772063426079,0.009679635279882012
27373586,0.003063617792994679,0.007247120451289983,0.0031418693025455375,0.0039527124540451675,0.008663148328404105,0.9108339375457846,0.017687541790073574,0.012772624444629236,0.032637427890233286
27374362,0.0011094920474917518,0.008603206433274028,0.002603444770316693,0.0020830960514194486,0.002314402849795826,0.9228505550896144,0.030641108433865805,0.0053877327340890405,0.024406961590133027
27374805,0.0025169920207059296,0.005593210587838596,0.006544547311187976,0.0026325249291418817,0.0018578071017071808,0.062128060414028796,0.040860374293876116,0.005416239510458039,0.8724502438310554
27375784,0.001957525856431233,0.006222493176627572,0.007709747778692244,0.002628201683112056,0.002919295569190854,0.3101839857808542,0.5573190291686616,0.009748299021628238,0.10131142196480195
27376400,0.0013123223065601448,0.018900141050338003,0.006579217275122637,0.004337200185172791,0.0038446069505620123,0.784526693170936,0.030161766698508813,0.006156535871587656,0.14418151649121194
27376981,0.009885989114558178,0.003855050003841391,0.00611683832021471,0.003739247088842326,0.003146121453414939,0.7325076439196603,0.027503047453552105,0.014828288225645506,0.19841777442027053
27377219,0.010603435472309795,0.018191352167715585,0.006038992157740506,0.01000383715250733,0.015649766136814708,0.8684621655627214,0.01164833523755076,0.02467801575876974,0.03472410035387012
27377360,0.0014934602306511287,0.004894453871961416,0.0022567521922448623,0.002404195052868712,0.0033442345261310525,0.9280151345171272,0.031568003555567874,0.007183789639424301,0.01883997641402343
27377477,0.00974971148477594,0.013868095484026373,0.0056408625560917525,0.007851694050634309,0.013023482214125784,0.8694208674527248,0.015329822977486007,0.016998558208448797,0.04811690557168627
27377812,0.0023756726813032687,0.006171256578204568,0.005205880308668759,0.0025922708020123717,0.0026086679179699447,0.8345090912091955,0.0591936360508872,0.005909899230319707,0.08143362522143874
27377895,0.004289931233688831,0.005509702093780243,0.0035470663463572426,0.002351435092211727,0.003783599865619601,0.2039908690257411,0.7445891684584018,0.011733072120362191,0.02020515576383735
27377938,0.001323277599286718,0.005211994615813688,0.0022183983136445334,0.0018741898169403956,0.002491683994514238,0.8373427427829325,0.12525658807197404,0.006171070132077726,0.018110054672815987
27377964,0.005548203953748061,0.06516967702942499,0.008552368237730151,0.012924939570567541,0.028862252509819563,0.7604541458965626,0.013860069649892061,0.015296659847305131,0.08933168330494981
27378135,0.0016723273553877482,0.005275619202411542,0.002815831404606406,0.0032631719501773696,0.0033333620855409535,0.8962089947469373,0.04027443461147499,0.00767731297295996,0.039478945670503675
27378200,0.004096569855079712,0.03444100638774323,0.005832214692358162,0.009967032140231544,0.40753709023075113,0.45471140947708455,0.009058101164502532,0.060425341211029576,0.013931234841219546
27378316,0.0010264048348601095,0.007706598752973568,0.0021055420224617466,0.0018094716117828518,0.0035405371689361687,0.9507185410956792,0.01255677528016879,0.009075561836636029,0.011460567396501453
27378420,0.0016470143144904053,0.0113087132782473,0.006388452061337577,0.006107935703725775,0.0035595676600125607,0.8500225289712762,0.03284613953532079,0.008046951580820012,0.08007269689476954
27378502,0.0037362806601555307,0.04558199871839534,0.008842797105468755,0.023442268549963927,0.7664056084254568,0.01968754952689803,0.005161464996087671,0.11647274449801476,0.0106692875195593
27378503,0.0011468304176708562,0.006299721981344437,0.0020655505975487646,0.0017390729221153285,0.0021144819736719517,0.9072114968878091,0.05847320761141859,0.004504457789384535,0.016445179819036516
27378642,0.004150723000596737,0.015680492244206874,0.03560769451214636,0.015157448495350051,0.006684665164752822,0.8298496958476032,0.022964073703599455,0.015691548503590294,0.05421365852815438
27378789,0.0060979288985531154,0.023114902129905336,0.006755577463765669,0.009764224704641555,0.016835147774779378,0.8782741023631782,0.012510668360498581,0.019755376087077295,0.026892072217600937
27378854,0.010703488884766656,0.020670856002006036,0.022407500816353117,0.024878834648227363,0.01231100059954054,0.8245703033789609,0.009315590388811194,0.028563233837102193,0.04657919144423213
27378974,0.0016089972287515438,0.007142860014704368,0.004529807089173124,0.0029986187158881116,0.0033626885731230516,0.9062961052450637,0.035468274026734456,0.007315730556357649,0.03127691855020405
27379077,0.007446760128863096,0.025309872155770855,0.006637199420486253,0.008377974446651493,0.015778871046819166,0.8767715249229024,0.013247192140344923,0.01900978519741232,0.027420820540749312
27379228,0.0060378390925816166,0.037396015033947495,0.01176554898812556,0.01270362103240103,0.02562896755315609,0.8500284695825551,0.01021478561081479,0.021980938248482226,0.02424381485793607
27379256,0.005596932877883026,0.09113465645331259,0.015256639112289326,0.02529232554280332,0.6562637210311425,0.028971634246588027,0.00577714906254777,0.10623440289366437,0.065472538779769
27379305,0.0011822557256069154,0.011174561547113023,0.002625220270547801,0.003221944917664916,0.003160694919081731,0.9018702645529146,0.048256733532565266,0.004697568725208708,0.023810755809297018
27379676,0.0016789710834177,0.012260287563640601,0.009792175825133751,0.00757279274846828,0.00401610542489713,0.7934179388229665,0.019792188261618115,0.012158986871771726,0.1393105533980862
27380172,0.003993063628717159,0.247386840511701,0.00913780760851839,0.025554030664419105,0.6006671510132839,0.07308842536475957,0.006305257563500546,0.022186234327078284,0.011681189318021895
27380754,0.00190898934036049,0.007759289575531941,0.003891497761366267,0.0020154078440524034,0.0036134435977830245,0.7913586312623921,0.15995426437535173,0.01248336849007882,0.017015107753083247
27381012,0.0031708382441367135,0.24473723964531957,0.024246825432038828,0.09905697076312085,0.04120448383046671,0.08605836576531739,0.012099965759214187,0.2360078096231781,0.2534175009372076
27381985,0.001851262076954318,0.00610388962842177,0.0030845978926594413,0.0017715852532277118,0.0025607197145140186,0.7580613662170101,0.2117267734107316,0.006797071570462098,0.0080427342360188
27382085,0.0014118079486231077,0.010740484459051222,0.003407411377408665,0.0020581491291401725,0.004082581776491709,0.922627973234985,0.03039078732673802,0.01350090421468812,0.01177990053287397
27382536,0.0007861146729718143,0.006835042157479125,0.0024760886674229828,0.0019332859960997733,0.002301254310065347,0.9577750915215355,0.01258847454149847,0.0058799158013624455,0.00942473233156464
27382956,0.0009049647831754709,0.007751785751103535,0.001574136807955702,0.0012194786806303726,0.002436345904762944,0.9534165212463239,0.020181922041205013,0.004960657185378351,0.007554187599464713
27382957,0.0020001647630653627,0.003112930002921265,0.0026591406515013532,0.0011978382967848976,0.0014574008318745475,0.12352958482459592,0.8480925107508915,0.0036282318830827033,0.014322197995282487
27383026,0.0015599306002946028,0.02059860835642688,0.0051184238378756495,0.0028220883933888163,0.004930349011625875,0.9230715059542928,0.014628757676349849,0.013646827331724126,0.013623508838021424
27383801,0.0031545262328861734,0.03718844238796018,0.005820688814516943,0.006591355631579506,0.03033898497731522,0.8794023005096352,0.011799061300764213,0.015859706823363927,0.009844933321978718
27383815,0.0015394425477340122,0.005765483081499362,0.006940182625132039,0.0019831585622571424,0.001498573615830215,0.03869774932661893,0.058158807851243326,0.004136638861609437,0.8812799635280755
27383952,0.0008511615768922149,0.008372958260564277,0.002625633392424835,0.0016861708191965915,0.0031393340484396435,0.9543509017494272,0.01389556345199218,0.007354211358851458,0.007724065342211575
27384062,0.00124051072019094,0.012258083719835371,0.0033753010029980114,0.0024640140646309265,0.005316459574241443,0.9311848142994033,0.020105989661410945,0.011288983685698957,0.012765843271590117
27384064,0.0022073771528625615,0.009343640698866316,0.011387529113468508,0.00990169515424241,0.002882314731588561,0.019767927713013916,0.005205986277828716,0.013941976902872981,0.9253615522552561
27384208,0.0008922407169645395,0.007357172744750773,0.00224734066304209,0.0015581887493940256,0.0028505699136479284,0.953342698906219,0.015387015376286178,0.007385831939752105,0.008978940989943309
27385310,0.0034859925690634945,0.07340913434732288,0.006511207977133378,0.02473823765613278,0.8393974260535078,0.018629280372514514,0.003555424945032181,0.022299702970423736,0.007973593108869395
27385431,0.003434916904627173,0.005590808717905699,0.004809148815283389,0.001971689964558158,0.0037578358891817514,0.32956347637930117,0.619871583752131,0.010021078240681183,0.020979461336330402
27386834,0.0011292806756277526,0.0069493376915964475,0.002687216727646388,0.0024963044936443693,0.0023476526228766105,0.8987276604364942,0.05205491703444966,0.0038191426257200628,0.029788487691944473
27386871,0.0017332718776198164,0.006740550856592112,0.0066679661120579185,0.002413773726795513,0.002108154517039856,0.8229027179668813,0.08030661463993002,0.00469991987298717,0.07242703043009623
27386953,0.0293635600366921,0.010004391608398373,0.00968342567902293,0.010973784433128474,0.00906152532092514,0.6334194075722577,0.025381101846101393,0.015435726421017702,0.25667707708245635
27387156,0.0022087486813945813,0.007579770607686913,0.006709456526742149,0.004345066050599709,0.0028753916575783352,0.8389618522020765,0.025172302629813643,0.007578322803497078,0.10456908884061104
27387223,0.0012481912213093652,0.009083709365402823,0.003276207884341667,0.00266100416586686,0.00272408520496598,0.8820152228303708,0.055478806424898275,0.004863437152768081,0.03864933575007622
27387235,0.0011724556880136597,0.006619287073612604,0.0026133267667050298,0.002279598949596719,0.0027440077040616693,0.9345911416984147,0.021746722393101176,0.00617374601907844,0.022059713707415943
27387356,0.0011937922286598683,0.0077456468800650375,0.0025766541517660444,0.0030458245823062166,0.003206278561470433,0.9159807197930945,0.0352861426436026,0.00519732477578981,0.025767616383245463
27387432,0.0013786674688694405,0.007470032550067269,0.0029394734701917503,0.0026581951067663366,0.003516285024711404,0.9248356955891476,0.02499015837148783,0.007465088015523354,0.024746404403235008
27387490,0.0014557375826156896,0.006599834493375281,0.003247505871891799,0.003536635184265763,0.003692101306059254,0.9244392405348375,0.01755153727977747,0.009290954251726474,0.030186453495450783
27387609,0.0036270651427070654,0.019843898363902206,0.005451635477805371,0.007159379127945628,0.014326065911705408,0.900367845809263,0.016107497617942088,0.01179759948512271,0.021319013063606555
27387894,0.005016549604164824,0.003288775208205481,0.004701018844241799,0.0023859201161659615,0.00184345723903187,0.024284890217238262,0.08584973217380694,0.004702083491153239,0.8679275731059914
27388061,0.0038485008755965258,0.027990902328515612,0.004157619636778467,0.010416873705630126,0.03122396759946185,0.8797895551775357,0.010573100509645134,0.01551103973482057,0.016488440432016093
27388363,0.0025693766169332145,0.010690436907833892,0.013190045701704884,0.0037433925969652874,0.004669144234618292,0.8719810146671136,0.029682679525201653,0.013138025478716711,0.05033588427091245
27388419,0.001140537698763728,0.0052817607722405605,0.0023332704337016446,0.0015159255858628138,0.002704364906950553,0.9521061622108817,0.019986855928842452,0.005479829656117183,0.009451292806639465
27388672,0.002530163412315473,0.005743918440609268,0.0035273488404855445,0.0018165564119528262,0.0029088704225111103,0.8506384503297917,0.09245447095030439,0.009194877328521867,0.03118534386350791
27388700,0.0015854743882766577,0.006932904293808775,0.0043781420141553815,0.002218200845694622,0.002371954076047472,0.9085702574138322,0.03625327929929791,0.01047567578667979,0.02721411188220719
27388816,0.0014651361347594097,0.012979074699503945,0.004707385064067181,0.0024514832275128774,0.0044549563101021344,0.9143521114810788,0.017848231424449496,0.013430227816435316,0.028311393842090905
27388912,0.0016198306921355746,0.0061386349781262055,0.004542930546336704,0.0016373402571624818,0.0026133967949238997,0.8888450981828401,0.0610047756331792,0.0052394159556118985,0.02835857695968391
27388975,0.0015593314993748396,0.004696719165458695,0.0025459928899518934,0.001347746524179244,0.002117261400191302,0.8846169075597561,0.07625867969833901,0.0073590044857777025,0.019498356776971208
27389262,0.0026345433923962032,0.05798756034544873,0.004268567036702614,0.009406521488773158,0.03471933791927231,0.8538618396849985,0.007327084191036064,0.01696415702530009,0.012830388916072256
27389386,0.012317115053093793,0.01553147103700816,0.01434914595050766,0.007210305069153937,0.0069286738298807654,0.3418072803071329,0.02853117982898509,0.015279884238218994,0.5580449446860187
27389936,0.0016158676825063954,0.007086312949024988,0.0051734199290834415,0.0020267353871675753,0.002700619512118359,0.8674906822825894,0.0766126109073441,0.004721433118101048,0.032572318232064676
27390071,0.0011116583353410522,0.007814166272327817,0.0036733697068468477,0.003020134818670257,0.0024116463025881324,0.873693997442837,0.03364571620279716,0.006145380869797854,0.06848393004879386
27390223,0.0010049964921534085,0.0071118430218091114,0.0025551478833647436,0.0015728647558556365,0.0022209759489340906,0.9263596245432829,0.031576605439324966,0.005166460096421622,0.022431481818853478
27390271,0.0009152482717321961,0.007200120920712656,0.0021151756235728764,0.0014764814216187568,0.001936183695857179,0.9299789070992541,0.031404283275161406,0.004764041484191249,0.020209558207899554
27390291,0.0011209917735896752,0.0057802751482550355,0.002159966225416374,0.0020184507067664255,0.0026921062274883347,0.9456373993770586,0.023089824129760114,0.007247380208574526,0.010253606203090905
27390319,0.0012162420938665235,0.004901797538640681,0.0024230032880252945,0.001294974795251531,0.0018292249630980524,0.9085173725630192,0.0607614258642435,0.005174895958750482,0.013881062935104578
27390709,0.0009793360215675667,0.004941110509008659,0.0019271604896346774,0.0012380405010490917,0.0017798689492158416,0.9261325650937758,0.04506133743238227,0.004050551357279259,0.013890029646086663
27390827,0.0032912767701230726,0.021195685254683242,0.004259492982044032,0.0063922923995745826,0.02251522717151335,0.9060066925039083,0.010537297916378805,0.01540212991861689,0.010399905083157608
27390828,0.0022764087114228978,0.004880942209006238,0.005495232947928848,0.0024102082651329443,0.0016191114915552736,0.0463673239907921,0.05376667850128095,0.005261525372972181,0.8779225685099086
27390876,0.0043600989529324835,0.03148156263780192,0.006888311190568974,0.011558308489783339,0.028871926117142954,0.8502226414207952,0.010029934881146426,0.024310369958075284,0.032276846351753555
27390943,0.0013042793309516036,0.0061192627302057365,0.002047696254897636,0.001965990346644992,0.0033067079540068317,0.9295465544447867,0.03743290853678007,0.008010003967778295,0.010266596433948161
27391118,0.0022000712545585457,0.01074260441976116,0.010334820008444835,0.005654370997685408,0.0028994803233515294,0.7579899272489812,0.039808663496367795,0.007829600920502201,0.16254046133034733
27392023,0.0013880676954827233,0.006778187175152153,0.0030519692068714057,0.0023770652919900986,0.003956917595458668,0.9346663355919368,0.027907556479570644,0.008532023816870068,0.011341877146667498
27392399,0.0077269290321500565,0.01153608051328494,0.011080664742325204,0.007642788013389208,0.7050357380763814,0.033731796054494716,0.004657173220021383,0.10541401121990276,0.11317481912805027
27392410,0.00430720538702951,0.013906293054076462,0.0077760759318604294,0.006344914763510339,0.6165366798376519,0.02816544140980984,0.003958243457818974,0.28303162937806337,0.035973516780179064
27392878,0.004058154970082993,0.014636776634248868,0.007511182937198316,0.007131124972813947,0.6463445600965998,0.03094668574228247,0.004435330686036656,0.2506347165315027,0.03430146742923432
27790720,0.0026743126483601224,0.087086314329938,0.27293252378827465,0.04802656917481107,0.011927255003617694,0.06333043692910938,0.017000659705439777,0.019425191945608593,0.4775967364748407
27790957,0.004874662559816339,0.06847742920908992,0.01180926070312341,0.007503598376241192,0.11058612667663521,0.661804669708953,0.024086143752215395,0.01559632429964486,0.09526178471428068
27791208,0.0018383841824389055,0.009214423612611997,0.004612677816946363,0.004249967267332377,0.004539573918826262,0.9074824318035439,0.033122216725054734,0.0079276822550847,0.02701264241816063
27791358,0.0022019508274489148,0.4103796876468022,0.03793899505983932,0.038087912430353546,0.011007974921409211,0.04954598707798561,0.008862133697005125,0.11868429205712427,0.32329106628203186
27792402,0.0015004411202961274,0.014316728498709701,0.008106642160448251,0.003986314469895918,0.004203892063650684,0.7000977528807963,0.035230912832307795,0.013398807775328215,0.21915850819856703
27793377,0.0015584869909219953,0.00586445201382116,0.00447889745223896,0.0017941856822700827,0.002938176131012938,0.920106792887696,0.028099676867700128,0.00803000637898023,0.027129325595358394
27793451,0.009567220089402969,0.03132433256402789,0.020954925486980813,0.0065154202091893855,0.024075830776639787,0.8405940361793677,0.012604065054353146,0.017144959310175886,0.037219210329862494
27793481,0.007013473553288938,0.009018103490039382,0.026944445604995017,0.006033954912399559,0.009794754688324653,0.8063950192874663,0.012520627276382907,0.01924321196950028,0.10303640921760295
27793513,0.0032878637423308286,0.010318613288957345,0.010361549220926301,0.004745620409202483,0.008992780618704338,0.8864620116395943,0.017604634417782476,0.01845321292136743,0.0397737137411345
27794044,0.0028296975439307303,0.1343369635216468,0.341705818963968,0.07877622863282742,0.11432151188317591,0.07015250343868419,0.011448808021494863,0.07690838841313695,0.16952007958113507
27794964,0.008163075848191629,0.00883802730213241,0.06208801648694956,0.011513736410623303,0.010835695958729163,0.16557077609952667,0.04013110615720285,0.35926645960351133,0.3335931061331332
27795733,0.002127072856033386,0.011589081163793888,0.00716847356355284,0.004397848089650757,0.005840461970672296,0.8274554816033435,0.09116637975061984,0.01193756488323425,0.03831763611909931
27795764,0.0018641213178412855,0.012150889399892095,0.007845255040977836,0.0035949296668035323,0.0060424469609742775,0.8820358802792858,0.030852436733984346,0.012949867082766919,0.04266417351747392
27795783,0.001969304116834374,0.011880274690823625,0.007433831470219109,0.004397416053001756,0.005767094715851658,0.8878616495052651,0.0314828212686988,0.01128614699898617,0.03792146118031925
27796951,0.0022355995404738,0.025113470507103306,0.26117836213502393,0.013136044271306541,0.012392208779189208,0.13102127823636175,0.016704971382546365,0.029579039675616123,0.5086390254723789
27798374,0.001384340470594842,0.007713126438492386,0.0047650670842384,0.002656806758708182,0.003602069170276778,0.9279837575064489,0.021399001680273668,0.006495496740050455,0.024000334150916434
27799672,0.0029103148949681033,0.014024874080227089,0.11767029978240863,0.011398837619776,0.4277464337758145,0.020391914437656318,0.0030848343505150005,0.07697746616074494,0.32579502489788936
27801031,0.003486537206551318,0.015152770897738393,0.021513865046484764,0.0071796546341053825,0.010043921327800206,0.8561711591556587,0.021121263515325124,0.017672360005643713,0.04765846821069249
27801204,0.003974702670957583,0.01433341060071157,0.014668222745182109,0.007616490766655295,0.014900396195632057,0.8117634292086389,0.010048599522632998,0.028814810268885646,0.09387993802070382
27801229,0.0026551010939266204,0.013399118144171608,0.014630194989744133,0.005370917423668392,0.009643293928988366,0.8773653584399654,0.017877859824499815,0.017789574027375493,0.041268582127660124
27801344,0.002194485603759148,0.012640788098837785,0.020066126699461322,0.005811089401994776,0.012471344414730318,0.875688973634845,0.009367623456704976,0.021945537354036978,0.039814031335629656
27801359,0.0031067027476464806,0.01468506577229596,0.014260363044229495,0.008037268609317185,0.013253670176387948,0.8229360780343062,0.013068302564963675,0.06914019610393576,0.041512352946917144
27801598,0.002848331876365099,0.01487504008575859,0.013517127770345054,0.005203974219592672,0.01021780072643238,0.88974651282853,0.021039602160742184,0.015193323536306204,0.027358286795927837
27801619,0.0062299549189015245,0.025104792785071068,0.007481713236520788,0.00879902135894176,0.04505457668462675,0.8564454860319648,0.010533045726090763,0.01809078494087855,0.02226062431700409
27801782,0.004023395709380922,0.01895229810308622,0.009975312923720203,0.008574506208331428,0.2405234779090428,0.025381746838073708,0.0036878539057873584,0.6766687009156669,0.012212707486910543
27801901,0.0014846995038960452,0.01051862884946153,0.004262597738738182,0.0032214020878039867,0.0038848648193609663,0.915063149524342,0.0259442322863261,0.006830348620106282,0.028790076569964886
27802189,0.0021398652487685855,0.06824723644885956,0.011135153148434461,0.006091847206608729,0.004191320666329592,0.1836490951552899,0.059121440248035236,0.02089854345670587,0.6445254984209681
27802195,0.0041588564792017675,0.11487759356888072,0.01210920099031813,0.010538796400704492,0.763191325847087,0.03250916152245832,0.005544730207471635,0.04430883745713389,0.01276149752674406
27802286,0.001701598944163181,0.007318534525636772,0.004685874623366027,0.0023312792985028417,0.003427703985951453,0.9158849460142291,0.033428557243516725,0.007629412039373347,0.0235920933252605
27802800,0.00455142681384665,0.032589774444756824,0.008406681391256434,0.006615971935094009,0.05263685666554409,0.8508080882046012,0.010518284439655155,0.018826672170850642,0.015046243934394878
27803111,0.005706464623620354,0.029256697066370803,0.009462676624979474,0.00778089895905722,0.04558211911145605,0.8530368563855925,0.011208561570392413,0.0213507583658624,0.01661496729266877
27803670,0.001523504287433948,0.01417270443217724,0.004389171576077762,0.002990314584495913,0.003964727477368016,0.8787682741448235,0.03599143023478734,0.008264166913033381,0.04993570634980299
27803730,0.004488540043152108,0.014883434587690347,0.02495082423121334,0.018894885906215634,0.009512983684043677,0.07240036409889676,0.0071551547751622195,0.029861412340570933,0.817852400333055
27803742,0.0023691102175598605,0.025796730330542382,0.03675192698692785,0.014210316784058001,0.012656512830915614,0.3146438584542763,0.010119877921390361,0.12632268859096554,0.45712897788336415
27803824,0.004277933367538587,0.02855586311332965,0.23618363053520106,0.08522418338167653,0.015834491974070247,0.012563990616294294,0.004304397032432516,0.2408831969443666,0.3721723130350906
27804016,0.0027951925026519562,0.0551539050622328,0.16031191040033116,0.011615969762794257,0.0067067365619575235,0.04574437997310108,0.014308468967278738,0.018496874188640183,0.6848665625810123
27804050,0.004622904241428663,0.006667085870483103,0.0089463156004908,0.003039941120999775,0.004686147433400869,0.556735239788062,0.3477629437753882,0.01947942593863999,0.04805999623110664
27804383,0.0031135001359364925,0.1002288248025239,0.1526634161398581,0.016972642240046975,0.006596677189232955,0.10261493763622678,0.020466701217552532,0.04094539318351615,0.5563979074551061
27804571,0.0047111416678574216,0.017188536344659996,0.016313679871697736,0.009347035373226302,0.32212635824399716,0.012841764967938188,0.0031342057503713884,0.6015239653087635,0.01281331247148834
27804578,0.004827034016733627,0.018352970946161014,0.018601394802159027,0.01094504706603892,0.5392975116277487,0.012502638238341378,0.0030411791810598904,0.37747414652374833,0.014958077598009122
27804632,0.004458527791761062,0.020110166651272104,0.022178933940284716,0.008755360714541784,0.502769392997216,0.1518554896255077,0.003953791555860748,0.2718048782087333,0.014113458514822558
27805015,0.0033240282812790857,0.13742723416294744,0.08164564992468697,0.011099661310120044,0.4333857989349909,0.017511476545184874,0.004036462857640977,0.03039151840549891,0.2811781695776508
27805077,0.002868517718087426,0.01761136103466671,0.009128469105978579,0.010257315699954165,0.7185599220381742,0.010183122286598293,0.0023119218776121793,0.2202004658080342,0.008878904430894275
27805095,0.003112840192994923,0.01939834971970886,0.10854195221047751,0.0217585248364987,0.6214684829529066,0.013282123787964955,0.003924632198856338,0.019269910035022757,0.1892431840655694
27805289,0.0028956099534554187,0.1456223392985053,0.0751631825265723,0.034610661884934675,0.19786169713965374,0.019624117911427683,0.004070308723270278,0.16701181216540917,0.3531402703967715
27805344,0.0030355427841931514,0.023787963387669215,0.037577970862608105,0.02259592301376847,0.15135984771669014,0.016802059828231578,0.0031819764852247076,0.015793784633475565,0.7258649312881391
27805716,0.0023769637561668554,0.03062749238065435,0.009362752274853708,0.011617914302877634,0.7762140777370341,0.01149378563936434,0.002679590646861696,0.15022132604560676,0.005406097216580444
27805813,0.0018568754278884788,0.00824314932944845,0.007640551365852927,0.0034692889454667458,0.00746112677162369,0.9191594662498714,0.015398222007241877,0.014687502019900808,0.022083817882705574
27805896,0.002471478956587958,0.008861913435564629,0.009299783434139435,0.003018918699979491,0.0028641674119402097,0.2438706412444953,0.21118210111082497,0.007189782323654428,0.5112412133828136
27806005,0.0035996023712347785,0.007878647517235441,0.017616256865801268,0.0031691193862774273,0.002639304640801427,0.16133462387654018,0.37627765528938195,0.014559338564527567,0.4129254514881999
27806354,0.005960341207259647,0.07285830944554192,0.2020597343709256,0.044109340329609045,0.33810461251142804,0.06437473483729175,0.008845153300730033,0.016856197395040393,0.24683157660217356
27806823,0.003163390688264138,0.07959047612974574,0.3047353836109795,0.0407658848432416,0.018170829775718697,0.01802037690955095,0.0053797111803540925,0.062357101663169795,0.4678168451989754
27806957,0.002902938291040113,0.014739272373500164,0.13218078591002763,0.007868814136497424,0.026356316696179,0.49936115961287675,0.008047509384452266,0.03235534808723328,0.27618785550819336
27807052,0.0045099330260796894,0.010821568389528264,0.139269984326983,0.008078433555418027,0.008695600224744948,0.10674362550799762,0.010826030483090075,0.069998267185456,0.6410565573007023
27807477,0.010898243672131139,0.1973888642803324,0.02838067271898193,0.007551767126772244,0.12786515633352377,0.05488199972533753,0.016930168623135646,0.05854807005340117,0.4975550574663841
27807746,0.0026572150792193577,0.1878320597644949,0.4966660523145152,0.03998640351521278,0.03841864277265568,0.031447928914130285,0.005879710171644274,0.16053212457210791,0.036579862896019624
27808162,0.0016875918082894124,0.009505178484552521,0.0056424478176254735,0.003762750059609743,0.005868824331907529,0.9230202311939912,0.020456451144697733,0.012405324196580757,0.017651200962745493
27808218,0.08863817346353849,0.006777867044117017,0.017245635974173504,0.005881317791835382,0.008418689459018748,0.38564455628714384,0.023072280757418274,0.021181603306868184,0.4431398759158866
27808482,0.004710896980094866,0.04520295582622928,0.030886617250188337,0.020432333383606165,0.13899891901377065,0.6243183978115818,0.007543708052191753,0.08349621485490431,0.044409956827432734
27808995,0.004967930115130756,0.11880337593664236,0.1519657173779031,0.03957025480171849,0.0146525631035755,0.14061670912113422,0.01088833071631076,0.15923272469545166,0.35930239413213305
27809307,0.0023573321344189232,0.014949304502685733,0.013673823139979434,0.007729277862779343,0.006554858670680951,0.8729364856106702,0.01653026700463125,0.014701341865905486,0.05056730920824876
27809673,0.0031546208655793767,0.015584453526317644,0.037557786827750295,0.009944891259418755,0.009012492212902352,0.7193706077644305,0.01895914814263496,0.040708247972589345,0.1457077514283767
27809679,0.0039087048915488675,0.013349377457981289,0.13569378144097335,0.01388082764876574,0.6955965011676726,0.020169087551903195,0.0031548420756985327,0.015167162521179531,0.09907971524427676
27809686,0.003494560650385195,0.02247114383495844,0.30670520267355017,0.018646925607757464,0.4840101274502091,0.015958802226916424,0.0035968092983831024,0.022637777195958494,0.12247865106188158
27809745,0.0034738171486324134,0.0406073169426414,0.0071555317870026875,0.007327527009704657,0.04793256987759935,0.8484548064646367,0.007641920356672743,0.018370694927610412,0.019035815485499645
27809793,0.008239466271621547,0.031136807091994633,0.011640782121386403,0.007281810144715195,0.03503184155386369,0.8524389558873251,0.010198114463324177,0.015937393998460905,0.028094828467308396
27809825,0.0015453079657786306,0.012810295761239513,0.005084904520966036,0.004468160686000952,0.004909286045386104,0.8882713136942786,0.041571576632821884,0.012115008120218158,0.029224146573310027
27809826,0.0018761273501029265,0.017196089330921958,0.010268454215175315,0.006685054648348279,0.008780297212462325,0.8811061442353596,0.013005378216012338,0.016907395464370218,0.04417505932724694
27809828,0.0030470613110304265,0.011829701796330633,0.01653911545624875,0.00800807837825591,0.005271387518755256,0.8390375769913079,0.014486126478271038,0.01822581907957329,0.0835551329902269
27809852,0.0029349165645656027,0.012919166673563168,0.011346578518783632,0.0055315354650004546,0.04078300019795783,0.8660362410525788,0.008611713967835848,0.017308037482925913,0.03452881007678883
27809863,0.003119702279048395,0.015592496628178297,0.02219381825303238,0.011867039576397516,0.8096997843023024,0.023600673200322067,0.0031393191620097604,0.05426385933799811,0.056523307260711045
27809882,0.0017575489478145218,0.012662417257120143,0.0057869196712461435,0.003585425184176507,0.003975952634794999,0.9125529219601229,0.023767003554685348,0.008525059269171102,0.027386751520868363
27809928,0.002074127983320042,0.012424919470630937,0.019215172510170856,0.00427889374543333,0.012671537184976616,0.8727494743842819,0.014334002597011949,0.0333199381182736,0.028931934005900894
27810395,0.014798383314465634,0.01416869470998832,0.08824417651298755,0.046107833082002316,0.010724320750535492,0.09778983347398112,0.010108682730634526,0.1435588260569485,0.5744992493684565
27810399,0.0044426278733228335,0.03170894460144904,0.00620270463410834,0.005767151375888652,0.05621448264672037,0.8548208925903182,0.007457918441776409,0.01722029019962683,0.01616498763678925
27810450,0.0257963017899967,0.00826046148279842,0.03154157540815518,0.007159911988723876,0.03214757257757279,0.11949556401750289,0.02594770244675907,0.015847036279825522,0.7338038740086656
27810666,0.001659938218616924,0.17210036579569155,0.028792458535406178,0.022118086037323115,0.018766620900449876,0.6403409092799316,0.007341890767521518,0.07426229297171501,0.03461743749334419
27812409,0.004010062509586166,0.03619785224928254,0.06392177907898114,0.045262155070586875,0.5745053793117676,0.02077560983396974,0.004334601702565748,0.11477087067307401,0.13622168957018616
27813952,0.0020389240614551215,0.40411438352203427,0.16673841067116998,0.16888164171038267,0.09091555729216169,0.05038595239884151,0.006196073711680574,0.08550170201093495,0.025227354621339175
27814181,0.005455931409481162,0.043670435660601505,0.011800508625675867,0.017441883325550675,0.7186666517793825,0.14594494915242187,0.00776555925271143,0.0355529539797487,0.013701126814426284
27814312,0.024016305006827315,0.044628111792876915,0.052826365401384044,0.04189556750621362,0.015261960713839224,0.015065504295610418,0.004869508892240761,0.023733234902787184,0.7777034414882206
27815210,0.0028892008983982045,0.02447720783224104,0.07393902898898008,0.014079193588488003,0.16019511957314692,0.39679580643266843,0.026471778960598765,0.26054361494382844,0.040609048781649996
27815778,0.0015993461233992754,0.01520524836376167,0.007343016384895058,0.004809968884173158,0.008540393467021457,0.915520020165649,0.010170871768043693,0.01395190593894131,0.02285922890411539
27816871,0.005518985975816159,0.0508310719162536,0.011411564395447278,0.007950578530136898,0.03589592666043275,0.8407647461214038,0.010244417573121964,0.015666357611376885,0.02171635121601066
27817050,0.0036050060449020873,0.012873993461427797,0.008728608716225737,0.012702709667440807,0.09500255319435048,0.7840879175610815,0.00626960653838619,0.020761036268425227,0.05596856854776018
27817111,0.007398326977690236,0.12207504559392934,0.02543108225826158,0.01164158950412845,0.15544829926734338,0.16611074524089042,0.017985919022748105,0.06953993776344408,0.4243690543715644
27817127,0.002526812083706003,0.015591674710835767,0.01222753961411627,0.008356787924733093,0.01198322422697754,0.8767321716833166,0.010759109652394206,0.018917268171797216,0.04290541193212327
27817260,0.005045193210959668,0.06671149777238822,0.015922612566751208,0.010186664267353776,0.398173712246488,0.4550103640339199,0.005386169340025718,0.016315307948278325,0.02724847861383518
27817270,0.0025818130569949483,0.013611607862183612,0.008064498141820538,0.006986901974373074,0.010959556201916267,0.892664445909348,0.016992943893142803,0.01856631095793226,0.029571922002288524
27817284,0.0028222100811621654,0.029356747783274222,0.41383915175577574,0.014662439506795875,0.008266857687817217,0.015409121648248134,0.007941111506210848,0.11160901892498952,0.39609334110572636
27817320,0.004284371517782626,0.03836919140200722,0.008997238114429661,0.0077162896755101915,0.0442194419774897,0.8532548451406979,0.00907671896103409,0.015632501600110666,0.018449401610937825
27818613,0.0017296714506723182,0.02365925844703581,0.010665243476899249,0.0068512485173150995,0.007094533263749812,0.8855819886133616,0.01616897830843738,0.012218991891852594,0.03603008603067619
27819839,0.0028238721309986094,0.05003371315924717,0.009331625340307488,0.008120401779424071,0.6289200732076555,0.03095869577324831,0.0032008668626751485,0.25714707211412824,0.009463679632315522
27819914,0.0055683991761232374,0.040716987397221814,0.04868660334907977,0.012593554399765245,0.6817849181429108,0.04530270457453291,0.004024803753177223,0.14046617828045602,0.020855850926733095
27820106,0.0026850018646133005,0.011693096805398722,0.009416339133120677,0.0039002805889557365,0.0041593734747990335,0.8296491466706546,0.07803657032403938,0.008861229918240534,0.051598961220177986
27820127,0.0028361271374561614,0.016317372703277523,0.04015119149148355,0.00684590379973452,0.010264549499776674,0.5716641884743145,0.01209811648082975,0.02907825326670247,0.3107442971464248
27820590,0.0023485107946507643,0.01587710024201027,0.010468092177319156,0.0067806145469776185,0.007042855589033135,0.8941734978234406,0.019573446114395217,0.011412011479497835,0.03232387123267538
27820593,0.002057103433835059,0.09986217332231379,0.5879779016471416,0.07600061341270661,0.11707060290694482,0.02120377601061938,0.010171629803174253,0.012437404844818627,0.07321879461844577
27820643,0.0027703275277295176,0.018827017183000776,0.011740170970915485,0.007022386654092203,0.012381402489085536,0.882744432495145,0.023538335036418622,0.016910045691283144,0.024065881952329636
27820696,0.0019002510058957172,0.01282893936345279,0.007692223851331065,0.005555155952873921,0.007387737054323202,0.9137752291689847,0.017577382016271334,0.01388279024187565,0.019400291344991643
27820697,0.0025800835376221048,0.015398508241700973,0.017317462912540865,0.005554067330854267,0.006816276630971991,0.858838530594244,0.036398082341265785,0.01667211736872817,0.04042487104207191
27820711,0.0020064490536941693,0.014131652891910835,0.32806926059698105,0.016716264980645854,0.006861216683245105,0.01943314384816188,0.006855187339766737,0.013032490061934745,0.5928943345436596
27820719,0.002468427348369697,0.010816996206239686,0.011651017649322287,0.003751104081911637,0.0059880919569125545,0.9034379347740924,0.01974041332958543,0.012612602606200247,0.029533412047366134
27820782,0.002236186238928245,0.010696239620916023,0.013134221520469027,0.003822818580244178,0.006516536693641237,0.9021179141195704,0.019357666952305997,0.012922162719044162,0.029196253554880723
27821053,0.0026562084632744446,0.01779438973457382,0.010730536951581214,0.007150388204753676,0.012844854379144451,0.8804792423658514,0.024156736391407176,0.022622260253101722,0.02156538325631212
27821289,0.003486584330012552,0.02170644782195304,0.10036193116146722,0.022586472496663318,0.006450292398061049,0.08954822040172775,0.018524109687577252,0.037168998392790295,0.7001669433097476
27821297,0.0030651697723324115,0.07746624299688643,0.10928090655626654,0.044599370141212284,0.008094377291583837,0.18365097551700887,0.02216187882647498,0.023313211563781293,0.5283678673344534
27821964,0.0040993282552721595,0.018699047513739103,0.01778402871418225,0.00984147409087283,0.015145406700916103,0.8037291070271889,0.058739662190119744,0.03360553190544334,0.0383564136022655
27821981,0.004311555308205033,0.019167169987268137,0.02952143507903687,0.006805938338711441,0.010624885129732618,0.7537061846739364,0.09151095201253717,0.03598400322721029,0.048367876243362154
27822072,0.0036100589154562214,0.015176343308941461,0.01674225932716553,0.00583303569372059,0.009011080619536276,0.8645306252057204,0.023669405696845197,0.023012569399319706,0.038414621833294665
27822175,0.001622748610592702,0.010469879107119166,0.005686982525257223,0.0030817895669301406,0.0047103337360989645,0.9221583322262925,0.02339474891810834,0.010887286499658077,0.01798789880994283
27822258,0.003923818710518019,0.05908387664456537,0.008585811829859622,0.0065215457413807555,0.04705175615730215,0.8381163127534885,0.008945974561857225,0.014996054449388497,0.012774849151639947
27822577,0.002881181099796826,0.012831630347806702,0.010128456818253695,0.004952309855576822,0.0077585752400179935,0.8989287764674824,0.024219165424591692,0.015986597405191108,0.022313307341282725
27822666,0.0027661170575496207,0.038418698839637264,0.01681738089177582,0.01428014759415091,0.0076136839822307616,0.7245656000823457,0.03147222953973487,0.024739495782479567,0.13932664623009539
27822761,0.0028294270743222257,0.01947082234768901,0.42491057695484824,0.02321782030475306,0.008068073670591546,0.27859730077849887,0.0072603600097113,0.020689288304373728,0.21495633055521202
27823521,0.0026055434040034124,0.032431336689446616,0.6352406182413439,0.021529253024735878,0.08510990159799506,0.026107473335854222,0.004862207340332597,0.1341490950726104,0.05796457129367803
27823796,0.0047574063526517624,0.011940393186321544,0.08320804753252764,0.005964801427998366,0.013502470112433322,0.2795624858093903,0.012232361119100716,0.03744570849968269,0.5513863259598936
27823891,0.01566103242454181,0.013925302733794269,0.025905412699184078,0.011139560471683553,0.6778093681960674,0.01676161724913801,0.003782204530163385,0.2095457245446128,0.025469777150814686
27823940,0.009728455744238128,0.014400132486976396,0.019207832650597542,0.010120912206465242,0.6735595768705118,0.014918403717512936,0.003239955040018543,0.23489745123579092,0.019927280047888324
27824296,0.0020994118611566692,0.11416867591505646,0.572782910460099,0.16661088314264302,0.02029664042736927,0.01232014601463412,0.004547829833593784,0.05294912371857813,0.05422437862686944
27824965,0.010118392136638408,0.05097753448633674,0.015264794910401969,0.00747281320957008,0.04672662195636538,0.8117124429323155,0.009618052392937376,0.016730490271777476,0.03137885770365708
27824973,0.010288627090559296,0.03681281132253906,0.018475579179049125,0.006724208858949484,0.0448009371152937,0.8200923348405782,0.010852789790600899,0.016997366610286026,0.03495534519214409
27825620,0.0013321748713986431,0.00975969785299253,0.004534605395042289,0.0022806938580574093,0.0037370612279270256,0.9332659813114306,0.020177340532618326,0.00831192311583464,0.016600521834698574
27826018,0.0018237024598291233,0.015965760989293833,0.01443403808855859,0.005628637994069773,0.005949386754083923,0.8969412403280732,0.016996797431473143,0.010639106766308816,0.031621329188309656
27826098,0.0025437234269812974,0.014133330705643437,0.008325530477386909,0.004723808162676244,0.017479829472859545,0.8873412558024321,0.011669307462644031,0.00973044802958806,0.044052766459788284
27826235,0.006184543517419438,0.007782189386685748,0.043218685660767794,0.017071146759354346,0.5139159683019086,0.046470162708797384,0.0036046157734431882,0.31562213583764975,0.04613055205397378
27826276,0.005421317300261741,0.008046661215049124,0.0336145393918136,0.01184245646511641,0.7771268361708449,0.05642683905267057,0.003321703691674137,0.06139332341941174,0.04280632329315793
27826338,0.001301793716819344,0.010054423214044752,0.005236482809463629,0.0025372164598492764,0.004200281037674433,0.9318833270000206,0.015917628991162593,0.011263630437922193,0.017605216333043107
27826531,0.0060167055917048455,0.0715618553097664,0.05334746217490252,0.017340241788546977,0.0666342353167384,0.11277948293758772,0.008566512347945096,0.013597815375438863,0.6501556891573692
27826578,0.0017712098965430554,0.011551523917103962,0.008142806986560058,0.00320605939848062,0.00504300160125218,0.9142960562252167,0.020924769826185605,0.010365317090437186,0.0246992550582205
27826709,0.006301423070078621,0.03869328534803526,0.010229463506178404,0.009078978169422507,0.03664409916489412,0.8547534115320702,0.010800501535492871,0.015804319807805025,0.01769451786602311
27827567,0.0017446569344583924,0.007902531556532812,0.005877319248507909,0.0023589126070591637,0.004964288404595723,0.9251890745382556,0.022130902023213665,0.012166588039066275,0.017665726648310297
27827960,0.0025232932509124885,0.023887751341644694,0.18390360565329933,0.011121426953203378,0.00579308956355817,0.05812028353892768,0.015466257063207388,0.022278048355990065,0.6769062442792568
27827965,0.005693946117466038,0.08970297219834966,0.04613193530250794,0.00961142826796755,0.08710650683310212,0.05033232261917153,0.006865470028490721,0.02597856233369211,0.6785768562992522
27828047,0.0027258216907803403,0.014757015419469185,0.11265952144558325,0.008102135810041813,0.007785170932802034,0.04202828650490877,0.01269298629017801,0.03196667291019022,0.7672823889960464
27828372,0.0021161032542087793,0.016117375766481586,0.006374311788721252,0.005837106108449225,0.005283651311892869,0.8448223720276609,0.05024529685951128,0.011818686275282802,0.057385096607791404
27828436,0.0024167812526897326,0.017129035283349116,0.009303379523968458,0.004659946306309262,0.012254226450298708,0.8898899199859476,0.013664017579539597,0.020185159893754075,0.030497533724143547
27828585,0.0020675312713575277,0.019925523056665288,0.005713281437901079,0.005084986719850793,0.005346314796185113,0.8312569942481371,0.05484197359431331,0.009767693753920939,0.06599570112166891
27828863,0.0018499004338096952,0.00820111432150128,0.005039955231722615,0.003928346722329206,0.006725040629063895,0.9159733466868336,0.023531653485420707,0.018073094385647612,0.016677548103671266
27828994,0.0018151346489340859,0.00993864101871114,0.006518331436343394,0.0038497103237512004,0.006678620831884773,0.9204310296596689,0.018312113828406758,0.016168363241519563,0.01628805501078008
27829036,0.009309897899477435,0.05910510929760143,0.018716889592725397,0.007741372890795724,0.1807794903561391,0.6589639588564383,0.018985249347922794,0.01773648840030068,0.02866154335859909
27829544,0.00503684250111538,0.008547417853060473,0.027925336928798675,0.004801593233716195,0.00756707008137924,0.8152924406172004,0.015871312658008473,0.01986119114265694,0.09509679498406426
27829566,0.0030313827560132264,0.017771654622178154,0.07977401601056593,0.009165181127424312,0.005898699713803902,0.023034143521323408,0.009869393881645072,0.023787441348972774,0.8276680870180733
27829568,0.008638971172358003,0.008970726793972442,0.05184337439930933,0.009831595953787554,0.01890889776288821,0.5469405708162061,0.007046399002538822,0.05066629543955014,0.2971531686593894
27829613,0.0027919739049278793,0.009235600768554102,0.024653456761528275,0.004737714551315159,0.007217560989064496,0.8150898837101364,0.012020528872074693,0.03409097274498633,0.09016230769741275
27829640,0.004876396225232526,0.009917911981811557,0.022346961573517454,0.005097034417681748,0.01266434511335666,0.7690594638026769,0.022062935642227638,0.027894539786542293,0.1260804114569533
27829781,0.003542287870185917,0.014387996285674604,0.3042493315452339,0.019253101437233598,0.026971121287956392,0.01613840447561856,0.003269668293385244,0.5426302080896412,0.06955788071507067
27831184,0.004455463609466465,0.005057594289680613,0.010856902514857852,0.004198073124752461,0.004045197488499925,0.4750511519077072,0.28819954798731395,0.011233926464034462,0.1969021426136871
27832153,0.005671520160108289,0.020564542736347682,0.0286296160000767,0.012688406898662161,0.8832910718983127,0.010205970698701716,0.0029596363485587837,0.02057434268451124,0.015414892574720729
27832334,0.0033280357128985744,0.013617177437480598,0.037986750162889854,0.005575207584236338,0.008761773077770475,0.8066643448266733,0.02534964355648828,0.0182257561707551,0.08049131147080751
27832702,0.006943802651946187,0.041464408926550705,0.011186145996615523,0.006145700076170091,0.029236007552028067,0.8583298690618519,0.012082901858896298,0.01462465221816244,0.019986511657778757
27832750,0.002648992270799427,0.01169525957344589,0.01264967261874899,0.004368665311770824,0.009205560695739115,0.9011517909351043,0.02031447134356714,0.01594283115614147,0.022022756094682728
27832752,0.0029512592413252713,0.012755127245853096,0.02003090851178795,0.00574216547278369,0.006316887273728083,0.8684805690514783,0.023158955367030273,0.010995552580228597,0.049568575255784834
27832846,0.0024067466558963927,0.010254961781077267,0.010718146336832837,0.004493312731307403,0.009634478042745477,0.8973686104047639,0.013680816323265536,0.022866487749428656,0.028576439974682653
27833884,0.003500425818200525,0.011915251244057182,0.010790828589937821,0.004347260059933616,0.006883383840103279,0.8222573672791426,0.09580833795250188,0.013163298250771059,0.031333846965352026
27836060,0.0024459097127658143,0.012141884723952528,0.01960183522395004,0.004102772058805717,0.004001942320496849,0.7633972799785794,0.03976193618680268,0.016487481064978084,0.13805895872966883
27837142,0.0070440884971968865,0.006086828224367046,0.019789823833748565,0.005841320216930307,0.4229192713555198,0.210012398086442,0.0034010845987456494,0.04913166663731143,0.27577351854973836
27837413,0.005435173155686764,0.009317333270867294,0.015617912654257913,0.007713961311309226,0.11845229948937558,0.7022240851956141,0.010223860170127044,0.014218967644133397,0.11679640710862867
27837630,0.005077429524631629,0.0091076808302438,0.026025523086489442,0.00535023157034775,0.08029395627873148,0.7174138992504813,0.007684368101717342,0.009996766889897856,0.13905014446745936
27837708,0.0066936040081302444,0.008316886127065269,0.02195149682338484,0.007681309801750076,0.038607393540135995,0.783092441587515,0.0070072878396183055,0.011011962525011984,0.11563761774738826
27837830,0.004827964364466906,0.0083843820054768,0.015281806641637707,0.007107769305118475,0.16161118951185863,0.6606064657332216,0.00390768955499629,0.0257925494649962,0.11248018341822744
27837913,0.005110095460511518,0.16511151434667656,0.015027556474267699,0.008552406062832987,0.33286604923495444,0.2790881818933364,0.007200499744306742,0.17145828019829681,0.015585416584816787
27838486,0.005329317496161721,0.007314003296126828,0.02314449530767966,0.005521507557876391,0.15545815524235132,0.6892821034265759,0.003984863536420576,0.014100834894864819,0.09586471924194259
27838542,0.0030550797551095175,0.011851187598377154,0.03941499520107612,0.0070939762148009905,0.015860234170414635,0.8111741346947596,0.009489156614704756,0.03789839030096532,0.06416284544979194
27838565,0.003936735969691901,0.010624347020714147,0.280598565921787,0.013380840069983628,0.01557169107444399,0.535888968146534,0.0058000396946454435,0.05347171301569069,0.08072709908650916
27839108,0.00825997577993573,0.03897001708008836,0.010712419831796256,0.007960270979270895,0.03267929190088078,0.8530569007717284,0.01326306483430821,0.014452840710482915,0.02064521811150849
27839246,0.004628221307956147,0.062265754149075224,0.012306327107285147,0.007039150752797882,0.024456233098788804,0.8405647790765819,0.011367296158004577,0.015517502654682857,0.021854735694827442
27839328,0.0021797615006235696,0.015577748704254938,0.03817510621103429,0.008666337467456032,0.010857696880092554,0.7135277362781807,0.01191111848567335,0.02989503718308512,0.16920945728959952
27839364,0.003433334516878289,0.009578146092835117,0.06566540304084303,0.01069745840273721,0.7534484625634817,0.016731943018642358,0.0028133258204827045,0.058821325789370354,0.07881060075472923
27839649,0.0037902652407418415,0.049590055038447246,0.012069172057303611,0.006954360854351031,0.07824778607655222,0.7965581416751034,0.008436652289041545,0.026808936580374497,0.017544630188084588
27841731,0.002464406887203368,0.016131976416433845,0.02651403113801304,0.005040955817695112,0.0042120969459979165,0.028198705865185903,0.042802074696160215,0.028499794212400426,0.8461359580209102
27842419,0.0013883008538399114,0.015044730757963006,0.008321387248988935,0.004667755792608936,0.005432866975485995,0.9147453438494682,0.013599720896745824,0.012532339398090663,0.024267554226808596
27842521,0.0044168571056802455,0.06036355249362545,0.007453228354852011,0.006751205455709004,0.06125164757679248,0.8148573836748554,0.013298537284185577,0.011359038972902535,0.020248549081397265
27843188,0.0034167319001754117,0.0033550648030384747,0.004047819120599577,0.001547703160846815,0.0016924080828447608,0.027877928414651917,0.9292855870692269,0.003944981841543697,0.02483177560707239
27843587,0.0062538731098458296,0.044330601285140867,0.012688718140702552,0.006922891357086972,0.020762739824642027,0.847641340329962,0.015401397452274219,0.016343735373893716,0.029654703126451833
27843967,0.0022167205395366117,0.025970112440435476,0.059177142857160074,0.009746980778475887,0.007039003251790404,0.23656658346049936,0.014184856557756411,0.02034261280286491,0.624755987311481
27844389,0.0028879528205877714,0.018046200069206993,0.013905886261565756,0.009726814526315042,0.0083305225823301,0.8230403778571491,0.016707347122721813,0.020587909748541567,0.08676698901158174
27844658,0.004209543977843895,0.03875816130413087,0.006284267849243722,0.006877737432005503,0.03990220452808535,0.8608585807559784,0.013852714092348109,0.014286176125804299,0.014970613934559833
27844773,0.005412291867356363,0.04239490686728724,0.009444094656649395,0.007299312108383581,0.054423377665594,0.8411474037756066,0.010967681512658735,0.014718343598463086,0.014192587948001129
27844928,0.027587904764450895,0.008459051049242546,0.13104982037285628,0.009239941519923734,0.27518364678754675,0.09950826961760315,0.004808971789567432,0.18396048807151294,0.2602019060272962
27844971,0.011262266275165056,0.004573265489918224,0.01662953361396321,0.006809950606717126,0.3676750789089916,0.25816759530755323,0.0036512729502274853,0.08866883552739743,0.24256220132006667
27845007,0.0035409247605543382,0.006614645483404817,0.06469511450273233,0.01076143451146257,0.7719645484645894,0.020513512893562673,0.002513622024006036,0.037756917895344355,0.08163927946434345
27846556,0.00292694419254096,0.015589933655209942,0.013498895677013144,0.0058418727417483465,0.010191744101476517,0.8862482011635784,0.022563793402849405,0.016001971296291755,0.027136643769291563
27846603,0.0019437182445180075,0.00936456808358563,0.00770211080322036,0.004322046025310378,0.007700416209028315,0.9205755197521841,0.01585606388347539,0.013252306127339915,0.01928325087133791
27846986,0.017467043603121526,0.008152812177251166,0.02962749214989932,0.00895959511077309,0.04009897988958285,0.08832526140618849,0.005423875821168819,0.4031282444480108,0.398816695394004
27846987,0.031266425264663625,0.006500487481459833,0.022181237122324636,0.006063749886304592,0.010787243746479082,0.5699133813566356,0.009452108470613525,0.07461443569853901,0.26922093097298017
27847155,0.022324614908611286,0.010052498487406875,0.01957655513656907,0.006255710835481087,0.03464735197843784,0.5060021019336882,0.013194250748068764,0.019995473991825302,0.3679514419799116
27847200,0.024257645976578094,0.005228608514286222,0.023299505532441863,0.00914895158264453,0.03772787918753127,0.4822374589196026,0.005508286374935164,0.02506875141848517,0.38752291249349513
27847244,0.0032567144215534726,0.03818480261178174,0.005346402671038466,0.010095547271363617,0.874815128828049,0.011034383314370825,0.002143135579833671,0.04893221619045711,0.006191669111552114
27847265,0.005295827474895872,0.007657620366520394,0.01177399836280124,0.008149330531332674,0.2625048196074196,0.0861206428061574,0.004099981112067856,0.28516712689836116,0.32923065284044384
27847278,0.006834725308449852,0.0058830110258835545,0.015259810061011065,0.0048894085785204655,0.024615715275803782,0.4586999800890218,0.005267210579579506,0.008803171653375155,0.46974696742835476
27848545,0.00500954378215482,0.053859974275844304,0.010194316535606271,0.007286075149702705,0.05418721834458998,0.8155036824404533,0.009082389977110215,0.013100464194049158,0.03177633530048915
27848657,0.004176073719002826,0.054932529663472354,0.07420211872921381,0.014866500410025466,0.4369909011638214,0.3594021647896804,0.004049525021829354,0.038528332089992644,0.012851854412961695
27848835,0.0044777830415180546,0.06259837274175759,0.009266289416476196,0.008589820985421819,0.06067392332145596,0.8058387626956679,0.013814920154603451,0.017652062810678965,0.017088064832420095
27849022,0.09660438673835085,0.02402005413860823,0.04539835550740622,0.011132355307938723,0.05221152975981104,0.6839093824613415,0.015661301655538376,0.01566564227019187,0.05539699216081331
27849428,0.008358315377900084,0.04002198919904941,0.011944972562131678,0.016768357189119353,0.24745950209354795,0.5685518015532539,0.007651379455943401,0.033283509449163126,0.06596017311989118
27850759,0.0026152129852460245,0.026043650447397496,0.2669497555582261,0.012709887855457213,0.007848650433646992,0.0779423620963274,0.013969944388278529,0.08072138833199446,0.5111991479034258
27850966,0.004993173966472321,0.049472725155992575,0.010965347793639411,0.007403581096045138,0.02501090895313481,0.8531854086640429,0.01211843987285288,0.013608383579715277,0.023242030918104534
27851107,0.003245366157270654,0.012011751372275349,0.07957242310588357,0.01024580776209434,0.009374089625831411,0.6324071194741465,0.0063707315255006605,0.03206237563079817,0.21471033534619943
27852983,0.006233323950887865,0.057158727300035704,0.02015510514920012,0.006886397733761183,0.03746609973573815,0.7858419014988465,0.020695775165744102,0.015157301728281721,0.05040536773750466
27853420,0.0036975093796750656,0.021732612956286968,0.13036710543289592,0.03639734564585005,0.5898980912689444,0.01543129110751687,0.003728864655381491,0.09845870839486787,0.10028847115858128
27853492,0.005445200881347176,0.00680432512637053,0.08157687365108866,0.009440588308744443,0.18249379399227222,0.37708700522854066,0.004377683148785802,0.016107446250623478,0.31666708341222705
27853502,0.003336681825012564,0.01062652823543466,0.07288971865753086,0.01596498739758127,0.624652537668251,0.01585886980013221,0.0027894252306619213,0.1739580124841719,0.07992323870122377
27853513,0.003735426637768538,0.008526120880160214,0.0575882909630539,0.012786978152508965,0.6670092187495688,0.017564031037759182,0.0026357232934200604,0.1631063052978415,0.06704790498791888
27853610,0.002507022175572769,0.06693776531853485,0.19216829707896188,0.023360819091006797,0.006913936070458105,0.014459046210674587,0.009892280635621017,0.01536814478614189,0.668392688633028
27853619,0.00110813095323338,0.00824134267514001,0.0044221562217952514,0.002247500786382587,0.0031883862667640966,0.9301297617115606,0.02063528569284047,0.008771870963162558,0.021255564729121164
27853692,0.005239649915366483,0.005827463733078092,0.022112275515042256,0.007746108968211463,0.515062546570132,0.024296794637761337,0.002788149291518639,0.16747758677150537,0.24944942459738434
27853755,0.005457398368581636,0.0074604702981601965,0.03523400982378781,0.007299039416593884,0.43261480449362866,0.02228642708407361,0.0033216737422266693,0.2189099444113931,0.2674162323615543
27853819,0.0038363742068919485,0.07410230706577486,0.021914801083349943,0.010039637358033612,0.007383176982313907,0.14460718604171124,0.02010995222492763,0.015196801987769175,0.7028097630492277
27853891,0.003226327643754952,0.010789999487455071,0.03956044042928526,0.011881556284879942,0.4871808183342647,0.021095914478617032,0.00357674088802623,0.11361389933543786,0.3090743031182789
27854684,0.0024981425925363837,0.02537810696344567,0.01567981902990069,0.015176382880754114,0.5235640505762991,0.03142437715855478,0.0034711083554107235,0.05044656091256253,0.33236145153053603
27854761,0.004206118388515264,0.017402924623070214,0.1680492956032527,0.010982242871675839,0.021583888894698162,0.48962302117098416,0.011669696856403823,0.23867499574962792,0.03780781584177194
27856185,0.0013776387057863053,0.010147786401815788,0.008617824693126906,0.004803221374044945,0.00861453418417244,0.9102465122228884,0.006931528585808325,0.02492244916579464,0.024338504666562188
27856524,0.0016973285182477523,0.0107195803818448,0.006479185174161496,0.002565373621354749,0.00245299793307169,0.4197215088452573,0.3218127901461977,0.006727492640063763,0.22782374273980083
27858079,0.0014752267054555783,0.013724518867343022,0.006868680338062857,0.002853215046611958,0.003054250930002795,0.6445000857779611,0.08639033109829511,0.006844408490259776,0.23428928274600774
27859622,0.005823636883474055,0.005813219558775765,0.019667844014152273,0.00984948913545089,0.0044768693610349065,0.017140608402742775,0.00946899899395214,0.012774588895616747,0.9149847447548003
27859654,0.0016903727057973222,0.01455439894954291,0.02533519358451391,0.003481028547593775,0.0037966424747257737,0.16176788999279296,0.024364766113380447,0.008091054232629008,0.756918653399024
27860519,0.0023690399250743213,0.010235674731141458,0.010147645623570121,0.004626731325691337,0.004978771789451984,0.8839278166930578,0.034568011217969125,0.013902938138401806,0.03524337055564209
27860948,0.007818847383681932,0.03032978206152134,0.006988722138308623,0.00856058384866991,0.11017389977957363,0.7860315119182066,0.012378246641155565,0.020190876581975024,0.017527529646907306
27861529,0.00732487912494697,0.04517036644791681,0.012278091081363523,0.005093322737477184,0.02010567975631682,0.8523872720935707,0.013086310009960049,0.014536073115746931,0.030018005632701
27861854,0.005014058760148205,0.030211605829899353,0.004551381641567558,0.009227727669491998,0.080387201572146,0.8239704818270079,0.010292322634503581,0.01837090072149996,0.01797431934373539
27862367,0.0022137274761299666,0.295701519486618,0.006449566421258314,0.008518283114273583,0.13456140562978874,0.5104207703539513,0.0057637211439301745,0.024446058801942484,0.011924947572107414
27863325,0.002606189368161252,0.014115233197753672,0.007687206054627646,0.004572406579499141,0.009323676548930623,0.8837299577683599,0.019184085301351843,0.01776598332550013,0.041015261855815686
27863342,0.00420308190703511,0.010534396398600343,0.01292975730530463,0.005100535206024271,0.008931619579082239,0.8352120206936158,0.023124695354594688,0.016883556107854056,0.08308033744788894
27863364,0.004145319915864786,0.04639262027206618,0.00466547877769675,0.007501770071777085,0.13472627941998008,0.7637757076554119,0.009889477168171408,0.01758266697837124,0.011320679740660497
27863492,0.0030862874373578843,0.010527709742637345,0.013598445216964575,0.00498660407677722,0.007803773171678387,0.8057931899543789,0.021610245629700275,0.016360931605976084,0.11623281316452935
27863524,0.0028491818150613397,0.008612035005848959,0.005635837936497677,0.004015528234705441,0.007186390770550893,0.8980024265222983,0.02066221613530299,0.01645270229380476,0.03658368128592967
27864385,0.004484196495972044,0.010668218892034299,0.014987946940987184,0.00512780625582218,0.008236746168574437,0.8634766635583364,0.029667000767116772,0.018658189187998046,0.044693231733158624
27866858,0.007094133203711189,0.01332264813221422,0.1456082814682063,0.012540479305580884,0.030562037930821767,0.04207050101538806,0.010871334493949444,0.6318314895543315,0.10609909489579648
27867009,0.0011694512501458035,0.010988632150179855,0.0061472134402343545,0.0024500893921657312,0.00612288724383293,0.923292402217909,0.014676792157715134,0.013501665029277654,0.02165086711853954
27867295,0.011313103254879048,0.026091841914861174,0.02097728427551999,0.015015453088527692,0.5928594128505217,0.014071330461753571,0.003536122540210312,0.27618166730265953,0.03995378431106709
27867320,0.014543213924945531,0.026690567544117007,0.01225729795037081,0.01251490894341306,0.38767583683173307,0.02311694237255591,0.004007198315162885,0.46903423565508107,0.05015979846262064
27868671,0.0015901631082548677,0.008263339392018582,0.009191601404126178,0.002291107344194635,0.0028427295962766734,0.6705014811377905,0.23279562995975137,0.011785311961916798,0.060738636095670366
27869124,0.0021517938724035348,0.014502394898987987,0.006747981834130573,0.004131325614807498,0.012875329517671917,0.5306532701617395,0.01131928298910733,0.3842969870603845,0.03332163405076721
27871353,0.0020865333219065663,0.015395230580820662,0.013315717650607151,0.004496285749773957,0.017098434181502125,0.8856018018769127,0.012825972431418758,0.02418786871354595,0.024992155493512087
27872065,0.0032224759662265105,0.019294414562146398,0.0238427592385326,0.005798260623323605,0.011207115141651309,0.8234098213109967,0.0370411576950159,0.02699254058915835,0.04919145487294856
27872090,0.0023324860428777547,0.012324774166635867,0.013164963483854542,0.004543182561226332,0.007176594424659156,0.8869651304062838,0.022181218077663236,0.01376988102857256,0.037541769808226835
27872346,0.007279006946380545,0.015788179316485216,0.012955599832541832,0.012818436173776482,0.3277829887447502,0.009687287916147551,0.00291930966277254,0.5990781151259472,0.01169107628119834
27872375,0.00838328070761157,0.06223674007442678,0.018147995567593982,0.009813050390704868,0.48215822943744013,0.05581880413035499,0.00511658074006042,0.04592859906574093,0.3123967198860664
27873105,0.0021872860123422636,0.006768949879485132,0.003752812183097184,0.003064119161789469,0.00544209339930141,0.7545279203416728,0.18956890388988626,0.01578567706682804,0.01890223806559749
27873254,0.0059735055134755325,0.030803351389637627,0.006764935324930707,0.005228213793888595,0.05140735890011373,0.8538432643543958,0.01223756042579145,0.017602047020223204,0.016139763277543268
27875292,0.0029723433863700368,0.005071773428343662,0.015245419145402488,0.004464353735484792,0.06621138510402165,0.031140498312502936,0.003501161587753014,0.008043822866137541,0.8633492424339839
27875536,0.0030067060374843473,0.03387806353531031,0.0040603808600115305,0.00574025649190574,0.3251894583503723,0.5908394453500384,0.007228615590940308,0.019465356068057084,0.010591717715880062
27875573,0.002642759617167121,0.00949867329980429,0.021731531522202526,0.007685853186996751,0.04443503141786602,0.01890277100592644,0.0036712817323268096,0.010671603730727557,0.8807604944869825
27875678,0.0038794813109522415,0.030503353257874306,0.005466121543409187,0.004349423880933709,0.24118855743961942,0.6543351381945559,0.009629276932479383,0.027533615152284013,0.023115032287891944
27876547,0.0029383031061915987,0.007711463017149999,0.006173497768506132,0.0034224645725364163,0.005881747500486357,0.8461483894968215,0.05778792323293646,0.018388826904213625,0.051547384401158046
27876652,0.0041961478744081395,0.010399132540328484,0.005353707798081967,0.005943875297632766,0.1563766777942126,0.7377331727502479,0.02196773645005323,0.017781564767767415,0.0402479847272675
27877075,0.002611881726728652,0.006288127920938878,0.004620052933797719,0.002542282933053792,0.004296640227351932,0.3199044059429641,0.6202755540369902,0.021463160906897198,0.01799789337127758
27877878,0.0014564853929067067,0.007900401864623863,0.0054544834153498955,0.0017974631014011108,0.0023569059590071296,0.902772674982009,0.03105785539015567,0.007650384464040628,0.039553345430505975
27878191,0.006443294908135851,0.02038459740937113,0.02303073326408682,0.013429237677885175,0.568567229740708,0.010751664197849817,0.0035396046411096567,0.3425697227826643,0.01128391537818934
27878419,0.0031527229240283904,0.018879072381234374,0.27662053502765493,0.018769457366405173,0.023205104224593227,0.12939008512310138,0.008303168837843001,0.1489004542529842,0.37277939986215536
27879446,0.0020667550908143183,0.009782211113119197,0.003766285617030904,0.004700985006665662,0.0073108805849887906,0.867290454121285,0.02923162967445303,0.027463183623458017,0.048387615168185114
27880308,0.008879764931557755,0.005435018096444346,0.012844754176725346,0.002454834057759699,0.002616486933489983,0.05262990013209029,0.6235286705069033,0.008946245877094569,0.2826643252879347
27880313,0.03813620483382781,0.006154128901902143,0.021385409716159487,0.005516719973312936,0.003977176251554134,0.09319951759822842,0.1978186643750596,0.00883286613009389,0.6249793122198616
27880477,0.0034948599828393354,0.00956519168532,0.012443433478014437,0.003410066393193087,0.0029724066238752556,0.09237802511020766,0.6454253299606021,0.008551210806468078,0.22175947595947995
27882180,0.003255967905348456,0.009222034907662102,0.00645657970897125,0.0033916332095352635,0.004950303483911501,0.4679337937809259,0.4146007925529268,0.014808846463565917,0.07538004798715277
27882747,0.004563741932574079,0.054741034391787194,0.15452125557657886,0.01751416626937476,0.2913156515597792,0.01930822043737432,0.004768216953467713,0.11364428857270961,0.3396234243063542
27887188,0.02756583657926519,0.07000823759572998,0.022066913259685007,0.01093157957521647,0.06490603344235522,0.259928347413909,0.007975933080675521,0.040894950961847185,0.4957221680913164
27890575,0.0036643405324108115,0.40631726566697934,0.004813024658181042,0.007294322501810515,0.3919925776309694,0.047158821227971146,0.0051891848887092255,0.12548495201439855,0.008085510878570094
504327934,0.009157017793159255,0.024912146202661814,0.0318986336093813,0.015085708205115095,0.035261653969147495,0.15093645853740417,0.0070249146033023605,0.022626097734989258,0.7030973693448392
504328716,0.005754580459930405,0.031780641510422904,0.05372799067873454,0.008855949384349427,0.013546946114294934,0.030201062570709765,0.008539369827638359,0.012606827071698955,0.8349866323822207
504329271,0.001642893843523766,0.07397689730744181,0.2675483801314208,0.009482524831446765,0.007023049160872972,0.1901028931830228,0.014525462670715581,0.009671636013556608,0.42602626285799894
504329427,0.0140195097438555,0.02540485024028099,0.30342965044110937,0.04379624396934405,0.1940887422783461,0.21307059622819569,0.007590504071116705,0.02691927983595888,0.17168062319179273
504329461,0.004287284521458563,0.00725069808865347,0.04742462393526542,0.006901001154582673,0.010913545179249019,0.8236275568328838,0.008315238262861247,0.012141862632850107,0.07913818939219575
504329836,0.002233618745712493,0.03551523262077294,0.17473696996936317,0.011429442025043837,0.008545394314579145,0.5001014289782841,0.018079525320580155,0.011077361381436154,0.23828102664422796
504330927,0.0032409359617370436,0.7587821230536451,0.046323740232379396,0.02524218692550549,0.09562195383880148,0.01018164681383279,0.0036762208267024574,0.011633551906074987,0.045297640441321126
504333251,0.004909733098121498,0.04007739771690455,0.02931789425985786,0.011128494645131515,0.013919899947368862,0.35262185201018187,0.398647650316075,0.013687288262814994,0.13568978974354376
504333643,0.001804969227928683,0.05719874465096976,0.010562398157632167,0.0053202535362253355,0.007893609304830625,0.7370051638325893,0.017089265956292708,0.009092689510215352,0.15403290582331614
504334005,0.0034011236117201804,0.08300161321354879,0.02356438093810795,0.008867136615615424,0.04530012834962367,0.7203322597242012,0.009692594540106986,0.0157735159591332,0.09006724704794258
504334043,0.0017900478142453369,0.02261168353171058,0.007910477271887593,0.0035223834736839424,0.0033903866772297896,0.8210162644106889,0.04544955880801988,0.004835518663319938,0.08947367934921419
504336051,0.0033977684399930457,0.011697922653469965,0.012086754203790224,0.008160133332264796,0.0075076704644506794,0.44419681484015505,0.01527268455520792,0.009339021020569025,0.4883412304900993
504336563,0.003494341211222464,0.003953177045365215,0.03821524538912172,0.007808538766977389,0.01527597436351467,0.007994087647231713,0.0018796007853456764,0.005044857295438312,0.9163341774957829
504336564,0.0038452916767740923,0.004066226502243427,0.021597512920599405,0.005640220772008263,0.013687910872004053,0.010105733659843909,0.0022909562555275824,0.004681054944877313,0.9340850923961219
504336738,0.002736442464430751,0.007336042443281472,0.033324757729316055,0.006828838789729648,0.02802703951036803,0.013068779818404194,0.0031864022937070093,0.006518571073294701,0.8989731258774682
504336762,0.006519861326839531,0.005897682691407385,0.08685311650712417,0.009466069405197286,0.07327639650981105,0.017416729826929354,0.003341028654658905,0.007073557434662577,0.7901555576433698
504336812,0.0029141693390588664,0.010937952115691887,0.06402485183797836,0.014531063931533273,0.2185895271635892,0.012589567546289168,0.0029518248675858626,0.006441417199211174,0.6670196259990622
504336868,0.002497399566126958,0.009870240257326933,0.08831987691886822,0.010297257861533281,0.05417511133524117,0.017948377522752697,0.003021089885300362,0.008114985687751188,0.8057556609650993
504336915,0.004359280783393415,0.005452449437896039,0.5320110055449185,0.011066662783449872,0.1561671989210427,0.04875491319117102,0.003127158048568677,0.012251552212108784,0.226809779077451
504336920,0.004957252400912725,0.012001762511019651,0.10783454735017581,0.03131028577004233,0.15311916135225484,0.018027218261903146,0.0034133353918847412,0.009008695006414113,0.6603277419553928
504337993,0.0018834753785939354,0.008401121985707818,0.013612758149915966,0.0032593203560809534,0.0030089152063645735,0.2081517651896029,0.034546864638065514,0.006033483625389186,0.721102295470279
504338000,0.0021409108002565258,0.009950656108579257,0.013963557103942904,0.00467581762193041,0.0038494686342785177,0.4983036220646764,0.022207289073858487,0.007537712062151789,0.4373709665303257
504338862,0.0019491535522652393,0.009632690116535869,0.009178032315433269,0.003404923944045108,0.003136426519031908,0.8703404508780743,0.04015175016388849,0.005390501694704904,0.05681607081602084
504339844,0.004727202835512735,0.01182749540403157,0.009287933051206657,0.005508554839854468,0.008784705265964504,0.7832970212295121,0.06291512316717428,0.00921526201077988,0.10443670219596389
504340924,0.012004455246684673,0.033219826287357854,0.14959159352396845,0.02615786532528881,0.31379014887098505,0.0696515995426928,0.006196154590997922,0.02207521839227457,0.3673131382197498
504341625,0.005605977928683883,0.14308978765639974,0.02918404762789746,0.011164672377612598,0.3584921922580723,0.18737204015965153,0.006400171099067464,0.01565148848218653,0.24303962241042848
504342171,0.005676644280708926,0.187329560498685,0.03679448997142495,0.07838033241409333,0.07853057111312266,0.10526639964477859,0.005347460453151502,0.022220599161990106,0.480453942462045
504343999,0.0026410677037608213,0.02078927668110297,0.011557742070986875,0.006958794534198001,0.007257725363604744,0.7707994413564541,0.04320699868940528,0.010285492786568673,0.12650346081391856
504345544,0.009850516592455501,0.01649513747449024,0.05299565325954581,0.009246216800033758,0.028849932365930375,0.3658278613375796,0.00827517096454808,0.015739285423875128,0.49272022578154157
504345636,0.011628822925692279,0.016294401444502938,0.10536870287144529,0.009691969028292035,0.03189779639290255,0.2634681605595835,0.005541330911504838,0.011503906184132698,0.5446049096819439
504345932,0.002571248813847917,0.008353893941330603,0.012832712223030484,0.0036398396433809767,0.016753269432765623,0.889455567156677,0.007973587387635978,0.008777472247296787,0.04964240915403462
504346223,0.024605220847290717,0.015010907162070904,0.03835065205296413,0.0173079010554144,0.07666683079611446,0.029859061179800618,0.00877872967042316,0.01385185250289418,0.7755688447330273
504346364,0.016663435679425798,0.016166426395870515,0.02274379966837488,0.007403805494249551,0.013141966209224532,0.03588905123239519,0.028500351914181647,0.01157148002765078,0.8479196833786271
504346647,0.00879278190532013,0.02022618821043299,0.02278000714735254,0.00681669867022257,0.014988684870706726,0.41747261173193473,0.015432178165485505,0.010803004359312756,0.482687844939232
504347099,0.008379846003752033,0.019323282619197028,0.2055699260454791,0.008222594591714767,0.1458009814965323,0.022612820584515973,0.006501151737869811,0.009757742167886097,0.5738316547530529
504347180,0.006622750962419714,0.004141642518858776,0.251508320514082,0.008052097476553432,0.02685732665712265,0.02516599439445442,0.003077264280655028,0.010307731794962562,0.6642668714008915
504347225,0.004997903871490273,0.015640904935108824,0.09261637138897465,0.0408480200341118,0.22139898884670428,0.038844805971504824,0.005573233338279946,0.013884628716158243,0.5661951428976673
504347329,0.0040174834883425,0.00862792284237516,0.30144880892191833,0.004904628547929093,0.3210417442018193,0.06870430312027982,0.005384987045328099,0.008373990379662676,0.27749613145234514
504347783,0.006696316384234721,0.018630368634054668,0.020781098895073537,0.010388195407979984,0.6176557987481984,0.16880637996192724,0.00856269051325743,0.02849386417891266,0.11998528727636135
504349952,0.0017478606536843913,0.025280790983059683,0.4221116805217158,0.016910438356942028,0.008535569930023542,0.018801463117392385,0.005399523042616852,0.00937163122450682,0.4918410421700585
504350366,0.0018592826646666022,0.020681461328788387,0.03734182636216295,0.006297809710135435,0.003487451656544315,0.021998317901119866,0.014102723703923388,0.004740936177355543,0.8894901904953035
504351424,0.03232201822108407,0.010044790580508823,0.05392575925109901,0.01057970474696782,0.024969531153947632,0.1572626265101028,0.011626253865964624,0.013416715158017904,0.6858526005123073
504351466,0.026273005075519322,0.010546004770229331,0.026265409736218635,0.010974696955354395,0.013337099175758883,0.0653398430368528,0.01141371731998247,0.01486223328375222,0.820987990646332
504351469,0.011083052506529203,0.30923599889253417,0.09920046258122373,0.2002623936706549,0.12974773042332036,0.05720352490252954,0.00938811499176261,0.0367921443884479,0.1470865776429976
504351474,0.007311417217227404,0.004634611253753398,0.045881693695093886,0.008077693586356549,0.007125450167678875,0.060120999543122264,0.007932174545883214,0.008223872724744462,0.8506920872661399
504351507,0.0050343688103487915,0.005573786279191748,0.018959783674746523,0.0039619918052973485,0.0033664852173838494,0.5670015139926952,0.038176344185011736,0.005545214158389712,0.3523805118769351
504351699,0.005325775544408384,0.051177183660194164,0.011789332233004638,0.007607989280452039,0.027518292078995858,0.6652010712435297,0.014104826160354314,0.012909125972245994,0.20436640382681492
504351768,0.007051699680498327,0.0308770050763948,0.027544670727003256,0.018543767681797906,0.0420695479157356,0.19264312995071065,0.007957919992012194,0.017004591486132935,0.6563076674897144
504352727,0.008399351686967912,0.014479305973805642,0.05684276038754429,0.018122930817635056,0.019025678564364372,0.02313851489464649,0.0044237588253471785,0.015415717256805475,0.8401519815928837
504353018,0.001644300328371679,0.031594489114323776,0.8453269346633394,0.024344537530842605,0.01095992340319683,0.01466557550210385,0.006996542783613143,0.006976346763740934,0.05749134991046773
504353426,0.0018635373865610308,0.11166472312468098,0.710764106844867,0.040452056116345086,0.028330076545415132,0.02204746158583505,0.007988413980772354,0.012595829517562253,0.06429379489796103
504354365,0.003223736176365134,0.06000915819415316,0.011104980085157553,0.009622791433548739,0.059251211849511126,0.8161093202602823,0.007150718177242722,0.014391502655820431,0.019136581167918946
504355126,0.001936586740609323,0.1645373703315301,0.6240758683763215,0.027365601239926367,0.07400293246065925,0.03228921579637177,0.026679363068045678,0.011917992250185335,0.03719506973635068
504357330,0.0022566758393136313,0.015489443104240615,0.005623153277139576,0.00447815222349407,0.005783279498055818,0.871502434373765,0.06044379209737388,0.007761425964400942,0.026661643622216413
504357667,0.005012152681543338,0.05204806286737893,0.010322357573730154,0.007938836019342841,0.031948611237665674,0.7673453357854126,0.017060274946206547,0.01353705659692141,0.09478731229179849
504357830,0.012490313116941456,0.020009377453687048,0.018744593086843935,0.011909674234132804,0.025083171705791323,0.6372666069948376,0.017043974114046356,0.012033737134977391,0.24541855215874214
504360233,0.004029194553809374,0.5151629855550557,0.037335873651978754,0.04118983221795464,0.13441641205893826,0.06139082537137755,0.0046221225691649446,0.015672826800503335,0.18617992722121746
504362035,0.0021829418084488746,0.13023797355179323,0.04596865788068292,0.02946250393005421,0.011381330055389294,0.0147577565189753,0.004723038158825142,0.011536355688447542,0.7497494424073835
504365115,0.0027147290133341644,0.05248029941796188,0.12641841069834814,0.02607422103190101,0.7553181451543466,0.011692796616014288,0.0028453104217448085,0.01459835415732681,0.007857733489022268
504366525,0.007419456297305578,0.048540034366981955,0.013753466559747863,0.011425083690185989,0.0198266311049065,0.06466577937594847,0.01412992222581027,0.013658914231989975,0.8065807121471233
504368253,0.004344332346467965,0.06797933800628729,0.009804985907097644,0.004912487420720533,0.013138222731191912,0.06413296646772153,0.019931216997117425,0.00931794640013767,0.806438503723258
504368381,0.006624636307854241,0.035504909237221494,0.010808346465519921,0.010327880973099902,0.03173082421035597,0.5113846368445933,0.009780647908013576,0.012463659396168884,0.37137445865717267
504371163,0.0012985002130789507,0.016468676282642775,0.004734489417754309,0.0032353477320609,0.004033044784818385,0.8930254262851853,0.033434329114852376,0.006228231562472541,0.037541954607134415
504376962,0.001409012948847109,0.006571741628574318,0.011316432073713335,0.002011704024039831,0.0017855714536992623,0.03254828972369638,0.04983715873369819,0.0032302766161063476,0.8912898127976253
504380857,0.005257795279806503,0.033513517180663366,0.013690753576535594,0.005216743776125416,0.012394794071437728,0.042457575737358935,0.014840765705179986,0.010502416926892683,0.8621256377459997
504381584,0.001288904254194704,0.009306447782238622,0.012506851266631652,0.002513964182253894,0.0017329492893895396,0.03464114421364804,0.025441851374470026,0.003524272683772085,0.9090436149534015
504381589,0.001141635742301067,0.007502507580694643,0.005856081800399729,0.001990537040107945,0.002880146289935629,0.892621068310416,0.036634227623430035,0.005001928021405624,0.046371867591309415
504381831,0.004496628917908603,0.04346230979472815,0.020029158188951665,0.008794134081994833,0.02528202026679902,0.02938915964077839,0.007617827574541827,0.01095643645860794,0.8499723250756895
504382069,0.003200027666395751,0.08456742993523242,0.025565146930090932,0.01576630462949791,0.016302236310367223,0.03843286021815132,0.004861722348896915,0.010720059788952522,0.800584212172415
504384590,0.0038297648412322287,0.023821359820231494,0.017231576763383747,0.015856829986082264,0.016460125509546005,0.5072618472824528,0.017133594751260965,0.01648549855958025,0.3819194024862302
504385383,0.0007974717912994946,0.008731731987412832,0.0035665697299457773,0.0024652242063559005,0.003881829776538193,0.9479993311160019,0.011047043263551085,0.005948845852698517,0.015561952276196332
504387218,0.001004082277310084,0.00585776503839184,0.004897246671401375,0.0022612709385439558,0.004345627596200296,0.923259123217399,0.014841428623225354,0.006956170971049955,0.036577284666478214
504387287,0.0012659719417675425,0.006994999111947983,0.004890890686956648,0.003039392685696824,0.005799548822171345,0.9026335319375118,0.016243706545232627,0.009661299686602834,0.04947065858211243
504388681,0.0009985313135773364,0.018185171756115403,0.011015334675828832,0.003946149571440636,0.0038110526294047463,0.819408836532799,0.017598865560037393,0.00470576525541811,0.12033029270537862
504388798,0.0013217165621142327,0.02460063281046757,0.04060721867797876,0.00832081011447591,0.005418338583104086,0.13690877750106534,0.024078898138184923,0.007617674667454696,0.7511259329451543
504389816,0.0036336574978045664,0.5176925750741418,0.023184672483083743,0.025622121974009572,0.02379903524772347,0.08534035043827791,0.011533283230050978,0.017210989755075897,0.29198331429983204
504390492,0.0010745045129048995,0.009020538113388819,0.0061635823867715244,0.0022652108893654265,0.004014271102465441,0.905814855194892,0.02250787939166133,0.0063264043562574115,0.04281275405229301
504390493,0.0015041783638967648,0.008594783614754995,0.013925992735777111,0.003357936684599132,0.00342786484569639,0.7062364458051964,0.030736277100418832,0.006035122434353107,0.22618139841530738
504390545,0.0012024705098708055,0.03894149084759363,0.025032472424247516,0.006843946375370859,0.004184329792043526,0.029313650410382624,0.010580283965319862,0.004839383307391073,0.8790619723677802
504391576,0.005823933291183426,0.03930339263690628,0.007228740203826127,0.007146383558776154,0.04676398473198487,0.831672240284097,0.01893659987911217,0.01501615371507315,0.028108571699040793
504392332,0.007021516639448424,0.033169167326081064,0.00847642312470948,0.007478454791452065,0.04366947800710832,0.8260747205587795,0.020470061047471597,0.013870674138423113,0.039769504366526334
504395066,0.007334717771893209,0.017981279855699066,0.022075618781067206,0.010214336730287448,0.0732915461281621,0.8094367617565745,0.006463248512126678,0.024016647679127943,0.029185842785061866
504395322,0.003776543689893093,0.052691178297826186,0.16852468701887197,0.028700681455603404,0.20360514923685608,0.10592288941114592,0.004142737188606559,0.018437145836675446,0.41419898786452125
504395895,0.0015455178017096808,0.006339829742482132,0.0049922018270085605,0.0026580557443238438,0.0033130188919413945,0.9174530359409834,0.022243168935837145,0.00505523441332179,0.036399936702392055
504397336,0.00572912150572322,0.26191243991331187,0.035155102033042826,0.1974710178970021,0.11418532610329035,0.25500198809115143,0.014214086463166346,0.03636182614772551,0.07996909184558629
504397863,0.001167889122156066,0.006380907121590405,0.003698527631224684,0.0031734605826090963,0.004316320488256556,0.9446576143257363,0.01023112512937182,0.005529928320078999,0.020844227278976127
504400079,0.002056468838996507,0.06097665044103556,0.010416393802569271,0.010268210900227944,0.11020866801554609,0.7793502416072933,0.003687009244793862,0.013160183500667316,0.009876173648870178
504401003,0.004059480393017602,0.040942804859731834,0.008146898234595811,0.007442026496800784,0.03774004136832652,0.8474402942470327,0.009201930897324942,0.012116044433086276,0.032910479070083355
504401036,0.0017780738806918498,0.017842495027104693,0.005040547010342012,0.0039954752595211685,0.00632956571880319,0.8759375101183824,0.020098302404931472,0.007510006312223652,0.061468024267999584
504401676,0.004582554787584901,0.03540721997457666,0.007903341137033199,0.006876073721565016,0.03592054614974385,0.8614897355604878,0.011215612080542463,0.013907686358137097,0.0226972302303291
504402555,0.004793347055470595,0.03717663820249956,0.007273469760871944,0.00591918647984174,0.03880901666163597,0.8507036332974882,0.0177871861286783,0.015713072103595863,0.02182445030991786
504408291,0.010049127653521067,0.02352743249225534,0.014892188860087327,0.0077786707600068965,0.06820612462386631,0.7864213462841856,0.016749571440652016,0.014027750614851894,0.05834778727057352
504408409,0.013323256344278906,0.021594264544510938,0.013130833016928217,0.012284461380713622,0.04919827303612271,0.837972401228819,0.010918952330461005,0.019952449116073964,0.021625109002091535
504408471,0.00971113827126631,0.016435615765598738,0.010359641357279,0.006931750957204943,0.03142874665409638,0.880175586265358,0.009297229537284462,0.013558317047236075,0.02210197414467615
504408632,0.0023998458060508184,0.008911207623432747,0.010572450400464882,0.002917640383909336,0.004112132083921006,0.6931245204941843,0.08005113657118078,0.006138471386056706,0.19177259525079943
504408669,0.0015940693124437046,0.008607868598028518,0.0067215894177773666,0.0019163251838749742,0.003458419120549001,0.8916398169927542,0.04357948962482684,0.0067850502541681665,0.03569737149557724
504408824,0.0013220348508869956,0.007820439147214371,0.0036042073567937026,0.002120372982950672,0.0029155805900962805,0.9348552445396408,0.02176978620200429,0.0036402993927830427,0.021952034937629886
504408952,0.007021517737031942,0.03161860001870265,0.010177614414206166,0.013421260346154817,0.12319100296378287,0.73723457836673,0.00834852481536928,0.02027925644198517,0.04870764489603714
504409199,0.0028251866733065563,0.023912941064345015,0.023921553397585033,0.014256050257357109,0.006436056780913319,0.7176840310115009,0.039137885670508604,0.007033754099706625,0.16479254104477692
504412460,0.0029814670508874217,0.014029433538529998,0.03331876036387901,0.008069918251269256,0.0056297082516799405,0.6975828942343305,0.027181987611334266,0.006768405587952359,0.20443742511013713
504413297,0.010616824501765305,0.023202239705185965,0.017546142909797363,0.019779543992943915,0.04442366160139185,0.7917318935651666,0.024968328774753377,0.01758270528292671,0.05014865966606895
504413469,0.0025715821696534157,0.014416836065412494,0.04680146722527603,0.007869928979838582,0.006289422428950398,0.11069395505194658,0.01757450900856889,0.009220646899033898,0.7845616521713197
504413580,0.01098101454345936,0.01602070244983838,0.020581004885420955,0.0052694837428396155,0.015564988894772104,0.7385891998364638,0.015512632880631297,0.014509683441360709,0.16297128932521368
504414977,0.0027310120997769945,0.017688356093160402,0.35758581145609114,0.01519931911668757,0.011030485715682367,0.21208263266015576,0.008918047724659312,0.01036705833124471,0.3643972768025417
504416303,0.002139794463117867,0.010302462793783685,0.019605528820619656,0.0036540199878161506,0.004623957228173508,0.3028712375224336,0.026259299323961306,0.005899010531316155,0.624644689328778
504416469,0.0028505086099797406,0.261599236976776,0.2582461534417719,0.04028271893623359,0.0721104800659383,0.14220333658639825,0.01516273510633002,0.024870801635629942,0.1826740286409423
504420292,0.003672198635450818,0.004678150270651534,0.009285028202227158,0.002864394214111084,0.004303746913647969,0.8964840378306151,0.01575659097425008,0.010805595253024424,0.05215025770602165
504421020,0.0020665166264515174,0.012674213818225297,0.030481829481719964,0.005630331364705988,0.013013115204261903,0.8637872267351574,0.011353704881348495,0.017483922870634962,0.04350913901749436
504423211,0.003016853058855947,0.061449080003815444,0.03620139982953602,0.016580279449175405,0.007040614191814101,0.01688870102758804,0.005158891931089305,0.0073787645007032596,0.8462854160074225
504423619,0.0018881614440175033,0.035564051689724874,0.02165212238485397,0.008019364718961763,0.006857551606052996,0.6429179960126936,0.02012040404491038,0.008630094421145694,0.2543502536776392
504423775,0.0020918940835507583,0.03968860527687532,0.021502605449704476,0.012973572841109476,0.00786499023519703,0.6738563602438119,0.028381062809673906,0.010919047155872552,0.2027218619042046
504424204,0.003597159130131003,0.012393626962061404,0.21907974858008478,0.010176913574398688,0.010826174772367872,0.44739387359858646,0.01516190730651622,0.023212860289388144,0.2581577357864654
504424299,0.0031227706317594178,0.009770061454598007,0.039677573685322286,0.0043866888471591065,0.00842509056362718,0.8382515847347494,0.013617399355963372,0.010493238900567647,0.07225559182625367
504426029,0.0015198772682031695,0.011988278963491255,0.0070426093755340076,0.003886066326110158,0.0042328242936151145,0.9186353864303969,0.01447064759706574,0.004337063060038553,0.03388724668554518
504426195,0.00813906074464189,0.027088407968947143,0.18245705347549232,0.3324337098320168,0.2079637585743696,0.18465375357581823,0.004649532663444414,0.016113474117537427,0.03650124904773208
504426301,0.0046128909228317135,0.043764052593851605,0.08906582066415819,0.47065384572400637,0.18356282543363936,0.1395921859130928,0.003741105296678465,0.019106346872574155,0.045900926579167285
504427057,0.055111731818946505,0.03247787883773974,0.08516597211632988,0.05258398176942336,0.45021954398179354,0.215226809345867,0.005610002737139243,0.047944670358688754,0.05565940903407202
504427389,0.0033320785232798006,0.0740469888543178,0.05679420849357074,0.04096191056826109,0.7650925072391723,0.016242759240230352,0.0026952484796240964,0.012411006396713534,0.028423292204830225
504427939,0.009560262686257303,0.025269786976091356,0.2248304642850077,0.08281741348530167,0.5204333212732214,0.07972525813206759,0.003249140343826016,0.018373668524626078,0.0357406842936009
504428006,0.0073514230949692635,0.015300381060758983,0.12531171632035973,0.020963505259481163,0.18851537142300184,0.14937001167020167,0.003787842335070791,0.019182551219032437,0.4702171976171241
504428022,0.003433842429560105,0.03852273796520955,0.04796130760491889,0.07840504880226745,0.5266238480583267,0.11771977117120816,0.0027778747400113483,0.015181498524583455,0.16937407070391436
504428239,0.003516339731164382,0.02217137963541961,0.021456243296970868,0.03477255288663091,0.1910636556483553,0.6108013400707637,0.0034294736794097946,0.04865426896881071,0.06413474608247477
504428249,0.016345006641647175,0.02264830292218088,0.034034979169033544,0.04157376301149827,0.17441326077807146,0.17659661535844445,0.006214041178636865,0.16330535710264227,0.36486867383784505
504428395,0.0027662879114473994,0.03724233381137714,0.03866541618772382,0.1542316222743627,0.5326743703582911,0.19423080708464102,0.003561597895812445,0.01593543425359476,0.02069213022274964
504428424,0.008938115686940671,0.07040482084345953,0.026611767162124315,0.049944844635077305,0.33289625991938293,0.1268259060001558,0.005542083881570929,0.06536308917435013,0.31347311269693834
504428819,0.003671093574273654,0.04833117107485844,0.006451718532725836,0.00926255377343362,0.05471187322388917,0.831524809117598,0.009203644205793754,0.013592797500885616,0.023250338996541837
504429299,0.004141808975791107,0.014757725769101422,0.04936983225466127,0.016859862873578425,0.06365175479358168,0.7106643139445731,0.005231115162781543,0.024704999579972572,0.11061858664595897
504429339,0.004469728198439696,0.010052821523395095,0.13678446245382983,0.013156436281617848,0.03451688898342292,0.5627380931464797,0.005632388239255743,0.01789585379890766,0.21475332737465141
504429343,0.005524162494162469,0.015207235655759516,0.029295696315161022,0.01571302915600642,0.22259442549697428,0.6547295282111949,0.0033204068692338257,0.027391216237282582,0.026224299564225003
504430437,0.0015060539023985986,0.011079081805418112,0.006033781406253208,0.0025834685531293876,0.003349869151259173,0.7366904492613093,0.021252173805953577,0.004852094858878478,0.21265302725540014
504431398,0.007565295763566432,0.031201865923843695,0.02914701759342517,0.011026847831524276,0.06355905760713773,0.4907637128655049,0.01025072412636316,0.016865794071926954,0.3396196842167077
504431611,0.006196603810771346,0.046765999251797474,0.02570187984493262,0.006839666765782532,0.06376990723901577,0.4420936529337448,0.03907410063990137,0.017141713776584758,0.3524164757374693
504433659,0.0029083805251139193,0.25994221038254983,0.009513301980646195,0.01653122976879058,0.36378278677093234,0.31290413564733943,0.005082777985332288,0.01343112849844931,0.015904048440846072
533174543,0.05877942440840157,0.00709879168264046,0.014185261859516497,0.051955450972029846,0.13732273337447615,0.27092777171823734,0.01380190682203311,0.12115133809156654,0.32477732107109847
533174547,0.3256654243879439,0.010187162213521696,0.07495655370342538,0.042208667732432516,0.027132335407762834,0.2196248266438634,0.01068512110007419,0.040838037699582164,0.248701871111394
533175655,0.0056609459769689195,0.012189760587589851,0.04164035848752297,0.012584033000896834,0.007405185406259268,0.6920463018015724,0.027145293471462207,0.033220202029159734,0.16810791923856772
533175850,0.013758415678890362,0.02563260074823829,0.009032198936278544,0.022816040840005113,0.15974673829716318,0.5339263251888064,0.03419344410080847,0.11199866501167222,0.08889557119813729
533177196,0.008580663545484098,0.025604162217048764,0.06683895456869941,0.019378823812007076,0.051000670800067184,0.13538059639097338,0.012669515736317258,0.087051611715175,0.5934950012142277
533177275,0.011060779172317079,0.02356370311016974,0.017875772958742743,0.013128147426389056,0.028011769458874316,0.06772742249237151,0.015747910634672596,0.04159935863136205,0.781285136115101
533177327,0.019423971872285152,0.023688902121883088,0.036923337076365595,0.014887384902396402,0.022319871238374155,0.18121318371380155,0.026588724355077913,0.11044023734659436,0.5645143873732218
533178326,0.03658938818362991,0.018435393674802722,0.010157548957446432,0.009987316289255484,0.507068953941152,0.12078522276243228,0.015782413119850416,0.22704051124002989,0.05415325183140086
533178451,0.11061992559849408,0.014226378728176755,0.012230600388353626,0.007011651759306014,0.038785228148281226,0.7058418859166253,0.013279051559638844,0.06807162498595172,0.029933652915172262
533178511,0.19414133278279827,0.007384278650338094,0.02524877413844474,0.011481099267285303,0.11383211114368781,0.07855768164887544,0.007927396587815952,0.24480862692060418,0.3166186988601502
533178855,0.009952728470697315,0.00981331044022477,0.009686132667357442,0.015078302503620484,0.41872768993000575,0.12133724991062864,0.010416641283579622,0.36039556387589405,0.044592380917991906
533179869,0.008406991560393475,0.029804751334793888,0.00939261027188128,0.007466889713828845,0.035752298880256765,0.8112257049368508,0.0422300488088453,0.033930732158732685,0.021789972334416898
533180924,0.3377753497220713,0.011633281924952747,0.009881958261047005,0.004804522039277514,0.010378229037452185,0.09152124057675937,0.4997225619986754,0.015948090965309136,0.018334765474455426
533180990,0.005336584872662236,0.034630114315557466,0.0280097765848934,0.011770228007597803,0.8002736505279072,0.02446952725717913,0.00703906180625276,0.07807177290429025,0.010399283723659667
533182136,0.0030483443372177695,0.0056138138056281055,0.004908131995072608,0.002018853031997779,0.002952556394294793,0.8702466816321508,0.07953229635408571,0.008951814306537584,0.02272750814301484
533182633,0.008628570260295553,0.023164353762345182,0.00946758917000734,0.03383623147926723,0.5904513689790166,0.019550871904235392,0.005085892354918094,0.29780350146745527,0.012011620622459284
533184860,0.004912535297614436,0.009260712479066126,0.005873185139684635,0.009324401346504758,0.01143958238886885,0.8496682981204252,0.06269301340941241,0.030097410675383532,0.016730861143039944
533184862,0.0019863191010534285,0.007331585822142222,0.004352968707276746,0.002879293641876602,0.0031117568346077846,0.5622532294207364,0.3693019355557681,0.008955632822937041,0.0398272780936017
533185108,0.0032643523773881727,0.006811217986116566,0.004235791929327591,0.005461115991855093,0.0064429782258303625,0.7750212015591391,0.13787554067413527,0.03392414046369544,0.026963660792512417
533185721,0.0019404904804187725,0.006674536673050968,0.0034552133578970696,0.0036133108940973493,0.004171447639229587,0.8838992680516311,0.07075712505961206,0.011286603601336893,0.014202004242726239
533185873,0.006253690410705155,0.02838805323705823,0.030911452360583812,0.006712785562375245,0.010632937007540935,0.4740576441128749,0.050334278502987224,0.19307679998440003,0.19963235882147448
533186174,0.012081843639182273,0.008347718594480802,0.01714626916079343,0.010135223336310084,0.012935457121626618,0.682555605598794,0.014136021431581292,0.11407760966323348,0.128584251453998
533189525,0.00961765446391368,0.017748567637823554,0.39718608197473526,0.3839261371037273,0.07031186487795019,0.013829576399212758,0.006049796236957448,0.041374726036770865,0.05995559526890899
533189863,0.0033386292562041595,0.02637962105515292,0.05033034530874397,0.7800950132146576,0.020021488578640806,0.016039545467359004,0.006583471134887443,0.04752884095238921,0.049683045031964954
533191217,0.007947905072465122,0.03541065518175232,0.03133423777172235,0.011932282250284119,0.008495324863094313,0.3716142340510269,0.05523902103407852,0.21498714583480533,0.26303919394077113
533191451,0.011315010596750677,0.005361715745752671,0.007760767822153158,0.0041555097235926024,0.0035223144337712476,0.028613418388211527,0.3930466533965926,0.023726957757941366,0.5224976521352342
533193707,0.012843877759979402,0.020628345416623645,0.007707823075394431,0.011852643636287833,0.029481209987710883,0.8282970519873015,0.0385656051251531,0.027888079546122425,0.022735363465426685
533194041,0.00999589972123099,0.008630940922389141,0.012262374151473326,0.007183307941621579,0.004495820801941521,0.2999676828729335,0.18408601197354038,0.03952184105800165,0.4338561205568679
533194885,0.007789078826958932,0.02782698612150015,0.006498621750699877,0.007880597748091368,0.02858659799101427,0.8289282612619797,0.04648059248836649,0.023640500828157444,0.0223687629832318
533195438,0.26565504479164986,0.00681637275150285,0.023215631646875984,0.0483454739284503,0.08657707771578513,0.16285628415627534,0.008138729275207666,0.024834014429783786,0.373561371304469
533195444,0.06870444339991874,0.0063571695115089005,0.014154300274814728,0.01890895127806353,0.22978226689612702,0.5096175199773865,0.011479896659332835,0.018780762835931164,0.12221468916691654
533195449,0.1347365707007413,0.008069721113326867,0.023650349983700816,0.04916762955215673,0.010106355499213359,0.07638859931925301,0.03473650921039846,0.1436553970213461,0.5194888675998633
533195473,0.006651940393618269,0.008597868069185754,0.01251856314548969,0.0035933723584606883,0.003649046945500226,0.5846100367428466,0.08933117285271841,0.016595716628144404,0.2744522828640359
533195485,0.06783390541186556,0.006940327198747671,0.013160390928949765,0.020345071484682075,0.05751380808772026,0.2962472204705236,0.013340924814168771,0.014914134719080447,0.5097042168842619
533198040,0.005727019942048563,0.01237050400188724,0.016796592479279008,0.006088294979065244,0.008198240319404903,0.730053679151897,0.029568252709703764,0.03500319898125267,0.15619421743546158
533200264,0.004186947968914901,0.03694374158454716,0.21437776962109092,0.06704489802993294,0.08246712192696161,0.017907799730341803,0.011802992306937009,0.15235129071969744,0.4129174381115762
533201480,0.01491462277821636,0.03823162783554176,0.02435065925306088,0.02380630308124062,0.025842804618284552,0.6645854122620596,0.014944417260507995,0.058000024384848844,0.1353241285262395
533201498,0.019221405483556272,0.019533741214498714,0.029374037131813847,0.019486205807561878,0.05712494223956882,0.6189625474481466,0.008620684654849359,0.1059959713876662,0.12168046463233845
533201854,0.007377713191223599,0.3063179528598703,0.04278655881564666,0.026402856649068763,0.12060267302726532,0.13114268010535196,0.012544955441989396,0.058182109030030106,0.2946425008795539
533201920,0.0035198465484162795,0.2252212860092443,0.07445667239850329,0.11985556623980148,0.010920569092329833,0.07226423312351338,0.020470366703541513,0.03764248867245209,0.4356489712121978
533202120,0.0024354700012918892,0.011648569614247485,0.01265724594141963,0.009068754369821052,0.008462254196055983,0.856408377331637,0.019617835585420608,0.03738427004391561,0.04231722291619086
533202555,0.0022506192150408893,0.008804454348347986,0.0052591853162650476,0.004557913510502619,0.004691103879862716,0.8692089980622639,0.06417471284293708,0.011923351118202932,0.029129661706576822
533203002,0.014005520019609205,0.011383202929334934,0.017057772275077977,0.31641240755217015,0.01271899416635761,0.2529678816189248,0.012607656081122439,0.0733571890099918,0.2894893763474111
533203019,0.01080673488105734,0.012147871748486786,0.021690360023588418,0.5262945982284946,0.017681441138946246,0.024101301969256698,0.009209602835770617,0.09440193034515479,0.28366615882924445
533203438,0.008095615440054865,0.02192666830417603,0.015833385325350974,0.7561457106567158,0.058203241842751545,0.011427563880661048,0.004570183409037892,0.10590281469085105,0.017894816450400905
533205437,0.002760377002340309,0.010745530529770723,0.009623579373525554,0.004404075193666815,0.004367289098406581,0.8333503544652253,0.05616761066563393,0.01403601131543806,0.06454517235599258
533205770,0.004909840053478848,0.014425127970209199,0.03370788569175141,0.0346305422368317,0.011314213897224219,0.1889321635100133,0.007680343316992295,0.3059473697654348,0.3984525135580642
533207497,0.011805044580622155,0.01165165737046263,0.02563049469767215,0.013047812337095368,0.010222318475250168,0.8378638516120991,0.023804817237789176,0.02565386175970777,0.04032014192930143
533209071,0.012781164169928114,0.007278258313118521,0.013136320516101738,0.006860007176053827,0.004779720710210516,0.5522301703930641,0.22312959136306149,0.023128437914483706,0.15667632944397797
533213890,0.00755785309233503,0.036151184467547434,0.01806423448631547,0.01161832183609904,0.29354912643720404,0.5598118304570351,0.01358958487066142,0.03903075558285773,0.020627108769944818
533216743,0.0034241805263569435,0.011674445757624224,0.010499739577527454,0.006896392254832694,0.005089487240308763,0.7905291566046666,0.055902912723501015,0.038268650282264186,0.07771503503291806
533216785,0.0025044968927692055,0.009527926756817186,0.004814307701805771,0.0025903805512087564,0.0026705916948125204,0.5512063610783703,0.2339066115589247,0.011491450586207333,0.18128787317908424
533218853,0.009659326687670628,0.007941876308215638,0.010232322247637518,0.011426134421565296,0.13493668229926953,0.025845082544736057,0.006460685989102299,0.766560363871855,0.026937525629948035
533219145,0.005104854058261149,0.02765276330888064,0.011344456023334634,0.1412930278598532,0.4526163131708819,0.02376917974322135,0.004614686746489283,0.3266800566333982,0.006924662455679652
533219629,0.055803515604745633,0.00783409104850742,0.015395214459991478,0.006658368726441271,0.008072011824009693,0.633291460600761,0.0490917233155194,0.14294892576275248,0.08090468865727166
533221725,0.04157820765111264,0.11122714342313825,0.3009048085469648,0.03336711493130479,0.008833052732762615,0.028269559912335943,0.03180451230856298,0.05556482095295267,0.3884507795408654
533222260,0.0031890027906486033,0.00402662521651216,0.003586355857823984,0.002152838010910836,0.003045631098437487,0.5360186363057983,0.4278734201707418,0.00914724187928686,0.010960248669839896
533222765,0.0031491791868627286,0.02222066838442869,0.004769031608204509,0.01567685516017524,0.7785273593762703,0.1195700951070647,0.004341814927186065,0.04552231877084034,0.006222677478967602
533223218,0.006059463222793594,0.020357592487536838,0.007609238482347314,0.023784370194070256,0.5332816931940401,0.1797934461519654,0.0033438843939854164,0.21502822967998358,0.010742082193277443
533223882,0.013351351259763505,0.02082105092949607,0.004794541849312591,0.016636448751657686,0.10861464398663044,0.6609037142772114,0.05559454321970486,0.08293999622238296,0.0363437095038404
533226274,0.0066874101716757825,0.033191990540295827,0.044939898720270266,0.29920260172243074,0.06390513802807284,0.012474841088426347,0.005837316878365475,0.5111510174293692,0.02260978542109354
533228737,0.007069066798583627,0.005445166654612864,0.00368675620700561,0.003353588149721488,0.0029516332358239927,0.02246649667995752,0.9216274747119122,0.007274692197370056,0.026125125365012526
533229360,0.015970104415071396,0.009965656669559926,0.02415378118663223,0.02109794153609178,0.058020590003497664,0.05166009031213271,0.007990631516908382,0.6474959747850737,0.1636452295750323
533229362,0.030281716406710867,0.007019268440889306,0.03763580136035002,0.013912783038621684,0.02124026291955593,0.03624241230282706,0.011487629677882357,0.5981609306000096,0.2440191952531532
533229379,0.10048534539277748,0.006115542565801823,0.010656136354697733,0.011100119976655207,0.15179017840552753,0.2650859439971439,0.008440285943652884,0.277036560549887,0.1692898868138564
533229787,0.014339098870508393,0.008593500664427675,0.00844958273629141,0.01107151174950347,0.13741240616437797,0.062281751728714155,0.009786318512386769,0.5588786433350279,0.18918718623876218
533230002,0.006029894863492866,0.017196864009108453,0.06215090780871485,0.01255884954366547,0.009386895816832906,0.7405272463896337,0.03857303239894025,0.045406807836968,0.0681695013326434
533231729,0.004171110782372734,0.00642002583009512,0.005246907093586551,0.004048795798423522,0.0026526193087822755,0.2127290843051012,0.5211326166671797,0.011093701626635475,0.23250513858782348
533237211,0.0035546020709758645,0.0063334664442351975,0.005045588990597431,0.0033003624466656895,0.003300687595335132,0.23211293780837977,0.7144267880318202,0.008889868377109703,0.023035698234880945
533237330,0.005220312066335686,0.015095311845136355,0.02404738393422675,0.01226441274727643,0.0069639481626395,0.7780399436803426,0.04763263396907944,0.017746043851723507,0.09299000974323973
533237348,0.005243931340854281,0.0250250823100996,0.02146597553111403,0.01613471496814726,0.0065427704072122915,0.5080173291144662,0.027120037372393106,0.03298900350175012,0.3574611554539632
533237744,0.004628472365592876,0.008158732490694065,0.008060523104945599,0.005270123570778003,0.004262361779868336,0.8327130661273268,0.06408150408850642,0.012027744677084048,0.06079747179520377
533238082,0.0024021588870085466,0.010414910315535581,0.006983408895096856,0.013084058633174448,0.0065639288777445464,0.8874417492080351,0.024511165491562348,0.021880334635035754,0.0267182850568067
533239437,0.004830124223915126,0.11093882900060911,0.04713250885517328,0.26007376412429417,0.08436994289746864,0.09288496819174086,0.004880288815276138,0.3219558502867313,0.07293372360479145
533240180,0.003439618923022348,0.0086865680490718,0.005970889747181617,0.007000796037866276,0.005505732627453449,0.5629126949599064,0.3145026097417345,0.043851175186382006,0.04812991472738151
533241288,0.002354837856535019,0.00532539658332392,0.0032172807096034805,0.0026830844645165993,0.003242501039354569,0.8798092255875339,0.06425693736210028,0.014573300443665668,0.024537435953366497
533244189,0.0025123995586526712,0.01487532903139954,0.008530922598237869,0.0057031806874760435,0.003019444413859868,0.25434127951173147,0.11184629669167181,0.010810830403800084,0.5883603171031707
533250633,0.031839108235354234,0.0027659619119089285,0.004190511780576482,0.0020102183691717863,0.0027228027141442336,0.20836179080955586,0.7242028056364211,0.007090961813875721,0.0168158387289916
533253042,0.0023148420397937713,0.010001784525082399,0.004197097042198402,0.004227047206328019,0.0037534523360332147,0.8516524385603086,0.06922366330965533,0.008954755705298441,0.045674919275301866
533253303,0.004196991151954623,0.08367847305929885,0.007121321114628614,0.014798346120820004,0.08854579755226324,0.7375577506678392,0.012577728873159586,0.029711893091331244,0.021811698368704547
533253452,0.008605362441456411,0.04626450486307328,0.01381844497525873,0.18234442110143692,0.013644658625463489,0.11608580902914667,0.017471793169715696,0.5089184535449369,0.09284655224951185
533253763,0.001944316042804629,0.00642858064383001,0.003109139368046522,0.0031198735492660927,0.0025658356357044763,0.7651497358964797,0.1832783440394888,0.006899529641834346,0.027504645182545435
533254077,0.01866185516596709,0.0033317726133461926,0.004263005436826762,0.002226810953090242,0.0020994536441180057,0.055886488012238916,0.8750127749463161,0.005189985502163776,0.03332785372593294
533254248,0.0028616914209669175,0.01048290800340762,0.004991094868049227,0.008169683226752373,0.004582109641733863,0.8542885496696028,0.059956998761394625,0.01586988277020591,0.03879708163788669
533254312,0.0024565000438277174,0.031208099563109184,0.022429416769196405,0.008793572361366467,0.007225115064463347,0.6771491111101454,0.028877173543107346,0.026209285603146542,0.19565172594163754
533255422,0.015657217997230095,0.01229909053699075,0.00817167298677834,0.018474550507006433,0.7604567628645746,0.0146429397699457,0.003429591613168582,0.152286050641122,0.014582123083183355
533255667,0.0018621144968761804,0.012346005011878854,0.007473299290011791,0.003945906725421182,0.004144985141553329,0.7253684802008535,0.06703449513141765,0.024566607056788026,0.15325810694519942
533256459,0.002686561170618801,0.00975797001072876,0.006922012428711636,0.005045920611226804,0.008589466284241402,0.8901628527681154,0.019211807408282055,0.03492782038666485,0.022695588931410313
533256851,0.23674642444517555,0.017775346701225915,0.011643059054880653,0.05136807482795129,0.02736661178669967,0.3242215013193764,0.007584073769449896,0.03920767900716544,0.2840872290880751
533256903,0.00489884782695162,0.013240218883790147,0.004432243214673181,0.0337433095513233,0.7764724790972771,0.01577975606828525,0.002486721199381961,0.1406969438126594,0.008249480345658016
533257018,0.004059294445117417,0.003998821807247117,0.003656996291511075,0.0029140891595127983,0.002092922129147779,0.1037826090674748,0.8496678935145686,0.005591474190342386,0.024235899395077923
533258669,0.006873384310024796,0.05594733626346006,0.008912320714513578,0.01132747192495032,0.24142728579216904,0.6224657381803202,0.010753279489934304,0.027418976846144794,0.014874206478482766
533259172,0.004174344035570263,0.005533416769928772,0.005105784956858926,0.0028228692382379263,0.002030574855249268,0.2732336270849745,0.511773302886255,0.005822241149729249,0.18950383902319617
533259912,0.0017435977107997426,0.013298114632930519,0.005966330276916281,0.006114841021459632,0.008010309858378103,0.9034978031917651,0.018071992040313026,0.019831118099145915,0.02346589316829175
533260880,0.005874621756258228,0.006843609478961526,0.008697002040610293,0.009181815935126101,0.0029171591628306707,0.07639959123196047,0.25639056342716454,0.01267922998020866,0.6210164069868794
533261570,0.017390371142378153,0.00875029741418265,0.012575263828865558,0.0150780037379317,0.7603718346603079,0.05705486464534546,0.006197135064164488,0.08490808676928183,0.0376741427375423
533261614,0.01936941542187043,0.006066728803280093,0.009086445618577813,0.011132530352611015,0.3055063158949135,0.061285843417223526,0.007694661541003596,0.3689054207462553,0.21095263820426471
533261629,0.04338870849635339,0.010326721665921905,0.06425673506638477,0.02051176498231822,0.10417974249114555,0.18222824344256833,0.011074660905674284,0.4967855380670191,0.06724788488261446
533261746,0.008979948513360942,0.007327085057282084,0.011017623209056105,0.012590107593383764,0.4998427945937388,0.04233523889754957,0.0061020103756388895,0.3307422894738573,0.08106290228613258
533261929,0.004809270468981108,0.003003628995039124,0.0023243125478636427,0.0023483570434800916,0.0020660275771846345,0.06375301022383964,0.9074570298109267,0.005639033169572068,0.008599330163113096
533263406,0.26085953074063656,0.0067450805591724,0.0110308388613243,0.011493895329568833,0.5492139418598023,0.08214340700402704,0.009311914022887354,0.02703210094182303,0.042169290680758205
533263420,0.008950947485081464,0.010440296583111248,0.011043518556276912,0.008358453272329364,0.5508705346099352,0.17024404711323401,0.011387430401215589,0.09766539362109597,0.13103937835772025
533263423,0.20648817879489773,0.00838549558970622,0.014863211052018373,0.009069484119956037,0.014857262071012269,0.23501985226800604,0.02536078460298802,0.2892052566501673,0.196750474851248
533263480,0.021331404895070998,0.04567455831825241,0.012346483255469045,0.006135282735642686,0.17548149973986357,0.5763954770028831,0.039297310201375855,0.04571345320690774,0.07762453064453465
533263558,0.014201394808944705,0.015899897795258872,0.013974052913426956,0.007789186013982433,0.7336748106991829,0.07254770122651044,0.019312696914032937,0.06891610966983552,0.0536841499588252
533264115,0.0027054143715544944,0.0199486173988909,0.018261849529565055,0.0603127991394079,0.019485395794495125,0.7194636899562223,0.01144293987407512,0.025345663269852183,0.12303363066593685
533264152,0.004085369848396186,0.04147293451127033,0.015283314698594433,0.06705791519713541,0.08420606032177547,0.25629923104435487,0.010417041450732908,0.05126809585601453,0.46991003707172585
533264250,0.006554612248052396,0.04019972139307133,0.033812741408984576,0.5184848394761528,0.021554172882180263,0.0807960551068091,0.039202585878924105,0.06940836544816154,0.18998690615766395
533265339,0.007977612671704971,0.04024085566659008,0.0163539963275731,0.018887548677179854,0.08062027004015271,0.6420541107907775,0.010280996951256376,0.15660951841025933,0.026975090464506232
533266269,0.005490812650546374,0.00636901201738658,0.004693972096121793,0.005187660804412046,0.00865991354028605,0.7832774768255635,0.12819053331488475,0.0354522694250877,0.022678349325711365
533267244,0.0030319085846516533,0.005016261347031227,0.003535847097915051,0.003963151310596313,0.002551865770496188,0.4617869380665634,0.48136060808189907,0.008164267303105772,0.03058915243774133
533268969,0.002096155062985609,0.012660171217680453,0.012258092319976729,0.006809015853894901,0.00743051820645428,0.854822352227615,0.025916971990067154,0.02785387011673615,0.050152853004589666
533270675,0.04471920793266164,0.01202960239428537,0.009918563475383098,0.5678533615765963,0.255575072983679,0.020503757834170355,0.0050669983123994,0.053400354576763835,0.03093308091406111
533270790,0.0061841319013526954,0.02212078156881177,0.008381133118719205,0.7532751731093441,0.10393552157473993,0.009112502032784034,0.0025458812624620485,0.07330198064751664,0.021142894784269617
533272000,0.025757564437498926,0.006600074538639396,0.012920550859650182,0.01582279244640207,0.40265282720239015,0.0583130544073754,0.005328427828435804,0.09020695271083584,0.3823977555687723
533272060,0.11318879505430422,0.007213827936799542,0.011793516800466048,0.016483324645142794,0.5255062919633198,0.04238414624990265,0.00575456637525722,0.04090783344174901,0.23676769753305876
533272113,0.06726804892727237,0.009705228792001702,0.009240807396854312,0.015778020923068813,0.22740913805493632,0.06059112909200833,0.0082784169079519,0.5258306129949457,0.07589859691096057
533272261,0.46420149018015716,0.0058305822512296325,0.013200946490694698,0.012608887880028619,0.012944965595666633,0.24497291453295778,0.028013690747713572,0.18082267317700634,0.03740384914454543
533272274,0.02323285666845857,0.0048452378098335705,0.00561937208950237,0.002587137246958418,0.0031915176693896184,0.49455353779646594,0.21418103427236768,0.00927933596777316,0.24250997047925066
533272328,0.13341034453681083,0.005319188641772274,0.009540982107273461,0.00929534748349385,0.008600776715077568,0.7283253995226898,0.04006577292652726,0.022737883257115933,0.042704304809238966
533272940,0.024429492756854288,0.014943325901175414,0.014315733002801713,0.013979375579610558,0.23936737567915795,0.21376990171348195,0.011990954902243259,0.4495945579967839,0.01760928246789114
533273103,0.010519106151087696,0.017216272903225083,0.006512211228076975,0.01414375530545497,0.44893931398407133,0.05989683794273881,0.007071685656429478,0.42055084214640825,0.015149974682507441
533274934,0.004146540027871957,0.007067735230882349,0.005608060073845859,0.003794833132711332,0.00250589727951902,0.3259372748260301,0.41770670402154364,0.007790977471085248,0.2254419779365106
533275430,0.0035585423806395265,0.008584841316691154,0.006727674516110482,0.006524347684720756,0.014226877802143843,0.8894950574169889,0.012115553129064408,0.03815388800272347,0.020613217750917474
533275817,0.0035153194927055593,0.011178920486291367,0.04914492335695745,0.012222490028805683,0.05821641016439326,0.17465600208973336,0.01599100429706975,0.4551237792552612,0.2199511508287824
533276098,0.001409272846338413,0.005502584481778003,0.003916850691073455,0.004182502085031352,0.008638565230115981,0.937423276745385,0.010038578636043773,0.017605225010062498,0.011283144274171564
533277381,0.031115313743271214,0.008378795338298311,0.009999578421629001,0.006865318485603387,0.010714834038250179,0.7798686432765278,0.09153210195144931,0.02919459175229963,0.03233082299267115
533277492,0.004295104303780928,0.008679110058066292,0.005453694966968532,0.004158113219733716,0.008061371753693895,0.6223641173847221,0.16417949443719476,0.08991018137498728,0.0928988125008525
533277542,0.0096328106682811,0.008780352804422254,0.00742524644426171,0.006210333107618037,0.011038550685027097,0.6579486415302025,0.23940379412209414,0.030954425065359868,0.028605845572733296
533277609,0.012222318862422539,0.010332839731895924,0.00754850683663673,0.007506334897833505,0.014519537148499458,0.31389036671309484,0.04421255372501563,0.5542296145734393,0.035537927511162054
533277621,0.010191731030327333,0.011963508674134937,0.006263130139455165,0.008808814771336333,0.2405732918142792,0.546314316911227,0.016769293063825925,0.1033860293392127,0.055729884256201394
533278764,0.007853415704084672,0.017443148065389075,0.05721778295142064,0.02411815950871284,0.006270409882835124,0.09764918577925254,0.020912347286650118,0.22724713861293683,0.541288412208718
533278814,0.010033478328574385,0.007650428929847171,0.006809465745082495,0.02595754334908541,0.005106580672018303,0.43920597055100663,0.11371929088593766,0.016050577471590187,0.3754666640668577
533280122,0.012826533825630941,0.02131092057406253,0.013266701522165456,0.012072138904968145,0.06462583222334418,0.7992124867838117,0.013203592955002492,0.048877601667933285,0.014604191543081301
533280233,0.0049417908145148294,0.008370800941416004,0.012310802141997295,0.005615817852070922,0.00772202568820119,0.897153159069919,0.018492553000231966,0.02069345078724056,0.02469959970440828
533280441,0.0024981741645153073,0.011811476055361559,0.010962960210770966,0.006350030525479359,0.015432415885377875,0.8913267671757302,0.013131269690585276,0.033518117257355484,0.014968789034823935
533280749,0.008813684282893561,0.02441889482424001,0.009899697570033693,0.01027938634593106,0.06792629174274836,0.8062945568488643,0.013091399697888572,0.04201017663340528,0.017265912053995216
533280981,0.012590433226087765,0.008287991949189829,0.008407626070275467,0.007042802491218743,0.003462057469653849,0.39582519814051126,0.17867192007457233,0.008716155177911262,0.3769958154005796
533281468,0.08361059662279864,0.007096841275596328,0.00813643467826865,0.060145247333317726,0.00616470941920876,0.5788797242782746,0.0648440016608951,0.017272541000473863,0.1738499037311664
533281489,0.008235394874416537,0.011348267037482682,0.04174240800759876,0.00786620637195505,0.005527927101377967,0.6431886172305191,0.05624062959241662,0.02225988663697655,0.20359066314725668
533281642,0.049224327987855254,0.004057038356038201,0.005650791971762437,0.0029378514960559025,0.0037469250208029166,0.6555808559782929,0.2342300806127687,0.007975374557639857,0.03659675401878384
533281773,0.008366047079056667,0.007965999656795874,0.008171077794436005,0.007228943706360568,0.0063160348573756495,0.4925184151530657,0.07343125288218715,0.05942844430355377,0.3365737845671686
533281941,0.0036317252082893707,0.01727325870296957,0.008249174633348495,0.005705291591786309,0.006985231977611453,0.7193028514350037,0.08402642105914755,0.0965059752099823,0.05832007018186108
533282091,0.0019196461691564496,0.007261751517637636,0.0035641092035054987,0.0027900817071984676,0.005368254685090293,0.8512681430737935,0.07550212322939709,0.03782808192539325,0.014497808488827835
533282290,0.017189421986001027,0.004863702771462828,0.00864915304520578,0.0030124506486742175,0.004060332978504548,0.6209093895968694,0.2641950985954758,0.011359677009823476,0.06576077336798292
533282297,0.02923319013795976,0.004901840612837925,0.006599091111824024,0.0033233779709749343,0.005203183163907422,0.5628430949380945,0.3474973027466027,0.011736604877949452,0.028662314439849266
533282531,0.020227362343331497,0.007930356626993412,0.010608368609287216,0.0048935009326279,0.00857251006827408,0.43545385153445176,0.17656830088929001,0.046550966548225985,0.2891947824475182
533284501,0.0013650992627328479,0.007487165457990478,0.00356779900395819,0.00444842094618938,0.00506130364546662,0.9348872551276034,0.018146494891697035,0.009758945149255783,0.015277516515106202
533284750,0.0017624725016368453,0.011760474115648182,0.0037061308059975,0.005210446052056852,0.0036613195932493113,0.8708178037685925,0.04134125172973309,0.008313851713711252,0.05342624971937448
533284961,0.0041318022961376625,0.004798051807817402,0.003522499547250846,0.0038624668402508777,0.0033118120755204514,0.560012578716483,0.3856016282663565,0.009894658575695027,0.02486450187448827
533285180,0.0035187660090797465,0.009040475416334976,0.010269741842400757,0.0064716890471265675,0.005059756346971478,0.8671788105592975,0.039143222766962645,0.013245584568216328,0.04607195344360997
533286573,0.002625908648531608,0.020526659652975725,0.018391878239661413,0.017204020014691488,0.36505035078449577,0.4000700075258883,0.007911493083701118,0.04874033618282698,0.11947934586722767
533287602,0.012763113630948928,0.0433700035486038,0.008456397820932642,0.015091516668202565,0.025457694795442316,0.7889537761215695,0.01790026535885192,0.02374745381469153,0.06425977824075671
533288236,0.006032513464572737,0.004721888266340174,0.0036177248644985185,0.002645181569411734,0.0020147560932842067,0.2267187466737993,0.7218165546164652,0.0046800542476886295,0.027752580203939305
533288718,0.007500186717061008,0.010942847924248164,0.009748354011401505,0.017389634427211188,0.0045105695720035355,0.5295131514885492,0.0484193360910716,0.0164416088411697,0.35553431092728405
533288743,0.0034179595630413747,0.013886968542163824,0.00936676050231125,0.006068123378362877,0.002849525812957219,0.25113891248831743,0.04674493131298321,0.008932133247153593,0.6575946851527092
533289020,0.02403708282185343,0.01860319800787524,0.0068194709782661575,0.006832192491528505,0.011273014900883697,0.5819517301222552,0.2505304531428312,0.01304429003359985,0.08690856750090684
533290582,0.01237505392320463,0.011506499781426694,0.038667373243702355,0.005713408975822742,0.008890647587855918,0.6615244310529758,0.041094803707264836,0.10856240372527602,0.11166537800247098
533290584,0.00491406260302443,0.011527084908568595,0.016260801112986334,0.0070073142820973695,0.010076551657797975,0.8574292093663965,0.02604136766173045,0.029339609661995395,0.0374039987454029
533290817,0.0034400040361379377,0.018807567764293542,0.007361602802733035,0.007603301563844718,0.019300636846807245,0.8456551172527952,0.012835528385858006,0.06638541117673229,0.01861083017079807
533291917,0.005475542335428859,0.06716231401111356,0.006030075453324962,0.007791120858754877,0.027298088092082586,0.7954460491509834,0.02825820376754222,0.018545194554550424,0.04399341177621905
533292328,0.006766693156611239,0.014672215622359994,0.014747796473989362,0.010935766131349235,0.013191459156577313,0.8249614870212751,0.01615773887303339,0.05135979583139568,0.047207047733408655
533293510,0.005888311934873663,0.0077973093567261995,0.006361578881375407,0.007993244244757577,0.0030969479182721468,0.1661477975319765,0.3392041151121095,0.009678458015488296,0.45383223700442066
533293853,0.009667374750390022,0.0194326352071923,0.017968053132755374,0.011332740355917269,0.41140654402003246,0.30421072290048073,0.018360514899115603,0.17190551385398078,0.03571590088013553
533293874,0.029982525000697414,0.010852107040409743,0.007447742606878875,0.015415088331670856,0.27830816548359943,0.02512398224972645,0.009292704543165869,0.6099875406847262,0.013590144059125245
533293970,0.006062292893497052,0.009758007753941644,0.006222739667602792,0.007463253318960701,0.13781660279918279,0.04505446647468394,0.010748049454086493,0.7502433234411665,0.026631264196878134
533294166,0.015909896095974662,0.03877159668045639,0.0053766000273306755,0.03274079500147545,0.14726743628072697,0.37074563824963946,0.01278877802039417,0.020568368400661053,0.3558308912433411
533294201,0.002119683929684446,0.006482642906883669,0.004783958237242574,0.004213779434127379,0.00891841998988179,0.9170918954393616,0.02098527381064318,0.023026280936447676,0.012378065315727578
533294214,0.015275697167335213,0.025758620182383028,0.005105285564604867,0.0319086629550038,0.05456064471433772,0.7979413389874193,0.013408541792118804,0.022677652510021695,0.033363556126775634
533294269,0.0013737951362118082,0.010692961061465363,0.0034875052736141835,0.00452140662266438,0.005247025707393537,0.9203123319652653,0.024091313477364533,0.012512479029087182,0.017761181726933646
533294280,0.06303675688024493,0.01679134714966271,0.007167221502989491,0.01403765711126634,0.028798049009887017,0.7796211344976312,0.016719703955896763,0.019524985015314116,0.0543031448771076
533295339,0.0023285972369136913,0.0267080110284419,0.006553667019698924,0.0064912205075091925,0.004001278744257004,0.8310553840168293,0.031092617534705682,0.010539020547594539,0.08123020336404979
533295429,0.0038444746860003057,0.018301277991167066,0.00815142804461282,0.013929767455563045,0.006437998553650127,0.7951857395040022,0.026380115834037227,0.02067990265349039,0.1070892952774768
533296483,0.005121285646291705,0.005457543116409754,0.004590561127815674,0.0030529689622188767,0.005363220057854239,0.8709233121444175,0.05800503311276901,0.021347477660799852,0.026138598171423305
533297801,0.0073216077005062614,0.006939125713770385,0.0051119093947657145,0.006534215864487138,0.016015661347957545,0.5539855749538884,0.021132069407272903,0.3640811523704197,0.018878683246931902
533297907,0.00231630098768737,0.010379462246454143,0.002919481715866275,0.009201238904073341,0.9371387613147524,0.011027542763348216,0.0019757097541704314,0.021375920647142253,0.003665581666505731
589557727,0.003449869293456511,0.012597138794803621,0.011364021156730358,0.005062777379794842,0.005811106329243277,0.899858829986472,0.023950163841301785,0.01591818323312512,0.021987909985072388
589561745,0.004019157890338123,0.035490652217847404,0.04107677052543186,0.024885927273045453,0.012894120300271476,0.0352662116527993,0.012246023220304946,0.028164151434046953,0.8059569854859144
589566223,0.004850374851075826,0.004134253769294623,0.0044593785436767095,0.0024979814264876766,0.0031448400947995422,0.20896519823941467,0.752023748380216,0.007957607933143287,0.01196661676189156
589569117,0.03968226940559968,0.01308954271039328,0.014201090456869849,0.0070256434427300235,0.013333213325068156,0.7781384681033363,0.07946155079530526,0.020464413177858472,0.03460380858283898
589569950,0.003156104025720777,0.012047419473658123,0.009204710020511705,0.003734463616729702,0.0053782291722028015,0.8871632810986753,0.04687209398228328,0.015365457683869974,0.017078240926348475
589570061,0.025187012523918858,0.018067093817530504,0.015190214540735094,0.0077044304864639646,0.014729021344154651,0.8189741545457431,0.05452259804891828,0.0212794205363814,0.024346054156154266
589570487,0.0029191071494220084,0.01382124261091002,0.0070539568656569586,0.00472251110480653,0.007560705146184543,0.9066771550627963,0.018278938276080247,0.023825361169173904,0.015141022614969314
589570489,0.0033867681402410203,0.00996965670792828,0.010159272421985704,0.004070491136344118,0.005800743144205285,0.8784020450416059,0.05070107351694418,0.02141750342546575,0.016092446465279752
589571551,0.002633371188799312,0.013174559237659832,0.006801313156960793,0.005728783438523664,0.004500782396108797,0.8996064106767624,0.03340662526593035,0.011610596123908669,0.02253755851534612
589572579,0.016088393909887123,0.032058341680340066,0.019528954198369322,0.5571605746157523,0.040989493608561696,0.0794755760309766,0.0064752999070737585,0.14694109721056076,0.10128226883847843
589572580,0.002824671530661637,0.011374601314540244,0.005969041809034164,0.004411772863807931,0.006476925506702719,0.8898531874940165,0.0494191311070145,0.01872132096506013,0.010949347409161982
589573474,0.0028009124909458664,0.014920741197654287,0.00943758438095185,0.005101041207567947,0.007396399535105391,0.9040857968183971,0.021233872633501676,0.019000948159158433,0.016022703576717572
589573874,0.006572216611542699,0.011914750730289784,0.012676473853942943,0.007626395728099669,0.00812263652622523,0.8247513657485173,0.021092318361285875,0.04082679133119048,0.06641705110890597
589574988,0.017978274261264506,0.010651603212819069,0.058579905640331144,0.12390109169444574,0.2929992269204209,0.1677654685904577,0.006494089554188047,0.18127081847711563,0.1403595216489572
589575044,0.02015721327613716,0.008868644352880912,0.027042606540147222,0.025189966771995205,0.054951498293951434,0.2680525036258767,0.007054198978889277,0.3908928953292023,0.19779047283091972
589575060,0.013277986669005464,0.07610647243379344,0.025052776400551483,0.012198331520736025,0.184160851652963,0.40227809451935165,0.006614390081131296,0.10466421351389332,0.17564688320857436
589575078,0.009011285253588018,0.056978348298436385,0.14713216296859036,0.02236786396399551,0.3294141382082163,0.20431665303151003,0.006326793405021424,0.0954824511657098,0.12897030370493218
589575286,0.004403276720305123,0.012652518561764511,0.0076349755266544705,0.006868912711884542,0.018552756808806945,0.8947838271716619,0.01900115385044934,0.01899531732839478,0.017107261320078195
589577054,0.0074213234072575684,0.03586137904894309,0.010337736300580345,0.008287985212710597,0.02097442645591418,0.8617155023829486,0.01654589930052635,0.02300298807631844,0.015852759814800794
589578162,0.004283574456954405,0.012730900207371955,0.015952872597883243,0.0062958274971958005,0.007162310068944879,0.8690293100318867,0.02746735786940126,0.02272383067833524,0.03435401659202649
589578861,0.0021048589075517805,0.00869235456899957,0.00505297970513472,0.003933005673428551,0.004497832461247042,0.9213771041125147,0.028439663507899785,0.013098813593407716,0.012803387469815953
589579781,0.003803332467505668,0.026964911409997825,0.03197184958456232,0.008829848189110652,0.010169101752968267,0.8257430081514714,0.03369493225567252,0.024293423938475604,0.03452959225023562
589580528,0.005801995387817471,0.015014058388735072,0.02725705535132107,0.007539493947962313,0.008200675530779735,0.829306051503151,0.032473196296099786,0.021370904109747554,0.053036569484386016
589580564,0.0023470094762111787,0.009178091659310212,0.004945337356721285,0.003591599799603281,0.00669015761292026,0.9204904214844758,0.02628687969151217,0.016526413206406902,0.009944089712839001
589582540,0.0037490500211047554,0.009927325974288552,0.006523726686748117,0.004075535102078656,0.005771715641381828,0.8733195313363991,0.06979310809102812,0.014480584601759963,0.012359422545210955
589583482,0.002039725985456749,0.015339226963906999,0.006943042019476348,0.005439063371190836,0.0064730003704223885,0.9132176371319918,0.021241947410047406,0.01570633935764201,0.013600017389865516
589584716,0.003741908345228098,0.012337395228688224,0.010630268788899857,0.004428737561019271,0.005597516808401234,0.8917530669675608,0.03510024197042644,0.014148458731758129,0.022262405598018068
589585690,0.002155306428833076,0.00970579454491955,0.005391964971842988,0.004230874021641118,0.005710933311686961,0.9260282473345092,0.02022326140411055,0.016377042226276593,0.010176575756179928
589586337,0.005438929107659502,0.03511083287984092,0.00800202028874224,0.010277518390516646,0.04285958574483656,0.8442167868934318,0.012446575244501887,0.029411751836009886,0.012235999614460554
589587263,0.0024372287091803265,0.01229091635605067,0.007587812889896984,0.004023376994348439,0.004994860657129772,0.910473537510651,0.028260304908728,0.014260088169296059,0.01567187380471878
589588472,0.005593637730153271,0.038512482460511595,0.008841333616492832,0.014082345876218467,0.040544459535623315,0.8353472019614401,0.013915741534852305,0.02672364972193273,0.016439147562775383
589589960,0.0027351742251602792,0.015025560542555952,0.0068951464433534134,0.005463191027689097,0.01221996510767231,0.90027807540571,0.01902996039796136,0.026524120436640763,0.011828806413256721
589590560,0.007864639200387758,0.03176776882723335,0.015110525216629582,0.013192648868173035,0.02445763840414761,0.8047594248691341,0.02908735572300975,0.026167498348065105,0.047592500543219673
589592645,0.005839881173560927,0.012064409916816869,0.012345990140426123,0.015253594295066761,0.008837916695566467,0.02972105332632164,0.010616248412086006,0.026465731011435137,0.8788551750287201
589595488,0.018286722861416964,0.030333470312148204,0.01723547117455837,0.01699189960516692,0.03719172520755265,0.8124729046773118,0.013815918109022284,0.030858529397762412,0.02281335865506049
589595509,0.015546122415310623,0.010088941956791525,0.01951907647629238,0.016122863393650363,0.016553826296652824,0.8076393339576837,0.011445260401516761,0.04316847102081924,0.059916104081282624
589602405,0.0020681992991387643,0.011090263491959173,0.006307770614437156,0.0035103466686703015,0.0046486757905426675,0.9183901968930255,0.023362134560958776,0.02070203250136281,0.009920380179904952
589602766,0.008539348287190704,0.005305809549077611,0.006354029848581227,0.003330506850594954,0.003476434318409275,0.024171999957048128,0.8985196491854336,0.009978928356479249,0.0403232936471853
589603220,0.006821410026825983,0.030572921117280723,0.006775380062406852,0.01081599839063006,0.035841500127052596,0.852257417012872,0.01277496099261469,0.03231111342574947,0.011829298844567585
589603540,0.007665385772240948,0.00745342591908892,0.0139985801619123,0.0060739435832874444,0.005586156513263897,0.8485485395680097,0.042526293297087445,0.020845177993243473,0.04730249719186587
589604163,0.0044506397046237675,0.010518478629776083,0.010291911607979346,0.0035489369540844264,0.003914482048871298,0.8558350668399675,0.06455864516557781,0.015132848357643785,0.03174899069147608
589605780,0.0028475611076401635,0.017122005598877707,0.009230546453721754,0.005731239716539074,0.004239370087342446,0.7423760896487083,0.15245052385353658,0.018036058097303524,0.047966605436330495
589605823,0.006493592925182138,0.023397072727831408,0.18037836341186092,0.21670719671037567,0.018193066314031423,0.14736535374516554,0.009953237736131703,0.3267369730090014,0.07077514342041975
589606661,0.0020583558621644986,0.012708810055849451,0.005313238795926299,0.0041129747636671965,0.005815832990926214,0.9154992446426619,0.024993744661415053,0.01928079793590994,0.010217000291479502
589608416,0.004431375382290583,0.029069062480536933,0.6846557419246089,0.07537676038683047,0.011115268563142133,0.06964324120819712,0.014817001747424308,0.04144546264040037,0.0694460856665692
589611604,0.00380213553842693,0.015482760399391489,0.03457809634048041,0.007177559008934009,0.004722629626481746,0.04444317883293761,0.04848603838657502,0.019809446939058412,0.8214981549277143
589613063,0.0020815867373689214,0.0182264419918055,0.007960240445608856,0.005753100290951588,0.007556412200779763,0.9019846585107829,0.020140529235458254,0.024255735680929095,0.012041294906315173
589613683,0.0028322717862294543,0.013523620943625374,0.008216578706476421,0.0034064614653262775,0.003516648968170125,0.8557669444155347,0.06685257669428904,0.012969081744760216,0.0329158152755883
589617107,0.003469003744376375,0.0337466730271161,0.036288168896619635,0.014606232074963131,0.00817862435742803,0.3492397812366689,0.02453753385536053,0.030433385156158656,0.4995005976513086
589618208,0.00259691598171653,0.012289548783796874,0.010580025725140515,0.003778181958575314,0.004035284666870489,0.8706347849708582,0.05769843515045616,0.015055182968504062,0.02333163979408179
589620671,0.005801742548962176,0.014488171863785483,0.029546102177889742,0.012113456851793563,0.011126724547660718,0.6399479635743812,0.012531873442127051,0.03955145450215884,0.2348925104912412
589620870,0.004256829195360056,0.012193030183108465,0.018264778622314348,0.004432448809352241,0.004933712462853705,0.844418171774808,0.04829104703196498,0.020069227767858584,0.04314075415237972
589620994,0.0026459812450989537,0.011869608241318797,0.005244326203505098,0.003964475837470467,0.00893841974006952,0.9147519645865996,0.020447034782356877,0.022009455869076,0.010128733494504638
589621600,0.0032890116499045504,0.01515723000623895,0.009092684462330724,0.005262593265073848,0.007889373785185309,0.873457016876966,0.028607820161424186,0.028084535150182676,0.02915973464269392
589621801,0.006421031481527846,0.043386900216682234,0.012585418386213373,0.00949048914193042,0.014881359573350843,0.8356993175491939,0.020857267170604977,0.032738036167618216,0.0239401803128782
589621949,0.002015509081485047,0.010484421748467122,0.005660025893646038,0.0037266382473910868,0.005552493331622408,0.9185560374324606,0.02781795564855787,0.016658820307987342,0.00952809830838235
589622522,0.003256709326003318,0.020607020143566565,0.01738271912593745,0.008387770870076316,0.0060669793010143976,0.852654608138403,0.02976000303195706,0.029104888597891187,0.03277930146515064
589626768,0.0024012803738718146,0.012253918910063074,0.006447325489842843,0.003216084958906173,0.0048694755256881925,0.8855413507820099,0.05286338641692221,0.019180782974845628,0.013226394567850158
589626847,0.002470047347111792,0.01051772591767618,0.0051902060346720996,0.0029900099830527434,0.004861965275724926,0.8745008892215258,0.07097788436154075,0.014113830775854675,0.014377441082840989
589628335,0.0037383906012722,0.015591381773230831,0.021154596429273264,0.005575111759536124,0.005149497961629992,0.8394826640670608,0.04485664805186675,0.017828619766513825,0.04662308958961617
589628489,0.002953216038426103,0.0065583968080623,0.005298062049040016,0.0028423147250847213,0.003326194852484444,0.6484670116271309,0.3056845586522342,0.011889155211852872,0.012981090035684444
589628550,0.0033690556258595557,0.052375226806227304,0.014287994626128661,0.025287312537236366,0.013426994360286201,0.7742616077881439,0.014239080879886784,0.07111187221967702,0.03164085515655436
589628608,0.0022737577355656222,0.0184956333790592,0.010031929462978716,0.004043834990098432,0.004635678925254562,0.8609627217450901,0.05269218661079834,0.01996704635530753,0.02689721079584752
589628986,0.0043413051637315936,0.0070376671818435195,0.009077238751857722,0.0029818752982447446,0.004546353082957515,0.6689009372907535,0.27460719470942313,0.010331951465444566,0.018175477055743645
589630160,0.002445485821803005,0.02275434985204041,0.007515828051408866,0.006162333115004068,0.015650167207580667,0.8922800557777153,0.013067472432497243,0.030514194968166496,0.009610112773783942
589633556,0.004615112403003372,0.010353034545495582,0.0053401857911219005,0.007741354016755709,0.007709270868682043,0.8995393834577348,0.028514173738514392,0.021165705676014692,0.015021779502677565
589634160,0.0028274896026317022,0.011477813893466192,0.007285581329906347,0.004920284288026039,0.005921134136368291,0.9211586714603439,0.016032483312515902,0.016397038305490687,0.013979503671251059
589635357,0.002168123208349405,0.013832856854572315,0.006805933911967043,0.004657448080676734,0.00583866107947684,0.8962592760520098,0.037283710227281684,0.019373379570099398,0.013780611015566659
589637307,0.003777861999731902,0.007859074560617785,0.00397855797680236,0.00589767924999435,0.005788476767854069,0.734581426920405,0.21136245636524945,0.01312837101081307,0.013626095148532066
589638826,0.0021552046260322577,0.019959757096294155,0.012355730437456122,0.010828636534971863,0.015307310044487436,0.8517471070070954,0.014005108220686447,0.06347993688963588,0.010161209143340306
589639462,0.001573962160589086,0.010642890979553,0.005261210927444958,0.0024461864599359204,0.003604280715039052,0.9354349562992708,0.019801868639198267,0.013176011042679242,0.008058632776289683
589639744,0.003734928143597228,0.008473033992509808,0.011989939779236966,0.003619750955515204,0.0034004086921503806,0.8593364963393029,0.054399631864308955,0.02349691642261409,0.03154889381076451
589641076,0.0015561328775720747,0.004914776891648122,0.0037256132710534753,0.0036055821104177235,0.0027762624289603675,0.9340918252085212,0.022631878426253558,0.01292226334293077,0.013775665442642736
589642050,0.0021911317728406884,0.006514970657725754,0.005212495480655397,0.0027286657261846987,0.0030928484950205276,0.9306376992626024,0.021387046548469835,0.015709956024633327,0.012525186031867412
589642482,0.007057562219199873,0.023020549429500242,0.0076296511158221395,0.008195915367170115,0.017528700923038657,0.8655882444071112,0.018124016583460443,0.03178671250636964,0.02106864744832772
589643196,0.0024122399824138625,0.004012857004231238,0.0035696927649635007,0.002244339939613242,0.0026575071087363883,0.8498561460600838,0.10850637740635842,0.011642994749490375,0.015097844984109269
589644881,0.0031918206239628906,0.011551740463059299,0.01741545738786384,0.0043691738055108295,0.006168798720821058,0.8737563165175666,0.026493139797698084,0.031010531009396193,0.026043021674121217
589645040,0.0025312797298700047,0.013792040131816372,0.009999286177433809,0.00390974054291418,0.007112766071339755,0.9074307668659517,0.015605529339654372,0.021636493288735206,0.01798209785228466
589645063,0.6828931822816454,0.010619894598350998,0.018471750857076977,0.012673245831667923,0.013280791412740566,0.1686022560338323,0.031642367987588293,0.01933876591078721,0.042477745086310366
589645210,0.017771467393970144,0.004899883217676095,0.0060128183632831116,0.0029380920956547573,0.0035000719704881855,0.832228047306206,0.07984140463230967,0.012730338774048265,0.04007787624636383
589645235,0.0017565048433614973,0.005627763978718259,0.004369869733025127,0.0018989533608707706,0.0022953616763483824,0.9221915412457855,0.042879229238338645,0.00802415838421754,0.010956617539334421
589645264,0.0017321316656828724,0.007378640838672389,0.005064115090515274,0.002175873825273353,0.0031263808306458514,0.9381690789690764,0.02393726821714936,0.009010878060730908,0.009405632502253597
589645363,0.0016078598704941203,0.01647980957546766,0.0058969387367274455,0.005276918196267213,0.009921624223898313,0.9087230465419167,0.01015574666353096,0.032442140005149236,0.009495916186548391
589645466,0.16759523457133044,0.0075958314619696075,0.008287888516026524,0.006447175111747313,0.00827810268494073,0.7506719019355214,0.015531514549223455,0.014363056230301603,0.021229294938938898
589646466,0.6335312859690689,0.009616870571807434,0.04701635127950396,0.014751365825289168,0.006904099746196968,0.022604001816349105,0.07740768874153259,0.014698927120796885,0.17346940892945492
589646632,0.7495745559984731,0.006968242451949267,0.021787299394366105,0.01189251103791896,0.00699988741506167,0.03731691566666211,0.023420470803150035,0.01442520294285669,0.12761491428956212
589646688,0.6462983660854072,0.007092702153089245,0.04780213440396687,0.01176062849448872,0.006802672039025512,0.02649911410105968,0.014437080730918133,0.014448657919739233,0.22485864407230532
589646797,0.8246865976694477,0.0066030148871905675,0.013139147329822222,0.015907562491226726,0.007947166566060414,0.06395212757730016,0.0141110987663643,0.014159355422241587,0.039493929290346085
589646862,0.7933529935421955,0.010484386439830082,0.018166619481560346,0.022788504279764643,0.011379566867975048,0.04777067701238167,0.022683902248493603,0.022308375386766555,0.051064974741032526
589648314,0.008222560025731051,0.03157515662736439,0.011756138715745868,0.007364120745286058,0.013869460745328995,0.8660887725838845,0.014738532844550928,0.031253487975484565,0.015131769736623609
589649551,0.7851756415525732,0.009690502961311992,0.051469315998846105,0.007797139155284927,0.006413448548716118,0.0207153117373454,0.020521721764411083,0.014796784997304795,0.08342013328420639
589649953,0.0012068154322847533,0.00959434650988939,0.00476184282076572,0.0027135299556352538,0.003232561248364802,0.9399925445532833,0.018028985367975023,0.010486486530580038,0.009982887581221749
589650138,0.0035674575031335795,0.04739563926640146,0.3470640075965391,0.04426333429398564,0.011741480935498715,0.34655610086291455,0.0648767104663949,0.07616849584469651,0.05836677323043556
589650780,0.008729341583283184,0.0030992854000700416,0.004461328234292684,0.0022406001470307324,0.0021627994855739994,0.02065275568027768,0.933071688412166,0.007286537562133726,0.01829566349517204
589652247,0.0030974938753971144,0.01548645303622079,0.08914111275982373,0.012448269560695724,0.00536289162699289,0.04844980857996914,0.01709997177946445,0.030197653564341988,0.7787163452170942
589654014,0.003272614971959238,0.026147221586055168,0.4186589796323895,0.028222960812599993,0.016164409815366806,0.29380183577216207,0.011286031056570799,0.17875540022689057,0.02369054612600582
589654034,0.0028893692670550228,0.11782079716783203,0.048506320740519006,0.17882798766572253,0.042650551777884106,0.2780750862167351,0.008228510296277322,0.3104222923323179,0.012579084535657075
589654154,0.18238907134541596,0.009424083217493091,0.010554242217944695,0.009287966815397751,0.009280524003824942,0.4421746559566778,0.05099920231069923,0.02238210125909519,0.2635081528734513
589654176,0.31183345918895866,0.00776499840126846,0.019246856226831654,0.4104745448002761,0.014260532898830405,0.03726346237980423,0.005324529242303875,0.07474410393495357,0.11908751292677304
589654183,0.44845305514257017,0.008861770737697616,0.019427940258160376,0.11210999920314241,0.014185168061258108,0.027270920931614054,0.005110944273957091,0.045267810066094136,0.319312391325506
589654280,0.001875191669412483,0.016513371215717734,0.006732172474666746,0.006985115673140754,0.014107209588532565,0.8969297751895562,0.008286764190744832,0.03768664114273692,0.01088375885549164
589654379,0.002098582204705436,0.01127683554896431,0.007829982826261394,0.0035580400070622546,0.005181700499426786,0.9109045156990632,0.02036530844804298,0.021753394186393358,0.017031640580080346
589654778,0.010962206955323944,0.02755124998168869,0.00621676025407842,0.018960194634440132,0.05184051218204489,0.820117440715844,0.00803407512952275,0.045398804075656905,0.01091875607140028
589654997,0.0032218365731796475,0.31969919510894534,0.019577300681745763,0.3415926544684579,0.016207115042062428,0.19031591020920058,0.028097908196950506,0.06118099649550417,0.020107083223953697
589655191,0.002596484862029609,0.011575697275074076,0.012852732447891277,0.004891657658632586,0.004950160871302341,0.9092993578871577,0.017907306907721694,0.019037970390718705,0.016888631699471978
589655314,0.001477911599472261,0.007638121171723186,0.006510856771394111,0.0031532749051204336,0.003587412148375968,0.9411036010839124,0.014189216874706938,0.012622943018033211,0.009716662427261434
589655401,0.001359705792513104,0.013922377589011034,0.0048646122901642155,0.003332281599111968,0.007040760547962299,0.9300306288862005,0.010294241945211644,0.021309082150926497,0.007846309198898926
589655420,0.0038157045590764267,0.06229901862782377,0.006937384272548171,0.012613940575955261,0.026980479636383076,0.8263934956104861,0.010965955592771791,0.03777859783630672,0.012215423288648716
589655704,0.001987818592798757,0.01093221328665692,0.0076388424397729705,0.004071927195010856,0.0050161934464183575,0.926024923219166,0.013242035408398483,0.02167805003292889,0.009407996378848862
589655845,0.20568070133147362,0.009883259409822936,0.012433300748183225,0.017979815624168144,0.017528284968800274,0.5983082437976557,0.005536844747382316,0.10023408095714628,0.03241546841536749
589655876,0.0022272099379534865,0.007111697451741238,0.003661642870651512,0.0030673221497057247,0.005288139388808156,0.9330851214692512,0.019551764100382767,0.016578670232651575,0.009428432398854355
589655913,0.14961282677444956,0.007980982819930508,0.009789179372383416,0.010066820791766783,0.013932622173321533,0.7545768536400759,0.00552129829264465,0.03230065498498953,0.016218761150438236
589656289,0.5044240223299705,0.146761012905608,0.02485033127004633,0.00894751609274742,0.0065400286592316465,0.03337879726058637,0.1637933259951243,0.01718904813613809,0.09411591735054732
589656347,0.6230014715211427,0.07739940221028971,0.0333786013396303,0.006873039431237159,0.006873422350411098,0.038044128623979726,0.10264363718866852,0.01752858859295395,0.09425770874168671
589656594,0.6655075129802397,0.034289467260440666,0.018354503992252913,0.03140991870197245,0.01582034166722725,0.061766966785584285,0.11899723724666436,0.022513873482134038,0.031340177883484234
589656969,0.005024928591797757,0.032151311998380866,0.1439459743467607,0.024709132823091312,0.005162595568428945,0.039268333028753696,0.015840183725650308,0.027758550255443732,0.7061389896616928
589656997,0.0016515656963036651,0.016057531305038005,0.005835309821251114,0.0036211914785321273,0.008714958257594605,0.9230770027888148,0.012899600922853138,0.02050473993679202,0.007638099792820592
589657024,0.0012575356775555765,0.013014084590713636,0.004453552695295836,0.0028917023669466223,0.00624542066654009,0.9339226075460778,0.014655615529123533,0.016009103697335113,0.007550377230411699
589657428,0.0024047423112368614,0.008405686234275487,0.012646355250359556,0.004032058284868495,0.0034405342208999722,0.8995907737928477,0.02555607857609458,0.0171108548258419,0.02681291650357552
589658507,0.007379119540446192,0.006793315816769719,0.02202060115985625,0.007272110002483912,0.003288947789525098,0.39045599184952307,0.024853005990184907,0.02322567541495063,0.5147112324362602
589658589,0.0019251588691301046,0.009248172576418578,0.006763302773906934,0.003175389682158113,0.003960725647466592,0.9376013103235807,0.016128991490761524,0.011299722231999727,0.00989722640457759
589658819,0.013044916091480096,0.019426290693283665,0.010438838182914387,0.012392377020417565,0.017207671293458158,0.7112563928754934,0.012786668431413226,0.048693317265576706,0.1547535281459628
589659155,0.001140218162042949,0.004649500723649972,0.0030029070439400872,0.0017544330020932781,0.002108616508373006,0.9480571630936714,0.025644482890693276,0.007201852066400471,0.006440826509135578
589659326,0.3235083083597889,0.009103089312295002,0.013894027236122649,0.1833225656854906,0.010571868815724937,0.023357133453449013,0.004006316068863041,0.07798084861100404,0.3542558424572618
589659508,0.33295579009400283,0.008088991348864328,0.0468531075722352,0.08210061240841562,0.008289961041710458,0.04710782187639549,0.009073431025380739,0.025179273427604815,0.44035101120539055
589660168,0.05713309288717874,0.01344951579346086,0.011377130496515231,0.02049187343789692,0.01999975371141627,0.2755411248520387,0.5218892359863418,0.02361358408854705,0.05650468874660446
589660415,0.23088803431701618,0.0065508700261938104,0.0077797376116581244,0.007531042351062689,0.008614774569084598,0.6850734042615338,0.0062985806098613374,0.027526061113984417,0.019737495139604946
589660452,0.003907462876981406,0.012965688722108367,0.01670488595373509,0.056431209947761005,0.007876115060078296,0.05815831676294195,0.009311106050433044,0.06113419711377774,0.7735110175121831
589660696,0.11735637534660141,0.008519061703058783,0.012245424057249304,0.038448433299258615,0.014060276046962746,0.4567459929619011,0.0053358262449723325,0.15032417100580436,0.19696443933419128
589660762,0.0037464329084825505,0.013383959072674173,0.028947081093018252,0.008756204736450172,0.0054174121778280335,0.8487139663519487,0.02388319649985162,0.029794692707055266,0.03735705445269121
589661376,0.01437008770610966,0.05100909694578671,0.008042604746758077,0.13251153045229802,0.10126956709133461,0.597285412312345,0.03294271859462338,0.041560862138250804,0.021008120012493716
589662414,0.007266696809904934,0.01705521457276877,0.01203238111262446,0.08795928720599815,0.03883023153749006,0.25124102947418203,0.005475408074554963,0.041862602781772666,0.538277148430704
589662481,0.005557194689988791,0.005541274796857969,0.008881645090309736,0.015063996957259075,0.02408792728448239,0.09866631975474913,0.00411958001414635,0.022437382770962636,0.8156446786412439
589662575,0.007240073211405254,0.00734909585876495,0.01481103611479974,0.09739891365277203,0.02674605157730587,0.1984652132606799,0.005931245229493074,0.03424052520901743,0.6078178458857617
589662718,0.0015691525408308218,0.005389686644894086,0.0026557975374358936,0.003102745413418173,0.0032853475844232447,0.9344540936458074,0.03045041117841554,0.00837940513122148,0.010713360323553299
589662935,0.13005164696021831,0.008117493002141367,0.010749344041082283,0.007432346706330141,0.007935889468974175,0.759356744545279,0.01468075813942396,0.016485756237050706,0.04519002089950008
589664264,0.001642360333124896,0.008046840620714197,0.005182193536471887,0.0034077863041212077,0.0027103361506101704,0.9165749300011757,0.03200926071941312,0.009618553076981602,0.020807739257387173
589664422,0.001280079521270797,0.01675643883729555,0.005371528112334623,0.005886659292088062,0.004747530376663842,0.9183894892551041,0.018003401397971654,0.015134967864665755,0.014429905342605616
589664612,0.333401245228549,0.011479726944726584,0.010571275316432038,0.005749352011763081,0.00996561315440073,0.4675394029836094,0.08833499813516302,0.017633457003250447,0.05532492922210569
589664785,0.7137212078318286,0.007594616118161637,0.010440945394494774,0.03892243136668627,0.010776991482762246,0.01768187918622671,0.003973551898305508,0.0291619311817669,0.16772644553976734
589665151,0.00209992895765649,0.025320283481373298,0.010633529164264846,0.005959138645689326,0.010751279877575399,0.899410587010878,0.012822559591867837,0.022487289784614017,0.010515403486080791
589665712,0.001684348901897416,0.01074681198652044,0.00505304898420807,0.003253541955073514,0.0065254846671190265,0.9249702761593586,0.023198306470850437,0.016847177556133207,0.0077210033188393045
589665871,0.0012093248039951533,0.009465477794449739,0.0043049771705469435,0.00240911444836484,0.004077665978102385,0.9467343744591894,0.015637496975299845,0.009803366099811412,0.006358202270240388
589665881,0.0025574476557762515,0.013368215231187787,0.007636756128848994,0.006631809502766075,0.003639056424752458,0.8613600065635134,0.03472572105848141,0.01973585958632539,0.05034512784834828
589665931,0.004114959474956392,0.013706695091516159,0.005436841917006662,0.009318551608204861,0.032683837994817486,0.874156880395262,0.006873849385822746,0.03582545775480193,0.017882926377611914
589666035,0.001462253137538428,0.0149236103444615,0.006435071836239093,0.0036498773530196688,0.005441237608205807,0.9321673326858186,0.013501527858278626,0.01323111757907837,0.009187971597359752
589666037,0.0018493623697983619,0.02120872309608148,0.009116317872495491,0.00425319157424905,0.007330079094016639,0.9127865531559096,0.01389209401544353,0.019679373783624367,0.009884305038381553
589666050,0.00258582695732124,0.00914233229682702,0.006790503395210609,0.004414430601691118,0.00592682587246131,0.9183799674076776,0.015671486061524534,0.027384715845253906,0.009703911562032621
589667016,0.006865250866246157,0.01564570045779646,0.019361585212711082,0.007436641305716219,0.006896838929671376,0.8568502155572668,0.017850895330806096,0.03906304392907848,0.030029828410707334
589667061,0.001756222888831238,0.00854727927847681,0.004916900001811012,0.0027107371650615776,0.0025202519988783293,0.8460840879645577,0.09590438748782043,0.01058933647742303,0.026970796737139938
589667121,0.0019298741526633232,0.015748679211697987,0.009414780219824238,0.004729468057501678,0.007168399606761734,0.9036112565350154,0.012674956595044844,0.031035681066292536,0.013686904555198384
589667280,0.0022795219269209563,0.01226936628641696,0.005738065622611265,0.0051482307341998825,0.006597632661518995,0.9097405960782858,0.016704084391861326,0.029775553396824344,0.01174694890136052
589668178,0.0017766774428917527,0.012705594358468991,0.006939933832052399,0.003560542385005818,0.007389056351776178,0.9243647555231157,0.015533379770228124,0.019610162570817886,0.008119897765643298
589669967,0.0013633571949451995,0.005049312930789367,0.0031664390411482867,0.0018775533764646209,0.002835075560691635,0.9267206057437669,0.043131653637280686,0.008592360220291017,0.007263642294622258
589670413,0.00229782561822439,0.014542784904750151,0.007931263981336223,0.006904324324095903,0.012267319740019674,0.9009922746519536,0.007809182038860987,0.03512175246985009,0.012133272270909037
589670559,0.0037952147327048186,0.011096414039899303,0.01550811145063066,0.006658199355575389,0.007994890476606464,0.8884798512156136,0.01900075932679474,0.026876024671729712,0.02059053473044538
589671370,0.001936826373927571,0.005957705844924621,0.003078457387301632,0.0021239221038491514,0.0035152615609788415,0.9144497147813824,0.0514872759666501,0.009566619960498268,0.007884216020487528
589672410,0.003934807834696539,0.013015273031952433,0.047117778021896005,0.008766402064255135,0.0034735658326452957,0.35975135394629715,0.030272680836507134,0.02495516066448339,0.508712977767267
589672725,0.0013643297556097445,0.0067641744670769175,0.003988233162217709,0.0023560569869244567,0.0038870532937931267,0.9453547061723698,0.014979580538113886,0.012849449820501147,0.00845641580339308
589673081,0.17834664098509495,0.006062542019811819,0.008831919285320091,0.00884926012503018,0.011453667809317785,0.7151451496803815,0.004760384289458589,0.04963287907548403,0.016917556730101112
589673223,0.3560620855628466,0.006889717626153636,0.006543043701545839,0.00950101175008403,0.007126490198895784,0.4262495978016265,0.017630866918545266,0.015645986480996438,0.15435119995930585
589673447,0.13448679829057292,0.008688224398440593,0.007718150655165485,0.01045720468103768,0.015433267674362101,0.6813327389762963,0.007795246155288603,0.06513640470205172,0.06895196446678452
589673567,0.5558413224823899,0.013574881589380288,0.018240339754366133,0.019755465823817053,0.009807498777787218,0.04961104363308889,0.006468034256310753,0.02571878974670543,0.30098262393615416
589673733,0.6568447602649684,0.007362930885550815,0.015978209010629834,0.14287449295367494,0.0131777784065245,0.011973084245300449,0.003517609040254964,0.023465156062614567,0.12480597913048153
589674007,0.21679785096662657,0.009937303805107468,0.01922650267134582,0.007014236778125536,0.007556491162068353,0.04918440748403133,0.619618156415179,0.022070924290659193,0.048594126426856774
589675810,0.0015127398039698656,0.006972599936742689,0.0034158472770180383,0.0020394466121120523,0.002950205676279531,0.9394709022743658,0.029246511621752236,0.007675023973093387,0.006716722824666372
589676011,0.004668791620334675,0.08253914591983841,0.02735633487192754,0.060703894890168114,0.21795467279173053,0.1465779232344872,0.0050893264519247606,0.445768124953419,0.009341785266169713
589676630,0.009122996326177815,0.00443141662855824,0.009105097599568334,0.017531387893643252,0.004253374497645448,0.021501514752526405,0.007797846070813551,0.030025212232922496,0.8962311539981445
589676857,0.009932660263914919,0.007732922472467747,0.012864000526338367,0.09359226036742167,0.0105360095449025,0.04925760829746785,0.008408586323778205,0.059055104717337124,0.7486208474863716
589676979,0.007028374985821089,0.009703221865346135,0.01137294832720557,0.07881777063202063,0.006181274414244082,0.16640986197877353,0.012388763319390338,0.04040279523020887,0.6676949892469898
589679195,0.5944783835824464,0.0072699290790266165,0.008690952419577623,0.008438370680248176,0.007027481700175667,0.24012790968682562,0.09847877749926426,0.013344296670029107,0.022143898682406557
589679886,0.008375222718498714,0.0120503879835848,0.013463122732046707,0.08789856765045956,0.009281754462309989,0.23123877350798716,0.012832953060000159,0.04700864856239686,0.5778505693227162
589679904,0.0033726635585417733,0.005435482353802188,0.01270933275933581,0.0028144231682961235,0.00264496507566948,0.569451104589878,0.23958498328019223,0.010202591124843329,0.15378445408944114
589680591,0.0031749685575172878,0.009913141100642987,0.02112241944122815,0.009701686783041126,0.0036952285883526024,0.024423720107924665,0.014757614418628655,0.0216242735235104,0.8915869474791542
589681462,0.0035400199777470952,0.008672529493443465,0.008355320611928846,0.0054900908761745274,0.0032745770841549953,0.3463722208117038,0.13345510723658915,0.013060656834911883,0.47777947707334617
589682555,0.010903758749899987,0.009887738834633448,0.022649035686328783,0.029500699277527756,0.01593132635095668,0.7234886612949618,0.007304084421430189,0.11815112696903945,0.06218356841522186
589682867,0.0014835270923299478,0.0073032235723889125,0.0037949055525344257,0.0022450478458602686,0.0035317022239907607,0.9265031063306599,0.03528875548236606,0.011766783512570872,0.008082948387298809
589684413,0.0010589821038280794,0.008547124670852994,0.003605414298684504,0.0027471279402168838,0.003336769996074185,0.9471606378474409,0.016098787038522543,0.009794540880149449,0.007650615224230415
589684827,0.0010023980827016511,0.0038124597441521173,0.001873842092572039,0.0014290934570277561,0.001550169675065836,0.7373046574033714,0.2404764164779452,0.0048744908680694405,0.007676472199094557
589684864,0.0012612420330110135,0.007095776616348984,0.006625259626701322,0.0023752884398144866,0.002239593697228618,0.9265100299483825,0.02593020951314869,0.015824643720964135,0.012137956404400213
589685081,0.6447302054753279,0.007779778445959109,0.00705456282950092,0.004160594208286418,0.005626368931862816,0.1730569602822231,0.1280472744714042,0.010948241992811567,0.018596013362623995
589685100,0.8156605042126437,0.005366332587333473,0.006905168508801011,0.04399076570472829,0.007622895802273405,0.012064396963986297,0.004106771392811013,0.04291140063280638,0.061371764194616485
589685160,0.6503971789642063,0.006252671187517782,0.008135284242914827,0.01076863622466011,0.005893577256659385,0.021732946244572296,0.013973131081116518,0.024992068480536752,0.2578545063178159
589688360,0.006999126066763585,0.055174187410458944,0.011929458293922612,0.5137140219119921,0.01299044214719765,0.19689439461154243,0.013439120307280228,0.1374286025028177,0.051430646748024826
589688604,0.00858374189731581,0.003473816362734893,0.008907814558284554,0.004078759169037239,0.001905354726570186,0.021983112366269906,0.06303062130829197,0.015835633218138277,0.872201146393357
589688616,0.005627872746278359,0.0032458248065497133,0.008361943828787854,0.005335671041499705,0.0020642291935112625,0.024951188315444472,0.018263653562058904,0.02104970683033878,0.9110999096755309
589688722,0.0034521589159468248,0.0024999873549951665,0.004446599782420629,0.001988710087919225,0.0011383928400624578,0.014767984321128524,0.8626942995516603,0.005902481233629457,0.10310938591223738
589688801,0.004284428235778838,0.009131323321810735,0.022601760305475477,0.01077676695055893,0.0026288516653416635,0.030453838045963813,0.025589255602858626,0.025336830039080088,0.8691969458331318
589689732,0.0014285350299233124,0.01783153601357848,0.005175237401544648,0.0044974041568179276,0.00922665959471165,0.9131007765310678,0.014142037228011644,0.025782830137320748,0.008814983907023871
589689931,0.0014540968722821022,0.005206067860958271,0.0021694091509928608,0.0019429835805859885,0.002862871033023972,0.9001528050652327,0.0732859873056499,0.007454358169979074,0.005471420961295243
589690006,0.0010756925782281655,0.008476965891029628,0.004090131060427313,0.002017740604954669,0.0025011744311964693,0.9498953595780414,0.017838863585627154,0.008318087467086331,0.005785984803408858
589690188,0.001277423161133974,0.019359421240214173,0.005569983534646037,0.008345335645742408,0.008309017496800101,0.8986893412360719,0.013683112178648192,0.03277699524329852,0.011989370263444744
589690306,0.002572513704557527,0.009976640289429217,0.01634816518441661,0.0036189432024258286,0.005001604971783742,0.8835608577918386,0.03720864602428285,0.017684824011028482,0.024027804820237145
589690787,0.001303955203512009,0.012378532734597492,0.0040329060030295455,0.0036036262968674793,0.005244949880942479,0.9236587538468015,0.025866175298457885,0.016497387962390198,0.007413712773401434
589693943,0.0013265463464558805,0.008780912992337912,0.0035346473277524794,0.004808929772337091,0.003038416940379877,0.9205585368631501,0.027491522398491893,0.016068912709026727,0.014391574650067995
589694191,0.003934389353804855,0.014802510597020566,0.19174401520724746,0.018480049542053546,0.004562641009701542,0.5489574391576422,0.013119583905384829,0.0545032006221013,0.14989617060504373
589694200,0.003547232411958358,0.012535368149591278,0.01905975765014457,0.096534658701567,0.00744321014202408,0.07733294127212138,0.009421256069245869,0.09769848904930266,0.6764270865540447
589694392,0.766004340681882,0.009568266361571456,0.009024074515257862,0.007085663408652802,0.009006480757907363,0.039881780924552,0.09003126418125149,0.019213375368500697,0.05018475380042444
589696112,0.0041703296341295045,0.014068064861098635,0.009891560209275863,0.011149724916672982,0.011330264148566055,0.5090221109959251,0.028471832291005222,0.18492905917039967,0.226967053772927
589696361,0.0015182062887351315,0.006158606277948225,0.002527133500651749,0.0023052809181032252,0.003433858432719068,0.8937791422464948,0.07191778308813691,0.011102173273783985,0.0072578159734268885
589696723,0.07504993177270679,0.12575679895620484,0.03362860439549256,0.5235614511866312,0.019838807401163245,0.012240292179832378,0.0056884612917275645,0.051515096692716825,0.15272055612352453
589697175,0.004284463842995766,0.037875031346915444,0.012389191662305506,0.7683081958322755,0.01223032298926647,0.04491645716902546,0.008714065495950834,0.053305643553648106,0.05797662810761682
589697302,0.0035961366443156124,0.03211621050822663,0.037703603275968764,0.2954998949310837,0.0078052568468556524,0.32956338600957047,0.053108151467978815,0.10808159260567043,0.13252576771032995
589697529,0.0026547556223354123,0.11145826849752473,0.033742635006296866,0.4934524106572553,0.009968826799628124,0.10909141450582367,0.15619212889838913,0.06051270767371223,0.0229268523390344
589697812,0.007772079248732306,0.21298603618329348,0.3329195242463536,0.13669034007169945,0.0070555125519425705,0.03048166202113625,0.015739218361926304,0.14043673804585433,0.1159188892690616
589697922,0.004683521451115306,0.009237049085783934,0.004907798929718081,0.004580976775794298,0.007537128893094678,0.8758486064923888,0.05140399981824542,0.02663970312556426,0.01516121542829525
589700941,0.001168543466371535,0.02430370991849844,0.008061668413351791,0.004523652532306591,0.004371146319116095,0.8780892710885317,0.042321289661907555,0.021491059952054546,0.01566965864786168
589701301,0.0013640956936298173,0.008856147885829743,0.00510507956662781,0.004278080194005091,0.00410971429800853,0.9264083254715758,0.018910182681405728,0.0217215421744578,0.009246832034459609
589701406,0.0069000637358256536,0.006701151667628436,0.018755375783301553,0.03592453295774665,0.00787175096584576,0.20773879840476686,0.0068460328148689615,0.05461745678047245,0.6546448368895437
589701442,0.002005405194808275,0.013587538053929779,0.026992299044996303,0.005343416070396497,0.00539522716769595,0.8567400891292263,0.031679062410601325,0.02991592012339031,0.028341042804955266
589704957,0.006130714273770408,0.011379363226678601,0.1911906562050045,0.12583483294401684,0.0047523977501792375,0.01341511337105267,0.009514217859509299,0.052036038463672565,0.5857466659061158
589705018,0.0045398588588969335,0.014189686617864978,0.4161580519940624,0.04030036189730571,0.0054690145026783975,0.023119773074975876,0.016718533907304243,0.11027543348636167,0.36922928566054974
589705042,0.0025667772944120257,0.003558854526213591,0.004625269833072837,0.0021630308845594077,0.0013508829231966366,0.024095599208654152,0.7412647274994925,0.005403865197209135,0.21497099263318975
589705510,0.0016888766562314726,0.01691966856455959,0.016499212705159777,0.0077985829750415216,0.005967540166225431,0.8288283454858247,0.047698605982888796,0.03133797701640959,0.04326119044765907
589705898,0.002387841107347552,0.02528176475967878,0.07532525652588838,0.008696465333212704,0.003416904651342076,0.7039633888076005,0.03612143873894109,0.038967622341049134,0.10583931773493988
589706024,0.001767874407077929,0.007621362121227757,0.009635166880860633,0.0032875113975084757,0.002149582325221119,0.877008492190889,0.04552845404121905,0.010285547260397033,0.04271600937559901
589706264,0.0016999561448452865,0.004936334210885212,0.0033726682772179752,0.0019887685455885493,0.002150701155701266,0.8933473760835388,0.07035483346237215,0.012192728231008112,0.009956633888842716
589706502,0.0013477555376060994,0.00885130576784562,0.00529784126542851,0.002279578784486429,0.0026142033485006913,0.9427863233349439,0.018731172550520092,0.009490864282742506,0.00860095512792617
589706644,0.00109462462106907,0.009275572718693248,0.0031414651335391172,0.002942646243816839,0.003995400480477992,0.9360078121207082,0.023371315595057965,0.012888243519674904,0.007282919566962618
589706707,0.0028813117279241685,0.0064091120170614605,0.008666014636038508,0.0028795173743364245,0.002945662863847909,0.8995581819636994,0.044642328145684605,0.009724577070784054,0.022293294200623648
589707916,0.41890729637579,0.005249051298767327,0.009814420135291362,0.014034165719173054,0.00567393940246376,0.026244145757135132,0.015788189897660652,0.02101069589295914,0.4832780955207596
589708408,0.002368556030719686,0.005985703692191745,0.00311771736270904,0.0025649891519232437,0.0032007241279650256,0.930065302622425,0.02705029592387009,0.012963458848047438,0.012683252240148662
589708651,0.002416941961123365,0.005011827928216837,0.005301305402466308,0.0019099251624219396,0.002820554814026005,0.7688064431381396,0.19630107817063985,0.007154610475655223,0.010277312947310853
589708749,0.00306495094195556,0.013391599448678015,0.016926034459653176,0.005792603365111394,0.005670747183427543,0.8814650316968298,0.021987096508228467,0.02909889786459755,0.02260303853151845
589709256,0.002703827047255908,0.03211176226028313,0.019353507832850784,0.8586817332395158,0.007296006633656998,0.018391429402186885,0.007994452309541239,0.032114288874137115,0.021352992400572066
589709407,0.004872101377468491,0.015605375148487054,0.5860506875662016,0.19879909533348897,0.007179144306670204,0.024697799550971122,0.020983542539246117,0.05489585529765976,0.08691639887980677
589709560,0.010621163037650067,0.003504016135460025,0.01614946418249503,0.004015311623936777,0.002136881035803661,0.04401740264642087,0.07982169235202395,0.012280765017190885,0.8274533039690188
589709628,0.01308097608287605,0.0029053593270612025,0.006137230487053314,0.006872358321481091,0.0025689395779697694,0.0242208254649233,0.029115145323176682,0.02035612044802188,0.8947430449674367
589711120,0.034442079751426616,0.002725359607372664,0.00749736120583703,0.005597712484175677,0.0021434998157479524,0.021151426250469105,0.05692391864225037,0.012488761986338252,0.8570298802563823
589711142,0.009234873470493492,0.0025595191749357296,0.005614856126386922,0.0034579740137950367,0.0016633768051536172,0.019957895150847775,0.05329540932349108,0.011174168773812302,0.8930419271610841
589711313,0.004295468131673786,0.002264417080756881,0.00352576713261544,0.0016447957904668726,0.0011572581918624977,0.024828865386934032,0.9252879252201703,0.005654190421649675,0.03134131264387047
589711439,0.023823502936032852,0.00406442094686376,0.010346626390169133,0.007965410045366278,0.0035606655825671757,0.031203022433069504,0.7859517823463501,0.01915661107762302,0.11392795824195806
589711493,0.004542107681597525,0.0039480503828989745,0.008492788713694242,0.0073747761547107325,0.002033809840112524,0.03500376223493136,0.02896145367177221,0.016881369911837748,0.8927618814084448
589711515,0.005340233435822015,0.005174770166154783,0.006180211593921554,0.007884649169170862,0.003439795713620354,0.7605732626570733,0.021415743518891566,0.01949979936646474,0.17049153437888084
589711963,0.0034956372715262874,0.0125305635188567,0.013640776246259277,0.007022515857130516,0.0056568549949278695,0.8996600504666464,0.017211028567998013,0.019905711912540883,0.02087686116411401
589712145,0.002344758802319844,0.012985094155574181,0.016763926622639914,0.009464628955044782,0.003545661431054794,0.29890162377198665,0.08612778527765999,0.0289853635812905,0.5408811574024293
589712387,0.0029897557745868367,0.005127182259740068,0.011262226895070612,0.003775362176204392,0.001925104316897502,0.028795934769840718,0.3772871999385412,0.008686996433670772,0.5601502374354479
589712456,0.00203742439567588,0.01266594051527915,0.008714360443802922,0.005543934417824605,0.0027184658514775007,0.4080372941092143,0.1303083545655826,0.012812527280120427,0.4171616984210227
589712514,0.0029270664373607642,0.006505814960283437,0.019271488452414633,0.004491654741214113,0.002178372601158414,0.05068215150020894,0.12946917569063254,0.01094680257378112,0.7735274730429461
589714985,0.0014501926983761127,0.014007401275569006,0.005626639698789461,0.005329124344945598,0.0033959445461734256,0.846297165273912,0.08671835537957602,0.016318104599068746,0.020857072183589787
589715234,0.007698189437043766,0.009431983629898381,0.008417703339069622,0.005824463162302238,0.00576770941968606,0.8814666822678858,0.018354679084590292,0.023098576723287745,0.039940012936236
589715303,0.002859397255733061,0.06458845795328426,0.007476744421926715,0.008892697548873976,0.05294465836225014,0.8100809153296704,0.010196417045447518,0.02701393328545139,0.015946778797362688
589715632,0.0016191084299659168,0.009183374229110437,0.00435637925414681,0.004451809713089897,0.0052161988433897365,0.937472308800287,0.009571341453675348,0.014808749061178517,0.013320730215156378
589717387,0.007355148345136545,0.0031280192822367115,0.007993039709274778,0.006761770271431556,0.0022142745644441737,0.019683504918157704,0.018227726249183278,0.01824955808675695,0.9163869585733784
589717441,0.004555360775022259,0.00788682619123561,0.014405658582780577,0.0421977330931521,0.0037045317892978893,0.01768969926468193,0.007005165408892897,0.03936248953268859,0.8631925353622482
589717612,0.044031187560097,0.009863672894345775,0.008548427379395717,0.039773715061362236,0.012751925025164578,0.021549305358058258,0.004973539318581711,0.04526543167780637,0.8132427957251884
589717921,0.003215005752776764,0.16402093213676594,0.599755384521188,0.08663479712109466,0.01602813768431232,0.049438018194957134,0.014977352800549341,0.043058531180678546,0.022871840607677177
589719256,0.0022324866077190575,0.00452207366152683,0.0038528630369697035,0.0017642870850761959,0.0023294479766156964,0.9221381248993592,0.04230997018530106,0.008043284950053683,0.012807461597378555
589719299,0.0037603598207656716,0.00829255170704485,0.009088936925549563,0.0038651177614251833,0.004621345600770816,0.9104570385274237,0.019164126689110755,0.02049468416885349,0.020255838799056073
589719695,0.3338644696780655,0.010841636409537217,0.0084920631357101,0.004782252683825499,0.016703384908618217,0.22622211363570846,0.36763735595981295,0.011541433144470219,0.019915290444251797
589719855,0.5565666920988104,0.007358256054225566,0.006373277837985349,0.2612036466704797,0.015684292212546382,0.029184188238748306,0.005994930604119774,0.0910561076707106,0.02657860861237401
589719875,0.7263641645688658,0.005992347245307761,0.006920700228033541,0.09773691114783933,0.010623530178695887,0.09792248789741595,0.005343280538293061,0.031856822272346985,0.01723975592320175
589720121,0.007647451662725391,0.007670117399391691,0.011555186758431552,0.0061930754075963795,0.006845375887950476,0.7855574971405596,0.020151675245407202,0.03069782568587608,0.12368179481206168
589720220,0.002583806785584554,0.0061070046739399855,0.00479127466838211,0.0036430187466961208,0.003406612982164974,0.9303828456315004,0.015488319613594755,0.014976936694654405,0.018620180203482738
589720232,0.2207217875889891,0.010589724579810826,0.005788412948102446,0.01558662539193794,0.013422952217678466,0.6790300572172432,0.012822056609635318,0.028291103219968205,0.013747280226634512
589720263,0.00137637008872489,0.008890677314768185,0.00585908353538958,0.0027056244244263766,0.0036888030691127833,0.9445372127321674,0.016500789826913966,0.008613722868985617,0.007827716139511231
589720415,0.5573943768854279,0.006359095878767605,0.008786363917297903,0.05644114169327966,0.010962236369651305,0.2662036674777299,0.0056494893573199945,0.04769691040006876,0.04050671802045691
589720507,0.5874238319759593,0.005846995977129782,0.008397251490846922,0.012715681654300093,0.00807692555487161,0.3152913026181115,0.006760077040481697,0.022671686739635412,0.03281624694866372
589720532,0.7876151521552746,0.00682047417798008,0.006235237852122344,0.0042153926984340746,0.005546318354333342,0.10536792015420487,0.019767853336808874,0.011119810199138226,0.053311841071703614
589720592,0.033735136485296344,0.0044991266670379735,0.009169365895069862,0.019475886349153912,0.004781628854839585,0.7574492714245903,0.011593539417721933,0.06736034209417838,0.09193570281211173
589720619,0.6822958043556784,0.006153109002395637,0.0069220786555634975,0.03230510242199014,0.008698627488516884,0.19174822486038592,0.00785479914906285,0.02469000719807153,0.03933224686833514
589721255,0.0008450207620521545,0.006051890874689594,0.002517473024061018,0.0016359043390771035,0.0022508120153927245,0.9461707773761396,0.027670681383159444,0.005277346636824393,0.007580093588603782
589722187,0.0010411945030484016,0.006692937357676076,0.002361339580172829,0.0018013660783765778,0.0030368386027137466,0.9466562092795261,0.02480578343871036,0.007974685284216429,0.005629645875559374
589722624,0.003168478408530264,0.019770908171797864,0.03309626706359098,0.8037414028320768,0.009463420406353246,0.019119197981615793,0.007613337003610476,0.0435880062237209,0.060438981908703546
589722707,0.0042612509097118756,0.02494213056028233,0.4514509861077838,0.3896643676252006,0.01201489503307614,0.04270846220041168,0.012322156349504159,0.030202750482774425,0.03243300073125504
589724520,0.0008734196693292501,0.006178119174834406,0.0022633243818980333,0.001841588800505985,0.0022941861353094404,0.9437463992331061,0.029691559450359145,0.006228283918211017,0.006883119236446644
589725904,0.002148713448429876,0.009169615337998632,0.006311996491324502,0.003718000036522432,0.004288281526297391,0.9261551726470219,0.016774137948187988,0.01822498263304191,0.01320909993117557
589726148,0.0012483444792257764,0.01509764029182697,0.0037336616148783523,0.00402783071201527,0.006400137678436548,0.9295264886724917,0.01843145894723434,0.013613348611141187,0.007921088992749776
589726215,0.003499746336340415,0.006764201572226478,0.010503585327282813,0.003731851467172564,0.004373115880007961,0.8855424634091215,0.049342596796396035,0.01024605574925398,0.025996383462198205
589726486,0.3533962625492108,0.011060200888063152,0.006633988564778924,0.006031852310666677,0.016673212489787585,0.21986541251016403,0.3638027314312705,0.009670042619402087,0.01286629663665625
589726620,0.7162808452181977,0.007299029813651969,0.01982864835881832,0.005799222889561409,0.007027416845527953,0.15676491361267172,0.027064241985324256,0.01507280832428702,0.04486287295195966
589726946,0.002351121198829977,0.01065104581281474,0.008962016452457427,0.005346928852659385,0.006425193565448457,0.9083010393459455,0.0183873857145969,0.019297955799096857,0.020277313258150624
589728262,0.0028899864935937212,0.009034574186877592,0.0035734190222508596,0.005282305066934302,0.006636277727926956,0.9220178415598708,0.019926428828372388,0.021525729833049675,0.009113437281123814
589728314,0.0013198509609070536,0.04371488690216597,0.00772720749189925,0.0062173883374850095,0.004644373956966976,0.7443885523299276,0.14031072554329044,0.014417747868176883,0.0372592666091809
589728978,0.002513335745847429,0.010161543903414585,0.004159008477903702,0.009689106021681264,0.00589133270859857,0.9091238836720099,0.023237041367546455,0.01575690914965019,0.01946783895334788
589729079,0.0015590274300547075,0.004424726139695843,0.0032777617912672415,0.001415356682027126,0.0016842440307155322,0.6857363807885847,0.2836231395720083,0.007845346887414293,0.010434016678232207
589729207,0.0018411806194727582,0.012232973938849433,0.019937650523805785,0.006139462429423357,0.005615867807674952,0.8500339297762307,0.051142926491969484,0.02051875763680546,0.03253725077576808
589729216,0.000911917908604363,0.007056974429330031,0.002495263207117506,0.0018021208874902984,0.0027839152331727885,0.948331711683456,0.023707453207482618,0.007214777089298348,0.0056958663540480625
589729255,0.004707779022517978,0.025881332306602584,0.40276527017179475,0.3943868220089827,0.01558279178445497,0.06134088771004862,0.011584114100041202,0.06371216180322926,0.020038841092327973
589729267,0.0009138402539278863,0.00836307390146253,0.0027943459964598883,0.0024594604142534867,0.0025359961198311238,0.9406215367911352,0.02772505352334553,0.007626300090649952,0.006960392908934466
589729478,0.014232882150055344,0.01562950193358356,0.011041796549151208,0.0057641680353332754,0.008211127618265004,0.6992148571843895,0.18212356568035648,0.0187489935646096,0.045033107284256024
589729588,0.004258181415571061,0.042130502980446516,0.005933657762746064,0.013212915274851838,0.06572811819307085,0.8166034628283625,0.0072825032968455794,0.03552780559836446,0.009322852649741229
589729893,0.0015783772764970721,0.004175830530789562,0.0028530245411149905,0.001959421345740832,0.0013324956291097462,0.3733424163077598,0.5837441766332913,0.004852024959695356,0.026162232776001427
589730251,0.029874425971167455,0.002183315689744871,0.004621089986509041,0.002698507223355704,0.0015832130848648384,0.011416146936993903,0.48394797757083025,0.008596771121112715,0.4550785524154213
589730431,0.0032362501048545525,0.002359794240315191,0.003830807312125653,0.0019392322397246236,0.001176413295480407,0.020031633975735874,0.692951563852281,0.00629773902868325,0.26817656595079953
589730593,0.001974790287365169,0.0036807494209900324,0.003904740238182236,0.001666244852234977,0.0016329953957512743,0.6469842242942249,0.32316472179964484,0.005382582783460897,0.01160895092814568
589731302,0.002827594584640251,0.03507963523775874,0.026473272977108935,0.08138091889101631,0.005933917931515571,0.1653753220299143,0.02570321142048329,0.05653588154968675,0.600690245377876
589732668,0.006076582607037667,0.00167805820972621,0.0023809116155808657,0.0011743888706149518,0.0010369227783185904,0.023620309289166915,0.9471128676298188,0.00428258088535062,0.0126373781143856
589733071,0.0019233559646147326,0.0060932059304384225,0.0076728621375486685,0.0029274524641449786,0.0024404183236091536,0.8064896592367217,0.09101600863882413,0.009271219707976968,0.07216581759612128
589733106,0.0014968747234163804,0.00708732045125288,0.0032737056622752438,0.0018693497385834058,0.0027576686811955353,0.9487386728524432,0.01661076733904018,0.009377947111532984,0.008787693440260246
589733262,0.0031511305861569227,0.009287460782873527,0.005261499506153894,0.01865479989009163,0.004676449098935022,0.670153416091488,0.03688980037653004,0.019609884458372813,0.23231555920939811
589733357,0.0043470406515187104,0.009274745168894486,0.008390945409490118,0.004884880298129697,0.005837599828949527,0.892892958928856,0.016426649640312065,0.026590098991031395,0.031355081082818
589733365,0.0022029766739638094,0.006707924087647421,0.005839443135684035,0.0023341054360432652,0.003152855982403268,0.9152267075580562,0.031229661236968805,0.013025414257219243,0.02028091163201387
589733384,0.009477798198937211,0.007424700601829326,0.006715663375183737,0.008623955874519891,0.008158953434565623,0.876177863786848,0.017661902658299037,0.04053030726805577,0.025228854801761392
589733455,0.00296712175454854,0.01996704634394114,0.1361923936518546,0.6753902224928592,0.015163904779809013,0.042310592552247096,0.013199345219564292,0.07507525832812677,0.01973411487704934
589733506,0.0037337404195940034,0.023394385451555737,0.28668825473343545,0.3905557001455736,0.013537902287297296,0.09872882299389976,0.09363448470210314,0.06371572906541913,0.026010980201121917
589733753,0.0022005507972324622,0.008049504862080283,0.010441301585855513,0.004042449240230679,0.004556711231671112,0.9165049168010622,0.01808885932596404,0.016514950323527833,0.019600755832375867
589733914,0.0010126997598653856,0.012041703964632042,0.004112877285074325,0.0028031511365384093,0.005305582183182749,0.9412788873964013,0.013676223064777789,0.012844410847483763,0.006924464362044195
589734589,0.0028741500330249233,0.007655943244143545,0.009579909705883325,0.003891256252839956,0.005582670291422672,0.9117348148219537,0.025046836954281417,0.012218128472814822,0.02141629022363554
589734601,0.008876019215770763,0.025311795053935573,0.007383654439162285,0.009873448468080871,0.03657827418197485,0.8576917535083421,0.008809921912004802,0.034717899850291015,0.010757233370437708
589735157,0.0018136727679257825,0.01645784756217746,0.008207102095967138,0.0072943631238196974,0.00621118987790546,0.834121387887991,0.026999316020656035,0.026407538644388984,0.07248758201916837
589735318,0.0019354032687375206,0.008295819748098747,0.004022001176121712,0.003966868312927121,0.0036493317427347036,0.8655136444982569,0.06125322669350084,0.017266733082333792,0.03409697147728868
589735967,0.008158572712246664,0.026322106527186195,0.004889368987079826,0.0054462922882350315,0.0850088225290655,0.7970426149292302,0.021386521963875603,0.027210707703832566,0.02453499235924841
