track_id,Clutter,Cormorants,Pigeons,Ducks,Geese,Gulls,Birds of Prey,Waders,Songbirds
6868504,0.009882679198856182,0.011968637772605008,0.016956885601854828,0.30190638210316034,0.40535024584199036,0.14878279132676378,0.003154533802892876,0.019126040946992648,0.08287180340488397
6868536,0.008505620824294085,0.021464078013255016,0.018767955368542494,0.25614716190641296,0.330866338123896,0.07208382126604346,0.002853120649711331,0.05103186286769004,0.23828004098015462
6868565,0.010128026513971955,0.07556234059096383,0.023698091197553655,0.3068028763794751,0.4919547278421018,0.03289271905524484,0.0030485950748563436,0.023472962245514928,0.0324396611003175
6868861,0.0019061148768052926,0.3134985633500869,0.004377342125525326,0.023186850001847385,0.6269401480329895,0.009177241797975593,0.0014673919896330226,0.01330546994023997,0.0061408778848969755
6869275,0.0020715026624215827,0.22595465704172785,0.007989525388046832,0.014102981393917937,0.6804027689246894,0.029704686044195874,0.002989220850497111,0.017526962240222474,0.019257695454280885
6871418,0.003794421037945464,0.18500525432109277,0.021753429504588664,0.06284373634240492,0.5958542169360481,0.023591008758088138,0.003093536768264997,0.08897525333789899,0.015089142993667875
6872996,0.32446475936565655,0.005342509113640237,0.007307519301738685,0.005763074364205998,0.017885411070496262,0.17882093675220687,0.12629447959729762,0.0119572727991691,0.3221640376355887
6873817,0.021409777051550193,0.031312291309504026,0.006126654687594116,0.009520344162568549,0.20275450865384043,0.6648331791685389,0.005185530752549541,0.03897258607670126,0.019885128137153096
6874023,0.0007489511563003673,0.023161924825269437,0.005022848139905388,0.0036191057704402798,0.008908062808170823,0.9236974297196126,0.008416462457545947,0.014451860368047516,0.011973354754707588
6875504,0.000930126775115947,0.023228456495041704,0.005794672176020911,0.003482359855587787,0.004425435874241098,0.8234932558182881,0.02547528549112985,0.011824016465786673,0.10134639104878787
6875899,0.001792700776434178,0.011002770737774953,0.003039985867115988,0.0026316842123733234,0.0038795472103920156,0.843942930598484,0.07724672017094485,0.00904174184218649,0.04742191858429424
6877293,0.013115043786458102,0.006577209675861409,0.012320272054844114,0.015450192651796075,0.006656656686850951,0.06871076424116351,0.0118160603894784,0.021556523219468986,0.8437972772940784
6880408,0.0013891418990143677,0.010190848022266651,0.0036570591808284337,0.005349665213616145,0.0036673472754073476,0.8736467060630814,0.042777388022254524,0.011883442320069212,0.04743840200346196
6880690,0.0015879236052032124,0.020181070238257503,0.019759754698268572,0.017793762310328476,0.0055555961488981615,0.7849412330061412,0.014695807533529637,0.016407845694226094,0.11907700676514718
6880833,0.0036606113529439313,0.0029278411034950073,0.004540725728310711,0.002551732069403986,0.0013469755503051515,0.11311407010224847,0.38352038502542213,0.006034955398673923,0.4823027036691967
6880956,0.0007716064642454927,0.02060824256304918,0.002509286759873664,0.0022971619935182783,0.004063863628831333,0.9345397257220162,0.01530504294174014,0.008195941058319703,0.01170912886840615
6881733,0.0021859473274947216,0.002642614212382256,0.0016680592252821028,0.0013926976964531528,0.001533358632669344,0.15706600684806699,0.8219478710742241,0.0031101996201463177,0.008453245363281065
6885154,0.32034826908352765,0.011147922940536814,0.007680803987356641,0.025728031885329676,0.0124832122807418,0.13819859323817274,0.013903768608077162,0.012921572555500036,0.45758782542075754
6887294,0.011855461059441349,0.12221538711869408,0.009067006231459035,0.006832469492079839,0.014723026763345136,0.4498360468695213,0.01017699584232749,0.03336814925852934,0.3419254573646024
6887586,0.007097226015123406,0.003382987788010966,0.006044820249226465,0.008771183667422052,0.00286880843972929,0.18276858852966196,0.009218724042712864,0.014396789312752784,0.7654508719553601
6887600,0.002844351980150376,0.0055317750118091015,0.010289051616311419,0.010249320504294869,0.002907353381316559,0.09113176154431808,0.008882602097172431,0.011833171185867429,0.8563306126787598
6887637,0.013692341537618159,0.09392146925774092,0.006523711701278835,0.012665817727594036,0.024730537653444983,0.6645848035780644,0.016975867470207087,0.01641804916257713,0.15048740191147442
6887702,0.07081943757342259,0.0023560508127602937,0.005218826640044603,0.004215135184003358,0.0023821618945532776,0.02709778017016266,0.046576764586942654,0.008357568118469839,0.8329762750196408
6888243,0.007389457847570481,0.1270369852432302,0.010887994778205278,0.014204243691905361,0.014229995078324242,0.27907925988673643,0.008393257060365485,0.01824782173161666,0.5205309846820458
6888737,0.0017573592693554921,0.03984183576290037,0.02630378164349381,0.037722463453474825,0.008911362274420858,0.05213156764384594,0.009701448122218896,0.015259320513686432,0.8083708613166033
6889024,0.006091176746475515,0.0024517675080094315,0.004839147143757238,0.0021309427238431554,0.0014513425019713644,0.01625819838202049,0.5273396006557624,0.006044410750677309,0.4333934135874831
6890285,0.0033471304308757867,0.01293566928293659,0.00632278158695388,0.002715621019184338,0.002016510373743461,0.24342199622616786,0.2593896769245578,0.004998696847063901,0.4648519173085164
6890416,0.0022560698182557642,0.01591665960867207,0.020885900776771358,0.005116710592692917,0.002185086240995263,0.07051140914111122,0.049826929551950415,0.00885373418513158,0.8244475000844194
6890579,0.005044569398459613,0.003746453769250471,0.006851405722169148,0.004618284935534297,0.001807392454257932,0.1621878436913948,0.20965641255060266,0.010900608915030882,0.5951870285633001
6890917,0.005303125368271256,0.004443550482106079,0.005440395224432691,0.002292035585759432,0.0022087269473310585,0.36118730594401666,0.46557893706300235,0.008815615076456236,0.14473030830862416
6891091,0.004420518295291017,0.00511655845356211,0.012726974267644527,0.4126792863898475,0.005330173368916019,0.012726911498016944,0.003218598602096198,0.015450260557995431,0.5283307185666304
6891208,0.0012165873710825192,0.0036374306942944744,0.00607944015018605,0.002202071877344895,0.0012836756195587194,0.4772797168994026,0.1300575496444449,0.005632372994374462,0.3726111547493114
6891245,0.0020126288136900865,0.004533554049254884,0.003914021407834363,0.0015512664267640923,0.0018154908665037166,0.5847642513239164,0.34745204390662093,0.004829128841984826,0.04912761436343053
6891309,0.001345444832909501,0.011005616612068298,0.008755291878444746,0.0041818966885857406,0.002149011000419217,0.5022562296959608,0.03707570010839534,0.006511312592517024,0.4267194965906993
6891366,0.014167347052531701,0.0020181785233234634,0.004128621651702457,0.0025345915094612237,0.001631236134736826,0.06535851759564484,0.25996808858097986,0.006601394937389886,0.6435920240142299
6891473,0.003357841043651959,0.005631137726046841,0.008964013181773721,0.010103587931134096,0.004214856016191763,0.051675582656916394,0.012659864621886336,0.014088824150023646,0.8893042926723752
6891484,0.0015705170345444554,0.003857070356587255,0.007206103465725082,0.0033420781102605403,0.001577378543457009,0.028159743075352992,0.0303036114774706,0.007215518880448814,0.9167679790561534
6891531,0.0019004184733932925,0.0061905088244834025,0.006084833933720031,0.0026266890663459953,0.0016868998232698468,0.10545193868726645,0.19415856893701494,0.00470293004259626,0.6771972122119096
6891557,0.0024841626911771466,0.006369120900860472,0.014489421641955604,0.007030677764447131,0.0032445145973094424,0.11230812221526848,0.027881982794062198,0.014261137427925565,0.811930859966994
6891579,0.0015850527442234986,0.00635098315423583,0.007083237690704574,0.002890280452067719,0.001714392864569644,0.5512872459184442,0.09315349506508377,0.0053264156029507875,0.33060889650771985
6891867,0.006234455098694145,0.002493150000062261,0.00388375027778017,0.0017495713110954104,0.001280011351488387,0.01216145073173005,0.9143682018547545,0.004938349275562014,0.05289106009883317
6891888,0.016795686610286683,0.0037600619867527727,0.008497114515790946,0.08911803872579553,0.0034376290069060627,0.0355714446659072,0.016717702590315922,0.06922541079794546,0.7568769111002994
6892297,0.007667918089086085,0.0020023755649882197,0.002948686308174416,0.0018116176537840913,0.00140695181354311,0.02009263081678665,0.8436095210201938,0.004783784184195086,0.11567651454924856
6892562,0.003157485198597746,0.003502213932944571,0.0045907683339204775,0.0018121259643525069,0.0014646848337355367,0.207123369952669,0.5264572959537762,0.005737093240657969,0.24615496258934602
6892587,0.0034923258452710377,0.002298138440414814,0.004561541200573225,0.001770115609282294,0.0011462009264458818,0.025532406716847526,0.32206063833325793,0.005675227855950464,0.6334634050719568
6894293,0.002738056393145959,0.33671395979498153,0.005642997702861888,0.05669733130789218,0.2850916646507463,0.011960395605848004,0.0018849312698704266,0.025243163441577947,0.2740274998330758
6895609,0.002094766879986714,0.016359440206555925,0.030431334496597708,0.14552144886838123,0.006434535668502939,0.013677575028823734,0.004696984171193965,0.024337349781228285,0.7564465648987295
6895723,0.0033787216760783256,0.004349255306271589,0.00714112831406027,0.002090740138387932,0.0024859828659218367,0.8595940771116595,0.06493812985658089,0.0073041782514673866,0.048717786479572256
6895905,0.001499855819716734,0.005300602147318634,0.006173688228374803,0.0019487533719050273,0.0024483137346952505,0.874149329975595,0.057453535492792605,0.006005312771737532,0.045020608457864326
6895906,0.0023532174887211776,0.004397283103883826,0.004898593226439334,0.0016866807871456935,0.0019182098592092,0.7121588189614625,0.19566021056435023,0.006642043479253062,0.07028494252953495
6895927,0.0036367263767879765,0.005130365863677836,0.005776916473403324,0.0025427263544103035,0.0027764976633130717,0.6260834167660163,0.13291748533521022,0.01171290828136558,0.20942295688581528
6895938,0.0013805891139255758,0.005002480695967861,0.0038400768224734635,0.0014079920278445765,0.0023123901009109776,0.8440454410415288,0.1037312177616435,0.0065998256947558025,0.031679986740949365
6895939,0.002215563777547935,0.007971612076394824,0.004307893510845933,0.0020622185526107326,0.0037485107253359545,0.8705892293961904,0.03901512855479422,0.009202262261079043,0.060887581145200875
6895948,0.0011909855037553305,0.00643707467665082,0.005997583477473974,0.001654555752391648,0.0027268790161181053,0.8878959878820875,0.05140034091140766,0.006411305430231214,0.036285287349883816
6895973,0.0035290221003825093,0.005390168665813921,0.0053075434695085575,0.0029009235048845267,0.003243145780211525,0.6716018325162099,0.147324334985277,0.012209625462491297,0.14849340351522083
6895974,0.0016702456184401009,0.0044600097240182586,0.004115260336533839,0.0015278605957040907,0.0019954435729875753,0.6947978625600009,0.24397576237256383,0.006139246821637832,0.041318308398113665
6896754,0.0010399136785464124,0.0045184266570541054,0.006113180881186492,0.0019786993013830405,0.0013800295184647482,0.22171100412843503,0.06438284380215403,0.003926227020198426,0.6949496750125777
6897915,0.0013850853589994453,0.06608152814375678,0.030137738319948516,0.024135451996024813,0.00997749508829627,0.136166353107746,0.013211602820794094,0.024161532415627764,0.6947432127488062
6897964,0.02300732025731462,0.026901928095212534,0.01267828373101191,0.018387681377509964,0.03693398838889717,0.11223184621924599,0.02411976152120859,0.05787879520954611,0.687860395200053
6899282,0.0045978532034846985,0.0034718629582392727,0.004499000127526699,0.0021590971930543846,0.0016244425143297433,0.594684371890668,0.19999857083389533,0.006125841225084147,0.1828389600537177
6899294,0.011160409846060149,0.0021705289274068043,0.004418024268801682,0.0021652315144240278,0.001436486973390945,0.025122015855311253,0.5354663711196453,0.006353580049493032,0.41170735144546683
6899376,0.0017145042633440986,0.007791291991775274,0.00934018619233996,0.003550465040707857,0.0020528259271423424,0.05370526814864311,0.12782700131103103,0.00588673191234846,0.7881317252126679
6899506,0.0035596611073170706,0.0031886952742177445,0.0041623159731188335,0.0015783255525936059,0.0016530104688631945,0.12259828084187337,0.7148508216761873,0.006508616658438086,0.1419002724473909
6899530,0.11099996233808088,0.002783956261401517,0.0064381402716252745,0.030601815148905354,0.003808697353154129,0.020855865786999224,0.005382354205992928,0.0169470892491794,0.8021821193846612
6899560,0.07961368392946659,0.0031990674666330984,0.004972047901255493,0.018068551620246617,0.0033875917077032785,0.5685547235531903,0.02822934452449669,0.01607810611079778,0.2778968831862101
6899670,0.06870255983303926,0.005067564288713449,0.005957471058246725,0.004337792348981341,0.013354043771360928,0.27437959570802706,0.011919782563561167,0.026924318813203882,0.589356871614866
6899695,0.006059291906200819,0.004261505283700142,0.004950282146813944,0.00621389274989288,0.016379864616535997,0.6529576029536487,0.0067773189034899695,0.012148663783951295,0.2902515776557663
6899730,0.02931273133843356,0.007518315042089696,0.00726252439882054,0.005444536021628976,0.012572033890219438,0.43979474132909124,0.035669794298911615,0.03850421188466236,0.42392111179614256
6899754,0.05753101856913172,0.004098435745004409,0.00953499564629999,0.07251630307134713,0.023195667850581362,0.22040896461814322,0.004106480516567523,0.05596073757010278,0.552647396412822
6901206,0.001345965187544334,0.007473264680277006,0.005195658103021255,0.0023905337491441146,0.0020967460675325547,0.5643628393259961,0.1042837586776819,0.004903814677038989,0.30794741953176386
6902131,0.000982617479335896,0.007624660442778884,0.0016380470488616013,0.0014312583107212364,0.002298591076706515,0.6915933418170266,0.2789978084007657,0.006456905984817183,0.008976769438986437
6902271,0.006088002085309114,0.10113918008945956,0.012538792695109454,0.09098260169640318,0.21435136748302736,0.02722325429177686,0.00288969958144246,0.027236509304927985,0.517550592772544
6904326,0.12769464934897845,0.00189845330505394,0.003873756666347808,0.0058987727949379905,0.0017690450068351103,0.0424539537835598,0.02205995141064543,0.009935144597445591,0.7844162730861958
6908023,0.0014346217715534393,0.18434611613936383,0.00931650139728476,0.599914828426586,0.038911572708918526,0.07006070197355387,0.009388444284734768,0.06774494679279425,0.0188822665052106
6908625,0.0013656115770335306,0.0028480310953005604,0.0037568119162217336,0.001402156116408756,0.0014414978732013835,0.3575584941681083,0.5886315677851692,0.003766523875213717,0.03922930559334278
6909657,0.003813614560703391,0.0018469873459652064,0.004266744618177258,0.0022912122576216,0.0011505560086306629,0.07876705915646809,0.22763475001534844,0.006622250880243745,0.6736068251568416
6909786,0.02355823263688976,0.0017576198685702882,0.003690170309164813,0.005818504358823727,0.001434377612985446,0.03546501622294659,0.026029378154426276,0.009292175913262864,0.8929545249229301
6909952,0.0058716579618310755,0.002024730001696467,0.004132114620050236,0.0022250037654750207,0.0013066624298415763,0.02187882256923064,0.12880947062811504,0.006318594420239116,0.8274329436035208
6910003,0.0053675389273082075,0.0017428105852714726,0.0035112470654014836,0.0024209192276601187,0.0012622642569369619,0.021861768045654567,0.06773965142092432,0.006749993797121998,0.8893438066737209
6910407,0.000538377661225921,0.007652173234280707,0.0021014323429561724,0.0017113043555302264,0.0029312439410160897,0.9634094939070682,0.007735815670220551,0.005491781835314443,0.008428377052387673
6910422,0.010505875346262267,0.001947033632571882,0.004191545430801526,0.0035860623711378077,0.0014052525264277294,0.031609086848554596,0.34088245839783776,0.0076373784094725,0.5982353070369341
6910425,0.11916314707586126,0.0015316436052074279,0.00357911545349108,0.004994381984715938,0.0014290646751233167,0.0315154840445559,0.03546059653709691,0.007787955068219975,0.7945386115557282
6910560,0.007449308163254419,0.004346062390954668,0.00888916489313682,0.12754325590389348,0.004025556744304111,0.030506537026900708,0.009005783291078123,0.04846859049513284,0.7597657410913448
6910590,0.05903879286558892,0.0019633041281688825,0.0037316945844308503,0.005555382594681015,0.001603230857515264,0.05135478825321668,0.07862202323634528,0.007666741048105297,0.7904640424319478
6912744,0.0005287923431700341,0.01518612378865192,0.0020993200131537823,0.0024976042330797548,0.004883348961862532,0.946764678970846,0.009051025172414427,0.01127362674055787,0.007715479776263561
6919118,0.0012370188988417904,0.005330888232875592,0.005545372607735439,0.002504573103335753,0.0021556155060436615,0.470135103175524,0.09239487008309538,0.004452530534792745,0.4162440278577556
6920152,0.0014855003980540986,0.00774908753718233,0.008974458825088226,0.003244697920083846,0.003064596548440893,0.5811589676546082,0.11382265894435335,0.006735877962862085,0.27376415420932704
6925791,0.0012920219061589501,0.0210775150611108,0.005608980027727147,0.004545944185889397,0.0029309714596242116,0.887253363938225,0.040211674956364137,0.013129647621239748,0.023949880843660506
6926246,0.030256093005366063,0.006385991581114172,0.00676097239634875,0.004911237053434034,0.005339610667554586,0.8194665354740618,0.07019044442387963,0.00899678696086889,0.047692328437372006
6928841,0.008315632101679394,0.010724460800967799,0.015455955531200395,0.24259401921493726,0.01983114648086861,0.08333187378911122,0.007414505351998499,0.573855712841058,0.03847669388817898
6928933,0.012979085620217646,0.01565313769575357,0.006705801271937841,0.007313725968233403,0.010599213873564382,0.8743576246976442,0.03750571529498654,0.011060997588295885,0.02382469798936653
6937241,0.009253849568928876,0.0030053238601975233,0.009455513962757223,0.015345036072621086,0.00294660714243096,0.030611368359833573,0.013413199004967501,0.020081593014264126,0.8958875090139992
6938426,0.0006165085999737739,0.003701061273201906,0.0016582958244464878,0.0011702223536148302,0.0014905505915543235,0.9569585139912655,0.023736939490562544,0.003424424303535599,0.007243483571845063
6938530,0.000760219266808418,0.002783576610671063,0.001227233578595519,0.0010183543881107937,0.0012922466938791693,0.9507927908281837,0.031003856806512825,0.00472621688318859,0.0063955049440497505
6938682,0.002053571242711694,0.0031485832013919994,0.005191526433426781,0.002771754984483323,0.0016491342684203589,0.16094329010215697,0.22079582091601166,0.004212214142267324,0.5992341047091299
6939166,0.0006098103335623577,0.003642644551383664,0.0015195485783893287,0.0012074062204965343,0.0014019855760699135,0.9523086897550038,0.029240208246498187,0.0032429547781474876,0.006826751960448683
6939222,0.0036764776062302557,0.0022259722603645165,0.00237202218712807,0.0013681803125538817,0.0015534447088009675,0.13227979279648247,0.8425308934703213,0.0056709719855508114,0.008322244672567742
6944591,0.010648434334449088,0.0033751757435623,0.004873075674876096,0.0024977332835864905,0.0036990119355718473,0.6146949450774879,0.33553758701556047,0.008042544070502122,0.016631492864403734
6947293,0.0018133928469303059,0.010855479305497134,0.013965832251527727,0.009534760499280448,0.005531736561377419,0.8961173127078457,0.015261029967897672,0.01744591632000433,0.029474539539639254
6952804,0.002628097628049271,0.007783189131135856,0.022489275710119952,0.011463964824123572,0.0070613922636368785,0.8365769164098967,0.018951146193954316,0.020837124043511148,0.0722088937955723
6975207,0.0018644369699525392,0.008068144331271494,0.005734290268996519,0.004821029559145125,0.0043363719945644676,0.9409230486489768,0.008235243437997343,0.01591980991088116,0.010097624878214539
6975472,0.0010001844669443104,0.005750467464214328,0.004267268965665516,0.0025393016460614815,0.002272940302817031,0.958450548485154,0.008883345159536689,0.007793213485789163,0.00904273002381756
6975490,0.0012062668615459658,0.0064844858104845336,0.003028659731440972,0.0029628879770865067,0.002821956853838981,0.9519454803728611,0.0059158572604591396,0.013838013907756998,0.011796391224525861
6976427,0.00117563678151274,0.004210793903772377,0.001840043810415562,0.002233989302586319,0.0024698665563328507,0.958166117785106,0.010383073264760352,0.010169181088061655,0.009351297507452123
10551287,0.003930541195788699,0.010734997939715472,0.015683409427987613,0.011429068499511473,0.006537074316864961,0.5796788141623307,0.2464222369948959,0.01786349562510361,0.10772036183780154
10554874,0.6207533602811561,0.041069113151554225,0.01075460888929853,0.007946417893398573,0.00867877677256432,0.025987661100771962,0.15880289051629537,0.01507526573462122,0.11093190566033967
10555071,0.0024969578266007884,0.006086984674447778,0.012712556272748504,0.005687158940152583,0.002472145568799654,0.032222857543527765,0.07216615543827411,0.01572255453263773,0.850432629202811
10555459,0.0031153581062956636,0.018316842671747817,0.016715347910920348,0.010719314499250496,0.015826992180951814,0.060304016551368016,0.02368020925619308,0.7089556387820661,0.14236628004120674
10555968,0.030832802046825453,0.009430280913826127,0.012360957125657037,0.5623954830159402,0.2699490308848824,0.020577792643542196,0.004298018916248456,0.04655614500703268,0.04359948944604538
10556692,0.009652993543737961,0.005032379980899085,0.01086745419687143,0.01781709976946736,0.003660606520523158,0.036705925134562986,0.038265743960072575,0.05356096243979471,0.8244368344540707
10557065,0.0009648559415755598,0.01003105318650709,0.0025857911139990433,0.005433594206524039,0.006117314870640566,0.9004172795386327,0.037713948697853675,0.013125882613177658,0.023610279831089733
10557235,0.0016997197841231986,0.01824075041182501,0.011838171454101038,0.06641984221890737,0.014796229175925085,0.8084862445528238,0.011328519885584424,0.04681474449529503,0.02037577802141504
10557310,0.003431421598434493,0.009415764582000262,0.009508934967676401,0.010038371089467287,0.02900417351894014,0.026749226547749232,0.007046979466653731,0.010781853624925801,0.8940232746041525
10557603,0.0015679073779826323,0.006890133398071308,0.008101282398254209,0.005222270184852223,0.002414215411296471,0.032805085879494954,0.04919431293447449,0.00777016972843459,0.8860346226871391
10557649,0.0020970384019953093,0.01244140895459809,0.009136753197431255,0.015479860303466748,0.014302398162946725,0.8806122175610167,0.014617902226085323,0.0275326258747521,0.02377979531770775
10559369,0.01994286077422451,0.015365757826035978,0.00923222144218331,0.007347016219704413,0.009855352298422113,0.6121770374964899,0.07830089038969698,0.014737694373823083,0.23304116917941964
10559516,0.005423217846534248,0.01704094588149824,0.005401971137009181,0.07346163149701179,0.02798536495319699,0.5130692625193383,0.031520604627379684,0.03142570975515148,0.2946712917828801
10559765,0.0015427591054431656,0.05233033736132331,0.0052660668976420456,0.007387426992760436,0.005422139707222193,0.5723544324261445,0.15988598254297923,0.07763042147373976,0.11818043349274532
10559904,0.015919501297639933,0.031574115809776086,0.013283441652077869,0.012055625838067754,0.010260891118978552,0.1777722572843859,0.029486392526861586,0.02485821615309646,0.6847895583191158
10561136,0.019043194314941402,0.01623347604416526,0.009183697019395178,0.008413418991167642,0.00982402929709417,0.06669010086100975,0.029862036238423418,0.02818347428772593,0.8125665729460773
10561583,0.008161739427536265,0.004824858885769432,0.006232854989525104,0.012562856898383707,0.005002253083484835,0.16610426330911343,0.5534722327752069,0.018514608136058666,0.22512433249492173
10561870,0.001465853805348572,0.00594259803959917,0.004753258425244201,0.004062701592636259,0.0029048290843249696,0.42578282638697595,0.505879352883114,0.00930134323497705,0.039907236547779855
10562711,0.007871900719742801,0.2617813070773208,0.043427828260135026,0.05365367656609363,0.030328477229439637,0.018836281651596908,0.007536861918188501,0.029136756075000974,0.5474269105024816
10566953,0.0025874706198047697,0.0067847520460021385,0.0032931819669222997,0.002714965648941167,0.004007151506303541,0.3957138322107123,0.5498897234006503,0.011157326766222454,0.023851595834440777
10567563,0.06496150989887223,0.013764832742742712,0.011971637208984804,0.010535178778067823,0.012439937998254874,0.07184148956519593,0.049641174321093925,0.01387799919003238,0.7509662402967554
10568512,0.0036128637424336194,0.0021846558530125306,0.004679504153671817,0.002200560604811009,0.0014448295884992635,0.02351216134388271,0.9142005880778453,0.004948386687495466,0.043216449948348286
10569249,0.0023397695601605727,0.0037580617870731758,0.005428334378191787,0.004729721970284193,0.0020047797973592103,0.0755636406910074,0.7594038402371956,0.00869950982194513,0.13807234175678296
10569900,0.00574654571422178,0.39927026439361335,0.018902635952249808,0.024168707879188248,0.09240656660155253,0.20799946361425137,0.010666310044441725,0.15560374921432477,0.08523575658615638
10569996,0.002785492550824941,0.0026980236636153358,0.005593799308808711,0.0030253077886198284,0.0014631185290637444,0.03287063903684128,0.8868824269168812,0.006355555808743906,0.058325636396601016
10570047,0.0019827843961034014,0.008069199033735416,0.004917016589115227,0.007849461497014867,0.003981867338074465,0.46078180952738257,0.4618497500715282,0.020443977543850227,0.030124134003195684
10570186,0.046434915292951115,0.025071743456722133,0.014332774762180152,0.013153542869243171,0.0415502367485165,0.14138193377578614,0.061236739664512735,0.03662693895713199,0.6202111744729562
10570190,0.0019658434681812604,0.007289966970446313,0.003764718416566326,0.004145599377701869,0.0037637761405548372,0.340477918959404,0.5923452810508589,0.009283326750263629,0.03696356886602273
10570281,0.0022234775222603,0.004244625317732329,0.00527444676662495,0.003651267174319722,0.001870982622025529,0.040533772949533184,0.8554795770146721,0.007437378769318024,0.0792844718635138
10570444,0.8492755989544996,0.008348262487731021,0.009727114894686443,0.019688375477987085,0.00903471433673517,0.0372727345093301,0.009669315945554795,0.01497714938199591,0.042006734011480015
10570516,0.03186862169814141,0.024733352780026203,0.011379413288812697,0.009406809233270317,0.01337675395977801,0.09900476861422382,0.02358333059080893,0.0218034105695938,0.7648435392653448
10570563,0.006162494459158521,0.002196558612543681,0.0036916093846500676,0.0038462388918858426,0.0016089710160652822,0.018195801198384032,0.5746168174772692,0.0072584996478373244,0.382423009312206
10570908,0.004238496865365365,0.004363401619067921,0.003099547856949705,0.005459911796925599,0.0034079697714378843,0.09505662947822582,0.8145519405347108,0.0117556543859438,0.05806644769137318
10570962,0.016709059129531488,0.016426340867901398,0.014023406587145716,0.007499161296567265,0.011251950229832953,0.11218661285468842,0.04667090683160034,0.5560736974744005,0.21915886472833196
10571126,0.02164577333279598,0.0023924191416806024,0.03273076326542508,0.007170217587786881,0.0021945619941064988,0.03104651124424293,0.22612089228220766,0.009903767881500743,0.6667950932702537
10571129,0.7941969594198233,0.005850699888355864,0.009150584210790489,0.08542115208997828,0.007349059061591127,0.030600255856893327,0.005701315356620947,0.01980943841430103,0.041920535701645584
10571130,0.30217260886022757,0.008753081614614713,0.01817180145174666,0.2244300353795032,0.010428248719534548,0.04997979380682353,0.0044870791049914744,0.05210497940147034,0.32947237166108795
10571150,0.06876982415651914,0.017094423763027965,0.012917180477444693,0.01624088125205083,0.008340150103064195,0.18295596217044924,0.028708561789935777,0.052269080707570484,0.6127039355799377
10571157,0.08854322303569492,0.0019611248178212372,0.004811096553071199,0.003178613371338472,0.0015494962176702846,0.017427698487716015,0.7620551767564678,0.005640154114305678,0.11483341664591432
10571249,0.00613826004647401,0.0033248281911705756,0.0033690655424741933,0.004092404172211392,0.00234011581734569,0.15262854876252352,0.6422132173001456,0.009819656298751919,0.1760739038689032
10571563,0.007939196881523744,0.2037165468790351,0.013496753225137341,0.016248715079039185,0.0289460801933617,0.12546714474393864,0.013702191646916361,0.030931705491602658,0.5595516658594453
10571600,0.08645479288036996,0.01589696625606279,0.007582697445998943,0.011372751243194671,0.02176658004387612,0.05622352028256558,0.024990181093640224,0.01779979268072442,0.7579127180735674
10573894,0.011787354584385212,0.00648221479489739,0.008118207210518813,0.030718604663073534,0.004682193219826314,0.07142088489910785,0.19631184700998094,0.027994776243417084,0.6424839173747929
10574347,0.011634767623046674,0.004530356857023697,0.010822764285758143,0.009292840309480747,0.003219135675007977,0.023349530740909338,0.4028886216019033,0.013121076013496335,0.5211409068933738
10574370,0.015326798352343931,0.00268447776748522,0.005557260929984915,0.010269944769570907,0.0027171197608268634,0.022305327120724562,0.32755715572280486,0.010690709845829266,0.6028912057304294
10574372,0.004882939207428157,0.002432690777079683,0.006284961166554585,0.00323187043287864,0.0016520639567709915,0.03962372789993796,0.6908531960799386,0.005797893803032306,0.24524065667637918
10574408,0.09231150803729743,0.015868444156156472,0.02399818144986774,0.2667561301894345,0.047935797953441904,0.06331528531902543,0.004641285044906321,0.03127259954528912,0.4539007683045811
10574430,0.0042002482816094954,0.003591999749924169,0.005897775916668672,0.009896013081741966,0.0023661345059232193,0.03050452888691061,0.061943281475562335,0.011042426534421373,0.8705575915672381
10574439,0.016547472223056643,0.0044736838256049915,0.0060075701105721715,0.01859788722606043,0.0032572621795812313,0.08655125728443863,0.24905775729773005,0.021084028919001994,0.5944230809339539
10574456,0.315130985342431,0.009600127261111249,0.007569374205916352,0.014343433177269278,0.011098595941143026,0.044280606763096746,0.011719549589636061,0.01916149740377144,0.5670958303156249
10576038,0.8193472595539725,0.008943960926121724,0.008314431920631688,0.010829683763456775,0.007494316389807207,0.07556814050870668,0.0223438869951482,0.012441696690361586,0.03471662325179361
10576770,0.006539537735816539,0.008206975632737243,0.009730678753324014,0.05077148286252494,0.003190053813434809,0.09276653689246203,0.01505141930255219,0.03009668636241703,0.7836466286447311
10577118,0.003984950871376228,0.02135363782619088,0.006373624784250093,0.014524843333249896,0.006022254064733459,0.3409707297721466,0.04309244386862272,0.021253576698324866,0.5424239387811052
10577354,0.004643063344628571,0.002786017588225709,0.005654348750056872,0.0026364664821991873,0.0016002128459184349,0.22352377852768676,0.6543756238894023,0.005861152779757023,0.09891933579212504
10577622,0.002309751325972463,0.012619076777966177,0.006109614944406847,0.009271401540275273,0.003677505655960843,0.1293945491306335,0.4344255768183147,0.016024643944796788,0.38616787986167334
10577723,0.002742799582146268,0.003854691790741869,0.007338424676606314,0.003686306742159397,0.0019011102833815631,0.3997183858809674,0.2123198996704491,0.006335925265111158,0.36210245610843683
10578130,0.7825261260638133,0.015676610042479732,0.008874839250881188,0.007877458029765961,0.009132389686815685,0.05052891032964026,0.03998387654173592,0.016833789855786728,0.0685660001990812
10578295,0.005503090220842793,0.006080568227927816,0.005704145259258319,0.007493114477413341,0.0029969178315057306,0.03293685399620053,0.7094296957087546,0.0113570899958078,0.2184985242822891
10579132,0.0017320240431216586,0.0025737454810059192,0.0027254009555286026,0.002273306234929477,0.001048357925462996,0.024603200266952827,0.9262320996878478,0.0042604370913343044,0.03455142831381638
10579372,0.0019738452737195875,0.005605873327129791,0.004276669189349979,0.001981245597786724,0.0021502789180987743,0.32078465490606944,0.6203839595715238,0.007229860591337814,0.035613612624984095
10579452,0.0021727369075994285,0.3082512671222831,0.02633754653609139,0.02727273575590035,0.016426248456110543,0.2927625251414666,0.1084489101367975,0.08410533185057303,0.13422269809317805
10579754,0.001845322329756392,0.01357786149003426,0.013713562629588689,0.016852329553569974,0.029103743955801682,0.8101588470217616,0.016836942083536935,0.07828227538424157,0.019629115551709018
10580098,0.00335904813218955,0.005262408527628747,0.0028024069676073167,0.004982306087212425,0.003937874761368838,0.08604984320766695,0.853205825821134,0.0179273664349675,0.022472920060224576
10580150,0.0031614031946766916,0.018542870213157047,0.011701745633480367,0.009005269475904354,0.006497031524828214,0.7477634171254551,0.10415430254277341,0.026074937637815307,0.07309902265190954
10580642,0.10107124530654342,0.01211804773738222,0.008826646778977695,0.020764884570333948,0.010636511480717915,0.22244653360625755,0.03759376945444078,0.02322027225282261,0.5633220888125238
10580740,0.0070281186239034765,0.001601998534236687,0.003867429197710035,0.0030377122697534662,0.0014066778846393993,0.012512852743783448,0.8487243756987712,0.00547534337544503,0.11634549167175731
10580745,0.0023302213405558786,0.002481454247555986,0.0053361526775710984,0.0031649791986553756,0.0013363949138145517,0.05853489278122799,0.7115089323959665,0.007657527674749554,0.20764944476990305
10580771,0.3803257793904591,0.003498504923964521,0.008139559904942377,0.06720319230885811,0.003694647405164271,0.03076207246670369,0.07919796245219872,0.07839573522077428,0.348782545926935
10580995,0.007314446621033615,0.003835136035164517,0.006353887924949625,0.007450243096050975,0.0029545179117158593,0.03207723006647558,0.3455866215095558,0.008753978453395853,0.5856739383816583
10581310,0.0025971732879344145,0.003737837664914937,0.0035608248274636846,0.0024803942217266864,0.0013886178635445863,0.05556191624284063,0.8839309969620677,0.005421513142392406,0.04132072578711502
10581368,0.019623484524372587,0.10781914758985707,0.04148477013013635,0.19911732244426428,0.01341179033727292,0.0231076255505328,0.004997636783220073,0.4851628549251334,0.10527536771521054
10582173,0.06329882821591198,0.011783153281543236,0.010535046209177338,0.008125143392769407,0.010309003969237802,0.21817650157996984,0.03902246474064173,0.020294293717864228,0.6184555648928844
10582418,0.5873007403987935,0.009977233036943568,0.007880638869815909,0.006108126929570575,0.007938367177062035,0.040805642354679296,0.044142261730565124,0.01723789682741947,0.27860909267515055
10583009,0.0012043118882686182,0.004205884869588816,0.0026372156123063107,0.0015675147968848182,0.0014685122850975143,0.06219942954254134,0.9055574248679543,0.006672562845311411,0.014487143292046872
10583434,0.0038715170649600166,0.04149150794359249,0.012642002478342887,0.023208556216655348,0.0049957518595890715,0.09764245960033863,0.02253519636681553,0.030432033110378665,0.7631809753593273
10583521,0.0019049974725391422,0.003166161995087151,0.003905980662482756,0.0024772142858769147,0.0017568574741991113,0.07406572214746242,0.8744831792396537,0.005781086140517525,0.032458800582181264
10584210,0.002989139798598855,0.004966441825729681,0.006096979033737234,0.003622510263536048,0.0018041158907313188,0.03445940713632676,0.6788100783526015,0.007915428512747076,0.2593358991859914
10584222,0.003962676352936516,0.001996071247863213,0.003646406611615656,0.0020408373312477504,0.0011906642963073009,0.16170837115499664,0.7209868999680235,0.0052528575154568505,0.09921521552155259
10584314,0.010865311049069586,0.0024042807397274793,0.005412429220969721,0.004602138595899261,0.001933778212172618,0.019560191777889268,0.48547802771719917,0.008596599918792216,0.4611472427682806
10584430,0.004632942286991924,0.0016846559247661753,0.0030461658406358886,0.002026050881889958,0.0010153383028424173,0.01911726857401156,0.8403557424257257,0.004469245888844841,0.12365258987429158
10584519,0.002832338289789878,0.008216118308861209,0.004300190046052896,0.004016000811835171,0.003046032167489698,0.322557064724032,0.4643744166859626,0.02318727592292471,0.167470563043052
10584820,0.00603002027805364,0.2874993966716075,0.004862671434957468,0.006377451982248946,0.025100038408503618,0.520980582544398,0.020178219685977633,0.02317263059319065,0.10579898840106243
10585136,0.003495781779853807,0.14622938189200152,0.008984702797219309,0.02230110263067119,0.007790817276146217,0.28863153898442795,0.02515171711939739,0.4041265753414677,0.09328838217881488
10586849,0.0022885666882628383,0.008003333250310052,0.007130943909647571,0.007133696610281901,0.0037446449158836316,0.7780521350358067,0.14288398491208276,0.013269595952359046,0.03749309872536544
10587734,0.482036318987126,0.022738952910722438,0.008125748632525943,0.007768879272773829,0.017704777577769514,0.05077845624729655,0.28353832915676447,0.03711858173052761,0.09018995548449363
10587840,0.004941106052046125,0.007061565213826546,0.01312528416463463,0.011044555870063526,0.003543560490290373,0.24356413991406806,0.5946564063896973,0.015406373117239794,0.10665700878813358
10588529,0.003845917108883261,0.0010566119626090641,0.001638674942372489,0.0010277078632298154,0.0007072760991406642,0.009880046343805965,0.9558905181661244,0.002800249082253622,0.02315299843158078
10588664,0.005540617689952486,0.0013127985058777245,0.0025499679628414227,0.0017656504413251107,0.0010602961893393683,0.014770928944203933,0.7357499424230589,0.004522776972604712,0.23272702087079647
10588792,0.00525791406016042,0.001505896841344587,0.002218750244949013,0.001856551143511542,0.0012193782448659983,0.018758728811971766,0.9083875194712034,0.004773241889887424,0.05602201929210574
10589349,0.00416511093838842,0.006163849599196067,0.007257863201882679,0.004249933074919534,0.0020449980823048245,0.04654654765344696,0.48946138076535545,0.011646366981672839,0.4284639497028333
10589410,0.749424280194785,0.0031232548151888884,0.010398691818748506,0.031624552505710855,0.0039136538715406274,0.033905667485997056,0.02505727957563341,0.01986172199229723,0.12269089774009836
10589411,0.13098442129554536,0.004280677331079284,0.0059554138452991125,0.009208781016760011,0.016324026379746906,0.06899580577671599,0.029711304642791092,0.013061571635289983,0.7214779980767723
10589472,0.39416319363374536,0.0044898321424195475,0.007936497282190235,0.006594611562828827,0.01361866464043278,0.041925556784717204,0.04831157231713401,0.011289204807811008,0.47167086682872106
10589485,0.23992709415438107,0.004521875438839784,0.006926596619529231,0.013852114288023104,0.018938924843766296,0.05233300963999787,0.014488171381477753,0.01792190760384966,0.6310903060301352
10589763,0.0026694566067080425,0.07412642292185131,0.007637227309175834,0.017768450304129626,0.009672987158393572,0.7012113568143297,0.024583442269164982,0.12601963040819006,0.036311026208056936
10590733,0.004021182012710326,0.011510664162408823,0.008875734172657494,0.11647005675579591,0.008780593178702084,0.7417456012305734,0.01877725075928379,0.058497653558858394,0.03132126416900969
10592587,0.13425934609316809,0.00856224206144727,0.006812213481407448,0.011197484388793377,0.0075461431622228506,0.040965914954263646,0.020303996724029605,0.017607744285828807,0.752744914848839
10592944,0.0019284928266475824,0.10743797759726798,0.023934184915915493,0.019867610512846155,0.010994539548492038,0.3529048121281329,0.06646521579611062,0.04198019608263653,0.3744869705919507
10595034,0.011180579474164495,0.07898722116447614,0.009689956359281016,0.00913665279540513,0.012874176454211638,0.11025049234790951,0.03622230982509434,0.02959437474228918,0.7020642368371686
10596119,0.009859360605494775,0.029624601542634903,0.00734555625869188,0.007744780282307688,0.016550435901064264,0.7981335944878847,0.029945999113285753,0.01711798307970775,0.08367768872892836
10599481,0.0013579457366434161,0.00535580507880832,0.0019077201797466968,0.002008284372851946,0.0020851909969591574,0.5789299862456154,0.38075573707049415,0.008447649084949197,0.019151681233931676
10599552,0.4303861295156467,0.008246211818142411,0.006057075679679791,0.006366787170202815,0.006690520802091725,0.03418490775043831,0.02718023702609915,0.015069944363557486,0.4658181858741417
10599609,0.015981850842478156,0.00239188547135645,0.004748744080608113,0.002361344794721035,0.0017699930495296368,0.02025055972916938,0.5774256401555491,0.008924113672725272,0.3661458682038629
10599643,0.0013700257112227703,0.005413664336367971,0.0022982013403376766,0.00217540064325891,0.0018247302116006303,0.5348725138102189,0.4157599564913573,0.007565664449636315,0.02871984300599955
10599718,0.6979424348203433,0.0070550501666956115,0.006090067364104062,0.018631863030701842,0.012718317929040508,0.03918943017950397,0.017527157931571776,0.015873985632651088,0.1849716929453878
10599755,0.009662965747497787,0.003946866537083178,0.0035253891561438278,0.008088658619041343,0.003130429585507616,0.11124060789089946,0.65404588658447,0.011507396475753297,0.19485179940360345
10599776,0.004964275481819529,0.0036848032249730215,0.004820110005216244,0.0072908222227185005,0.0027288564985020005,0.075993424818502,0.3169375409652893,0.01436199900733025,0.5692181677756492
10599823,0.0028089859978349583,0.004920714220349931,0.002508019155305867,0.004646196804348026,0.004144774764057822,0.4808355704493895,0.45854310490368927,0.011953031295705978,0.02963960240931866
10599926,0.007635998033720609,0.0023699965015675974,0.0038175049384898594,0.004384002962226009,0.0019849753298349974,0.037345239050622626,0.2987480131201812,0.009990165779866328,0.6337241042834907
10600363,0.008004201054046811,0.004483682633685181,0.0073852241148629275,0.03094995466955003,0.0033359472719052905,0.08553042309865093,0.14484119301069323,0.014123330753289753,0.7013460433933159
10600655,0.763635791372741,0.006515924598690367,0.005308324090522228,0.016810105059115753,0.005107020289406079,0.02316023620656255,0.010195968580283267,0.012354726099012794,0.15691190370366606
10600700,0.06801498009800044,0.002415499257896308,0.005294140969685625,0.006603661277230133,0.00206084601428016,0.021441395470064763,0.4802465974932213,0.007360537114955474,0.40656234230466576
10600716,0.008694506811517188,0.0021088514249890775,0.007537002883239696,0.0033234077315887336,0.001542638856275951,0.028187646775468873,0.42496669919030283,0.006529356173063719,0.5171098901535539
10600717,0.05423493471877336,0.00944839028528619,0.010443218929333893,0.014139362818447491,0.003254219967593498,0.0905710554701945,0.17646386657909396,0.014008845181250017,0.6274361060500271
10600746,0.011033406283580922,0.0020570181153133898,0.003850647770426055,0.0036584813162757737,0.001828916953409763,0.0640111004151848,0.5866780707484224,0.006836756495806658,0.32004560190158027
10602334,0.0019522139576186783,0.0014579380251990924,0.002081115982864184,0.0014809786140793431,0.000906179061596158,0.19083658765098047,0.7749086215657148,0.002660710861626461,0.023715654280320776
10602555,0.002379719392203785,0.002713300824682618,0.0026590621202727768,0.0026875742068448324,0.0019428994457735777,0.4865679132860541,0.4559231476116922,0.006616765442529825,0.03850961766994641
10602707,0.004009817305145528,0.0023477936618105507,0.0030859975010259512,0.0025565161443234156,0.0013351938049434853,0.3117346915426114,0.46453390220714297,0.004185946666644343,0.2062101411663524
10602774,0.002322716417832978,0.004413841897215945,0.002899680175967094,0.003120642351250714,0.0026546269034688954,0.29154750668083707,0.6429822833704142,0.007478695209410246,0.04258000699360287
10602968,0.001234349686038785,0.0035403241470215612,0.001780732495606655,0.0017124122204890105,0.0014757238000495025,0.5283828636101787,0.4359017258943974,0.005723657958454127,0.020248210187764275
10603667,0.031598218410386784,0.015680956161546678,0.006101913728989485,0.013252190136784543,0.024769152903479454,0.25621379982812126,0.04517983657585603,0.016531246384578126,0.5906726858702576
10603790,0.596006383394646,0.006372478697143569,0.006860392063785638,0.061444488984500036,0.006274592126014764,0.03768606368983516,0.007204372810714031,0.030272818777422918,0.24787840945593803
10603793,0.5950914886440303,0.004797960026405767,0.0071353669692886,0.013579303648434763,0.008806891122398016,0.06577188590504816,0.022933602056906706,0.013571530612167083,0.2683119710153206
10603811,0.038627315650143275,0.003960873198723094,0.005248980691208671,0.008840417066860276,0.007336244633425112,0.041305100239360425,0.01802109346840265,0.010614253961086017,0.8660457210907906
10603826,0.8134254230832709,0.005946126354888455,0.006779348581085692,0.011496002745210435,0.005597139116663013,0.0284582562957832,0.02574083660148194,0.009750995799035862,0.09280587142258043
10603843,0.4931418384274132,0.009033043883838842,0.007081094231681222,0.01401082969204999,0.00782717355100769,0.03027216514124134,0.013793243829598775,0.02042569276694777,0.40441491847622113
10603847,0.003288569790109335,0.005429711746806603,0.009153703496420348,0.007269094522753013,0.002059620968293499,0.17353536418587126,0.0615509025924415,0.012275606643303903,0.7254374260540006
10603856,0.6048231726421639,0.005757618346875014,0.006191141696747999,0.06511227470737181,0.00710280660594681,0.02852024542351276,0.006520169631687778,0.024853560682747286,0.2511190102629466
10603858,0.49670776896032315,0.007003023685950112,0.005929946860893546,0.014487658109316097,0.006207938885468797,0.03018375318163562,0.02143109906351657,0.013699983036167174,0.4043488282167289
10604136,0.01855610627711427,0.02017332948029578,0.006010141893368694,0.02290006758779325,0.034030475584804244,0.7302734296173441,0.027030142427855973,0.0179191244014447,0.12310718272997904
10604299,0.0017150835153089815,0.003943437021799165,0.0023926071720468223,0.0023055621647824643,0.002018176780450742,0.7204605347479767,0.2325396357931843,0.0072146401553309985,0.027410322649119887
10604888,0.01947750438815483,0.020420931619673906,0.0062503310301348725,0.017553803564847207,0.032142597428061276,0.441215042236475,0.037955280779403286,0.018583172959963982,0.4064013359932856
10605284,0.0013219075735451944,0.0013593912109827772,0.0014609490732591364,0.0009339489587518643,0.0007803247191213546,0.3033783837530659,0.6725039833111746,0.002263515648749217,0.015997595751349916
10607892,0.002379431114586881,0.005228767596552335,0.006065151672347155,0.0057246386809633055,0.0022430345793843817,0.10318744921605444,0.4918866546916163,0.0063882207225723475,0.3768966517259229
10608352,0.003051407164411012,0.0039058381672417825,0.0033100417224538473,0.003002659268565043,0.0022330946463421366,0.04744841268938778,0.8943098271138843,0.005371340044492086,0.037367379183222006
10610526,0.8569479828475508,0.004602523285747329,0.005107130553127899,0.030443414848367746,0.005336400663766789,0.04959551696690888,0.008976148672848377,0.010619676154314252,0.028371206007367956
10610534,0.41974904845159144,0.013325470683923979,0.008850250554152832,0.008756038399637685,0.008018952200030212,0.11102273713693937,0.04113204912143731,0.01664739369728074,0.3724980597550065
10610659,0.146593971546838,0.013352070776459717,0.005439738633641437,0.022288294717302967,0.021614886757502085,0.3298669576778589,0.025450672342190263,0.020755648955936252,0.4146377585922703
10611077,0.010948497426611381,0.043657969868537205,0.004444429546826395,0.010163076010902473,0.03274079403056632,0.8000489181843735,0.036715014826868564,0.023251234099744195,0.038030066005570046
10611150,0.0012810409457913508,0.004344968931935016,0.002339623641297597,0.0017082392170159645,0.001473341865476133,0.5331290121536569,0.4305711389677355,0.005335171222439862,0.019817463054651634
10612960,0.002088300396128833,0.017350293939692573,0.014234664498062325,0.8416735264157178,0.020493013579632794,0.040701705354589314,0.0073654471354874336,0.029934421145031066,0.026158627535657918
10613432,0.00542095758555912,0.05185245875692214,0.00430259808812834,0.7094610132216009,0.0480612305310699,0.028711708349492944,0.0040248419039053875,0.1364483713113189,0.011716820252002267
10615359,0.0632666413041477,0.010124139249842614,0.005823922600742378,0.029500500432611942,0.013144241965890506,0.46508528486829315,0.0256182076052666,0.016270118551575907,0.37116694342162926
10616063,0.02016937128148392,0.01375130274129467,0.005002463053342287,0.018301811699383604,0.021911180450044348,0.7940762908546346,0.015771317473573788,0.018867840395771662,0.09214842205047116
10616067,0.01160233273460959,0.0182503760915046,0.006840140462549461,0.007765688107846257,0.008431238525446635,0.35085046927166014,0.0383367765139817,0.015199407701237762,0.5427235705911638
10616344,0.0023316442589482764,0.011286116245712342,0.0193006003590708,0.07878883313493293,0.009941380981376592,0.8021316846515786,0.013232002918841631,0.021477379383079056,0.0415103580664598
10616646,0.005704396044999699,0.3383403622932717,0.012653063867338983,0.2957408951916696,0.03334766832917996,0.06749756793780005,0.010719325879634665,0.14563609915514336,0.09036062130096204
10617233,0.001590405931129242,0.001989226476783974,0.0017317506102935618,0.0010736620681507112,0.0011548566111300406,0.2327434791706175,0.7493072387380162,0.0037487906265257103,0.006660589767352936
10625331,0.024382932732954846,0.059017353114784066,0.007021167312512725,0.0606799989419152,0.03822553230202617,0.5252429182899434,0.030846544471190184,0.1507784217665179,0.1038051310681555
10625616,0.013094799841206145,0.0030219394687574976,0.004518017051722906,0.005152424711891277,0.002160744981015144,0.021200525127192674,0.6168061659298655,0.006483822350884853,0.327561560537464
10625848,0.0022736735004630832,0.015355758272557722,0.010287834659533873,0.024359651754961454,0.005263573670318578,0.1313605642134407,0.018885305321226294,0.020914520226240883,0.7712991183812574
10629182,0.043559152808048215,0.02486702498246954,0.018378078078347848,0.690552267910423,0.019558719572751654,0.026561691350067324,0.010234577030964035,0.01654462339588054,0.14974386487104774
10629593,0.003407431469581771,0.004430313424059787,0.007586477460383324,0.004821505437048504,0.0023231956018286573,0.0979455367034105,0.3112245334207859,0.007005094640756346,0.5612559118421452
10631640,0.005558855178777532,0.004418379952797485,0.008824565763886466,0.005906134761550398,0.0031205239813489843,0.41112948919463205,0.3978345076012372,0.010854699922519752,0.15235284364325008
10631716,0.004282347160720344,0.0057537433126403645,0.007657129788763647,0.0037987990678048935,0.0045028106024962225,0.8802939963180211,0.050119357499798615,0.011844777991660515,0.03174703825809435
10631762,0.0025609576520759063,0.014548962399701758,0.012590134124796879,0.11485196565426456,0.01908610862020861,0.7368461870377523,0.01692041292182201,0.018253783669325993,0.06434148792005201
10631811,0.012904687217523865,0.005665625506423527,0.012208067338408079,0.006736237160304413,0.0052435931253190585,0.810149327993313,0.10852177290147216,0.011430564495537058,0.027140124261698893
10631837,0.0022876504343256787,0.010890553438523501,0.006637500194280884,0.011001561818259382,0.005613262276486105,0.8901392069117855,0.021385685222443253,0.01008591448727915,0.04195866521661644
10631847,0.011877506862565376,0.005333264759065541,0.01203761346006663,0.004670619822319924,0.0054333033680589865,0.26197911797221574,0.6577092315866271,0.014389251750013403,0.02657009041906719
10631868,0.012342164603366231,0.032969290077290374,0.026244729358379702,0.01402332893938147,0.06579802591866477,0.43090051463431267,0.19224988602986748,0.035302001939186214,0.19017005849955115
10633681,0.014292931973909387,0.10290483939688415,0.020060997056038286,0.05724110829732436,0.026196826554983364,0.06594337248986172,0.005902326123052437,0.022355667560806928,0.6851019305471394
10634284,0.0037896011032094007,0.013036092171609944,0.005243595916915381,0.011722823721879884,0.005493563804185257,0.8701847790158747,0.046351640790822844,0.016004391884526976,0.028173511590975624
10634751,0.0030242511785271353,0.015397208726236372,0.025864914536579124,0.1835984447075336,0.014386035390767918,0.3983262477522781,0.018932291279838358,0.04176483854005077,0.2987057678881886
10634784,0.0050753267481498604,0.008214897522885671,0.01319393183176707,0.02267617334063937,0.007426906563714618,0.8698727420270378,0.013333519053787246,0.026007517389754008,0.03419898552226431
14964636,0.002436276748135018,0.0057621778471302195,0.006379401233524353,0.0025248001394419274,0.002341749683139329,0.47230849719153334,0.3547822975655014,0.009731825680931512,0.14373297391066298
14965242,0.0020171731537542347,0.423326750727338,0.003828494546199214,0.009648380409221143,0.06097224987435876,0.4076729124879905,0.005621358401546985,0.07352184687514388,0.01339083352444733
14965666,0.0019230874777970359,0.010542157998266886,0.003514153710089959,0.004990604070699952,0.005124471790891946,0.8599165199779453,0.03078066900072907,0.0134542327279778,0.06975410324560215
14972026,0.012783240018860758,0.010009774297129416,0.012154620664370357,0.011708235617605136,0.007660118697455561,0.6894544942054945,0.019912369562157785,0.08378375196568358,0.15253339497124285
14972090,0.009998712652844044,0.009701511593236862,0.009473294242732251,0.009767038566132358,0.011703797429358322,0.4617503647812138,0.012513547447708648,0.1391678847376604,0.3359238485491134
14974044,0.0013102388254692629,0.04782353542191906,0.06662193904431102,0.011600300170713448,0.00949013979827443,0.33642407384141376,0.022968586429215617,0.0429338302809789,0.46082735618770443
14974586,0.0017555200902092116,0.04551993049498852,0.013658157095326804,0.014173750723959823,0.008198602298219034,0.6268761413319353,0.024379141650943764,0.013886290342350453,0.25155246597206715
14975479,0.000910184919382761,0.007209809328615737,0.002537238756297952,0.0016246819584810363,0.00151624008272954,0.7877698362965934,0.15652014908518938,0.005779516185393144,0.03613234338731705
14976063,0.0047225935055531165,0.02285860639084812,0.028594609957124744,0.024100166055003792,0.005911982043487482,0.22587632975723518,0.018399429685436446,0.2369878498164185,0.43254843278889255
14976076,0.004290280059669446,0.04065564174586906,0.018649370515074103,0.02913631099344838,0.007147750453856313,0.20220983414104177,0.020249452071881176,0.23134893897493652,0.4463124210442233
14976116,0.02250686341480278,0.029150999437579168,0.01597117230496875,0.42715551093527804,0.018915565432479558,0.021767989977177604,0.004183238866750851,0.3697421631259643,0.090606496504999
14976137,0.013948820362591433,0.004641161067755244,0.005049325939604208,0.014237061247672501,0.025852286758613015,0.12287324929510184,0.009031830499647259,0.018859174555381795,0.7855070902736327
14976834,0.002253262905094561,0.2951099579666244,0.008152578704139442,0.35005509406267016,0.2889421173836091,0.012332694864154345,0.003163245788198266,0.0271920972246065,0.012798951100903308
14978764,0.0012871288669402607,0.028336598985674276,0.008524793445001505,0.005118401692643698,0.00696465014772713,0.8203260755868308,0.025594169587282622,0.01710344646121503,0.08674473522668472
14981625,0.0010415745245929502,0.007830231982001126,0.003874446295814005,0.0037739172854735167,0.0033550477617046164,0.6700647302319085,0.27087413243881703,0.009270793541387651,0.029915125938300605
14981687,0.0016691228294091792,0.0044000402127921025,0.0021370000997807965,0.002302904552260535,0.0037094888027112242,0.8064953183571211,0.15346194035117033,0.016995728369282755,0.008828456425471922
14981722,0.0027238464550627807,0.02347994311121161,0.01848838069986062,0.018539766594107686,0.007781340358886546,0.24156169069764902,0.040553768181057374,0.026595802347484,0.6202754615546804
14984061,0.06058142790108689,0.0047557452932408765,0.008862519457805603,0.029221786841158743,0.004613802909796148,0.16009033099197717,0.01022557675819634,0.021571925987987343,0.7000768838587508
14984105,0.0015022503601076595,0.011324347112241416,0.004141723082453824,0.001797738874610169,0.0040847354755897914,0.6902082131561551,0.2571019331225127,0.013024551631873672,0.01681450718445557
14985917,0.0034804624263694377,0.042230546670500586,0.03452543028967641,0.047180570903034735,0.007888781319717925,0.06793724784200031,0.026915902474454852,0.14822464006573594,0.6216164180085098
14985959,0.0020868878624439886,0.01778106803851761,0.01582586894128675,0.01119438442723313,0.005305896668316925,0.08572384358333929,0.05883648306798807,0.02696261138585325,0.7762829560250211
14986272,0.003590181421901601,0.008288215564804203,0.013991768541980535,0.006262010265335887,0.0038551624531873102,0.049636491543032,0.3804610546863208,0.02022204244789316,0.5136930730755446
14986784,0.0043211526310032895,0.009805059733981856,0.013626790466178585,0.3812476209135754,0.005956170871739835,0.1986815341632891,0.012271332934542861,0.12343288320873985,0.2506574550769492
14988721,0.7882254434504065,0.013103486778410483,0.007941758509344865,0.016838360766107122,0.013213328783619551,0.08518827252486078,0.020819936008299695,0.013842505120222599,0.04082690805872841
14988743,0.6153151520001878,0.011151512047161463,0.005437199391212853,0.0032713456975820687,0.008326371708549532,0.21014248181959827,0.12246116917350833,0.009313786532277726,0.014580981629921948
14988773,0.682279194114139,0.011752562342273535,0.005729957197997613,0.0030648438898849403,0.010661637312949938,0.1576913947025564,0.09605714043013489,0.010650707200647291,0.02211256280941641
14991846,0.004819331393084999,0.32141603118290474,0.011261463461831024,0.031583973676659195,0.21569258314643655,0.33579049758465934,0.01481757373378373,0.028724147210351433,0.035894398610288994
14993381,0.0025224806341178573,0.015931054471266318,0.01738563099930956,0.01177751287983198,0.013631760242894253,0.848859736354164,0.030222144309383896,0.02222004316457183,0.03744963694446021
14993467,0.004195192311001532,0.04789723112916684,0.03946207461434526,0.021264757479201174,0.026459212576335014,0.7234427309475271,0.019836330243246287,0.06474847739624551,0.052693993302931286
14993499,0.005446786050247668,0.030515915442545578,0.03177385557896566,0.023455624632853212,0.022129428497783946,0.6767309325875648,0.01864714378376698,0.11020579733957475,0.08109451608669738
14993756,0.002703960730743584,0.007265866603116755,0.0033384600119423,0.006713785920933453,0.0072151824653679635,0.8741901432596243,0.0396448764426307,0.034540061913192095,0.024387662652448846
14993805,0.6079592272030343,0.004880423887273164,0.0025508086627520675,0.0036951154485077038,0.012532754520809767,0.25816006415703735,0.0059303106459042375,0.09576384213292932,0.008527453341752084
14993862,0.0029213795746886946,0.005160721054129396,0.002527644155974521,0.002784685145371307,0.004506487146047254,0.7442667847462976,0.10579963258713726,0.02096941542095586,0.11106325016939801
14993915,0.012634074018284484,0.035900113770556644,0.011720466709381965,0.01042773885819118,0.01828449946370905,0.8298434108912642,0.020204041603341213,0.019056144840010263,0.041929509845261004
14994055,0.003970288499795608,0.01375093435371641,0.012403729149033411,0.0075870888622441195,0.010267815752436321,0.8703378523179777,0.021956772583821834,0.03390489303386184,0.025820625447112847
14994074,0.008660370984569107,0.2625441331320331,0.008148039479642427,0.007950887805811522,0.02298505437171542,0.6180540574009081,0.02016418539177185,0.019307969792792125,0.03218530164075629
14994471,0.008311160188770402,0.06278626618161356,0.0035721939224040724,0.01648583204282794,0.25952000521879687,0.594707312167865,0.0056984272220548075,0.023019968778778533,0.02589883427688885
14994472,0.0013297342764727745,0.026376224634527975,0.005572492990890408,0.004872181322811652,0.005427872727703551,0.7597976312394183,0.1404858301724415,0.021421907593242768,0.03471612504249106
14997775,0.007254035769910729,0.002979497252335447,0.003408145307474074,0.0017645560544784428,0.0015548953708162234,0.012210089486811572,0.9380614064784877,0.004245865806925152,0.028521508472760686
14999004,0.006358323802972687,0.0048745079885407555,0.00509787946746742,0.0019151788711887084,0.004491292795258105,0.593773089249957,0.35139676362616384,0.012498468725251793,0.019594495473199667
15001560,0.0010783002225925094,0.015411440348401218,0.0038519177009872186,0.005716942909482106,0.0065386003096225605,0.8725861234734849,0.06223748980812273,0.012369857330309377,0.020209327896997514
15001613,0.008494110428479782,0.016003199073111075,0.00879001017453298,0.7632878726523222,0.060866672823249444,0.10227294740507327,0.0033253595576874157,0.018015766610888932,0.018944061274654804
15001738,0.003850261048572921,0.01749155835439184,0.005335216058676447,0.8986309939138027,0.03585402680608764,0.012417046449204433,0.003977587702542104,0.011437339904965335,0.011005969761756561
15004811,0.11654478204636813,0.02520345367482456,0.01502873477700738,0.014339977094541016,0.033382429833742205,0.0944605846929907,0.010734422698312608,0.6099867362529822,0.08031887892923123
15008061,0.013650110019187998,0.002904201015329479,0.0037452140889213752,0.0021024413110550546,0.0024353940337122756,0.09245750453188675,0.8540136045504092,0.009103292707354192,0.019588237742143532
15008213,0.02559375873181015,0.001993691242398568,0.003145652857093192,0.001634350547309654,0.0022011642574769983,0.4314233124717483,0.5146377594584094,0.005644830739518604,0.013725479694235133
15008611,0.0012567316501091075,0.0064962731141548396,0.0034392933315917987,0.0017532764834477712,0.0026454073534058257,0.8780037541867736,0.05902662116218191,0.006880038975321779,0.04049860374301359
15019961,0.03336583017620363,0.004356163237728477,0.010159839804710129,0.007909330492901068,0.003275297172930686,0.04037553896965425,0.06245047723412084,0.011209176263834471,0.8268983466479165
15020343,0.004540889451877899,0.002606803185782537,0.0024463895066414365,0.005024894121652845,0.0021852256735472703,0.7788911649827281,0.1355170932704607,0.009425139784121342,0.05936240002318777
15020355,0.0056472986437457314,0.0031541840304444273,0.0025403192954049957,0.004676318289370406,0.0029084685017431405,0.8101860633088993,0.1266555432860969,0.008392100268893147,0.03583970437540206
15020443,0.09865098221071983,0.009319753468549765,0.00519310374407528,0.07304993120056677,0.019012396256250855,0.6574777940320836,0.021454183317877067,0.019063819481080678,0.0967780362887962
15020475,0.0016719517131030322,0.0029406614466353106,0.0027896382043139834,0.002246534031675009,0.0018010518767028819,0.713169880955888,0.24118720457017206,0.005982709280264985,0.028210367921244733
15020478,0.09924308989210529,0.003416143268145094,0.010682437541594215,0.10570696163065008,0.004328828234900055,0.5896125132090482,0.020924702757728016,0.0353472342824549,0.13073808918337404
15020616,0.2194743445221833,0.0027220736658995,0.00569642555201088,0.013143924500702375,0.0030256049672373725,0.6002130817722873,0.04003740070160147,0.013426290130068061,0.10226085418800974
15020628,0.004389741985787029,0.0027896044686915767,0.005486783691434418,0.0031876507003094157,0.0016947854002192708,0.158719910466905,0.18256267899970763,0.007359077146958085,0.6338097671399876
15020872,0.0010259704201023398,0.007854334722872409,0.0028750786941316797,0.004183010743944213,0.002776188255784181,0.9344097979180184,0.020600914021545767,0.01103412694150743,0.015240578282093624
15021128,0.009656864934348967,0.002370546338900703,0.00418097865214901,0.0050843655487987326,0.0025090470448070044,0.5834500445082769,0.33069115736641436,0.00870775028005492,0.053349245326249406
15021160,0.011445915290875863,0.002421441010518848,0.0035897524846409718,0.005333692095017295,0.0025302913220097588,0.599863713582213,0.2999121970132401,0.010638810053878036,0.06426418714760608
15021257,0.0030928747985660625,0.01701127338106839,0.022598835006838888,0.01695235569375592,0.009114444879133385,0.3342903937030681,0.02233168983860134,0.015348960909080842,0.5592591717898872
15021684,0.004937999514817132,0.005008121220310063,0.006482356450040209,0.0025562776826017356,0.002777596389171669,0.8323291401566828,0.09596924794569205,0.008152419542306381,0.0417868410983781
15021692,0.0019917838395916683,0.005501440207401739,0.0031467973810674677,0.005654407674573942,0.003247246045138518,0.8645714530131045,0.06740574533829531,0.011890262728023446,0.03659086377280341
15021701,0.39848429480112146,0.004561477939213036,0.008308979380874682,0.029106971822741638,0.018849579088722406,0.29214505987668865,0.01167467225454758,0.03287189047135903,0.20399707436473144
15021774,0.08402368537967952,0.005138774042514489,0.018897221144961576,0.10992896217263713,0.004057017812475616,0.4547916792392611,0.03779016535702594,0.03789106316057993,0.24748143169086476
15021895,0.005477284530199521,0.0014835085133811125,0.0024289351441215334,0.001613390911681461,0.0011743078598170343,0.03329031628207958,0.91104026374853,0.0035242572181105438,0.039967735792079205
15022136,0.007989995798578392,0.021483407522333242,0.008518049592800598,0.3568958964332376,0.4514470624323608,0.11465915902553318,0.0031191300235173,0.021831476247124944,0.01405582292451384
15022196,0.003564573321540016,0.01303206797693219,0.0029460406151707425,0.0075130287166051204,0.01586026279755376,0.886547599867084,0.013984464148617695,0.02310786153333282,0.033444101023163676
15022379,0.009334044285943843,0.0027016773268536513,0.004174576864065077,0.0019109025587550228,0.0025213794816636116,0.5435690551274046,0.41454744579835623,0.007541755997567654,0.013699162559390387
15022812,0.0029281908072058523,0.006729494948129599,0.040772196688510606,0.006448941938968609,0.0034496213820066424,0.5015550812603179,0.05991982311311013,0.014161666723077535,0.36403498313867305
15023358,0.0015743393128715556,0.009741992130560194,0.005705158408145584,0.0034664329663754126,0.0025079307216230268,0.7260362525248172,0.04096220011416002,0.00951188836497353,0.20049380545647338
15025120,0.0017106936121423107,0.0038436151609499416,0.0033996361038788506,0.002393228197962898,0.001659264741791665,0.28857911268155,0.654077663563046,0.00434196147731207,0.03999482446136633
15026359,0.03704795029086592,0.31901206647948954,0.01505322438970708,0.01636576132309706,0.014570903195966104,0.05969287813198615,0.05967680372952505,0.029079059474569166,0.44950135298479393
15026505,0.0008869227337500645,0.004825736640946819,0.0032451531150409804,0.002283978732231025,0.002376351446405388,0.8288394652311525,0.10220864147598753,0.004183689901539653,0.05115006072294601
15027149,0.00307622394153094,0.0036888871183981984,0.004317758169466998,0.001751037367664761,0.002188589602597818,0.7139878444931402,0.23968226186185182,0.007227251981139016,0.02408014546421032
15027656,0.004509215529593696,0.004485701208020287,0.005624117922652602,0.0022504605377935997,0.002927668013001629,0.8280671128701,0.11759667950146227,0.007869307752674571,0.026669736664701238
15029423,0.003966153676375802,0.042787421133006445,0.11470521083482077,0.028220450520806774,0.0072295073466387425,0.2041940449486389,0.02017503015137331,0.03474262777743505,0.5439795536109042
15030927,0.00844726753447504,0.014500997339369564,0.017069256371068573,0.011586084733627348,0.015517366842914767,0.6710612456345761,0.030496237600996387,0.2030723997999348,0.02824914414303749
15030980,0.001053655942002817,0.003785214789425602,0.0019531142427699731,0.0022221268141776047,0.003601766629322183,0.9509446900113827,0.016725703292225308,0.010461134604127915,0.00925259367456602
15031320,0.0009294894577494125,0.006193270450737022,0.0018836470730685376,0.003522770731854235,0.006054756746915366,0.9454619584019834,0.011344441784825042,0.014222417442273694,0.01038724791059311
15031685,0.004661273725573139,0.013010949522012195,0.01613171866544218,0.01823928345312659,0.007806138114240272,0.07538739456663651,0.0195709737749229,0.06731232940493609,0.7778799387731101
15032898,0.2385162394243518,0.17083390162105908,0.00906362481973088,0.20343810512050464,0.1970582842789031,0.06588069989565892,0.011305319317958078,0.08837895451831207,0.015524871003521405
15032900,0.0350124009508784,0.005226312549894705,0.0071914888198102095,0.014222559199672693,0.008140436023756406,0.7312095083559657,0.008785214641304719,0.09536083969779073,0.0948512397609265
15032928,0.4843770320620514,0.008038727715490497,0.011746428685256662,0.025461011449670824,0.016676936064468004,0.35080165586344975,0.00927423818614382,0.061406567723416766,0.03221740225005225
15033174,0.00347068090244746,0.08780503991127207,0.17692486006118524,0.40742269090956706,0.02573069406158286,0.14729322946840173,0.03214168491575977,0.0460090870699211,0.07320203269986268
15033276,0.012485234412283427,0.008027011324734181,0.07137822266156062,0.7302526705493018,0.01093115118913923,0.04363913154564721,0.006109993060397061,0.08286257064460045,0.03431401461233604
15033325,0.007047269498529801,0.005378668837122962,0.004782009195436135,0.0072363235314492754,0.0074223095337473104,0.7800529904180136,0.01438834869987512,0.034936202513048936,0.1387558777727769
15034238,0.028099413208932802,0.002183568481217812,0.003136456153395221,0.0033838399885818384,0.0019426826679628533,0.2653567823136193,0.6322134663687173,0.0065467102419104915,0.05713708057566229
15034502,0.0031122294016255,0.0841514708781302,0.00853125357502842,0.008910599504177174,0.010987030391918165,0.6083500573031512,0.07368441149511233,0.15505105470842584,0.0472218927424312
15034629,0.004756772344200582,0.007152254279724669,0.003972511600036171,0.01036984115337711,0.01304323924237908,0.8775812051789977,0.018316552411875832,0.049603757957049875,0.015203865832359107
15035001,0.002242566567179612,0.0033710730950516584,0.003038794506914821,0.0037268583480246412,0.0024231361809408185,0.640124190181459,0.2868266507665935,0.00864266267873704,0.049604067675098826
15035009,0.0019784582585997434,0.003133654963445624,0.0030846906698253026,0.0025287100365408016,0.001650384531651046,0.6461738373086547,0.27037738722964666,0.006482360067006521,0.06459051693462951
15035907,0.013715431314603586,0.0019929984646229874,0.003820260462873272,0.0024611559590548004,0.0026079624980037083,0.3939177123426761,0.53592354595046,0.006934262302062439,0.03862667070564313
15035992,0.006301156278035044,0.009701067533921968,0.003390988199296137,0.007396296858688085,0.01522852571683309,0.8621369633441651,0.035156702252847304,0.012439103169570124,0.048249196646643136
15036249,0.005784803704901367,0.004809493243611688,0.0031852180642191366,0.008759095162991878,0.003610700789005326,0.7749396046633481,0.1345812203991657,0.013437836573738322,0.050892027399018415
15036548,0.0030150792847291356,0.007886635556103612,0.006642567460768554,0.006496572593223495,0.00918468184580095,0.9133906744430524,0.013655872556617819,0.023695310896497436,0.01603260536320649
15039526,0.37858431057619835,0.013958045622336785,0.005615200292793263,0.027935387834948446,0.021708385703851477,0.40041868008602177,0.005367137940095543,0.12130610998014932,0.02510674196360498
15039570,0.05856426242352113,0.13380163169809967,0.017797879205861577,0.07378091689110515,0.04726047493384611,0.08399533083591684,0.0059156074158383835,0.5578424536449116,0.02104144295089947
15039573,0.036604189746589466,0.034218877918723106,0.009089450819724525,0.07512362404668059,0.045092636009521965,0.27202139529691516,0.0042458098087094585,0.5026410625494162,0.02096295380371958
15039604,0.004612966409783385,0.008417647663401041,0.010811259213613622,0.016763765816388273,0.011616905167081104,0.8790478524942564,0.01172937434517667,0.03374360240503976,0.023256626485259637
15039605,0.16419061074064173,0.009113218721902589,0.004834395412772007,0.012474455675530004,0.009210122624218206,0.7225385865107821,0.005254278475326784,0.05530220985615521,0.017082121982671464
15039606,0.002210403192504782,0.006517589103186416,0.005142833955367311,0.005288604537340497,0.005331791454611561,0.9161909072097312,0.0206128897036843,0.020791946044011366,0.01791303479956268
15039607,0.002367874791373917,0.0071063380499395475,0.009089747432501028,0.018729483744983948,0.00950900151883699,0.901295798048038,0.010734725349619117,0.02025564347388749,0.020911387590819914
15039619,0.017666005044030812,0.07168987426781939,0.0049907313371418795,0.04291432201850868,0.08509162942649047,0.5637820488327783,0.005290363755482124,0.18569147227557847,0.022883553042169803
15039670,0.00869213683567723,0.006819767697860655,0.012494392994984834,0.01813795156424713,0.01229509497950933,0.5042995633185687,0.013257767738416224,0.3908239495447383,0.03317937532599761
15039706,0.006424468189997074,0.015500649578185755,0.015021655990002485,0.01372858268171314,0.01278691115300836,0.8647939616852927,0.013883110923589277,0.034678222015464756,0.023182437782746448
15039727,0.007344499449360416,0.01253948713211743,0.006980540814300242,0.011925903786695882,0.007271090593142962,0.8342472663393442,0.021285347677356608,0.06404305496011072,0.03436280924757154
15039753,0.007156433275330142,0.007447718751822811,0.004168991724959056,0.010355639155191866,0.009633099821236698,0.8818589640833483,0.008150062796377179,0.04567277830601751,0.025556312085716366
15039779,0.00464330543143459,0.006940776604735555,0.0029131473893208625,0.004075239597976388,0.004372800001436843,0.9022732395773778,0.03385540019853804,0.02062486200006134,0.020301229199118587
15039847,0.002223712643066889,0.010021395765026747,0.006373980007888059,0.010361820497401378,0.01805332927295962,0.7950297791641406,0.01245498438244235,0.12880815190037875,0.016672846366695537
15039953,0.0075585088265446,0.007571960301574167,0.003187743750722064,0.00641514787872859,0.015473615903517878,0.8880994762524017,0.013453563275525353,0.02201254283607336,0.03622744097491226
15040005,0.0026698626281054876,0.006931991035264139,0.002940086306982405,0.006634351246387962,0.006296879443529127,0.9232904389251684,0.00874709329744625,0.030291345587282626,0.01219795152983366
15040385,0.0033462357389110408,0.011858056702086674,0.004359681748044829,0.0128816381260186,0.012392451648484827,0.8763696624517687,0.01307790429589991,0.04831692968804857,0.017397439600736645
15040821,0.0013493973198052626,0.008414566276222056,0.0030901129669262954,0.003813491709380311,0.010057592359230214,0.9325245551975065,0.011076146599723577,0.021092078737519705,0.008582058833686025
15040857,0.0034565830861728658,0.007002771708995386,0.0027466770498386817,0.0053767193701219325,0.009050592006976044,0.9035713079134803,0.01615277148630434,0.03891196584861148,0.013730611529499052
15041986,0.031204969831360167,0.007000102473766276,0.005340956923990094,0.003944697101327822,0.11518464291461003,0.7080184670808112,0.032462440039622294,0.04515144264663937,0.05169228098787271
15042110,0.07012586457865844,0.007348737162181558,0.005609924679546274,0.008909679206212336,0.07110566780309022,0.6009204938991304,0.008722048951550512,0.12773161438742192,0.09952596933220836
15042130,0.013503334128650783,0.006466296664919692,0.0042331746246673015,0.005536974359266726,0.02561108616770417,0.8599215372399944,0.010275583570866787,0.02295785590647228,0.0514941573374578
15042158,0.31806878943737704,0.00498705463687303,0.007417442280173338,0.012804799016850612,0.010085495010038213,0.4611417996881225,0.010879459785862177,0.11253484411443057,0.062080316030272475
15042268,0.00167444038165252,0.0062465811891675785,0.00334480026427095,0.0075083329368720265,0.004964910299264581,0.9129842197239582,0.011205918060378179,0.016867064136336624,0.03520373300809942
15043753,0.0008410059007583019,0.00765606617924104,0.0018997571590038311,0.004373630157685146,0.002712881553749956,0.9346266414463014,0.01798603688807924,0.008022789981235096,0.02188119073394605
15043834,0.006108825449255396,0.014663518969818936,0.012012837587470413,0.014542504695065982,0.0148155945118599,0.797250213203697,0.01300467809186532,0.10639013481983117,0.021211692671135776
15043839,0.0010586466170511416,0.007244441776972524,0.0018735011819569051,0.0037364385807940794,0.002721337741714848,0.9070501319516507,0.04100392275394771,0.007204837130403353,0.028106742265508626
15044458,0.0633979251175217,0.004910398122041764,0.004789626625027001,0.003312923073496985,0.005508438308957552,0.31942022985287355,0.33922379816647447,0.1813080486031085,0.07812861213049843
15044472,0.011012958775615131,0.005999228758071104,0.0038885982221483206,0.0032033072433094666,0.00495693637864308,0.2601291081272843,0.3756327759144516,0.2861435122175344,0.0490335743629426
15044738,0.016505451571073783,0.21780133512636113,0.00722898661974638,0.05771672316523555,0.09255557095050006,0.481511054617614,0.003933566801333625,0.11057443760261504,0.012172873545520399
15045093,0.001391192763869589,0.009911448328740718,0.0036390191256971114,0.005125282398112119,0.012511655570045067,0.9154099049367137,0.008478428731630084,0.033059727026897155,0.010473341118294384
15045554,0.001785580150407537,0.0031868458442720626,0.001928979608683494,0.0028290324325006486,0.002673210515995143,0.9497473068261846,0.009703342603066784,0.01635311369231454,0.011792588326575208
15045558,0.004725507631986261,0.006414803963440008,0.009766108366505644,0.021838552887164298,0.011932679289239563,0.6684326455338875,0.009826757834668137,0.23649422179961405,0.0305687226934946
15045579,0.0022707665360213055,0.004796409294915896,0.006723160070055303,0.010758230160671347,0.00589524390061594,0.891538730318413,0.008444952139200629,0.049635575099040416,0.01993693248106626
15045654,0.0027383372065077276,0.00287998697750109,0.0014383790734481302,0.0031222472131545876,0.0028703557292374207,0.9486895484657016,0.010972812100698146,0.015765286820075698,0.011523046413675528
15045792,0.0010719690391326332,0.004618618643102052,0.003516303174546485,0.00544323145486092,0.0040765436137563,0.9464778260905861,0.009340870569518248,0.01355807541954173,0.011896561994955576
15045893,0.0009562495764661351,0.004143155577795968,0.0026618878917734753,0.00392318993347096,0.002616408420019264,0.9470094790299141,0.016243060237933225,0.009820128010104078,0.012626441322522844
15046221,0.0008678359355489177,0.008629926984856274,0.0026352055660006667,0.005386177797776715,0.008243624113526854,0.9311656237065036,0.007336541198215069,0.02526981667692525,0.010465248020646755
15046234,0.042348635875819725,0.07709928098093842,0.004992296565776244,0.006446808896957585,0.011477212649264644,0.79839107300816,0.013323543655533716,0.028429298820816743,0.017491849546732757
15046237,0.022584537563943952,0.042542295111980086,0.01039137209182758,0.04799437909164936,0.04020119890285379,0.3971416071028683,0.005465466286977308,0.4198074893796802,0.013871654468219505
15046520,0.001668909105168804,0.004907600242745977,0.004399648528879672,0.0028348464661803407,0.004013148824642871,0.930418087913214,0.023145689507593575,0.014012913151981193,0.014599156259593701
15049213,0.001162184258775771,0.022915927960464877,0.004077266072224681,0.01068414758873077,0.005444852268519881,0.9031718276144869,0.012421523426705555,0.02093668090711628,0.019185589902975496
15049624,0.003544565056630063,0.0091966903280805,0.015437754212140792,0.021395461094979883,0.018622685843378797,0.8598958464364173,0.009911187056053353,0.04670317531350049,0.015292634658818784
15049791,0.0022894149720332586,0.003964286206952828,0.003051420185860976,0.0019362175630026003,0.0028896220579860536,0.8840574912437622,0.06977441142895668,0.018969660774084525,0.013067475567360922
15049898,0.0014015662225568977,0.006025720249473082,0.006885898567902279,0.011210924983009797,0.0052463516417739975,0.9186594801051533,0.012964658631911773,0.012379942123932052,0.025225457474286922
15050105,0.03979552214835133,0.1177159604184393,0.005799290205669656,0.008705156290703411,0.011761928346078334,0.7209117272068872,0.019219384097563085,0.05583594853343099,0.020255082752876716
15050202,0.013446271375187925,0.02924807901041157,0.007737014141480798,0.029816910936852563,0.036042922479198505,0.8378089246246174,0.00747354547305118,0.02523916746446332,0.013187164494736708
15050310,0.00495028593315008,0.007559842938827866,0.004166482596497364,0.005877809522446178,0.020160843093370934,0.8991222512201499,0.009098817205797688,0.024492083086996262,0.02457158440276373
15050463,0.000499223707366682,0.0022659303033904007,0.0009172478251772543,0.0008187137835435638,0.0014069796659025994,0.9701619995061499,0.012805746020524636,0.005745602000752246,0.0053785571871926485
15050557,0.0017341819697750548,0.002596109079284134,0.003403647151986371,0.0022548902007571868,0.001178109478030973,0.5391874294210277,0.25932046335642345,0.004704854397124783,0.18562031494559036
15051367,0.01109431939573378,0.003977578635257626,0.004203210032424533,0.010754259615939376,0.0067262369059411875,0.7088124836575433,0.008089430078698135,0.2178283743120211,0.02851410736644095
15051372,0.015846637979706913,0.004521308807574895,0.004237275514712011,0.0038090027406528096,0.0036500554742517344,0.6951981051108336,0.0240512887699673,0.1968673856548783,0.051818939947422565
15051440,0.0013091090297601554,0.006895276623908394,0.004941994513807035,0.009267954113373746,0.003203485897622078,0.9241185876789229,0.009261813423239153,0.020467859377869206,0.02053391934149736
15051458,0.014755087801703278,0.004639388385412426,0.005766625671547479,0.01643856809678977,0.008600052058077498,0.738430388446955,0.007187187019605169,0.18089352951989465,0.023289173000014724
15051493,0.032595813229957395,0.013743327364643482,0.003797931583949328,0.008145633512926452,0.012352846684318823,0.8736668971552635,0.020316331444585136,0.021534479899755606,0.013846739124600308
15051514,0.0035034249579545527,0.005956678727230963,0.004520618895449134,0.01277501929204688,0.006008644336470636,0.8930929407081837,0.0042425398578361815,0.05410562501948314,0.015794508205344716
15051526,0.0029833805880020116,0.006197199385683618,0.0036334873513715915,0.009318149278174055,0.006395439767471242,0.8761809050404449,0.00505202588935775,0.07566963454236163,0.014569778157133256
15051944,0.0013718733986458273,0.0038684482899156575,0.0016507152407890374,0.002819373820524033,0.002428491686372546,0.9444610107706,0.014829563714058601,0.016414726210921615,0.012155796868172638
15052019,0.001550353876179001,0.004579782139105885,0.005388938504942531,0.004543884185094997,0.005441773297470618,0.9361340425511187,0.011466552293879865,0.01743321479784211,0.013461458354366396
15052565,0.002396278853601899,0.009760738457661771,0.002684302484175253,0.00400945499578625,0.006747515580934467,0.906144893476849,0.012857978395975573,0.040884205493273554,0.014514632261742155
15052976,0.0016822640125740407,0.008849639527923498,0.002494195033269396,0.004093318447679228,0.006962877547212466,0.9153819828646969,0.011193989444501928,0.03738572580242,0.01195600731972249
15053085,0.0017160886392753312,0.006501005244393685,0.008154006509455016,0.0069370147838874255,0.0036213714712158966,0.8892012208026949,0.02024558941360572,0.013451136150409973,0.050172566985062145
15053109,0.0013165282868389337,0.004363173353131019,0.0025775338041377645,0.006247238681551898,0.0021091035342895416,0.934515888391356,0.008298448769819167,0.01401441261463959,0.02655767256423601
15053168,0.0014000699015098807,0.005958420262763624,0.0029443329567261675,0.010802356143747388,0.002813890694355731,0.9315121411342575,0.005476266436012899,0.020346493231927665,0.01874602923869913
15055032,0.0017453956870079222,0.011959254783117735,0.008494223017363703,0.658389177201082,0.006796836543244875,0.2299311128518744,0.006741351746079362,0.06180296141386642,0.014139686756363554
15055131,0.0013586606818843982,0.0033769914362653704,0.003405576829133375,0.004747601937736583,0.002543158791290921,0.9369779986246283,0.009384072790582999,0.015477160836301122,0.022728778072176957
15056263,0.00047299544478742475,0.0029661552374319984,0.0013443532353269287,0.0014036497220069326,0.0019417785373041176,0.9679393633252247,0.010080276520850131,0.006540151815699901,0.0073112761613678325
15056325,0.0010094914544607513,0.004126954739064421,0.0044098723519354665,0.004731342326990052,0.002651671810244751,0.9308166909324755,0.016381215951567704,0.009115481487592005,0.02675727894566923
15056446,0.0021369634696041676,0.007569366202365673,0.009669999659711234,0.02973983455997303,0.014586440326648912,0.8403552235992445,0.008428031163919675,0.07415769543746852,0.013356445581064184
15057064,0.012871336619434721,0.029281968505521814,0.011290489872654765,0.020707966705929164,0.01356418848720662,0.5552999242198688,0.029323264161384487,0.08788450214855592,0.23977635927944374
15057224,0.0023161710991972577,0.007870759445314991,0.010852652017918052,0.10166525650474405,0.00528059954126774,0.6150797127819831,0.01540238239012955,0.12149058361602476,0.12004188260342046
15057243,0.002226300506744963,0.010035501717356057,0.03809218110880026,0.28300869350038177,0.006188354790915657,0.5140623629557559,0.007554956162467205,0.054727343698092776,0.08410430555948543
15057248,0.0029623346565115557,0.004713698927789182,0.006823316376894495,0.08919163048638397,0.0032013852394561886,0.7404019073269458,0.007919667073408236,0.02594879462280796,0.11883726528980273
15057289,0.02028669122391686,0.0044735823133277355,0.0085525364638566,0.2543057197479457,0.0037180488302784582,0.5448014635885735,0.006873213188219184,0.038207618081398054,0.11878112656248391
15057296,0.0028173572856278408,0.00657564152087687,0.011121877640815651,0.384851894243411,0.003226566154776126,0.14597691127176862,0.005929198745156365,0.33785410877159167,0.10164644436597585
15057304,0.0030201050966661507,0.007764694825196027,0.016836455311856475,0.37500762104685254,0.004032503198649125,0.4309937043649041,0.007393749888746438,0.10170768823507162,0.05324347803205747
15058303,0.002427539759526001,0.006862135526325047,0.008909355583356558,0.005616317699393137,0.005625328843879511,0.8746438746563392,0.02679893176756932,0.02517176818383639,0.04394474797977487
15058305,0.003426510345406431,0.042071068667394684,0.0041877810965893405,0.012850089021154004,0.026443162274499207,0.8590684604769949,0.018965446614902133,0.01683394894321597,0.016153532559843378
15058429,0.002604774804790822,0.017461586426615903,0.008856877600842599,0.005197161625922157,0.007186993397694817,0.8545678178561565,0.018823272590932767,0.04501876399701584,0.0402827517000285
15058514,0.004011377350784247,0.008804609722285518,0.012677897322878861,0.0251915269355602,0.013418589123546647,0.5965866129159003,0.006533441806605142,0.30503065460298595,0.02774529021945311
15058557,0.00258390950200867,0.003720231625960943,0.0030389272963111096,0.0022591343988112647,0.0033171809798277934,0.6409695010009542,0.29461752071367975,0.019625898958122688,0.029867695524323678
15058570,0.012920603947226264,0.06280873162296456,0.006021879204361765,0.02987444211397703,0.12330619496167677,0.611932541947724,0.005615357145717924,0.12128181480294545,0.02623843425340632
15058887,0.001669481842339955,0.006206314346137622,0.003465906945568549,0.005426311844571192,0.007208762343180809,0.9283936178256265,0.006290449432238159,0.032270387930608,0.009068767489729219
15058936,0.0005128239266162882,0.0027818743192491065,0.0013013247264606394,0.0018267074544974435,0.0011828610534335515,0.9478086129227761,0.025827817621862995,0.004813706057275866,0.01394427191782787
15058967,0.0023307036498754876,0.008229487567910565,0.0027379415084911097,0.9367468863712125,0.017811787244917106,0.012107618346165121,0.0013523552479067279,0.014032465206528807,0.004650754856992697
15059289,0.0030876182286372986,0.02607655848503119,0.005003998197524786,0.49597757033531176,0.23517396820070524,0.13293082188583433,0.005919562111730802,0.06062656463926208,0.03520333791596249
15059736,0.0016381516823616772,0.004184194942900174,0.0035063811161052173,0.0028855765366406026,0.003879593791546364,0.9384853079497344,0.01553126680837877,0.01733721273430207,0.012552314438030746
15061215,0.5160227787443974,0.008481136906386412,0.005087658926142634,0.003620317405078408,0.00577569594746684,0.34655155542574134,0.041715064936454216,0.013435456962630574,0.05931033474570207
15061312,0.20507061635951637,0.004579551166049541,0.009331415609382186,0.005188100229787261,0.004951316149585438,0.22709960688547529,0.20244451074242859,0.19450534658742996,0.14682953627034537
15061627,0.004020266822921851,0.008128209669390585,0.01726896918751559,0.021604822083874917,0.01592948712215294,0.8655561396980083,0.009870459480254237,0.037258926684488644,0.02036271925139288
15061644,0.0016028860407388185,0.00469529463065165,0.005099011757899613,0.005669093263115544,0.006536724746396141,0.930814243361774,0.00976968518632768,0.023425346541145222,0.012387714471951312
15061776,0.0025282189789528836,0.005517058799799699,0.007274042792853358,0.011449431187401611,0.008880076185905285,0.7987939449563857,0.008255362148476773,0.12607989224023128,0.031221972709993377
15061830,0.003524241792700078,0.004430432837374921,0.005296012561195332,0.009834621524761444,0.0064833899470138285,0.8255325540063276,0.008052549888127186,0.09825309433183892,0.03859310311066069
15061848,0.001998829046325651,0.005244022973788986,0.006089492556047641,0.004596541968018816,0.003713714332167006,0.9132674224509659,0.025151712064097755,0.015642341578438967,0.024295923030149314
15062228,0.0009423573879409776,0.004473657350913555,0.002213199298515094,0.00353514600631738,0.003633964750633987,0.9464690547567498,0.009235231178050696,0.017452795234429434,0.012044594036448973
27203641,0.0012363966266200272,0.013001868583803741,0.004321736968092986,0.0021399398093839396,0.004418583513919647,0.9002377690937389,0.029884263563478692,0.013760507440856693,0.030998934400105312
27204020,0.0012877369703528357,0.010339056060194515,0.005519975656765618,0.002717264854533112,0.004846354007547157,0.900100425577104,0.03775199402769575,0.01863257947945535,0.018804613366351693
27206412,0.0020273896107290278,0.01117251515767323,0.01113654206196088,0.0022843399244890294,0.003930139003919553,0.8504452882418848,0.03316668504834827,0.015389203892951366,0.07044789705804376
27206656,0.0021035793457253385,0.007439125110718043,0.005200295925758843,0.0022401286676530427,0.004440959224904214,0.8773340775133586,0.04130680048017452,0.018117605874909924,0.04181742785679744
27208230,0.16152453432478497,0.012072134069749007,0.014968525335815792,0.009119107734665932,0.02832142326340774,0.6847673768462583,0.008006593235675735,0.0436853598699359,0.03753494531970652
27209390,0.0016502043292207168,0.013023624430797668,0.011655775394635042,0.003333693886369028,0.006082901121943471,0.8302213406222885,0.017689879276835876,0.03930724334816106,0.07703533758974872
27209479,0.003776784915161168,0.05416561895763285,0.007480189122459923,0.004566755717724773,0.035287554420448175,0.8467824983160785,0.01162654976659287,0.0230591426431928,0.013254906140708927
27211860,0.0010921540678786434,0.024618796289197754,0.0062512089921617515,0.0035124512030610348,0.005862401414831168,0.9120863202748055,0.017545065701104826,0.01163038811726188,0.01740121393969743
27212120,0.0010705279702224566,0.0113128425234368,0.005183305777337421,0.0017522746964081224,0.0029323216765808416,0.8995815761483636,0.03870266804208802,0.0159128941106302,0.023551589054932435
27212973,0.0036359013891546416,0.039469003126866534,0.005559389033468892,0.004960557422366109,0.024034566840113566,0.8727005575181603,0.015379190489283734,0.021276782205797914,0.012984051974788318
27213635,0.0018127809913644625,0.008741184649997851,0.003898326577912509,0.003277369887718101,0.008553920986500926,0.915641328571184,0.015278813191964516,0.021800329524061038,0.020995945619296616
27216793,0.008955445274004778,0.032396394563687834,0.07627012905556702,0.009817961266068143,0.05681690649467734,0.707950096348273,0.007789098587589926,0.03346478293934647,0.06653918547078556
27217890,0.12851361170949233,0.019385253665539788,0.009464188500424341,0.004744722154277592,0.02240004092311917,0.5967332857026626,0.1376923386877269,0.018117370841084498,0.06294918781567276
27218299,0.0019189686380887072,0.013560116892714726,0.010189945919883302,0.0027332779680840514,0.0042146878760745445,0.86682925839269,0.02782927124415846,0.01994049664385447,0.052783976424451706
27219055,0.026474370895783125,0.015972133786253857,0.01173150933530229,0.00526796406776568,0.015911632601779694,0.8403002210046487,0.013609353490575172,0.023372229162987392,0.047360585654904024
27219363,0.0013266668316167093,0.009098878356901496,0.003639766288919877,0.0014805564066301357,0.002813859322670224,0.9187541529131674,0.039030222667569024,0.010876476402339094,0.01297942081018592
27219923,0.0013855056687977927,0.010002598757580536,0.003511716855553749,0.002196029146952076,0.004150369690369873,0.9268809349922666,0.026187945852306365,0.015248124916358132,0.010436774119814956
27221361,0.0008713667864377443,0.007919278314563495,0.002754027165790408,0.002162204536848129,0.0037363903390316656,0.9335313592862982,0.02240906342393753,0.015736390806737215,0.010879919340355664
27221885,0.001351438701108048,0.020610370443302696,0.005742763470860309,0.004750049327523668,0.006971373319545083,0.9019222969549774,0.01701793759951085,0.01251819053431774,0.029115579648854223
27222482,0.004849161501632111,0.1033991316008937,0.03871931627814405,0.007486717872615874,0.16823537122238102,0.4880151082660162,0.006766398054419085,0.0485707338294806,0.13395806137441738
27222643,0.023533046075511516,0.013126405295409541,0.016927389429120088,0.006859498907160656,0.019996685925384807,0.4886103591848405,0.013258767997677851,0.017629515108095364,0.40005833207679975
27222752,0.0010811606365410615,0.016180365367923485,0.003899444934278558,0.0017654535599989163,0.0026709480505116307,0.867701070618935,0.06979877621250576,0.00908551086977583,0.02781726974952971
27223993,0.0011499928492998534,0.015041938008852469,0.0038859273071422027,0.001817619897931643,0.005975907962671142,0.9150623832149574,0.017424464921390128,0.019943786763994564,0.01969797907376067
27224111,0.0024330132791496747,0.03437163464596493,0.26428367945132536,0.018582398557604733,0.025528516761155664,0.04345055202008818,0.00903414797631847,0.47357451553592933,0.1287415417724636
27224390,0.0012170772962737165,0.022805683423291298,0.00962629317736806,0.002548897191501286,0.003989436003762059,0.8668557199775496,0.041655390581528506,0.011960209840344524,0.03934129250838077
27225248,0.001615118360665516,0.023791341534866395,0.01100303869466574,0.003011703525879259,0.007886157559697625,0.8814115833545841,0.02161701973292019,0.02354889033096901,0.026115146905752173
27226051,0.003150411257177602,0.054048863046103963,0.006081399937855615,0.004977633376002119,0.09984662685336411,0.7822482570073225,0.006634503001821253,0.03187725511758734,0.011135050402765525
27226820,0.0013390732385399546,0.00882969292526612,0.003796251200578667,0.0021335487165595928,0.0038662160607067313,0.9077460449021086,0.04092475164058548,0.018744805909829035,0.01261961540582581
27227362,0.005733642998733019,0.009264129389329991,0.022033411139070754,0.01043563513576788,0.8042392588429359,0.033394577996408735,0.005962820935352652,0.063037282423233,0.04589924113916804
27227417,0.0038034020963030385,0.013222575414427853,0.019186711208368474,0.007123650049002728,0.821386080998559,0.025693454382613414,0.003811456246921287,0.05640210255393739,0.04937056704986669
27227545,0.0074465064642422404,0.016175463193739525,0.014778269164264494,0.008117327338640616,0.8018455045375423,0.01639591476366026,0.0032719531877011894,0.09663190214568207,0.03533715920452727
27227747,0.00381926676537902,0.010856091785497943,0.012684745831700204,0.007148208310628798,0.2717033686228584,0.06300226604825523,0.003906798730775712,0.5757605614241935,0.05111869248071108
27227927,0.0034150741921615646,0.01672085254277911,0.010089679523703128,0.009207345717293695,0.49247951425617686,0.02860542161005975,0.003966577083817386,0.40780459142421255,0.02771094364979602
27228008,0.0033246933512844495,0.013098024972009669,0.00992308810320667,0.0070124935568137,0.3285086424166842,0.03471066452014414,0.004366058510589094,0.5585531500639304,0.040503184505337686
27228350,0.003091247930885005,0.01310409732734583,0.008711925014708563,0.005379077825669555,0.06732592629048124,0.8044164935382905,0.009917174968981105,0.0511540526160473,0.03690000448759092
27228394,0.003330226106406516,0.018093331304488473,0.008548483839538679,0.010437378895883283,0.3111818280372538,0.029327303346601552,0.004205053940347592,0.5909083658169185,0.023968028712561554
27228486,0.00203885852130267,0.006920279231601752,0.004636507344683332,0.0018421307790094325,0.0034769782235744,0.8268786537095179,0.11146397141946791,0.015007990387302064,0.027734630383540654
27229246,0.004251017668374497,0.08848916710628459,0.009371281579671775,0.00429264065324715,0.03311770574311006,0.8015363815197705,0.014754988485599507,0.024503923330508697,0.01968289391343324
27229258,0.0015652713596235744,0.008531390806655126,0.00347811566500403,0.003752512100110702,0.007637528303728305,0.9099191222319041,0.022541706173743754,0.019640601643946105,0.022933751715284244
27229306,0.005925080517440407,0.029404524128869965,0.007085729744317947,0.004738496015548293,0.03858431025553755,0.8475330777256809,0.011360216187923084,0.026071418453632682,0.029297146971049244
27229512,0.010866083374941082,0.007712683110726455,0.011520425682909482,0.004948734906847282,0.02802211474411449,0.8252606775306015,0.01515989350289805,0.026162155311698923,0.07034723183526274
27230055,0.015013042625230018,0.005427682240717587,0.008918703094864722,0.004490310534600585,0.022110387275520896,0.8262278705382944,0.009566190887392124,0.026561040341549942,0.0816847724618298
27230350,0.009640372854753597,0.007653947875680726,0.009055797313060616,0.004020749401452819,0.06355577984759046,0.81184373128167,0.03441847684131135,0.015538355264504379,0.044272789319975955
27231945,0.004150424735362112,0.020706084084545124,0.011592551664176687,0.009839454446347885,0.256117888029625,0.02558642330552075,0.004616516514710752,0.6417241778168852,0.025666479402826414
27233361,0.0015520420726660858,0.010415225823305849,0.005035593558966894,0.0021338545932971754,0.004342738892093505,0.8907287016803914,0.032049011682870915,0.032307727349577584,0.021435104346830585
27234012,0.02049016318316963,0.010781661102980764,0.01519604874908138,0.007368504305530428,0.016624077960222798,0.2075542856401413,0.00739926123185905,0.018689881899789835,0.6958961159272248
27234810,0.0022718536473971566,0.04865391709805132,0.00532037421365124,0.011691499221998539,0.551738146933962,0.008631212113370448,0.002668843221210125,0.36407057294262124,0.004953580607738072
27235927,0.0018103729129312993,0.015507543680586112,0.016612566008013866,0.0025857716654255126,0.0073306809388885945,0.8528403932317197,0.025241389877460763,0.04083040653054813,0.03724087515442623
27235992,0.003157969461970761,0.015077668197370631,0.005745685886312431,0.006051332025843723,0.29880412780841326,0.44702060885003014,0.006725835836004927,0.1838057058854231,0.033611066048630844
27236473,0.0016949626269903832,0.008749505363980652,0.008184451333368734,0.0017723227391900356,0.00375864162760618,0.8625305472067653,0.059772747321833596,0.01904194344201046,0.034494878338254736
27236611,0.0022646344545057605,0.06142718228964207,0.004652674732289396,0.00842271128801244,0.5349284352517552,0.011659240219542961,0.002287997462421172,0.36724319004203776,0.007113934259793184
27237922,0.0044572792943039525,0.007684287414363208,0.0064033282371550055,0.004745919738892989,0.027006449748088766,0.8509323643635047,0.02490465637682364,0.03151505796051685,0.04235065686635081
27238108,0.006893739645567447,0.03236063841266685,0.005990684794976122,0.004821138829443617,0.06516640367840269,0.8080503617892667,0.023982337325350003,0.03764064372933908,0.015094051794987455
27238172,0.0041545817267074495,0.04403594890840343,0.0058717725440474,0.004233703081835349,0.023943082117059176,0.8589065331588719,0.021993497323533926,0.02294048630476065,0.013920394834780645
27239286,0.002891704851367461,0.03093114505468039,0.00844358302727243,0.008823054270639634,0.033077017957952023,0.4212490547237306,0.007983174360918555,0.413209858017386,0.07339140773605288
27241704,0.0022261969999329777,0.5919469421270775,0.014249548564578652,0.007291775222769596,0.28033595176331016,0.05041372018189769,0.0036959477932766624,0.04049736458151833,0.009342552765638461
27242056,0.003242942649849886,0.37683150799607046,0.06129398111369767,0.007965300977212843,0.4261990750309248,0.07270289794958232,0.00426113344521992,0.020472248908973766,0.027030911928468314
27242549,0.0017588664037158472,0.006752891170784505,0.003863151196394496,0.0018196590048677112,0.003371744714154179,0.20429465288925833,0.7516683780365644,0.012163520362318955,0.014307136221941647
27244942,0.003048733903734797,0.008109184297902944,0.004999509128753575,0.004935431905458044,0.045661570979831784,0.8459793744543042,0.005074737388155493,0.023166220219173576,0.05902523772268574
27245142,0.005473509513738447,0.005401684776455068,0.012564745039792533,0.005419523493223235,0.2892327172995721,0.08261778705666525,0.0025976457472294172,0.46071002556762103,0.13598236150570292
27245414,0.005403514736649367,0.006949594546134565,0.010757934521001749,0.0066616662574245904,0.18001330295162507,0.11651657812709694,0.003418500819636014,0.19046120033267222,0.47981770770775944
27245486,0.003167282923566981,0.013214535103596457,0.010674897351402484,0.0037356774827596805,0.024594816334739745,0.8529841671912759,0.02767836943814928,0.0351807283475115,0.02876952582699793
27245645,0.0012992721579813313,0.029846788224219357,0.007160920029201843,0.0026003724545161054,0.008021163335824932,0.6558984356334016,0.019610621148541056,0.18931717372131796,0.08624525329499584
27246508,0.0026352051291723437,0.005498580049091573,0.008937607749742343,0.001811517843412595,0.0031923875218310164,0.6080556637324067,0.335071973033578,0.014058397273430305,0.020738667667335065
27247366,0.0013982741040721117,0.007324354717855317,0.005259910669573136,0.001655292153421779,0.0023677002558085483,0.7413505792840276,0.21158576955596992,0.010703319175637889,0.018354800083633736
27248085,0.0018897068698676635,0.0047014885729420985,0.004175684111621804,0.0014722389431453848,0.002312168176880028,0.615267936905528,0.3480128713709415,0.010523139585457404,0.011644765463616211
27248316,0.1157755451913666,0.015872583613464275,0.010893294590467131,0.009001998930096573,0.025464878936875268,0.1747751722048995,0.016199717768493875,0.021951550013202942,0.6100652587511337
27248920,0.011677170757333669,0.06782826432882522,0.04345588886649446,0.016637855449094078,0.03493014214412084,0.0783411557934998,0.0043671383277859846,0.06152500092582843,0.6812373834070174
27249654,0.004812658757919439,0.005920657571257014,0.008153110259781052,0.002624856760028801,0.005330231563852057,0.5347754867546739,0.18338526515102493,0.047149293030626774,0.2078484401508361
27250103,0.0037891493304830627,0.005628077701287636,0.007546537767694117,0.007406509767454745,0.045264426517076156,0.21675858646293844,0.0038998270083577522,0.020414769415902565,0.6892921160288056
27250484,0.007149526025560876,0.005844335620255067,0.011963830762934977,0.012549731364887063,0.03513529877738536,0.2403753376168407,0.0037700597159553073,0.06904550323575377,0.614166376880427
27254075,0.002096551306939712,0.1984817481058801,0.019073314289190166,0.006836907798525217,0.01565420932724498,0.5283091446615045,0.013447421041820994,0.1779368811495299,0.03816382231936447
27256605,0.0019226060441284224,0.005562837743683493,0.0037114127035192766,0.0018744300552526163,0.0034371862445062183,0.5300500442618835,0.4010907657393105,0.025582569911609915,0.026768147296106038
27260821,0.004238192448884609,0.00742046793342505,0.010211025306155693,0.002631042565611988,0.0045627020545340805,0.7538341666119719,0.17777812412962385,0.010955211556959171,0.02836906739283359
27263673,0.0062540534213739365,0.006414398774437619,0.009421133206930608,0.0022697440686986555,0.002085782802386442,0.028827778376026132,0.7952001012474162,0.008808325986594371,0.14071868211613603
27264838,0.002528691139586017,0.007879356059623798,0.006974088876957293,0.0022644038125635025,0.004429438238494341,0.674458096216122,0.2625502205754682,0.024433870255992585,0.014481834825192297
27267285,0.0008345566608253378,0.006985984035767006,0.0019292545842929977,0.0012731516524804541,0.002666901949215284,0.9315404561497348,0.02491355202211741,0.012328090280138957,0.01752805266542771
27269056,0.0023836944070611634,0.01106074375496531,0.004375061724496776,0.0033944929907312764,0.04172380689788859,0.8539179727572621,0.005845052624570455,0.024334949706690437,0.052964225136333885
27269065,0.004162936135177673,0.0018372626763007252,0.002569573904235633,0.0012407023102233665,0.001287306970074896,0.015408374026546925,0.9337373139295131,0.004089851385692939,0.03566667866223474
27270200,0.00327282133949218,0.012731331969514063,0.012984102579137187,0.0033850205376635147,0.007411091257221699,0.8479303397608129,0.06497003450344843,0.017331810420473336,0.029983447632236596
27270846,0.02168379282261704,0.027503926408897622,0.022674220039776212,0.008105226277803985,0.019845542240463122,0.142735703989066,0.009551098684614312,0.024798190234072547,0.7231022993026892
27271299,0.0035166370773861964,0.0041394057795910546,0.008337509881654747,0.0018328708877244874,0.002115257426929786,0.048272426576220495,0.6086880950266798,0.009140237693499507,0.3139575596503139
27271832,0.0009621221221126478,0.007781293539348411,0.003876620193029031,0.0012215644011477538,0.001699921686896348,0.9081432571945711,0.053544517337582656,0.008954867613316167,0.013815835911995887
27272650,0.00629920074822208,0.0047666804208594095,0.00621282090699928,0.0029413989898819156,0.0034221299343083324,0.22222835240941344,0.09347773331228112,0.01760157808122372,0.6430501051968107
27272926,0.0023836506722113883,0.006865119195158172,0.003165286544305658,0.003017638206371759,0.004429627011124816,0.1915161152284996,0.7529517407173323,0.011443536523386276,0.02422728590161019
27272937,0.006091677292858086,0.0382972937749485,0.006278571042201164,0.0060660151543472166,0.07656201704917631,0.8116547527329484,0.009294263955606539,0.021927572351279928,0.02382783664663376
27273133,0.0023863603397038914,0.008302882623951038,0.013804537736908639,0.005100096442301264,0.0067078127719870356,0.8172818323651849,0.009064777046196834,0.0336661450957602,0.1036855555780063
27273193,0.0008896997998446173,0.006667149395596937,0.0024914337129565436,0.001661816210170342,0.0024240278937575793,0.9247750816538778,0.04184137563080726,0.01103215525929907,0.00821726044368997
27274096,0.0009177055373296753,0.0102816577073767,0.002580917814730549,0.001852436511290574,0.0028510179869295537,0.9271784528957994,0.03425460033235362,0.009083455964603828,0.010999755249586117
27274147,0.002636132907031474,0.2012107536849116,0.06792702498681709,0.17316508961779914,0.014857306824471115,0.2538416170677366,0.12026167398178768,0.136273532633241,0.02982686829620437
27274349,0.0030521996227991393,0.00675256249232578,0.0037569727576395105,0.004876060017663877,0.020327895688136612,0.884889060115665,0.020679099136586505,0.02161216579671213,0.03405398437247137
27274643,0.010201410874437919,0.0060625260861644405,0.011218237094799719,0.0032107369399897025,0.00764671342045917,0.7700818682958981,0.11718428914791193,0.021195071097717077,0.05319914704262198
27275251,0.004646545530043224,0.020505762788357456,0.02932743854573384,0.008710412125525526,0.01264494018801213,0.7871677247017799,0.021774408605999582,0.07979272832097026,0.03543003919357817
27275276,0.00406541581229498,0.011957316465078542,0.009564342908735675,0.0031583009834787778,0.005366859666523923,0.8551958645495591,0.06069883391132575,0.020500146806218922,0.029492918896784216
27276721,0.0010338230410709452,0.005217651714883783,0.0021115428236788258,0.0017275786003615756,0.0026255972158199417,0.9369142044559574,0.024449096146394088,0.011704501253478678,0.014216004748354773
27277131,0.0009396733879570851,0.007837864270743915,0.0023222822252892744,0.002324449231091777,0.003910383248318473,0.9296230674208896,0.023529033431396937,0.010304634229940771,0.019208612554372097
27277206,0.0013085282597680742,0.008191012372311523,0.004881546493341385,0.0023730988823325574,0.0033144183887208493,0.9025489184651418,0.03690273808403667,0.011586849630604657,0.028892889423742484
27277456,0.004406497346027188,0.009358957271954993,0.009935602881718889,0.0050065222410585405,0.00751292155439523,0.7646851840777502,0.01195125430465062,0.03753768964169008,0.1496053706807542
27277630,0.006190199155087865,0.015041704337048704,0.012730320864629894,0.010009769532892563,0.019955294229459918,0.17554224007104902,0.005442698566899686,0.5019930395059798,0.2530947337369525
27278335,0.025849105594193032,0.00442219835067355,0.007573063505888837,0.008836641817252732,0.015899630586582784,0.13727523654842716,0.0040626681275270264,0.035936170411427576,0.7601452850580274
27278352,0.005437382109734393,0.002959925597759191,0.0062696181791332,0.005998390499870578,0.023271265104887754,0.02048451372445207,0.002241724764661366,0.028750109940744846,0.9045870700787566
27278359,0.028279726661269825,0.006496599416131134,0.01712590246976191,0.09698970182065168,0.0357700236483698,0.09216974478915115,0.0037160646810902166,0.12019342896173042,0.5992588075518439
27278399,0.00922723667069101,0.005381207022307257,0.0063328261430986126,0.0072751343683866865,0.016439593886657607,0.33364344985991473,0.03564305620461589,0.01499607694828087,0.5710614188960472
27278418,0.004781769712222131,0.002705159058667041,0.005770767828079775,0.006507999746097836,0.015375390867844863,0.012718327348401717,0.0018858229291939255,0.015064322300869131,0.9351904402086236
27279366,0.007465769294594217,0.018458547896795068,0.012801556085887754,0.010911085792361965,0.037776785051126194,0.01696970008770593,0.0029658697997923954,0.023569658020588247,0.8690810279711483
27279382,0.0020083689625988704,0.02120353361394378,0.018983701915200442,0.004779589351842707,0.007794373614486468,0.8380450324449865,0.01948841330219582,0.04230175147367631,0.045395235321069156
27279447,0.004763125601776953,0.006859181903882792,0.016544102942682555,0.012974399974245432,0.0360627765997485,0.01409565342879426,0.0026277666205206007,0.01750434881744299,0.8885686441109059
27279469,0.017507514816603793,0.021649355576531568,0.02140429254689987,0.05685169369293823,0.026246268858307206,0.020058360300277033,0.0032055577092692587,0.043901255409131874,0.7891757010900412
27279509,0.005602921349356728,0.00564781408364619,0.009305205046697585,0.010030552779569194,0.06052198952347434,0.013082852605253771,0.0022180378324907434,0.01749167605811913,0.8760989507213924
27279610,0.0075098067071568434,0.007882591578050486,0.014541925985743127,0.013133375135209392,0.17699688113640774,0.027725232362010403,0.002988776344856771,0.5415392094876913,0.20768220126287396
27281508,0.003995060929877968,0.038476005767158164,0.004250587406764397,0.004333590711503564,0.031430207076055386,0.8700467123459578,0.01601768261572943,0.022364797716410836,0.009085355430542525
27282434,0.003441632130168568,0.0033466330173504955,0.005198014186762196,0.0024173344599122976,0.0024981205268049954,0.0904712370653377,0.08035777640877056,0.009488382226714758,0.8027808699781784
27282901,0.009440131563503755,0.06829258987743053,0.014851409262616974,0.10860007155470545,0.2514093473641441,0.02548662289248487,0.0038777288515898394,0.1254285406741682,0.39261355795935626
27282995,0.005393263755578429,0.022812502787244282,0.015172943094315845,0.06995122029021662,0.052717655005085164,0.016285169568259216,0.0029000731566327237,0.02947547655888106,0.7852916957837868
27283125,0.0070981695435431555,0.006331905357821359,0.006841093788518505,0.0035141227754358823,0.010769320291964408,0.7448187227102885,0.028114070382626942,0.03976874861501521,0.15274384653478612
27283358,0.0067647224814779,0.1996746254583426,0.020542262106974282,0.07246699300057803,0.43177055505591755,0.03762728039189113,0.004730936260982284,0.04950983379363307,0.17691279145020303
27283987,0.007941875890224286,0.03984840482695176,0.005876122678635136,0.011994548322992881,0.07114847405588276,0.6819949397220483,0.00700963521162096,0.15101668772620047,0.02316931156544345
27284562,0.005688903362438877,0.005269704956207752,0.007209863883904301,0.00218715811764239,0.004686534290153289,0.6193351215041654,0.2630044870205191,0.01382550825515409,0.07879271860981472
27285077,0.0034901552800055908,0.004848991576517932,0.005784780027759729,0.0017782347151835325,0.0037071585384778204,0.5288711333032011,0.40373653895047557,0.013222592023601286,0.03456041558477751
27285996,0.0025616803696185183,0.013225818740040753,0.003908412279005529,0.004739986461803465,0.018627002947322634,0.8887153101420459,0.01739577105808622,0.01546583117708617,0.03536018682499085
27286316,0.019252243876285588,0.005195815306653206,0.008070552291234588,0.004725262206999561,0.029503071103422332,0.7219798016935974,0.012392106682852589,0.07749048179275259,0.1213906650462021
27286859,0.0017835262363957013,0.014520226155563329,0.009845642216891394,0.004100637997520524,0.0031812754079051657,0.4802618616040144,0.03997945011340075,0.01477693781851597,0.4315504424497929
27287341,0.0013304720752736643,0.006641581724689036,0.004126754760692545,0.001432441970799866,0.002428626497004693,0.7499169199705413,0.20994483458172863,0.010220232925778588,0.013958135493491642
27288515,0.006153070211368576,0.02923201747391986,0.006748593980462409,0.0036298596007709356,0.01684328503065153,0.8707896167325679,0.031454925396495595,0.019744186851631037,0.015404444722131948
27288757,0.0033861711120906743,0.005486550757177145,0.004576754419515331,0.0016907976816212392,0.003624112465297898,0.7913128746746692,0.1599313168752636,0.010827474854957133,0.019163947159407856
27288952,0.0024582311226506413,0.009075716301269498,0.010157623789965401,0.005890365376340381,0.022367053773980718,0.02017852925705408,0.003577663432847305,0.015484287195188651,0.9108105297507033
27288975,0.004124938776473022,0.006443940348592043,0.006109953238475922,0.006220228438326847,0.022226415747809466,0.02365149312361376,0.003389177512408977,0.019386001858967685,0.9084478509553323
27288980,0.0033288020954911576,0.009094113677116773,0.008210635345283754,0.00832230771579947,0.02656726298545014,0.02215368693354234,0.003090618960860144,0.02558391720092914,0.893648655085527
27290039,0.0009359134530556658,0.008783551682749618,0.0023265095496793936,0.001294111052321815,0.003182180688159716,0.9260582795747945,0.03462342363309337,0.010443080352168411,0.012352950013977546
27290905,0.0015576507278164554,0.010336815424239865,0.003931705882258764,0.0022274861018287254,0.005549248249698109,0.9097332913953398,0.03375587478736201,0.017679235129685042,0.015228692301771332
27290998,0.011803740724326585,0.004696060610726515,0.008180432740338755,0.005656384187620788,0.11472340032681784,0.4129363611737076,0.0031020178343026026,0.39208528741096166,0.04681631499119767
27290999,0.006485596732748027,0.010873961983392048,0.027388519572984653,0.009913116897758725,0.12812172530175983,0.4103897863392927,0.0037178541178124196,0.3195667203212382,0.08354271873301346
27291005,0.0075955782798847946,0.00622437603881114,0.006591558798697669,0.004264894245705455,0.045361969576393046,0.8303837559628211,0.005732903129461336,0.04375927985610972,0.050085684112115676
27291012,0.0031143800502655677,0.015164897955016018,0.008764215327251322,0.005101245068368107,0.15467231488583932,0.43367990509240223,0.0039008041142760724,0.11413425995987675,0.2614679775467046
27291083,0.002225711500784823,0.02197027397974312,0.007919726572993405,0.005515968932809993,0.037523329701337524,0.865842914173172,0.006844638237660502,0.02285524374491781,0.02930219315658088
27291147,0.00390710729101364,0.0071663880076062,0.004889842288129401,0.0039659835184819425,0.06696261766811264,0.7992136528234899,0.0046488048428418435,0.05374887854881792,0.05549672501150662
27291193,0.003909317302322911,0.008961484851688826,0.005170843630936219,0.00523074537993667,0.07164703274864533,0.6390876145620457,0.0040804859480551865,0.0759503384027122,0.185962137173657
27291241,0.05789370548660825,0.004158603451078497,0.007500593034977372,0.005909595545135184,0.07168197696507807,0.33567429983576247,0.0039964375301383154,0.26087362254999746,0.25231116560122435
27294499,0.0014796845221902895,0.006054423568556765,0.003645511925192665,0.00411562603630639,0.0032214962939849648,0.7851955405959703,0.01630151994585391,0.014996645492757482,0.16498955161918707
27297944,0.0010037155393829344,0.008567839812974817,0.0063103930785174695,0.002477569671817645,0.0021309663850339676,0.7868112902260573,0.07726245620748098,0.005587156449760651,0.10984861262897411
27298029,0.0025855314174240292,0.006425588048288393,0.003914149880724327,0.0060315852142027735,0.003972745869889233,0.8622815644730145,0.016342046528635655,0.012632627672580976,0.08581416089524008
27298207,0.0023667298438754727,0.0015118903567389892,0.00173449989371626,0.0009482251995293519,0.0011444093367223493,0.016276238200709395,0.9499250638188732,0.003780168487264483,0.022312774862570526
27298831,0.001208808720074577,0.13717333675419846,0.010243111111380238,0.008039059741131536,0.006472550654497977,0.1267661705823841,0.012797079737211094,0.09298952564221072,0.6043103570569113
27301086,0.0038548477644067248,0.5412587614293018,0.02256339087332352,0.021736376459984875,0.0964218190101562,0.06889514293765056,0.006756340592114196,0.041588939151818716,0.1969243817812435
27301588,0.0031500251845699473,0.14718951731820806,0.010275760165322643,0.03220279969066714,0.2869087902562454,0.06590941790388014,0.0038132932063849297,0.42335503326143387,0.02719536301328793
27303130,0.0027243382023905438,0.004816652745693116,0.009415245917681758,0.002012331667647285,0.001818911841376477,0.03938473898906759,0.079643237316592,0.00989238119378117,0.8502921621257701
27303243,0.0021351700229403224,0.005026252052616332,0.006542503042872564,0.0016757058959752788,0.0014889588953633866,0.05858769370547444,0.22995907364572427,0.007665425267756264,0.6869192174712772
27304639,0.0008329539394261326,0.006818662329695987,0.0018874831251334927,0.0015683490705178916,0.0021829934121569646,0.8995560841668236,0.06512058973019061,0.00583867132698469,0.016194212899070554
27310870,0.008739763554888586,0.0019561153840807247,0.0036412339969656596,0.0015547768709769279,0.0017855562428154565,0.013685557737668715,0.4183661555771163,0.006496640174082115,0.5437742004614053
27311386,0.004680949438651144,0.03403208787742684,0.004481730628971376,0.004382408662447196,0.01867817131183976,0.8681441071593992,0.03477136174031985,0.01816955139017014,0.012659631790774555
27311627,0.0008681023178800223,0.01363819369239192,0.0036048543746778267,0.0016882503222654304,0.004886652541393994,0.9180945408279471,0.01916456755706159,0.02178537688879055,0.016269461477591455
27312527,0.0037468778882083246,0.006490533510379496,0.00375212409462342,0.0034871538924324485,0.012950432897602344,0.8788899955375971,0.03514506322758856,0.023233615785923256,0.03230420316564504
27314199,0.010715953821161212,0.016449533528155168,0.0073293419379196,0.004722379915317412,0.017330731622394964,0.8523062155459753,0.03959144152747557,0.028165374590335055,0.023389027511265734
27315036,0.0041968421876675275,0.11217441472945297,0.005443746369328301,0.013765906221902099,0.14882658272753288,0.6445212417961885,0.009945022740072685,0.04316554273093978,0.017960700496915356
27316574,0.004496524464541283,0.008108073503879442,0.003677883747253131,0.007195215698654153,0.03220756154138538,0.8204746354310724,0.01047130334506143,0.08384395042451086,0.029524851843641987
27317646,0.004657238578679723,0.005989054534549192,0.00872515820396975,0.002352855304461675,0.0034794309919800015,0.7086261315889923,0.04759563872257479,0.020162874718740564,0.1984116173560521
27319072,0.0014352991983317355,0.0180332927654669,0.011122117062493208,0.003966120960469258,0.009125256136982344,0.39775289569639827,0.08144828971961175,0.4209860895574575,0.05613063890278909
27319892,0.0010301411310029364,0.008199888626749441,0.0033366032366066367,0.0012381147137300243,0.002808694284921338,0.8922173469055177,0.0637875878729802,0.015872714909978956,0.011508908318512822
27320262,0.002010231259332228,0.01253548895718385,0.014571886463550265,0.008567505570605982,0.0035802809781039576,0.25515438377176514,0.012593116214434576,0.023618698162293516,0.6673684086227305
27321197,0.001936963928888317,0.0026432976931222807,0.002055333248678697,0.0011465889626734312,0.002051111976584306,0.09280121867895433,0.8825906826271842,0.005763454896219488,0.009011347987694943
27321202,0.002262845285685991,0.028003645933135167,0.04850373178967342,0.0220114504699214,0.007189539998393374,0.12754614136265477,0.04765260680564514,0.037715954200349386,0.6791140841545414
27321241,0.005667052759801614,0.0054547790653944744,0.007097326957083326,0.0026448260712876774,0.005418907841658171,0.40166038553725514,0.271281935207896,0.25919578517703334,0.04157900138259031
27321582,0.0060435744083138605,0.00300902744970905,0.00631617442462425,0.0036859253114463458,0.0024319764362567757,0.027128115717641295,0.02551684620041232,0.015899511154595147,0.909968848897001
27321885,0.0026262115210970763,0.031107153721818347,0.2738147234425087,0.44622633193860567,0.009776738741490982,0.04844999669296701,0.035640111136437724,0.07934076577826055,0.07301796702681396
27322213,0.000999380931954431,0.008624400901313905,0.003022579136716478,0.0014554158098478108,0.0027997718849495506,0.9197912763004945,0.03095285407574223,0.017652398641882793,0.014701922317098378
27322239,0.0097993441344477,0.01935173259021034,0.01381591442216047,0.016427147590371487,0.012076764504299923,0.02586620082328744,0.003830737037041576,0.04651863122998269,0.8523135276681983
27322774,0.009698428690517838,0.10007621374983643,0.03179350680264446,0.00786774351136446,0.019607805827454465,0.749339047735797,0.017126085235863703,0.03163897930622761,0.03285218914029408
27323256,0.002544450487425139,0.011963482427795548,0.04270450619600771,0.012203990326388704,0.005512006592529763,0.806613081595807,0.027766020513958135,0.02899203884385354,0.061700423016234435
27323692,0.003873594027740366,0.05844069534963979,0.010414384473168435,0.007338807241629281,0.030225961944018498,0.8219238034739135,0.01485087003566861,0.024899159909252032,0.0280327235449696
27325257,0.12841077462358808,0.021344423049253193,0.010772698273665825,0.01526948524314341,0.045403142217797655,0.052427956235083215,0.006904868394552814,0.02353276675486942,0.6959338852080463
27326782,0.0061247056839299615,0.021049969422643984,0.017234186911370686,0.01914640929803697,0.022039794382976843,0.011535653149912426,0.0032432603604518524,0.019013417635683476,0.8806126031549937
27326804,0.006866234782686597,0.009887478089451516,0.019318073767494805,0.02746608677516163,0.020932534568656756,0.012642615981870461,0.0032956253391374156,0.021004174594856345,0.8785871761006845
27326842,0.005651749586061731,0.015528876904923838,0.021395969237847756,0.048234901549655526,0.02323775109543336,0.015469115952540472,0.010115513728620228,0.012557893497482804,0.8478082284474343
27327185,0.00715311686809546,0.013863746498950271,0.007804371973987341,0.030716316923376927,0.030632324138905882,0.021233079079850982,0.0035436269730618046,0.026773169047541016,0.8582802484962303
27327671,0.0016601414611890823,0.008202694531574978,0.005617966065952967,0.002783947797599486,0.004636595571012215,0.9231701982823265,0.024910122186363404,0.016511399252472463,0.012506934851508882
27327877,0.003380878149909581,0.009488658058070991,0.017239694769293167,0.04525776146178699,0.004080672055380585,0.05513846908925003,0.00758050533084265,0.05585318809988088,0.8019801729855851
27328781,0.0017811007086936462,0.0023168385354890675,0.0020646246975862827,0.001166216303617734,0.0013361384392754421,0.029086068552573303,0.9329361362606838,0.004482027759941731,0.02483084874213904
27329054,0.0018717108593190412,0.033380052305417074,0.08468941694803755,0.022700279180099876,0.020539051526047226,0.05034595012591235,0.012392952554046467,0.5018678631535045,0.27221272334761587
27329113,0.004984452659111271,0.0033375921531804266,0.004865426506103705,0.0017973990485682912,0.0034715852114360376,0.2960602290774148,0.663084088801366,0.00857039533367627,0.013828831209143083
27329179,0.0015084068740014733,0.011599233196722998,0.011727047446073396,0.0024429089457083043,0.005733002447405229,0.8684429591252609,0.042281054540229394,0.021797116849421094,0.03446827057517707
27330098,0.001069088894941009,0.004572356027259097,0.002834503430998935,0.0014778893681917558,0.0019684578956604406,0.7875958379811356,0.16234922750734943,0.007440758125863764,0.030691880768599862
27330398,0.005047819700531546,0.0061128281129631005,0.007276871125738326,0.003906154581481095,0.02284196903490015,0.863770613256698,0.009083440898723663,0.02832618511812981,0.05363411817083429
27330675,0.011134531293463474,0.003531566142497654,0.005025369835349574,0.002986765142657931,0.01835100682671049,0.8752802401652908,0.014994687007539273,0.020002570385648448,0.04869326320084235
27330798,0.0036840086576364894,0.005262135287468211,0.006563931626270801,0.004173994300233094,0.05757113111527857,0.7632734715454272,0.0035644971558773746,0.0465051343567789,0.1094016959550293
27330903,0.005069779489613269,0.0045247228960945815,0.003785935878265961,0.005342903988813432,0.02004978527446511,0.8897209742597776,0.012022537417675476,0.024775850637652492,0.034707510157642195
27330971,0.0022932845820855564,0.004275982719457098,0.0024525940701564716,0.003624027625636812,0.01111030158325418,0.9256926452447156,0.012890375991459363,0.014678319962893881,0.022982468220341133
27331136,0.0019600576897845666,0.00479046914720805,0.0024861189124182254,0.0046594598783590594,0.010947731425464756,0.9108738273450041,0.007822823934998752,0.0161741844443927,0.040285327222369736
27331288,0.0009234736466730807,0.005044264694795177,0.002750412122614932,0.001581086032200252,0.002187686295786785,0.8869056378349154,0.060268963326798104,0.011124883760172542,0.029213592286043644
27331368,0.0060326972063595346,0.0034360396929106226,0.0031019318414799153,0.0026139668832658573,0.0035806850075914163,0.8761450119258898,0.03102056843084255,0.02050718308881208,0.05356191592284828
27331597,0.004468451617408096,0.013439297594553623,0.024255947837200045,0.013115319442910528,0.008949273727400208,0.06545007598676082,0.009649970969829435,0.04098811468820836,0.8196835481357289
27331897,0.0015529695163426418,0.006255747838725154,0.0034426017997491428,0.002761865919976527,0.004454503098074145,0.894270728132561,0.024956701559229293,0.013552000982145767,0.04875288115319634
27331898,0.000937234507269251,0.00827702929756162,0.006049691552753075,0.0017146626044708799,0.002532768927835002,0.8991713549654072,0.04285239790159067,0.01652242430279315,0.021942435940319208
27331924,0.0032266728325085047,0.053048037044837994,0.004046855917498991,0.029311085891810647,0.4051560013897635,0.01272176658593137,0.0028783216354095766,0.4828812349766669,0.006730023725572518
27331936,0.0019842630446299013,0.003791439080374012,0.0047229982398291235,0.0013637880468796166,0.00256566505364081,0.8533919026571049,0.08235247411039837,0.00947747547389819,0.04034999429324507
27332145,0.0007773269943048468,0.0051560631139401505,0.001491135689887947,0.0011746341215445246,0.002085888053772786,0.9125740320932776,0.054811660529291276,0.008951125031702126,0.0129781343722787
27332389,0.0020743101110842024,0.006129159176888369,0.0028925608720223542,0.0018671366231333222,0.004650691236521211,0.5994755079773417,0.35283541946845975,0.015650921979503234,0.014424292555046007
27332497,0.00292514881888533,0.010087534594073988,0.01212809372164795,0.004884705773521513,0.0072325661020250466,0.7195717151005134,0.022835210418440898,0.051661252210866815,0.16867377326002508
27332504,0.0010470051355705565,0.008373134831868486,0.002938451113975915,0.002967330734308324,0.004177102261664314,0.9189914129768075,0.013056843739029697,0.01725678830231339,0.031191930904461807
27332769,0.004961079115027021,0.01519962813823879,0.02865092750795908,0.01595111606101811,0.023337959857024512,0.29918606182528806,0.014514915822302353,0.5649086339941538,0.03328967767898824
27332988,0.005166156478604434,0.010516646963351245,0.008726620167494809,0.007577109786447422,0.013118710900645533,0.37575931973652393,0.013182238026733127,0.49362352058750303,0.07232967735269645
27333044,0.0019634457275459266,0.026214072398806153,0.010156994449891354,0.004355194657127898,0.013286444334727534,0.7297916566520228,0.026644739285850233,0.17186033654272226,0.015727115951305836
27333961,0.00073550075505006,0.006564433569951362,0.0018470618596832789,0.0012872191003666749,0.0021050757463109385,0.9445397701454508,0.025645262050286225,0.008808945462579026,0.008466731310321798
27334642,0.0008858602114367644,0.0032865377658543096,0.004060345333781527,0.000883529407088736,0.0009863716295907894,0.8355202609264325,0.12276445749842305,0.003949497376809412,0.027663139850583062
27335022,0.006073608524208011,0.19727999109177993,0.03198122175858391,0.475016241692672,0.1754907067548967,0.029613832824944758,0.005030294650222825,0.04989413767821893,0.0296199650244729
27335499,0.003803520063080752,0.030525139931192494,0.002983154269185441,0.004688431769291822,0.019754819890886947,0.8966561657013414,0.007843475231297406,0.019162506524252765,0.014582786619470994
27335500,0.0035060372054384766,0.027189636411559283,0.004670321599425873,0.003369297634484412,0.014861441429184559,0.904690606478781,0.016199516480124087,0.014459391615307998,0.01105375114569434
27335920,0.0006038617293197357,0.003925889207337676,0.0029805068873025122,0.0008081793578217512,0.0009781774759322819,0.7085170211787033,0.22048487213093104,0.004728214544226633,0.05697327748842507
27335937,0.0011568276967195033,0.0057404013151761924,0.006051568629963089,0.001875399338107362,0.0017537956657295666,0.8767274238990199,0.06160158702048462,0.01112286860633467,0.03397012782846498
27335972,0.0014588140778612538,0.0035160962376851266,0.002983620721386496,0.0014221064622989155,0.0016285821788323911,0.8565122242693455,0.08030023117970687,0.006079269158314969,0.04609905571456844
27335985,0.0013212084493519128,0.003327970783755203,0.004248619905030785,0.0014726328798293335,0.0014082089829249825,0.8656351860482621,0.027246783068497784,0.011675911259926366,0.0836634786224216
27336264,0.0018244575907968162,0.006321652464329543,0.002681829062514701,0.00341364490396749,0.010014272086965299,0.9205729541077363,0.020730624542901907,0.013010156675633974,0.021430408565154054
27336301,0.002968884873592785,0.02755394781845665,0.00796383163818673,0.006950532652354762,0.38392588422198565,0.03199789963221041,0.0034968507144932,0.49538092333630435,0.039761245112415335
27336331,0.004678496514373693,0.009111909056285533,0.01323086580553651,0.006196447067225768,0.3707883679753756,0.0274209968902553,0.0036059677171863913,0.503635670294763,0.061331278678998166
27336345,0.0008964600589255607,0.0026683197612719805,0.00385021963119258,0.0007992956257444169,0.0009069219877871863,0.5977907195541191,0.354032080897315,0.0037494872601810275,0.03530649522346316
27336370,0.0030342619983988826,0.013012987873943964,0.032953175561712615,0.009109798557996943,0.0031322394760726997,0.5479070868417271,0.015446972190101674,0.031197742958788594,0.34420573454125747
27336506,0.003628259015248506,0.005691079956530981,0.006998867048267525,0.001953563629589822,0.0036673838596172218,0.47012429395337274,0.47447218433913774,0.01023778144276633,0.023226586755469156
27336625,0.0011309507812979555,0.010261157068739195,0.007163339224373926,0.003586486428827549,0.003605742725049211,0.8541483368938005,0.05750114954781961,0.02341516972588194,0.03918766760421008
27336709,0.004091187294631057,0.029948411205297926,0.004138185469084451,0.00542934468131445,0.023795788401656272,0.8879136333642064,0.014495256644702845,0.01922838799363282,0.010959804945473675
27336822,0.0045474195048393964,0.015442894118365753,0.007979954038066048,0.0068588112014388415,0.5259147435638445,0.03283843243805399,0.004688016057524026,0.37221197287211233,0.029517756205755134
27336898,0.003126613972266111,0.0026469135793847393,0.0035232845610000305,0.0010557693758696026,0.002101207319629179,0.11564022840899049,0.8483518451916967,0.006481468035905192,0.017072669555257877
27337000,0.003170828882712836,0.052699356686064104,0.007370177761687389,0.0072949916888165045,0.5641292585497231,0.02877408373342881,0.0033577240611947063,0.301521672489271,0.031681906147101556
27337095,0.0036583161410778313,0.05697752369790821,0.013456245846596313,0.00805461296720386,0.025234762387247024,0.8247064650122307,0.014635800904436256,0.020848664107073152,0.03242760893622663
27337441,0.007684003754288451,0.024700849544979725,0.0068234733287688,0.0045803003241428625,0.026045784784175283,0.8431730836572193,0.015702862223300383,0.0318508244466502,0.03943881793647485
27338015,0.3097972900749722,0.009672138885965582,0.008767710534919568,0.005973221448149209,0.009667605765995886,0.566704378275945,0.009338452018777152,0.04077707528036946,0.03930212771490596
27338261,0.0010301886871333502,0.004100705790641348,0.0019049057398719182,0.00237848198491016,0.001973590023407156,0.9237906228803776,0.030050759611478933,0.005822597661179943,0.028948147620999495
27338374,0.00202838434707507,0.0009243780139309338,0.0014802486717351729,0.0006232448462827708,0.0006357069270356211,0.006840752422282295,0.9687422901052063,0.001929678771298976,0.016795315895152922
27338487,0.004099970178055629,0.026194925833131034,0.004287731684662162,0.004375950406866802,0.018722731087363862,0.8925590673738981,0.025038696283059183,0.015343628406805176,0.00937729874615814
27338573,0.0037660582019117678,0.003035957154696561,0.0032797044614805205,0.0024452491209746925,0.0026640798073775565,0.8968851785581109,0.027754285854819677,0.017898347614818684,0.042271139225809724
27338627,0.0029205026704058196,0.003469872171761434,0.002289515704411804,0.002611055431197155,0.0029866897971013197,0.9010396934917764,0.04359537297288515,0.01365776959803166,0.027429528162429433
27338828,0.004091658478870654,0.0017825455608747821,0.003537730239894687,0.0010994929285387315,0.0012366708798001187,0.011630486288427815,0.7739671855838695,0.004569145207319405,0.19808508483240433
27338955,0.0006516133190958638,0.0038772965980772233,0.003224160170352632,0.0008818527061587686,0.001036189153901311,0.8877892618336563,0.08093018755321561,0.0033627511577689136,0.018246687507773557
27339257,0.002614978922307543,0.0010165939494126387,0.0015434992174808305,0.0006294313978481951,0.0007399158847995607,0.009098698534475813,0.9544199435371579,0.0024370145044946777,0.02749992405202296
27339480,0.0009766529649601547,0.003098084081297862,0.002889025293472758,0.0008877926501647243,0.0013578318227157845,0.6256576839327112,0.345141055012575,0.007703792242669928,0.012288081999432642
27339989,0.0019431525551801567,0.0021854662443719776,0.0017729709959922418,0.0011116434669270773,0.0011951945490665597,0.08708947488294116,0.8767005432400224,0.0035339974460961627,0.024467556619402215
27340997,0.0012256355369036846,0.006625425016360128,0.00300192069668336,0.0013105309241213618,0.002314634344030934,0.8556098134114534,0.11282379716551365,0.007867906541662221,0.009220336363271351
27341248,0.0011885566233597327,0.005250800176021253,0.007798679348747582,0.0017189442369448039,0.0013975975110150436,0.34613126414382483,0.22392058063186338,0.004849759056880173,0.4077438182713432
27341296,0.004695787260878528,0.029519266830184816,0.00399797838769661,0.005935694622798434,0.034379124589375705,0.8697870892471111,0.015885909125654553,0.021927169445072642,0.013871980491227676
27341878,0.004073775634266512,0.05159686009927294,0.006110672575083435,0.0824954232077637,0.11915944287490238,0.1179813919141665,0.004209150149197071,0.598831135095706,0.015542148449641495
27342302,0.0005328672403990631,0.004473462447027203,0.0018067043058575176,0.0008523406486249704,0.0011194365999453275,0.8233715232127712,0.14785604672630337,0.005323384053340016,0.014664234765731397
27342483,0.0007223299501812471,0.004401689683804424,0.00294276123560434,0.0009242440535683154,0.001173479939219752,0.7437406999966749,0.2122883905843713,0.0043020663536423,0.029504338202933234
27342678,0.0010035938417333216,0.005081570539110273,0.0046795136230360175,0.0011127232912422399,0.0011420490979364253,0.8546393592204848,0.06928777363803519,0.006968281803370064,0.05608513494505156
27342880,0.0009108836009806904,0.004800168546964346,0.0017909188767318393,0.0012997194848402393,0.002290503326990152,0.9102142341315828,0.060521770861714064,0.008107623231849628,0.010064177938346196
27342921,0.0015750165162727872,0.0027230017988872425,0.0036335684354409244,0.001242002897037245,0.0010720970592778543,0.03600283799837092,0.21700311651954451,0.004969920501199755,0.7317784382739687
27343006,0.0010157545054464662,0.007461553972247743,0.002971218515062561,0.001674884771916379,0.003116045663714722,0.9186041656242175,0.04255235108974422,0.012705249411899558,0.009898776445750946
27343023,0.002189379904809753,0.005742980033362206,0.010410508605183333,0.004067244477916451,0.001673185726889178,0.46056031407046394,0.1506589673949135,0.010593884103958921,0.35410353568250275
27343037,0.0008535158721801526,0.006005364700786049,0.0027204167202891536,0.0013056983012207431,0.0022213205326860374,0.939530630023684,0.03031680081582502,0.007986663675815582,0.009059589357513272
27343163,0.0008194085147419837,0.004653315318919465,0.004581008217808727,0.0010112664631818633,0.0011646935149471139,0.8968331017328883,0.06422743690980429,0.005958748970146701,0.02075102035756153
27343271,0.0010174630278662927,0.02972484987446232,0.009050343100380139,0.004546147802874592,0.002894060902718357,0.8750006414312186,0.020058521406336176,0.013548466490778675,0.04415950596336495
27343273,0.00104144880313522,0.006301002852846572,0.003632639229056837,0.0023206036088697928,0.0021792203227651574,0.8944461855923052,0.028058374410284557,0.00787568372880066,0.05414484145193597
27343350,0.004548197367021108,0.048645437446220956,0.006867028471856414,0.01459282332129631,0.03217880393080038,0.814842897382117,0.005574304121131348,0.025153739644608823,0.047596768314947545
27343416,0.003973648307105784,0.029306998854830915,0.006353054700084772,0.003235564456155363,0.010583943454367757,0.9043367980428212,0.017288774378354,0.013542830025796794,0.011378387780483504
27343473,0.0017142236575857137,0.00101863854179459,0.0016213508049898167,0.0006690276669674755,0.000662710911370906,0.008606237570083601,0.9560710086016828,0.002043198092949107,0.027593604152575953
27343813,0.0013382736125041614,0.016222871748724752,0.007449580922788738,0.004265787548177212,0.0030921758643425537,0.6645491660685892,0.018118272888943132,0.011165387821493662,0.2737984835244366
27344088,0.0011533315054347412,0.016238224053394913,0.00896491684273453,0.002318257087262186,0.004880485996071674,0.9023633816837471,0.02834587880185703,0.016274993544501314,0.01946053048499657
27344466,0.0005933390032821057,0.003721092138736986,0.0016335085234886462,0.0008447306910315113,0.001442074238555943,0.9454990523016988,0.0355398547292879,0.0048360026880560816,0.005890345685861816
27344470,0.0024598023813131122,0.0061050786995546745,0.006245021113673071,0.002128308126128427,0.005147143735215602,0.5117609291408816,0.3883501948676397,0.0582161134085714,0.019587408527022444
27344606,0.0007112624516466005,0.012113365620946817,0.003746982269874871,0.0015279381171095538,0.002997150893543237,0.9311051865255616,0.025038746104134542,0.012178593720571663,0.010580774296611143
27344607,0.0023806329115811653,0.004091971958822172,0.004446282569079344,0.002106998114130422,0.007104559879277097,0.8787274139420813,0.035206974944891514,0.011394683372063119,0.054540482308073734
27344727,0.00040342301257224384,0.003552376402668165,0.001123504677220151,0.0008398799856897263,0.001017411172241082,0.9645536108018522,0.013725039914003104,0.004295687851630903,0.010489066182122364
27344831,0.0006738506690411763,0.011325589711916733,0.002318396828600911,0.0013242745781012967,0.002442898096188754,0.943639638713105,0.020457645727783497,0.009573633957065494,0.008244071718197089
27344892,0.005419076442676487,0.047886813354169326,0.02626828731667043,0.015522405285897148,0.13602712502732872,0.3061279611465539,0.00854576693619034,0.2718207305661685,0.18238183392434515
27344953,0.001221520868578283,0.020343629715407263,0.0037600614413232144,0.002428735608351801,0.005545749332396945,0.7934398463834641,0.03350486860012403,0.10455134402623921,0.035204244024115094
27345000,0.0031642621775290086,0.003446985396013984,0.004623620759483904,0.0025504207132707743,0.006159757745578434,0.8441352769617003,0.010748726726141421,0.031281210239450664,0.0938897392808315
27345126,0.010420029668414228,0.004888456384415921,0.009429773855622043,0.003736948945314036,0.025425300903098486,0.7763245746634886,0.005901190814424744,0.04663161561419241,0.11724210915102959
27345197,0.0038942230713706937,0.003846195434626084,0.003484571503466307,0.004255455296643195,0.014414458050451615,0.893032438232465,0.006146043697958118,0.026366097864853288,0.04456051684816572
27345260,0.0032471190618612133,0.0035702694535830943,0.002563810024523774,0.004256925779259591,0.008852424679046093,0.9129744096020156,0.010649150004885867,0.018334212746655015,0.035551678648169806
27345358,0.0025138872739012444,0.062434378575494866,0.0045654488888399875,0.010310522817489315,0.058247406599238646,0.8232551771343944,0.007872988303101383,0.020120914102653393,0.01067927630488675
27345381,0.0007151567250265186,0.009315285954392677,0.007388661654284995,0.0017804242943421343,0.0023950211950946,0.7588958851435131,0.03219109069600329,0.010812947776455405,0.17650552656088728
27345424,0.0030874954258889344,0.06429939023259755,0.00723810422842396,0.006540373378594398,0.08983852076506255,0.7468573209072635,0.0096456759538339,0.06122246279588735,0.01127065631244777
27345483,0.00420734424960087,0.0028001672642458298,0.0029745054119339103,0.0035408572155385004,0.00895783426345673,0.8590129933079202,0.007131093408766204,0.05035158274946914,0.06102362212906845
27345484,0.0010199723074115611,0.015862201726165596,0.010884110504079053,0.0025965087214432727,0.0029885891899896666,0.8575167359629876,0.038782154348871244,0.009528559588855817,0.06082116765019607
27345491,0.004049861269780388,0.06015882107176605,0.004815177842429161,0.005697864494420164,0.2719080100211918,0.5145017896412827,0.01148556095384087,0.11588152727892143,0.011501387426367343
27345640,0.0027386561409381304,0.004772940900884057,0.0028597244571073412,0.004403314228723628,0.011164954597921436,0.9110311823403143,0.01207043332469593,0.021709860931200683,0.02924893307821448
27345805,0.002528853617283119,0.017947976121565394,0.02929854337546618,0.007168455738919278,0.007826438101284626,0.8383880721550314,0.024096742911939313,0.031495887186653124,0.04124903079185752
27345892,0.001844331504586246,0.020251616959514333,0.017417742621277994,0.004178385245261088,0.007292782928412871,0.8580561655757108,0.025695456970138367,0.028713036089688553,0.03655048210540967
27345998,0.0006844118178365076,0.0036747086920202224,0.002132199395494849,0.0006825457851742712,0.0009438962649177385,0.8792070538254491,0.09389113813879273,0.005057952499383019,0.013726093580931716
27346019,0.001354597560245591,0.0037421621284529517,0.005631981068566663,0.001268046731602729,0.0016580877624552274,0.8671716245184162,0.08017888721445197,0.006303951569317004,0.0326906614464916
27346052,0.000658342552559815,0.010630837763026523,0.0017132364636456955,0.0012411598123263235,0.0027600793078373224,0.9517254977593813,0.01385071342037913,0.009302070200379847,0.008118062720463995
27346053,0.0030458268138541513,0.05358362192369619,0.006384012734257557,0.004849263563755505,0.03243607662408021,0.8476737482003143,0.013423868282714767,0.02635285296566953,0.012250728891657809
27346187,0.0066717660465772195,0.0639540625291928,0.008676197969941415,0.0043546307677410296,0.041584369640442764,0.7412196231626402,0.06811469694783437,0.04352529446901726,0.021899358466613058
27346254,0.0006102420217877294,0.003252694353164147,0.0014636840933756428,0.000728515181923328,0.001104921735468171,0.9373023453502473,0.04156696618827147,0.00476362271463193,0.009207008361130312
27346306,0.0014336599887610948,0.0030702987768161482,0.0035033625713668894,0.000922381682420689,0.0020715736586055648,0.3406203550838161,0.633690669001013,0.0046723945006947945,0.010015304736505744
27346333,0.0008818029042242781,0.003589327272463821,0.0016462264117766867,0.0021437624705921434,0.0022808900976407365,0.9427113216547043,0.019877690960250022,0.009769433563994753,0.017099544664353216
27346722,0.0004154314312381337,0.004114666074713227,0.0015608820625480138,0.000826584551072476,0.0010882270355434724,0.9514410194591568,0.027874488748696507,0.0036455686947080954,0.009033131942323249
27346845,0.0006302480128001092,0.003775592905472865,0.002533417639997268,0.000674591700059206,0.0009782975714416726,0.8987690748642806,0.0745900622983693,0.004499673404525677,0.013549041603053416
27346846,0.002623466184882435,0.0034635156506715686,0.00442889256640404,0.001345192186888566,0.0026413881142322857,0.2503307207995267,0.7147535713432434,0.0074238779160004376,0.0129893752381508
27346966,0.02913113314011509,0.008341281318385742,0.00750641537083384,0.008620811490554443,0.008940224648041674,0.015446192225422371,0.0026078748990088687,0.018491222139559366,0.9009148447680785
27346970,0.0006034162701530302,0.0032618020401988437,0.0029044932459055717,0.0008705360580836613,0.0009010959942696009,0.8926973507301836,0.0693069351208137,0.0035665841906259376,0.025887786349766025
27347343,0.002390873362372869,0.13398891377805042,0.16721397453651066,0.0736010624534125,0.009243412691401984,0.057768043575942146,0.02199662009176799,0.3135499085067657,0.2202471910037757
27347412,0.003248068745400368,0.0031909445223435046,0.0033499347686334053,0.001728969660524205,0.0023062457025161036,0.08015438097759106,0.8833453402999416,0.006693279849278493,0.01598283547377122
27347654,0.0006469924905083799,0.007008991297084505,0.004751535119322133,0.00117433493026718,0.0013290120046134432,0.859432901831629,0.08349939901441092,0.0056516874983839425,0.03650514581378038
27347921,0.0016619117923256804,0.004242547890496241,0.007099297307838762,0.0015974969662155478,0.0013298184181809447,0.19442983633847694,0.15416542998668892,0.0049489154753056906,0.6305247458244713
27347964,0.0016075892188872727,0.004206142560553543,0.005764225460747947,0.0017109811216477065,0.0016802922133108147,0.8321156514150525,0.06951003931024557,0.006418356566552936,0.07698672213300173
27347976,0.0015810681647007482,0.0032950717056656974,0.005512057468640412,0.0018225316712523166,0.00159041704891947,0.8094343863011914,0.04264278525716648,0.007405338092876478,0.1267163442895871
27348006,0.001520382536294834,0.0028296780172047476,0.0032556028536594108,0.002162773839418772,0.002140145941919313,0.8371126873027648,0.06482516187229125,0.0071627101988733744,0.07899085743757352
27348356,0.00296342606257657,0.021144745230213084,0.014462265992762584,0.0057756619060333365,0.011757094081645032,0.7669794459443469,0.04221873314949629,0.08200195357538942,0.0526966740575368
27348373,0.0010039127174604004,0.0053164819244731504,0.002540243250612299,0.0031768069609173157,0.0018312188792724681,0.9208935213347087,0.018766392102559357,0.006664917896437887,0.03980650493355844
27348398,0.0016426938611889693,0.002721639135423936,0.00398329990129824,0.0016269145144702196,0.0014610528082227756,0.8226706284783689,0.06290061255977533,0.009053957451141353,0.09393920129011023
27348459,0.0021159902511920224,0.005162148102310165,0.0035015457744562535,0.004083373632602011,0.002958380325739988,0.8746748947542714,0.03698554383315647,0.013239956323189918,0.05727816700308178
27348597,0.0012948740992418568,0.01760484902751224,0.010958881111994601,0.0026557577352507885,0.0057145758452341365,0.8842066664814368,0.03188638500281957,0.024822295317919654,0.020855715378590496
27348656,0.0008698798480664296,0.005181135238700666,0.0028028231242574553,0.0023776297603345753,0.001686391413117004,0.9107435748295156,0.024578884548233485,0.007447671479515254,0.04431200975825946
27348664,0.0007440375166190816,0.0034563812149769877,0.0023611682482356485,0.0010085920799180218,0.0012961502323873529,0.8496020443315873,0.1127807640957195,0.005845851723582133,0.02290501055697408
27348803,0.0006145095263638634,0.0039588395594981505,0.002867431329519325,0.0008392402172117995,0.0009234823833121902,0.8854878108719135,0.08385663717996326,0.0036565698480523425,0.017795479084165566
27349041,0.00113488808682862,0.010945676305843182,0.004132646412376905,0.0016380246298759202,0.003099099242502005,0.8928489330614051,0.05009097940353731,0.019153769084271195,0.016955983773359738
27349119,0.0007207957138265572,0.006680526450102449,0.0026803662922414303,0.0010424750794420653,0.0014131067938758706,0.8797055074331194,0.08920692702124582,0.003957412262185603,0.014592882953960834
27349303,0.0006607319092115103,0.00562255386225238,0.0023036361183039434,0.0014444040344498105,0.0013187149975464256,0.905221837078174,0.06093399987532414,0.004351462062227417,0.018142660062510335
27349693,0.001516915614483031,0.007899434077431048,0.0120959491780705,0.002727988508158071,0.00197529358000201,0.7810224085460722,0.07207736599960102,0.008271701290191202,0.11241294320599099
27349793,0.0009200225458879306,0.006252801340205336,0.007105204684841067,0.0017600733123832423,0.001566337474209398,0.33026019873317275,0.08159670972247897,0.003909019700890629,0.5666296324859307
27350040,0.0006610017818304291,0.010793453783394726,0.002352624580792678,0.002391547130659509,0.002413172078123916,0.932192951448193,0.012134009518356177,0.008118806713575314,0.02894243296507418
27350057,0.0007902467441375713,0.008276924020629446,0.003504799741117749,0.0021788891285859347,0.0019147625406778842,0.9385885279634255,0.021725539527477515,0.0066876037009692855,0.016332706632979102
27350203,0.0015002267858562318,0.0018840684480406985,0.0032844592278653607,0.0010032228857517987,0.0010240929276397563,0.6787631409994267,0.2237335329861798,0.003866877779627354,0.08494037795961236
27350557,0.0005195519503628841,0.007066228769283448,0.0016219338070146447,0.0010874866556453205,0.0017243061211605097,0.939624839441644,0.03250345050342452,0.00380281871528735,0.01204938403617723
27350594,0.001512927225274868,0.034824310688625904,0.012708160589742007,0.004777803905074563,0.011277104328960034,0.6785027448650705,0.08098744305423075,0.15444726493781202,0.02096224040520936
27350743,0.03103257283353638,0.009505462523759691,0.010589848198033628,0.009947998603107881,0.2631702198462669,0.03443742889172913,0.0032251491963956546,0.5724905015073282,0.06560081839984261
27350755,0.0006873931027684524,0.0040795991456574,0.0014544047860331017,0.0011504614979893008,0.0018034504275435737,0.9241017593538683,0.05200228110073348,0.006270442659585596,0.008450207925820881
27350758,0.03493567034963211,0.009343432681955128,0.008823273077005863,0.012900669376548702,0.23151578749561183,0.056420515294068885,0.0037962393755125966,0.5959208909681999,0.046343521381465094
27350768,0.018356992959667442,0.007145910639814229,0.00945895468131766,0.00842705378672793,0.12871616874560718,0.05166146786256873,0.0032053370079843835,0.5508595668519838,0.22216854746432874
27350787,0.09898737440372071,0.011029953842697927,0.01152225251444971,0.02022856366557796,0.08718217979889249,0.04383825306425571,0.003532204742553608,0.6450001500723718,0.07867906789548015
27350810,0.030962267141456373,0.01018748273638152,0.019862182583687778,0.012263233336526454,0.050187910312923245,0.17937791933209285,0.00388584282164964,0.5741131613268782,0.119160000408404
27350838,0.008588296766023965,0.013534129714860343,0.010459659153545057,0.00851849701088452,0.06295141294635914,0.4411449471155716,0.003697545326190736,0.24606083020079547,0.20504468176576912
27350847,0.009272808100311777,0.019681979156060486,0.010332672348576283,0.010578451072422775,0.19877951697379828,0.0781030370917395,0.003445920046426981,0.4871863364593793,0.1826192787512847
27350855,0.0037874049434010785,0.04938173955909855,0.010026194816553475,0.005873030872396567,0.020178050995070126,0.8642073712341664,0.011374037102724239,0.01831756411047951,0.01685460636611008
27350865,0.0007128962893643883,0.004405983121466338,0.0026507787460538675,0.0008634085366775764,0.0012628056673356083,0.8972550802773362,0.076235371484404,0.003911529926410798,0.012702145950951304
27350872,0.012440264389810085,0.006822868104085798,0.01349408695003694,0.008910758220376855,0.04545260074174692,0.1900808648789432,0.0034032014461274135,0.5783430724518679,0.14105228281700494
27350878,0.0008173069826704526,0.006014247531646308,0.004674427216907637,0.001121656949955296,0.0015738384922788292,0.8392685189793734,0.11675625208799177,0.008709000894090633,0.021064750865085666
27350891,0.005866283806532068,0.03526135094520727,0.02948107643026033,0.03019949669109831,0.09791797297209068,0.24484852538333945,0.005186953226759952,0.3571381942812854,0.19410014626342648
27350928,0.03637131060420734,0.012940485039957726,0.00953312807901169,0.013383234415347974,0.06114135483841049,0.06972384964055817,0.003556329290779793,0.7311956185518507,0.06215468953987602
27350986,0.005278908769157608,0.008325762409565379,0.019630967211709423,0.014526986917401449,0.04863446782415259,0.100372173059485,0.003615573475074918,0.5063602511668422,0.2932549091666114
27350987,0.01274275624216565,0.018233612171541,0.013742462214912383,0.014394102681768987,0.16091384723895036,0.11471740013652201,0.0036921850774720762,0.567462539696269,0.09410109454039847
27350993,0.09505957118630487,0.009445952747589088,0.010916525523502049,0.012406206785370954,0.08571449647063054,0.08494296929767389,0.003010727640376061,0.4922671410136178,0.20623640933493484
27350996,0.031090618313922826,0.015738882602984727,0.011240823536933717,0.02338376769116821,0.08793256287129039,0.09389992890201657,0.003957335369188961,0.6352730548179466,0.09748302589454796
27351001,0.0007182311206622047,0.0028622757776813256,0.002027182159999667,0.0006259311359572363,0.000920710917766774,0.8819742207999811,0.09259556795071422,0.00348188721467107,0.014793992922566427
27351003,0.012811346198109305,0.02514380646765091,0.008870027980603731,0.01335758662785411,0.1436264009349471,0.05606269784378638,0.003339030305007203,0.6610655323868272,0.07572357125521408
27351032,0.030019984923357917,0.0033769436822176442,0.005873231861916032,0.00502309501282123,0.023921185171174367,0.165952510817175,0.002896439448827777,0.5606745863538034,0.2022620227287067
27351086,0.0009411430097707796,0.00435856263823646,0.0020515305430991097,0.0013426466162303854,0.0023923875995945656,0.9402499807113136,0.028967659092439237,0.008957278481360553,0.010738811307955369
27351124,0.025317497272357565,0.012332508331629471,0.005968502660980888,0.011693607683009638,0.08660640049169302,0.05980492818304024,0.0041007676534651994,0.7417779286031713,0.05239785912065268
27351169,0.01469727566772764,0.009072891510921792,0.005613968867953337,0.011571451205277892,0.05653636995624802,0.050335133041440605,0.004430698164033061,0.8023529617439187,0.045389249842479135
27351230,0.0032207562835977906,0.01991754241513068,0.007651216043679229,0.01941373439785303,0.21018398112315806,0.06810415659758093,0.004704217495213025,0.6095200474471398,0.05728434819664731
27351231,0.002112776351551403,0.00386343766842397,0.002991857510635811,0.0017059584808208873,0.002702533720769366,0.9038337868828823,0.0458557704378073,0.012478103334623134,0.024455775612485863
27351249,0.00078497267058612,0.005102912763214777,0.006821411825700866,0.0014879477876830049,0.0013005930641724775,0.8803133618895662,0.05481745860609362,0.004250355359917389,0.04512098603306546
27351764,0.0022465656380940475,0.003820616813640893,0.0026174642608081996,0.001946506656336394,0.003221277252116386,0.5867561974377233,0.36281219815736737,0.0123062591835799,0.02427291460033358
27351811,0.003244976177019054,0.09803765611771206,0.00942034397015527,0.016471136103294707,0.2420582282015262,0.11679500940078721,0.006615230574036941,0.2715282295259429,0.23582918992952567
27351828,0.0049108598638218405,0.02283235974710862,0.00437130468254924,0.004621113009798426,0.020063440399891802,0.8947481181570323,0.020597772655836514,0.017909522208095562,0.009945509275865698
27352074,0.0013210781744350275,0.0063073268490553,0.008203868976682314,0.002984909689004206,0.0012870931376273056,0.168480466903765,0.0340127751832668,0.007350206706944244,0.7700522743792197
27352253,0.004669276852995691,0.0021787195942479555,0.0031387984210367657,0.0011301704226822445,0.0016386230292911885,0.3472451183011648,0.5463783788846386,0.0055582679713345635,0.08806264652260822
27352389,0.0015715789624340002,0.0073650873282449444,0.006020775587894137,0.006079824929179655,0.002478045083987191,0.8519799354296276,0.01594861752910605,0.017206074921837795,0.09135006022768864
27352590,0.0008202921932809706,0.009417675269016077,0.00246153319930359,0.001578394426259164,0.001808026249996637,0.896503481793465,0.03971117430092886,0.004936184566052728,0.04276323800169695
27352645,0.0008471409491124852,0.0050954855461496735,0.0018683454853792214,0.0012223717658335612,0.0015490038732599127,0.8560069958357289,0.11478699884501871,0.003756645982753759,0.0148670117167638
27352657,0.0036780693370474338,0.004878898193792011,0.0030589101966958217,0.00517124064426166,0.011795574658253573,0.8973800699487249,0.009270799119595633,0.03042322673039334,0.034343211171235594
27352709,0.016882578697626802,0.019529554121401935,0.008332787231039942,0.0055874897206037236,0.014001271984138686,0.7375089718841328,0.03417232068937038,0.015488040641225758,0.14849698503046
27352883,0.0008937498092454198,0.002366856676370174,0.001692508129927824,0.0006963149322175154,0.0011697013106298408,0.47287689276102135,0.5068837025570156,0.00470227745882487,0.008717996364747422
27352929,0.0007610248687729236,0.005492124306681156,0.005875909528370267,0.0012988762968461894,0.0011740904828402893,0.7281875843380863,0.10652828779219259,0.00502517668901293,0.14565692569719738
27353024,0.0008098668297213522,0.0054981324791362205,0.0039477381542972305,0.0009501421269688396,0.0013605088112286264,0.7574678674924711,0.18451499504245217,0.0043944780091890135,0.04105627105453544
27353174,0.0008280294161806603,0.004030024245988646,0.0017729161175662012,0.0014691387446482418,0.001346534875174193,0.9090220824116623,0.0587687902317734,0.006545674238554943,0.016216809718451502
27353325,0.0007086345856406239,0.0026182050044305017,0.0013348787411389712,0.000781816107766021,0.0011581480941028266,0.8248116401615292,0.14934257103670906,0.00696858755802794,0.012275518710654795
27353511,0.002052021953517876,0.003709860655157425,0.004237725782445546,0.0021626097019183618,0.0024401304427220673,0.8416302643499034,0.06824192978443003,0.011659992006690758,0.06386546532321448
27353521,0.0005819938773192786,0.003105269316761548,0.0015533678832514723,0.0005785973861085437,0.00084682396437676,0.9207715766760856,0.05990690881928394,0.003631114334827273,0.009024347741985567
27353696,0.0006578108244370403,0.003834705915036792,0.0015547644419643615,0.0013222487714475751,0.0018167504187461875,0.9273742693463164,0.04595633421062287,0.0059776788849328685,0.011505437186495856
27353737,0.001071936737529163,0.0023631938636961974,0.00168597112031708,0.0009313277899303532,0.0010444655722735847,0.8801789101856927,0.06775682883638416,0.007038467045522449,0.03792889884865431
27354125,0.0007905869676877778,0.0035835603006143745,0.0015334757097369906,0.0012570924002224548,0.0017755615632534644,0.8955017714501609,0.07941809664017672,0.006046339030281864,0.010093515937865468
27354711,0.0007379127924352399,0.002668259276543142,0.0012760282664355212,0.0007491317812009105,0.0010617247324617425,0.9102560152415603,0.0665137199352525,0.004383960668076073,0.01235324730603451
27355082,0.006908008590302304,0.014920122615566701,0.013682356344427608,0.01331242151121087,0.13500502099610562,0.04299003010555622,0.004292492212084034,0.6674614847584911,0.10142806286625557
27355166,0.04828826092546811,0.0031022953809308816,0.006124838526131812,0.005052942142272785,0.014250080319748113,0.1594607677524621,0.0032778335138801133,0.2882485960047961,0.4721943854343101
27355185,0.0012073200373689374,0.022516204796402,0.005285318422002501,0.003241926864509614,0.00879062605956538,0.9144456529114574,0.01527721683925809,0.019823298413249656,0.009412435656186338
27355495,0.0010769304549919736,0.01786348292951777,0.00900368469720346,0.0025880495846158195,0.004462169025876062,0.8173362548353684,0.06898353201073734,0.05641080392668516,0.02227509253500391
27355503,0.0010448984983969234,0.016960514229490527,0.0043228580038170775,0.00223302561184357,0.005681153955790157,0.935628866409778,0.0122604158542728,0.013380612844917168,0.00848765459169382
27355642,0.0025940464780776894,0.0369285116447493,0.01906757690311056,0.022635706935037907,0.05662575382917518,0.44910356438163346,0.01241344375965898,0.37832943890668674,0.022301957161870188
27355644,0.0006924058400902778,0.008913838556403429,0.004572556277679916,0.0019440268113097693,0.0019423907518591017,0.9121244527429954,0.04155640500074973,0.00876148815184346,0.01949243586706894
27355774,0.006869512827429017,0.013455819774978953,0.010972268069839647,0.0665388304529966,0.01972062893406543,0.021517357646397502,0.003575049570368257,0.07104083627442523,0.7863096964494993
27355776,0.016755300413489084,0.006698314635900994,0.009336143876936261,0.02614270201711409,0.01191768804441613,0.020418078274780295,0.002773945814232925,0.03386185337502645,0.8720959735481038
27355820,0.006556297793736344,0.042881560106641126,0.01244399534977908,0.048673396097474876,0.030383242095670372,0.0423190833625912,0.005660313585931526,0.3166866138977952,0.4943954977103803
27355950,0.002285468392890289,0.012662719897736048,0.022012045611883163,0.020770412234940826,0.005093595244196082,0.024700510894394345,0.005242425172916405,0.026449085897257946,0.880783736653785
27356033,0.0012018965920313903,0.004627448731109843,0.0022473166317507477,0.0028780770140229995,0.00287842926121615,0.9154734518482452,0.03616591611738843,0.006913796046189396,0.027613667758045753
27357496,0.0012096226168258786,0.01681703751340643,0.01644168858987742,0.006450609126397514,0.003418179502797842,0.8830542160118579,0.02614257632605076,0.012007902012501986,0.03445816830028427
27357719,0.0013158119491884731,0.002792423327936386,0.003893007688313733,0.0011512127262262339,0.0010554967818784957,0.14022957616227114,0.7537621288196308,0.003650854953131746,0.09214948759142294
27358020,0.0015231736296160542,0.021916097995274685,0.0122846106538337,0.0030384294957002357,0.008141659441550719,0.816063893560016,0.029998351335766695,0.027616710060852014,0.07941707382738986
27358802,0.0033983377811580406,0.008904012683176426,0.011576670120328881,0.010803764112204935,0.0195675455727068,0.01805436584376622,0.002593368605607883,0.036990246272050574,0.8881116890090003
27359760,0.0020071708466704204,0.007881467077346502,0.00426036361850073,0.0017972718994424943,0.003327571510589337,0.6907898282441716,0.25453700361614096,0.02107325508687049,0.014326068100267594
27360515,0.0006272165000292148,0.004868165881332837,0.001322543735178829,0.0008564820370627764,0.0011382823848867655,0.9168992370536616,0.06037995015099291,0.0045101982447934025,0.009397924012061618
27360764,0.0005832182369295269,0.00893144237574421,0.002390834071107465,0.0015289385878682333,0.002729482319448216,0.9588650120686661,0.009377609571181814,0.007633101234246623,0.007960361534807689
27361157,0.01913221031066919,0.016071245365889157,0.013334529295983817,0.03932279602810034,0.011729985086674907,0.08152314852834111,0.0038512776368666898,0.04536892060036023,0.7696658871471145
27361357,0.003990575880701473,0.04480061113892182,0.004742161311109091,0.00678096505057648,0.03710504140871472,0.8523338106801608,0.009558619977878973,0.024442471939278572,0.016245742612658112
27361482,0.0026784759533634898,0.009676783149313294,0.010490587724576252,0.004525685022959836,0.006776926469665454,0.8983140512828414,0.03077668286562034,0.020445518108474822,0.016315289423185154
27361590,0.0010809722318703063,0.003471954859149048,0.004413946715156378,0.0017401083282593413,0.0010041931657013658,0.12657388881409137,0.03817883396159232,0.005242220959344659,0.8182938809648352
27361810,0.0007564107653267428,0.007489222967560825,0.0029525520870542035,0.0011049542719023797,0.0013233465258502798,0.8218517078809677,0.11746660397533047,0.0031859539265976294,0.04386924759940972
27361941,0.0007526998486642691,0.007748892675560259,0.00321253093002887,0.0012949394169535844,0.0012821355452991038,0.7694244050958765,0.15617230341146937,0.003413447429540785,0.0566986456466072
27362201,0.0006435023563056644,0.009063877201869812,0.002052529239733535,0.0009353701298924147,0.0012422115484892365,0.8765713761740385,0.08704005648437335,0.0033414930839442505,0.01910958378135319
27362875,0.000900184263359382,0.008125793381530213,0.0020124483465759377,0.0010808822081456117,0.0021977618334744734,0.837764763195745,0.13023507531184594,0.007957395743725214,0.009725695715598209
27362965,0.004889566989810346,0.021686597240056973,0.01719867103557426,0.006422164372416387,0.009111777908637729,0.4741194006275331,0.02328812169027367,0.014633910828463423,0.4286497893072341
27363017,0.0025936985519051047,0.0063751848885858445,0.0032206062892690844,0.003309351465148563,0.011378096834330087,0.9236170651179747,0.017922687106015987,0.013369088972723106,0.01821422077404753
27363023,0.003014045006694686,0.005017640958510101,0.0029758498569509195,0.003777353343932538,0.012669422918328618,0.9191104271319394,0.011310576369552476,0.01742750705305732,0.02469717736103401
27363377,0.0011499768273570802,0.005074879677923209,0.0030953125176733836,0.0009907588251616567,0.0018895719042206934,0.6990474529638488,0.2683344765152303,0.007829933454415008,0.012587637314169791
27363492,0.0024004734506823285,0.03580065276024858,0.004325908190277567,0.0034248437632006614,0.017069771786518195,0.8988543601545304,0.013615026098378388,0.013801732100283657,0.01070723169588027
27363680,0.0008872868405590185,0.004478503779912021,0.0028057610625633815,0.0008544255719481033,0.0014257346496638291,0.7275224578484705,0.23659990134079217,0.005863290841833922,0.019562638064257093
27363791,0.001199022390857894,0.002836815746800088,0.0018074786050173669,0.0008666701451368613,0.0015422237204453788,0.29962140919963065,0.6783662534623325,0.006093578554668748,0.007666548175110467
27363835,0.0031098661175932114,0.062315019231132,0.005913779574362277,0.005580294764048181,0.020610317690425053,0.8695895941694991,0.007408247451001228,0.017456940488073305,0.008015940513865638
27363903,0.0010100184857832763,0.0031090382181638114,0.001623854327770622,0.0007155024218106846,0.0010828276256945153,0.6759527608899418,0.3045887454564424,0.004144315397916985,0.007772937176475795
27363991,0.001414215855775962,0.003467355890255295,0.0042998092830041435,0.0014017510119402094,0.0017618634241642018,0.7346858309469873,0.21706274438753353,0.011308966514934748,0.02459746268540457
27364347,0.0004740962261090098,0.005840900749689449,0.0018648096468416885,0.0011230452013629964,0.001665565957461336,0.9626436053414542,0.012235447433053074,0.0062619677446413505,0.007890561699386863
27364537,0.0007135002616386597,0.004855417972210482,0.0017353169893532883,0.0013127270457089272,0.002328929671688619,0.9488401161118662,0.01916099328046553,0.008326426014083664,0.012726572652984517
27364819,0.001869624914678413,0.0030290100201264894,0.0019132377355450417,0.0018869276131215124,0.002569450895970816,0.9270101730855929,0.038195115084534395,0.007618502085041463,0.015907958565388958
27365033,0.005045295846646054,0.1336380922689648,0.00984915099844092,0.027687394714560526,0.6257467521254078,0.016926781429070236,0.0036316120659632078,0.16007735954148844,0.017397561009458044
27365250,0.004791427118645713,0.004954127334148708,0.0037389552558170745,0.003974658773986586,0.011599628783273003,0.9076112725169783,0.02213831357870562,0.017040019004433443,0.024151597634011555
27365552,0.006555340137866416,0.005913865897240832,0.004163208004128088,0.0045579475254824905,0.02635450862437467,0.8229173344250924,0.004569934943400742,0.08198954889521996,0.04297831154719447
27366111,0.001051521974440018,0.001490039407845227,0.0013413763298925458,0.0005859877566622573,0.0009289948350454162,0.15614149067702604,0.8296477947041537,0.0033650628188126802,0.005447731496122046
27366386,0.001715273244392016,0.004709480284700687,0.005397034860926127,0.0018319102193888675,0.0014978567697665976,0.19289600412138552,0.30271344191721894,0.005508025908578588,0.4837309726736426
27366507,0.001906752892280362,0.004682871650118829,0.004060436613029609,0.0017213263351458447,0.002713600861948491,0.8712993076210334,0.061645269070221435,0.014614782374518704,0.03735565258170326
27366966,0.046698851284622075,0.008723228099140636,0.010830295512337355,0.00565299997372908,0.032764658203468015,0.43195510214922284,0.004579965239768106,0.2883535768648889,0.17044132267282303
27367127,0.0014085859643000165,0.025881409039155534,0.015057448358521368,0.004692227080715691,0.008915596804722134,0.8598178436585797,0.025811731489313997,0.032097552446336886,0.02631760515835481
27367178,0.012891394880882905,0.003646715556428314,0.00554965290556701,0.003756540960911638,0.025691355622394968,0.8192793474863582,0.005421880878455778,0.06205362855886702,0.0617094831501342
27367188,0.006205053331946379,0.03881593148976728,0.016035795409428982,0.0083295217687711,0.01889206070543995,0.8221121131134361,0.009102647004924238,0.03916800929032701,0.04133886788595904
27367228,0.0017913710152375577,0.004907584269034415,0.00270092812031255,0.0024145373068147884,0.007382376620338614,0.9264246587270145,0.014552532227916993,0.012736831921096856,0.027089179792233627
27367284,0.00954013966893969,0.0033447358409388964,0.005199631693703698,0.004189809456034843,0.0183725862488256,0.3698752622900977,0.0030247717821694775,0.46046344253745636,0.1259896204818338
27367352,0.005511946337362542,0.007640667366322136,0.006806732037065332,0.006346671855215986,0.029277045853293295,0.7721422705760401,0.00417393457642463,0.09175297140129747,0.07634775999697856
27367406,0.005937046534963419,0.005589773130860849,0.0038919753677669816,0.004750167366774456,0.01846663606788293,0.8544078955102944,0.008705939854802919,0.06358405598118119,0.03466651018547291
27367412,0.0013994527036478386,0.002174644994700123,0.004097368770413432,0.0011924216769645202,0.0009115035561517713,0.0608116476331613,0.1571463667409353,0.0036590675792013455,0.7686075263448244
27367429,0.004396846120002235,0.0067013906936872645,0.003742863508318564,0.008923391049067286,0.0196795055389685,0.790272076935571,0.006497526651539823,0.10389082951568873,0.05589556998715646
27367566,0.004091085376664815,0.10166868321969164,0.020169150643517385,0.019490997824778644,0.06007474380213131,0.3682260619538136,0.020582670781461983,0.029256613751538735,0.3764399926464019
27367614,0.00598467224625518,0.005629216943214025,0.0048618619559357605,0.006032784867905705,0.03227502255050737,0.3973985820838495,0.0041570995864534,0.4943033398539421,0.04935741991193704
27367674,0.0020292543533819334,0.00527666439006107,0.0025015652002758878,0.0024301039526115945,0.010038619471838857,0.9206302661402588,0.015976978654930626,0.012678479406559775,0.028438068430081696
27367750,0.0016645702749795935,0.007060814478779647,0.0032617242600048043,0.002523017098135052,0.011864229471713754,0.9175713077179863,0.013211789601190805,0.016610116326555468,0.02623243077065461
27368203,0.0030128340847561425,0.02129122655247508,0.00442486691265154,0.0034308305338715313,0.014178039780234306,0.9144803618582313,0.01733994025209413,0.012473897742696293,0.009368002282989755
27368824,0.0025693371644016803,0.005096269876000422,0.0034611448793864393,0.004897931536841943,0.011271569738603066,0.9084387731311616,0.014876706971651272,0.013741590899517228,0.035646675802436266
27368825,0.0024488918142930127,0.004644467827649851,0.0027994974668009713,0.0028915765586700506,0.007168255256435744,0.9219994758745502,0.013159044036269408,0.01381807838940914,0.031070712775921577
27368872,0.0013166011674853183,0.008485831799787973,0.007255307346336552,0.0016111000061150506,0.0025459531703016423,0.8882343492810472,0.05979037702693168,0.0075179834846137465,0.023242496717380937
27368884,0.002045783603443626,0.006210271240196237,0.0032332434493886576,0.0037453214735299247,0.00868426287808149,0.9089920378793024,0.02839053136655797,0.010212228976439152,0.028486319133060527
27369018,0.003512603338405882,0.007068188818276464,0.0066817874997103805,0.007881717915871115,0.01680123817458098,0.8551343847353732,0.007271972157201254,0.021038230141248792,0.07460987721933199
27369072,0.004455186768220588,0.004170083828617758,0.006099537056579511,0.006311635318074682,0.021903192085417453,0.8350582290814611,0.005983591007790055,0.022720085450751354,0.09329845940308741
27369084,0.002699762921447448,0.002751114835584422,0.003996133219134495,0.002874779866130655,0.00745083445801857,0.31175795533767353,0.007301513300656369,0.009381496652554456,0.6517864094088
27369294,0.012054920176271244,0.0042298935740445465,0.006782095805947691,0.012374221065164946,0.023531140852229862,0.5701280975954091,0.0042518567775532284,0.13046631557516672,0.23618145857821277
27369367,0.002047180344500416,0.004351411294810275,0.007525415479727666,0.00296209683840882,0.0024624245380643543,0.21329455176584494,0.027634525253177177,0.009888786625607411,0.7298336078598588
27369384,0.003938927083872156,0.0033985716071624817,0.003928137872273818,0.004877753939682389,0.01338393369813595,0.8452742779822771,0.00743888584842094,0.0214894725654141,0.09627003940276098
27369473,0.004242365477811723,0.0036970156823719668,0.003920945046373327,0.005097548431964421,0.013775239118134578,0.8599173549147977,0.00954043839920065,0.016441812465884033,0.08336728046346166
27369484,0.0018126277861960226,0.009433023865805508,0.0027578794333864955,0.0038171713048278117,0.01109431994877995,0.9155193992312163,0.02102870797839142,0.00891368692572329,0.02562318352567337
27369510,0.010830636122580022,0.014435752455945885,0.007508821443796907,0.007776959814681129,0.010067401299534009,0.8512039766823594,0.009257637814023986,0.023879287567111992,0.0650395267999668
27369542,0.0026328490382234618,0.007116786152180921,0.004068433248075893,0.007331847373432986,0.0031741124586860624,0.8951405823981559,0.019097298819273818,0.012085968983628468,0.049352121528342494
27369740,0.0033492480343082906,0.0061781397394865215,0.0041289178806454005,0.007089686776846287,0.004608944713406982,0.8723543719979117,0.024184919457656273,0.012022239210752203,0.06608353218898624
27369907,0.004176749628031591,0.003731791110342074,0.004024652807876166,0.005535679250712067,0.014724315877342499,0.8598737615738665,0.005369603048004148,0.017363662789570626,0.08519978391425446
27369950,0.0011221464775291005,0.003566404868781894,0.002171667977257989,0.0016211153812589352,0.0015858151244153035,0.9082603536313856,0.03810998171893406,0.007691744799072746,0.035870770021364316
27370005,0.01567367658352299,0.012337310903211577,0.006597329883705015,0.004680771743938465,0.009530611449896653,0.8694518937926238,0.018939944372033123,0.019531187390253352,0.04325727388081498
27370052,0.0009744270891783964,0.0030455192143174162,0.002631949865011483,0.0012354297063997778,0.0012939723175106358,0.8921186092815658,0.05824367789666746,0.007738702281466123,0.03271771234788281
27370070,0.0013253307326917716,0.00425625010180074,0.005221950685956747,0.0020842120476138037,0.00191428867999876,0.8565627126484855,0.0454352908807715,0.009377919749090661,0.0738220444735905
27370308,0.0008682768611327969,0.004865288959879207,0.0024606335514563665,0.002396326411287183,0.0023936268596291706,0.9202162423057227,0.032357852335092786,0.005382197489259157,0.029059555226540558
27370697,0.0011898339410542046,0.005113721652394372,0.0038175318881791126,0.0012181719630031127,0.0013796199066349487,0.5163556586504613,0.37626468864612583,0.005131737119825817,0.08952903623232131
27370787,0.0018023514445756697,0.002092498294019107,0.0022448702412161455,0.0009217941917807334,0.0014264122350003548,0.21537463796272288,0.7505831428158563,0.005265652484471635,0.020288640330357214
27370965,0.002212188619295687,0.0026300476345613977,0.00347011203569195,0.0009313702716272465,0.0015191864115523483,0.2902487093135545,0.6689003600232406,0.006851569952513056,0.023236455737963325
27371182,0.0007031966549844284,0.0029885988164190277,0.0028964102916750473,0.0009464884247824291,0.0009879246736049804,0.8631446564365048,0.06498822699053625,0.003170069679620429,0.060174428031872486
27371273,0.0009956992415013932,0.0049944194327280695,0.002580329981732884,0.0010626585862977137,0.0013565071643446673,0.880629040156985,0.07950769024898185,0.006182501822925317,0.022691153364503207
27371457,0.0006578418541593169,0.004329137186874683,0.004032505647472005,0.0011382245910087898,0.0011377103937864406,0.8400664543771513,0.07633820809068911,0.003255983161387624,0.0690439346974707
27371771,0.002136535904210322,0.005304682036504555,0.0057664783838306645,0.0034562377927509287,0.00785682772084411,0.834610796037115,0.00929243708606123,0.011602208192220336,0.11997379684646277
27371882,0.0013030895262568598,0.009235519071516282,0.004672134918111073,0.0015429045395186597,0.0019617290051745537,0.16700483400017185,0.6250472145472372,0.007801983441739069,0.18143059095027453
27372009,0.0024472139618533046,0.00928245017159057,0.012009434012787661,0.005853136803160588,0.0026379794673436286,0.046352699464258365,0.00838085397196579,0.015979366989594186,0.897056865157446
27372036,0.002635342683370176,0.006150968414289954,0.0033193806265185803,0.005683233875556491,0.012678052967808898,0.8989950859420962,0.009743763372745353,0.011479160996699177,0.049315011120915124
27372357,0.005700207707289921,0.018846996044660086,0.0056284885775013515,0.004716336484546656,0.011996333443673127,0.8751169668995726,0.03175032883334124,0.014393907597727719,0.031850434411687216
27372387,0.003332143085800561,0.006257661347920733,0.0035143016317380656,0.003898894853528543,0.010116977845971063,0.9143497698579031,0.021911191584637193,0.01495284664762486,0.02166621314487581
27372467,0.029992644711687184,0.010266294867190082,0.01164962923334918,0.008566123590142291,0.006854705671731982,0.07115469420259316,0.01355985164260657,0.022072753716672153,0.8258833023640275
27372709,0.022064363955019935,0.01032250308199848,0.01045107601476205,0.008179679818356777,0.007274109989738647,0.48971503892113416,0.01817508965811949,0.02562944693773988,0.40818869162313054
27372849,0.0008631141983906145,0.004296991209498978,0.002264423337177942,0.0009248778941544936,0.0015770156260449212,0.9371970009316952,0.03142763651443303,0.005838548486690986,0.015610391801913915
27372878,0.0018124734109864692,0.00445861391290804,0.007325476333622261,0.0016333396965071123,0.00218903098878306,0.8575003071207746,0.0771448572425691,0.007040966448708342,0.0408949348451409
27372953,0.00332084062077816,0.003757392405200611,0.004307815959433294,0.004540443640216175,0.009737038942924669,0.8204221539024747,0.00656069069200167,0.019186146710624113,0.12816747712634666
27372963,0.000714872059454249,0.0030697137132424312,0.0014864554112143076,0.0008015487422401371,0.0010643253137531145,0.8181366056821195,0.15533191032355576,0.00429106785469145,0.015103500899729084
27373251,0.0006234630110732282,0.0037261772148927904,0.0014614843517822887,0.0006546050580236376,0.00102505333407405,0.9321533339203836,0.047418627739928464,0.0038703824105855485,0.009066872959256353
27373586,0.0022721398169584343,0.005400968495004647,0.0026063408116484164,0.0032912240130460457,0.007993427426404938,0.918282933591697,0.016817472267233288,0.01158399979585969,0.03175149378214748
27374362,0.0006320518622228395,0.005432964542143653,0.0021462137037561455,0.0012026118590407547,0.0014630190549974331,0.9286458003612552,0.03161948174196912,0.004521875158657637,0.02433598171595722
27374805,0.0016598771089533688,0.0033037505765792087,0.005163177275924976,0.0016977690295382829,0.0014525610663898012,0.07254308065629378,0.038451925221108615,0.005154200134280765,0.8705736589309312
27375784,0.0014570576663333345,0.005491667119093392,0.00770725327725762,0.0017384618089603548,0.0024674797610122045,0.25119553532610905,0.6562152657536415,0.010752127154414282,0.06297515213317832
27376400,0.0008691051467948004,0.013629992012608163,0.006232009656298599,0.002985750922705677,0.0028561678381140328,0.7577936404455228,0.026727045878150536,0.006380572185159667,0.18252571591464578
27376981,0.006751842734405185,0.0025073570173170267,0.005296731028710082,0.0030313680392342226,0.002810742984585124,0.6616075501228689,0.02033626581229384,0.014057276907221705,0.2836008653533639
27377219,0.010031345659973545,0.01435905084166946,0.005845138931592858,0.009646291990331159,0.015373768419921644,0.8798594320119109,0.009074535525233116,0.02226638888841978,0.0335440477309476
27377360,0.0010883530554523528,0.0035030836428473827,0.0018001911747624905,0.0020182071425443506,0.002753070622775476,0.930930802678338,0.031716557760858355,0.006742372507819292,0.019447361414602335
27377477,0.008108660012161518,0.010989425617347021,0.0057248428880307565,0.006394783993849679,0.0111355398832547,0.8756124998436474,0.01452943691528099,0.01545195474993152,0.05205285609649642
27377812,0.0015542993643739324,0.00460386665010726,0.005801299619982753,0.0017434059286984551,0.0021359620527040706,0.8341122395577116,0.05596387333906738,0.005567633145235363,0.08851742034211925
27377895,0.0032475075702383155,0.0036216590066526417,0.0028853804280760927,0.0018713525898918634,0.0029443873605412446,0.15150215689037,0.803417092941178,0.01022664987740358,0.02028381333564822
27377938,0.0008310853894225371,0.0037277904116535207,0.0017976922356917684,0.0013128144867011755,0.0017380437323025577,0.778923811070169,0.186775711619779,0.005533715259849189,0.01935933579443136
27377964,0.004681846836219675,0.08389759542446253,0.008905328977861166,0.00928018356587448,0.029677110759939257,0.763430150249,0.013061190628182557,0.012796233752416931,0.07427035980604355
27378135,0.0012638878309236524,0.004141628860373843,0.0024831659294303793,0.00285586696337104,0.002623985795707668,0.8919443173941944,0.039916573000970484,0.007779391658503935,0.04699118256652453
27378200,0.0035042253609362684,0.03953172815586016,0.00588117849930691,0.008098101489280966,0.3673944862793428,0.4888162169642656,0.007881754493499291,0.0645487967920395,0.014343511965468526
27378316,0.0006741157098844532,0.006377245452389851,0.0017882976849141867,0.0014035012877326157,0.002600767197544213,0.9551498535012373,0.012021209145086182,0.008116585778114445,0.011868424243096797
27378420,0.0012145101860491715,0.0076553413350455,0.005717023732554414,0.004298655982543161,0.002263348865607231,0.8575422355350145,0.031452787792658435,0.00802054848495815,0.08183554808556934
27378502,0.0033396986270407265,0.046175759096115765,0.00950597095792409,0.023691374670097923,0.8091647150129402,0.016944015698684277,0.004940935097631699,0.07617382596953012,0.010063704870035235
27378503,0.0007825989211415374,0.004603925170790524,0.0018057527071928179,0.0012767361258994104,0.0015002686506107238,0.920577803145318,0.05049053448172058,0.0038661065903537266,0.015096274206972562
27378642,0.002815376732172155,0.012634311011339095,0.03858111768904693,0.014930492876911108,0.0058665518889380345,0.8344182645721763,0.02104812464801654,0.016709362851918846,0.052996397729480955
27378789,0.005098759049847951,0.01877678500750017,0.007203497647325604,0.008974807434554791,0.015782367349861024,0.8911244133857994,0.009701809074902491,0.017471242454708102,0.02586631859550039
27378854,0.009286127221936667,0.01458653352939984,0.025118555993569217,0.020420360697757847,0.010352838030399337,0.8363359731589168,0.007862007534505664,0.029481579914385776,0.046556023919128844
27378974,0.0010849547167792596,0.004413561231553574,0.003956640407610346,0.0019317867403045575,0.001924632640775888,0.9141097301488978,0.03556785024073832,0.006351430548370288,0.030659413324969922
27379077,0.005832686197106247,0.01987678094434918,0.0073480608007577665,0.0065950272965993985,0.01453901396930483,0.8904658433956607,0.011259332997202273,0.019304478972351484,0.024778775426668093
27379228,0.004427964434515228,0.03678797286476717,0.013713154390575818,0.010645886709521936,0.021176473141080364,0.8602266920600791,0.008067284823479858,0.020239400798040152,0.024715170777940446
27379256,0.004358430926985262,0.08886775636571932,0.01590401325793039,0.02831044034759299,0.6545745724809992,0.025241456508441586,0.005378945780941709,0.1450863219593615,0.03227806237202815
27379305,0.0007677504238812945,0.0091423788674486,0.0024333079039965755,0.0021887183771309862,0.002288321592635256,0.9066386519025176,0.050249285537174615,0.004197874338124238,0.022093711057090713
27379676,0.001159561471677196,0.008804822527817672,0.009361537516653131,0.005241303902474518,0.0029814530589996075,0.7423950238357411,0.018037957124757344,0.01253573285617049,0.19948260770570908
27380172,0.003122784572536112,0.26052099590423655,0.009394835367023251,0.029192447674680825,0.5961390511317394,0.062209065712993936,0.0055446284119629674,0.02171714695692419,0.01215904426790269
27380754,0.0016039057349849363,0.0061688823476877515,0.0034858429968978176,0.0014812450073583433,0.0032363313198444177,0.7677686917223102,0.18594603687325048,0.013121491202514681,0.017187572795151315
27381012,0.0025040050913077293,0.26918029875722266,0.025884231026808067,0.08487268846386843,0.053280463365876156,0.0961585861526799,0.011184899049417411,0.2752423545637443,0.18169247352907533
27381985,0.0013931204297779319,0.005092635275529952,0.0026226938065623375,0.0011354167104281436,0.0018553557411341826,0.7202404530105175,0.25325880715629706,0.006458756169746451,0.007942761700006407
27382085,0.001126196177477188,0.008798222065129856,0.003129214743439022,0.0015799175025329672,0.003432368561052324,0.9195231033190585,0.03692438165859286,0.012946567391973158,0.012540028580744083
27382536,0.0004918104700478582,0.00762662345750779,0.0021991120040951518,0.0012405304856882248,0.0017641189552691564,0.9599122027656586,0.011790152703439135,0.004867353718451596,0.010108095439842502
27382956,0.000702125105566024,0.005555446611061419,0.001392868236854329,0.0008964353981245032,0.002138435612806627,0.9558199031390429,0.019554026728882956,0.005199357078381922,0.008741402089279302
27382957,0.0013353880851736247,0.001863527999683608,0.0020600044170192683,0.0006513282465713091,0.0008658949466136501,0.053878516383308775,0.9239765428047118,0.0032491873678229,0.012119609749095143
27383026,0.0010186272923058454,0.020468329740643786,0.004403901910182792,0.00206619267946599,0.004669905058242871,0.9281677012906062,0.01312375070554434,0.012927370894488746,0.013154220428519329
27383801,0.0027419679706234498,0.04078335046294461,0.005918641712847422,0.006088552516680872,0.031292612975124236,0.8776250872847569,0.010309061052278867,0.015294814790066093,0.009945911234677607
27383815,0.0009190072466896888,0.0031818509533492086,0.006092817679195503,0.001417543150613771,0.0010216464149366703,0.03586743940731523,0.06451964721047931,0.0035337374555277075,0.8834463104818929
27383952,0.0005693129379179933,0.007220019418092147,0.0024684225142967706,0.0012667997202188014,0.0026028564413744324,0.9573983011007492,0.0141130965565299,0.006397544956902913,0.00796364635391789
27384062,0.0009860924292667455,0.009916594117684682,0.00295556465904657,0.002103508866504178,0.004524796704598649,0.9279766084164862,0.02606876649806796,0.012196391088599443,0.013271677219745611
27384064,0.001495098935124236,0.0071622608546733245,0.009598810220059057,0.007618453087396771,0.002055797779021356,0.018715166343705337,0.0044436772570681,0.012881724691479548,0.9360290108314722
27384208,0.0005655153044733958,0.005331678139721417,0.0017683593333272522,0.000979217625247527,0.00184481634010881,0.9590566656736168,0.01485262557932578,0.006347578377206529,0.009253543626972612
27385310,0.002979486535445487,0.06889897324740223,0.006769232182110552,0.02809813032539356,0.83601108402113,0.01735711622372857,0.0031459673304464917,0.0288583319213096,0.007881678213033476
27385431,0.0028887259428214537,0.0041934396214572045,0.004949239102359,0.001592414906783466,0.0033747254443379816,0.30406327007719214,0.6431289822193583,0.011075107068907053,0.02473409561678332
27386834,0.0007394528874200797,0.0056844330566263685,0.002377913556490041,0.0017590995759833748,0.001809636724493326,0.901656508340829,0.05198057273422152,0.0036630305506884825,0.030329352573247835
27386871,0.0010894148739333388,0.004843019227671822,0.007940293466900396,0.0017682081265194681,0.0017402257988541946,0.8193893341861609,0.07783737366853569,0.0043005586810992485,0.08109157197032504
27386953,0.03126454385028172,0.006889458565286591,0.010831572586900854,0.009530018299368209,0.009755053414417873,0.5953245907544578,0.02594774589828579,0.01529516211698474,0.2951618545140165
27387156,0.0014411438742097755,0.004849853969459309,0.00636235114535897,0.002698192584151149,0.0019231765131581678,0.8407960860094722,0.022719787848262864,0.007113423829466055,0.11209598422646151
27387223,0.0008299420210598216,0.0068773892008268675,0.0031062124378129067,0.0020707968120778353,0.002026571259606235,0.8793464756054745,0.06269606745557794,0.00429508784163966,0.03875145736592419
27387235,0.0007554644419201722,0.004706213696953856,0.0022881771865819202,0.0017163843798440723,0.0019780068442500597,0.9403942169909585,0.02013628830094915,0.005188977947117561,0.022836270211424765
27387356,0.000844175826538091,0.005683858743961567,0.0023790461502761263,0.0025936115972146285,0.002394888003749147,0.9239543443882892,0.029042819095311333,0.004858988979804787,0.028248267214855113
27387432,0.0009390378697631353,0.004410218676522352,0.0023455155347990027,0.002065475919611142,0.002366954229346195,0.932900930730012,0.022994756925806097,0.006559420133997549,0.025417689980142363
27387490,0.0010475457800301592,0.004110234053890453,0.00245700670644045,0.0024983806595338352,0.0021426068487594295,0.9345131432320857,0.015194667132574342,0.008507081946030648,0.029529333640654975
27387609,0.0030120276516384385,0.017658933575245863,0.004782274991462949,0.004993541844674393,0.0141341056796429,0.9084339026036667,0.014442402410222259,0.009920998390048116,0.022621812853398333
27387894,0.004013105753189198,0.0020835426442219127,0.004584960978415166,0.001975324038305439,0.0015954986255340721,0.02015749961352342,0.08777141002981238,0.005231026125393074,0.8725876321916053
27388061,0.0033522236569178,0.023629869238548772,0.00441995936268423,0.009939284856988743,0.031659685314216646,0.8853301175912536,0.009608726611072841,0.015388252317693276,0.01667188105062411
27388363,0.0016110719940843807,0.007766986519852049,0.01213930623314503,0.00285638768486934,0.0031724538285569977,0.8780200720312801,0.026911758666613952,0.011750489588185484,0.05577147345341269
27388419,0.0007725587530488501,0.00345187043566342,0.0020020214556682103,0.001068446258265838,0.0017575526776873475,0.956733848394574,0.019966725088650498,0.005020100242733192,0.009226876693708622
27388672,0.0018842972154365747,0.004070935525577607,0.003184073941832739,0.0013836372884490516,0.0022317287698312032,0.814030346445652,0.12843344617285676,0.009853614662530506,0.034927919977833524
27388700,0.0011141133777709943,0.005746345034325536,0.004290346210478343,0.0015431350656549049,0.0018265539906595545,0.9049342034799839,0.0381574219410015,0.010714634939522273,0.03167324596060296
27388816,0.0009224976611705827,0.00889117806612887,0.004341814745052571,0.0014492734715526717,0.0029037141660348304,0.9194925151223916,0.018125850912452307,0.011960664918399611,0.03191249093681699
27388912,0.0009833361079980766,0.0041221045382504205,0.003820831180280839,0.0011324404537110004,0.0016102822535439178,0.8921451956677868,0.05869699317656385,0.005411995613815504,0.03207682100804948
27388975,0.0010073319191405642,0.0028581721490005315,0.0023383976623841843,0.0009113622500049454,0.0013787802850353048,0.8359431085684494,0.12589508041005276,0.006424875550192591,0.023242891205739635
27389262,0.0021053273108530357,0.10800379946572136,0.004438875673097216,0.006900967758518114,0.033259915540026344,0.8080061871749413,0.0060890092321552675,0.01783000004021327,0.013365917804473977
27389386,0.010727091327788601,0.011181475878853084,0.01191904411472709,0.005383755641564045,0.0067846363865314945,0.36732297227264343,0.028213133764784737,0.014173835860036094,0.5442940547530715
27389936,0.0010099902174716647,0.005039925107244859,0.005077777283218154,0.0014981020517507234,0.001898697337489228,0.8758060742585805,0.06940459266389974,0.004337581841933232,0.03592725923841187
27390071,0.0006758187103569475,0.00456440822070087,0.003426752006878685,0.0020243670361383107,0.0015401946403072776,0.8673501462225377,0.04060259901189445,0.0055950224573749815,0.07422069169381078
27390223,0.0006287575334488146,0.004248745183274267,0.0026491065513562385,0.0010625689389043536,0.001524687469413812,0.9262203549557368,0.03461295729067557,0.004752488811952968,0.02430033326523703
27390271,0.0005053154716732277,0.004686045452138079,0.001674485380859739,0.0010114505704548673,0.0013551420833032323,0.9325667146837393,0.03359279137463851,0.004271532548176939,0.020336522435016175
27390291,0.0008342668156608207,0.004321489158271455,0.0017092669949235314,0.0014766377478905397,0.0020623364536774464,0.9526666696946026,0.0209559231452758,0.006169349763328843,0.009804060226368844
27390319,0.0006936851460133555,0.0027645411695072686,0.0016935137655381659,0.0007283945187819268,0.0010681714695880992,0.8980804284359296,0.07603497607279355,0.004412267212050656,0.014524022209797417
27390709,0.000543347403283863,0.0031965142883017598,0.0014951705558351994,0.000723449032533655,0.0009697565974169758,0.93422072973571,0.04171315438950603,0.003359012838944896,0.013778865158467614
27390827,0.0026920304606430205,0.022832583572202,0.004192930453545108,0.005875026297985132,0.02012666371572758,0.9116835575199971,0.009393435198788835,0.01238665317419168,0.010817119606919645
27390828,0.0015215689551318877,0.0027738358972840865,0.004342458583372881,0.0017286081858321467,0.001058954681378618,0.04461182168482507,0.06677967439450516,0.004932774089447991,0.8722503035282222
27390876,0.0033156586990589314,0.02943008785066825,0.006594785821666455,0.009698617448254274,0.026692386769192247,0.8565208427893891,0.008975395274100269,0.022981067212493572,0.03579115813517695
27390943,0.001018849423174049,0.005167873564604364,0.001646040930374638,0.0016219549076309987,0.0026025041585781873,0.9331237469148715,0.03616826190558149,0.008082722981907571,0.010568045213277113
27391118,0.0013496001083862941,0.00852060345179676,0.010536835950616026,0.004172035947265226,0.0020163789884004757,0.7241164867905515,0.040577120621195555,0.007370468143017842,0.20134046999877026
27392023,0.0011604535643974104,0.004988376499806728,0.0028014819540616433,0.0019624720160636567,0.0035446242498195805,0.9374666156662007,0.0279590159092717,0.008421188140526687,0.01169577199985192
27392399,0.006087194956574897,0.011541481590094504,0.0109738831237414,0.006780744199852642,0.7610481280517032,0.0295570005659167,0.003993234026872124,0.08993293490517487,0.08008539858006963
27392410,0.003577247819538361,0.010564063682972193,0.008212488187694246,0.006728779834766563,0.6198440453980361,0.02589499835034579,0.0032773393266449353,0.28728344327318445,0.03461759412681734
27392878,0.003541502081847769,0.01293874234071264,0.006995274155861575,0.006452731405012694,0.7175951739476842,0.0277143611187663,0.0038118140355917853,0.1897282367360954,0.031222164178427627
27790720,0.0016612839254294398,0.07164952531079366,0.13922190338107748,0.04855490673772175,0.013610599673951618,0.02617486138895853,0.012685615572696152,0.008708423582127594,0.6777328804272438
27790957,0.0036272604814146887,0.05947520890107927,0.010218715706605846,0.006413845626358497,0.09010503027774605,0.6386825638850551,0.01627025724925941,0.010528615652962155,0.16467850221951907
27791208,0.0011545920108983223,0.006512133237681544,0.0036507467806106424,0.003305354665385286,0.0037609205070596816,0.9251020742518501,0.02313316316754347,0.006543158318560998,0.026837857060409958
27791358,0.0014454545526745345,0.30723088219946926,0.03985761990962374,0.07166909182165263,0.010750142433395985,0.027694779491965416,0.007727262673133182,0.024707579120281715,0.5089171877978036
27792402,0.0008772378857196221,0.012228332501284083,0.006982183171890193,0.00329602822316306,0.0037001182040622173,0.689789476200457,0.023669336340646413,0.008984565916287102,0.25047272155649025
27793377,0.0008625359296241166,0.0038214708995309332,0.0029272586840162203,0.0010628942042965061,0.00215560914164021,0.9427394996237458,0.019701363671505056,0.005229337601013653,0.02150003024462749
27793451,0.008368255267165997,0.02794731238596633,0.018765218211795564,0.004392559299974473,0.02441219247797563,0.8572637085186738,0.010389848424725323,0.011452254816249974,0.0370086505974729
27793481,0.00610892220016974,0.00790750843408243,0.030737612564330087,0.00524729292131755,0.00956258041547567,0.7963721245361626,0.011357627655199822,0.01697984669575006,0.11572648457751208
27793513,0.0022747352555477734,0.0068756295609035244,0.008930122540926325,0.0033724930560458436,0.008565588409321196,0.9051234583721752,0.015848012093260803,0.013172755569381868,0.0358372051424375
27794044,0.0021894993783650686,0.12703702875804007,0.21943873995179658,0.11532452241437129,0.12326585307722288,0.10046567533741371,0.01045505171766058,0.01781395786057706,0.2840096715045527
27794964,0.0066528220587764786,0.007398816224038285,0.08721736613819983,0.016756432002953715,0.013096846433353489,0.06013093648707212,0.03171137027204954,0.134451363112201,0.6425840472713555
27795733,0.0014977752044125524,0.009062868506430427,0.006556645958201352,0.0035253762464492223,0.005544548923090314,0.8743309978092986,0.047362206449918495,0.011253951658246346,0.04086562924395279
27795764,0.0012040335073268045,0.00931365850148638,0.006959701981482254,0.002488012762971563,0.005179875071263431,0.9050861816545901,0.02420056087353381,0.009705679390596859,0.0358622962567489
27795783,0.0013773493088118445,0.009466593490167789,0.005772646466472153,0.0032109455546845,0.005104698811138608,0.9045330629164847,0.0263955482966894,0.008993259334096417,0.0351458958214545
27796951,0.0015378274843672324,0.024216538265082972,0.18705932825643845,0.014770579187184966,0.010841147399406378,0.13091204976933674,0.012851250403527425,0.014839109541136326,0.6029721696935194
27798374,0.0007860595126831392,0.006150288758300326,0.003321045323776651,0.0018564410535801255,0.002735546658259372,0.9452523680551769,0.013768361592958132,0.005035943274167903,0.021093945771097494
27799672,0.0019060477165584548,0.012670884044548528,0.055831908117601706,0.008176071723504227,0.6555830253542199,0.017280315506686506,0.002602834276874657,0.014713833111247724,0.23123508014875832
27801031,0.0024994912355958076,0.010946041853386325,0.024806484784683648,0.0054296571666369465,0.009217477065057602,0.8658543302228163,0.01960503284337653,0.014450933371136152,0.04719055145731075
27801204,0.0026590219950265634,0.010238239688869914,0.015580518760352682,0.005726228370792757,0.014090390653241972,0.8256239933548213,0.009251439585022486,0.01803487121723317,0.0987952963746391
27801229,0.0019129287613877835,0.00996658828321851,0.014246776566525335,0.0038253725231605362,0.008350017444344156,0.8967881813189422,0.014648078224084647,0.01260589816076033,0.03765615871757652
27801344,0.0014644005953065385,0.009408661881288999,0.018900951997289115,0.00524196823045283,0.013197620536950576,0.8872648926360034,0.008643479322386913,0.018295848634461355,0.037582176165860307
27801359,0.0024964925023597015,0.012904434903650619,0.014443782984250364,0.00656344887543129,0.013650503089622311,0.8648685400548843,0.012709534936474535,0.03462033008947846,0.03774293256384834
27801598,0.0019162100881516767,0.010482070968367736,0.012229507853627641,0.003723237182156276,0.008724028689976474,0.9089562468272439,0.016429640144180517,0.011798488163583526,0.025740570082712372
27801619,0.004935227703492691,0.019847542058552645,0.00566141497305176,0.00677496116722569,0.05350415252813532,0.8675311010021691,0.008106004456037652,0.01470342717023156,0.018936168941103625
27801782,0.0029335038648955615,0.01455403902340748,0.00913616017747723,0.006439091434053742,0.7397710961147301,0.018262099469731036,0.002820005486907759,0.1959627308618377,0.010121273566959264
27801901,0.0008796774736838445,0.00800698594995515,0.0030745380725009834,0.002613469656762416,0.0034862948537855757,0.9295139137038664,0.01740026479476092,0.005483315847146281,0.029541539647538535
27802189,0.0012574625004348205,0.0457610495282316,0.009819648409606101,0.00694043828653213,0.0033664058851476486,0.1671077542509861,0.02807051793126967,0.006457943293003389,0.7312187799147885
27802195,0.0032578087253159423,0.07192633729914863,0.0100509115775405,0.008709260012975981,0.8502400020882456,0.024819647502689293,0.003764870702777087,0.01664946242745048,0.010581699663856373
27802286,0.001122822883008175,0.005343483992072976,0.003666961532571122,0.001577987090341121,0.0029979166704483264,0.93202793530455,0.026389780205262094,0.006388369720835644,0.020484742600910624
27802800,0.00335201590255821,0.028361363107966036,0.0070965387995265555,0.004805921485136676,0.05489914200509896,0.8643156027838239,0.008082590721402523,0.015849217062104643,0.013237608132382497
27803111,0.004461774005664305,0.025323516597589288,0.008704537609022279,0.005907151693890874,0.04674992915593753,0.869458344712336,0.00887952380249384,0.016219412907171868,0.014295809515894028
27803670,0.0009673797600144114,0.014924657930529507,0.003348811092840221,0.002243734286465085,0.003669620684268105,0.8862446552211338,0.025555205801040697,0.007789944451706417,0.05525599077200175
27803730,0.003061845257059967,0.009599229704494923,0.022118879838341415,0.015271169624968117,0.008567974273675134,0.051785258768403,0.00568240878435412,0.01629861691296178,0.8676146168357415
27803742,0.0017336365367447023,0.023110724770190837,0.03713164361723093,0.02067036652911333,0.01592635338690378,0.23995190203661376,0.009623713507619626,0.0913116044243526,0.5605400551912305
27803824,0.0029052991594031895,0.022186207544489713,0.3413721061571473,0.10213399267733,0.014873748417669008,0.009461314777270542,0.003507589538596216,0.0414269905655468,0.46213275116254726
27804016,0.0016900032487191777,0.04613387646854747,0.08344802389635625,0.011170324841669238,0.005186037588497144,0.026517575682539672,0.011281096567580202,0.00723776469805371,0.8073352970080371
27804050,0.0042529894405250535,0.00555079772762601,0.010215791403285395,0.0026095022220812146,0.005135748466707255,0.6641436309899662,0.21939510944254434,0.02383803674961424,0.0648583935576503
27804383,0.0018569543768180343,0.08878922391073638,0.09653171081481428,0.016496831091955835,0.005645637603327335,0.05046209769322008,0.014105108989674802,0.009811305054250156,0.7163011304652032
27804571,0.003734903426932559,0.013859543199125383,0.01582382393388113,0.007782682659186435,0.8227493811411022,0.009869829799978509,0.002400664263277305,0.11328676787033636,0.010492403706180181
27804578,0.00353109971570609,0.012268320678667835,0.016602438018461313,0.008729830718922447,0.8793558271046538,0.009299418156857427,0.0021150062550993106,0.05536817459052411,0.012729884761107747
27804632,0.003380341660601605,0.017896550777735405,0.02411393070367181,0.007893858316010973,0.7338262300461951,0.13699165952934145,0.0034310221369938435,0.05840452436443472,0.014061882465015113
27805015,0.002125002452050906,0.09267041143930231,0.06616449452621963,0.009575625342296903,0.560046266568565,0.014378130768909285,0.00317511677212087,0.008753721507439487,0.24311123062309567
27805077,0.0019125830637469095,0.013231422035888984,0.007222607501060999,0.007378520494626488,0.9231332158801031,0.007578580289185931,0.0017184163491566083,0.03125202215371131,0.0065726322325195645
27805095,0.001885770822944766,0.013658686975958404,0.07131352709956777,0.01795624910121629,0.7159067625267936,0.009719242815200362,0.002909869294217109,0.008214184979596794,0.15843570638450494
27805289,0.0022772419449026016,0.14550088743016756,0.0487795159518705,0.058315484202196545,0.2612560599107658,0.015587088206433841,0.0036211840980579016,0.018757890142642196,0.44590464811296304
27805344,0.0020305781352288454,0.023634727804317853,0.03445741247348674,0.026249115686506057,0.1383593905505008,0.011329133962248989,0.00267253739096756,0.009679632035139645,0.7515874719616036
27805716,0.0014289815059338384,0.021702201251628823,0.0063147727715767,0.008104084719581557,0.9071031884715961,0.007840524701238253,0.0017874589433875105,0.042233253556130286,0.003485534078926913
27805813,0.001234226949293366,0.005968152661382698,0.006017662161844531,0.002469065114127777,0.006427531289705191,0.9312832983075746,0.01575949792803539,0.012000928735961269,0.01883963685207507
27805896,0.0014219950056568171,0.006523550743306022,0.007627893009033102,0.002355999056400261,0.002359518125185281,0.2594541227333519,0.1662707721457698,0.005629584391387274,0.5483565647899096
27806005,0.0024129104710039306,0.006348213458862948,0.025809754084103104,0.002545906575142204,0.002392185638122663,0.169701117416768,0.24767722078067747,0.007551247666879279,0.5355614439084404
27806354,0.004443090126584186,0.07753305105733027,0.10646924039067414,0.035714219924985316,0.3718253254806392,0.023954716713868916,0.007007784857191817,0.010614823947333301,0.36243774750139285
27806823,0.0019288655347940733,0.08274897911847928,0.3078342268920967,0.04613511560319848,0.01743117139661371,0.012711108843788968,0.0046698591743464645,0.013524649800988706,0.5130160236356937
27806957,0.002314761657660639,0.014033539987314263,0.10014949913122487,0.007649818552326431,0.030454422944405618,0.43545635310061925,0.0073623945744356045,0.020576097628963542,0.3820031124230498
27807052,0.003972626405630364,0.009496014936430177,0.09206702652081383,0.0071192928770709984,0.00824714702760811,0.09336917705431301,0.010085124584335943,0.021584783642207287,0.7540588069515902
27807477,0.007093640920794491,0.13735263394850003,0.023786929958725576,0.00698226657642022,0.07831828029486262,0.05994055216769411,0.012054882888678006,0.014151395352808863,0.660319417891516
27807746,0.0019971006393904194,0.23441662387518644,0.5602527364508381,0.051504534820663375,0.049208922829185056,0.02635807243447155,0.005667130079459045,0.022195785335245636,0.048399093535560433
27808162,0.0012530563972010223,0.008566005354955462,0.004650929509650967,0.0029854052428779708,0.005650621401702612,0.9354013350359405,0.016768359947999675,0.010663775088242627,0.014060512021429189
27808218,0.12204652435406406,0.004926780097768274,0.017799000905898667,0.004501833117532656,0.008759212613037132,0.3336372807853429,0.026129473230145403,0.016601618331623096,0.46559827656458785
27808482,0.003808775171649945,0.050325773526502894,0.02917471112814073,0.020618977488440084,0.2126846346274397,0.6031346705796341,0.0057658967007907305,0.022636552689688137,0.0518500080877137
27808995,0.003119126384202989,0.10327760220461726,0.14234765540767047,0.03810180962283111,0.0133418583818814,0.13255198551266892,0.008919026527040227,0.026408653534736096,0.5319322824243515
27809307,0.0015105893885239531,0.012065933003253626,0.011441353126223968,0.0059818255467052476,0.005376664350359848,0.8847794462212968,0.014272467070815129,0.010732348887546232,0.05383937240527516
27809673,0.0020054918385277107,0.01233977763860103,0.03917139282500455,0.007835267907082277,0.008756595395955882,0.673628262840178,0.015898693633332447,0.013900287468417654,0.22646423045290043
27809679,0.002913824864424405,0.012185275410908407,0.07870392903090842,0.01642149282975832,0.7530187141916264,0.017096746922800457,0.002400865258193746,0.007503448168417819,0.10975570332296206
27809686,0.002337356842462686,0.023308819439517216,0.15695284122366238,0.018015144720078525,0.6079311239469075,0.012629991100583566,0.002661565640583216,0.006728859033592438,0.16943429805261243
27809745,0.002564807827524013,0.04553218649664773,0.005928006290717148,0.006041838515686444,0.061331629903181396,0.8390384186033926,0.006274718370239266,0.013992093010531307,0.01929630098208015
27809793,0.008074573521979449,0.031748886676327706,0.010752029507832484,0.006051169618417459,0.041123923078512405,0.8568678810678627,0.008999807894206171,0.012611861775354394,0.023769866859507178
27809825,0.001153122200886935,0.01067769980533071,0.004861140708013276,0.004090960792207823,0.005389976902751208,0.8831377450447276,0.04108021678771429,0.011157305151868375,0.038451832606499745
27809826,0.0011353724465933857,0.016060218177291575,0.009178196881978913,0.0053942523877349114,0.007943277276974537,0.8903109279047914,0.011324967730777164,0.011801291074385765,0.04685149611947233
27809828,0.0025506370320750576,0.010627804784501742,0.015878347272619397,0.007309487334397348,0.0063390673817628005,0.8379834219791289,0.014483890875421651,0.015654640788371213,0.0891727025517219
27809852,0.0022030241818407573,0.013297149386409829,0.011853613455683143,0.004412671052351368,0.04822516704660817,0.8655735329040526,0.007510915819093376,0.015574313586208496,0.031349612567752295
27809863,0.002352097302330825,0.011419594486047128,0.02050376038413313,0.008915240813379898,0.8773200812476448,0.020505115937076004,0.0022766414074567014,0.012982546299280754,0.04372492212265079
27809882,0.0011125386218228967,0.008729718121281621,0.004586167605130738,0.0030136035100903147,0.003442246772405356,0.9266580579929907,0.018768715154879843,0.006043231969322207,0.027645720252076247
27809928,0.00155534494755434,0.011624515305864985,0.022909423113885184,0.0034749000115367034,0.013772470241317263,0.8773550113182302,0.013116119492791409,0.025143775155050407,0.031048440413769324
27810395,0.010036482063502713,0.011336731452649705,0.11772800614584478,0.05072754109459641,0.01072649649189941,0.04311272279592285,0.01009151515219086,0.04250488404914049,0.7037356207542529
27810399,0.0037222818298242124,0.029868852233591647,0.004592576914733096,0.004620004696716803,0.06804729151810975,0.8557790277376003,0.0060930591307322545,0.01386146016212822,0.01341544577656365
27810450,0.01626418933519249,0.006771103998139087,0.014138594059152094,0.005960027055089694,0.0368808089835858,0.10145282446995232,0.0248727704730537,0.009847031676652762,0.783812649949182
27810666,0.0011857743701006354,0.22881295853263783,0.03184539908770653,0.023711032141843242,0.021026664630147324,0.6219415555339503,0.006997896066104012,0.023576701638472575,0.040902017999037706
27812409,0.003061895029441153,0.03819072479301222,0.042180555903993104,0.039375915466899544,0.6401957021954616,0.015919165975802996,0.003971952988801038,0.03275246654281716,0.18435162110377112
27813952,0.001607650088823759,0.4841292898386907,0.12650658487585506,0.20374288550082226,0.08834103258610003,0.04104512664110672,0.006116709035500717,0.023857708864926164,0.024653012568174634
27814181,0.004204485855469708,0.046342115096602216,0.010165150976797037,0.01139448453264544,0.7931506715846796,0.1026198193009654,0.0055417566138425195,0.016115653565805202,0.010465862473192838
27814312,0.018050136117236687,0.03028057027009174,0.04456313444810217,0.04307756159420637,0.011549508613008356,0.011882892674094512,0.004181761202165148,0.013591359049187797,0.8228230760319071
27815210,0.0027218740396933905,0.03384449274279296,0.08181749687605924,0.02025822076937908,0.21205586125294307,0.4050993382517436,0.027381476263544972,0.16562786184726702,0.051193377956576566
27815778,0.0011450394893341607,0.012392844746010613,0.00792774483735404,0.00393165145450075,0.009159830720648281,0.9243418008188606,0.008177935852794773,0.011569477323055443,0.02135367475744132
27816871,0.004461103981859684,0.05106143658237053,0.00960336114020308,0.006097702660514552,0.042004075300179175,0.8482501338341988,0.007771836782864008,0.0123025637048583,0.018447786012951856
27817050,0.0029533204027966963,0.01153504484183375,0.008705079094300967,0.010282449592280803,0.17301596950612697,0.7193560871026854,0.006097328105233462,0.014840010351207534,0.05321471100353441
27817111,0.005280340123311344,0.08328271308304133,0.023978719710706302,0.01368758187650518,0.09503431516844564,0.13631689845109826,0.011393511769437243,0.014597293833960858,0.6164286259834939
27817127,0.0016985055667683817,0.012028408091126078,0.009531036711170518,0.005844602804453009,0.011073140105668466,0.8954798044418348,0.00970442839509444,0.012658931960503716,0.041981141923380566
27817260,0.00458652529177408,0.06027929875115219,0.015490463072135542,0.008203923149462215,0.3822210444143701,0.48858474479500774,0.004025477295502193,0.010838200352949096,0.025770322877646766
27817270,0.001820868768972009,0.011108903688777113,0.007472307010975195,0.005905218809898517,0.011431984743441991,0.905566876566587,0.01608365891520188,0.014081168511307486,0.026529012984838656
27817284,0.001852669286963407,0.026832946320160377,0.3871687732117568,0.015126361485300667,0.006672526755762272,0.011043617112423106,0.005242157741241922,0.012199067170306738,0.5338618809160847
27817320,0.0033542763723427038,0.04144923551583625,0.007262070990449807,0.006728653054593726,0.044094365999616435,0.8600492956618532,0.007345839266625498,0.013529818868815062,0.016186444269867307
27818613,0.0011830995981027882,0.020230217451677652,0.011093190114910606,0.005422722889640521,0.007185293677745006,0.8947213240515801,0.013569609363214493,0.008516083096478133,0.03807845975665062
27819839,0.0017685958880158997,0.04853974892614242,0.007067049418733752,0.005505472560855382,0.8422564906245115,0.02132422017595115,0.0020141519442077624,0.06492337290451393,0.006600897557068246
27819914,0.004536863531920599,0.035654751642112986,0.08699197752299376,0.012578140924562005,0.7633296009453308,0.04514263726309253,0.0032420271030420044,0.02486198699910338,0.02366201406784202
27820106,0.0018772669469406928,0.008124001311879842,0.009701554286911121,0.003060714109783314,0.004013803902356728,0.8687131739816125,0.053857500592779536,0.007428919045390009,0.04322306582234627
27820127,0.002087232950520406,0.014822716450856812,0.04514901024027835,0.005365694667935239,0.00948225177852271,0.4756943998384795,0.010282706082816109,0.013891418403274583,0.42322456958731625
27820590,0.0016177803623323983,0.010538455032772674,0.009944693659919847,0.005831087065385979,0.0064927452859754806,0.9101884667128253,0.01776583580618149,0.009441529410832898,0.028179406663773884
27820593,0.0013893169818576733,0.09430709994424104,0.48829305685114655,0.07928089043833486,0.1804989468387342,0.015280425993570226,0.007227824526270977,0.008686766917465455,0.12503567150837894
27820643,0.0020209373720920403,0.013006365068618408,0.00986774721722989,0.005411096315553554,0.010381036202001427,0.9059803049107558,0.021022148369064263,0.012736543460316056,0.019573821084368757
27820696,0.001385492455479391,0.009566791284177052,0.006603558615805393,0.0043995616450022215,0.00584538401511138,0.9276602266106206,0.01665493041494145,0.011720582634485104,0.016163472324377308
27820697,0.001743815987663618,0.010319254476848805,0.013217470601942888,0.00412855181971981,0.005705300557286997,0.8973464366756365,0.0258910075867839,0.00993686810004705,0.03171129419407031
27820711,0.0014193006630169162,0.011119195894551381,0.22381497429818886,0.018484430608474284,0.0070953861183441404,0.016345468855601775,0.006234050796794988,0.0092687910534633,0.7062184017115642
27820719,0.0016814058893112691,0.00748270040555538,0.008693967548886058,0.0030726128282429505,0.004649559730857154,0.9250869802054098,0.018172451424651136,0.00937561922154856,0.021784702745537607
27820782,0.0016520493996944453,0.008033738642580899,0.009702356210777733,0.0032091559065160844,0.005050926782632509,0.921033013828216,0.018995586399501416,0.010067292346246785,0.022255880483834128
27821053,0.0021719843761291643,0.01336190000226194,0.009005256497083645,0.0061147789516254256,0.012321981240323965,0.8925579995438087,0.02558353298788376,0.0210777178120432,0.017804848588840256
27821289,0.002457188373884104,0.02209476088585692,0.0674453552732016,0.023237747956442498,0.006290161487302926,0.08143093763119902,0.016746949978593027,0.009230132423814359,0.7710667659897056
27821297,0.002229160719242661,0.07243000186163387,0.050062581132207774,0.038551451109992606,0.007303710377982401,0.20999051331596374,0.01809005386422419,0.008920352516554477,0.5924221751021982
27821964,0.0031761644259846156,0.01856810220048406,0.01464346292102894,0.007797981369849433,0.013648697236114402,0.8641368762219479,0.030474965281776754,0.021745997286535496,0.025807753056278405
27821981,0.0029562405251171765,0.011847556195229989,0.01862506336985468,0.005251479948632122,0.008338406409788137,0.853248398070539,0.0548786818006029,0.014134674341115707,0.030719499339120413
27822072,0.002491612688276479,0.00999347656760927,0.013380744219483627,0.004796303818277744,0.007547244201480588,0.9024339565253843,0.02066151354722674,0.012872193394407969,0.0258229550378533
27822175,0.0010771736237228464,0.006653467012849039,0.00425781905458888,0.0020276895043039246,0.003834901333689495,0.939427492126126,0.02094639392923932,0.008242241392099912,0.013532822023380683
27822258,0.003195567661636548,0.06506199836909841,0.007256837815163938,0.005808335931911259,0.04542317454921417,0.840944129274185,0.00779477999719588,0.014199946384860492,0.010315230016734133
27822577,0.0019689477420267213,0.00795717924363298,0.008505727500049636,0.0037891292063431327,0.006686603579582718,0.9220904915024136,0.020831741488303496,0.012122365146335645,0.016047814591311986
27822666,0.0019125458549794484,0.018476050617258887,0.01594414539343441,0.009418835947491905,0.0069649032539795845,0.8185976014694085,0.026350892567798018,0.012160081468974045,0.09017494342667526
27822761,0.0019566383468511304,0.015288040838139356,0.3534421463556936,0.02686641310712746,0.007666137708941555,0.33221065282715634,0.006164672140989506,0.008775662305996343,0.2476296363691047
27823521,0.00209514327592731,0.029694023204778354,0.7383550312111526,0.023036197940379626,0.09356287319501809,0.02470108807323288,0.005040129782450085,0.0380033262056857,0.04551218711137525
27823796,0.004443958122115503,0.011560965896432292,0.06566717932522634,0.0065302974243346135,0.016312823545508046,0.19549890079696092,0.011635378283019597,0.023919248061960066,0.6644312485444426
27823891,0.026491794776638128,0.010969884967775413,0.029362329249079847,0.010777525682937977,0.8475401855048705,0.015418829713891186,0.0033047187209366215,0.03314735287545807,0.022987378508412246
27823940,0.010011414347332671,0.01443667009313008,0.01886754896235993,0.00977916757071216,0.8766943829254616,0.013916794059424044,0.0028250022054184683,0.03588677687202084,0.017582242964140272
27824296,0.0014463696496307922,0.14935363447115974,0.601323725517557,0.15197040213733382,0.019408015121163785,0.008584304287401236,0.0037007164387566926,0.011917543808740542,0.05229528856825651
27824965,0.009096942443306225,0.053785649620205864,0.014351566963269302,0.006265087975461483,0.039219379321778054,0.8296733709366848,0.008219480286529184,0.01386025713889844,0.025528265313866552
27824973,0.008862423240618632,0.031409717331265026,0.01582097891510135,0.0058678088463437125,0.036760576909021056,0.8486691006873739,0.009842715060997308,0.014241504974692292,0.028525174034586653
27825620,0.000819160503168472,0.005801786512590492,0.003273072170240991,0.0013907669394242338,0.0029532571139976424,0.9492877989521247,0.017878575793599954,0.0061659591637770236,0.012429622851076495
27826018,0.001197182785239823,0.01235137435059496,0.01179605234559189,0.004532009314045538,0.005500865067026225,0.9147722053587461,0.013380837727974713,0.008400703554605218,0.028068769496175486
27826098,0.0019931624219596154,0.01404354176908385,0.006621936325381339,0.004456167752867535,0.01862745457269055,0.8932866252235141,0.012107378050189433,0.008829223693545548,0.040034510190768126
27826235,0.01103360309334954,0.00675188976952026,0.05781568863434197,0.027024700819694488,0.7636601124343674,0.05382190857038878,0.002801335938042162,0.03782436587334126,0.03926639486695418
27826276,0.004386189455489856,0.005892893397300883,0.03729429118744833,0.012762755861425975,0.8257283067239566,0.0636982473912146,0.002471049291140014,0.017578011232696176,0.03018825545932762
27826338,0.0008847130459463545,0.007608688932319481,0.00403714735258525,0.0018929173113051972,0.0036059209520567324,0.9447127389583938,0.015161579423667497,0.008637324435143938,0.013458969588581669
27826531,0.005219755524053755,0.062478844747608675,0.056494932700207626,0.042002068740325665,0.1093967301709588,0.06688223440594715,0.007063795478991409,0.011135355396740702,0.6393262828351662
27826578,0.0012122413573626132,0.00814287156435394,0.006157332313144312,0.002353916489680704,0.004184405649715942,0.9303448906808907,0.020795982639889826,0.008359526568575757,0.0184488327363861
27826709,0.005556691517866139,0.03762835202300379,0.00970515796982432,0.007274124346980739,0.03369004189993726,0.8687915371650969,0.010127356767879691,0.013542766878138171,0.013683971431272826
27827567,0.001083294215172373,0.004884217255243314,0.0040593293954820624,0.001507561312493969,0.0034936015553897223,0.9434975948096807,0.021026673243418295,0.008828307399478975,0.01161942081364057
27827960,0.001961173843472907,0.019737654880614807,0.26222708734058486,0.011847936451197947,0.00525663811381945,0.03155722102057114,0.012601346920005859,0.010881792951747654,0.6439291484779854
27827965,0.005256176307208769,0.09772975464074408,0.05416207839412639,0.009698441830883173,0.09418228416921887,0.03360797568967006,0.005781160495843435,0.01745862048103154,0.6821235079912737
27828047,0.0021551621196811903,0.013054296113505753,0.18249636009640013,0.006343785699432361,0.00717521791750369,0.022593269261345677,0.0108065941959608,0.015314169357577546,0.7400611452385929
27828372,0.0017222070217545473,0.013214172070567146,0.0069892296014457496,0.005461740128508915,0.0050040320833878195,0.8468789906085612,0.05031491691224725,0.010804440188154633,0.0596102713853726
27828436,0.001729725582554119,0.012574608873411908,0.008168941772929192,0.003634639820140414,0.011416009890113685,0.9100850735234146,0.01158486360056439,0.01665910451786374,0.024147032419008008
27828585,0.001780870252660224,0.015247340367547336,0.0060338748107390296,0.004737182707370119,0.005318456383598857,0.84583708888025,0.04492058917468203,0.008528838461351392,0.06759575896180119
27828863,0.0014197346277586083,0.005507029994608897,0.004572880163719646,0.0032537822309459917,0.006297400037473694,0.9209760563819499,0.02860457840774122,0.015831120545194706,0.013537417610607295
27828994,0.0012646076534720816,0.007368037534619243,0.005706138898608774,0.003016866587534588,0.006505227751469007,0.9287998862117447,0.01992571107428,0.01474065043816652,0.012672873850105145
27829036,0.0093219216492881,0.05857511175229066,0.01829780919560705,0.007089598348704068,0.1605309318630232,0.6925760530619425,0.017301795500512758,0.014549240474227504,0.021757538154404083
27829544,0.006561968503120742,0.0063557713441837575,0.031244840817322744,0.004487238569179315,0.008542386280672762,0.8195014585911722,0.01601306348129261,0.016028610051579628,0.09126466236147628
27829566,0.00230974954619129,0.013697486479091508,0.12964314227955648,0.008177904078077792,0.004851811056616382,0.017369581388491213,0.007705269406289439,0.015620265115877344,0.8006247906498086
27829568,0.009442743398627895,0.007610457834568128,0.07661691842914059,0.009444844846873064,0.0205088058973656,0.45581002413513183,0.007203804281974758,0.02572850409151893,0.38763389708479923
27829613,0.0020406854996980446,0.008739027508956552,0.025922091754501966,0.004231840420573644,0.0072935182430759055,0.8259808778123057,0.011967873085817878,0.021294093946011075,0.09252999172905928
27829640,0.004141793189998896,0.006925717612699506,0.022707561505232118,0.004322607070470945,0.013721296844509371,0.7932463975059867,0.01989754060618591,0.018074872864340865,0.11696221280057573
27829781,0.004307257923796047,0.011827496400897135,0.6149228426989959,0.02692653838478074,0.04426252077577159,0.015393011252086223,0.002905155198521117,0.18390463709996713,0.09555054026518409
27831184,0.0042685233525082975,0.004258794536070728,0.011092281990154503,0.003437251955795504,0.003826642232010561,0.338967472645894,0.31237934622576624,0.010657936862912467,0.3111117501988877
27832153,0.005393513531750609,0.016460988773379717,0.03243801876846993,0.012253754961837738,0.8961418834693327,0.009629471932061994,0.0024098280594047165,0.011939453760679083,0.013333086743083401
27832334,0.002635902455835753,0.010954415269320613,0.027657698184074916,0.004869517686658536,0.00915304217833213,0.8501094379852621,0.028996825202696017,0.0164255198587559,0.04919764117906392
27832702,0.005909123816400886,0.03419582451665008,0.010321521337759485,0.0051652587083897755,0.025688557510461014,0.8800110732527331,0.010331844786515844,0.01253334056782726,0.01584345550326253
27832750,0.00202937350779189,0.007996047758709822,0.009946220713929445,0.0036226465807092543,0.007613161829283863,0.9196010129700197,0.01944300198208512,0.014207148693462806,0.015541385964008161
27832752,0.0022369103189246826,0.009120577871817356,0.022415494402176127,0.005278814402969022,0.005685711681847859,0.879190309339902,0.021211325375846777,0.009950475437439252,0.044910381169076925
27832846,0.0017180526253646872,0.0074128720982802885,0.00899182695719314,0.003655626912726896,0.008702618421272127,0.9168423596342258,0.01448687329126055,0.01746250338450472,0.020727266675171902
27833884,0.002623153166680922,0.008260941360542645,0.011672195099810845,0.0035071281988477377,0.005901752250596145,0.8731447649735908,0.05608134364794293,0.013112430216021818,0.025696291085966053
27836060,0.0022539129121137143,0.010506827449408892,0.02179988697713815,0.004072262266296535,0.00448700520818109,0.821776228707266,0.04001367627965948,0.012022669969919825,0.08306753023001628
27837142,0.007844181165503589,0.005016847540279895,0.02089749835161519,0.005423295227521838,0.4595276382104827,0.28799969661082303,0.0033323119859820973,0.019501945908377265,0.19045658499941442
27837413,0.005390964948617187,0.008304748493159096,0.014435720921647193,0.00786886197731118,0.08573971537686984,0.7841613180255579,0.01067528205104074,0.014071404019885315,0.06935198418591158
27837630,0.004723732041704729,0.007132424549682824,0.024902683263863707,0.0055038830018083905,0.07618458198281305,0.7397427325456185,0.006276006977155413,0.007683908386225522,0.12785004725112786
27837708,0.006453371628458006,0.006196923279085172,0.024136366251462697,0.0071776878665987635,0.04525457718307903,0.7960270207285609,0.005960308424287751,0.009605363394961328,0.09918838124350639
27837830,0.0049457503688139035,0.007136092357913309,0.015730262943267074,0.006611049340633241,0.11677426871515736,0.7412458588228747,0.0038496482078269295,0.021738997328499442,0.08196807191501387
27837913,0.004154377595506187,0.09838634689199544,0.01668005090626392,0.007328808528415155,0.33477209552870457,0.49343477652197976,0.00591056401895883,0.024353852999544907,0.014979127008631235
27838486,0.005283445899210571,0.005020798145460088,0.027787687707187324,0.005415506740529499,0.14705883454527993,0.717166241493881,0.0034398848588264703,0.012061439033575965,0.07676616157604915
27838542,0.0026111488698189874,0.010336925761577439,0.04160006651622468,0.006773142366479434,0.015620420358620275,0.8506452813445475,0.01012404659689858,0.025401857081555585,0.03688711110427756
27838565,0.003144505221926473,0.007603482349756481,0.1917769277137759,0.01470730112524429,0.014040178592677319,0.6807488304269742,0.00540403874464058,0.018784246693467645,0.06379048913153719
27839108,0.008141823609277624,0.03306517368582293,0.009738718292364003,0.006259526947364731,0.035944158487111105,0.866610436694347,0.011736165944728491,0.012808260735648152,0.015695735603335842
27839246,0.004296984798594703,0.0545303374503453,0.011907523141779126,0.007079388978032508,0.023802354693817952,0.8538235684418268,0.010073115528145384,0.015236935471112599,0.0192497914963456
27839328,0.0018146107629233058,0.015590104524600044,0.04130979337190925,0.008551689623734952,0.012747074905732696,0.8015486332210602,0.012723703178078815,0.019352092688259843,0.08636229772370091
27839364,0.002874385387059584,0.00754335917004591,0.06705401632387879,0.02032099324068594,0.7953338494702371,0.015893718326558656,0.0022827052975194907,0.012784615368535016,0.07591235741547948
27839649,0.0032105033661797254,0.05091741501140478,0.013208852302584536,0.006314366701842921,0.09225630319505294,0.7921517901748921,0.007025730542638947,0.018726988519669984,0.016188050185734094
27841731,0.002256512284391147,0.016221650472026995,0.05037974023566223,0.006090436868216035,0.0046611172648350204,0.0295624072674737,0.028193000849716786,0.014427564245390441,0.8482075705122876
27842419,0.0010593667296369168,0.011789457645195874,0.008913169318033222,0.004131326015859449,0.005098977220789981,0.9204815051003087,0.014082707780380364,0.011207342541184922,0.023236147648610643
27842521,0.004299122276908108,0.0482335395670405,0.007730251347967929,0.006295929913970273,0.047759262568504664,0.8406137649191782,0.014123938520569462,0.01376317072531552,0.017181020160545474
27843188,0.003526496128391119,0.002638944428014378,0.004042055471520809,0.0014814770201378128,0.0020771107348444514,0.034398436266691965,0.9179667535392051,0.003781846334721202,0.030086880076473164
27843587,0.005944822309877251,0.03839338140387535,0.014212706499768035,0.006639637499048957,0.020826676822692083,0.8629038219044758,0.013248642900662253,0.014309947119793049,0.023520363539807226
27843967,0.0018331507111623553,0.022680689482207923,0.05606113693595553,0.009485625935224855,0.0067266292008217,0.24203533118947157,0.013060034706148554,0.013916085859753189,0.6342013159792542
27844389,0.0026896212561265654,0.015759299707792784,0.012574447480388527,0.008722721547528931,0.009368039903195626,0.8143241378921876,0.017030072955108055,0.017568594283684482,0.10196306497398742
27844658,0.003846798107013579,0.041038267602730494,0.00575427544010204,0.006069245910884391,0.039034290601490794,0.8650755037454284,0.012800407986069497,0.013717834245005714,0.01266337636127511
27844773,0.005422941600634703,0.039160527912990406,0.008848593285496528,0.006921354347320973,0.051083152868272405,0.8503613101521525,0.010859184521914103,0.015528226483187708,0.011814708828030493
27844928,0.062324795434376405,0.007964250222178084,0.146352663663808,0.011132028342684576,0.3976467190693562,0.11513762461857341,0.0041094774490093,0.02786121780388453,0.22747122339612946
27844971,0.015344684115062568,0.004879081510183285,0.022845551381459075,0.007405162940116454,0.5141696725124105,0.16264293112578337,0.003416985415647633,0.021133227078782242,0.2481627039205549
27845007,0.003070982663186213,0.004979532880733796,0.07306924854563462,0.012365376164880188,0.8134163601601123,0.019418873580572607,0.002088481426520363,0.012960332300486536,0.05863081227787342
27846556,0.002421681580052097,0.010287178601428582,0.012365639355130272,0.005524786889745083,0.009249055261187935,0.9043224968827719,0.020547886494257272,0.015504904559651122,0.019776370375775537
27846603,0.0015138148511070818,0.006908703856853935,0.006191518966986566,0.003598883378349591,0.006492015591529083,0.9309353427401839,0.01619497457784311,0.012136350757653281,0.016028395279493603
27846986,0.06027673641337857,0.0076440408392993,0.039506618305965246,0.012734706722485152,0.08154975906711928,0.2070696047395177,0.006207952975145701,0.07831016545668254,0.5067004154804066
27846987,0.036340587273042645,0.005213703106195732,0.027214962160792312,0.0066264882433927355,0.011993335934425357,0.6909386400113129,0.0100580123554998,0.025694807851040474,0.1859194630642981
27847155,0.02909558526819066,0.011164636287209501,0.01934902348828465,0.006041838562829114,0.03840343850937422,0.6238934752356267,0.013747054492050992,0.01578769567702271,0.24251725247941158
27847200,0.05809928478783931,0.005191887311914282,0.027565934786946994,0.007475204804076553,0.03999622252044216,0.45066208280357817,0.00563850916706127,0.01545356275603615,0.3899173110621051
27847244,0.0030543818546499538,0.03683749490197676,0.005757976738740089,0.008712621583346505,0.9107174029982761,0.010796344209743958,0.0021944392883594334,0.016680951969469254,0.0052483864554378565
27847265,0.006270421637758606,0.007865865966152408,0.01348210547484043,0.008228469013637836,0.37452758711909334,0.209245501184394,0.00472408395471699,0.06797421876709776,0.30768174688230865
27847278,0.006622465223125795,0.004740166894985029,0.017036902063018132,0.004830132451860189,0.03014445645876964,0.49320147537824743,0.004437201316830336,0.007305731391971378,0.43168146882119207
27848545,0.005262655924303706,0.04512720359762229,0.01085901402557021,0.007219497040215095,0.03894280597716165,0.8422369763005443,0.007713720212622059,0.012614144142140246,0.030023982779820473
27848657,0.004210604784802871,0.04774947108729125,0.059305894579152404,0.014893352863814999,0.3114833702218252,0.5293160310117516,0.00409019234839764,0.017660196985791105,0.011290886117172846
27848835,0.004291828529046942,0.06486461294894742,0.009071548455881298,0.007567528849338882,0.06621573240896436,0.8044262327434135,0.0122970291277062,0.01759025947473163,0.013675227461969596
27849022,0.07723047248424358,0.019094238867002962,0.04034277515795758,0.009678846377965733,0.029636962350981066,0.7471750562680168,0.01202218745040652,0.013556495365786814,0.05126296567763884
27849428,0.00854365948991787,0.043111992927190874,0.012295776219950127,0.013921502103471976,0.1689368877599765,0.6883064058977795,0.007854942252038751,0.019033841738873986,0.037994991610800465
27850759,0.002592893692137307,0.025525415416761732,0.31235653739397323,0.018342093279564865,0.008160306863949357,0.046368203266227086,0.011266304271284142,0.024381320145284387,0.551006925670818
27850966,0.004709006147831246,0.046689245394966127,0.010241835667933501,0.006793904731281732,0.02346187298103593,0.8636590393780295,0.011351049839368499,0.01313423050437822,0.01995981535517534
27851107,0.003175834607884301,0.009664547954200244,0.06836931630999346,0.012218443717349653,0.01163484552814846,0.71335668915816,0.006348214741128882,0.021432259083016762,0.15379984890011839
27852983,0.006202671672173,0.05180234866106056,0.022979400880602446,0.006413597353013499,0.04095338006430403,0.7926260559159861,0.016739869660988463,0.012731873979510018,0.0495508018123619
27853420,0.0032355143773097565,0.026207580532990278,0.13036610416325722,0.038883784599683086,0.7067153997264184,0.013598024850248792,0.003116834287470521,0.012544217134893293,0.06533254032772862
27853492,0.006417186205794478,0.0056908781509436325,0.07545954280855739,0.011279899842450663,0.21484176651349793,0.33260048311642615,0.003993319161541305,0.012413043735481676,0.3373038804653068
27853502,0.0028468103709635637,0.009775228299579245,0.09812268866425997,0.02019523261908646,0.7555729191939939,0.015143420565249517,0.002187118835963314,0.015068904330419138,0.08108767712048481
27853513,0.003551030922122433,0.007298383040673771,0.07927063165837772,0.017503489502844347,0.8016888998178049,0.015893946841120974,0.002092541829812474,0.01678729291737662,0.055913783469866696
27853610,0.001938062649829594,0.07557599528690621,0.24811600259604616,0.04405168793193596,0.007033828770343119,0.010958049150164075,0.008324971941247856,0.01165317087071287,0.5923482308028141
27853619,0.0007742183671075689,0.006074859804484863,0.0038548936936249915,0.0019013088633838102,0.002901724420387754,0.9374037628353402,0.020622353651361048,0.007829681807793783,0.018637196556515905
27853692,0.00612817083058617,0.004955561356850903,0.028381501460974755,0.009409828806812584,0.6753849814866631,0.026506625272636433,0.0024777394198202737,0.01704021560694307,0.2297153757587127
27853755,0.0072038608425453385,0.006683206099946976,0.048301060973369545,0.00920657339090267,0.6180388614394419,0.0229661793422751,0.0030985045280846296,0.02612509031120277,0.25837666307223106
27853819,0.003141570687733645,0.06609360092677047,0.026458022902305225,0.010945890493054016,0.00785902132057733,0.20298515155148883,0.016410416336403385,0.011062231484006736,0.6550440942976604
27853891,0.0032064423644838002,0.012327146787556224,0.031498473147374,0.016672321271542764,0.6565121089850933,0.022531843033905447,0.003654275795458647,0.022192356770321005,0.23140503184426475
27854684,0.00257712419716783,0.021074450190315595,0.015334695070010552,0.01556752761532588,0.6442720191842428,0.030394520896202194,0.003192567184382394,0.02281427600335585,0.24477281965899683
27854761,0.004832294536179698,0.014134865137322313,0.38784060017825933,0.012302649822395253,0.0269183705390877,0.41573180802816995,0.009597274407517202,0.08551420484908291,0.043127932501985586
27856185,0.0010672323671692399,0.011408508477750143,0.009281343244267623,0.004069048515241994,0.007067728204206623,0.9165531412855039,0.007286800654250751,0.01946557006204216,0.023800627189567554
27856524,0.001474690859991158,0.009530966279420652,0.008513832934364097,0.002272990888630981,0.0021983170997940255,0.5338826367008083,0.28125449134015923,0.006361490008103949,0.15451058388872776
27858079,0.0011179420097946202,0.012955569314358687,0.008880320828137974,0.00242728787744442,0.002571184348146104,0.7507049799571862,0.050171311816205905,0.006707037038332674,0.16446436681039345
27859622,0.006764067718759384,0.004803418322470657,0.020837634696795428,0.008589000878639435,0.004287277690150499,0.014881168278519546,0.008458778652981126,0.010542213783210722,0.9208364399784732
27859654,0.0014435531651100877,0.009760855663109667,0.03868225401160071,0.0031309546670760255,0.003443718337543693,0.13574768447833635,0.02032005449392019,0.007352187312215548,0.7801187378710877
27860519,0.002043888456353051,0.009124766691506461,0.009886085045088611,0.003777857395483288,0.004275465318802004,0.8888705136896848,0.03915497437740062,0.014783278302327767,0.028083170723353396
27860948,0.008444815585272391,0.0274339581472453,0.007367228768769724,0.007433787208560363,0.09219438655887527,0.812471622596659,0.012220346080756768,0.018548124303109936,0.013885730750751281
27861529,0.007730728228095202,0.03647182443406594,0.013100562302756184,0.00475685516464319,0.01846137574569748,0.865834452034236,0.01294678446119546,0.01210796491736428,0.02858945271194628
27861854,0.004981440691241706,0.028084457905607783,0.004144661847603743,0.007276568933848173,0.06773786408104163,0.8466588488580944,0.009517017046531536,0.015301271851010628,0.01629786878502044
27862367,0.0019359913776279764,0.3501377931328612,0.006490710449707738,0.008423460223391377,0.17585435523949333,0.42034401683104233,0.005004004175560387,0.018850704095902237,0.01295896447441343
27863325,0.0020229492539413593,0.009643395999582808,0.007089703067105897,0.0033847968377480526,0.009258401875516284,0.8927163189855908,0.018509136648601016,0.01542928994102495,0.041946007390888954
27863342,0.0037650288543454244,0.008499931118109193,0.014308798633930586,0.004171156553223494,0.008764394921129312,0.8477604504812887,0.023364133687766454,0.016099109020972533,0.07326699672923424
27863364,0.0039780097098935435,0.0391679124191743,0.005122576289429018,0.006152973214199565,0.1264150004907616,0.7806685765495399,0.009186911238870058,0.018209835970531604,0.01109820411760051
27863492,0.002601594805701603,0.007784671330826975,0.011924673629906516,0.0038396409816344136,0.0070879338858727695,0.8634707577059252,0.020260586583709557,0.013878728998697253,0.06915141207772572
27863524,0.0023320638990108064,0.0058209744264507216,0.004582018812809776,0.0028954674939311873,0.006621248561663476,0.9132800321420631,0.020533419604714963,0.012642070227947663,0.03129270483140841
27864385,0.00393324630588077,0.009261114796640262,0.016387980540933152,0.004688526270194964,0.007294375905478004,0.8685681082311971,0.03153171870976957,0.02043211059686861,0.03790281864303749
27866858,0.011104424630847943,0.0164659821390111,0.4839894488281654,0.015673887397924222,0.05704775249591497,0.041868165936598256,0.011299089774815096,0.26229150484323743,0.10025974395348562
27867009,0.000785515812452773,0.007645870615507803,0.005586295791937674,0.0016529323927752747,0.004706988983751088,0.935623068664404,0.014772344670477503,0.012186797652624969,0.017040185416068807
27867295,0.013619416448287144,0.025919855454619244,0.024205442011212816,0.016039938964909826,0.8012529102562767,0.015747860120343696,0.0033591019914552306,0.06022266226594647,0.03963281248694889
27867320,0.019730063074754715,0.030664492039832597,0.015377348869882323,0.011512990375357355,0.5810950814087503,0.027128512603698623,0.0040589455898275145,0.2731041540029578,0.03732841203493875
27868671,0.0015125396523543338,0.006375664724193577,0.010549346893011805,0.0019397741162008142,0.0026557794705006623,0.713158068866993,0.20032987713783706,0.011880951448369053,0.0515979976905397
27869124,0.0016700853494593215,0.012317832044873255,0.0076270031126519314,0.0031268147249067287,0.0129293847680849,0.4935029727260365,0.012315711720631811,0.42309119207619145,0.033419003477164214
27871353,0.0016085397776347014,0.014232897037096763,0.01292070787303669,0.003749556447254476,0.014582278169258165,0.8935986173817905,0.013452377878012551,0.02371148292893302,0.02214354250698305
27872065,0.00220762252545396,0.012161522279358428,0.024693252658302127,0.005517508277260184,0.007890096094439771,0.8682091786055239,0.027721385335666295,0.014963656822849211,0.03663577740114597
27872090,0.0019226596552646472,0.00954412875377399,0.013290796385624267,0.004093523744705709,0.006266067103287035,0.8972146419349802,0.020778426971272353,0.01419576243436221,0.03269399301672957
27872346,0.007608325752478188,0.01611237191506725,0.01516954303316582,0.011558235593133011,0.6085471582256423,0.00892033335773938,0.0023866707014173058,0.3191451988142072,0.01055216260714941
27872375,0.009536663190878786,0.06348419410827197,0.0233258985482844,0.008968071898349651,0.6430060165534683,0.06442285126898559,0.004437200316427699,0.02210706046066616,0.16071204365466746
27873105,0.0017337916127329294,0.005426079819577153,0.003081138037113832,0.0023074728907436764,0.005215966320080953,0.8206475783764506,0.13374990557908145,0.013560573608792242,0.014277493755427105
27873254,0.00495827648635384,0.027916392559182206,0.006570142332293643,0.004334260790777454,0.0418442653866142,0.8739805257457152,0.01161691217617356,0.0163176530380679,0.012461571484822022
27875292,0.002807036742402963,0.004386836429907738,0.016016299591818575,0.0047462073982672175,0.11012757647980512,0.056577224642494775,0.002882370073286195,0.006801616131681708,0.7956548325103356
27875536,0.0026922647248928283,0.032187693915086774,0.003884352407006862,0.0050956519970929625,0.3198676381692472,0.6021853430660745,0.006287464510152005,0.0179933489853143,0.009806242225132567
27875573,0.0023232743924931254,0.008131349925672701,0.02679250142484374,0.007948455711819393,0.04177769445182733,0.0212834598625655,0.0030608629445639584,0.009015082854196568,0.8796673184320177
27875678,0.0038471134304391553,0.031213515804231276,0.005111257340559064,0.004036752725260406,0.19375202223944943,0.7135444983302335,0.010076576748872607,0.019443489892077483,0.018974773488877057
27876547,0.0020097469395519243,0.006311440160268055,0.0059832249758380385,0.0027678521403196443,0.004703062178406423,0.8707307847724546,0.03700798007779633,0.019095467974981295,0.051390440780383725
27876652,0.003887357285406299,0.009772331907656041,0.004526501414081178,0.004819706460627638,0.13617115255046136,0.7741195838171047,0.01904817291618798,0.016289980153186844,0.03136521349528796
27877075,0.0019024725436121116,0.0054980923013989115,0.004271890220985968,0.001959257761074847,0.003931289511378125,0.459998995830661,0.4872306172574499,0.01934783935158106,0.01585954522185806
27877878,0.0008888546852489306,0.0064788236499306725,0.00582081599467458,0.0012366390344662969,0.002082226328371768,0.9201625228626125,0.022634311864861985,0.0059502520727552095,0.03474555350707806
27878191,0.007086337516460581,0.02447835338057117,0.03076638339581352,0.02146549976458716,0.798944086907842,0.011800032472079952,0.0030954341639177793,0.09133641070455992,0.011027461694167913
27878419,0.003252288469564206,0.018556986855393795,0.476401100532684,0.02047610045486667,0.025984507583283772,0.13401492121027325,0.008770169781817539,0.05423861750569656,0.25830530760642023
27879446,0.0015152834064020744,0.006869947893008754,0.0030787540060012923,0.0038221629797666272,0.0070207136953667985,0.8709286037549753,0.02640396420672004,0.025861428467459188,0.05449914159029991
27880308,0.006969045538143383,0.00559762777617281,0.011684574798635137,0.002048818200826363,0.0023625426442244074,0.06001576280187018,0.5594568118743299,0.0076104956781334575,0.34425432068766426
27880313,0.05957811277435085,0.006313123941693549,0.02221086139743494,0.005343740718168734,0.004193550779072088,0.20530213505702727,0.14206433330145324,0.009211128642172078,0.5457830133886272
27880477,0.002609644496954941,0.008214858346771188,0.013226266135921145,0.0026562626799225045,0.0024615562477467066,0.1215746826285745,0.5585351683152013,0.006948984047407233,0.2837725771015004
27882180,0.002489894333263266,0.0071089434845657135,0.007335157702430648,0.0025333836092246514,0.004357737675464167,0.7056519128449393,0.21187662238360808,0.014918067048965715,0.04372828091753844
27882747,0.00344074975791203,0.05307830421597379,0.16386279532302772,0.017340534930662684,0.466389495611946,0.02024142539028704,0.004034251840995463,0.053615643084904685,0.21799679984429066
27887188,0.029603079010357556,0.07499555925642827,0.02875774983169469,0.00913664835832998,0.08645357002672562,0.3335637729111407,0.007895398574797848,0.02691140429049583,0.40268281774002956
27890575,0.0028121594706436866,0.48738228957562724,0.0045500807399972976,0.007080842595963158,0.38840004236468073,0.046951723490851735,0.004803059508986263,0.0498876027110488,0.008132199542201006
504327934,0.008884032804064667,0.0227368049790267,0.0355542544207655,0.013885812944826633,0.031848463357444,0.1926930771245078,0.005888454288438274,0.027921363383227052,0.6605877366976993
504328716,0.00524632648476168,0.025137989103338254,0.04875785049970859,0.00719340163820786,0.0122375075968697,0.02983733214231761,0.008823762078067112,0.01524638189633724,0.847519448560392
504329271,0.0014205758208534823,0.048587826055961646,0.17762616962538763,0.008644685096590585,0.006863649811248056,0.271217725914119,0.01465456407431389,0.013214453659786216,0.4577703499417395
504329427,0.014741313758884019,0.025608226368607552,0.26593609621385444,0.03813493405536259,0.1490593675250006,0.2647057469161107,0.007923970452044956,0.03530010121502057,0.19859024349511456
504329461,0.004076228054741822,0.006730304876505259,0.04371314079838063,0.006563290116193508,0.012006090518140356,0.8306765388401581,0.007809773933848545,0.015314494196743146,0.07311013866528863
504329836,0.0018743516536263514,0.028222541358357136,0.14277081248367712,0.009982108059396502,0.008133795092072061,0.5538480525587985,0.01595207206350646,0.013841337389779216,0.22537492934078665
504330927,0.0032161869004991408,0.7778187060382441,0.044374568504892464,0.020941188024183283,0.07010937266666016,0.010445264831296529,0.003238952480555644,0.013844400651177601,0.05601135990249098
504333251,0.004651874268176043,0.06197438569525823,0.02714558646512333,0.009254525026736703,0.013331187955562672,0.4487239878294085,0.2641991812945051,0.014911196921689214,0.15580807454354031
504333643,0.0014866012629790833,0.044849672528297115,0.009855942612875646,0.004115233835660013,0.0065376853475742815,0.7900971552385412,0.017905352800579435,0.011132985168205888,0.11401937120528735
504334005,0.00313607521751288,0.06839868714971566,0.02038036028657027,0.006884985772420271,0.03712915180389577,0.7918656541439231,0.009021204402592017,0.019261549643278243,0.04392233158009183
504334043,0.0015767985726364965,0.020183059342551955,0.0071675114264259454,0.002838614155873746,0.002902758304793433,0.8431603763140649,0.038940087450883995,0.005779429762826469,0.07745136466994298
504336051,0.0032708318314075197,0.010274488680560486,0.010357577773174885,0.007639221423039027,0.00703459866178,0.6083184931815262,0.017943087820044158,0.012885424327252223,0.32227627630121547
504336563,0.003715382235455845,0.004184790147816959,0.030776842543276707,0.007347345817862917,0.014331620810163256,0.009941067798811402,0.0022074856978190403,0.006251692089632965,0.9212437728591609
504336564,0.00388929832137554,0.003335113610144402,0.019971444153523133,0.005178755086005047,0.012693665095694919,0.011807885737942643,0.0024405459486928714,0.005394453871034614,0.935288838175587
504336738,0.002592131489443908,0.007585644791875922,0.03221575671183426,0.007093044093709462,0.02508139293984854,0.013801428490647145,0.0029982892895259786,0.007806889811173438,0.9008254223819414
504336762,0.006925007903534936,0.0060123929935916205,0.09666667737645115,0.010145231848549074,0.07135359046061845,0.02207022927813898,0.0038205473094493664,0.008987693998510257,0.7740186288311561
504336812,0.0029792553375178376,0.011754745846597674,0.057463526620945275,0.014889169054274263,0.172626980499722,0.013485584733055866,0.003004780314610613,0.008553768570935271,0.7152421890223413
504336868,0.002428803384404941,0.010853145416779925,0.08910192074758919,0.012237519289667941,0.04039398515976721,0.02028196294016986,0.002879240153549396,0.01016014030109108,0.8116632826069804
504336915,0.004438024541021635,0.0056073527197037535,0.6284429522213273,0.010593804184903164,0.11543263273195588,0.07307681922199498,0.003319048428038145,0.01407852583697377,0.14501084011408139
504336920,0.0057067071542048695,0.013879087881878067,0.13103810010132314,0.04445439580194648,0.13719558592808992,0.02180792576465779,0.003464912466475796,0.011363108862941266,0.6310901760384826
504337993,0.001664235065462152,0.007799216577855707,0.012578064704902426,0.002699619870525609,0.002670336602149037,0.24951176357863208,0.03235923888744608,0.007965723711622588,0.6827518010014042
504338000,0.0018966398505115823,0.007897046410568431,0.009960577034157512,0.004020677381664992,0.0037073299604908137,0.6117971062950146,0.021115103550235156,0.0096999338965139,0.3299055856208431
504338862,0.001544083656530428,0.007444587147607682,0.008395837711747327,0.002926607838845572,0.0025811045463349927,0.8716170603139839,0.043599619539509055,0.006922910234755161,0.054968189010685876
504339844,0.004576149300808804,0.009375007651688238,0.007949703402540816,0.004878915761005642,0.007481983884040057,0.8221648077491086,0.06834966801424315,0.011211313852543668,0.06401245038402101
504340924,0.011917404065788537,0.02953884801532598,0.2223515643573622,0.021486973404404273,0.2842493498946618,0.059775729508253064,0.0061302729393099345,0.027571306972308,0.3369785508425863
504341625,0.0048753305523033955,0.13420329086257693,0.038014504304325375,0.008902699607029678,0.3171001404778814,0.25600058193298125,0.004766829213708811,0.02034527258506485,0.21579135046412834
504342171,0.004971986962251645,0.24143860025124658,0.04806658172355435,0.049403050814135985,0.07112829708311126,0.1301818797552025,0.005273939003766893,0.02724425905978092,0.4222914053469499
504343999,0.0023401869514971603,0.0187471701681194,0.008994908596904161,0.005701501876229313,0.006479151640406851,0.8225699732667645,0.035090432491685725,0.01303258359378241,0.08704409141461045
504345544,0.008993259203551809,0.013364390658827411,0.06346826686186047,0.008418138562018201,0.015112625482831994,0.4526703290311025,0.006578294336341102,0.018409651266385937,0.41298504459708063
504345636,0.011231807490154557,0.01360780487175637,0.14142338728057374,0.0072203656601532345,0.02281459746142184,0.2970313802816284,0.004600298406094748,0.013060279358218253,0.4890100791899989
504345932,0.0019722090328452057,0.006027088758360317,0.011442599739632266,0.0029681288969404286,0.011611330412701317,0.9048372143023358,0.0071697925272888735,0.00877916538680741,0.04519247094308844
504346223,0.02675853878997344,0.011603042903040248,0.03836365858842755,0.015112741583526079,0.06731736692009234,0.038009198193777814,0.008873015722657553,0.01768572570641452,0.7762767115920903
504346364,0.017119233022841813,0.016698910719701806,0.02034948088503938,0.005898028525306227,0.014639591272527654,0.037887151321692375,0.031064167893599417,0.01442567375534539,0.8419177626039458
504346647,0.00843893582287882,0.016803198323603163,0.02102674940287959,0.005049021560631174,0.013265001625707666,0.5795214579411297,0.01616344861167688,0.01322110872983984,0.3265110779816532
504347099,0.008276052341031523,0.017755962757487552,0.31654275602232135,0.006508865822198553,0.1816276097062247,0.024068153946811503,0.006224901632584706,0.011434659804430014,0.4275610379669101
504347180,0.007542601485209141,0.003670386239118652,0.407467487096674,0.007961117957172874,0.022078701451119908,0.027043468517830148,0.0034183630180465345,0.013991121912664974,0.5068267523221637
504347225,0.0049364112273048155,0.014446436525050737,0.20562251379497104,0.033308913108333435,0.15950816004844914,0.04219073856447298,0.005491162369131824,0.014949542772009335,0.5195461215902768
504347329,0.0032869228986285703,0.008976363312920892,0.4181063589420104,0.0044773634256179235,0.24835906407235225,0.08635532849234859,0.004733126721152405,0.009284608440061723,0.21642086369490723
504347783,0.0063908897368695405,0.012365590459546414,0.0223760824625453,0.00973514745607662,0.5762295575205675,0.2229410629779193,0.008350675397114012,0.039948064668522694,0.10166292932083862
504349952,0.0012584127755465185,0.02586466574715178,0.6332842969730571,0.014545901716178238,0.007475469753767049,0.01653459339142217,0.004673474606780313,0.0110168636587999,0.2853463213772968
504350366,0.0014609225255296195,0.020134567212125924,0.03952875385818313,0.005135070750656919,0.0034432211778151816,0.02352972561297516,0.014978803893502916,0.006016870000572762,0.8857720649686384
504351424,0.044553031147428715,0.007861190081172595,0.07146068725294347,0.008275635194879815,0.012791970993983517,0.2507872287222501,0.010097966222488593,0.014680997048764527,0.5794912933360887
504351466,0.026459764310852334,0.00781879659327119,0.024678727596087188,0.008858472016236777,0.010846674257549814,0.09149582191162399,0.01029146731074722,0.015631924171678607,0.8039183518319528
504351469,0.011106704156257861,0.34382404702426234,0.1430902413704292,0.15568595657376638,0.10880578896081831,0.06037531647639116,0.007984827663281523,0.05162479827216246,0.11750231950263075
504351474,0.007451199345275935,0.0034815793648226,0.08094798064474538,0.006570714588568424,0.006869567657651988,0.10276339613371778,0.007445800827982519,0.011063108753421223,0.7734066526838141
504351507,0.0033929989059132727,0.004302332687608723,0.016082842798803662,0.0031745844048112304,0.002776254320373988,0.7604030323066545,0.03128283651392127,0.0062338618208017255,0.1723512562411117
504351699,0.005530166765754826,0.044981183022250175,0.012150664638947848,0.006547916667052907,0.02343875339560182,0.7447275179239929,0.013085921041662856,0.017960656801121872,0.13157721974361475
504351768,0.006908863229294215,0.027779660433314368,0.031197079845418384,0.013831392512119177,0.0364742444030575,0.25628255050709964,0.0072292589944527065,0.02109627491352958,0.5992006751617144
504352727,0.009289271865472933,0.011447666485991924,0.07110645784045314,0.014538384996511774,0.019197036171676955,0.023960174768253763,0.004373974603451259,0.01820823707745177,0.8278787961907365
504353018,0.0012254409035422635,0.023363672273584875,0.8788543402200363,0.01807767483943349,0.009399172107023096,0.01226733101082047,0.004806684401762049,0.007515758255775639,0.04448992598802182
504353426,0.0014210644193369633,0.08196735793355647,0.7849124029998771,0.02908824617799049,0.019138913749150516,0.020737461273920805,0.0067711121349399665,0.014854077548425645,0.041109363762802005
504354365,0.002846794377731468,0.04856420813910944,0.010785234317154248,0.007660975327138387,0.04846194905487638,0.8368545507594425,0.006344849978106573,0.019278878701274222,0.01920255934516665
504355126,0.0015937292911323837,0.17222180586351274,0.6700478271661121,0.02117770425064954,0.04042081103239517,0.02756735324965695,0.027979930603955885,0.01335329660750073,0.025637541935084447
504357330,0.0020009970165797515,0.013175131257602788,0.004524175726296201,0.003765734159312444,0.004896776935456653,0.8773545028049321,0.06471509619923517,0.008020541723562494,0.021547044177022405
504357667,0.0051873587693276706,0.04640008810528574,0.009248491745206842,0.006411287259712856,0.026026836414108797,0.7929770998069512,0.01792280123636774,0.01708533098884575,0.07874070567419333
504357830,0.011993216828796387,0.01958362042947995,0.01671426509799095,0.00838710494810932,0.025669656800972558,0.6300152489457066,0.017813191156192724,0.01277642885383516,0.2570472669389164
504360233,0.003630957763789824,0.5393156243175682,0.06398141161680437,0.026682982024252035,0.10358322646068656,0.06735999868453829,0.004280866276210322,0.02024120932406414,0.1709237235320863
504362035,0.0018383273206730379,0.1269297983695996,0.05652190208791435,0.02371502876214875,0.01026846790305672,0.016019940582948804,0.004387427348903588,0.013099636329928725,0.7472194712948264
504365115,0.0025317814961424625,0.05768567860844617,0.17583105814333305,0.019743411036477657,0.7031414443419437,0.012277410208527463,0.002602888773497826,0.018639928213865894,0.007546399177765734
504366525,0.007169347211535373,0.042956088056268084,0.014678097554856977,0.008885495943495133,0.018234136878073366,0.11891388129585849,0.014496045114590655,0.015538160081170357,0.7591287478641515
504368253,0.004071132190798999,0.06165271104999112,0.009040089485337393,0.004240508341053457,0.010840154966118872,0.08062577847551539,0.02061523850182431,0.008973047076413145,0.7999413399129474
504368381,0.006142062561009089,0.03091180978228999,0.009345977571369474,0.0075673165593470575,0.027233379278017764,0.6683385836811413,0.01061596549170367,0.013687470207243948,0.22615743486787765
504371163,0.0011050373730890155,0.014832694708702259,0.00397203524078996,0.002964346372789213,0.003324136185737159,0.9022675600175687,0.03277553414561689,0.005899542380115625,0.03285911357559126
504376962,0.0011179069295542648,0.006246496249751057,0.011234924250380897,0.0016679785789725106,0.0015097312238296838,0.04151035854104129,0.0437932163188877,0.003540114804153263,0.8893792731034293
504380857,0.004253835683312628,0.026685885645308827,0.01400125578953196,0.0039342210383509265,0.011686354915485222,0.04163213442473953,0.014658218230998218,0.010569228446260695,0.8725788658260121
504381584,0.0009663695036088781,0.008383225796340533,0.013211256200305076,0.0020304354572890588,0.0014091066395692843,0.04443463944928956,0.023061379529507944,0.003763076643609815,0.9027405107804798
504381589,0.0009165786699819553,0.007337055287926801,0.005481320521373741,0.0014707451179026773,0.002101215122403099,0.9012390710969216,0.03467480332280435,0.005202683806741912,0.04157652705394391
504381831,0.003907540804918282,0.037754558103266264,0.01940269454378777,0.005751269501056222,0.02318565268119218,0.034137319571352284,0.007660576948803919,0.011598299425507727,0.8566020884201153
504382069,0.0027686439339877785,0.060089345250231074,0.03129177320887857,0.013889733427621703,0.01783755972775395,0.04048518894754195,0.004903328530624574,0.01176270672683335,0.816971720246527
504384590,0.00331753845819003,0.02969672881481212,0.016166585672248525,0.011685178268271887,0.014549328245593103,0.6521501756366637,0.01494590933138008,0.019088848377054525,0.23839970719578601
504385383,0.000504313634149582,0.006432269303128342,0.0024313351202476558,0.0015719783939036444,0.0027533051793333036,0.9598389535617289,0.010011439715697564,0.004551305911052921,0.011905099180758032
504387218,0.0006568547558209719,0.00461549291165592,0.004180309113209346,0.0015816245857003912,0.002946870297461368,0.9274442366097184,0.012732346299094352,0.006463610689744906,0.03937865473759432
504387287,0.0009428458864784827,0.005247700759736778,0.0034272006865062443,0.002110409096899826,0.004364865422548887,0.8731378351784951,0.014159627181314239,0.009245883932430376,0.08736363185558996
504388681,0.0006500904436032439,0.013947924021252533,0.01007763996759798,0.0031235228286457567,0.0031775957476239056,0.846618840107231,0.017419562741340322,0.004585006751524124,0.10039981739118124
504388798,0.000938736481458002,0.023926393753497577,0.05769076569492158,0.006998079053363856,0.004976623172029232,0.10319813365079605,0.017269122914561435,0.008171101962074587,0.7768310433172978
504389816,0.0035892861297000624,0.537796364667292,0.021731034710062026,0.027064072990393286,0.02523218910022335,0.16159765767780082,0.011268845680015743,0.01796570555592724,0.19375484348858546
504390492,0.0007520681811092283,0.00591601266186143,0.005629198071319872,0.0014693756351334866,0.002823085460016588,0.9217887019883118,0.020120059155122584,0.005466420797140892,0.03603507804998423
504390493,0.001070442647594156,0.007554791624865279,0.014354875911016335,0.0024305441354688065,0.0028574916297112365,0.702293461405217,0.02689820785651938,0.005580824202558177,0.2369593605870496
504390545,0.0008342532744715227,0.03502039834732957,0.02949237645895449,0.0057918579211330735,0.0038027347058149272,0.036496110218779805,0.009564293574276453,0.004972688587864464,0.8740252869113757
504391576,0.005350494241961058,0.03566392081737261,0.006717767382044636,0.005664675989918026,0.039686212159431626,0.8391155971936032,0.018742577526978596,0.017614857621533423,0.0314438970671569
504392332,0.005847854078050479,0.03278055336549897,0.006994051695464635,0.005481133754170591,0.035852806921965893,0.8378685187616866,0.019539696136822618,0.01407540301219798,0.041559982274142315
504395066,0.005778904535913411,0.01454233984295626,0.024801411441269468,0.007307504949654564,0.07268075974293754,0.8179448667353075,0.005283511296031653,0.022986606701282046,0.02867409475464751
504395322,0.0023387576052830376,0.07337930759270149,0.22458364955150556,0.02606310544008054,0.20229058147844597,0.11393120707600492,0.003160166438278856,0.016571434808748727,0.337681790008951
504395895,0.001063712117704017,0.005043776753840637,0.0043934729081485015,0.001892450471253294,0.0022291104556455654,0.9231706338113057,0.01969671976301903,0.005278184100842183,0.03723193961824104
504397336,0.005780050772002587,0.2699859344258184,0.03638594477791279,0.17785452807616484,0.09859825749965846,0.29759301187804754,0.015113489504973729,0.03163190996610827,0.06705687309931335
504397863,0.0007617616504106595,0.004465101234237227,0.0025715631315722833,0.0019876935272000384,0.003052495658847626,0.956668364840912,0.0080128478435865,0.004580016199419554,0.017900155913814008
504400079,0.0014857394660987646,0.06417154919480497,0.01026926337613593,0.008914470003146652,0.10969376035320397,0.7768967616612045,0.002800881985396107,0.015428167569437382,0.010339406390571725
504401003,0.003676916286014773,0.03671748750460514,0.008068143459103306,0.005749172236001171,0.03487956353392698,0.8557304419421286,0.008593012601038612,0.012513350297532677,0.03407191213964874
504401036,0.001253494617548191,0.013827001533435383,0.00423906696059592,0.002685875260978577,0.0052037079060329216,0.895169126574686,0.018279666869184787,0.007037821377820663,0.05230423889971763
504401676,0.0038653967296546155,0.030273389475394777,0.006841532878425589,0.004992591442231178,0.03232505119857082,0.8732279927139208,0.010855026410713562,0.013470442737376393,0.02414857641371233
504402555,0.004255368722847435,0.033851161476486466,0.007227117805220838,0.004388611460639476,0.032086387223028076,0.8603740569429899,0.017853269333367443,0.01671350093820053,0.023250526097219823
504408291,0.007713320346721877,0.023226906225147004,0.01875702699915473,0.005315763738023301,0.06326782695495012,0.7884358082278293,0.01290396081513323,0.013615029793348795,0.06676435689969161
504408409,0.012629468936372486,0.016466868171472044,0.01576504120108821,0.009090850355229241,0.047252083646447535,0.8434638001456738,0.010446264110357848,0.021306943124186732,0.023578680309172092
504408471,0.008805683240692792,0.011039646169021854,0.01079185656476314,0.004759745466836074,0.026014476393336126,0.8938161715032436,0.008347935597904482,0.012908667601862118,0.02351581746233991
504408632,0.001688764269615885,0.007694739615085305,0.01096972886138396,0.002227539197273975,0.003684546579523094,0.82150071522757,0.05276294549847985,0.006421460923099757,0.09304955982796816
504408669,0.0011564814859330883,0.006431766801146942,0.006091019468932823,0.0013514132626676807,0.00275324313724374,0.9013898100028187,0.04145448881899655,0.006793268836844454,0.03257850818541598
504408824,0.000833914973386431,0.005716168246370807,0.003154214364521336,0.0014745258124222492,0.0021327508908279696,0.9470801144695968,0.017479252849064018,0.0032538828051816094,0.018875175588628845
504408952,0.005756464881236033,0.027184686858409492,0.009505686496332577,0.010735365527052303,0.1467685552064105,0.6844905200327345,0.007895399129097497,0.021405260280162087,0.08625806158856496
504409199,0.002259096552053899,0.01894977393177694,0.027402946125986566,0.01172441096383359,0.0060977021946538,0.744890585532745,0.03424677972974832,0.007222623014397262,0.1472060819548046
504412460,0.0019713287229019827,0.01063226342617006,0.045088055806596326,0.0073783812261304,0.005438120334448888,0.6755962670127907,0.021198237267575325,0.0066355846752152664,0.22606176152817098
504413297,0.009350467336683018,0.02122075742442187,0.017937739545837973,0.015678885709853336,0.042268447942889274,0.813139825991344,0.014140912546357376,0.018664324143725944,0.0475986393588873
504413469,0.0016097938140217263,0.010616217196977862,0.06985053997033018,0.005934036977739052,0.004901500022088023,0.12902823400613792,0.015450779861510569,0.009477081680787513,0.7531318164704072
504413580,0.008730797849813336,0.009929737913634084,0.027101674479386665,0.0034378462942814486,0.0126519886849674,0.8405151018194156,0.012066943185026834,0.012192478992560773,0.07337343078091396
504414977,0.0016080598060454758,0.012806890855665838,0.3467705020433045,0.011648379723969525,0.009208255109408564,0.20488627597020098,0.006671912061727997,0.009484414619043617,0.39691530981063355
504416303,0.0012920633046619803,0.006688073350361838,0.021273726232874678,0.0022734288470542233,0.003518785207176338,0.4062698310315321,0.01988972788128453,0.005617971070064917,0.5331763930749895
504416469,0.0019175429465828162,0.29660930121066414,0.29492658323754967,0.0386178850411391,0.0636429669672028,0.13401657488200963,0.01372670323373635,0.025269874819124842,0.13127256766199064
504420292,0.002126874621807022,0.0034837837672406875,0.008701094758711465,0.001768070337949268,0.003350670618884438,0.906028099526911,0.013830422053358373,0.008454493374401533,0.05225649094073641
504421020,0.0012333478942370033,0.00943924398286458,0.040892380073391105,0.004298866443497295,0.011939016771623906,0.8684832565532352,0.009494226871492973,0.013637424986244413,0.04058223642341349
504423211,0.0023335035732305097,0.03417977220764458,0.039041156947501376,0.010810279609584288,0.005959328582554066,0.015643932526730814,0.004588706698616545,0.006918737327736615,0.8805245825264012
504423619,0.0012205202450439776,0.03013391207082052,0.02472004911438643,0.005680990332878779,0.005265113238618561,0.695671880560089,0.01881728737518299,0.00737507775680227,0.21111516930617752
504423775,0.0014224070983925733,0.034014242332382545,0.028161430594068535,0.011730759479995549,0.006156523873643032,0.7211942082608099,0.01511080991680285,0.010477332294341953,0.17173228614956304
504424204,0.0022624130928537178,0.009767404468114685,0.2830728125231593,0.007605930601949662,0.009021371800336069,0.3334953522391838,0.014235161789843152,0.025098017792916726,0.31544153569164285
504424299,0.0016738738412692407,0.006818057446491739,0.05318450078726914,0.0034040441192905273,0.006589525606889864,0.8305124603087581,0.01020527990895991,0.010384318206641005,0.07722793977443049
504426029,0.0008517520342385228,0.00814138661500058,0.005989700168549,0.0027201006122696443,0.002972079458521084,0.9318513916655518,0.012264571421846957,0.003949776842979781,0.031259241181042736
504426195,0.006992700574667879,0.02637146139338445,0.21159038319804607,0.28697244569665603,0.22437860363701928,0.18506294145663008,0.0037594874525838018,0.012977476357968075,0.041894500233044266
504426301,0.0043120245880197226,0.05373759927291831,0.08875158182175619,0.4555341875084647,0.18963543400553207,0.1124446990056815,0.004068650011595187,0.03176555143797446,0.05975027234805794
504427057,0.014073333378452336,0.029082980790897144,0.12244730589974669,0.03775859435851568,0.30833383880708676,0.21582358129563772,0.004320069360552719,0.22628813878682952,0.041872157322281355
504427389,0.0026967149455851855,0.07374338790992362,0.09925984028314286,0.0355471415960199,0.726285626446991,0.015470513735887417,0.002208347252638506,0.018243972191738025,0.02654445563807361
504427939,0.006362378636285186,0.020386602292679218,0.276853565598156,0.06084098337827733,0.444844272156091,0.0928767017587256,0.002295454828194719,0.039790987306034774,0.05574905404555616
504428006,0.004761441300058396,0.01079083212223595,0.174054695400263,0.014275298062976272,0.15162401553244576,0.1539454218171082,0.0028479052475085366,0.015781772383270658,0.4719186181341332
504428022,0.0027572280347457736,0.03736363931330453,0.06945190150408688,0.061624556551083357,0.5276858773439931,0.12230236052087484,0.002677272743618064,0.01970255515396742,0.15643460883432608
504428239,0.0029862057958686557,0.017800071851404295,0.027082723538003776,0.03005703345611041,0.16623223913689208,0.5269632219048146,0.003447146671659494,0.17326231090289904,0.052169046742347486
504428249,0.010743466717309452,0.015474260244568503,0.03920142151454263,0.031392357135194296,0.08393600201604866,0.1857099563988308,0.0046797270899553,0.4836273143439257,0.14523549453962475
504428395,0.002283630478736018,0.03226886989274644,0.042147422709448816,0.17459295382537904,0.5374815877702429,0.1637226286469953,0.0033921763112069033,0.023784547520484388,0.02032618284476015
504428424,0.0062083221553997725,0.04274025016086042,0.0262074114571874,0.041706741523707735,0.1471278415161549,0.14600864465762173,0.004311413983428449,0.3926086586249983,0.19308071592064122
504428819,0.002889169403598035,0.03937500132043541,0.0067141780827342625,0.007128906015331978,0.053953887417139385,0.8411270301353198,0.009368538083488812,0.014073557016516974,0.025369732525435486
504429299,0.003210274877947376,0.011738917380921107,0.05995574327344277,0.016268747936976573,0.07885058657796123,0.5976048338410616,0.004320317524780108,0.026530432732313248,0.201520145854596
504429339,0.0023881946298270826,0.006410998279946756,0.16803635268541647,0.011791821697222652,0.023497089648438226,0.4527528053451598,0.004710463625196409,0.016334756979348185,0.31407751710944437
504429343,0.00401349305160826,0.014039439407298999,0.035556908127959926,0.015443324365824717,0.25271300317844364,0.6026759889669427,0.0028349180927907456,0.03279267131019737,0.03993025349893363
504430437,0.000872970142994744,0.0076860250875159224,0.006170282319774931,0.0016645269673857019,0.002563500719129578,0.7646401689993034,0.018169506801043595,0.0047003493512357206,0.19353266961161633
504431398,0.00558434113632377,0.023814850340371105,0.03667613594812419,0.008697841409208757,0.07329070964103421,0.31230718200896734,0.009278034250735475,0.014298280757540346,0.5160526245076948
504431611,0.004331355186231269,0.042772276732942184,0.028684991317762445,0.006222631763394013,0.051885065338311054,0.5021359132863535,0.033912367605387135,0.014726353904186145,0.3153290448654322
504433659,0.0021374693715158666,0.26589803969914916,0.010474494034293267,0.014999396760142841,0.36534675337278577,0.3039364779729899,0.004362529623292024,0.014725922513142932,0.018118916652688208
533174543,0.09510099660159013,0.005832252870870268,0.009897106078001953,0.05400631133896837,0.3680691349147536,0.1394485293574676,0.01424357220325698,0.02024775212643371,0.2931543445086573
533174547,0.4338938790180241,0.012698081331765722,0.04276506205910781,0.05636514950152313,0.026672607481294613,0.12996132991942555,0.00929137578255626,0.02777184400498961,0.2605806709013131
533175655,0.004584971800394338,0.012621581996034711,0.028390367813378718,0.012027477431436178,0.007216364294078709,0.6323242076176996,0.025011463205883124,0.015136453167382803,0.2626871126737118
533175850,0.011223816698297024,0.028916450991819703,0.006452303436490973,0.01585366815621568,0.19879190983918238,0.6097475556917049,0.02469913491205624,0.03337595596761251,0.07093920430662057
533177196,0.00763992941634487,0.03067752187580539,0.031248692899830205,0.017526428025842564,0.07950967782018128,0.10420800905793956,0.01109336380119757,0.03596772482327348,0.6821286522795851
533177275,0.009743826761416167,0.029453265899662264,0.012879639741205942,0.011002645890213518,0.03736693551256795,0.05076532065677468,0.014271760414126594,0.024259735077297968,0.810256870046735
533177327,0.0189108956892238,0.0259843524059868,0.018810109092460718,0.014856147972202815,0.022156703530255593,0.11059734432715101,0.021438069134191967,0.031603764691309946,0.7356426131572175
533178326,0.0380269929146315,0.01822623352752873,0.008364229706983148,0.008719055114550386,0.6799665732697371,0.15667360839170352,0.013473222440793024,0.0418739291187846,0.034676155515287965
533178451,0.1482976345962304,0.01305014822639694,0.014925147120223024,0.004950255108719942,0.13200769782773195,0.6019423424192518,0.01076894086121389,0.02530361618372625,0.04875421765650583
533178511,0.35898451710776186,0.005945349865530572,0.02884071586080581,0.009891570527427588,0.19438782617915418,0.052526730070158865,0.006400796743653609,0.048063301322639,0.2949591923228685
533178855,0.008979572248374394,0.00883086932839071,0.006955591140776671,0.010483226162608486,0.738151465978483,0.10505227763708307,0.009407612109384306,0.07492071225058236,0.03721867314431699
533179869,0.007312610472890787,0.03716368226817585,0.006905645976412133,0.005994875409916919,0.048246128148215994,0.8063890631060959,0.034698657667172526,0.028577797025758054,0.024711539925361715
533180924,0.4506264531501888,0.007510685312275902,0.005209758720782216,0.0032899426129135204,0.008355883135239205,0.07008714248658864,0.43377784745616343,0.007804262286152616,0.013338024839695746
533180990,0.0035596253087243936,0.027757820702735025,0.015359084394176072,0.009756123316421488,0.8817745973862628,0.021943077617153257,0.004583785162718319,0.026723796817712003,0.00854208929409664
533182136,0.002134068152615141,0.004028528687966612,0.003703647004396342,0.0014078028797733218,0.0026566866511323122,0.9007186225897829,0.05698450324934883,0.006661257533462867,0.021704883251521697
533182633,0.00682359199208407,0.02235869364061869,0.005458075859965964,0.03700307492930071,0.7916533430664775,0.014641479958857135,0.003755544859843914,0.10766463598069431,0.01064155971215777
533184860,0.0044220896575794056,0.008087822314798435,0.004176596435312009,0.007765640825689929,0.014951916036729917,0.8562639447139275,0.05738018434910919,0.02917618334926375,0.017775622317589963
533184862,0.0013394923409581455,0.005371525289305031,0.0030586762853787933,0.0018851593019746558,0.0024913218030597688,0.7780856663213046,0.16203984138725205,0.0064066062957391185,0.03932171097502772
533185108,0.002768757433655108,0.0059889617472043905,0.0027369867812431174,0.004615532708869432,0.006630289051845445,0.8350030072010775,0.07900452386056643,0.028140359009514625,0.03511158220602406
533185721,0.0014295719201322698,0.005632762264201359,0.0022222228087246227,0.003170591721301382,0.0038489552226017446,0.9045491880869392,0.056446015809772196,0.010022588867773507,0.012678103298553789
533185873,0.006153956503843821,0.01763539866588961,0.053585992724864015,0.007462539222592063,0.015094209964809036,0.3371432861568592,0.03677828015823504,0.048908340967387,0.4772379956355202
533186174,0.01082461330461033,0.007729895481817049,0.01735599745013277,0.009175638399637347,0.015483271995090047,0.5930268646414723,0.012571729412835703,0.06620269339266752,0.267629295921737
533189525,0.009114524063051379,0.02507281352750388,0.3412626431356881,0.441352274214192,0.08073521257816954,0.0097897650396966,0.004723078516810206,0.030208318063869383,0.057741370861018895
533189863,0.0020606667883627775,0.0211919474075348,0.03055834318922611,0.8463539215169709,0.014959568494843943,0.010789198035616033,0.004945785538221318,0.02334078408131867,0.04579978494790546
533191217,0.005499291427430109,0.034256411356801166,0.04331492594282907,0.011321997492439173,0.00938933621200448,0.41148802792292627,0.05509286760773585,0.07501923033378408,0.3546179117040498
533191451,0.009547822223317794,0.004644755375504738,0.006368067781148759,0.003511443065873561,0.003169088507529449,0.05962501527795457,0.32137967627604075,0.010650376763221508,0.5811037547294089
533193707,0.012391660290590838,0.024705930349157846,0.005636886098022661,0.01023088658491503,0.03148990382689451,0.8346349374237729,0.031162111071690913,0.02621774169130183,0.023529942663653408
533194041,0.011099739990619927,0.015059296615215712,0.01305990734220161,0.00722607338247162,0.004841953008012073,0.08518370135498274,0.19328175133483366,0.028742720808717585,0.6415048561629451
533194885,0.006908501473913099,0.03352020122813422,0.004904408638657997,0.006250744271432034,0.027443811417069034,0.8273548330420535,0.04957178471945592,0.0235556051092882,0.020490110099995917
533195438,0.5606813171772852,0.006187653666449302,0.01240819070481919,0.055866626156586253,0.04539117332725407,0.05263476416443434,0.007987807465894243,0.014950872976032705,0.24389159436124458
533195444,0.23893794352260228,0.0052816116986086565,0.010982984821910386,0.02104777334116472,0.18458938187619744,0.3653533188808434,0.011533753869862695,0.011973967388491144,0.1502992646003193
533195449,0.45473474742348563,0.009013168999113051,0.022580508435375055,0.03356353823308979,0.011705750061090474,0.03798529268318692,0.038883290448728215,0.034516633558267826,0.3570170701576631
533195473,0.0069729299004765355,0.012183887050355549,0.014622907765604942,0.003097106065547732,0.0034798289880282837,0.48065925882368776,0.08588681615236213,0.010652204924305792,0.3824450603296313
533195485,0.284543071940135,0.00560444781791369,0.010215983309496527,0.019822408278206024,0.062385513693322826,0.17239194505299887,0.014683335667446661,0.011110339482409168,0.41924295475807116
533198040,0.005132059721044531,0.01080195526001531,0.017444834773205544,0.006562259608382134,0.010562307927907544,0.7095812253173845,0.0243372971208925,0.0236910638188911,0.19188699645227678
533200264,0.0033541731529261143,0.028280595619244505,0.18195816731335857,0.07968114824171114,0.08491564755374863,0.014820347243170443,0.011132940047633785,0.19233865824060214,0.40351832258760467
533201480,0.012664108896277091,0.03915435899672301,0.01901878514691117,0.026752206938690463,0.03838703900333728,0.5655259394710174,0.01402402001978355,0.07032052803460272,0.21415301349265736
533201498,0.020907218328006412,0.02423128802394414,0.042354460706703706,0.024701315375863904,0.16693202987533362,0.43874281964806955,0.00843747181181932,0.1446935706831187,0.12899982554714068
533201854,0.005160761697024952,0.4093532722151565,0.03836665995163665,0.024576338937187574,0.14671272872016872,0.05123037434950427,0.010597414532735185,0.04022398238692777,0.27377846720965837
533201920,0.0025398092358875466,0.2502995905312466,0.11809770552930525,0.10800042761574627,0.009978938540953934,0.04711238510157145,0.018577241112398352,0.02745287669455891,0.41794102563833163
533202120,0.0023007254087068652,0.013444933941760445,0.01275334578781934,0.010190542824461022,0.010138208917509724,0.8564585316583082,0.023047130746078438,0.03125465372651216,0.040411926988843716
533202555,0.0017321349299405393,0.006569449922862061,0.004209851040147832,0.003962798099574739,0.003756203179214093,0.8754158389219382,0.06706151382220671,0.010154121266582316,0.02713808881753358
533203002,0.01640857829902994,0.014195762925869567,0.013443579819220532,0.38056346888136405,0.010055348553250435,0.15530186994892733,0.01534196356772539,0.032310222243177304,0.3623792057614354
533203019,0.013947290753727278,0.013965809285011914,0.016027535856189653,0.5657039514359814,0.016223159456847495,0.019258147586879257,0.008907477909155012,0.034360618411661194,0.3116060093045468
533203438,0.007257679983784592,0.023937365779526786,0.011102330834812357,0.7835950213715099,0.055828272089426215,0.00802041051529849,0.0033624831874424365,0.0914237283701735,0.015472707868025555
533205437,0.002306974669913448,0.010774815721358726,0.008829615164839166,0.004961830552985653,0.004525385523794948,0.8341409661651031,0.04806966164710138,0.011772361573631826,0.07461838898127171
533205770,0.005718592849307332,0.014732854845071952,0.03365818544706306,0.04920641979471583,0.012225399405347141,0.25535050719166724,0.00721009563000555,0.22783391522801397,0.394064029608808
533207497,0.012782367485037794,0.009770442298559716,0.025259302132457157,0.01642958049445455,0.012468258059218603,0.8389580912123887,0.02158205104277461,0.02339482750259232,0.03935507977251655
533209071,0.014241167805660076,0.010836585689179007,0.012710733617025436,0.007265898655863067,0.004311567647609047,0.5318359842219135,0.18378306717233983,0.014175507815778936,0.22083948737463116
533213890,0.007140641943638171,0.037676842890219206,0.014656165001940146,0.011971649821253653,0.2535286170052265,0.6107205528530883,0.012512773088367454,0.02962477459539005,0.02216798280087649
533216743,0.0031630328937907156,0.011208384818278473,0.01034946438099138,0.007842043858630635,0.004602691119500586,0.8285352733436037,0.04319651664746472,0.020566616919115686,0.0705359760186242
533216785,0.002104543642433053,0.008572373837437136,0.00407632794844648,0.0022392643181549272,0.0023560431908878584,0.6965435957202348,0.18594178018628907,0.008666676757231196,0.08949939439888549
533218853,0.0112234625701547,0.008642816115747217,0.010166423343198101,0.011685521436178951,0.3571017699386976,0.024857654597639903,0.006408576096488149,0.5449500798290505,0.024963696072844866
533219145,0.005050803365358192,0.03128577188524811,0.009679383556661491,0.16518942819573246,0.5400934092877367,0.029114911009463805,0.004091547053489796,0.2094803608571792,0.006014384789130232
533219629,0.16193556345393018,0.0070790138101287795,0.016618595706553073,0.0064161795010881945,0.00930101098586608,0.5501426435307558,0.054950280166116715,0.10041851626125581,0.09313819658430535
533221725,0.026121038834804444,0.12102208005362253,0.3760608477490921,0.033837067150234504,0.007845117538052681,0.03309627364274765,0.026208647869996524,0.025718138748533834,0.3500907884129157
533222260,0.002815183415465637,0.0037214048934273514,0.003067898125816989,0.0017392503790858492,0.0025950233089949287,0.6806650094262162,0.2868088990792022,0.008724763934350717,0.009862567437440075
533222765,0.0026515595213718575,0.026429780123623996,0.004570912303021716,0.017130731310807185,0.7289415998678694,0.12343168098344577,0.003955998823616051,0.0868280811837963,0.006059655882447636
533223218,0.005259332302870611,0.02385898007909088,0.006970143688925531,0.027943426922946137,0.5526970992938993,0.2657123453585314,0.002597835683357886,0.10636744372189226,0.008593392948486104
533223882,0.011259207074988313,0.025179420550655186,0.003926979674661109,0.02078498889631483,0.16537451757951865,0.6011249140839938,0.08091452305947228,0.06394689287922126,0.02748855620117456
533226274,0.0054188921228701436,0.03505268836919651,0.030605681342606092,0.45155603669056754,0.08549354707768997,0.011349430522196804,0.005097739984668576,0.3532494340211816,0.02217654986902274
533228737,0.0063737053260162655,0.003857515647451583,0.0032438617211794116,0.0029656031058580626,0.0024207105522540233,0.020510636003937658,0.9311547263281362,0.005347712635765588,0.024125528679401174
533229360,0.025133902444302386,0.014349917132546339,0.039539916417355485,0.03340533013268755,0.20171515983808777,0.055050046422043496,0.008001413290126555,0.4596192787995492,0.16318503552330124
533229362,0.061837280348578105,0.00830272478906137,0.05920001296805624,0.017081332238282558,0.05234768209285032,0.033942410673416384,0.013400245662494207,0.4845871001622672,0.2693012110649936
533229379,0.22200745028919508,0.006189528284778363,0.009968133086071907,0.01022035708904905,0.3268130978682561,0.17638156477558306,0.008438288432701698,0.05674997574607535,0.1832316044282894
533229787,0.019814792287051686,0.012005581211367538,0.008231528608436506,0.009857264407516114,0.31544454703952685,0.04608487389498833,0.010523706576596579,0.3499255437739689,0.22811216220054745
533230002,0.006661730227100028,0.015886747050386164,0.08882780071281812,0.01716403176251029,0.009722776498357481,0.7129772340584377,0.035071115792638635,0.03481303543098596,0.07887552846676556
533231729,0.0032590956086283825,0.005426523519183549,0.0043854786636287856,0.0030391509381094118,0.0019647109115448987,0.1579865734987803,0.6003228542754357,0.008029451254104933,0.21558616133058406
533237211,0.002772136436117294,0.004749832951609731,0.00443534930175741,0.0027381393553228125,0.0024044867375893155,0.26011814954188056,0.6941354105095892,0.0065214718924747825,0.022125023273658995
533237330,0.0052046720837306965,0.012548492909520653,0.023637110034045915,0.01569342243265017,0.007075930371874666,0.7795173982372086,0.04459179005304889,0.015604513138349855,0.09612667073957065
533237348,0.004821348910250254,0.030854114160551647,0.019948535771669232,0.02002201280231842,0.0071127689752527165,0.5283448308703101,0.031121101052222162,0.048236101563892596,0.30953918589353274
533237744,0.003970003724745937,0.0060821043358817006,0.0070180112028858125,0.006366296269270923,0.003821179992380498,0.8592139583933118,0.062072515881425296,0.011160703662337627,0.04029522653776033
533238082,0.0020852898433111186,0.009275379113612262,0.005977193923533835,0.013654235122067185,0.006632600790118253,0.8832088316809956,0.029888521982807753,0.026476327896484155,0.02280161964706976
533239437,0.0037350167259632056,0.10675413804327856,0.056515182455851465,0.3187907261684362,0.14264362401151107,0.057188521733873315,0.0045924427344078015,0.254765954836324,0.05501439329035444
533240180,0.003073533380001984,0.008623999016143002,0.005181840584735155,0.006582085385067604,0.005545127366772496,0.553113071918029,0.33602211578386565,0.029531652235674624,0.052326574329710496
533241288,0.0018415926047271962,0.00406510960907783,0.0025130207699651896,0.0017871998194911771,0.0027700769712343657,0.8824327727845516,0.07049660975646739,0.012473089056335842,0.021620528628149602
533244189,0.0017178396718258364,0.01609088369580845,0.007296298107185862,0.004921040836459041,0.0025614631372272295,0.19101334670269676,0.09571769153008944,0.008116075948146255,0.6725653603705612
533250633,0.03641746570125001,0.0022574613332220893,0.00393773425243936,0.001684899673879845,0.002145706606568591,0.19632336012612994,0.7372223395082509,0.005632933390558046,0.014378099407700984
533253042,0.0017666786770308967,0.00799231672995158,0.003681774015109985,0.0035826160566827204,0.0030524322034242873,0.8599639184068186,0.07123768190054376,0.007381752888591227,0.04134082912184683
533253303,0.0034551717003393797,0.10579449282904031,0.006009450646188359,0.015424532884418835,0.08293368871852469,0.723490033298588,0.011338886244068607,0.028180437757305617,0.023373305921526127
533253452,0.008347306574517273,0.07750471574492226,0.014399644914664684,0.405028395372017,0.01732077719679326,0.1070405855200203,0.021453009228126967,0.22599519203006707,0.12291037341887115
533253763,0.001292432010011415,0.004870999073245626,0.0025404056167020387,0.002177101013121549,0.001873818793189287,0.8430414126622625,0.11188057505873736,0.0055031312319228885,0.026820124540807382
533254077,0.026833578523202777,0.0024586915922562157,0.004010831117212513,0.00205002830456001,0.0017067582606658345,0.06261274054899946,0.8661305757095725,0.004032561484290172,0.030164234459240474
533254248,0.002264466202335586,0.00859830366077225,0.00365372087290344,0.006005957544730697,0.004466738331451373,0.8627501697625144,0.06131929248734097,0.013332477554764379,0.03760887358318696
533254312,0.0018379689592356112,0.024650153332933473,0.02232920726667714,0.009695819534164539,0.00679284208644269,0.5199496591285776,0.030909796646394018,0.020817877210405594,0.3630166758351694
533255422,0.014078312015446891,0.01041281700817407,0.009223440371947946,0.01882891691976855,0.7957674369600951,0.01478300113124023,0.0030505316261214242,0.12051735230313378,0.013338191664072054
533255667,0.0012944817848172282,0.011409201462286186,0.007251114544123907,0.003023838698260174,0.004322606838648356,0.7246646239999972,0.07435163076573137,0.020301575017959504,0.15338092688817603
533256459,0.0021614028931542266,0.007947721492137322,0.005992383196148443,0.003982816926227525,0.009678865101724254,0.8956457047311277,0.020114197218865024,0.033936522072247385,0.02054038636836817
533256851,0.27807733447188737,0.01857269565001357,0.009994917583824526,0.05749332933238253,0.03261685187293331,0.2528443257101326,0.007333563333575243,0.02241099243571292,0.3206559896095379
533256903,0.0035889985174897172,0.013780209314482109,0.004567264587554151,0.03071687873869663,0.7824297448158279,0.014564932565020467,0.0020301386485364215,0.1411988046710843,0.007123028141308149
533257018,0.002664340599148042,0.002601504988587797,0.002597780843813187,0.0017369826085669932,0.0013043466521990056,0.09280236459657155,0.869351918437999,0.003899485879374892,0.02304127539373966
533258669,0.005971807236622525,0.07018354543584059,0.00947645847537405,0.01328091167037413,0.2532759273187167,0.5995311662724048,0.008982492241985404,0.0262955848785598,0.013002106470121953
533259172,0.003629182139163828,0.003782111178819514,0.004649036177524539,0.0025348007783682304,0.0018234119062760753,0.25023825903536934,0.5308657625279669,0.004755396252038809,0.19772204000447274
533259912,0.0012983366936063078,0.011401892309398923,0.004907145686037744,0.0045657240427974324,0.008790194140102436,0.9092179878103945,0.016262773760030394,0.01692896466475352,0.026626980892878734
533260880,0.004306228645512274,0.006343205188104613,0.00708482378090435,0.008283862582236694,0.0023005442132388435,0.05158694029095327,0.22252144768155913,0.010679102917564317,0.6868938446999264
533261570,0.01912257188090042,0.006847864584269615,0.011916446909593726,0.015380753027440134,0.7414035061254951,0.11988937649801285,0.00601402128296984,0.044130057474217985,0.03529540221710031
533261614,0.026178185411275583,0.00612342160444186,0.009969614770008593,0.009428678074288079,0.47142342879376825,0.08437126506899482,0.007408980029835908,0.1551224461723412,0.22997398007504583
533261629,0.05295221621222754,0.009421122558862646,0.10264758896029258,0.022426863374326655,0.10680247118795395,0.2649403574587039,0.012600091128495198,0.36525095117722417,0.06295833794191338
533261746,0.009553099230162267,0.006654622061187808,0.012331542766470513,0.011060666377060638,0.5997182299448716,0.04492751405743661,0.006235270460362963,0.21747908631866403,0.09203996878378366
533261929,0.003953698438285307,0.0022541609116023143,0.001797020932420186,0.001959848575350189,0.001697063623582305,0.09931536902280183,0.8774274956836585,0.0041234739936517805,0.007471868818647554
533263406,0.2738777738549243,0.005094293418576591,0.011859779839245951,0.010387992416301098,0.5383067911484409,0.092479801814429,0.008858636516804758,0.021786070017405165,0.03734886097387226
533263420,0.010529399574100862,0.010252676491157797,0.011871347520599549,0.007696110297731089,0.5357817436553364,0.22772103283166864,0.011382012751125353,0.04202316344198277,0.14274251343629746
533263423,0.3131976494323213,0.009397183230790805,0.01690140579869313,0.01140460308308792,0.01750700534263359,0.23678257618030263,0.034017326841534974,0.12991655121283344,0.23087569887780218
533263480,0.026214371361324523,0.05131703238328401,0.012740767479727496,0.006142398687345925,0.3529837040898836,0.39368315830504275,0.047615679727078586,0.02122889779369326,0.0880739901726198
533263558,0.016455391216309193,0.010435548783203368,0.014972208849395062,0.007836963575629678,0.77560203180265,0.07822357332608815,0.01906434127576119,0.025596142407627736,0.05181379876333568
533264115,0.002311902031230758,0.01667797672332297,0.022190434564046874,0.06265159072159585,0.024575993497008373,0.7133119274574313,0.010234096099287557,0.023867508459909745,0.12417857044616663
533264152,0.0036410382724273364,0.04253095873011957,0.01868304527700554,0.06431826621734707,0.051744154830946215,0.2735460065357801,0.010434079858332985,0.04232903997021376,0.4927734103078274
533264250,0.004181633989732969,0.05318169871430147,0.029302793172548205,0.5360046277016126,0.018185788026196616,0.06495952836434234,0.039261336102366165,0.06068778470590395,0.19423480922299563
533265339,0.0072881452214322,0.05854700378617464,0.013867042449617633,0.01581957279966424,0.10303801105790884,0.5630576405949449,0.008517082428537026,0.16456513000354012,0.06530037165818038
533266269,0.005369401603594524,0.005129100003037852,0.0036786446847781274,0.0040806668065521395,0.008728499017291875,0.8397860893655754,0.07743202049375852,0.03277524277894813,0.02302033524646343
533267244,0.002487039262479266,0.004180182357502264,0.002731339120349568,0.0029352546364133543,0.002345102589533182,0.6061260930788079,0.3407548383046394,0.006690866568401191,0.031749284081873906
533268969,0.0015023777357570443,0.01160992181298638,0.010932550466323784,0.006589989473548996,0.007153405607403673,0.8579437915883439,0.02479000273580165,0.021188240742087867,0.05828971983774663
533270675,0.04269021259655429,0.010506156732947435,0.009733582552801713,0.6181239783701091,0.23719367771627753,0.019545937978514814,0.0045891549005896625,0.030813992301599265,0.02680330685060628
533270790,0.004160574583276549,0.02641373512264452,0.009759382630527154,0.777227982051806,0.08894042520446062,0.008779934986619841,0.002178670583025137,0.06066227152340254,0.02187702331423766
533272000,0.04343811352435565,0.006575531646992043,0.014609885838088997,0.012578440272635747,0.5521956583283107,0.06586349136214738,0.004935416866956331,0.04014335140246847,0.25966011075804474
533272060,0.08328488164720667,0.006286525809862007,0.01357060738221249,0.013085877258503978,0.6432910709359605,0.04058353023337739,0.005699339336775352,0.04057535112377336,0.1536228162723283
533272113,0.11702373057855045,0.011047218147406416,0.009625686802094822,0.012779426260022639,0.47303139232762614,0.06544756209996767,0.00904691554940098,0.19093270672819596,0.11106536150673492
533272261,0.5906951183445079,0.006260693306733945,0.01310279375864317,0.011067669173952624,0.014511589857620166,0.22419355738276325,0.028967139583188667,0.07330607702425579,0.03789536156833444
533272274,0.019429538954623467,0.009036342452323225,0.005843815138015031,0.0024112033801385086,0.0028835438824352452,0.5821410778362417,0.1478456435511865,0.008424656372517082,0.2219841784325191
533272328,0.17702574317898812,0.005561970283368356,0.010523806104450532,0.009156716214048528,0.00993433100211454,0.685552194379035,0.037849868016873976,0.016441121344409053,0.047954249476711966
533272940,0.02512144390493078,0.01662475008828454,0.011673651761872307,0.013287678872663718,0.3711361156718105,0.2944143972547755,0.011045128313398728,0.23691704125497462,0.019779792877289384
533273103,0.008950196591162795,0.01788899054552386,0.006761135215003923,0.011636209279900672,0.6964496180831017,0.07283072631264298,0.0058930073439372845,0.16453563342487584,0.015054483203851072
533274934,0.003282528009598184,0.005853471895835417,0.004535313453061719,0.0028068443934273885,0.001976340838574673,0.41836850228668393,0.33225428153137054,0.005543583426484573,0.22537913416496358
533275430,0.0028059576000792567,0.007266403337861923,0.006228045312397964,0.00614913791194883,0.014599444196337876,0.900786811283049,0.009960166732156224,0.0334254763291472,0.01877855729702176
533275817,0.0030662643354710567,0.010373031610469813,0.11745644202591504,0.01156685728344923,0.07303533679164345,0.22467879179733116,0.017972200867257336,0.3752439815369376,0.16660709375152533
533276098,0.0009434144870968221,0.00411685968658151,0.0030830476204386976,0.003013778310674502,0.008689464551887594,0.9489659453127792,0.008572296002172724,0.012520776176429655,0.010094417851939241
533277381,0.03741909700296914,0.007920669254785946,0.009198700092626957,0.005994232722921694,0.01259398179103647,0.7785225261208271,0.09080291506157691,0.023151791496058647,0.03439608645719707
533277492,0.003812702594409655,0.009776760458797926,0.004883536600044333,0.002884579839069971,0.007291008626178277,0.7106634351673933,0.1323886939316661,0.06867505305057048,0.05962422973187008
533277542,0.010482185593598396,0.008948773911077654,0.0068616394690456965,0.004729528971824002,0.0127321964491443,0.6868042975566778,0.20783922882792216,0.031639111812647024,0.02996303740806293
533277609,0.01305695952795989,0.010995557821906395,0.006540444161371168,0.006295469222485716,0.015007677237568975,0.37127398753758856,0.04883401912511076,0.48273580139722466,0.045260083968783865
533277621,0.009940490719586914,0.012203246773727002,0.005665972089622356,0.006156708195838239,0.22186521409231344,0.5979792672065296,0.0163700599490966,0.08250566825150576,0.04731337272178009
533278764,0.005947453046279726,0.01744853018015933,0.0695674320267363,0.030222417856870756,0.005767590252384933,0.04781789701496395,0.020714618244303627,0.0697023026921495,0.732811758686152
533278814,0.00976398798246165,0.007325152817820533,0.005551208103392392,0.02859243642468358,0.004415273392893169,0.37033534608641616,0.12935215228825586,0.01098554879025922,0.43367889411381744
533280122,0.012824825538154314,0.022416301630063404,0.013317638936517766,0.012253365170902718,0.08512566177047173,0.7934280609670032,0.012644982463980567,0.031334133669451536,0.01665502985345456
533280233,0.003992643754607197,0.006882010204912738,0.013450499379456788,0.005636861649348002,0.009946849021608192,0.89941968137793,0.01792499778700959,0.016905510127398632,0.02584094669772881
533280441,0.0018865277511642855,0.012299641445792804,0.011748387498830422,0.0058678686055105116,0.019665368744053467,0.891545412510629,0.011929633600103644,0.02817447232381281,0.016882687520102923
533280749,0.00708642512370147,0.026814930360290958,0.009615875413439418,0.009116128021924552,0.08791617513973304,0.7999053644795462,0.011298038758299515,0.030533182204945036,0.01771388049811983
533280981,0.007644379257739954,0.007546262255624668,0.008226516638335275,0.006024215517541188,0.0030050381886727135,0.31644255669658883,0.15333007571084978,0.007937741689042101,0.4898432140456056
533281468,0.07723841896754502,0.006244742745244941,0.006774887029537295,0.10490543142130782,0.0054535510306136,0.48257978664198936,0.08257054908187977,0.01579190248008069,0.21844073060180147
533281489,0.005845023139884566,0.00896103256637738,0.03577538388667199,0.006938492029909704,0.004570029437145438,0.5405232124953854,0.05541190940256753,0.015439751444674677,0.3265351655973834
533281642,0.058354624429734436,0.003273022373624385,0.005493702513107351,0.0030305744885413786,0.00398869441504825,0.6550662426180982,0.22733956997434035,0.006550402516303006,0.03690316667120263
533281773,0.008193417250722135,0.006754890411043776,0.008232973803500404,0.006435622349356846,0.006493803184233037,0.5494285487516304,0.0876171176191869,0.03739805704222434,0.28944556958810214
533281941,0.0038426477633538296,0.01140329170442318,0.00900320809015853,0.004179132648514035,0.008006495327149234,0.7539815578100781,0.08837905728618145,0.06621568207272902,0.054988927297412574
533282091,0.0014964625137818058,0.006603400942415778,0.0034922050966612866,0.002192179055874409,0.004887131471805583,0.8581372373383733,0.07909725335346939,0.03150771836955006,0.012586411858068395
533282290,0.016968843338141252,0.008211363415375785,0.010268898526675207,0.0029819272875083293,0.003878859416647402,0.613474145647702,0.2602808130247935,0.009223675027343158,0.07471147431581344
533282297,0.033048102479407745,0.004955947329213516,0.0065099026958128975,0.003306191335219387,0.005679929606588908,0.5824128564864506,0.324202224838728,0.010188669314700898,0.02969617591387809
533282531,0.021382742986704957,0.008198979735719578,0.010495701357523967,0.005118339747355351,0.009458043219655246,0.5045770949390291,0.16576382803263484,0.02285916054434088,0.2521461094370361
533284501,0.0008798949913592564,0.005545597258137017,0.0027849842753047967,0.0028884702513419435,0.004806377982493524,0.9459700322423372,0.014567710468903804,0.007921801093926636,0.014635131436195836
533284750,0.001293162640419804,0.008175836939374332,0.0027881201353624177,0.0034190574631422117,0.0027863026817350253,0.8743563058269499,0.04784232953161355,0.006320303549801526,0.05301858123160115
533284961,0.0032691470661847474,0.00396803888319604,0.0027563622666762783,0.003066126741741869,0.0027608908515794886,0.6912668861996829,0.261805525163759,0.009057743387070558,0.02204927944010905
533285180,0.002958480427661829,0.008016989980871535,0.01168315585751248,0.006114530098827693,0.004648922859898691,0.8709938200193496,0.034431420386237636,0.011607384643179851,0.049545295726460666
533286573,0.0023064424419084817,0.02271652102366469,0.022617798970045164,0.018351908267821765,0.46826131942842314,0.329699499922325,0.007217391563149089,0.04603145121019571,0.08279766717246688
533287602,0.01198914569392232,0.04338088543446601,0.007638303100843349,0.01429502367617963,0.024181929576955846,0.785105347385073,0.01939309240027645,0.020588238915724966,0.0734280338165585
533288236,0.005483187284293139,0.003792927216044884,0.0026251740926938167,0.0019818343566615037,0.001564821898893362,0.10391004841727156,0.8484840414502167,0.0033758714582412374,0.028782093825683853
533288718,0.0056209531524830285,0.019411200147087,0.00875597716933267,0.016013983846835136,0.0039719375123128545,0.4952214475465164,0.050521027814705945,0.014720405990299376,0.3857630668204275
533288743,0.002435348290586295,0.012710489774605899,0.007913127110513143,0.005217969417746109,0.0022768819797784187,0.12861871573113332,0.040897289512347515,0.007808225579801581,0.7921219526034877
533289020,0.02262914969773148,0.015957879023773668,0.0058398936643937185,0.005942411136098653,0.010429278630290565,0.5783046575814107,0.25997965187647426,0.01237652563344405,0.08854055275638287
533290582,0.013314642063881521,0.014230055113707774,0.05576055996626802,0.005726547923806755,0.01115859677754769,0.494188090482197,0.05179717865926795,0.10000695406520213,0.25381737494812123
533290584,0.0037197027817201735,0.010546987955875097,0.01688413760363027,0.006891947840590662,0.01247406615293717,0.8609239007764824,0.02216395424786327,0.025134090278182652,0.04126121236271824
533290817,0.0026425520155072364,0.02038969964694937,0.00715272857748105,0.006198354991528466,0.023099325870010023,0.8528309372126934,0.012127887964253743,0.0565272807571471,0.019031232964429583
533291917,0.004492900028907673,0.07571741932181418,0.004903201853441672,0.0059893371659731345,0.02560450989223221,0.7953287252918315,0.024046273338371504,0.015155555404890216,0.04876207770253794
533292328,0.004538838760582391,0.014198636806152612,0.017430517305170205,0.0087448502108824,0.01750608798610716,0.8293991102958385,0.015832891355237116,0.03980675498253275,0.05254231229749681
533293510,0.004949621041668306,0.010912350941809887,0.006016694478265604,0.0079838952870473,0.002608169200446779,0.09712313775402945,0.3502549537441783,0.008361405032900136,0.5117897725196542
533293853,0.009265694174757356,0.015747487707944798,0.02028526364450093,0.011013132906906064,0.5376224967056542,0.18242502771262128,0.01658059060402598,0.168577784069641,0.03848252247394816
533293874,0.03555997870512594,0.012691126407096156,0.007827227821117711,0.015376421361588951,0.4299899093866203,0.03038955646818273,0.010494293931214236,0.4436133671450423,0.014058118774011585
533293970,0.006447234664294542,0.00966195420808726,0.006886825220710664,0.006572527404124144,0.2302054422893466,0.042778756967361505,0.011365290666882326,0.6601571041123155,0.02592486446687745
533294166,0.014854508504060317,0.035657824168425674,0.005179676037332529,0.029299823909617374,0.10133022804586497,0.43505394891772275,0.013782091159543364,0.016112999241435548,0.34872890001599743
533294201,0.0016276012348027831,0.0060683006207701,0.004036364016823219,0.0031842050372154346,0.008607649112568255,0.9246824375641245,0.01808314142901874,0.02149418527728687,0.012216115707390176
533294214,0.01572632625976841,0.02493385953942998,0.005345885048550445,0.03269173188625521,0.04885463831747487,0.7993370555790158,0.014605230803085375,0.01892421859041963,0.039581053976000286
533294269,0.0011314869587709555,0.009495803966451133,0.0029493916617615193,0.003710421343848238,0.0057878146981668425,0.9209114509802482,0.026094359286998842,0.010332470666114221,0.019586800437640082
533294280,0.07040057337865845,0.01722825787073027,0.006622008496709162,0.012584982951961116,0.028015604114283343,0.7737928570062818,0.01599085393150543,0.018364249010072106,0.05700061323979841
533295339,0.0019508479814281555,0.02739203143571233,0.005785772198290231,0.005960235080176296,0.004270625775504773,0.8278268560734423,0.030416160439829688,0.009576687699396886,0.0868207833162193
533295429,0.0037501055330271408,0.019779968197751963,0.00728142502801289,0.012668793069981485,0.006138441428197127,0.7744126104224857,0.02594615206497173,0.018447342111862046,0.1315751621437099
533296483,0.005230218588311477,0.005071584122910044,0.00407629878166448,0.0022849419705001928,0.004969226672480022,0.874397562582677,0.05811464595587298,0.017703343300030264,0.02815217802555358
533297801,0.006969116074690845,0.006233376107728121,0.0049095647205652125,0.005829458161193985,0.018031226168903916,0.5687918501292127,0.02222786319435924,0.34762537165454166,0.019382173788804285
533297907,0.0016181363830213593,0.011408371664758967,0.0029173372841358736,0.00800894686150778,0.946500868984689,0.00997919197831569,0.0013742268104893272,0.015074360122359982,0.0031185599107219747
589557727,0.002478563410716742,0.011238277382429978,0.009852055237179858,0.0053201114617428685,0.006245425232240112,0.9043970299580455,0.022695956646615216,0.012435505676649946,0.0253370749943798
589561745,0.0031454773856273784,0.028501238542671073,0.02815708018890973,0.02551755328656056,0.012523928736567458,0.027968012160938888,0.012106914807723291,0.020809744700432432,0.841270050190569
589566223,0.00417985952127941,0.0039149096495878204,0.00403040214440149,0.0022309292463890676,0.0028244629501475195,0.2201409477736357,0.7426399738099059,0.008213318586291644,0.011825196318361465
589569117,0.04397098430255338,0.013266771093800834,0.012488264195322214,0.007726095245352587,0.013839708119860208,0.7603244147432255,0.09237807238887168,0.020843526784388475,0.03516216312662509
589569950,0.002491168584543449,0.009541520454650367,0.008412151926548579,0.003790852817170334,0.00534062911399123,0.8960580225644704,0.04067388898750627,0.015613188013416188,0.01807857753770321
589570061,0.026652788694020338,0.017540763726488547,0.01346284326272934,0.008452023992796438,0.01854259703364745,0.8138197835222747,0.05578136920478102,0.019866590797854054,0.02588123976540807
589570487,0.00245919717654463,0.012347069974791366,0.006706099210949554,0.005275319199700984,0.008770813756907766,0.9101300939969039,0.01615126877341761,0.022554492967140762,0.015605644943643426
589570489,0.0029017080699178864,0.009907644727837821,0.009835196995671473,0.0043952323327827005,0.005984887203823804,0.8685369026262499,0.056536476940798254,0.022148724946117675,0.019753226156800387
589571551,0.002351779176166916,0.011003791966005167,0.006265635673821239,0.005711519845024929,0.004796821210732277,0.8996184858456804,0.03292917360685099,0.012330354813920783,0.024992437861797414
589572579,0.020322671708064934,0.027093129228094,0.018624670179248914,0.612179303396546,0.0404130382343977,0.060294141950365324,0.006712627973079997,0.08805320983331974,0.12630720749688334
589572580,0.0025871755159125424,0.011301468400903396,0.005309654506696337,0.004392066734501905,0.006762139936127472,0.8850066691158995,0.05285362969132146,0.020525963822138796,0.011261232276498698
589573474,0.0021922415202261535,0.011435035836139732,0.008179137759125458,0.004779559148417021,0.0073735508129431455,0.9106201905274869,0.020469887000301428,0.017779723387579188,0.017170674007780842
589573874,0.0053563100711969775,0.011380717669616474,0.012572703610209806,0.008533798602867992,0.007865162980690807,0.8362429899643079,0.01743265651956345,0.03496687218979041,0.06564878839175625
589574988,0.01813083262752326,0.007555391009791621,0.1437441211603699,0.18309506521084584,0.2713558367140756,0.09790546428512494,0.0066399918047760804,0.0838768263110192,0.18769647087647356
589575044,0.023423921335634482,0.007869700654806312,0.04251704422981695,0.03612757661708975,0.06501807103269061,0.2268003229603854,0.007406663305950478,0.26225674018637074,0.32857995967725534
589575060,0.012080901277433635,0.12778910541834573,0.07977431827573364,0.011212140548030892,0.20186127153739775,0.22858582017162857,0.006045615367290371,0.0626242090682824,0.270026618335857
589575078,0.007044749616839293,0.050441362385921236,0.33114853339250233,0.02059378035163837,0.28751066520212765,0.13464778682974063,0.005095035292952209,0.03205659788925556,0.13146148903902272
589575286,0.003905328811699713,0.011946912833462244,0.007094755993349259,0.0068309268745528505,0.0221983341340362,0.8922900136356962,0.017197906484040106,0.019828574227362238,0.018707247005801418
589577054,0.006333216412665866,0.028997044734148276,0.009431945701424749,0.009605276622171187,0.028370632313797873,0.8621500337789044,0.014973099611178285,0.023959329671766692,0.01617942115394268
589578162,0.003570883586375247,0.011431680807585184,0.018067298372451888,0.007431130304911876,0.007661261727346786,0.8628822127421834,0.02576433781063823,0.019390823602454275,0.043800371046053124
589578861,0.0017139267660009568,0.007679777960903428,0.0044287643847127954,0.0037528115856067037,0.004652635439714404,0.9267212094418293,0.024479699616801163,0.011397488578363415,0.015173686226067636
589579781,0.0032948851318670017,0.01988360627986434,0.04640138379094023,0.010305819220150244,0.010595100370670608,0.812140412696966,0.031411498687144185,0.022040037910550876,0.04392725591184642
589580528,0.00465888337321581,0.012087758997795798,0.025439668524860112,0.008884394969659514,0.009379919159528979,0.8262480353802928,0.027053717818870147,0.017572789921929566,0.06867483185384723
589580564,0.0021297918535613984,0.008436988488406166,0.00404481437149207,0.003497598701694277,0.006557816122107093,0.9224770215549052,0.024914288699518127,0.017318117443118786,0.010623562765196841
589582540,0.003432688357690473,0.00923218554188045,0.006405459012512143,0.0042671728729201126,0.005932497739390294,0.8938788385259777,0.049908964303699954,0.015009084802959042,0.011933108842969928
589583482,0.0018655656044581014,0.014956891066883807,0.007215219524625938,0.0058777444905683054,0.006767561488048482,0.9104589278678539,0.02082635101899425,0.01450838539520033,0.017523353543366867
589584716,0.002859800648333084,0.009477216084326917,0.010431212056695944,0.004445158437683513,0.005754682102376264,0.903360804141872,0.027450398529693283,0.013531933796623132,0.02268879420239595
589585690,0.0019923708479047692,0.00942286478094102,0.005166400244861395,0.004204592150359347,0.006175728715567968,0.9249488368063743,0.020954166543982244,0.01531378664282432,0.011821253267184554
589586337,0.00558396643750629,0.037881876365041096,0.0072435625352938165,0.011936286640974228,0.048629934718428754,0.8401360720728768,0.01141880300822054,0.024248316256019045,0.012921181965639461
589587263,0.0019588202866669033,0.010965312414081765,0.007391917094141966,0.004003145229976455,0.004786480901866472,0.9130778492867242,0.024608785741263316,0.01438811914855741,0.018819569896721625
589588472,0.004876317986161298,0.048103139270295,0.00823890034648949,0.015063512343905123,0.048441661803422256,0.8186464673867822,0.012800754908513508,0.02395912116183308,0.019870124792598108
589589960,0.002777984784796838,0.015458015628014219,0.006508130037999116,0.00575753034875767,0.01281220589770159,0.9002566122613747,0.017150370706337688,0.025873388554075758,0.013405761780942485
589590560,0.006619571771584768,0.035686333191599195,0.01120540541114902,0.012667222320914525,0.024460863381217942,0.7593797385507179,0.04257112542098104,0.023484817973241204,0.0839249219785945
589592645,0.0044153391189214915,0.007375926524798134,0.010392219096908508,0.012329348105683882,0.0075299918611062295,0.024843501124605795,0.009953633836406213,0.018873729786209274,0.9042863105453606
589595488,0.021476422362736742,0.02368614395750823,0.018097703332131572,0.01826819219146114,0.04475817828031236,0.8065136897056489,0.012043838713537657,0.030414700236980133,0.024741131219683292
589595509,0.014398734386781832,0.008629398723924509,0.020675318490108282,0.01677235930509548,0.019593309236984848,0.778845569974405,0.012017635570691089,0.04340254670162314,0.08566512761038582
589602405,0.001548191663041418,0.011084831737972463,0.005596827376798434,0.00321184347452398,0.004284889941937935,0.9248977207449783,0.021999786304627563,0.016346788740124785,0.011029120015995084
589602766,0.0073931288253103015,0.004393892998849229,0.005288293550508596,0.0029167297617638042,0.0027572688264544724,0.022144350575820034,0.9094622265081937,0.007455754703307945,0.038188354249791785
589603220,0.006518770330131588,0.03535177122395725,0.005579779412259048,0.011188337948404594,0.03896021828953233,0.8466236705147843,0.012513972927435354,0.030272611611477873,0.012990867742017723
589603540,0.0066154335373420775,0.007765082633955289,0.013173126813169405,0.005735748445923332,0.005270958442794384,0.842509605878202,0.03867373654311349,0.019419727389926117,0.06083658031557393
589604163,0.0034521647095545386,0.009001275326630791,0.00910027848912619,0.003253322135035794,0.0031754678233418886,0.8675608252949143,0.0566886313477124,0.012617928248871578,0.035150106624812376
589605780,0.002105006520502498,0.016986546482510283,0.007821518350153878,0.005234555855729711,0.003828945811004191,0.6125051235629309,0.18595316506731563,0.013592343740767714,0.15197279460908525
589605823,0.006402766464701863,0.028480853704880307,0.11512595485287201,0.28666137956630283,0.018011561633200942,0.1377044522140213,0.011379613558883558,0.2356747532319878,0.16055866477314934
589606661,0.001781587778818106,0.013629148180709054,0.004462640613162121,0.003751964888292484,0.005006733174779688,0.9119937606384264,0.03211851884440886,0.015490805338304558,0.011764840543098844
589608416,0.003509826914706211,0.026666841434624833,0.6626169532103252,0.08502809147787904,0.009646257880579039,0.055069180928243255,0.016338431533762653,0.03217843834689163,0.1089459782729881
589611604,0.002829186790407477,0.012580742003351788,0.02144798245730595,0.006834861189705083,0.004135321507400207,0.03605376512641222,0.040593122945064654,0.014558434219860937,0.8609665837604917
589613063,0.001802824744094553,0.017668283402498042,0.00656161170455684,0.005633276502298711,0.006290872463961563,0.9015238228978191,0.025438397559632477,0.019520170470674864,0.015560740254463861
589613683,0.0021252125159217936,0.010219343961934194,0.00818463292416742,0.0036986556442756015,0.002827370302920176,0.853233625615355,0.06670489478974331,0.010685492294189382,0.04232077195149319
589617107,0.0027277100624479517,0.029013050073354522,0.034323550209106206,0.015351596118918051,0.006897095285100984,0.1909499063429039,0.028278182278395805,0.025404290311847214,0.6670546193179253
589618208,0.002210502141043574,0.00979897808055905,0.01023947207743357,0.004053179981269793,0.0032216302493463253,0.8619565139680401,0.06435043485974504,0.0128000247171243,0.03136926392543829
589620671,0.005512784527285866,0.013154405840112373,0.053815922278306255,0.01235898707521475,0.010975190943900056,0.5272586185361681,0.01146469667041924,0.03552315862462159,0.3299362355039718
589620870,0.0038667470527398054,0.010760423583170796,0.021460862500344152,0.005020605622596441,0.004279175381930131,0.8380370277597722,0.04722724806400919,0.01891828607087905,0.05042962396455823
589620994,0.0024465262024847014,0.01099160284377768,0.004111804867780478,0.004310917088899107,0.008150051570960284,0.9176957838780331,0.021785624327100687,0.019763653185994743,0.010744036034969366
589621600,0.0026637383723921233,0.01594931091185647,0.008643000754571126,0.0051241122083390735,0.007704113280592702,0.8702384713108025,0.030646292829875018,0.024946391263846426,0.03408456906772456
589621801,0.00597613436760107,0.03882101433542617,0.013041887689645485,0.010982557703364293,0.014296465286222537,0.8342157595823299,0.02449291248361856,0.03202683142083068,0.026146437130961472
589621949,0.0018620609089969574,0.011112396994319627,0.005147059739497325,0.0033800360586022362,0.005323365806231382,0.9127203383504201,0.033181674216148,0.017091594720337243,0.01018147320544724
589622522,0.002458343519877092,0.016206074047731306,0.018475496782419023,0.010447557255756608,0.004832475487649943,0.8518560399139613,0.03257647159128338,0.02357988008641834,0.039567661314903
589626768,0.002121003813837719,0.011513886277714774,0.006061828392112787,0.0027494578493770065,0.004316297540847106,0.8820554347437682,0.05867571055571363,0.018820803450700547,0.013685577375928203
589626847,0.0020382090472927878,0.010537529272712232,0.0048261439248269795,0.002341619578502885,0.00396245088336683,0.8784863194991664,0.07032106933399938,0.012826922373056882,0.014659736087075579
589628335,0.0035009439659405067,0.012307476121562001,0.0219547100805394,0.0064852962394129745,0.005288102814819217,0.8379358281275308,0.04361024490251611,0.013401915920182583,0.055515481827496466
589628489,0.002656988866326091,0.005285069592338845,0.004106088507376646,0.0024096570734024937,0.0026920989319588495,0.6467842766867666,0.313045818065554,0.010439985766054491,0.012580016510222114
589628550,0.0034128322628769994,0.08483755262049267,0.021257659331381212,0.024274650240648378,0.012744712191890724,0.7409151376899967,0.015205098389121686,0.05527985443566091,0.04207250283793077
589628608,0.0019357671872204418,0.015478787041903216,0.009961521476188732,0.00418875666340422,0.004471436610918718,0.8527587316364322,0.059783566643275346,0.017439797552780856,0.033981635187876245
589628986,0.0038410236280921398,0.0062293753012000064,0.00751821350962198,0.0024907200267634396,0.0035902974715521204,0.7250126223512863,0.22437818412586716,0.009814600974085692,0.017124962611531184
589630160,0.002530941019995838,0.023994244502325315,0.0072967902343067,0.006134297628874028,0.013487591106653816,0.8932818644926906,0.014646741697675847,0.028470038849282033,0.010157490468195801
589633556,0.004858731625513149,0.01089006729006127,0.005408637182320431,0.008601545551988611,0.006924560904466143,0.8960963160061894,0.030150989807131667,0.01961255447120786,0.017456597161121367
589634160,0.0023688399814635486,0.00963067017629234,0.00725985870766355,0.005136311825406424,0.005430749096818802,0.926324094988229,0.016149734011870386,0.014151473260284129,0.013548267951971837
589635357,0.0020565634651804805,0.014636503094685635,0.006932594576640473,0.004508980492751238,0.005357712972302983,0.8935420683610503,0.03985989061127194,0.016805963393049787,0.016299723033067124
589637307,0.0037443306447775037,0.007058963000680032,0.0037727697593312516,0.005763238222527101,0.004583796859973307,0.754402561102897,0.19486181288629936,0.012023675355490262,0.013788852168024031
589638826,0.0023868381492012634,0.02584370716067838,0.011525370139129638,0.010391780368862992,0.014701641383877908,0.8607580407495476,0.016072864657544296,0.048425553190576356,0.009894204200581447
589639462,0.0012177150786514754,0.01026428240404492,0.004493151883753393,0.00217429830363066,0.003655050349606575,0.9424191078018667,0.016989482893905856,0.011330654822594785,0.007456256461945747
589639744,0.003353756863011626,0.007593570929912251,0.01209055565560157,0.0038265091249306835,0.002880108927557823,0.8641363129355422,0.04990790697060241,0.02245734603118314,0.03375393256165837
589641076,0.0013110987360157333,0.0038460062985521673,0.0030394724406188406,0.0027138894143413765,0.002180323222932861,0.934992549567209,0.02612663306712002,0.011472593817706593,0.014317433435503419
589642050,0.0016831361391913956,0.0054083857727714535,0.00421173144664552,0.0027090129902865357,0.002510586162064863,0.936482096311342,0.0210853518866049,0.013063552793737367,0.012846146497355843
589642482,0.006562911152984168,0.02032015074067507,0.007508117942658269,0.008912425084487653,0.013474587846965855,0.8707772649725429,0.019513904076038858,0.029099797194312216,0.02383084098933512
589643196,0.0020432763251377575,0.003311445038899849,0.0030184644460489627,0.0017186028611199517,0.0021087270430746527,0.8530267151859596,0.11267268017684912,0.008647423883232008,0.01345266503967808
589644881,0.002691342467841756,0.008579206456190166,0.015797523636202602,0.004044199014232623,0.006462363848329445,0.8916428412501896,0.02184690236190221,0.024779525807520845,0.024156095157590814
589645040,0.0020112410822613353,0.009185569535566063,0.008849741751304404,0.0035869604457934214,0.006034100672443152,0.9231601763828632,0.014163557009225647,0.017031804064443927,0.015976849056098964
589645063,0.6775623772178789,0.009883657020656064,0.013534863592283466,0.013028875846719754,0.01236128570374112,0.20238864879659693,0.02586959014380792,0.014007855262089676,0.03136284641622616
589645210,0.01852936369740462,0.0039086635741173445,0.005113547716666381,0.002756393331794315,0.00313015627146467,0.8317990696008546,0.08178641972966112,0.011922794969210008,0.041053591108826816
589645235,0.001044182318627423,0.0038877049726432295,0.0034941776829034753,0.001382086140108741,0.0018291292988562274,0.9372589332940511,0.03545804714716644,0.005965460010776823,0.009680279134866649
589645264,0.0010740144165235811,0.005753673791535718,0.003887312899241748,0.0015440708714161075,0.0025921006339205844,0.9495566470072736,0.020644243213705966,0.007115040781105212,0.007832896385277437
589645363,0.0018178224735953233,0.0172329411031723,0.006204852749667038,0.005834649367617719,0.01035502643994557,0.9066040084528058,0.01151548809224112,0.030468079464302116,0.009967131856653063
589645466,0.18965702874774315,0.006212151904672197,0.0063916198154526475,0.005838274475883129,0.006661865046126058,0.7458049716209731,0.013132660089879275,0.010878551522033694,0.015422876777236836
589646466,0.7688246926513502,0.0065435481226722506,0.04310106628185823,0.010425083575205635,0.005601722527227418,0.022637491211596694,0.054779173948430224,0.009566355152757687,0.07852086652890161
589646632,0.8069873750970484,0.005673284223214151,0.010342144329000264,0.02379266562503206,0.00545084305710606,0.052553586656148024,0.01684456957602042,0.00982922076661338,0.06852631066981718
589646688,0.774312297666555,0.00508175054177895,0.017445134589181777,0.03068097828016112,0.0049188927145534115,0.02914722717693006,0.010594939376622405,0.010228257782534484,0.11759052187168285
589646797,0.8275115388804254,0.0053726137174305395,0.008803102658830723,0.029868192311407693,0.0070202375617172165,0.06845577251516266,0.010836729689725204,0.010431191678940265,0.03170062098636026
589646862,0.795430983128671,0.007672766082464586,0.012165550708671645,0.04248864261694884,0.00898983920872962,0.05479557556774953,0.018343261236305815,0.014603684574789355,0.045509696875669636
589648314,0.00813104914964184,0.027543178326530204,0.01167238009461783,0.009504655876338529,0.015129376988307056,0.8698668838887285,0.01159549557727684,0.03176770713841636,0.014789272960142808
589649551,0.824452995844405,0.0070492307671181555,0.04917830075519934,0.006814570509636693,0.00536283618309627,0.02766041246190795,0.01679454739339285,0.010166503046364607,0.05252060303887907
589649953,0.0009831558466960116,0.010746527589275549,0.004504853761657955,0.0022364006256195596,0.003363384189234803,0.9403552308406153,0.018822893238699217,0.0087537670258819,0.010233786882319658
589650138,0.0029850486530910857,0.044704450483727134,0.2886024129685102,0.06382785535721061,0.011647519529382845,0.36777286860652103,0.09391593381278583,0.05693690186927321,0.06960700871949799
589650780,0.009008970140554273,0.0025292584684266815,0.0037821045691256647,0.0018271960976100699,0.0016591314600205138,0.019388220431290768,0.9375156655482271,0.005580416071754349,0.018709037212990748
589652247,0.0024805332799668644,0.011910207614224209,0.052567151279509616,0.01301753169892573,0.004128120941609509,0.03718429461640447,0.016562782585962357,0.025335376791039387,0.8368140011923577
589654014,0.0029507158506503,0.03430993109495731,0.351182187492725,0.024714682950256642,0.017387779513873585,0.44066775684513104,0.009513105997716252,0.09346863649389661,0.0258052037607932
589654034,0.00389492086090715,0.16540070969734838,0.042045726847806345,0.20813805389813245,0.0373435846714588,0.3231668163963471,0.010571702333387757,0.19534478839272998,0.014093696901882
589654154,0.21206967579046104,0.007855561090399466,0.008794657299777664,0.008542567491998762,0.007265202625260804,0.4937743768331765,0.05703226439874243,0.018474616798872925,0.1861910776713104
589654176,0.3253318490375098,0.005842615986911212,0.014904416779840135,0.4571206714523892,0.009115862155736235,0.038867316771332705,0.004203218547258237,0.053459068647692176,0.0911549806213303
589654183,0.5220762124207468,0.006884504634713025,0.018267169842463914,0.134094818713671,0.011685847634540607,0.040500119521803775,0.004620688159231882,0.03818391903612961,0.2236867200366994
589654280,0.002031024270470319,0.020009411718101878,0.006278458333460181,0.007560996789383977,0.014746166567628782,0.8971395408713603,0.009183192097191343,0.03172632437866991,0.011324884973733327
589654379,0.0016707712903761005,0.009749180580540947,0.008282959606908929,0.003467273494357028,0.005249951443858527,0.9159527088127839,0.01843559783849125,0.021115306505489304,0.016076250427193958
589654778,0.013320899879318168,0.03106144440415108,0.006032265651331509,0.02259362568679897,0.0538748826440959,0.8158260534887041,0.00747933808912554,0.03822597317945738,0.01158551697701744
589654997,0.0032835223836531592,0.28602767542450824,0.017134788712155992,0.3792145726624882,0.014850205256276021,0.17732249858231489,0.04411909752359752,0.056983070134379046,0.02106456932062694
589655191,0.0019895651959604575,0.01104997724150444,0.013199551615509798,0.005419745470125603,0.004812163882717304,0.9130658491602506,0.016943815446464016,0.01745671599568787,0.016062615991779886
589655314,0.0011067895390492008,0.007283826198930264,0.005940102814072415,0.002588930596161391,0.003236100557278922,0.9435564716483105,0.014213130891839397,0.01249628636654627,0.009578361387811655
589655401,0.0014618219544239685,0.01557329506055826,0.00502340864760149,0.0036763519835614857,0.007466982700682409,0.9271257070662419,0.012083674080904007,0.018923483947781844,0.008665274558244673
589655420,0.0036385069346736264,0.08008172637274644,0.006984085216833301,0.012908693170748171,0.025030807989754506,0.8120183964328603,0.010574904131982976,0.035501291669954894,0.013261588080445742
589655704,0.001605660065779447,0.011231232641680586,0.008013027444645326,0.004197801310281398,0.004216686850979581,0.9271552077405447,0.01151269019596085,0.022683318809221434,0.009384374940906758
589655845,0.33344562918660087,0.007878741039554273,0.010906115329585395,0.02254687251914101,0.015378236221403524,0.4395731947413003,0.004739677073431329,0.13872020573124524,0.026811328157738
589655876,0.0022789834605892513,0.007224593002084518,0.0033718719586908552,0.0036937527191485235,0.005365411033742429,0.9305696145345369,0.023748617226137768,0.013817246713519752,0.009929909351549993
589655913,0.17946946015432452,0.005494653751232721,0.007504154806540229,0.010155585617095661,0.010991564008497975,0.7437512445266921,0.004749209059941569,0.024867473454157525,0.013016654621517607
589656289,0.6579123552983568,0.08530864766745898,0.02354264122225938,0.008992487149627169,0.006085163680548838,0.05108209855605128,0.09746057407261849,0.013410857871276492,0.0562051744818025
589656347,0.7294141530869556,0.03903742003737896,0.025228871603036707,0.006089672218064502,0.006608019571690287,0.04206504327898233,0.06971827377765964,0.01356252061835168,0.06827602580788025
589656594,0.6827597799566182,0.021868528941853586,0.012429781061168703,0.04523514705568539,0.014694499427862138,0.07733559145470804,0.10080615934740789,0.017365303155876016,0.027505209598820028
589656969,0.004201013995283426,0.02546748245889325,0.302173663931908,0.03096061052682808,0.004639856940744325,0.03694139547420196,0.012151269974005396,0.025755491864249,0.5577092148338865
589656997,0.0017500697820899888,0.018517177679214087,0.005757340474169469,0.0036411343617704433,0.009213659314409211,0.9166917891211089,0.014744454523029539,0.02210336440490313,0.007581010339305249
589657024,0.0012015341682990737,0.012611907539072131,0.0041310083039789855,0.003121973015072774,0.006040457079320384,0.9358925210124645,0.014780441873180448,0.013795580252761307,0.008424576755850401
589657428,0.0017172784916615533,0.007139333409467584,0.014036680877013508,0.004166795606845318,0.0030623786289210365,0.9034722770051676,0.022512782549007928,0.01485919163266229,0.029033281799253175
589658507,0.00604216947019885,0.0051754062196341655,0.012543542988637862,0.00769012741693287,0.002595375254891679,0.3610878705161065,0.019903594543582887,0.020159063748638507,0.5648028498413766
589658589,0.0011587741601679128,0.007646775313908618,0.006108900569062996,0.002665978045715089,0.0032551813160260033,0.9467671542269318,0.014473403560842955,0.0099562063342414,0.007967626473103189
589658819,0.010935171919484442,0.015938172493056364,0.011545590620589382,0.015955064595226404,0.013781918797451533,0.6609666646682281,0.01201915785056825,0.0462286548256028,0.21262960422979277
589659155,0.0008565665972926515,0.003840125840407054,0.0021492891990024126,0.0011479137322789506,0.0016592279226548521,0.9547911555225255,0.02495023090817904,0.0054640964089482215,0.005141393868711399
589659326,0.3638664034041503,0.006134041309671252,0.011983111744664971,0.22451647771066005,0.0075848915301141105,0.020842756020540136,0.0033566327688147827,0.06999136984714646,0.29172431566423795
589659508,0.44005137355937185,0.005748234269297167,0.03975420587897982,0.13246628233279237,0.006555608345197606,0.05089161511611966,0.007292463414252741,0.02564079497673933,0.29159942210724954
589660168,0.050778329718667976,0.011973215041511422,0.010129200172087394,0.01856120226743982,0.0166913963187213,0.29982963528461753,0.5144775834487424,0.018219075098536413,0.05934036264967571
589660415,0.2598186184700313,0.004215209990080788,0.005391598549605826,0.00889621065791887,0.006389581839574906,0.6706066405011002,0.004964642840814081,0.027718119891583,0.011999377259291084
589660452,0.0032077818323571023,0.011193096559542362,0.015275249152532625,0.040006148643448314,0.006276581286027092,0.06812148180769236,0.008264265555477575,0.046934037586746774,0.8007213575761758
589660696,0.14324949516538601,0.006449698170450984,0.010111060959415202,0.061675659155735724,0.010538408322117892,0.3529898193885358,0.0048873136007510165,0.16407090586228817,0.24602763937531913
589660762,0.0030274843593839315,0.011409493585812093,0.02915083802427208,0.010867683146102852,0.004818465683594371,0.8492783478959021,0.018788570420429328,0.030490897873059416,0.04216821901144382
589661376,0.016354922738812908,0.06267393781501503,0.008686680639741337,0.16339196851206778,0.07644428748244975,0.5615142791844671,0.04782822765755623,0.03921397613538895,0.02389171983450097
589662414,0.007502783428961968,0.018672771685323757,0.011166547166987397,0.07773704099003824,0.03588200624588605,0.2465534029148513,0.006418485823012483,0.049071674248100584,0.5469952874968382
589662481,0.005452679003571298,0.004985213327466284,0.008022732620945099,0.01556176065314999,0.02065065306389058,0.049850388427024134,0.003465921983145686,0.02233014846299095,0.869680502457816
589662575,0.0070651800652801345,0.008500206983321382,0.013661688854763447,0.1184487285577448,0.02471075407162662,0.1615849878420791,0.005281119849811222,0.03349501071949354,0.6272523230558797
589662718,0.0014545208323276102,0.004609093074391252,0.0024044278223343775,0.0029431660483703907,0.0025642668319187474,0.9351233827918555,0.03262464404598647,0.0072904171846391135,0.010986081368176666
589662935,0.15338151714680082,0.006564554491860629,0.009234924090525594,0.008054387803637925,0.0066889540950668125,0.7569744042896939,0.012440955853243894,0.013566335341645855,0.03309396688752467
589664264,0.0011973346224069133,0.005809414024364919,0.004567827409018853,0.002620749549143555,0.002375445393277068,0.9212654838419809,0.03203849923444598,0.009641869262556942,0.020483376662804816
589664422,0.001288877370474303,0.016597829077719922,0.005923128999395395,0.005888896163949284,0.004822135145524388,0.9100016704858715,0.023108026687811367,0.0169772162932599,0.015392219775993895
589664612,0.4741855336668034,0.009855480205891026,0.009607584581938923,0.005508272804646393,0.00911544732319763,0.38424999089407313,0.06164409967017727,0.014755502486328674,0.03107808836694359
589664785,0.788965879901389,0.0048852508142915845,0.007110663888042387,0.04694448928874753,0.007830045724076046,0.012259576148818304,0.0029381074445957948,0.020628415684657345,0.10843757110538205
589665151,0.0018592270084323292,0.02628401472826726,0.010834641517930947,0.005385715254391672,0.012964000014537602,0.8987778621331639,0.011552694668712428,0.0232148206691989,0.00912702400536489
589665712,0.0017353526843556294,0.011823385459259525,0.004654454046843682,0.0035116582073388184,0.00677522587834974,0.9168286545130772,0.02644187620202019,0.020656379498403536,0.007573013510351709
589665871,0.001010278197224995,0.010130508282898514,0.004025270631980903,0.001883377505101194,0.003853318485088837,0.9472347636022556,0.014464396971218658,0.011193426386617064,0.006204659937614453
589665881,0.0027236726430552595,0.012487628719009448,0.009039930009612953,0.007717000635228339,0.003008093493425092,0.8419381641330991,0.041987372746087374,0.01797144359940717,0.06312669402107536
589665931,0.0035547676508606014,0.015742524230931795,0.005197852961525554,0.009309038116234881,0.031360504220963266,0.8769270303197803,0.0071444114377443016,0.032922765437301646,0.01784110562465767
589666035,0.0011419571059565195,0.016813122514373773,0.005967197069579942,0.003045568196482794,0.005547319784856723,0.9302737159683554,0.01378027366927847,0.01420922023278672,0.009221625458329672
589666037,0.0015214203129304924,0.020765565375060125,0.009260402276636378,0.0038890618752035785,0.00836222314911875,0.9149047859735369,0.012602408676347914,0.01976103267462275,0.008933099686543208
589666050,0.002319136676130608,0.008924541304681817,0.006920433335765405,0.003967145162922537,0.00455140054101032,0.9204381715529968,0.016630688234723513,0.02755598939246948,0.008692493799299442
589667016,0.006599812645300742,0.013192584949928804,0.018501349030173034,0.009819746521190732,0.00723503470457166,0.8615860041458886,0.01657734155684511,0.03659392980043196,0.02989419664566937
589667061,0.0016215438240912011,0.007780291592132873,0.00506038844416903,0.0021464480614291057,0.0023143203642716306,0.8450139000252024,0.09938268606826618,0.00984667288919304,0.026833748731244614
589667121,0.0016737135279806339,0.013292038396784086,0.00830782237087452,0.004429609333269816,0.006186696903816883,0.9122465596240599,0.01201216884797582,0.029555191192335413,0.012296199802903042
589667280,0.0023727220839701987,0.013570303576998368,0.005497691675320735,0.006543835166081007,0.007588405333504699,0.9050498814848447,0.016326276344809695,0.03158753588076804,0.011463348453702667
589668178,0.0014587651597404688,0.012253287554548029,0.006619798188718716,0.0030702493645709842,0.00818339366225745,0.9278920031829299,0.013885513782855312,0.018890862487885282,0.0077461266164939434
589669967,0.0009935181212116727,0.00486122850798393,0.002539519177947571,0.0015507179621401803,0.002783002129026787,0.9332306985386855,0.039523982207719875,0.007886100747878152,0.00663123260740644
589670413,0.001870507079371512,0.013005513377504134,0.007301739506434093,0.0071249084311562185,0.010991896933098528,0.9083174160750052,0.008123898938351574,0.03182226425558448,0.011441855403494378
589670559,0.0028244575170471467,0.009996042850895835,0.015519659012633571,0.006442571299485548,0.007370073832860227,0.8967009104039514,0.01734436185120286,0.025322340747289476,0.01847958248463392
589671370,0.001813329518565297,0.004777279393895966,0.0023615168118085433,0.002036854306540557,0.0033024403925576754,0.9190922452546837,0.05178960321508059,0.008135000926230023,0.006691730180637514
589672410,0.0033918374956098288,0.014166911486765757,0.0521543868909244,0.009594259751303853,0.0033787166393840296,0.4099935039867749,0.026967324230361855,0.02461399446911627,0.45573906504975914
589672725,0.001050108195606707,0.004996629946533515,0.0032405662799311016,0.0020672800500553395,0.0032733063071340523,0.9538929985245542,0.01198578118538907,0.011922453510535284,0.007570876000260625
589673081,0.2133048941247156,0.005000384494712679,0.0071330887658618974,0.010997208419042115,0.00986572259218655,0.6962959194307112,0.0042263428625832836,0.03988835319618744,0.013288086113999084
589673223,0.46505868448789767,0.0056154414049014775,0.0056005802374001585,0.006780711715414776,0.005964484502954245,0.419848128168559,0.014502753678410934,0.013249627172643327,0.06337958863181847
589673447,0.1699390065824984,0.0073022856869126886,0.0068193054730647865,0.013761309994248043,0.012362798312242518,0.6974541105287215,0.007645023973951018,0.04527332610182077,0.039442833346540265
589673567,0.6389082385739391,0.008522904831639196,0.011274785583047783,0.04041051730880688,0.00822019325555008,0.061456902806062745,0.0056385504020254,0.024823992385565565,0.20074391485336318
589673733,0.7184298954231249,0.00470450751071807,0.010101676050187016,0.13498353309707564,0.008465673192520467,0.010111153293804133,0.002778684166428533,0.019246754610208455,0.09117812265593284
589674007,0.22656208103703188,0.008261027033156383,0.0124952996441978,0.007035774222067059,0.00708918079762671,0.05044360973378135,0.6118225778273978,0.018876369763431617,0.05741407994130933
589675810,0.0011658835703595976,0.005432584893542096,0.00257576382982627,0.001317398153894826,0.0023396731392157396,0.948935466322031,0.027264264151920597,0.00612069248125528,0.004848273457954778
589676011,0.005757281710107452,0.13529583313814247,0.03166326967803986,0.07064156449564697,0.1762254317461303,0.19036125216450417,0.00571498460559995,0.37538743672064817,0.008952945741180588
589676630,0.00956990070781053,0.0035765753338413884,0.00787263103476388,0.016519946467451495,0.0036774874267316,0.020068885952145638,0.007825138123771986,0.02813967290250336,0.9027497620509801
589676857,0.010883512940275068,0.007325467310219182,0.01172337648788014,0.10590600473685294,0.007890425000208763,0.0645813057782565,0.008608560127817867,0.044302764815436275,0.7387785828030533
589676979,0.006985534361699369,0.007527226253207389,0.009545780048299228,0.08537934014868431,0.005114379830878172,0.1956156173526104,0.011606886821098629,0.04214104950257554,0.6360841856809469
589679195,0.545106231448766,0.006650420143432462,0.0081072344146087,0.007533473105833609,0.0063099492813659475,0.3093915679032543,0.09141877904351367,0.010508786878493478,0.014973557780731925
589679886,0.007999419054026707,0.011717729967963574,0.011372355649020309,0.11259419115677521,0.008387511502644511,0.24269167783273904,0.014233811348984054,0.047803749870783126,0.5431995536170635
589679904,0.0030784716439975846,0.004577255597903017,0.012457726101591805,0.002668187860076148,0.0022579361702370817,0.6612835555779677,0.17575608414865937,0.009752270319859415,0.12816851257970785
589680591,0.002603802722276284,0.007202834269028885,0.017955352264943825,0.009261132819624878,0.003272570174477411,0.0214354439926656,0.013374199793522772,0.021670690723441792,0.9032239732400185
589681462,0.0032218583708716144,0.0074770831908816835,0.009480614873323282,0.005040788991288815,0.002492112879577835,0.3341954103521679,0.15132949565911025,0.012056130281674104,0.4747065054011046
589682555,0.010514939640950106,0.009474320914085399,0.019342644680770474,0.036845558723875536,0.016649545089886676,0.7714369325054105,0.006904613709713844,0.08201937560094806,0.04681206913435951
589682867,0.0013269437446183886,0.006240635314818742,0.0032508960402698713,0.0018944742243561929,0.0031005418375724537,0.9297390868348654,0.036362720746109925,0.010912032672792777,0.007172668584596165
589684413,0.0009971345293377524,0.008524315058919037,0.0036188968650986307,0.002181581789485364,0.003234846905138532,0.9494196219429559,0.015686567585479656,0.009347774304992928,0.006989261018592126
589684827,0.0006897641373403477,0.0030705484985919995,0.00155140096086351,0.0009431094151089287,0.0010132830060341554,0.7608985860011521,0.22072413066341118,0.00421816930847449,0.006891008009023275
589684864,0.000935015845362985,0.006007493110538171,0.006664267355058267,0.0026552783707167386,0.001767068486794217,0.9272496461276198,0.026309457324097577,0.016153163759984535,0.01225860961982763
589685081,0.6381089082678424,0.006129465970659568,0.006827807229361623,0.003482781595848908,0.004918437353215958,0.2317513347606649,0.08741000573242487,0.00875206992317765,0.012619189166804035
589685100,0.8375181505997861,0.00359292254331847,0.005454229580671418,0.053683713229240676,0.0053626075283097685,0.010810368609252594,0.0033199602842498505,0.03178989841223376,0.0484681492129375
589685160,0.8076086847669177,0.0037538392380535783,0.006190969928266754,0.013682014500747908,0.004173854597572901,0.02043173500060842,0.011974818290521487,0.016392288288048885,0.11579179538926243
589688360,0.005926667330961031,0.03497782214507499,0.010006438111303377,0.5864022945265618,0.01059514227135525,0.17458213524164404,0.0127165832236879,0.11135750500900378,0.05343541214040783
589688604,0.007379444927791355,0.0023075547936455185,0.007068258052242517,0.0032635535013933953,0.0014637171395209007,0.018340780268652976,0.05642712920765109,0.014061961681080684,0.8896876004280215
589688616,0.004524457331796276,0.0024685638826851663,0.006623612575174216,0.004876333097062955,0.001825472037662606,0.02358904113558532,0.01645733392496761,0.022815900761307715,0.9168192852537582
589688722,0.0030253594963179703,0.0019888654175368742,0.003943894313944044,0.0015384526173668495,0.000837199350642901,0.01350120946999568,0.8611255931387987,0.005563217851109373,0.1084762083442877
589688801,0.0030932899583389884,0.006373404175787427,0.01731336898415552,0.011986792169997896,0.0020868019437018668,0.027261141646263816,0.02135349746588506,0.023614715800194606,0.8869169878556747
589689732,0.0013069869492975986,0.014261090748487006,0.004798535509469083,0.0049258280249520805,0.008486363271847198,0.9147444286407821,0.014651549421980489,0.028603562451197082,0.008221654981987361
589689931,0.0011099586608743048,0.003656206620713803,0.001596995802673756,0.001516793887468159,0.001966402928197411,0.8965262112260791,0.08263103815606601,0.006673100002606856,0.00432329271532049
589690006,0.0007096352712401673,0.0064595667578944095,0.003706606706774602,0.0017234190197025928,0.0019334410803432032,0.9566313411328421,0.015252941231637892,0.008303445921378777,0.00527960287818639
589690188,0.0011374571734782456,0.01845923611889478,0.00529687004671869,0.008923158075959638,0.007310258690958188,0.8985859165685922,0.012646179715656729,0.035856725758155905,0.01178419785158569
589690306,0.0018254114527453003,0.009095295314876553,0.015168050269833547,0.0037881086765539466,0.004489407656452943,0.8909117586776296,0.032721881838003834,0.015904395004467716,0.026095691109436613
589690787,0.0012042069799574255,0.010712646099822915,0.0036036154427110945,0.0036826322727339877,0.0046347932542659545,0.9227719057480175,0.029432755268826948,0.017198411457860142,0.00675903347580403
589693943,0.0012489964944132226,0.007115758391828696,0.003030472232712589,0.005005291004830652,0.0023863563281532113,0.9242965585505684,0.0271091900385414,0.01566206898231577,0.01414530797663612
589694191,0.002942998819154716,0.012718718497358613,0.20892375186632453,0.023149942219651817,0.003835303488399447,0.5603877841639671,0.01108273449875533,0.05307001704010591,0.12388874940628264
589694200,0.0024666477143022547,0.011846088990416562,0.021665602321292936,0.05973509383673013,0.005709737627375369,0.09167368551768554,0.008201105514308206,0.11220332634501295,0.686498712132876
589694392,0.741300947181266,0.009494825985613964,0.0087160204601218,0.0066293299678951475,0.009266312949201647,0.05586868985180066,0.10052185300634725,0.0171522180707527,0.05104980252700074
589696112,0.0035647138323474073,0.011171094805287633,0.00885183166652505,0.011203552181505597,0.010881713991484132,0.6379982871947443,0.028624750845591577,0.1674541570008252,0.12024989848168907
589696361,0.0012543245438576295,0.005050311792725218,0.0021967396560264923,0.0022127971080585966,0.0027721051780172385,0.8981000823076357,0.07185883598858589,0.009769598524091651,0.006785204901001669
589696723,0.03217908668681384,0.08803305926415375,0.024980612200900705,0.5314776391150897,0.019220411754176388,0.011210221868251763,0.004296378515055531,0.05054381889353805,0.23805877170202025
589697175,0.004168810365587539,0.0315359106040847,0.011274395206412635,0.7818621870496191,0.00957707713036647,0.03831311758204583,0.00912541761579052,0.05300347785075713,0.06113960659533622
589697302,0.0025123498913343575,0.021717221082981887,0.02418969738051815,0.2746505417286711,0.007080544951685134,0.2952620863200127,0.06553721055193333,0.13905461506848546,0.16999573302437782
589697529,0.002220601583519335,0.13073369966097598,0.027129177298090605,0.47470566561503247,0.009011992651491023,0.06736302552095488,0.1918775044292266,0.07300827670308588,0.023950056537623228
589697812,0.008140087205872226,0.2099777963591155,0.3262950202144259,0.1275405732075206,0.006338649352961282,0.02843636231390166,0.014148015273979353,0.1792473247750125,0.09987617129721094
589697922,0.004293182067137293,0.0071160656754246515,0.0034931986781662427,0.004744366181729667,0.007104941896107957,0.8787582726997942,0.05804431256986876,0.023238934457386947,0.01320672577438429
589700941,0.0010412540922359408,0.017460787783537532,0.0073198873670607964,0.004142097816955287,0.00374924243199359,0.8890117934494629,0.03675323426626126,0.025433610937700298,0.015088091854792478
589701301,0.0011365538193696286,0.007067468320700946,0.004558306882773465,0.003889805246022495,0.0028397769333236497,0.9304634655973211,0.018388590126649902,0.023626075336488125,0.008029957737350777
589701406,0.006150806630122661,0.0058328686971588035,0.016645351853951707,0.038530447306458174,0.006861256421187377,0.1988804746561657,0.0074406535469279415,0.05396756093968602,0.6656905799483416
589701442,0.0015820782851628484,0.01358293111419794,0.025431640792120513,0.006087436785221212,0.004661142337685162,0.8540355601234738,0.027826096070969142,0.03746764153879042,0.029325472952378903
589704957,0.004095115450653542,0.007616483566126864,0.10063447060871662,0.142981313518808,0.0037826523651012978,0.01220574155922119,0.008001860492493374,0.07043593876422796,0.6502464236746512
589705018,0.0031556011393293125,0.012088980737174753,0.3079830384924592,0.039509708953958084,0.004960267503627968,0.023054341167913057,0.01487015661668445,0.0987140746452423,0.49566383074361076
589705042,0.0019547713005912872,0.0031978440706424745,0.004938420906003338,0.0018297633865319166,0.0009683746920146201,0.02707440759343955,0.7601679975252691,0.005502247623357123,0.19436617290215058
589705510,0.0013293733546698033,0.013549541281274157,0.014424987945519697,0.007803339825173062,0.004375168484914465,0.8318815134250419,0.04848412608142518,0.036688888724695425,0.04146306087728633
589705898,0.0018595562733152422,0.01838690274925509,0.026953399598793414,0.009648230046233547,0.002671364392296539,0.7565069995724432,0.032552235134334,0.039013962928446895,0.11240734930488208
589706024,0.0012098113338716585,0.007412154773975462,0.009811608653835305,0.003234229657126809,0.0017372681083889503,0.8807295572313494,0.042318675029483825,0.009762342080847402,0.043784353131121244
589706264,0.0012087203655658239,0.0031453934760016823,0.0026515588685284953,0.0014514662616562633,0.001427823033122446,0.8925208131706432,0.07859556102500885,0.011190198194844245,0.007808465604628924
589706502,0.000823514984377409,0.006079937141252606,0.005027995992051765,0.00215202141949078,0.0017735075924161885,0.9533698057204362,0.014390917156560514,0.0089523784718658,0.007429921521548815
589706644,0.00091490978827134,0.008161001423003285,0.002748873695524207,0.0025208276872769595,0.002980763414912133,0.9376071518590378,0.026218962454685288,0.012735341912392707,0.006112167764896423
589706707,0.002086372576775475,0.004950513989469624,0.007855295799527515,0.0025030020557047328,0.0024671176123491102,0.914987334593919,0.03675856748965389,0.008034304938675556,0.02035749094392497
589707916,0.3742436213996888,0.003447200971504135,0.007747084789837182,0.01828210295996006,0.004566006714794393,0.02740870397211664,0.014553235846231097,0.020529074167761743,0.529222969178106
589708408,0.0020443755907965408,0.004078305662617154,0.002524649027629251,0.00238968836627221,0.002327353759661684,0.935112919389862,0.028648211037374288,0.012459782730989057,0.010414714434797778
589708651,0.0015715512399878215,0.003551883810257404,0.004462435380866735,0.0014132475455476002,0.0019172020395920415,0.8170775846265206,0.15665766892480035,0.005104876545440915,0.008243549886986494
589708749,0.0022588960684568806,0.014543275064435474,0.019464575428747393,0.006673623055645101,0.0049520082402662305,0.8781475396839199,0.019175301261128815,0.03469856620326375,0.02008621499413646
589709256,0.0023330367236054526,0.02592611624125885,0.01680301253976297,0.8719239084114766,0.006602231512235775,0.01551375281962553,0.0071204641599335984,0.03332171082455021,0.020455766767551103
589709407,0.003617394118778823,0.014610472001203946,0.5679691526002701,0.20548705661625716,0.005932138015913298,0.02407665528933558,0.022760224255402882,0.06483192162654604,0.0907149854762921
589709560,0.009237104917454523,0.002691361238615196,0.007281766681969378,0.0032271837128812035,0.00169353534070877,0.04548127083520463,0.07888455444720757,0.010250387730434742,0.841252835095524
589709628,0.011651269785760582,0.002187463370704495,0.00476305681813244,0.0057624276781823355,0.0020837811534766574,0.023235693519166094,0.02928155138668467,0.020096187698907832,0.9009385685889849
589711120,0.025553119681843508,0.0019602989914667924,0.00640504185973026,0.004469677843609939,0.001817605277696886,0.019136083744435907,0.057218520448317295,0.011333379892698366,0.8721062722602011
589711142,0.008614282234070571,0.001755639571784506,0.004352489783159148,0.002576405796724027,0.0012934607180051475,0.016236689405174906,0.05984748563604834,0.008754183244874795,0.8965693636101586
589711313,0.003550713533560488,0.0016910471121967387,0.003060319585745836,0.001374336561712389,0.0008762063915274141,0.02236226118038687,0.9313129082747,0.005003359658573878,0.030768847701596335
589711439,0.024152414040107557,0.0030836705535477894,0.007968256040574797,0.00699540878409718,0.0032872248098367667,0.02982667095928078,0.7743523543920836,0.018179115681825196,0.13215488473864637
589711493,0.003723563280322402,0.0028129738211561343,0.006041093450568159,0.00636822006448244,0.0014841802164907267,0.035023933382870485,0.025319007197518683,0.016280111490811752,0.9029469170957793
589711515,0.004769291898870368,0.004203849236201987,0.004998254270331422,0.009444339341154078,0.0031621277394045474,0.7486741135287474,0.02202603488185935,0.018267757619232227,0.18445423148419868
589711963,0.002287478209033119,0.010909881777884203,0.013728390019332173,0.007186929407980885,0.004994946416212252,0.910827086643843,0.013601900567249943,0.01956075408990885,0.01690263286855546
589712145,0.0016257972624495617,0.011745579740691106,0.01677393192060024,0.009500695554705927,0.0027696270773721787,0.4305223148455659,0.08093695436897796,0.03214385276061903,0.4139812464690181
589712387,0.0021692898365955338,0.0036612128967443524,0.009534824241221035,0.0030518399590196118,0.0013500662961402502,0.030872347947669892,0.28005058711128206,0.00876401681465087,0.6605458148966764
589712456,0.0013104182719134608,0.011793219983871133,0.007506003242083639,0.005397089627012697,0.0018526505844184199,0.4089533613959654,0.1271486868578722,0.011982417913097223,0.4240561521237658
589712514,0.0019981188246321066,0.00526587331120021,0.015243092060904295,0.003910831085692805,0.001707295189058846,0.056104247688904776,0.10833794285991533,0.009867760446735983,0.7975648385329557
589714985,0.0011178951460407717,0.011044687308173274,0.004617897448681383,0.004201526670396134,0.0025162189767673157,0.8629493843181572,0.07970695161802753,0.01586137724244546,0.017984061271311007
589715234,0.007293421725452203,0.007599266794798553,0.007726976056367601,0.0052743376189724345,0.005319066342320667,0.888928784095355,0.013307978952084978,0.023823164714224163,0.04072700370042428
589715303,0.002092626551555601,0.044898716022291375,0.006772789187574717,0.008698307597292777,0.035392018666776964,0.8452014408888866,0.007756365920949357,0.035959371749934486,0.01322836341473823
589715632,0.0010996890875029977,0.007145765872107505,0.0036527281161496178,0.004117534300381902,0.004184128551850691,0.9425854252222534,0.008923175625539237,0.01568163559413169,0.012609917630082984
589717387,0.006418725463999662,0.0024385185005481873,0.005931243081822209,0.005512595973670769,0.001772814557384259,0.01889201375483749,0.019738905269914175,0.017278120187101915,0.9220170632107213
589717441,0.0031473572599503125,0.005920195314081367,0.012341315756184518,0.028475328512221287,0.0035894142505937922,0.01770805901193175,0.006386449194277865,0.04398825801428575,0.8784436226864734
589717612,0.03467297842982829,0.006540677086069941,0.006706729632239017,0.03973151403130629,0.011472290345423238,0.024742519936810443,0.0045159427193672014,0.05161231862879344,0.8200050291901622
589717921,0.0024418450840157143,0.1525164875559214,0.5739360368540176,0.06788887868024678,0.013995934084202785,0.04307876529792914,0.012011209405473925,0.11491380700132046,0.019217036036872328
589719256,0.0014007514748281488,0.0036673904485911585,0.003462401889193509,0.0013949688705788452,0.001966050603962648,0.931815761406378,0.03778300924119644,0.007528496713859717,0.010981169351411418
589719299,0.0025292255674899235,0.008106816084591134,0.00863613232171233,0.003589779903365439,0.004153204003438908,0.9197080759648673,0.014798819272136533,0.021489496783698925,0.016988450098699544
589719695,0.24248111322265875,0.009633672729505889,0.008464760026951625,0.00401546666937977,0.014667343992056145,0.2951177918259532,0.39294579018129855,0.012400622043313025,0.020273439308882996
589719855,0.2855692540768725,0.004891613658163573,0.004400887248818724,0.1398522245338637,0.010676205736786366,0.03758480677199519,0.004872406826551846,0.49762997442631934,0.014522626720628786
589719875,0.4760267498040014,0.004830115969646072,0.005250818385209975,0.17050114207825745,0.008301475900964484,0.19519771859381854,0.00454260439758823,0.11950153796659677,0.015847836903917074
589720121,0.0060427839662272245,0.006974897567967155,0.010303697119232078,0.005039810022615672,0.005601760731302806,0.847422060405197,0.019268117343570118,0.03312804858418629,0.06621882425970158
589720220,0.0017033943713213393,0.005817841225415378,0.004303539685350092,0.002865801746115726,0.0027266712918373706,0.9346127487909277,0.01319515199655324,0.015685650988978703,0.01908919990350054
589720232,0.16378906338343882,0.008424213649313145,0.004617902170477052,0.012139843710475318,0.012511515022900805,0.7221223716067771,0.010341456994976735,0.05451909140601797,0.011534542055623017
589720263,0.0007786432158103729,0.00700138777971648,0.005000385550888607,0.002368964984005567,0.0023696010251800276,0.9535285193270453,0.01488728171007229,0.007915513626821864,0.006149702780459468
589720415,0.2981040164598116,0.004781600624676889,0.005844482980127211,0.05094766582678245,0.008405593702449332,0.4040828223204052,0.004511330094330228,0.19239707599621958,0.03092541199519741
589720507,0.3208423910227388,0.0043352651961108424,0.007363864416789017,0.012979995870797144,0.0062820203332418206,0.5508871965778069,0.006024036673416775,0.05196196695645845,0.03932326295264017
589720532,0.5552424994945364,0.00582547854397213,0.007407751994648993,0.004055007096928558,0.004596214433611408,0.30879473397923585,0.016075140675891265,0.013604982899975186,0.08439819088120008
589720592,0.032968038005857396,0.003855014729367035,0.007892679862707109,0.021308299823389387,0.004399747056001607,0.768551100776063,0.010818869218183624,0.06488141689249209,0.08532483363593871
589720619,0.3735120986275138,0.004468698398331789,0.0055231236023974796,0.013273947003822005,0.00611564559750096,0.3779905537732402,0.006110655578710632,0.18433372391391742,0.02867155350456578
589721255,0.0005240322442109372,0.0050521400052116715,0.0019036599544535746,0.001062093716118201,0.0013474731321942166,0.9559295626215052,0.022776931036430168,0.005133350045856298,0.006270757244019745
589722187,0.0006968347139724311,0.0044214138218021315,0.001553165380640944,0.0014669751759769573,0.00212654689925748,0.9546618249853946,0.021776646639907343,0.008896668458607905,0.0043999239244402214
589722624,0.002033198766593693,0.01580883211307089,0.03180796328929051,0.7914472437856386,0.007471992916075264,0.016991856048718102,0.005391202599955536,0.04986411093643887,0.07918359954421868
589722707,0.0029269642743152604,0.021979042893587812,0.4753784142958335,0.3860553772507623,0.008419763356064182,0.028780029125991605,0.00783532024639344,0.03978917463258767,0.028835913924464215
589724520,0.0005866400421771627,0.0049044332623498525,0.0017000301517475233,0.00144245386786139,0.0015247354344941056,0.9546371572973971,0.022961916583286973,0.006450722513207883,0.005791910847478134
589725904,0.0014360421044015128,0.007986686751265251,0.006791390707193476,0.003685490644340191,0.003567626226097673,0.9293647543107506,0.014140966802864377,0.020480039873621996,0.01254700257946503
589726148,0.0010652251264494925,0.012457301761284711,0.0035678302187827906,0.0036145940713068884,0.005319282821643119,0.9324807446750163,0.018509586276300914,0.016739396393363568,0.006246038655852189
589726215,0.0028671588457723275,0.006250887461817784,0.011546397839123392,0.00378120723781018,0.0034501769141525866,0.8960918936945341,0.04182953737781867,0.010667674907199488,0.02351506572177145
589726486,0.2690470760131214,0.009637752806481423,0.005630386453453914,0.0053350984027609755,0.017231600766700637,0.31072346519571553,0.3601647327671091,0.012780377620752532,0.009449509973904527
589726620,0.4897420327121855,0.006398282074248357,0.03377505399982934,0.00550453093971128,0.006461317314096587,0.3454681705406904,0.02322986747999199,0.02247917285459303,0.06694157208465336
589726946,0.0016254420122797397,0.008977846769556293,0.008798242939887005,0.0048328721974850875,0.004867962991268124,0.9169164269760676,0.015593599293361383,0.019246981270470812,0.019140625549623883
589728262,0.002138527537946668,0.006574901626245574,0.0023246469205008644,0.004595354554140274,0.005257839273222223,0.9352486132327451,0.019663540051928257,0.017211268552676334,0.006985308250594699
589728314,0.0009540837386261189,0.029334030955721915,0.005714830035111314,0.00568135881803276,0.0035937742126730962,0.7764481940599178,0.1311384495824329,0.016102184215155885,0.031033094382328236
589728978,0.0022881118096368435,0.008227609514937577,0.00359757609643292,0.010208112487967196,0.005233511871177408,0.9061620465655906,0.02766914442182734,0.017202172493725652,0.01941171473870433
589729079,0.0012105016838072937,0.0032277102903444815,0.0026688324977327607,0.0012708958627094924,0.0012629961532398392,0.6992635223913917,0.27195841655657776,0.008948524746729887,0.010188599817466802
589729207,0.0013811358269067821,0.01155099750056539,0.01759205241306251,0.005979261211548159,0.004753431804929537,0.8713348829995937,0.034231548174429305,0.033036234527427856,0.020140455541536706
589729216,0.0006466933311180121,0.005696126919218073,0.0019301686937510498,0.0014002569200110419,0.0020564067181973113,0.9569739290666195,0.018982640687177053,0.007728184730138419,0.00458559293376963
589729255,0.0031279956376208265,0.021324897924234348,0.28006054412942716,0.3233833515976292,0.012978014291035378,0.05383136208718916,0.008165438885195355,0.28086236093414507,0.016266034513523358
589729267,0.0006791259192383357,0.006582827469022424,0.002373783953371942,0.0017425244402020487,0.001806681589972513,0.9507126193938915,0.024343653505553904,0.006450448014467972,0.005308335714279391
589729478,0.011144268534047631,0.0173426419949511,0.009931662911927718,0.00613143594213277,0.008193362279490274,0.7579565397743099,0.12654404873548267,0.020597145432463347,0.04215889439519451
589729588,0.0032086954774450936,0.04086413569585417,0.0051268904414331394,0.014448306264235045,0.05146782873978263,0.8226724921307478,0.006488980914148055,0.04643950973936331,0.009283160596990858
589729893,0.001088245299234784,0.002917971106956342,0.0020406140169533372,0.001251045653673893,0.0008130129869539089,0.3838710551370826,0.5845271994233109,0.004289454232124445,0.01920140214370986
589730251,0.022476054756273157,0.0016376150980362018,0.0036623915465855243,0.002175662455906052,0.0013053677508217591,0.010121862780409078,0.4303841903013914,0.009803676212582747,0.5184331790979939
589730431,0.0027238739617851952,0.0015764819256505397,0.002878296839246978,0.0014671819784434746,0.0007819104429808722,0.018923442123477827,0.6764024797757271,0.005780470982439702,0.2894658619702483
589730593,0.0013694250644639364,0.0030255159699201202,0.0033894377910679554,0.0011545306538477923,0.0011090049975458016,0.698273127126952,0.277355977851482,0.004965398333800681,0.009357582210919651
589731302,0.002246220435125046,0.025878196110126712,0.0243297995761081,0.058600429086777935,0.0048165400540221195,0.21559709911403066,0.02782929520650913,0.08322785144215063,0.5574745689751497
589732668,0.005640840585425766,0.0013609927916738158,0.0023224772631957277,0.0010460941917694363,0.0007497527232648932,0.1055161568482969,0.8662648285687693,0.0037636556039567478,0.013335201423647407
589733071,0.0012439321770865716,0.00456638369036549,0.007311224554621886,0.0021320855910909042,0.0016396125464662023,0.8391545030860149,0.07485257696099751,0.009690152395827914,0.05940952899752856
589733106,0.0007528455092516309,0.0037451333929912657,0.0024889932869115844,0.001453837284869823,0.001580251712362926,0.9607792524259982,0.012884107998869635,0.009337484824661613,0.006978093564083376
589733262,0.002639458479491421,0.007455345522898732,0.004501015366855781,0.02431672856354577,0.004166595803816105,0.6751034538682124,0.03463458199784275,0.02024172126062732,0.2269410991367099
589733357,0.003171172243119097,0.008355201721226434,0.00803939630890011,0.0039035502482663363,0.004805136260347661,0.898751828294932,0.0140642601332196,0.03008469833347615,0.028824756456512654
589733365,0.001649891275391217,0.005393460743082064,0.005941360871021126,0.001829731831964292,0.002344881076037696,0.9168294811410161,0.03493863553853901,0.01300231156950405,0.01807024595344446
589733384,0.008676973004564126,0.0070701430782579375,0.005931783311816209,0.007268061594772296,0.006817837676867355,0.8874498249335492,0.014684933993126299,0.03927948564765877,0.02282095675938778
589733455,0.0024354590343394294,0.016669419990552076,0.11168889169686051,0.660577261107648,0.01312866284641943,0.0393561156835637,0.011463873487955134,0.1296833170421595,0.014996999110502236
589733506,0.0029147217098181347,0.016588535192308036,0.267437578870806,0.355851354147528,0.0110131873131961,0.09334757834647,0.07601192680356109,0.15592769795001357,0.020907419666299103
589733753,0.00156991208832037,0.0072012447886639006,0.01036635898215826,0.0040226988812206346,0.0035784689689351973,0.9253127267996811,0.014797022412795414,0.015601575623532841,0.017549991454692198
589733914,0.0008108098493735167,0.009670174103437689,0.003926376616954016,0.002233020789257645,0.00405176822009597,0.947643434002105,0.01044842582565337,0.015423923609485305,0.005792066983637396
589734589,0.002245832643404917,0.007214098480468467,0.009975140808722353,0.003621378691874781,0.004422465295513352,0.9204608016386138,0.02139110114385649,0.012018482053976386,0.01865069924356953
589734601,0.007589646441423904,0.023959628414701135,0.006560400259407859,0.010819804646361538,0.030734801565440333,0.8657649046285598,0.00787909677575106,0.03647800979774656,0.010213707470607718
589735157,0.0013847693746692432,0.014001310499816759,0.007226953809638917,0.005438732409815865,0.0051723212474558905,0.863204358223979,0.02414903035401129,0.030252696241024217,0.049169827839588814
589735318,0.001550017688137607,0.007108477856787961,0.0033360504547769844,0.003097702784105502,0.002549693724768238,0.8815801513465007,0.053658825127736134,0.01680666353061902,0.03031241748656785
589735967,0.0065177043869572345,0.02669350364511846,0.003960899051850688,0.005072368454629942,0.06311759658254831,0.8342031956503235,0.018089951666840978,0.024587714639006934,0.01775706592272408
