track_id,Clutter,Cormorants,Pigeons,Ducks,Geese,Gulls,Birds of Prey,Waders,Songbirds
6868504,0.01094456359519442,0.02027571348701495,0.026254171837483017,0.542513681834146,0.19317496630218897,0.06835968805113925,0.004060847109613938,0.02073313869900355,0.11368322908421583
6868536,0.011189540814990306,0.025548164022854862,0.02623823402523634,0.400252198560914,0.15995159405414738,0.04152747017274642,0.003514289161183718,0.03006630047916789,0.30171220870875903
6868565,0.011606249860121444,0.11319854885775589,0.03217800992081127,0.46431185047257906,0.28122772717864786,0.024644276483302165,0.0035140444586380707,0.021656766788579633,0.04766252597956459
6868861,0.0021118339335210448,0.43204412536636794,0.00662420150111731,0.023291333478657486,0.5027024177410275,0.010708007144817277,0.001978083371194417,0.012198079112257648,0.008341918351039236
6869275,0.002367931424361127,0.2541236446870141,0.00928927683590597,0.017617766043938787,0.6462250997346912,0.03160233532957583,0.0038998947859507876,0.015757770782735863,0.019116280375826356
6871418,0.005796214483346008,0.26605722598115894,0.04624677647862929,0.11659169740164178,0.45339652424978644,0.023493862738787393,0.004222673793788135,0.05962745179527375,0.02456757307758832
6872996,0.18644170351756367,0.005114049157432924,0.007270448249436209,0.005226403153925235,0.015158443632498039,0.2583079739424415,0.07368183236698042,0.011058482300863735,0.43774066367885833
6873817,0.023519029865196245,0.03967102492411109,0.007749229736241325,0.008461233588336987,0.10115034851823287,0.760764445529699,0.006020513555443786,0.03075868038543059,0.02190549389730801
6874023,0.0008525181646801174,0.023527688752192636,0.005257374060652744,0.004017835615494827,0.009369818968262384,0.9203241247730034,0.010780445028236866,0.013016451745310933,0.01285374289216612
6875504,0.0010102225305681442,0.025667090227664644,0.007153893067079521,0.003975572904117404,0.0042461148398454706,0.7001324416659023,0.02604720885973682,0.009708396762241434,0.22205905914284424
6875899,0.002054712403471609,0.009382393337980497,0.0032238865531684746,0.0029281919050600015,0.004070364090636176,0.8341554440253809,0.0835749874452902,0.00915166228638531,0.05145835795262685
6877293,0.01076254564367636,0.00696364769425151,0.012131173955038719,0.014008196068584533,0.005054565812801079,0.021008314386006567,0.01156588794280236,0.013533571044859312,0.9049720974519796
6880408,0.001311745167455892,0.013127066467147782,0.003400895427156899,0.006265504541963507,0.0037181460695096136,0.8663357287674829,0.04034349341380257,0.010789151322373574,0.05470826882310724
6880690,0.001744677616093533,0.017111101922675145,0.017332305805870737,0.017478001685923887,0.004494118790759278,0.7766876211199736,0.016519495294915854,0.014388827328926067,0.1342438504348619
6880833,0.0034072780351966357,0.002790287222547588,0.0045698262884873875,0.0025628339082242636,0.0013982929147055708,0.17702450970804173,0.34337537078418223,0.005050022503776493,0.4598215786348382
6880956,0.0007945156461411646,0.017718512692327586,0.0022195671848515776,0.002819628007994652,0.00424748086140567,0.933351360050003,0.0181909947229609,0.008707963187168405,0.01194997764714703
6881733,0.0019088218033252635,0.002682724532175099,0.001373854010424574,0.0013034359483065784,0.001589463878966331,0.09912209486171292,0.8798676369936055,0.002896052107964155,0.009255915863519563
6885154,0.26606994137552625,0.013146455145098422,0.00861369725584951,0.018406294754878125,0.013056654857363867,0.15405495796392937,0.015438455759818665,0.01220360486691679,0.499009938020619
6887294,0.014040240317731904,0.14473584143148105,0.011651767633713643,0.007534580898060556,0.013100814212604783,0.37171855346769567,0.011410494723934971,0.015421657824053909,0.41038604949072344
6887586,0.005972680159065338,0.0034585811755482453,0.006942345224331423,0.010650872378831673,0.0026370511005287794,0.10710537239460671,0.009039287132716015,0.011961375514736396,0.8422324349196355
6887600,0.002910629829714258,0.005357692718201062,0.010770122486898948,0.01163338503398258,0.0028434729607674245,0.04242878406592988,0.008890293482055459,0.010081283957030219,0.9050843354654201
6887637,0.014813207986795323,0.05211412654168935,0.007415399521750448,0.012138921837150759,0.021409948032201007,0.6772054795901759,0.018410451376403604,0.015246753139373806,0.18124571197445985
6887702,0.019663310957760756,0.0025950927664901697,0.005158417131639598,0.004139816297754358,0.002141478343144972,0.023925837263107933,0.044232012831893805,0.00697268428608165,0.8911713501221268
6888243,0.008787309851865805,0.11493357233440757,0.012759184155825687,0.012231928020684894,0.012131121190252368,0.1000961678813661,0.009092436643559841,0.016301336276630864,0.7136669436454068
6888737,0.001835868468671726,0.03422999745558443,0.02372935954746942,0.03105834003058979,0.00686659776171543,0.04104345711311146,0.010869810178978735,0.01230665205618149,0.8380599173876975
6889024,0.004279163427883679,0.002310683101936799,0.0043073672701182085,0.001825063359418215,0.0013786953643723262,0.016148840015081822,0.4852393531303734,0.0046320984873862315,0.4798787358434293
6890285,0.0019643457508021615,0.011918020774245584,0.005397616054801306,0.0028133476573392216,0.0018138715895844521,0.2888826052607702,0.18957393343318005,0.003875825774455871,0.49376043370482114
6890416,0.0019053629527923737,0.014531871672118661,0.022589067721428203,0.004926493064247084,0.0019264716550548523,0.035042308342293625,0.03355689602367131,0.00632708029652894,0.879194448271865
6890579,0.003987616895664704,0.0034341021519586385,0.005794967109224832,0.004746276997637012,0.0017796998100386183,0.1570279767941966,0.13026397763299252,0.0071350257528082885,0.6858303568554788
6890917,0.0049084415475160285,0.00426790020855673,0.005350968720652697,0.0020094287635317315,0.00196948346113842,0.4128555882441479,0.3835929084722273,0.006510643232326344,0.1785346373499027
6891091,0.004240025484877331,0.00625984485386759,0.013786902368050202,0.38572689623490275,0.0048369554121783015,0.013025853300238751,0.0034135939262619035,0.01322263357437123,0.555487294845252
6891208,0.001156978327227196,0.0035222515061915606,0.0056673930446656876,0.0020504310309221708,0.001274384352391862,0.3917398142065102,0.09506492599966825,0.004225451663602398,0.4952983698688206
6891245,0.0017378929739264046,0.0037258477479931024,0.003537882113998488,0.0013468192260099555,0.001553336772527999,0.6115369713943167,0.324880725159654,0.003666298075383744,0.04801422653618959
6891309,0.0014032684819468523,0.009246312648449006,0.008259032301625535,0.004810052698834898,0.0019578936851606583,0.2250352590543767,0.03147447095683914,0.005727323049777452,0.7120863871229898
6891366,0.007565116260493473,0.0019228169888977993,0.003474959754972827,0.002214829258940304,0.0015301422513107478,0.1582487521674998,0.24017098520252772,0.004988146558522784,0.5798842515568345
6891473,0.002996208484011054,0.0057120489216508615,0.009587693015571276,0.009899526168597583,0.004037246501222868,0.0531524173102392,0.01331038435770069,0.010163114924458943,0.8911413603165474
6891484,0.0014248313725873023,0.0032235250325098864,0.006524402874700622,0.002955465879975321,0.0014151992973852681,0.02140285571098482,0.02884209323779192,0.005100733487103099,0.9291108931069618
6891531,0.001666365168230115,0.004706334382817497,0.005369492512328629,0.0024080813996963705,0.0014928270935425125,0.11552170497890689,0.17635173769255205,0.003793281292604006,0.688690175479322
6891557,0.0026256450172313546,0.0068364634137248696,0.012846191967962297,0.007460708073416261,0.0031789595511333194,0.033909480971252556,0.020918253881502646,0.009943713272128429,0.9022805838516482
6891579,0.0014644306827109638,0.0059258142548351935,0.007337231645365902,0.002804051871192619,0.00163290009104321,0.3479589796965493,0.08338753078277407,0.004099461093496058,0.5453895998820328
6891867,0.0048851845634079,0.0023119765357419116,0.003493015938457299,0.0017437184569781415,0.0013166478429655789,0.014570107468695265,0.8975896220935469,0.004158237982691612,0.06993148911751548
6891888,0.009773382345022173,0.0038258312928010903,0.0066467871920037735,0.0923771796701277,0.0028335153737722007,0.030551545648112688,0.014811419766885681,0.014230632166883507,0.8249497065443911
6892297,0.006388586085475017,0.0019181763188747018,0.002598891802168424,0.001633087379732531,0.001410293888818281,0.02340497329080919,0.8376132286062363,0.003920463151967643,0.12111229947591792
6892562,0.0024570872720399294,0.0034307050857404165,0.004147304596970409,0.00158431376441348,0.0014543881658985547,0.1733096050848011,0.4790954600139984,0.00414714823352429,0.3303739877826134
6892587,0.002487623622028121,0.002100722812314925,0.004104714050648092,0.0015934151057784669,0.0011306970755899006,0.04127226014932876,0.2654244945707603,0.003877405921166275,0.6780086666923851
6894293,0.003108948503847234,0.4380947105856254,0.007166181342562197,0.05170078322877433,0.15258339101340998,0.013913360901388689,0.002382511522597104,0.018859858088093377,0.31219025481370166
6895609,0.0026590586801941256,0.016679841750443538,0.022868940767254015,0.12974014999878272,0.005400822245701208,0.012810883361772754,0.0052234132336815885,0.01577432282137254,0.7888425671407975
6895723,0.0031254630481460047,0.003630186016004052,0.007406817592437803,0.001987833633155224,0.002419246714057181,0.8559744413832757,0.07573317486224895,0.005348288623257535,0.044374548127417444
6895905,0.0014038094033547298,0.003965627613214325,0.0066046220815555255,0.0017807214871689851,0.002138373261323887,0.874937524426427,0.05835619285640927,0.005078952179056172,0.04573417669148998
6895906,0.0022334045302563857,0.00400074723509169,0.006326499253384252,0.0015396520580827947,0.0017007790950656157,0.6618838691872557,0.23879544365644761,0.005160545270003248,0.0783590597144127
6895927,0.0032893838001841267,0.0049436211090405635,0.006360497531140987,0.002155809804796267,0.0024044929376952845,0.5416519737513947,0.15919241827075378,0.008323364121931446,0.2716784386730628
6895938,0.0014792825343019715,0.004430967111626322,0.004732849005347368,0.0013553412642390856,0.0022117974947834865,0.8434401433242027,0.10270251151035516,0.0058621106888184366,0.03378499706632545
6895939,0.002374058624051179,0.009923750382311268,0.004897263938915263,0.0020950339616027155,0.004020817572396068,0.868814117873042,0.04711511003724224,0.007257866685138336,0.05350198092530093
6895948,0.0012447709609136274,0.005389928461903955,0.0063019341084381885,0.0015548024306041427,0.002490346070661446,0.8770908679985452,0.061292082781803474,0.004953819907410917,0.03968144727971893
6895973,0.003406300341206614,0.005659696590076638,0.00648796784314601,0.0029282738400306565,0.0031132850660830704,0.6238683999782006,0.17701099050726837,0.009833700410128706,0.1676913854238593
6895974,0.001549520673083562,0.003852906826595245,0.005090659354199608,0.0013229339862318743,0.001808675368599309,0.6844583312378603,0.25347409240382907,0.004797299423395698,0.043645580726205294
6896754,0.0010834909845131475,0.004230372473898428,0.006240750131304613,0.002214990327789444,0.0013460714813523207,0.12269228773752724,0.05963463412309005,0.0032615856166814303,0.7992958171238433
6897915,0.0013983037933299706,0.07282979036769542,0.023932110000556773,0.021628286271037918,0.008026617591018114,0.109128197695306,0.015103902614045366,0.016396071665539646,0.7315567200014708
6897964,0.02204777007233691,0.02257320039356789,0.012926888805323543,0.01554431899966138,0.021493586286992356,0.06619708590699043,0.017299064997913633,0.023049285843126415,0.7988687986940874
6899282,0.004075835287946807,0.0031556741958281643,0.004224084608410951,0.0019961352086553426,0.0014275927705940958,0.6980637882509286,0.17367434560893194,0.004309401317729518,0.10907314275097468
6899294,0.007816348330063004,0.002133673312986318,0.003460798412383646,0.0017970829404292718,0.0013200803017994244,0.04492858349527255,0.4320430908908593,0.004570180046654703,0.5019301622695518
6899376,0.0016433727896845046,0.006617833947454503,0.009478170590470356,0.0034230291090467132,0.0021265648833432944,0.038424971799061916,0.11034228124789514,0.004986086488148764,0.8229576891448949
6899506,0.002898328864743194,0.003180404628131779,0.004120382531919835,0.0015174540602393575,0.0017519703035270878,0.2269874464443542,0.5691620144238047,0.00449235358165958,0.18588964516162038
6899530,0.020222444046324263,0.0032210399305864254,0.00724345999402338,0.03563446433902979,0.0032476309481919625,0.018965142453654604,0.006219462997101624,0.014444898402388317,0.8908014568886997
6899560,0.048211599079687,0.00400461573690196,0.0047825204946247936,0.012521538330395132,0.0034336873706328212,0.5704905914329307,0.029891436608140438,0.013531693686737605,0.3131323172599496
6899670,0.0391826181124091,0.004866726837733563,0.007437314482232004,0.004338625431145416,0.010151887488701977,0.43171941995034485,0.013405223801442653,0.020276178861260187,0.4686220050347303
6899695,0.00787463945708114,0.0037290029332730608,0.005454818220913053,0.006933986236805452,0.0120049052680238,0.554567638007545,0.006680321362441881,0.012872385341605053,0.3898823031723115
6899730,0.02591534417851047,0.00715284572732496,0.007040958189479548,0.005093069846423147,0.01037953118553768,0.5012897835309194,0.034769581275419306,0.02023879220341647,0.3881200938629691
6899754,0.027050005822237565,0.00413542393128922,0.010359870807634985,0.0705508866731163,0.016357466034011555,0.2290663057042018,0.004337731938304842,0.032164468371616,0.6059778407175878
6901206,0.0011926463585303407,0.006867454838621204,0.00492469848921189,0.002179518848661419,0.0019299476871687713,0.2791566668862826,0.11168419576596557,0.0035790225104789996,0.5884858486150792
6902131,0.0008454399317356789,0.006346043496049571,0.0015137873888383371,0.0014349675084185526,0.0024049800785667114,0.7460035341821799,0.22623415176787398,0.0062780451058300985,0.00893905054050716
6902271,0.006576148832720712,0.13666907330904307,0.013945623855395472,0.06795306463543761,0.151142338588338,0.02325722704203997,0.0032135084766999468,0.015783080257979927,0.5814599350023453
6904326,0.057176702851658455,0.002290021179955304,0.004198229096555001,0.006594236290193353,0.001855238227852644,0.0689377615185024,0.020536635067523384,0.006692144215724481,0.8317190315520351
6908023,0.0014106530034584848,0.29899362337450597,0.009580206886984544,0.5227647831755551,0.023804532066866193,0.07517743372280085,0.010666691543293347,0.03537225187661264,0.0222298243499229
6908625,0.0014701999188013364,0.0027450413218861923,0.0039461448647407716,0.001196567751727749,0.001458540906098765,0.42388430237191066,0.5200303966673933,0.003032038531444067,0.04223676766599716
6909657,0.002866380595899157,0.0018514612963435244,0.003875393232472056,0.0024079287617317737,0.0012209776434349824,0.09980668878563144,0.19683149295251542,0.004487738388038407,0.6866519383439332
6909786,0.006865798501127031,0.0022335723006400247,0.0041053685028334215,0.006767525302182701,0.0016458120241993985,0.05007839821921416,0.023494532777008525,0.006819425156092813,0.897989567216702
6909952,0.0035135078853023053,0.0024358602808666856,0.004215893999193146,0.0021408151803695872,0.0014136177503763251,0.026176472933021694,0.12188881519069322,0.004050949211308,0.8341640675688691
6910003,0.004154895258461111,0.002129934007539231,0.0037143152983614954,0.0028519345015238008,0.0014228240345973008,0.02513730581862251,0.06642674367682112,0.005067734469945683,0.8890943129341278
6910407,0.0006363744692349205,0.0076620041462734925,0.001955903244064227,0.0017008979678243587,0.0033993377305990605,0.9603213810999294,0.010155657117815003,0.0048584316169072595,0.009310012607352229
6910422,0.00831829681928379,0.001954111062871076,0.004066416433220564,0.003330323023145807,0.0014924366222378704,0.0406724689028469,0.32059094903923485,0.00538160889545904,0.6141933892017002
6910425,0.060470520122313035,0.0017829969241875872,0.003756306521102911,0.00626365162282373,0.001587324039307589,0.03768123697287052,0.03732863165215325,0.00592734556064276,0.8452019865845986
6910560,0.005876646395715933,0.0044842337869899565,0.008968069960089546,0.14716597699020387,0.0038132107647629544,0.022148624520966047,0.0091772700444006,0.015839985701633776,0.7825259818352372
6910590,0.031217656493724818,0.002266649271825952,0.0034050035857697736,0.0055705668864302945,0.0017711259959261444,0.08853135791437691,0.07534883694774631,0.005678886701654361,0.7862099162025453
6912744,0.0006000905977036858,0.014211886051289282,0.0021360343799802298,0.0027888027726037305,0.005118060323846706,0.9464452808358237,0.011681774077641023,0.008797693082369702,0.008220377878742012
6919118,0.0014380786330606859,0.005927556094935751,0.006212450538390363,0.0026599724252013503,0.002577959134598201,0.39023301118726,0.08490390200847062,0.004368818326515997,0.501678251651567
6920152,0.0017182380983563582,0.007343365742048478,0.008873298397496008,0.0031633077850104175,0.003383470740748992,0.4622866832502306,0.15326971503905035,0.006026719564685833,0.35393520138237305
6925791,0.0014726952092209593,0.024202851448256384,0.004920323490194063,0.005242666621348706,0.003922275998710029,0.8669835549298167,0.046292862787529976,0.011905201818321935,0.035057567696601205
6926246,0.027439274639480937,0.007297926187470735,0.007179315101357979,0.005265408910878577,0.0060567628723265056,0.7788617744986347,0.08405566292361026,0.00811480129355437,0.07572907357268585
6928841,0.011314642222236293,0.013800530191177905,0.02415823610319745,0.43528060305161853,0.055035958034154085,0.10164402527465412,0.009404057412600874,0.2896806489989173,0.05968129871144334
6928933,0.013480101758608212,0.013968992880536784,0.007167926319825233,0.00892341124187788,0.013062464991749461,0.866547182002457,0.039975776010961764,0.011795189776733578,0.025078955017250153
6937241,0.008533316486489563,0.0033942117590037087,0.009731311300543645,0.023626252811217125,0.0036902909001719124,0.02893587406530485,0.013079297937989133,0.016408080673691094,0.8926013640655889
6938426,0.0007911375080272109,0.003850887740782354,0.0017169802731553645,0.0015430565662911907,0.0020612200607638374,0.9524195889837613,0.025355048580306672,0.004067718110639269,0.008194362176272722
6938530,0.0009937607681929064,0.003746439854917399,0.0015216647277981879,0.0014326030227760865,0.002107493224478584,0.9452726432113128,0.031443040593746835,0.005678298899246772,0.007804055697530334
6938682,0.0020955420957947776,0.003495425037307437,0.005517720227026997,0.0032311251106658724,0.0019484177477999954,0.08970128647773931,0.27033262666919905,0.004339204777528886,0.6193386518569377
6939166,0.0008150872947099676,0.0039480771207253814,0.001619898371789907,0.0016673032857903042,0.002010177883987301,0.9485549496405448,0.0295003950583283,0.004077490310427494,0.007806621033696539
6939222,0.0050019617545133,0.0026348843844464197,0.0028269634302349315,0.0017112090421817596,0.0019064375268762245,0.1791108840366633,0.7910232593278705,0.00649866197600209,0.009285738521211447
6944591,0.010511931196588156,0.004279297304825667,0.0058259923730218394,0.002937330016456927,0.004615557109099951,0.37311005053398677,0.5669722123147103,0.009835860758518274,0.021911768392792054
6947293,0.002045795683874261,0.008866816870930253,0.013360715261215642,0.010693267233083776,0.006729740709572663,0.8933353358384719,0.01518768866431757,0.018535572579345592,0.031245067159188417
6952804,0.00345469081441133,0.008508981472843138,0.02027644901365926,0.014586148046210121,0.009640120236491384,0.5666170920749061,0.024717788444159262,0.03329485037635915,0.3189038795209601
6975207,0.002798854020804322,0.00969980703997342,0.006424960333583728,0.005772774630422113,0.006052673414714757,0.9279701763316386,0.008867754893905571,0.019094313584430974,0.01331868575052657
6975472,0.0014751368313493543,0.006094037291688685,0.004470322811883614,0.0032077810636161313,0.003477026921450059,0.9503540890365137,0.00930592782632543,0.010480675586166761,0.011135002631006185
6975490,0.0018311467327433027,0.007975475277360599,0.003327705034965477,0.004243354395088133,0.004648372325364074,0.9388465038957899,0.0068997322338077045,0.01709942559228419,0.015128284512596605
6976427,0.0018248937934661237,0.006064669342659436,0.0024194235267401033,0.0034027078276944816,0.003958215933229341,0.9485567925653573,0.010519051436786121,0.012489280411030073,0.010764965163037125
10551287,0.00364851007460553,0.010891623608242529,0.014003907905988464,0.009205453663742275,0.006286630864215778,0.6661402296982739,0.2009767215497355,0.030596546958464994,0.058250375676731005
10554874,0.4750545925109972,0.151980438746629,0.014226779303607589,0.009293787826728595,0.00986245488578876,0.03509554184310387,0.17829912042959883,0.02403469950811254,0.1021525849454337
10555071,0.0028420060423477145,0.00867965175371719,0.016336777558968063,0.005512670256334235,0.002855666592170223,0.06756291686734098,0.15356907309370635,0.05621885094099166,0.6864223868944236
10555459,0.003702920227215597,0.01771771768180465,0.017349927622820446,0.010142359568615901,0.01373038946369425,0.16348475742718693,0.026970311877945994,0.689700124062976,0.05720149206774025
10555968,0.01855031842043609,0.013639183836058616,0.012830821117722912,0.31989321349888944,0.2049599812629317,0.023425615737224483,0.005240808777011836,0.37133720929598535,0.03012284805373953
10556692,0.010077343335666665,0.006835862357092763,0.011578948123625477,0.016772238231610816,0.004603997520825722,0.05191461080952474,0.03690942165854488,0.476289171404552,0.3850184065585569
10557065,0.001140281282254562,0.0096431635671824,0.0027486626629405326,0.004713017563095283,0.005679724675085988,0.9091522829942483,0.030102173384878608,0.014536721543029365,0.022283972327284903
10557235,0.002026002798418976,0.01762556349698054,0.012070167393009347,0.04301430047365738,0.013225101352016242,0.7816763634744923,0.011411693213723786,0.10143874172140857,0.017512066076292892
10557310,0.004485863704377246,0.011368658579578143,0.010647318650292495,0.008815024445337435,0.09842897238049847,0.13717109561807128,0.010010346883383255,0.0186235668717536,0.7004491528667081
10557603,0.002070203232678486,0.012158051759743703,0.00931393366969108,0.005109998482794971,0.0029476072607513026,0.052307044673809484,0.06845645848947493,0.012087716023268006,0.835548986407788
10557649,0.002102348130086047,0.010713455775245668,0.009294853958371919,0.013709878384217654,0.012826536097074426,0.8810278283526924,0.012934051854455652,0.03715125138289675,0.020239796064959476
10559369,0.017557422090184918,0.017607791428642005,0.013080459975072735,0.008166298164177785,0.010431765454709472,0.7291199819503077,0.0799174722050229,0.018259235055255375,0.1058595736766271
10559516,0.00547523722839067,0.019522150215794114,0.006068501370469042,0.0640333904254874,0.031675098313986544,0.6608091028354226,0.03420169764095041,0.051305937161349666,0.1269088848081495
10559765,0.0017146241383185776,0.026616296107842864,0.0047818702097660445,0.0075760876137157904,0.0063056602429004205,0.7591459423999789,0.11069889123182608,0.032373877699771354,0.05078675035587992
10559904,0.018736701338758998,0.037393872653978914,0.014574304743229483,0.01335464491803231,0.011397868812990155,0.4475169535479476,0.032409440394525216,0.04085130056890278,0.3837649130216344
10561136,0.02026878389675604,0.018168573678037408,0.013431422682265791,0.01021560731874389,0.011223986748528566,0.24743393711675737,0.0353999045964171,0.06806674993477607,0.5757910340277178
10561583,0.008252981679336057,0.006062282738025222,0.006890562502915268,0.012336776851697533,0.005626414013955539,0.5106950442256166,0.3229930359185991,0.027589797771418786,0.09955310429843586
10561870,0.0016841926511855744,0.008056396457249258,0.005063616623265625,0.003776648501477376,0.0031227392220155034,0.5425528779009678,0.3877574865396117,0.011747251957525077,0.03623879014670204
10562711,0.009921006305436362,0.2682386706157012,0.03431428613195921,0.038260576970797947,0.02400257182742175,0.025511496577825823,0.009016180057083774,0.04616915690545163,0.5445660546083222
10566953,0.003133150271495112,0.006737152023218203,0.0032023647764583022,0.003364075590994321,0.0033135606231378067,0.5509553420824853,0.39935685817589084,0.010863753850917769,0.019073742605402403
10567563,0.06932771538814807,0.014691085035213589,0.01255977053830496,0.014244020741128974,0.011786299919918244,0.12496419817231333,0.05103343008342512,0.01974283987129947,0.6816506402502482
10568512,0.00429556583680688,0.002808390292884073,0.004220473595889626,0.0020342963165980677,0.0012406095459591795,0.049285681666716416,0.89614326702814,0.006337723685367937,0.033633992031637944
10569249,0.0032318815268202457,0.00348492634436288,0.0060681004724277305,0.004705396016950107,0.0019780856721334046,0.07500302541959057,0.8156058960660275,0.010441483953495312,0.07948120452819225
10569900,0.0063976716674113265,0.2773741805768716,0.015188159071943323,0.02373125359043499,0.03947087126284576,0.276822341456475,0.0128938929322145,0.31804870370509447,0.030072925736709024
10569996,0.003338136930836963,0.0032594597893123613,0.005424447998757574,0.0027095509920983334,0.001331947715452509,0.06277000081879557,0.8695560211760678,0.00959521137936219,0.04201522319931684
10570047,0.002690405123845695,0.008086504117244979,0.005442313028185049,0.008063570088846669,0.003727314016172653,0.43127692031308285,0.48585702514303813,0.03039755895487348,0.024458389214710524
10570186,0.06985394311169615,0.025620439856042468,0.016017166753730695,0.015981014260878494,0.043686022586356836,0.09868535800202206,0.0680305130945851,0.1418168906655764,0.5203086516691118
10570190,0.0027257015521709427,0.007771729457171901,0.0039391002677751025,0.003933748523100048,0.003501839652776753,0.16990953332139497,0.768826483789405,0.01069927909205448,0.02869258434415087
10570281,0.0028512915081952083,0.004857051867393575,0.004992124529590772,0.0033535276047250745,0.0015741250955927637,0.03842801901293303,0.8848014924680501,0.00842238234247776,0.050719985571041876
10570444,0.8795833611294573,0.007945209958895716,0.007767584281423595,0.017235882508991635,0.008025346547510153,0.020840550479371448,0.010462492083944772,0.01634976746072972,0.0317898055496757
10570516,0.04524157411667176,0.026475630459536836,0.013031045877602307,0.011983768806408383,0.011314277837059161,0.11982169731030168,0.02836361704977022,0.06429825227467231,0.6794701362679773
10570563,0.011898081128733933,0.002624416610921074,0.004292450759048626,0.004272444509901557,0.0017804643763991703,0.017628198932979913,0.6233978479852957,0.0101909822695461,0.32391511342717394
10570908,0.005526856293009877,0.004846196553932111,0.0035090310806648248,0.007350941327910658,0.003588430636065783,0.05235847336123981,0.8460272753573115,0.012766191132395358,0.0640266042574702
10570962,0.008101721695405503,0.012596329857581641,0.011830339009871956,0.009041988138451956,0.009168398165987197,0.10166214431504383,0.04560146144901031,0.7440844641376263,0.05791315323102115
10571126,0.028818580100312154,0.0032040015576551236,0.01124173509741793,0.007306083438884993,0.002375835529104595,0.0442220210970596,0.2518265836935596,0.01715496083939837,0.6338501986466076
10571129,0.8224154236575225,0.0069551093187001445,0.006832067943277653,0.04735506327595524,0.006682476183792238,0.018603872205321947,0.006074132214485744,0.054456937362799454,0.030624917838144913
10571130,0.18069627373438774,0.009642241948830602,0.01096896468862411,0.16087453311955757,0.008159759607122997,0.03165266036793055,0.004941830201411864,0.41598681206489874,0.17707692426723576
10571150,0.09063621079201055,0.018064016078200778,0.01691452129761246,0.020183988047902765,0.008408515611181056,0.12210476421190619,0.04263180961065677,0.2281338306397338,0.45292234371079565
10571157,0.11270606590990284,0.0024269758030224836,0.0051971989264933665,0.003144446632266691,0.001758563461003162,0.021127472195793324,0.7553670868044327,0.007503577688510234,0.0907686125785753
10571249,0.008105111530635494,0.0034608151488652677,0.003613583989016094,0.004567858875701819,0.0022553381101954703,0.19111515132455592,0.6039252767304311,0.010283353792857485,0.17267351049774143
10571563,0.009583068380754073,0.20930441983769887,0.013879611617874243,0.019274626833186596,0.020625648456515603,0.3140788451164746,0.018659344777240225,0.07982846470628296,0.3147659702739729
10571600,0.18255060865657702,0.016736652241725044,0.008130075024310544,0.012642247071470889,0.021364386183478794,0.053759000049567844,0.028773264380398348,0.025176041950607343,0.6508677244418641
10573894,0.01462678833275725,0.006213571948688033,0.007955242882179312,0.03303204762871626,0.004534224176042556,0.0626273900663352,0.17109446337986653,0.13345689667328064,0.5664593749121342
10574347,0.013673640165648863,0.005332781377954696,0.012344734179006864,0.010072475108317519,0.0030281007441290433,0.023653029059526202,0.6469633122425476,0.03541494010805402,0.24951698701481534
10574370,0.02154599426084729,0.0034291541456754494,0.0065232159763964235,0.012029234590705548,0.0028048333105904467,0.020912889503616902,0.37891393618984914,0.022282884319655506,0.5315578577026634
10574372,0.006293947997594296,0.003354370877569044,0.0077208633249417425,0.0032767954396200893,0.0017964065815767119,0.09401405144944257,0.7262593189639466,0.007905070745087745,0.14937917462022118
10574408,0.09257120714424318,0.018804107958018984,0.01779814689893807,0.26665542668481695,0.027037101623619587,0.05087611048141238,0.005240570433677744,0.1465143061159686,0.37450302265930446
10574430,0.00645276287718689,0.004646193374693806,0.008434548066810984,0.01300926597958271,0.0026135084532843693,0.03695960897225249,0.08063340951327527,0.01620508213114425,0.8310456206317691
10574439,0.026493216151038227,0.004414995513535327,0.006841692477251119,0.025230092970805647,0.0033655321758707104,0.1167018080056939,0.18995679242010713,0.0598329669532751,0.5671629033324228
10574456,0.32558768236954705,0.011159736082546907,0.00877160743951617,0.01974234916440453,0.008971618701271304,0.03842373864801799,0.015075108835793261,0.0458800889882148,0.526388069770688
10576038,0.8001858253891467,0.009879155152507459,0.009496232151435626,0.012666598470767563,0.007123783964586641,0.09016768604170164,0.0291729514868126,0.01548556958394705,0.025822197759094688
10576770,0.010630836140830564,0.00984937549240045,0.01213797396431113,0.058762322697977265,0.003576368934132455,0.0676781488837549,0.019575652960217977,0.09946763927607374,0.7183216816503015
10577118,0.004885246587064275,0.021095660984098968,0.006469056201339157,0.017130181173462652,0.005602486008719769,0.3017502741542571,0.04272985404291113,0.027199433378705624,0.5731378074694413
10577354,0.0057917857228795815,0.0030843446324111843,0.00691286161281364,0.002763180700526782,0.0016249662689230583,0.13500830126688435,0.7476790413317627,0.006531079896882224,0.09060443856691655
10577622,0.0029210886071988954,0.01620025667258143,0.005833634007357245,0.01013052637437876,0.0040836543610274535,0.14316447798117254,0.47948715450469714,0.016579596705201177,0.3215996107863853
10577723,0.003641257249777349,0.004351362409491756,0.008400616894422622,0.003724519846739744,0.0018170242349548117,0.2672708900945856,0.24746437773345664,0.007932231225529881,0.45539772031104153
10578130,0.8295355370389499,0.012006750181361318,0.008726468278220321,0.008338358792695852,0.007411737516550617,0.030257851885885846,0.03868603494307393,0.016847762409643658,0.04818949895361856
10578295,0.006769627346568001,0.006698316638214732,0.005815079173331972,0.008382656916473795,0.0029247370221564704,0.030760496099575832,0.7145741477568659,0.011107817694438698,0.21296712135237467
10579132,0.001976173059634673,0.0023444180468993343,0.002828313478527853,0.0019607022091910763,0.0009718000471247145,0.020845959722205248,0.9367492756651965,0.0039040350847629034,0.028419322686457613
10579372,0.001989602423825244,0.004147078545601543,0.0038900197518014876,0.0016274141087091723,0.001547707013740214,0.36749810989285947,0.5847843405033,0.006093068916728659,0.02842265884343423
10579452,0.0027842085755503225,0.11807227782304477,0.01834463851565051,0.018934478896150922,0.01123609354957869,0.23031408683418647,0.10910325200601374,0.4274909905763798,0.06371997322344478
10579754,0.0026996076019992743,0.012832324752476523,0.012154652258040327,0.014876060151439857,0.01965567819423341,0.7512482798671314,0.01795471306004332,0.15089233935605073,0.01768634475858522
10580098,0.004471093955776966,0.006909435680212094,0.0030840024971510024,0.005709855143655576,0.003749679622014407,0.0940038088102132,0.8355916629418721,0.023105054426871188,0.023375406922233402
10580150,0.003926628708790599,0.023687950185759456,0.014411546302223842,0.009074411744656181,0.005416234420967749,0.4418587149341017,0.27979644916789853,0.1373861147147131,0.08444194982088882
10580642,0.13614919983383442,0.010769614952144107,0.008448022651801541,0.030071496195667933,0.008655481454469982,0.12701990401447757,0.03398946735053823,0.06272508439368733,0.5821717291533788
10580740,0.00763707062522347,0.0018343713833088905,0.004182938625561654,0.0031320167076820653,0.0013325963194838557,0.012409710217910283,0.8755700016315666,0.006467675311036789,0.08743361917822634
10580745,0.0032168202695602487,0.003176693737915991,0.0063816917025139785,0.0029573403311190932,0.001228352317363047,0.02364506438659628,0.7982840377543515,0.027152970051055852,0.13395702944952392
10580771,0.33277805782194336,0.0038532786486552453,0.007509714891596187,0.05257652905244175,0.003369761930067149,0.021940145064127285,0.0639457316626504,0.284782998474577,0.22924378245394164
10580995,0.008448201606735583,0.0042376150029861575,0.006963542218138975,0.00796304136471411,0.0028609646377701567,0.03295309282988923,0.3328193093249744,0.0112377193577963,0.592516513656995
10581310,0.0028981735433545965,0.003100458214758814,0.003038272521877609,0.001998678125466923,0.0012660692751903177,0.041876667771406084,0.900249941050827,0.00519944141312077,0.040372298083997823
10581368,0.030740571258843774,0.044777065278854514,0.029455806035659816,0.054966196509276734,0.010352065274551243,0.023728026898979487,0.006293800804448078,0.7513337559756719,0.04835271196371443
10582173,0.08662258247575554,0.011438770878372603,0.0108588482325386,0.00920136817535246,0.007964416094602777,0.21852324083367564,0.04422149299604763,0.02351063788630942,0.5876586424273453
10582418,0.6778183575923801,0.008392368752318477,0.0093461834742779,0.007239467668297242,0.0067691454915570345,0.034222242234445414,0.04698551709984453,0.017654664237433386,0.19157205344944583
10583009,0.0013780856202262744,0.0033192129500959986,0.0022900228915466144,0.0017853745823456048,0.0013023604529431132,0.04210609837989533,0.9301556088625342,0.005540606631775955,0.012122629628636947
10583434,0.004802168717581265,0.07666565845757914,0.01446481859806351,0.029711266770210767,0.00500189537262592,0.08841501979494859,0.02843310791946344,0.05010738652907802,0.7023986778404494
10583521,0.0024277026865963413,0.004270038869668138,0.0037467189445792234,0.003265917728854313,0.0019421917613187808,0.04399073875075178,0.9057597636203956,0.005652628304483146,0.02894429933335262
10584210,0.0037188308182713715,0.004675435405163237,0.006494627522814023,0.004112275043560135,0.0018957663700902903,0.03303437549075489,0.6348974744202376,0.007539032925678763,0.3036321820034297
10584222,0.004735842947280256,0.002002938384754779,0.0037547804370639684,0.00207933583172514,0.0011245542246523118,0.07368666068293739,0.7587958819545465,0.004759062744729942,0.14906094279230972
10584314,0.011560693723051529,0.002504056619143589,0.0055544150221064625,0.004997517730228457,0.0018521154603981158,0.018113981238568423,0.45517546890769855,0.008835147300287291,0.49140660399851765
10584430,0.005443650974873206,0.00181442845857287,0.0034160464718434812,0.0022879667440993184,0.0010533372217302107,0.015283022962048544,0.8232950913602598,0.0048729585222291915,0.14253349728434334
10584519,0.0031526598416222297,0.008008429137280981,0.004069190006970719,0.0049780946488629345,0.0030674244800089176,0.23506331922410684,0.5182874960440286,0.021924705788184923,0.20144868082893377
10584820,0.007320952724186541,0.30131582643754384,0.0056410653505956825,0.008110506156730504,0.020557762066100375,0.47623166804939,0.024433984710378377,0.024434998033272166,0.13195323647180257
10585136,0.00351142383808896,0.259544584942202,0.00811901076562121,0.021858026189410955,0.006713894905731157,0.316705563836426,0.0270488137841005,0.2937940683765498,0.06270461336186936
10586849,0.002658746468291254,0.00811282892475574,0.005817162500218536,0.008418350527194628,0.0037736249721510387,0.5885956137941508,0.33119479339440144,0.013395419036948571,0.03803346038188779
10587734,0.5568905986406725,0.021926368928733384,0.008529576542739427,0.008909131405322516,0.01377193193499508,0.05021717947772328,0.21524618629913403,0.04498252430093935,0.07952650246974038
10587840,0.005587646939039851,0.0059994865856179145,0.012213615975441254,0.008272610118719586,0.003269291422835708,0.20727384374677427,0.6643323186376989,0.015801231283907213,0.07724995528996531
10588529,0.005194216480356396,0.0012653868098592837,0.0017956736699871144,0.0012052899481720322,0.0007812991140262122,0.009823471516801125,0.9508948340624059,0.0029897099717697555,0.026050118426622207
10588664,0.007008589012143934,0.0016923162134873362,0.0034109038629451583,0.002341332515624469,0.0012149354012696836,0.014573063228155672,0.7388342867452173,0.0052343856290636495,0.22569018739209268
10588792,0.006589555631640109,0.0016576876323006872,0.0024543355685213908,0.0021387491938542787,0.0011395987789575867,0.016925918730429392,0.9097524122901575,0.004558619547661204,0.05478312262647792
10589349,0.004874688991161102,0.004847410263641012,0.008196535667652004,0.004963012352573732,0.0021135354055392412,0.03213147032554965,0.5601729291998124,0.01315228425304956,0.3695481335410213
10589410,0.7800429615061095,0.0034169236920360267,0.01095042464979382,0.028112360556461935,0.0036946833697043295,0.028222737564302162,0.023821519155577845,0.022009383046505897,0.09972900645950847
10589411,0.26730823708355067,0.004014820808725199,0.006415480989471714,0.008952666136067603,0.011533433640823808,0.05062583738026415,0.037418987326948844,0.014260841952364153,0.5994696946817837
10589472,0.5275414842093009,0.0046077382961338805,0.008362915733370222,0.00705704146338575,0.010456076858828003,0.037359029352698185,0.05405691530822203,0.011905649624293453,0.33865314915376743
10589485,0.3515738629998385,0.0042223302136448065,0.007014295723152176,0.01391995481757525,0.013103224168702226,0.04635021551154618,0.015663958670455596,0.02745483119719181,0.5206973266978935
10589763,0.002932561779281914,0.12043150358724032,0.007653602877100856,0.020415213811961028,0.007957104796610253,0.7022091097574394,0.0257379801354801,0.07894932867570331,0.03371359457918265
10590733,0.004946633189947728,0.013189288115476592,0.011670539814139003,0.10621495793870599,0.00951977146323005,0.6866707149093362,0.021957387095053817,0.11679146473833849,0.029039242735772172
10592587,0.1660368963838536,0.006787095017818767,0.007985824019015311,0.011377015411070068,0.006988883039887968,0.03353233921071538,0.021998439261082907,0.023739713033735975,0.7215537946228201
10592944,0.0027805686757545424,0.09690248133267321,0.026361260073720097,0.019046120811821096,0.010898075263520698,0.24653570066249872,0.08372826618161847,0.04920340460304425,0.4645441223953489
10595034,0.016094046575393352,0.07098409236058109,0.011400410808763623,0.011822670746341963,0.011022600748862993,0.08433380195555426,0.037494917810262596,0.053785752805793965,0.7030617061884461
10596119,0.013375500165554825,0.0308861193395725,0.008121018399719477,0.009463087383008991,0.014232788685583295,0.4430274853385088,0.052068425773686484,0.018109444914461457,0.41071612999990426
10599481,0.0015279117635390424,0.005445993596190882,0.001812436487108575,0.0026303380822907,0.0023874411365456183,0.4253227754711958,0.5333709703456648,0.008034017904319301,0.01946811521314514
10599552,0.5656396722990331,0.006328657306513909,0.006256644292656202,0.0076129142400697385,0.0061420551530525095,0.027439596035143052,0.03053200282656712,0.012731793923647481,0.3373166639233169
10599609,0.014421788657311306,0.0026951835301862333,0.006338950659276971,0.0029454734981244914,0.0019542386188380802,0.019153529999399923,0.6593565542844813,0.006501337083476558,0.2866329436689052
10599643,0.0016325786265228188,0.005086914297719924,0.002521230460986766,0.0031921537025198406,0.002153108912041263,0.3229802455393914,0.6227773388776048,0.007483678050935667,0.032172751532277534
10599718,0.7683510823021418,0.006982828739056708,0.006161141685909285,0.023193974022093666,0.01179688087727292,0.026874132381814346,0.01641373413573048,0.014193947625951515,0.1260322782300292
10599755,0.009664908801823597,0.004241062678501735,0.0035685603933746316,0.009855941570231442,0.003154502160107706,0.06481318187391179,0.7209583999476165,0.011582377087625191,0.1721610654868074
10599776,0.0060985737667956265,0.004091120908942838,0.004629054115675949,0.00847744615419789,0.0026191525870785932,0.0575836098130896,0.3499574587266607,0.011879619048520888,0.5546639648790381
10599823,0.0036936681550435472,0.005821402986007633,0.0026072071735753505,0.005757215523287418,0.004854725225792588,0.2343744936487205,0.6998873996132452,0.013651863162281529,0.029352024512046333
10599926,0.008472620013065792,0.002649361128161202,0.004284995488705844,0.006101491598536192,0.002120812565427325,0.03289160534449909,0.28239036728119454,0.008641437878418035,0.6524473087019921
10600363,0.009579142566051873,0.005158177180080177,0.007513307958903881,0.04202930494382652,0.003306540792961514,0.08146509282854705,0.12573331272941046,0.01265979705935972,0.7125553239408587
10600655,0.8205447706335387,0.0066553779802932195,0.005667304133568637,0.018030219633080383,0.005782696849726581,0.02009296604915709,0.010950371608026505,0.011499275054081952,0.10077701805852685
10600700,0.07360051531602736,0.002920502155684937,0.0049942477960063,0.008196630549448188,0.0023138734590614062,0.020488788871706055,0.5349305433455164,0.006532413444790619,0.3460224850617587
10600716,0.009148214881774289,0.0024067406668372092,0.006802688853710878,0.003720682588830475,0.0015525079544814252,0.024328161118973856,0.5070611974798364,0.00590483167832079,0.43907497477723473
10600717,0.07720951389809325,0.008919526364568995,0.01084712279462024,0.016634004536517377,0.0031226509989248376,0.06167012333287871,0.2518289003010067,0.012467019144066,0.557301138629324
10600746,0.011925239644833238,0.0022932237421641717,0.0039455492332328085,0.0046354789926914605,0.0017479426931001616,0.03029844272922532,0.6509178405722154,0.00575277605204534,0.28848350634049225
10602334,0.001805095581629423,0.0017649504639986077,0.0021176105770233065,0.0014955165214364113,0.0008937654656831966,0.1218589783973046,0.8467093210585115,0.0022016687379276196,0.021153093196485447
10602555,0.0023452933918471984,0.0027322787500345985,0.002602633300991915,0.003230553482963213,0.0019378974597404493,0.38058164025396146,0.5645504698997948,0.005533121567075452,0.03648611189359086
10602707,0.003920371909893157,0.002148401234157277,0.0035573531671056016,0.0027140473002441774,0.001437359454891419,0.16216172162848697,0.5347174187191245,0.0038848335814027817,0.2854584930046941
10602774,0.002548062081721791,0.004658100440742497,0.0026862775065797533,0.003738705829228167,0.0027328368183050303,0.3243074549919456,0.6135655080659632,0.006529154559628669,0.03923389970588545
10602968,0.0013444720450825013,0.0036980841446915,0.0017667218463329145,0.001956494405986753,0.0017208840059489067,0.4823830747744978,0.4814188465272245,0.00536792589192667,0.020343496358308486
10603667,0.03821959169011653,0.020431065930816634,0.005998465998560711,0.017847652051155242,0.022964116518848766,0.3114943002048934,0.05892727246478437,0.014991046620343208,0.5091264885204811
10603790,0.6876757602296191,0.008279114006695183,0.006845101518798416,0.053269551811882046,0.006756394677035769,0.023766910460650544,0.00812241570894246,0.01718145580742055,0.1881032957789559
10603793,0.6492074743734153,0.0049459610972573875,0.007446132154843329,0.015794330216159027,0.008875916371932776,0.041763353464345156,0.022269585990338223,0.013842988854784896,0.23585425747692396
10603811,0.08466557310831502,0.0044449916215925514,0.005771473411395787,0.011321850401404257,0.006847755818303466,0.03229219514379093,0.020549777789380424,0.011329318115467193,0.8227770645903504
10603826,0.8469039706230194,0.005568797892549719,0.005693007710899064,0.011646105925033068,0.005170491292168157,0.022728676901082476,0.02581319995601518,0.008947089809368187,0.06752865988986476
10603843,0.681405691014214,0.008659141188488099,0.008179894666306186,0.01575543667600924,0.0077736258549397875,0.02502627495195972,0.01567178870095135,0.016183613680086882,0.22134453326704476
10603847,0.004507491936225073,0.005725550211287814,0.012044216117057508,0.008973598076420229,0.0022522283055712794,0.09248188891806186,0.07052976613226948,0.009911966706595726,0.793573293596511
10603856,0.7238066706236165,0.00661237366308749,0.006098417063073562,0.053463402231178056,0.007142638846731695,0.01746531947687128,0.006591388867493737,0.01700379306878892,0.16181599615915873
10603858,0.6048839661815413,0.007166935253348854,0.006116614489343807,0.016634110109456528,0.0063718443602384925,0.02629627287658022,0.021877912919724518,0.012859984703234593,0.2977923591065318
10604136,0.019951405416894073,0.03398700320161141,0.005198635740517962,0.025922801570252122,0.03185233736464509,0.6944905377001929,0.03256269352824822,0.018006542911642578,0.13802804256599568
10604299,0.0018286055022963478,0.0039408721736603645,0.0021368080941212594,0.0027487622383632394,0.002226894562386814,0.6703685958532225,0.2841530034485318,0.006164180954624283,0.02643227717279339
10604888,0.022872309834547227,0.03182478396163261,0.006373101204188771,0.02034974018054862,0.028978428632286737,0.38520430883360307,0.056322257755937674,0.017921795834023233,0.4301532737632321
10605284,0.001280826581437797,0.0015381284880702267,0.0014161119637327879,0.0010011050164120074,0.0007767660143765911,0.14405811493067672,0.8325067323690275,0.0019137988431914617,0.015508415793074904
10607892,0.0025595285425424894,0.004711115895595019,0.006002606799701505,0.004870702719997004,0.0019213872261861545,0.07984149957754834,0.6412126199079814,0.004727102063772446,0.2541534372666756
10608352,0.0030814445891408403,0.003965292853495639,0.003125142605793972,0.0034011967019703273,0.002291860982506739,0.036556717633872554,0.9047183953375632,0.004593520466181272,0.038266428829475584
10610526,0.8729762580034264,0.005106829128811784,0.0049160257056472595,0.026878244359615305,0.005448364567841767,0.03450181392574387,0.010566594433977117,0.01044884951759365,0.029157020357342862
10610534,0.6118639847726806,0.011928634096308146,0.009411972372816227,0.009043024141788572,0.007692684237969561,0.08397125536663864,0.04314170664981008,0.015100073329207243,0.207846665032781
10610659,0.35814235051197757,0.017160400624556836,0.005704537747571922,0.0258127948811705,0.020684098607703295,0.2648003100600421,0.03007888151244579,0.018012987717035012,0.25960363833749694
10611077,0.012321887146795482,0.10572442489885936,0.004455472006563759,0.010138716472143011,0.029190294722543045,0.7281718966377834,0.04983930822360477,0.02120852623954182,0.0389494736521654
10611150,0.0013224749555120544,0.004429060612901914,0.0020201991055386935,0.0016302737364363152,0.0013668144630445578,0.304668373665378,0.6608660159200046,0.004289452480054299,0.01940733506112944
10612960,0.0029161706593095814,0.018590075302620777,0.015738749824763656,0.8295915471506026,0.025170452871143688,0.036884342034585474,0.010374798392506688,0.03231574452326963,0.028418119241198043
10613432,0.00641549198159996,0.10642568753473491,0.005301507535853599,0.657823794655567,0.05423367715491699,0.029667989263251655,0.005636444165896274,0.1199788959052005,0.014516511802979169
10615359,0.09781714221471374,0.012496156568948919,0.006165675009914502,0.031060768943150865,0.014923805951799473,0.4143437777049163,0.030154819628357678,0.015035967675735229,0.3780018863024633
10616063,0.024453303113890143,0.018496276526529104,0.005437397246860945,0.021647193918921316,0.019759977130427233,0.7356615622279922,0.018189227782139647,0.01568434385385131,0.14067071819938806
10616067,0.014321348769090449,0.019229942233465584,0.008809749637747997,0.009053166593291695,0.009153926472497636,0.26626456219431693,0.043794497538726856,0.014787751001504484,0.6145850555593584
10616344,0.0033604851321627823,0.011939671594023565,0.024055841336017722,0.11465430850903599,0.009363143878793494,0.6728547519440687,0.019838493388910458,0.022420841435063815,0.1215124627819234
10616646,0.00958156272492644,0.36480786026226697,0.01957212306576877,0.22278334653721307,0.02945139253009192,0.06466363725166469,0.014544130744628812,0.15882451397396677,0.11577143290947253
10617233,0.0017399190051101516,0.0022240197199686284,0.0017738078157243057,0.001197189042538036,0.0011213900989726952,0.09166169748373376,0.8905124474715921,0.0034383097066120385,0.006331219655748201
10625331,0.03427780628664465,0.09149095548177971,0.007410104471212512,0.08397309775902143,0.04611673878469507,0.4667136815232308,0.05444053697884143,0.08254281237358749,0.13303426634098695
10625616,0.023705365508858437,0.003012944193781394,0.004384525137110554,0.004824845817548475,0.0023636433984562714,0.018392652602047255,0.6155414159672441,0.005729432562392308,0.3220451748125613
10625848,0.002834917919136511,0.014073182364866241,0.011997551990415259,0.028738287909607946,0.005262101334402966,0.07143352449537746,0.023601554342736867,0.014283803984587302,0.8277750756588695
10629182,0.05141859228639105,0.009743992294878684,0.019767862108449455,0.6219549636709087,0.01742478464664816,0.02197157711497206,0.01117950854531498,0.015411193399149564,0.2311275259332874
10629593,0.0036250174277607317,0.005192504221054847,0.007077107564829617,0.004198437972338749,0.0020930454890942004,0.05852488365710863,0.3686969969038733,0.005890627757284032,0.5447013790066559
10631640,0.006131215978897826,0.006147768303599315,0.008412628404683743,0.005945639354544381,0.002977362151679915,0.5460100553721268,0.3104379630204843,0.011043908222006578,0.1028934591919772
10631716,0.005125346697157414,0.005463903552724385,0.008088707705999417,0.00426116177103359,0.004358860286849127,0.8725177777488837,0.059296244255169696,0.011275349843330403,0.029612648138852296
10631762,0.003127922683268504,0.014073968242335397,0.010830324116710442,0.08448480414643116,0.019541839970938002,0.7574285028674823,0.0181144833215566,0.023654556685863193,0.06874359796541447
10631811,0.01279131566309425,0.006962383039428478,0.010909919892116586,0.006754201339909035,0.00476072638873351,0.818231959156891,0.10186911108011194,0.011813895167958482,0.025906488271756865
10631837,0.0029945403856720346,0.009778755624874423,0.0063248050093896585,0.01237866406850009,0.00510135110886855,0.8834204966812187,0.02623178484704984,0.012830150971013156,0.04093945130341346
10631847,0.011854467683597495,0.005909394871628063,0.010491764618707105,0.004918144110601953,0.004748183268715615,0.401566217554991,0.523896141261113,0.013271215949326048,0.023344470681319653
10631868,0.013536849996794427,0.011627437735605642,0.02162239305566503,0.011373680472047985,0.07196473521749125,0.629285611297632,0.10088956756033782,0.031966197911806965,0.10773352675261877
10633681,0.019738669222421835,0.06639728803046062,0.023801275760586285,0.053712900469720604,0.023832756367198688,0.06775978259781203,0.007521633121564215,0.04680672944332077,0.690428964986915
10634284,0.003810706391203768,0.009560663758059935,0.004334036270639514,0.012900871091017197,0.005756613301065418,0.865719501447852,0.0501199759417917,0.016961984715422727,0.03083564708294779
10634751,0.0037261178835137697,0.018191931424652773,0.02572938499663907,0.14852981423046308,0.012602368736988761,0.5044115433650718,0.0207922506756017,0.03599617785605415,0.23002041083101485
10634784,0.006014392130473426,0.008744467623695174,0.011561905059473462,0.026862473273577422,0.007754992716987648,0.8626653520205392,0.016097397398696735,0.028625562028436205,0.031673457748120734
14964636,0.002734404305386197,0.006246855317356967,0.008186556093792605,0.0031888350221747352,0.0026801839080848222,0.18805052804918004,0.3951091016013326,0.008657505274423778,0.3851460304282683
14965242,0.0031179091476265124,0.46822497149754605,0.0051661291794893255,0.01093237146965691,0.05980339342053964,0.323519016455139,0.007717611366093805,0.1010051377752085,0.02051345968870023
14965666,0.0023952859931955736,0.010501667055250276,0.0035615957450333144,0.00680135663847201,0.0055189401591651446,0.8405268358302928,0.03746470928530718,0.013588913998637289,0.0796406952946465
14972026,0.01530376211480705,0.010516205475412143,0.01636584983638739,0.013816498717831685,0.00851257653089764,0.5529748513455431,0.025288226583557834,0.042730131391194394,0.3144918980043687
14972090,0.012323712752959265,0.010218218166191414,0.012066332282124705,0.01115114166097341,0.015557496879933283,0.3577225158848516,0.017075651242659234,0.08823443791275695,0.47565049321755015
14974044,0.0016108051376851904,0.04248745767572117,0.15702929270517743,0.01606278337425941,0.008850095459431277,0.14059527323394916,0.023859106457997523,0.019497068177440277,0.5900081177783386
14974586,0.002031613255752462,0.05159227674490668,0.013640100226395833,0.014144197711596569,0.007223322324681415,0.3848627098608741,0.024711151410054272,0.012491791141345573,0.48930283732439317
14975479,0.0010584019981799,0.006479309698745072,0.0035659919309244032,0.0019487826255502082,0.0016637980397171646,0.7760997358956843,0.1657545660604112,0.005720331741375739,0.037709082009412045
14976063,0.008044668932191286,0.014941287099179168,0.07359320988789082,0.021695571218407123,0.005405936291501877,0.049473853607110735,0.016560047312464157,0.07975871549523687,0.7305267101560179
14976076,0.0047414211170738255,0.02442785583829942,0.046396730013898886,0.026963770884814952,0.007237685765224632,0.054880594375723096,0.019629972937777664,0.05860379769846727,0.7571181713687203
14976116,0.029054982825125208,0.03362353651810842,0.018659685967039402,0.5429972594140748,0.019320283759094326,0.017638383337888194,0.004305835924865453,0.18624786527439852,0.14815216697940556
14976137,0.01872123080328827,0.005249887241117133,0.00576204204511038,0.014678674075202876,0.018548690411099,0.05856964300853486,0.010141038689663819,0.012126650912754746,0.8562021428132289
14976834,0.0035600092712427204,0.3603108417145529,0.011773817100480595,0.40585465594247083,0.16162372011516749,0.01214308251992571,0.004297069636514773,0.022700935794150143,0.01773586790549475
14978764,0.001543513450722366,0.04156014064594429,0.0103742310260024,0.0057962873453759325,0.0063775349344412655,0.717284471867794,0.030722032263700898,0.01606375465508834,0.17027803381093065
14981625,0.0013500914340154868,0.009638897784818874,0.004361469544507663,0.005549404929256019,0.004224553200967499,0.6808352544622667,0.2484834605153479,0.010807550039355938,0.034749318089464055
14981687,0.0019373828292539475,0.006875047324015971,0.0025964910757703733,0.0030050293889715323,0.004766659829992547,0.7905985581809767,0.16279915456961924,0.01831303799114156,0.009108638810258153
14981722,0.0035151567904704584,0.026526424671050278,0.016378090819792857,0.01906051030130058,0.007089976167875094,0.14228964063995772,0.03403559299249527,0.01701418372841425,0.7340904238886434
14984061,0.05827721042289831,0.004939943954734801,0.007858576855983982,0.03279714007743268,0.004843028137092852,0.0529510007351373,0.0108171532704764,0.018477603891362306,0.8090383426548813
14984105,0.00172187345213041,0.014319288213116375,0.004829525194029456,0.0021530486669459354,0.0038170052189880712,0.7033688113270518,0.23710719063042002,0.012675093968525078,0.020008163328792888
14985917,0.0041655521362829505,0.044760699286640865,0.03373988879607545,0.04205693044185253,0.007319878489526457,0.04302822239114987,0.02770156839224485,0.031674396303207314,0.7655528637630196
14985959,0.0025380034628514833,0.015116886445348135,0.013491425179626907,0.010216007726400208,0.005361958406208871,0.04475423915712128,0.06495829685809859,0.013884243646478861,0.8296789391178657
14986272,0.004069721167414266,0.008281419713953046,0.01316803177507322,0.0074370200621343835,0.003874558345577618,0.03833753439658164,0.35227508842516553,0.012640148419294698,0.5599164776948056
14986784,0.005208449545094041,0.009442425297586288,0.012374788519584049,0.4480801603485234,0.005525804276989648,0.04129678512575047,0.011741296918989298,0.04875242533773165,0.4175778646297512
14988721,0.7743099519813792,0.014915965611566882,0.008184210051181041,0.017532044351502962,0.017678120910319086,0.0865222667268516,0.02239875591099556,0.014390425850862865,0.04406825860534068
14988743,0.5068936917797005,0.01135095866219772,0.006037892859919419,0.003940036827887586,0.008726411025760394,0.32978272065314973,0.1094455311700812,0.008959131285307847,0.014863625735995761
14988773,0.632110297199683,0.012637424584734191,0.006388208006213906,0.003962316502992502,0.009732853442455044,0.2255662074044376,0.0793716466509608,0.010903163269952798,0.019327882938570122
14991846,0.005990728744217664,0.42535454922572136,0.013597481179111866,0.03691434041579169,0.1809368788491369,0.16704477023290681,0.030166404615652037,0.025620125017263698,0.11437472172019802
14993381,0.0030080105270356775,0.01678357269971597,0.01780052830029874,0.010625049268969032,0.011583236718625368,0.8499930501652426,0.02962174753659379,0.01990360457302174,0.04068120021049702
14993467,0.005065607963056121,0.03800227011272905,0.03284729539508666,0.01964706943329902,0.022662382923793474,0.7208843677375323,0.029732980616662942,0.0313126560548994,0.09984536976294103
14993499,0.005989528749991244,0.021839749524262566,0.03834168607571084,0.021659222470549393,0.019454158888802572,0.6558465474108488,0.02590272043991758,0.0456398498910208,0.16532653654889617
14993756,0.0031591504557418205,0.010891933222454544,0.004065553870485401,0.007483989285240469,0.010838655015440563,0.8450109761167148,0.04802246840319877,0.04980214853671171,0.020725125094011965
14993805,0.5441758075628145,0.007143201834650785,0.0032183183402031473,0.004368579717968898,0.017357447605332196,0.33039479430528085,0.008452757200409434,0.075452975397086,0.009436118036254252
14993862,0.0038274215333121107,0.006924609376664835,0.0029854647168681436,0.003622653575846324,0.005653202046857817,0.8067454296975403,0.10114162809391872,0.022139907959026307,0.046959682999965474
14993915,0.014631481692503993,0.04117463149293145,0.011260536212860172,0.010731895452984776,0.018293559240096995,0.8231771776993213,0.019104501693548142,0.018833508963763,0.042792707551990106
14994055,0.0048722652796505525,0.012441066884659222,0.013385882924034738,0.009080508727350462,0.01196602887640709,0.868743393837402,0.02517347683148429,0.028751946688848184,0.02558542995016354
14994074,0.009419351457743079,0.2694339026695718,0.008932881326929378,0.008612900570458675,0.024344913660807304,0.6068137529370246,0.019200796142889838,0.018565141259171747,0.03467635997540366
14994471,0.011265243183121875,0.06335264822715418,0.0040521825936146085,0.015922164024654545,0.2541314200836203,0.5945412942206068,0.007576506202938819,0.022942591778429822,0.026215949685858962
14994472,0.0015432943297726664,0.01653489431861934,0.0049903279187924225,0.005139279896918396,0.005453747860541288,0.7356718797771762,0.17932598199472174,0.014471403474801242,0.03686919042865661
14997775,0.005127048293924338,0.0031541376714747456,0.0030687826857882135,0.0020059474221466554,0.0016561145335556209,0.013768594676222871,0.9351778217937791,0.0034993487814353732,0.03254220414167308
14999004,0.005918038822482532,0.004896354798304937,0.005607908392265674,0.0019255408079335839,0.0042302255677338155,0.6453740859271688,0.30296595085879,0.010026030622204826,0.0190558642031157
15001560,0.00128479818192406,0.016996263110125087,0.003690367038585631,0.006837511253249671,0.00772500105417559,0.8655924912024948,0.06296189659800125,0.013681917722381223,0.021229753839062712
15001613,0.010803203405500584,0.020466093803499192,0.008785481305892635,0.7734208003287498,0.06104206215511673,0.07535628407999499,0.004206801656318237,0.015982091479668305,0.029937181785259594
15001738,0.005041768021238514,0.02326602144155627,0.00555692241334842,0.8817746777790654,0.04021413411008321,0.01393966209646821,0.004490368613807893,0.01134162064876076,0.014374824875671271
15004811,0.14260404438554272,0.03280107319365673,0.03253064214857072,0.013981595122009511,0.05318897588618851,0.08755868821392351,0.013886318391172348,0.4407219297250494,0.18272673293388642
15008061,0.013084878307024915,0.003094049551479704,0.004397044641711051,0.0020336260412980797,0.0026371069234360496,0.14702740244076834,0.7943032433569984,0.010860730726967548,0.02256191801031586
15008213,0.01966156597499884,0.0021956949323683416,0.0037120807795799774,0.001773861650931588,0.0025338525208867067,0.4799712902649361,0.47044544889975404,0.0055725188260608086,0.014133686150483582
15008611,0.0015555759065515415,0.008152004840479113,0.004251946749564048,0.0022269557308784616,0.002703088291483721,0.8610259971284022,0.06305723242427742,0.006833975223860353,0.050193223704503076
15019961,0.009884240873443185,0.00566042156292175,0.009216564618521286,0.009293144726362505,0.003300701434878707,0.03793624658505734,0.052812686639716715,0.009870219546322709,0.8620257740127759
15020343,0.00494696868875003,0.0034751565319245206,0.0026512792474814714,0.00525702889162046,0.0024109728082041294,0.8153385379081797,0.09214603368813074,0.007954190694649933,0.06581983154105912
15020355,0.0052586501116234285,0.003915276052991069,0.0026242159933646666,0.005572300326605172,0.00322112419989323,0.8151128036569597,0.11556665748603347,0.008140166810796313,0.04058880536173288
15020443,0.056030641662167126,0.010276845806409078,0.005843683743451056,0.06702309151873194,0.0187140842762882,0.7467530102995052,0.016857341506545716,0.013547773503996602,0.064953527682905
15020475,0.0018303595405947165,0.0038672874166769755,0.0031013193748676937,0.0027025321283935502,0.0019000070558195979,0.7523891315771871,0.19413632038894876,0.0050317522203082955,0.03504129029720325
15020478,0.03811320789079421,0.00389282615494552,0.009986548630238618,0.08150589048764653,0.004970175160542834,0.6249438586570624,0.024502525338551847,0.024815928899241196,0.18726903878097684
15020616,0.07620481767789199,0.0031637142472083356,0.004972255916943692,0.015625379605677035,0.003623814704578818,0.7040402106752153,0.04478641094096653,0.010647030044277946,0.13693636618724028
15020628,0.0037515677425808973,0.003010665844538094,0.00554359711372918,0.002955058380423802,0.001740121054121001,0.26390628464576593,0.15553582057692464,0.005521958453499233,0.5580349261884172
15020872,0.0015026912295432317,0.009637372243995856,0.0036086143456739313,0.005601819380578525,0.003405339913481591,0.9130324758618181,0.031019899568000192,0.011745670694818446,0.02044611676209011
15021128,0.008279677136439883,0.002691004251917766,0.004087581895456968,0.004979656570892293,0.0027904125752718145,0.5968753545344436,0.302433265514387,0.007260761946864654,0.07060228557432602
15021160,0.008388467677823258,0.0028773242235724406,0.003453698864779043,0.0058122804076155485,0.0027872005475238727,0.6080587564154136,0.2869890939872626,0.008327447606845825,0.07330573026916373
15021257,0.0033377589331282653,0.018853083564521835,0.01940634839498835,0.019918431932327497,0.008367823851297659,0.17716626211968278,0.025248195879161925,0.01245777135302996,0.7152443239718617
15021684,0.0055057766219984445,0.005704419242775215,0.007498638659426087,0.0026336551662899327,0.002987765609697292,0.8453064179219892,0.08412069754116368,0.00811825003670184,0.03812437919995828
15021692,0.002277634032351119,0.006025104699952866,0.003104325863098206,0.006603582709140681,0.0034190111896679424,0.8594341405559979,0.06645234084909785,0.010795995850682734,0.04188786425001075
15021701,0.229753665088547,0.005013158038670997,0.008111042323943635,0.044740421226664495,0.027069169607327834,0.3086220234902005,0.012929356159223264,0.02458981938359454,0.33917134468182775
15021774,0.040865051751856146,0.005690987981663619,0.014095038786288082,0.08745619613442246,0.004492506501490141,0.542522206120252,0.03365414395411704,0.028731255124826532,0.24249261364508404
15021895,0.004186243867666268,0.0020143091031072312,0.0026319457463459934,0.0018680346547107808,0.0014650107191383017,0.12130790270135514,0.8086143746335017,0.0036814096434728866,0.054230768930701605
15022136,0.008390167897077878,0.017709564836234246,0.007455616592637716,0.31935093051321767,0.5611793017644818,0.045907494374437655,0.0039048721965997744,0.019031513448546228,0.017070538376766947
15022196,0.0042166448808613815,0.02048156666486903,0.003256559693842411,0.008473203529781434,0.022442219387393793,0.866565783126491,0.01740916863298602,0.02837369292495788,0.028781161158816924
15022379,0.009756631283178647,0.0029138105575504157,0.004527678688475499,0.0019824966451606114,0.0028133024921903177,0.5361955090497526,0.4216746568075372,0.006668663015095232,0.013467251461059487
15022812,0.0032931117837413687,0.00821471323869485,0.03254291816786288,0.006652476055894164,0.0035800004200688728,0.28759433363317777,0.06145015752547511,0.01169837238831585,0.5849739167867691
15023358,0.0017327505752950147,0.01162840039949181,0.005532050264666195,0.003981309978279839,0.002976104020005668,0.7179709113094166,0.03704150894888274,0.009479724384084382,0.2096572401198777
15025120,0.001582249573062767,0.003643664121787509,0.003340768391953213,0.0025928718141145068,0.0015702932827199065,0.21065387146238673,0.7170682917339182,0.0034032943857168437,0.056144695234340285
15026359,0.033160437470670254,0.20909446957958006,0.014168311579423967,0.01676596461112468,0.015037812942196803,0.04838196898258279,0.0447047865608135,0.021525577618579757,0.5971606706550282
15026505,0.0011794119963814754,0.0061311367535617535,0.0033829407930440285,0.0026057881844648682,0.0024127614923225025,0.7747487398222167,0.14539763436726277,0.004076053455515038,0.060065533135230824
15027149,0.003292017123351444,0.004731985134673807,0.005092297579605138,0.0018531152049504414,0.002319653335853835,0.7238411941346812,0.22675500862700387,0.0061447427787982315,0.025969986081082124
15027656,0.004987744243295562,0.0053737394244305625,0.0072242618993034234,0.0022984781137595396,0.0029914084690501703,0.8264173179549199,0.11486290912100362,0.007187949056650833,0.02865619171758629
15029423,0.004153408180135336,0.03843026295275443,0.08300322924424354,0.03305902264675917,0.0075227088051979234,0.10342347610527497,0.020327066232867626,0.022826256616238483,0.6872545692165284
15030927,0.010812468907286014,0.031051800529591257,0.04328645104643263,0.014827677507904577,0.02351611174945508,0.5362958267804083,0.12139503452453486,0.1695637767214626,0.04925085223292464
15030980,0.00127063915127421,0.004908222489235634,0.001965547638562197,0.00319159173156597,0.005216276212058642,0.9471130596374372,0.0159206723540648,0.01112649746027536,0.00928749332552599
15031320,0.0013775701731996992,0.007298206443038716,0.0021550614898025074,0.005330898042472992,0.009633689375022396,0.9352315822023956,0.0118670165352029,0.01654452641245747,0.01056144932640775
15031685,0.005184925547688382,0.017668416897585523,0.02214145922581852,0.024493160354987827,0.007860365177640287,0.05913431257297197,0.02496111431110115,0.08463279018209671,0.7539234557301095
15032898,0.18368935288913057,0.11478323183179162,0.010800193056384598,0.20391317701454426,0.36642080212987793,0.05723611166068171,0.013082495004214352,0.035764925738206874,0.014309710675168022
15032900,0.04442305106588139,0.005375562056791793,0.00815148638537662,0.012961580612318509,0.010247947798957503,0.7968097874534563,0.01171878762679123,0.0477468256477916,0.06256497135263495
15032928,0.6610971515438488,0.007044164695257404,0.013558442430584088,0.04073086928993158,0.03929308222652986,0.1393245390572967,0.012415982878420466,0.053368405500319634,0.033167362377811364
15033174,0.004276881360321917,0.10043888259149975,0.11988265850952831,0.47745798743100276,0.027809265869636855,0.11950115623562677,0.036059850586786624,0.028048985721991788,0.08652433169360516
15033276,0.014630240654896445,0.00649865099836411,0.08435489255485706,0.7482437164049329,0.013095654678414342,0.03659594644091283,0.007564647355611113,0.054442416447736224,0.03457383446427488
15033325,0.008518333269997135,0.006397485639540094,0.005393945367428244,0.008248012284023158,0.00991532027004431,0.8262311183435126,0.019818958255335015,0.03342756794245124,0.08204925862766818
15034238,0.04874567177070552,0.0027492920383585234,0.0032877501408345475,0.004235664980947457,0.00222377495618253,0.21795617277324764,0.6447955696436857,0.007446664058839828,0.06855943963719824
15034502,0.0038379725071539085,0.11110732034392849,0.009361179096539815,0.009437887393638576,0.012911860290194433,0.6336260028768674,0.09474928935596305,0.05780896716672829,0.06715952096898606
15034629,0.005049712899941982,0.008018666636952226,0.004154375277670889,0.011485371292909441,0.016489161139187358,0.8588508608852181,0.04151919468453745,0.04140208930355021,0.013030567880032252
15035001,0.002522420383993293,0.0044099647967514545,0.003352927670782546,0.004937018536407718,0.002729825408967425,0.6100927904766128,0.3060724706788827,0.008700617540165007,0.05718196450743708
15035009,0.002196909254611519,0.0044090006166221715,0.0031327263107413135,0.0030277713756574655,0.0020366014296191383,0.6315699485413635,0.2765636235273013,0.0065874946629613925,0.07047592428112215
15035907,0.01146459665077145,0.0022528891774137145,0.0043229861442672605,0.0031683938532021836,0.002645068783779088,0.1983295412332393,0.7182761037382741,0.006816469282517034,0.05272395113653591
15035992,0.007726625515412607,0.010765055943416008,0.004098519675327172,0.00824189125561255,0.01782951177523923,0.8546146398208181,0.036634866170466726,0.013459813200248132,0.046629076643459486
15036249,0.006422347920776748,0.004527614745512163,0.0036590075282747114,0.010764192226881365,0.004468148082568217,0.7339836707099809,0.17469075165540524,0.014987266300222004,0.04649700083037862
15036548,0.0033505002554117887,0.009424906633885722,0.007309967422653089,0.006637728988022214,0.009710670365810636,0.9112558910306982,0.01365629811403626,0.021915987027650713,0.01673805016183144
15039526,0.4003819852212962,0.013893927833389724,0.008030557929693868,0.02971923029575914,0.03601021013595626,0.43888538041809233,0.00802515576301128,0.04121555502496342,0.023837997377837785
15039570,0.06831360560314814,0.13946604227652346,0.03998087812369868,0.13550527962462433,0.24347386381731845,0.0869849596520019,0.008823599017290257,0.25526542249159107,0.022186349393803675
15039573,0.044586516155250736,0.07107957003612192,0.017359077332628477,0.10000071368150364,0.21202996558547077,0.23803116769307853,0.007205106357536004,0.26223007578728863,0.047477807371121304
15039604,0.005590522403339272,0.007138914486511437,0.010917901157614674,0.015435682785159228,0.011185618075962639,0.8847918882878223,0.012422946541377263,0.031200501569697534,0.021316024692515534
15039605,0.1795446891376722,0.010435820693035721,0.011385627957910018,0.014778064310632801,0.020499394394757668,0.6950078822327612,0.009992927811656905,0.039734469859453156,0.018621123602120173
15039606,0.002606007474611365,0.006193426662166565,0.004973848279661096,0.005329169468325928,0.005823905980036635,0.9200979132600674,0.020333515588855888,0.01717917420730247,0.01746303907897274
15039607,0.0029614655116910276,0.0065663864174906285,0.009879036390330812,0.019435903083792935,0.010051163321901035,0.8981863249564338,0.011092956494693457,0.02099139180471561,0.02083537201895065
15039619,0.01965961602437096,0.03579306177702104,0.0058722767143405095,0.030941722977995006,0.11388105700198176,0.6915472734975117,0.006423347857176617,0.06974044174965627,0.0261412023999463
15039670,0.014975292884367108,0.010282315250672776,0.020633995739457858,0.020382210981368318,0.015633819980408976,0.5796444260135383,0.03408488841754903,0.2255986435311581,0.07876440720147956
15039706,0.007182092546965396,0.011737283640907138,0.01184752184097616,0.012150879859132605,0.014807629850948384,0.8725780341812626,0.014315756921369834,0.031669839055274776,0.02371096210316319
15039727,0.009710752752903878,0.008319559930926302,0.007017133374584164,0.010002810826933663,0.008211882153050826,0.86436494351334,0.02363599648329538,0.0404147207930917,0.028322200171874087
15039753,0.008601936282544482,0.006786429720291716,0.00472546615184946,0.012384022611265911,0.012108709788158645,0.8822234322786122,0.008664409491541347,0.04388317160347472,0.02062242207226136
15039779,0.006346209591737688,0.005521427692913643,0.0032046353359060833,0.004080162297145348,0.005397210978502755,0.9145755210590325,0.022135148541101875,0.020261775935504753,0.018477908568155284
15039847,0.002785011892738371,0.01044816091840944,0.0063279622755959015,0.011117258416089739,0.02202021178018793,0.8332687729910104,0.023913234611609598,0.07458520540539262,0.015534181708965863
15039953,0.00858484928946431,0.008944968551056842,0.003977114067286571,0.008075502784971642,0.022277779130994633,0.8812375493160268,0.014005382948252664,0.02308864420373685,0.029808209708209712
15040005,0.0031757644269111446,0.007869889239324336,0.003344431635761864,0.008258704448069688,0.00828370548360452,0.9172311235526247,0.010148139502839543,0.029629612239160382,0.012058629471703825
15040385,0.004270334839067745,0.012230733933226445,0.004430311049378394,0.01344432423087053,0.016583010409318588,0.8772833273462871,0.013948255186850321,0.042184153659420506,0.01562554934558047
15040821,0.0017190663044184945,0.011240283032300149,0.0032323091039356895,0.004085247148600618,0.012220718278365251,0.9272248587762306,0.012710052550532447,0.01891076930427605,0.0086566955013406
15040857,0.004491872719800607,0.008826490617690188,0.00266357052126318,0.0066682353655904145,0.011505871599235757,0.8915352695908312,0.023054152853735462,0.03771678115676213,0.013537755575091041
15041986,0.024801696125483018,0.006696148708176981,0.006194082919381828,0.004524691694503003,0.0763775537892262,0.7959083548717145,0.03594445961354264,0.01970340418732674,0.02984960809064505
15042110,0.05215532572934668,0.008986396914338257,0.006536853930024253,0.010363075888053738,0.12030337441120402,0.6990462501580675,0.009988289345516134,0.033796248073347496,0.05882418555010195
15042130,0.013980021351979064,0.006267662726759069,0.005056336197724156,0.005808233535736132,0.028546641754822664,0.8705996608764103,0.01277751435272292,0.018937497267996466,0.03802643193584931
15042158,0.21643996465358278,0.005336693520531521,0.009630686427601867,0.013091255605900154,0.012037537772294929,0.6284930712186737,0.014210780674236903,0.05181111436667587,0.04894889576050229
15042268,0.002223050567143251,0.007245925764606129,0.003628698551512961,0.010849014699550439,0.0069042401165935055,0.9120090152686255,0.012868897930182895,0.019033163510498954,0.025237993591286215
15043753,0.001103667630239169,0.008046489033417365,0.002202102146335496,0.005530713137726433,0.0035878498779409757,0.9307093436704268,0.01520389304036045,0.009904942339703895,0.023710999123849486
15043834,0.007058339225909577,0.014960935293966755,0.01368819292057824,0.016538162271061266,0.017877825374112356,0.8356879263866355,0.016561018058206936,0.05282899960364219,0.024798600865887286
15043839,0.0012887086657274623,0.009819167488415917,0.0021660578849710386,0.004295857658700423,0.0034547974610855577,0.8877195326712073,0.05240240180640745,0.008537731769150876,0.030315744594334008
15044458,0.06338473009096239,0.0064263938528287805,0.005681993735817395,0.004509562605823444,0.006615957337701848,0.3703155482030714,0.4339923873527253,0.04560401313087356,0.06346941369019587
15044472,0.010729476937702598,0.007705225774450973,0.003996124259006332,0.0040545942226991325,0.0062233404562741235,0.29230623764006214,0.563683764580765,0.05459809275509379,0.05670314337394591
15044738,0.017589943049461525,0.16795686702797158,0.0076484608587531625,0.050879461580076876,0.1171870289471736,0.569614250912983,0.005039228824243657,0.05164267799385566,0.012442080805481016
15045093,0.0019744103110570345,0.009946835205839766,0.00398228369302922,0.005564016735977044,0.01382510785290214,0.9110820470673382,0.0092382920495109,0.03289639393285359,0.011490613151492076
15045554,0.0020621958870067,0.0033727224286252233,0.0021853914369618847,0.002745503737893118,0.0033961702844378873,0.951264181793957,0.008944839777991206,0.01406890464909583,0.011960090004031166
15045558,0.009997491627906733,0.007827984748265359,0.01897277431254795,0.018895334046334023,0.013990994834097827,0.7630974027461175,0.011880451466444996,0.11190789070915827,0.043429675509127304
15045579,0.002698829736394045,0.004792275533932485,0.008153610500003022,0.011827436975498347,0.006143853161122246,0.9095610727709473,0.00902151190977221,0.028504656318575218,0.019296753093754983
15045654,0.00297292179114519,0.0035443606701560776,0.001629339244989441,0.003415018308658482,0.0036630295544938505,0.9441969472437253,0.013084383847397891,0.016622722610833075,0.010871276728600748
15045792,0.0013245044106325798,0.005996198389133893,0.003605517931507285,0.00637996688583393,0.004706309592950079,0.9451874706380485,0.008464250755671986,0.01307089214436667,0.011264889251855084
15045893,0.001259692248471284,0.004719720027872181,0.0028151485349834048,0.004897003918878488,0.003549428221072735,0.9453370869803164,0.01454315757975373,0.010428995599399835,0.01244976688925181
15046221,0.001303416532914415,0.010354053535149175,0.0031215032872554515,0.006635389848720204,0.011794506512573603,0.9185970071238516,0.007287313953380226,0.028558027960734603,0.012348781245420685
15046234,0.04042823404826845,0.04458322756254899,0.006259055489203724,0.0076445424375999145,0.01760161282949479,0.8287811193725709,0.013294307738499326,0.0237669265012702,0.017640974020543747
15046237,0.0647361523214752,0.06393709266344441,0.02061618843345807,0.05004074017024727,0.09367370474532336,0.5297405436955179,0.007473120287790302,0.15472860570450064,0.015053851978242792
15046520,0.0019496341983975432,0.005091980368575641,0.004333370347366851,0.002751712777491011,0.004366064059589437,0.9250027101740659,0.025894400183547953,0.013717146048143851,0.016892981842821817
15049213,0.0014152808981398397,0.022404129704230395,0.004321129270497832,0.011441012807866373,0.0069578946614787425,0.8924912619131715,0.012127691268064586,0.02530201702343254,0.023539582453118085
15049624,0.004083960339237768,0.00960497372147359,0.016265963450884036,0.018617945786713063,0.018881544161394922,0.871106744956688,0.0105559224294979,0.033386188819993695,0.01749675633411676
15049791,0.002676147594971814,0.004758975264840661,0.003053515440050481,0.0020803789476254537,0.003548138867903744,0.9086417852616568,0.043105587961296446,0.017924292883012085,0.01421117777864257
15049898,0.0016889106548968087,0.0060983500515140185,0.007114917470899501,0.00945056324067324,0.005504958603433767,0.9192755682805319,0.015060948444582022,0.011044806309204814,0.024760976944263925
15050105,0.04435753918091668,0.06241137834493699,0.0069229231864511055,0.00995454709408361,0.01752690466818307,0.7751009551019152,0.02098172296167725,0.03803099110790856,0.024713038353927724
15050202,0.013359755001334824,0.018961266480261932,0.008233003783352084,0.027881161629315324,0.04341559985538255,0.8400704781302712,0.008370287678169457,0.026969034970415515,0.012739412471497062
15050310,0.005067992713233512,0.007454710613940905,0.004635331037718025,0.005826773502960441,0.026371252274666142,0.8930361790564492,0.009699212174650793,0.023489339765198364,0.0244192088611827
15050463,0.0006683898590954983,0.0032172915744539538,0.0010355907197440533,0.0009926217385655852,0.0017863194936916134,0.9703672666177574,0.010955585231686112,0.0056944999849303365,0.0052824347800753835
15050557,0.0018550496531573337,0.0037069211412170113,0.004379465314639453,0.0024165353871356174,0.00141808679944706,0.5454807412008658,0.2834725606659952,0.005159724477558863,0.15211091535998372
15051367,0.014095458298406343,0.005182844607632572,0.005147172472275122,0.010189964707912023,0.007495149631102412,0.8024865262067938,0.010435882216251607,0.09839584909982776,0.04657115275979837
15051372,0.017898961442611116,0.004839878235538344,0.004779134874018188,0.004607129570442376,0.004241284884208455,0.7628893375849285,0.02187056623460265,0.11382501483002211,0.06504869234362837
15051440,0.0015411325514547106,0.007718297667340212,0.006032876895183521,0.010133362914084324,0.0036716123943293737,0.9254479183547729,0.009002381807902757,0.017038090491175075,0.01941432692375714
15051458,0.016958267365749718,0.005314426873383586,0.006763244267761572,0.016859691485784277,0.009727160878794184,0.7782983627245921,0.00812716737402872,0.13124562038254833,0.026706058647357485
15051493,0.02750292748513976,0.014856485494969816,0.004286777591331987,0.009284307973232315,0.016183143722618802,0.8704405482465114,0.020406527566132402,0.02190407702267009,0.015135204897393402
15051514,0.0042549876620621915,0.006275627257428318,0.005024126070385187,0.014502410996903775,0.006701461365096874,0.892226138355156,0.005445444856971773,0.04985580252540795,0.015714000910587982
15051526,0.0036571307773058874,0.006311188804138574,0.003833443872946136,0.009211161194974145,0.007703386946635957,0.9025438038213793,0.005925813135787206,0.04717512102713964,0.013638950419693149
15051944,0.001928100194355343,0.004392839216173646,0.0017333764740503,0.0032736078692284683,0.003216194983558764,0.9375102129514785,0.01520541638919942,0.020932257579310196,0.011807994342645175
15052019,0.001873505477589505,0.004910750021946817,0.005695733340051515,0.004345234485225303,0.006105429971051263,0.9299618974274385,0.013201880827338829,0.01895959143560373,0.01494597701375444
15052565,0.0030962043170132403,0.011010024596321598,0.0030891516378002406,0.004492078600161001,0.008388269689443265,0.8901014017646385,0.012326296620517329,0.051732076755338245,0.015764496018766623
15052976,0.00235631659673178,0.009862417997694809,0.003126840855666985,0.005222822799742744,0.009339321764845398,0.9038833308925973,0.011814410861066984,0.04176027106100318,0.012634267170650764
15053085,0.0018881476484528764,0.00713288649603615,0.007623752615885748,0.0067605117667442075,0.003977430236717643,0.8891746363353934,0.022120117964630554,0.012575761283033974,0.048746755653105545
15053109,0.0016740081790987123,0.006019497998399215,0.003198320793663627,0.007403782611116205,0.0028278985761756724,0.9308339711719091,0.008589688460702485,0.012807873779620924,0.026644958429313973
15053168,0.0017420089560888756,0.0063841126697453355,0.003208563881168708,0.009945006359921741,0.003347238790447747,0.9333541829883159,0.005749814634548275,0.019141487490742157,0.017127584229021227
15055032,0.002214752926349761,0.014546177208923884,0.008748236488085735,0.5299186674956038,0.008124783129812603,0.377678532835705,0.007466082277104501,0.0368855972156489,0.014417170422765956
15055131,0.001675623149422208,0.003995303459417232,0.00394685558335338,0.004918832329860396,0.0028838253994775266,0.9371961325145843,0.009771533612874037,0.015443648204153615,0.020168245746857254
15056263,0.0006474361740620971,0.003406027564415324,0.0014937887756982801,0.0015413917997651194,0.0022110145604770487,0.9661084497172723,0.010910434512987894,0.0063938425961204874,0.007287614299201354
15056325,0.0012294518025851814,0.004864382765066638,0.0046291904883626195,0.004861185942142987,0.0031486748096875737,0.9281837625932636,0.01739400164388952,0.009140201040520372,0.026549148914481437
15056446,0.002694577933959984,0.007942079896181505,0.010171952775454598,0.028868171381683568,0.015564737788425747,0.8616435957725399,0.007507849783999484,0.051931895861908994,0.013675138805846317
15057064,0.013119743784715207,0.024275243872973744,0.010210523699206052,0.020304033367615524,0.014158998180670205,0.665558499525713,0.02285230207108801,0.021942458929846885,0.2075781965681714
15057224,0.0026045441768048527,0.0082282832006748,0.009468846798197265,0.07447693760432912,0.006790055433612618,0.5978298291927937,0.013277555335283332,0.039992943214772106,0.24733100504353225
15057243,0.00293116520447519,0.010637402110672853,0.041083135323868966,0.21990812741881738,0.007633630647247184,0.4215194607400283,0.008161634101110623,0.055278097856374324,0.2328473465974052
15057248,0.0034743721800818694,0.00673511827728633,0.008688738749588048,0.04012061869575826,0.004489641978900401,0.6984127912614327,0.008450371517922354,0.02222734387763966,0.20740100346139032
15057289,0.011726046413546996,0.005830710390253936,0.010643973845222192,0.18190510435688562,0.005484986204446483,0.5447820167587811,0.007152835121071257,0.026542366986661937,0.2059319599231304
15057296,0.0038061836058211726,0.007999656312852625,0.012644807028853856,0.32891797458721883,0.004235254296160222,0.2661405501395234,0.006402499793174121,0.15489047769882291,0.2149625965375728
15057304,0.0038606666453147908,0.009583653168724756,0.015763007363983617,0.29942870520777043,0.005114717066263445,0.5181038924294052,0.008033240734553734,0.06395135157258441,0.07616076581139965
15058303,0.0029779198088406016,0.008739707683621808,0.008575244637366017,0.006680561795523459,0.005924028605637816,0.8328129338116411,0.02603033630669802,0.03240536021653305,0.07585390713413809
15058305,0.0035912623443716796,0.038403013145815804,0.004119267011503098,0.013909468907983018,0.03337640436201728,0.8471676465058007,0.02008348527411867,0.018119905485775283,0.02122954696261455
15058429,0.0032529667033869723,0.01184792378226836,0.009352710046844199,0.006165232631087838,0.007757656605913504,0.8148781329998562,0.022043805074015568,0.04981778142400338,0.07488379073262391
15058514,0.004742924983264631,0.008297292427289367,0.01200162896252397,0.022329096619838406,0.011571182245549146,0.4886049057705067,0.008204997314317215,0.34955612127246216,0.0946918504042484
15058557,0.0031214833235706286,0.0053279219836856176,0.0033175512618832913,0.0032823499328925028,0.0038678001426533312,0.6530429324102902,0.21842393888900863,0.027593401750277264,0.08202262030573854
15058570,0.011898258617327436,0.033172469616515,0.006644956007513022,0.028380645957800935,0.12971071551781396,0.42186251366307337,0.007317156630428104,0.10624208663723836,0.2547711973522898
15058887,0.0021591145254882147,0.006850111647471159,0.004162269239925401,0.006753342967369518,0.008192640841841356,0.9195646448726424,0.007045315639877598,0.034242199305044525,0.011030360960339847
15058936,0.0006286979309661191,0.004336851689994833,0.0015387008219582875,0.001995936313503778,0.0015245023846540008,0.95135669543985,0.017785123249785696,0.005193388439608148,0.015640103729679132
15058967,0.0031249848948231604,0.013620026521617408,0.004215306746920662,0.9105818595453918,0.022210179136159997,0.014116171712803369,0.0021998944686200815,0.021953540053074715,0.007978036920588832
15059289,0.004095065708276668,0.02031586001520235,0.005887516323434681,0.4044750985050601,0.24597609391877973,0.15094789368544037,0.007482235775299623,0.032146352527478134,0.12867388354102832
15059736,0.0019287127848889001,0.0051464028231112645,0.0035826223676387967,0.0030436978928731736,0.0038864620265074497,0.931618736577096,0.01836874285659023,0.01775875051634456,0.014665872154949635
15061215,0.20282767524322826,0.012562253416459326,0.006603738083916483,0.00613285144194385,0.009604518081690036,0.5494273882637645,0.04101263526858271,0.01932849486215661,0.1525004453382583
15061312,0.07204455927080493,0.005244795332575489,0.009094370492960658,0.007320093970958751,0.005883046784853931,0.32613855989206747,0.09718744426062448,0.10990069893484608,0.36718643106030824
15061627,0.004645698510532681,0.007788114512078566,0.01705742331973519,0.018620303566110274,0.01641517131730573,0.8619988384873931,0.011528648372945545,0.036935245608213374,0.025010556305685463
15061644,0.0020628543549224524,0.0052909914021856954,0.0058510689836583675,0.00596092948519161,0.007024592041374539,0.9264756751056615,0.010004973927720989,0.0233378539374625,0.013991060761822369
15061776,0.002917440192141827,0.006568116549731864,0.006882757492950302,0.009875601191573106,0.00899143517677867,0.7551848427637265,0.0076219433951598215,0.07256018235138273,0.12939768088655504
15061830,0.003880596657288947,0.005353693709638061,0.005331954287031394,0.009315565304361055,0.006680063706671888,0.7709298800631008,0.008000457039868096,0.06646845511422445,0.12403933411781534
15061848,0.0025203594150474467,0.006489702391860524,0.005496977496837602,0.0056020675801405784,0.004999206489273261,0.9008622957699404,0.024077231976398383,0.01702148102890642,0.03293067785159528
15062228,0.0012313282526410206,0.005624580202184256,0.0024003625085158124,0.004744929698074401,0.004378922396649397,0.9426027784862276,0.00858751720583179,0.01738471190899445,0.013044869340881102
27203641,0.001652684961113364,0.012119466656006269,0.005814313245131199,0.0028607478655292744,0.004358738312331626,0.8990894576157313,0.03247034590393439,0.016161274654859812,0.02547297078536265
27204020,0.001568393566049129,0.012325754201721169,0.0076438241923238665,0.00394233364067013,0.00534324937671623,0.8945439237899424,0.03675889552105113,0.02026764075378335,0.017605984957742578
27206412,0.0024501934244739775,0.012344323352845306,0.01367877431140696,0.003349812451689939,0.0044081812739268636,0.8483235557007089,0.04250370900541169,0.018497780751240415,0.054443669728295896
27206656,0.0030660648578260076,0.008524843292053101,0.007230709299592401,0.0027541962706250267,0.004962765279350899,0.8695074529485578,0.050904111680746635,0.01673134453393796,0.036318511837310274
27208230,0.17085294532965725,0.015155485770253338,0.015396143325339716,0.00893985137863871,0.024212759663531182,0.6879115168257317,0.0078808781118627,0.03782913886545091,0.031821280729534565
27209390,0.002281669432493776,0.013908390517273165,0.015493132783606641,0.004685798093420802,0.006388349299393828,0.830698326767112,0.020288718812578432,0.041319739242835316,0.06493587505128615
27209479,0.0043234766763908215,0.051034701059066705,0.010123301394188397,0.00500628451560838,0.02890898155941021,0.8498264688249313,0.011768668792596554,0.02703358229131407,0.011974534886493615
27211860,0.0012885355149413612,0.0171293710746354,0.006905441097357017,0.0042867930496470205,0.005968037887286025,0.9158914179984622,0.018921913141875996,0.015061287031226096,0.014547203204568919
27212120,0.0013818446836605855,0.01132351033799521,0.007066467995680147,0.0023364326206503664,0.0031508119186037854,0.8980868160575259,0.039629129652604324,0.016474951668229862,0.020550035065049755
27212973,0.004297359415627927,0.039810341305304274,0.007258587503812349,0.004861550188965163,0.022014266806772445,0.8695933249930972,0.016257494720986067,0.023392086576103862,0.0125149884893308
27213635,0.002312638152436412,0.010184598975551178,0.00460249147171945,0.004098215835178051,0.007819380293697333,0.9187017962504359,0.015737631061661626,0.01999700240341941,0.016546245555900663
27216793,0.01177483091094381,0.036524816159500186,0.07357582285407163,0.010249237950392238,0.029177996116347266,0.7352807718385652,0.008489636368972878,0.04045576870079456,0.0544711191004123
27217890,0.3349624477226875,0.01854063673149614,0.010732804884602999,0.005573036405472972,0.013218936654984512,0.4876217996975666,0.0821886702608847,0.016932797175371248,0.0302288704669333
27218299,0.002368769405489751,0.013099186092138107,0.013664168886413468,0.0037216035945911896,0.004939854339240249,0.8604382806984665,0.03349171145242932,0.022078596606147544,0.04619782892508398
27219055,0.034558959058763196,0.019559998783201877,0.014267730789415825,0.006084769741564815,0.01436984690295608,0.8287784039330225,0.013501888211636413,0.02146072179442503,0.04741768078501436
27219363,0.0016935544999039825,0.008951822282474153,0.005011231095814131,0.0021391229259734744,0.003101936694717929,0.9073133862006668,0.04826871181929401,0.010593309065152982,0.012926925416002414
27219923,0.0016366254878999898,0.009925072426558688,0.004184696931593146,0.0026453563703952403,0.0042947005688195395,0.9247573037731094,0.028573932919644888,0.014464498925370347,0.009517812596608865
27221361,0.0010721335415170698,0.008499002526547766,0.003332870504950754,0.002721716392466756,0.004375937126056525,0.9307427233120189,0.023854630417025593,0.015039480453767119,0.010361505725649527
27221885,0.0015098267524414322,0.016872946175996807,0.006048517050168401,0.005643346970153462,0.007030038498532759,0.9036914821096667,0.016098519270413062,0.014827495095538186,0.028277828077089177
27222482,0.006700266485274738,0.13803134728085026,0.041573170298615264,0.009592612280797,0.0895292659171433,0.46865509840476705,0.007140707895080642,0.11296390660208896,0.12581362483538278
27222643,0.07276518340903314,0.012680969557941612,0.01830894178800057,0.008205528509616172,0.02132874668748906,0.4022516748650176,0.012721454519784086,0.02061512582712806,0.4311223748359897
27222752,0.0013886339905241692,0.013655228184070329,0.005106501328349826,0.0023471697712599614,0.0030041474341072,0.8655284560837996,0.06890765280427212,0.010128588770870329,0.0299336216327464
27223993,0.0015100354668428346,0.015507499535606876,0.0045689784821598516,0.002542367959875435,0.006351135966447953,0.9129346227131243,0.018637258890136756,0.020679885968862093,0.01726821501694392
27224111,0.0031136960588734838,0.040397571307260294,0.2708085880288787,0.019188603104502544,0.01960670273204476,0.04112113501132578,0.009608883157646915,0.5200363770834399,0.07611844351602769
27224390,0.0014564288448708318,0.018219807723424512,0.01175423516794495,0.003157954494435595,0.003879324108867458,0.8690165089716863,0.03852963948270918,0.012639293631853088,0.04134680757420811
27225248,0.002003350276466414,0.024193782119721785,0.011214796332100273,0.004180359226871884,0.007241268270430153,0.8824593881396399,0.022092689219537262,0.022222845843845165,0.024391520571387326
27226051,0.0036629272268442637,0.06453414440273166,0.00694881293102319,0.0057443844360559465,0.07529746893380683,0.7921625522818335,0.007416711478645087,0.032907964896170726,0.011325033412888916
27226820,0.001668897080606498,0.010519980519732722,0.004993352436717871,0.0027275683985793315,0.0045015211569917534,0.8989425903739222,0.047000585947742216,0.017558608626345715,0.012086895459361627
27227362,0.008063084071878009,0.017837344248410443,0.04280594513755752,0.01470665669996708,0.5729762038664942,0.058009896536661464,0.007314269861921361,0.23524741339617486,0.04303918618093511
27227417,0.005397937502731783,0.038927303181642,0.04302742409791498,0.010945642463292802,0.5651556144280123,0.034026172695108985,0.004406649206976677,0.2501423149580328,0.047970941466287706
27227545,0.01530247373061662,0.05088479790387859,0.032188917489198145,0.01339670992264096,0.5310185444148466,0.0247829329958816,0.004199503039632585,0.29203669093405293,0.036189429569251926
27227747,0.0060306945683541325,0.017558772554385187,0.019351782586816215,0.009721310458883319,0.11671486705409093,0.04239573437252047,0.004884433686386472,0.7310925919121429,0.05224981280642034
27227927,0.0051035347123797896,0.02484823887408731,0.014104181498117789,0.011183453813953687,0.33931785276854803,0.037035725578521875,0.004901275436705518,0.537988711666785,0.02551702565090102
27228008,0.004787699822235954,0.020645988545236655,0.013055449835188587,0.008948069838047436,0.12725624262343121,0.04971564546428229,0.005354037199877693,0.7361783873529556,0.03405847931874459
27228350,0.003790425922419552,0.014954731106857355,0.009290688913761209,0.0060378071874601065,0.06292653862469333,0.7776664596277879,0.013239637952737941,0.08126933631237285,0.030824374351909743
27228394,0.004648052156194104,0.027724230215390257,0.012060324551496946,0.01174968743760279,0.2741502678090897,0.0361482901182207,0.004975386264756143,0.6064497849780789,0.022093976469170502
27228486,0.00271436505830768,0.007508298667598117,0.005836727608084488,0.0024634643103183893,0.0037888552528309925,0.7821300615910296,0.15418658695878668,0.013601347444364215,0.027770293108679883
27229246,0.005143325333680711,0.07412899534713706,0.012086111615316586,0.005322060439228672,0.028960519882372093,0.8182782292871984,0.015230200233610299,0.021722141868816318,0.019128415992639734
27229258,0.001860939287225441,0.010058802148070636,0.004100233235897339,0.004580403327507464,0.007092626203911657,0.9111205927802442,0.022492509804104225,0.017975364101244097,0.020718529111795034
27229306,0.008016644220703199,0.029975614549378516,0.008373944563219899,0.00538396327867305,0.030610748813974173,0.8503793943365611,0.012087737503503063,0.02788654245703532,0.027285410276951836
27229512,0.02169679905969365,0.007417948590660969,0.014311652046849466,0.005082283724470494,0.029943789215797843,0.745587874497617,0.017679372440070368,0.030746528887057333,0.12753375153778296
27230055,0.14935780940708698,0.00637499998600104,0.010360497463211953,0.005112244881311215,0.01776354275306008,0.6816895499777946,0.0103626473464071,0.029483808263124068,0.0894948999220029
27230350,0.012308084197447795,0.008232846057794478,0.010512380134990796,0.004314698197601502,0.10091979451822111,0.7627030382563549,0.039310391996356435,0.017364535951394387,0.04433423068983856
27231945,0.005660064442229712,0.03266781277129868,0.013189508632860765,0.013112144299712485,0.20737442148790042,0.031451846460033836,0.005249243862750958,0.6669507052314554,0.02434425281175779
27233361,0.0018074477834325174,0.010967537760589336,0.00583616468296958,0.0024408842844003023,0.004648132403033272,0.892463293463924,0.033740958030740724,0.025074570687050258,0.023021010903860138
27234012,0.021824843064766637,0.012353141100573136,0.01618236220787142,0.00977395450106181,0.01450216595148305,0.12042870950046362,0.007689698555010833,0.020423981261562443,0.776821143857207
27234810,0.002996700812585186,0.073952512957584,0.007402938757167635,0.012579542076609336,0.4581915038648064,0.011519335830465594,0.0032982819748579467,0.42413072691076825,0.0059284568151557445
27235927,0.002414837383311863,0.01772625654774796,0.020558514586794155,0.00360694497947987,0.007754300981166475,0.8455809797796836,0.03441099621529435,0.03155196802716818,0.036395201499353394
27235992,0.003748298151913863,0.018187193896817368,0.006597549527846831,0.006750261347895675,0.20772822698326338,0.4409758602177001,0.009011301596713192,0.2810891667551037,0.025912141522745895
27236473,0.002048582401718719,0.009572327294450558,0.01096105078966786,0.002403062856204221,0.004172258956318718,0.8552838861986577,0.0645432357833275,0.016378322957949408,0.03463727276170538
27236611,0.0030129815494598696,0.10637095012145555,0.006660993870720345,0.008844260092880177,0.39819664378739805,0.015271849239188026,0.0029581187044554827,0.45005273976435384,0.008631462870088633
27237922,0.006485281306990637,0.007762567017650456,0.00807593655398327,0.004986279919162983,0.03356730138412608,0.8108777962952722,0.029496795737704026,0.031472371901499555,0.06727566988361061
27238108,0.007262644605399965,0.041807062990419204,0.007010378116857018,0.005444850584274372,0.06188983610462065,0.7989559323543498,0.028814251028261063,0.033906998943487816,0.01490804527233013
27238172,0.004855443874809043,0.04628329516888648,0.0069320474777097504,0.0050734648065001026,0.022600052649630095,0.8549650375588994,0.022362312549225737,0.022178510295011326,0.014749835619328007
27239286,0.003532505404807159,0.03659982640575894,0.009946331957815219,0.00892392834230712,0.03470331964517851,0.4144152251304969,0.009651539948695463,0.41015934049471015,0.07206798267023065
27241704,0.003804942317893305,0.6691303671793014,0.02031393992332656,0.00855619015572575,0.18978364750079496,0.04236731372493821,0.004774966670427038,0.05040604144814284,0.01086259107944983
27242056,0.004683505015020984,0.5325347007540556,0.1198121547174199,0.01038391189517703,0.23142740799317132,0.04037227819746173,0.005152016837932583,0.02400749228729951,0.03162653230246128
27242549,0.002135194939959819,0.007158261609479297,0.0040282181937267856,0.002144631671721226,0.0033322737553196416,0.15080187917963359,0.8054926061867547,0.0103379335324083,0.014569000930996522
27244942,0.004241961779623688,0.01059805810332845,0.005985813960114799,0.005385574938331762,0.03923807438965375,0.8409276785359668,0.006578757586913678,0.029762388872261257,0.05728169183380577
27245142,0.009855759746904108,0.007616313342816478,0.015420246234763823,0.006753293377021666,0.19678863915468944,0.11425284859034285,0.003627303118632739,0.5297755885576911,0.11591000787713766
27245414,0.00821826305478911,0.009977444773027524,0.013874387872072786,0.008007859257274362,0.11432902466496563,0.1271820866006136,0.004169519919178409,0.2712537606244904,0.44298765323358824
27245486,0.00384334972149027,0.018177952517819534,0.013767514369702912,0.00404539210897062,0.024367752771129056,0.8313620510862259,0.03039423534623632,0.040928336834670294,0.0331134152437552
27245645,0.0015491048224501596,0.048082727419647545,0.008052581314502297,0.002658431381815619,0.00784744568675242,0.6428463892822959,0.02174178241234314,0.15463780054889267,0.11258373713130027
27246508,0.0032534934186519435,0.005294032679115867,0.009283504333287,0.0021985176759922367,0.0028753993298289283,0.42640009430365305,0.5159051081221251,0.011076410819090039,0.023713439318255765
27247366,0.0018208046265491263,0.008015923360708515,0.006473481716832692,0.0023727816492687737,0.0029638015257903365,0.6818516305963778,0.2629324009926645,0.01154922563000067,0.02201994990180759
27248085,0.002365580240047759,0.005886512214328657,0.004753091226915144,0.0018700745479487584,0.002600063864758071,0.4580620894692551,0.5002655544307244,0.010154726275864964,0.01404230773015716
27248316,0.17549254986595494,0.016119142634838126,0.013093786839816234,0.009751767531782392,0.02173221456477611,0.08957540608863847,0.0171163966669052,0.020287406588094727,0.6368313292191937
27248920,0.01942705389869742,0.11834606733552008,0.0501226509366004,0.017419803077057937,0.03967519640378426,0.07727173708261464,0.005183660302870379,0.10766543992337971,0.5648883910394752
27249654,0.006665469860329605,0.006921120585222923,0.009828683481843015,0.0034278494050237482,0.005514581119958044,0.3843890032469909,0.26616378273361996,0.029176162618765322,0.28791334694824655
27250103,0.005301325241021502,0.0059516212285592,0.009407952489865487,0.00826504036453478,0.02370992485309299,0.10249509694229497,0.004034437534968844,0.0258792229357486,0.8149553784099137
27250484,0.007224724326835594,0.006943901167082414,0.016685368848362983,0.014015634093507588,0.023935066277942764,0.0722684420887452,0.004151923269976135,0.05983330914144459,0.7949416307861027
27254075,0.002742813352447521,0.3133798301461207,0.0208218713611286,0.007697376467883903,0.015577159452002038,0.4657824959197524,0.01617970559123264,0.1244003588816038,0.033418388827828265
27256605,0.0023028082637773935,0.00588083371416086,0.004505136590929858,0.0022523019649177477,0.003721593774200604,0.3701484017195421,0.5665184095655487,0.01921351702043055,0.02545699738649224
27260821,0.0047683644800078,0.006471609458148723,0.010257312573562357,0.0028228284483974727,0.004311349401999326,0.5659703014674902,0.3683234680004174,0.008839027112329869,0.02823573905764685
27263673,0.006696390709704796,0.005506069489485645,0.010187273331509601,0.002830809862696083,0.0021972136680092806,0.020083722391068204,0.811565546481477,0.006180991954578335,0.13475198211147085
27264838,0.00306190890601719,0.008073711268868806,0.007777042522130811,0.0027393791707425053,0.004615153979131598,0.4764065391178813,0.4652510280893436,0.016192114483527927,0.015883122462356243
27267285,0.001082583736598553,0.007861444534119405,0.0024194169159916126,0.001675139026808055,0.0036079429275158582,0.9323163560278032,0.022661386233069274,0.012344100455941405,0.016031630142152635
27269056,0.0029348399169751493,0.014660398376454015,0.004707514875026294,0.003968642460635062,0.035942603282839686,0.8643299834305697,0.00697111354646663,0.02319010358775614,0.04329480052327735
27269065,0.004345298053556184,0.002017646062194491,0.002774377973104931,0.0013959363744903122,0.0014979641982982865,0.016941390871563627,0.9276511449447677,0.003832866679309452,0.039543374842715036
27270200,0.0034596783402436075,0.013845705254952313,0.014596834985906037,0.003817851066486758,0.006872031830351108,0.7717498973973691,0.13566533440720346,0.014532843133433383,0.0354598235840541
27270846,0.021312027444626316,0.024970742768980394,0.02000881862202935,0.009801904441483605,0.021437308071696925,0.12012138986687332,0.009237891618808444,0.021037572272898004,0.7520723448926037
27271299,0.002887277804490828,0.004319004399360376,0.008085901028947308,0.0022487418031536506,0.002227773489778205,0.04076822250268546,0.5852466583193852,0.006921931764874279,0.3472944888873249
27271832,0.0010712188092637008,0.00586961678693926,0.0038205686722250676,0.0015855416314979331,0.002052697920036027,0.9196937468109077,0.04395095322923185,0.007699560678032407,0.01425609546186613
27272650,0.010252935839930734,0.0050441132086033805,0.0071421239427356675,0.0031446166235977006,0.003329858552669096,0.17389197746634827,0.15041589349014522,0.013808840315372009,0.632969640560598
27272926,0.0027336050812432136,0.008336522005969444,0.003245924508659422,0.0035740971247500072,0.005070494897035637,0.1627203589251311,0.7757624312356048,0.012103688276114051,0.02645287794549229
27272937,0.0053852795983560485,0.04933739448742233,0.005971881986437096,0.006615719227979694,0.10553863639577196,0.7725793514362084,0.009304006325579019,0.01844290740189368,0.026824823140351756
27273133,0.002987345023077554,0.008557767613901656,0.01568935888736329,0.00591611517498482,0.0072493501461029265,0.7986284852024534,0.010559033960313999,0.027177661609624062,0.12323488238217832
27273193,0.0010791002088391454,0.007766446820303162,0.0027185412163480828,0.002182392283146626,0.0032770745831276504,0.9237910613998703,0.03891681687729837,0.011163993389691488,0.009104573221375234
27274096,0.0010077446856248558,0.01092402669682874,0.0026986057454113812,0.002335058636028105,0.0034110022299115436,0.9272181320538674,0.03112693933372914,0.010229228673183625,0.011049261945415213
27274147,0.002921268458941851,0.2592643468165893,0.056970303286479874,0.2145374407226197,0.015969302668381983,0.2861708206747842,0.09975392093096551,0.03293434064444861,0.03147825579678892
27274349,0.003804131132763707,0.008811134122814403,0.0041369520407080465,0.005316419120720604,0.01881276645565536,0.8821205409624397,0.019807243203405187,0.022130717152813402,0.03506009580867948
27274643,0.01507715315430825,0.005731375930980674,0.011816921699865049,0.0034097922356509007,0.006815048664541983,0.4980903539564743,0.3817507903602372,0.019540200598324172,0.0577683633996176
27275251,0.004985239477576747,0.03151961693347342,0.029958563028532132,0.009643848518756687,0.012978602436365711,0.6539802458689907,0.023804566266476247,0.1888960485638518,0.04423326890597658
27275276,0.0039481506818009405,0.010065520578999157,0.008905214279102363,0.003482399420494872,0.005195516102716348,0.862325019653621,0.05837142488483399,0.015613848109908443,0.032092906288522925
27276721,0.0013277449399642608,0.007382964430185074,0.0023546537284596216,0.002370272515412368,0.0034187318268981354,0.9351144680821839,0.021569741465460472,0.011287402116791766,0.015174020894644384
27277131,0.0011000402357176974,0.0099505858376153,0.0025733841886653045,0.0032050289801747833,0.004828425340718804,0.9277440343337808,0.020601823204646697,0.010873128230398934,0.01912354964828152
27277206,0.001379543140573608,0.008984369812612952,0.004761851183192106,0.0031450990779132507,0.003891782412054978,0.9017696015354032,0.03274976015005455,0.010706151854523803,0.0326118408336716
27277456,0.005255392376965716,0.01680234496823948,0.010338221404973612,0.005820585605550639,0.007109818004475322,0.6389737583233508,0.013920450091118287,0.029159963835631977,0.27261946538969406
27277630,0.011784334398575663,0.030459854732839638,0.018664006886125656,0.012646976703418505,0.02085815362895104,0.21692799600319407,0.007975228222627653,0.2607848068750494,0.4198986425492184
27278335,0.04330521463963317,0.004776525454698112,0.010019227101509352,0.010015300883375147,0.012194601189553924,0.05836377594812722,0.0040194884198185895,0.028895534953882255,0.8284103314094022
27278352,0.006712085576336201,0.0037320062149684492,0.008715257208750542,0.007817821659763679,0.0166719868232335,0.02079222169777968,0.0027213905085747177,0.029085477706850396,0.903751752603743
27278359,0.03607688083147534,0.008031909354835306,0.02481922962136232,0.14079620810837465,0.03527087314267589,0.06102449089935012,0.004525484298174934,0.0686380081784626,0.6208169155652888
27278399,0.010743500362507433,0.005611934911493061,0.006396924775527936,0.008919515180984095,0.011992701663605766,0.1782258592381295,0.03392555542655292,0.012968056568601286,0.7312159518725979
27278418,0.005923161263451941,0.003212095672100732,0.008096721223037532,0.008354850760304526,0.011701011892840125,0.01377036269532236,0.0021301234211276252,0.01792429469717934,0.9288873783746359
27279366,0.008566571125386039,0.021509742518895827,0.01519373120755044,0.013902753747343512,0.023684199378308488,0.018087775098445773,0.003200018244535521,0.023695099375988165,0.8721601093035461
27279382,0.00231910938897235,0.0187931479843742,0.019545291629962207,0.006382420949803376,0.008711586091187655,0.8473131387096873,0.020994747948996872,0.029026624643787035,0.04691393265322896
27279447,0.005750571882428776,0.007166862503893701,0.02012026459208358,0.0156838174264353,0.021732617143263404,0.01462023335304704,0.002833767455841555,0.01666437373834188,0.8954274919046648
27279469,0.02901254947574141,0.023040277386371443,0.028097492496604204,0.0688581579664348,0.025278965421264954,0.01857009886779739,0.003403675739614446,0.03693407533056269,0.7668047073156086
27279509,0.007283790916255096,0.005939447580517053,0.012626256462559072,0.013146002688026747,0.033365056039840676,0.014630712887112629,0.002516998222087582,0.017056753726292,0.8934349814773092
27279610,0.016586206940529598,0.023792552119631376,0.030795035131247293,0.02670479531431677,0.342938785949623,0.03127010751837505,0.0046605920051302685,0.18050003978566825,0.34275188523547834
27281508,0.003956426422955948,0.04485542282098456,0.004452728992273775,0.004957327791753968,0.027559829572035892,0.8702499364286133,0.015528199194492004,0.018476591112819445,0.009963537664071088
27282434,0.0036545657971000876,0.003119305380263503,0.005322337907550349,0.002445218300427249,0.002322860354949655,0.09111816641023178,0.06312934840666355,0.005969112462480338,0.8229190849803335
27282901,0.006338874345839112,0.11883461979892568,0.015965544264582254,0.12691866330880802,0.2509993591813606,0.02421194566420471,0.004019125329470599,0.025073555072839808,0.42763831303396915
27282995,0.006202160372645955,0.03778451268524728,0.015387009507745334,0.12180528365644004,0.04748037245010604,0.015420783171062411,0.0030833490542093033,0.018448288339797267,0.7343882407627463
27283125,0.007532917957784169,0.007436714656970149,0.007609649235747405,0.003620602401575211,0.00980029084388374,0.7537537845649447,0.037443082358952336,0.02158716654883739,0.15121579143130495
27283358,0.007992199011915106,0.24538240041055828,0.022026290422890994,0.07414669393568997,0.37935077314431115,0.0515964459294934,0.005137499925211048,0.03380301329111999,0.18056468392881006
27283987,0.009291432977899966,0.04031638505374214,0.006267974701087667,0.011130791201109899,0.12632066888785087,0.7018091333959935,0.008015191920891179,0.05795989134588645,0.038888530515538325
27284562,0.00629591475564815,0.005683365320289584,0.007486069852713364,0.0023433362917151847,0.004601027950875965,0.6371761014295112,0.2746272406284004,0.01179901193682861,0.04998793183401756
27285077,0.004442580594496756,0.004978502309929306,0.005433371892378008,0.002066725338933654,0.003715630350830614,0.3324804772911634,0.6006210340127007,0.011019894596336602,0.03524178361323087
27285996,0.0026509142228964486,0.013934969668049864,0.00397334609402508,0.005633766218124367,0.01921682273164182,0.8860172282985505,0.016503030780132044,0.018418993713807875,0.03365092827277206
27286316,0.1118763149754923,0.007899771945213066,0.011054310445300718,0.004738299930816063,0.05116337843692843,0.47988511231047215,0.015719033175442286,0.03707209659201145,0.28059168218832353
27286859,0.0018019586317256637,0.01173992223435603,0.009758404825450854,0.005339117369520273,0.003582975321280728,0.33423806924914423,0.03423445565387729,0.00881674081233534,0.5904883559023095
27287341,0.0016689791760186399,0.006712067025895611,0.004259144174802393,0.0018624464847258055,0.002900828672343382,0.6740924074722194,0.2826675595311685,0.009532022729857764,0.016304544732968412
27288515,0.006246491774531555,0.028951310010182658,0.006939733810690678,0.004164045357741391,0.016608130647143025,0.8737014587214051,0.030510684509895282,0.016757579906278734,0.01612056526213152
27288757,0.003514539055343266,0.0059539279516279174,0.004373009711055164,0.0018772518030618637,0.0034329833551368406,0.7572117442304862,0.1954869660415249,0.008543351265040073,0.019606226586723775
27288952,0.0027338315968129614,0.009649858548674468,0.013268754195890384,0.00746375917976224,0.01810702974965922,0.01955332178757324,0.003726613465072076,0.014989629633645715,0.9105072018429097
27288975,0.004717559171094377,0.007390117810550754,0.008849484591165989,0.007578391949062758,0.01910651650077945,0.025004964953536275,0.00396743678127004,0.020474898058365682,0.9029106301841745
27288980,0.003952968130173177,0.010419512244780478,0.010161556250737239,0.009710842823970915,0.022988878329015545,0.02043394208664771,0.003633498604686092,0.02375730105679157,0.8949415004731972
27290039,0.0010735063959241061,0.00891073562805655,0.0022450255949083976,0.0017750986154751811,0.0039420317911368595,0.9317176596068051,0.029236643617799526,0.009480560386097622,0.011618738363796703
27290905,0.0016445450233985104,0.010785179741174298,0.0031882144747787415,0.0026125712563330366,0.005422101117581954,0.9170652812642401,0.032148009142810824,0.013945943008682706,0.013188154970999852
27290998,0.04771311762073396,0.010087231572995115,0.012700701386752524,0.010156581489358442,0.29294671394417704,0.3706562856445105,0.004615300005642476,0.1645557034010917,0.08656836493473816
27290999,0.011050979312020145,0.02685888716595396,0.07318109462535936,0.015085353635541136,0.2134457393815676,0.38772374410695815,0.004861076364348059,0.10198217814825289,0.1658109472599987
27291005,0.008665336030120898,0.008273027750832832,0.008192189651827485,0.0051655228472951165,0.04476569067621666,0.833836586403566,0.006290677441577922,0.03925924689491242,0.04555172230365062
27291012,0.004429624379595125,0.02138615961793443,0.011104811479442648,0.006791489823709821,0.18550551090620776,0.45582125008581276,0.004514081231343881,0.03654356120214657,0.27390351127380697
27291083,0.002588515777993094,0.024239415475163336,0.006966128109815076,0.006142980496344326,0.03746773176222703,0.868505852861498,0.006697387583433074,0.021197776919455995,0.02619421101407016
27291147,0.005356098455145953,0.007985770724752575,0.005737472895353528,0.004928192841338147,0.05332956935662362,0.8391944593260232,0.005423266188830607,0.032198432937048375,0.045846737274883954
27291193,0.005234284726696784,0.012316037091485033,0.006154204173199442,0.006480319175910118,0.09923518847426904,0.6785218283323617,0.005202965775240829,0.040688276280908375,0.14616689596992868
27291241,0.22930188991844477,0.005611506767879642,0.010450512849921177,0.008404558648201046,0.06155470406641335,0.2798806303835606,0.004577759249768004,0.09424029372473441,0.305978144391077
27294499,0.001972302071473653,0.007472959707334235,0.0036781960186896942,0.00476903685635791,0.0036252161977842743,0.8004617746743659,0.021379129874499532,0.013292059199167254,0.14334932540032772
27297944,0.0011077854504319877,0.009528006382775529,0.007021108119370793,0.0028094257690868475,0.0024498224513783786,0.797128430723364,0.07401062637962345,0.004700587603345168,0.10124420712062371
27298029,0.0027113740510193627,0.007301196611526179,0.0040191720694793135,0.006175547795083752,0.004486302478619004,0.8669673252571557,0.017700452345061565,0.011037750348958299,0.07960087904309683
27298207,0.00281533016571062,0.00204860236050551,0.002262913009240413,0.0014424255958453583,0.0015260962822199707,0.018523323650748397,0.9354057084575536,0.0038523626569820363,0.032123237821193966
27298831,0.0018207791410617138,0.2504886003296901,0.01215829955477742,0.008797763516306093,0.007565615977026895,0.10791477874546535,0.015833292405183393,0.03526498466848817,0.5601558856620009
27301086,0.004140118743092847,0.6453573647548427,0.01978886405366307,0.01921223333820471,0.07036596468745193,0.06741982515042441,0.007320820624363993,0.03113167821916198,0.13526313042879426
27301588,0.0036778899697347094,0.38666183629854567,0.010968122166958827,0.03513762383297022,0.3858727155535264,0.060018188496835254,0.004377629036538069,0.0677546620431943,0.04553133260169647
27303130,0.002567258145132427,0.0042253544060294555,0.011236866986173853,0.002405765361853612,0.001883668883023039,0.04189831935465513,0.0809397609645689,0.007552306392921535,0.8472906995056421
27303243,0.002134322025389371,0.004239536894845576,0.008331450224948533,0.001963854301173368,0.0015990462697611425,0.07554171280215252,0.2173076836428978,0.005577881927561885,0.68330451191127
27304639,0.0009638749051533569,0.007313621489297509,0.0022354824383790076,0.0022174851431885135,0.0029481960871001345,0.8766021807254281,0.08373729504076656,0.006043936011896499,0.017937928158790414
27310870,0.007041586960717246,0.0022261730423931182,0.004666048629958493,0.0018283523884638022,0.001912041193143829,0.01600833979261912,0.4159572535408099,0.004792388321202047,0.5455678161306924
27311386,0.004492759909898117,0.03888778363466417,0.004709282136889362,0.004603049233257112,0.019480074064374592,0.8590219122235077,0.0394932191754308,0.01609663356118138,0.013215286060796774
27311627,0.00120950091204591,0.01821322067028,0.004029532615341318,0.0022389507235473696,0.006196262396231501,0.9080463980469513,0.02340371049831833,0.019529154344280177,0.017133269793004096
27312527,0.004907188691525738,0.00841599282401843,0.004326765887189354,0.0037839972554947004,0.015342111705043918,0.8712086103001785,0.03752013174123566,0.024168370482282632,0.03032683111303104
27314199,0.012816069163775645,0.02219590869548222,0.008434800368971644,0.004758760791568258,0.01702816950936473,0.8283833884417988,0.054642986007501365,0.021609864208409175,0.030130052813128236
27315036,0.004004566651457653,0.19312767374658368,0.0057975430364823844,0.0121224059706638,0.09360041973844024,0.6382715570769979,0.011200945202518462,0.022854472448215958,0.01902041612863997
27316574,0.005476765039055814,0.012308693114783652,0.004283885122698819,0.0071681658215431154,0.06440447673765835,0.8035509043880782,0.012596881999479743,0.0553421298668222,0.03486809790988007
27317646,0.004713933353489492,0.007262682874189014,0.00887829062915532,0.003013876003067572,0.003786777947337799,0.7060642866605235,0.050002744645489115,0.01599688927928936,0.2002805186074589
27319072,0.0021022954407066896,0.02068830129045522,0.012360207769015454,0.004135082662955434,0.011511526256270044,0.39386337525974613,0.19513598906134844,0.2767740246281254,0.08342919763137721
27319892,0.0012601678267129346,0.008475353615130693,0.004021445508356702,0.0015902005401482015,0.004054383576114871,0.8830042689590503,0.07086496065505282,0.013963348988831907,0.012765870330601553
27320262,0.002305983477892052,0.010919037899260162,0.01449845819625064,0.009561049838506024,0.004213182766434418,0.2548363985636585,0.01285289944260995,0.01989799890642962,0.6709149909089587
27321197,0.002873960133690691,0.004775120425360036,0.0024319877873564166,0.0016848076366655436,0.0028195168517939984,0.0697724487207729,0.8981325770582143,0.006228538904548156,0.011281042481598126
27321202,0.0024960746140020706,0.02637942646163812,0.05533902513382369,0.02199120284628819,0.007065933872828536,0.10422322790358618,0.029231326548188677,0.015077328533747473,0.738196454085897
27321241,0.00738175404939494,0.006875572191714818,0.007474978165401821,0.0031429957937623727,0.005724616307308036,0.2263989025282926,0.5789881732352764,0.1175789219702659,0.04643408575858306
27321582,0.0055815992281388616,0.0029118767868943785,0.007037787259472643,0.004216475564932324,0.0026010206695468887,0.022579494373875606,0.020987887733698814,0.010769133666937023,0.9233147247165034
27321885,0.0038158220988155412,0.02849530673032573,0.25379050317645996,0.4853119699182996,0.010361747080884871,0.04716990580853486,0.044881357260761305,0.046731857551538636,0.07944153037437954
27322213,0.0013398549369764928,0.010839310152760052,0.003993624868440383,0.0018237297745319636,0.0037977308528828226,0.9090986659477257,0.03492482594817937,0.016681122728846944,0.017501134789656276
27322239,0.013190359233043798,0.019048876875012357,0.01965392606423893,0.016000271300417278,0.012260290852084,0.027923683699648795,0.004378505674371939,0.0352224682007063,0.8523216181004767
27322774,0.011659789684146032,0.22391409767466297,0.08708162845703007,0.00988111068357414,0.029039291119891716,0.4989751017771357,0.02822906834946695,0.0363262473644351,0.07489366488965736
27323256,0.002891617402103732,0.009652864743364395,0.03861592319731298,0.01154819917873585,0.006126943378189069,0.8087889730335955,0.02885579192892447,0.0186465608596591,0.07487312627811482
27323692,0.004249351793431774,0.06352452628403092,0.010519477879505305,0.009094232175963229,0.025164334467695375,0.8277866641149925,0.015401618391669817,0.01840388855094751,0.025855906341763504
27325257,0.10633939295103079,0.026076476689151955,0.011712732929297535,0.016083527353500243,0.06489270301120395,0.047164885060083046,0.007569394701469826,0.01748614004076128,0.7026747472635013
27326782,0.007232939078220849,0.01356611946426701,0.02065364874843641,0.023834008737966626,0.01946513936782275,0.013842241087225518,0.003547405897105546,0.020156982098361583,0.8777015155205936
27326804,0.007384036349624997,0.010477814603560669,0.02080268781089473,0.029919269149855432,0.019673496724096677,0.013909372705070281,0.0032839442849212906,0.020476775850396055,0.8740726025215799
27326842,0.006440569242018045,0.018458737500819996,0.02294751287465119,0.046968743048864336,0.02088190165072041,0.016500667877551896,0.007812143799057978,0.012784502123764942,0.8472052218825512
27327185,0.008366097982010134,0.020900409951679827,0.008912010711615109,0.047271462495415376,0.029727474929378654,0.020744073628170892,0.003776180717603902,0.02190205956571665,0.8384002300184094
27327671,0.001835463251096397,0.008480784422096417,0.005490301822532998,0.0035779990873950687,0.005883342511341433,0.9215994913594796,0.02705188712407639,0.013145153298865047,0.012935577123116646
27327877,0.004069492470077281,0.009179664876665938,0.01959074982986391,0.04432699802881176,0.004500131152771455,0.035138252608870865,0.008243788636427806,0.02866943810317983,0.846281484293331
27328781,0.002247132354149686,0.0028557170537348367,0.0028181172802116926,0.0015599180619749315,0.0016831066451500046,0.038989255868564006,0.9112881982532952,0.004108387612115896,0.034450166870803677
27329054,0.0029806825444679665,0.06521749009929949,0.09644808079624144,0.028656444821249332,0.025634250573174932,0.05472038509456225,0.016507428360906098,0.21775349750781642,0.492081740202282
27329113,0.0060912975594682875,0.003749382036151732,0.005535644828203,0.0023556413058465364,0.0037669863761519216,0.17320432222466883,0.7799613280267299,0.00721507940930313,0.01812031823347674
27329179,0.001874726911726206,0.010533899650807515,0.013244231701108373,0.0028791435471952976,0.006156965815900312,0.8705435935354373,0.04294001296626768,0.014529305163771935,0.03729812070778532
27330098,0.0014819143491100848,0.005899066673573491,0.0032224321865060167,0.002025362936845989,0.002610170803401733,0.7089452866106178,0.23569338109238683,0.006969045343291907,0.03315334000426608
27330398,0.00627281596244288,0.007500443061671622,0.0082566235417493,0.003970469530157503,0.022826747183268114,0.8560897465574394,0.009853882730937815,0.027276579159188866,0.05795269227314443
27330675,0.01835913205134653,0.004232904651055826,0.0060181661476874085,0.003213304243803437,0.01753934089925545,0.8600371541436586,0.01653924812551357,0.02244288751754949,0.051617862220129776
27330798,0.005734106942465843,0.006968743757448767,0.009980932221698352,0.005211844819942059,0.05842514786938237,0.7296305962303046,0.005029296872650246,0.0435899012933474,0.13542942999276042
27330903,0.006319930806434833,0.008215422205386794,0.004281393138642546,0.006049644255817492,0.02338447630112632,0.873412914405873,0.013099119256603023,0.027172883376275637,0.0380642162538403
27330971,0.003107830861504392,0.008226029256322534,0.0030273638493643422,0.004589727085611438,0.015695826753799883,0.9086359762161476,0.014775688177931621,0.01790136908318246,0.024040188716135735
27331136,0.0026291015901757555,0.008908538011553415,0.0029870464771304685,0.005683481241504279,0.012732619084574527,0.9038386864326104,0.00941845841897524,0.01820315175850693,0.03559891698496883
27331288,0.0012516990495690574,0.007661763907029752,0.0032868766326126534,0.002071529017248169,0.0030816539759428176,0.8916806617531854,0.04969005041838761,0.010858512858894154,0.03041725238713047
27331368,0.00743397035210216,0.004542895922032187,0.003956963741942432,0.002987964596089242,0.004561186879568488,0.8771169140637725,0.035698752197585344,0.018941941493759207,0.04475941075314856
27331597,0.004670030039623878,0.00947186347216379,0.030452841816712248,0.015420519360766096,0.00796290500767522,0.04993831492119927,0.010897342110754864,0.027724347868735084,0.8434618354023695
27331897,0.0021490653104216774,0.011194222385817226,0.004442405107057613,0.004171219186788386,0.005510295948798475,0.8799317233555813,0.02690409325615098,0.013315058834240228,0.052381916615144145
27331898,0.0011800831991437655,0.00824967860804445,0.006710315694487527,0.002275179829120302,0.0034063687244313898,0.903032758989941,0.03973589201072341,0.011512410310078859,0.02389731263402927
27331924,0.004004261463598158,0.08210628402515925,0.005066197178273185,0.023756557875968774,0.7489101473062426,0.015437455974898854,0.003409819518592421,0.10989686821815495,0.007412408439111826
27331936,0.0027367423529607855,0.004583034461401958,0.0054584601926604215,0.0019221839291888884,0.00303506323948672,0.8632205472287169,0.06786731963632167,0.007953763952595725,0.043222885006667024
27332145,0.0009689876243600972,0.007522820434132964,0.0017443098153664437,0.0016029590958549953,0.002903522002559847,0.8952571664896557,0.06944886206211932,0.007856437484811022,0.012694934991139604
27332389,0.0027839223933744015,0.00861259742026895,0.003490405984296971,0.0024692007003121286,0.005752139408581091,0.5354220728679988,0.41004024606261397,0.01631867521781011,0.015110739944743526
27332497,0.003602807119728844,0.011361418646650471,0.011992402989433396,0.004803055781633011,0.008503108101102752,0.7995305216484658,0.024871070105266645,0.021344125450908236,0.11399149015681082
27332504,0.0013931894852099542,0.014339313000311459,0.003374793857511787,0.0035345202689877134,0.0052980215748282735,0.9107441486271075,0.014442945425838237,0.015028305034513384,0.031844762725691485
27332769,0.00537596003421179,0.015603084762027306,0.034837197513516785,0.016587809450527558,0.05304946479289769,0.3769931617958431,0.019767606500815816,0.40214834678386707,0.07563736836629299
27332988,0.005421823138340794,0.015060588137509495,0.010922418055578085,0.008188903641956818,0.01797847113583652,0.44700924297896893,0.019385582101222525,0.29823516980137676,0.17779780100921014
27333044,0.0024673984814030784,0.027403150050981363,0.011319133070651535,0.0056336728868105765,0.025405322703134683,0.6880371224918627,0.06730134835851871,0.15370073865338083,0.01873211330325667
27333961,0.0009716198379649245,0.007898748296333186,0.0022280978400070215,0.0017621039178920394,0.00347365419049314,0.9373856252567832,0.028132140185009934,0.00851970524127454,0.009628305234242187
27334642,0.0011809547134951095,0.004533170984132724,0.005535438495824053,0.0013025426524934354,0.0014957277100217914,0.8221760538410926,0.11827447134508537,0.0038855260544847846,0.04161611420337018
27335022,0.00679543847169815,0.22480814140094954,0.036487258469141,0.4567134710507174,0.19077867839782126,0.020568679101366668,0.004794882045263848,0.031225428753223695,0.02782802230981847
27335499,0.003952992487742616,0.04229921929025777,0.0031682977560478585,0.0054338969462550055,0.020379016823257358,0.8847702917184793,0.008275498127861531,0.018264776846354046,0.013456010003744473
27335500,0.0034457016899928036,0.0356312501762751,0.004171629456012267,0.0036971256241408452,0.017559140248465294,0.8958842341046946,0.01489555140385145,0.01329485386965951,0.01142051342690813
27335920,0.0007315953182246106,0.0050345781255207445,0.0036869617323016047,0.0011581667391242427,0.001518445298483772,0.6347493061851834,0.25140549087647657,0.004706105776335927,0.09700934994834909
27335937,0.0014628039551874722,0.00608855156054631,0.007281478046216393,0.002497460634528238,0.0025849364425332877,0.8761507292030154,0.05755774338614764,0.009440215556635967,0.036936081215189244
27335972,0.0017190204563953192,0.0047527624763998265,0.003451947905804512,0.0019677598890125722,0.0020871987942264743,0.817798166905499,0.11257165753209121,0.0061605388292364175,0.04949094721133472
27335985,0.0016472229642540389,0.004266266852112822,0.005134183067183526,0.0019579652131274617,0.00188526115548809,0.8584654053453153,0.025918257440897464,0.010404226857413948,0.09032121110420722
27336264,0.0021972654702364777,0.010284737082507328,0.002888373313503047,0.0037750193939859633,0.012570030191764099,0.9117318452776406,0.019910535731185883,0.01543361142751123,0.02120858211166525
27336301,0.003482834392401443,0.04761384398459292,0.007909150290078156,0.006512174042980408,0.7870408065440586,0.03426392418862075,0.004122885464172129,0.0773220279521084,0.03173235314098714
27336331,0.006159332027641984,0.012411434359824839,0.014714559778748812,0.007033946914660968,0.7566513383796912,0.03176211573772076,0.004570778738186465,0.11146979116709521,0.05522670289642975
27336345,0.0011129250613720948,0.002959195363867686,0.004963606437858647,0.0010809216230290564,0.0011759167367966495,0.5658083491313785,0.36777840494310304,0.0035597687055918007,0.05156091199700252
27336370,0.00337426844716759,0.014166544499930149,0.04216450535065172,0.009864841952505938,0.0033353570859552947,0.5227730413433684,0.014443121474298017,0.019371513978802817,0.37050680586732
27336506,0.004194849565603367,0.0058048340842236455,0.007777153787243395,0.0020351730552299885,0.004084303398841626,0.24622981516542689,0.6932944746054165,0.00981420705980926,0.026765189278205377
27336625,0.0014338877493659577,0.012049047832296662,0.008009096616813826,0.004308949333100125,0.004848806757301271,0.8542242107966186,0.05249277335767522,0.02180448372160942,0.040828743835218964
27336709,0.004009648795863658,0.0374373804126679,0.0042683096469707535,0.004894857652305719,0.02516087121904017,0.8795341155605373,0.0152876441243095,0.01866209610616411,0.010745076482140814
27336822,0.005376861149783186,0.025901664953658747,0.00832769126223841,0.00753005163390699,0.7945148829454516,0.03781567916376013,0.005824841781366189,0.0863263238094891,0.0283820033003457
27336898,0.004010072537475132,0.0029269106891834616,0.003943791569499344,0.0012975534761212064,0.002194437598284177,0.06136440960600917,0.8993999316654502,0.006047437224492559,0.018815455633484843
27337000,0.0037404883946707134,0.07272998519554258,0.007375499620029697,0.0073146296856744335,0.7838053664577735,0.036686784674831815,0.004041911524303023,0.05698570154758546,0.027319632899588643
27337095,0.0039542508264208565,0.05627428010728342,0.013854813073029238,0.008527814911210005,0.027576812478257853,0.8045651022376987,0.014300946765758915,0.018189487981597776,0.05275649161874311
27337441,0.008693795122090413,0.029028294648492867,0.007528299726987101,0.005065692061788085,0.04136449946344671,0.8156935043090718,0.015081579472723853,0.027963683876885397,0.049580651318513705
27338015,0.5719970523452377,0.010152304217552052,0.008968788312637163,0.006743472358161619,0.01237985302261948,0.2870467190203742,0.009650761015684342,0.034350470974872475,0.05871057873286102
27338261,0.001215092696860445,0.004590777941892802,0.0018166915002790001,0.002659182646628457,0.002513531156135028,0.9243477561231483,0.02671046019009589,0.006522827283032025,0.029623680461928002
27338374,0.001965366266145436,0.001357709376322293,0.0020411736317762076,0.0009173100186644123,0.000898348833489426,0.007675534443330071,0.9615920005599485,0.0019403495428334538,0.021612207327490324
27338487,0.004373276956383295,0.03140948648386943,0.004221165115667563,0.004274036625105936,0.021118549808905724,0.8819638714049488,0.027606776905592274,0.014892095702674534,0.010140740996852483
27338573,0.004468593645571108,0.004454714731873922,0.003718851304342616,0.002757983889691671,0.0034471605344779605,0.8964056906276742,0.024758086815113194,0.01873816035127421,0.041250758099981154
27338627,0.0028733642655616037,0.0054780193918777505,0.0023967687515097824,0.002920670020859746,0.0037480304821169656,0.900431944112567,0.03943578356405466,0.015872454740067703,0.026842964671384896
27338828,0.003321663805339311,0.0019191745621931228,0.004447780676640332,0.0013973237182308912,0.0013591796081690087,0.011367424286726786,0.7475743775784407,0.003680352772899735,0.2249327229913601
27338955,0.0007917467599323499,0.004045387101165578,0.003622705269399631,0.0012718772157260972,0.0013614019004274738,0.8966875294637413,0.06658717414499443,0.003064010598456822,0.02256816754615628
27339257,0.0026657150263199856,0.001180279626240082,0.0018897259747287752,0.0007543986655025236,0.0008769468559017636,0.010918528163623634,0.9481448904889986,0.0023088479892066963,0.03126066720947774
27339480,0.0014240468595287069,0.004605516243548965,0.0034098694301216664,0.0012175751768893019,0.0020383459775641616,0.6228340734230369,0.3434242497222416,0.006434730834072867,0.01461159233299597
27339989,0.001806852053005967,0.0025768175993927593,0.001994794694741273,0.0014185094211869292,0.0014418108312510866,0.11189270048527532,0.8484647779758553,0.0029155994666427354,0.027488137472648645
27340997,0.0013590870963613637,0.006151172896180074,0.0031366686075294786,0.0015264783497825028,0.0029423911997104846,0.8355009952739413,0.13252036992155358,0.007478769251914546,0.00938406740302655
27341248,0.0012750740662265064,0.006077942020532201,0.008159876963871052,0.0021903708300909613,0.001712576727945089,0.3166817732226212,0.2531848988191133,0.003680992380640441,0.4070364949689593
27341296,0.004824663668008719,0.03581587071449912,0.0040206986619421205,0.006099299440581489,0.03399708908974716,0.8700033322332692,0.01491249464695554,0.017254436232875217,0.01307211531212145
27341878,0.00457016566246623,0.07032251366364106,0.007101657615518868,0.1186899049772988,0.547355991469103,0.10957978471974193,0.005611260804571193,0.10739808659812412,0.02937063448953494
27342302,0.0007157834094860907,0.005516168065730521,0.0019523154385172041,0.0011957173366150878,0.0016530084284815541,0.7531835950031962,0.2143042190097516,0.004675396996446568,0.01680379631177516
27342483,0.0008888318742927323,0.0061259764579339885,0.0031690233787925997,0.0011562776190106028,0.001596842438925606,0.6937299706956905,0.25394989479302865,0.004298888423786928,0.03508429431853842
27342678,0.0011144821743650699,0.004918939566888217,0.004853659797624975,0.0014117701252179707,0.0013758641994390719,0.85870745706253,0.06451238373706035,0.005215970730665058,0.0578894726062092
27342880,0.001013528660752984,0.005861576207032011,0.0017388352515801688,0.001480504878097327,0.0027983164864752177,0.906765276404966,0.06230745115455284,0.008562824236440612,0.009471686720102937
27342921,0.0019452420850956979,0.0032614336684255747,0.004852705835915447,0.001580736183969261,0.0013724764067086232,0.033514086615264095,0.19564272942681804,0.004606682731225018,0.7532239070465783
27343006,0.001064611372692749,0.007504287778396407,0.0029080285398454192,0.001918707496767192,0.003995583714922196,0.9278395548250578,0.03668480042626343,0.009304164743395387,0.00878026110265945
27343023,0.0020558196873731996,0.006910117642034991,0.0107623165011143,0.005086324518746573,0.002192657258286238,0.43248068480186475,0.22010925303252732,0.006340769626259115,0.31406205693179357
27343037,0.0009300180222943873,0.007265044856985579,0.002345851640248095,0.0014601498037633488,0.0028887074457795885,0.9412768724436904,0.027012294173576864,0.00821225079292821,0.008608810820733392
27343163,0.0008607613038206608,0.005260749219573108,0.004117484073655992,0.0013229999514477982,0.0015659312545440905,0.9048837215219001,0.05348414574277735,0.004636204468478528,0.02386800246380242
27343271,0.0013032050383654005,0.02355418658050941,0.011590160990816462,0.006322243268131562,0.004371583505708188,0.8552884923059707,0.021354922581253277,0.01244392943962128,0.06377127628962369
27343273,0.001141078271692884,0.0073132515507485394,0.0034857328824011474,0.002937360737516891,0.0027499741030218247,0.8992317279896296,0.021561400639239517,0.007659512017889474,0.053919961807860205
27343350,0.0046809599032481665,0.0545229917149989,0.006973255090092811,0.01595190012312853,0.03216334311385161,0.8009142987263363,0.006217812571233759,0.02227250719634642,0.056302931560763485
27343416,0.004201874313637627,0.02715181576220818,0.006230341279519486,0.004272064591986561,0.013354718635955167,0.9051964216863809,0.016558109098369266,0.010758022045532082,0.012276632586410707
27343473,0.0018210355346688337,0.0013365536057771028,0.0021902355944048977,0.0008735484634906189,0.0009342913611480504,0.009533830474590442,0.9463347192935068,0.0020246820603969772,0.03495110361201637
27343813,0.001644021737091507,0.015501787571151207,0.009296936487668238,0.005090992233427896,0.003761700476956073,0.28117246174604144,0.01877790156936928,0.00942864634300203,0.6553255518352923
27344088,0.0014078299474170452,0.014656778066512062,0.009400490109305965,0.003140263612028106,0.0065712607737911325,0.9031787531939341,0.027907899441319394,0.014341172837647971,0.019395552018044174
27344466,0.0007109493927994693,0.004589672791008078,0.001641143346636631,0.001133316328867112,0.001962109294621607,0.9519517381186708,0.02749114735390487,0.004595509834928073,0.005924413538563227
27344470,0.0026775932821066204,0.0066103078200946625,0.00809816373838937,0.0023806291660347497,0.005377843827963415,0.4091792941940241,0.5049190650072005,0.035980739895850405,0.024776363068336155
27344606,0.0009718410159228744,0.011078283601899866,0.004281553649005555,0.002073832479235619,0.004354321459779993,0.927570498410252,0.02479688994909235,0.012858981004438679,0.012013798430373075
27344607,0.003201110535272696,0.005260908075129335,0.004996825383037174,0.002316539119293715,0.00881741076167812,0.8714774765729724,0.03392405659377288,0.010698827137838235,0.05930684582100537
27344727,0.0005658055000242072,0.005673041114000167,0.0012747704646040793,0.0012332952941789108,0.0017242696846645135,0.9608234831183631,0.013419401516489151,0.004758994996676191,0.010526938310999722
27344831,0.0007892765249868264,0.009266062856341697,0.002372712819329871,0.0014839718760769995,0.0032554157927484682,0.9437535856442847,0.020310744102500725,0.01021356724298334,0.008554663140747489
27344892,0.006433764740087858,0.05637096722359255,0.04987082743540419,0.013550210928220181,0.22890238539361177,0.24807779188400686,0.011100019478852544,0.046476240290809566,0.33921779262541446
27344953,0.0016603869494887817,0.022925895664621374,0.004224275489759387,0.00287099866876538,0.007526303065693183,0.7072579396013745,0.12672842245657287,0.0707524568290735,0.05605332127465111
27345000,0.004563392946270495,0.0047537396891189215,0.00557165771676777,0.003212369573454768,0.007428596271718801,0.8451714938957268,0.013276175372149958,0.02655527004119353,0.08946730449359899
27345126,0.0394546051114303,0.006181988556756846,0.011851885100342244,0.005455469260492344,0.042956435413144894,0.5527355383537971,0.007875177341241034,0.04201569216830507,0.2914732086944901
27345197,0.004682951952979178,0.005929237191549107,0.003833878318790388,0.005660959640673233,0.01530743116074058,0.8900538971672105,0.008158112028086925,0.027552991121146304,0.03882054141882379
27345260,0.0035624058532178963,0.005477163781495934,0.002812239919727146,0.004988068504485541,0.009973547656787887,0.9070060155453821,0.011240586066209115,0.021543146925911374,0.033396825746783015
27345358,0.0025387707944218366,0.06716867711742008,0.0042897750485689085,0.008202796476210998,0.09215581602095901,0.7883886770153468,0.0077541668598146134,0.01947386308215902,0.010027457585098692
27345381,0.001008241684302406,0.011429672720936023,0.00986147458681221,0.0030181962472063156,0.0032138693270463985,0.5308279649104086,0.028506686330064947,0.009745664941832521,0.4023882292513905
27345424,0.0035417300908198454,0.060380121437199986,0.008275509474889293,0.006888380285586081,0.17506758743297363,0.696679567873403,0.009476560813632844,0.028459631493821434,0.011230911097673827
27345483,0.0053890084795990625,0.00423320241949237,0.0036870283190783594,0.004615062580247532,0.010072242167863798,0.8524087786867571,0.008567033701784185,0.04394064446539887,0.06708699917977873
27345484,0.0012724452028125724,0.014434725971705944,0.01348988272638436,0.00387224296530456,0.004096802470698952,0.7465641760598893,0.038535052954815824,0.009263994830034664,0.16847067681835376
27345491,0.004202339253065299,0.05821299828654663,0.005167163111746751,0.00635251375596659,0.5689552338179357,0.2900092604309304,0.012873912227937392,0.04208404101782479,0.01214253809804645
27345640,0.0030528005953880046,0.007824149722613109,0.0028914855946964198,0.004855667423171387,0.014480939034502609,0.9085097033205938,0.012085141112992406,0.021698826792625678,0.02460128640341651
27345805,0.0030975626552569788,0.017686877929517876,0.03124730832954187,0.007978218230416955,0.010729323910178973,0.8183449028235483,0.02676032800610053,0.025289251290529193,0.058866226824909315
27345892,0.002230383556840835,0.01868204035021832,0.02068728410443858,0.00455613122239133,0.008412153565117817,0.8377198322298733,0.02693899389883033,0.021841448548406455,0.05893173252388309
27345998,0.0008000589035027917,0.004242804882266705,0.0024297765826701806,0.000940017102244949,0.0013088415955077564,0.8606230271603041,0.1109337910281601,0.004607491895929055,0.014114190849414343
27346019,0.0017915176210296347,0.0041127183957210016,0.007003932865346381,0.0016841402506238,0.002223309879445171,0.8783107757142357,0.06272268777817576,0.005699325828119144,0.036451591667303544
27346052,0.0008011874209768704,0.011558534452567897,0.001733827631897217,0.001438425606106021,0.0036311210737699296,0.9493585598572689,0.013726484090567124,0.00906654487984193,0.008685314987004042
27346053,0.0032921053065138838,0.04608227604662284,0.007344984381558531,0.004964192625862113,0.03947537804271723,0.8524166233067323,0.013119438877076202,0.020451254539197664,0.012853746873719183
27346187,0.007727419551969471,0.08413173245221196,0.010229651965623048,0.005149398572773154,0.08048120524917464,0.6243648097367531,0.12469869022329563,0.032996362862810345,0.030220729385388553
27346254,0.0006275814826053114,0.0037411882201235968,0.0014603325620666156,0.0009615905308529715,0.0014652673622263155,0.9476932301588027,0.03098190483919808,0.004116601344590496,0.008952303499533885
27346306,0.0022456242432525053,0.004259202840603884,0.0048916458985611595,0.001446097234817903,0.0028929538692586704,0.23180550054463775,0.7331510063655449,0.005160809518788073,0.014147159484535113
27346333,0.0011947898350794304,0.006582190995843283,0.0019509100630748053,0.0027048360773705956,0.0032442934630118655,0.9343161619308136,0.02133994558683364,0.010352673596342583,0.018314198451630147
27346722,0.0005068551014971761,0.004774672431094408,0.0016698729165416958,0.0012326771824167353,0.0015614267673020837,0.9540456975709178,0.023515995416714078,0.003968778925513197,0.008724023688002654
27346845,0.0007679835179814856,0.003860041637261357,0.003037854128803768,0.001006783685752663,0.0013648008408132413,0.9148958726703196,0.05672485705537874,0.003852949331746845,0.014488857131942418
27346846,0.0032205527351438844,0.004275462486380665,0.004801879404994552,0.0016146157716009275,0.0028171552253135686,0.09367833816825225,0.8673848513945022,0.006564031751081687,0.0156431130627303
27346966,0.025819713391239035,0.0065166797027726405,0.008878990470629313,0.011588947664080005,0.008385281422373193,0.014574137792315433,0.0029407049346710655,0.01468917868254364,0.9066063659393755
27346970,0.0007087526146344355,0.004435142975818713,0.00316839487869909,0.0011949319832559727,0.0012946197970678543,0.8753164667226433,0.08036032323120611,0.003149217111558823,0.030372150685115725
27347343,0.003054880851156564,0.1940265803554484,0.15394724437716298,0.14751423951403606,0.012868340543183407,0.07884336197873379,0.01953296151008959,0.044557910489669894,0.3456544803805194
27347412,0.0034700908573480067,0.003959620895645268,0.0038566432768730604,0.0021583235727528753,0.002893083195623384,0.048444702701260646,0.9090095064937849,0.006208896192142182,0.01999913281456985
27347654,0.0007558765269566454,0.00720209662458357,0.00453621857055359,0.0016332913109862897,0.0018685410009871772,0.8314099383470079,0.10780062297750079,0.0049426105910786375,0.03985080405034542
27347921,0.0015441709111182695,0.004517694598702086,0.007520461917585606,0.0018356082706102912,0.0014667627829116087,0.08844224580794403,0.20784799421613706,0.003679727753080722,0.6831453337419103
27347964,0.0018992604097894273,0.005084307974337176,0.00600192435805866,0.0021070302451592833,0.002128776257420512,0.8184403458242047,0.068353563950221,0.005506956334218297,0.09047783464659095
27347976,0.0018483084775966052,0.003937325700305864,0.0056111587235385405,0.0021905460446831637,0.002021142484045039,0.8084803393388327,0.03666826193459226,0.006096888874653431,0.1331460284217523
27348006,0.0017395090622800721,0.0041249490670851666,0.003780320893369171,0.0027922870513147975,0.002702748771841436,0.8412915352617795,0.05297185884796243,0.0066277685268954925,0.08396902251747185
27348356,0.0038426215820434365,0.028281415982434027,0.017007716198502408,0.005952737456650884,0.018359873959657998,0.6645798946738276,0.07263610762229372,0.046910938456412296,0.14242869406817757
27348373,0.001167235003420429,0.006105949554091294,0.002480127960167373,0.003832723762643786,0.0025687429747538464,0.9173201063313465,0.018019750436044344,0.007784646346112603,0.04072071763141981
27348398,0.0024687781388537697,0.0030791524175541045,0.004448393999005232,0.0019225766199297636,0.0019308434470783637,0.8154277925034207,0.06266094471500194,0.007666993221155668,0.10039452493800044
27348459,0.002489985438353569,0.006434979298119155,0.0034160989057914685,0.00502546675836841,0.004000204460204731,0.8749942726386436,0.033345451855490996,0.013638884105373898,0.056654656539654236
27348597,0.0016134845470634654,0.015904591094753735,0.011762552527299413,0.0031146413888152548,0.006966525135792738,0.8868440633024278,0.033769960004134965,0.019624761572133997,0.020399420427578637
27348656,0.0010670692290260524,0.0061877126902860485,0.002735118311398227,0.0031762612340889645,0.0023596700765255857,0.9122312651549811,0.020524588538813504,0.007354588571429041,0.044363726193451414
27348664,0.0009922547059904561,0.004515826273867908,0.0027067835529704628,0.0015853868270894198,0.0019110530595460558,0.8267428501594216,0.13321790078933624,0.005883218360092785,0.022444726271685027
27348803,0.000839475602425008,0.004736083334334833,0.003241799297221638,0.0013386283443921892,0.001539808960406851,0.8874339390111398,0.07642231107403061,0.0037026521162613502,0.02074530225978776
27349041,0.0014339457272714864,0.01134172493665993,0.00512779424672233,0.0022199461250646674,0.004794015388697742,0.8708300586136386,0.06892398996930035,0.01722672227544448,0.018101802717200355
27349119,0.0009390117439266697,0.008214980456566233,0.0032869644384279353,0.0015382975547777187,0.002177592895282152,0.8862741584843599,0.07484348054256272,0.004628014021450905,0.018097499862645687
27349303,0.0007981561153479673,0.00694434573656788,0.00262388142108836,0.0019956290630933587,0.0021257532228391393,0.8998282733499389,0.059263562087816565,0.005248524142557777,0.021171874860750065
27349693,0.0016043768738455587,0.008246944684492923,0.011189034489462943,0.0034184440015058177,0.0022776422913934878,0.7593234618427861,0.06770344108144324,0.005791369885092262,0.14044528484997765
27349793,0.0009978940926179273,0.006393365246812758,0.007838574236574426,0.001964576806324418,0.0018752523305975257,0.19102007227806106,0.08506483639724839,0.00312602976946136,0.7017193988423022
27350040,0.000875104947914234,0.014387848892238634,0.0023998216340948442,0.003003311368787242,0.0030269413523281124,0.9237963109849205,0.011986123266738528,0.008314147691063069,0.032210389861914775
27350057,0.0009503319808877087,0.008155404856001958,0.003321922067750663,0.0029650172429797426,0.002716654713567129,0.9383343805252066,0.022161688363153312,0.006363860183133171,0.015030740067319782
27350203,0.0018188676258625816,0.0022042328483565816,0.004162470828222252,0.0012770953897628054,0.0013248742364555916,0.6347854031407382,0.2453893478670899,0.0038795699161775048,0.10515813814733463
27350557,0.00065012166647515,0.00832382355614312,0.0016891389927144022,0.0016532650849569442,0.0024031516962182125,0.9388597059961283,0.028474571904663935,0.004529055136279754,0.01341716596642015
27350594,0.001831525914325786,0.030343831693384584,0.014635738493240957,0.0051892184615044655,0.028895274636974493,0.6470784335022424,0.1943210950137958,0.05085087661892679,0.02685400566560467
27350743,0.051667467074899845,0.01770400683543613,0.012666871935745444,0.016394560335341916,0.7509226523455894,0.036015230665805045,0.004002429395302996,0.05543794638254837,0.055188835029330745
27350755,0.0008492983175536314,0.0056853491207136215,0.0015911695843602068,0.0014950116378762287,0.0025685549594698597,0.9246081401220081,0.04774050839984444,0.00697935092319311,0.008482616934980732
27350758,0.0646357164270675,0.012940708157345701,0.010315917049790324,0.028220882746359324,0.6973269416908243,0.051662920716407386,0.00482740756790804,0.0721641228306761,0.0579053828136214
27350768,0.0928557710320567,0.010463834266294726,0.013156331299536785,0.014997698674931052,0.31382310602376395,0.049166261208167195,0.005525940066392454,0.09542843334519709,0.4045826240836601
27350787,0.34984004028360827,0.03263256955548049,0.0205314991843037,0.1332100661326337,0.22171902145355482,0.04271648409070604,0.005404853204965131,0.09392651073418586,0.10001895536056203
27350810,0.07194185991112213,0.018213123463792474,0.060750209946800096,0.061464373468743366,0.1121861720502125,0.12621938006204383,0.006591118272969754,0.12652880945395198,0.4161049533703639
27350838,0.024885823943121332,0.038826041685848765,0.012663892821701713,0.01225083123404807,0.15191049697941233,0.346402629898944,0.005144727527170141,0.07130179921764254,0.3366137566921111
27350847,0.03484137645692382,0.06868149822369664,0.013258284948497243,0.017132871505032198,0.36307970993611344,0.06851345363771161,0.005484402638227834,0.07542097734870558,0.35358742530509163
27350855,0.0038566476418289484,0.04948722201726811,0.008819332534017146,0.0060622757044143894,0.02395967009764696,0.8669797538222561,0.011743385280394328,0.013204197809519789,0.01588751509265412
27350865,0.0007776169827034015,0.004268491664256017,0.002653146311599774,0.0011166860232117892,0.0015160013174163574,0.9128824024541305,0.06098817915155677,0.0034529369959670473,0.012344539099158272
27350872,0.02406192680546746,0.011331318327139218,0.0331161763655679,0.03242388114871368,0.1345531631001095,0.17082143905250424,0.005767816974073594,0.12792660155418453,0.4599976766722399
27350878,0.0009535242961181242,0.00609059099640301,0.004476357265784931,0.0014402481316674585,0.0021536591509076996,0.843395089340276,0.1132450574536436,0.007259176065064843,0.02098629730013435
27350891,0.008816717219837827,0.08391241959602114,0.08125999337784383,0.07671123888801715,0.24818694955013512,0.1790678556054942,0.006384835096539989,0.0554036410325955,0.2602563496335153
27350928,0.1522897993970143,0.04723113558948908,0.015307087869408497,0.03299371965589197,0.41896504426918596,0.05043377959737951,0.005656670203928324,0.14481466621331496,0.13230809720438738
27350986,0.009999210261744884,0.011638486453417689,0.0713121074727198,0.06498511170500716,0.20456365966359374,0.05634045867433194,0.005089282894620019,0.09098363839526187,0.48508804447930287
27350987,0.04113678317773774,0.023326691076313785,0.01600067378360527,0.03918537651295657,0.6493521539127239,0.06554817270494398,0.004604339227158994,0.06626772411439116,0.09457808549016848
27350993,0.20262668868105926,0.018141168876787107,0.01593471529654309,0.03067590578752588,0.38009953947195174,0.047020313831677846,0.004438463830710589,0.08133027597370146,0.2197329282500431
27350996,0.06747796897443621,0.04152794431454064,0.015309056490332533,0.055164078380406795,0.5243761080718496,0.05233689371696055,0.005506174417181056,0.10003974657076736,0.1382620290635252
27351001,0.0008718364995602629,0.003150573914331658,0.002371782700721277,0.0008383968236136244,0.0012903617131179218,0.84314614977168,0.12840593233758357,0.003374980854014484,0.01654998538537724
27351003,0.06256295624106695,0.03833820996430116,0.011393068276547529,0.02891851992381149,0.6322535943956757,0.047594159405904,0.004913469689753829,0.09132215118818131,0.08270387091475796
27351032,0.052803444201674,0.005574255924422894,0.00795138237753703,0.008491960636464199,0.07050991188213779,0.12453111018807722,0.0045710030796505055,0.15027512240037375,0.5752918093096626
27351086,0.0010704642984812132,0.005950707710584167,0.0018072716086354873,0.0016102788745973326,0.0028154703588764204,0.9465575791199718,0.02233174663986843,0.00838366021458414,0.009472821174400875
27351124,0.06352663048394629,0.062423647375381516,0.007764260150910451,0.02025654931365669,0.5063735146391832,0.05615038345361628,0.005410533884574802,0.18962816806466948,0.08846631263406124
27351169,0.09097732805838153,0.020909731167160682,0.00775822299301923,0.018695818340392384,0.40300306692814425,0.05413923313927912,0.0068315295915414,0.2731687455472981,0.12451632423478334
27351230,0.0038145473010277515,0.029453817911332777,0.007455409845543797,0.02061180915126098,0.7552538242880131,0.05922100493750393,0.005457783067108693,0.05064824515471854,0.06808355834349028
27351231,0.0028289657073600747,0.005942092405690084,0.0029344249759217754,0.002328050368145022,0.0033204537236718864,0.9029686329441763,0.041429945264209816,0.014911816765181496,0.023335617845643537
27351249,0.0009491178520353857,0.005605277911006469,0.007311224822117326,0.001771798708478133,0.00169650455753882,0.8726267999039471,0.046289719685326226,0.004113330822374109,0.05963622573717646
27351764,0.003161763065547727,0.005281108156609719,0.0027351360756171215,0.0025192556380598564,0.004228873674129527,0.47556355117349414,0.47351851600105715,0.012358804643650438,0.020632991571834337
27351811,0.003455466133721972,0.09197026842073976,0.008862346075653555,0.01569755424406234,0.5521035763057187,0.09228284905427774,0.006744525906902578,0.03097377308026343,0.1979096407786599
27351828,0.004700017880835525,0.029043947753787786,0.004177964489560961,0.004715831346233497,0.020683608179446075,0.8931947687980915,0.019562534310544312,0.014493704888026798,0.009427622353473452
27352074,0.0014612039633561144,0.0059419313650753355,0.00813359988215067,0.0035455717814906642,0.001516823529601917,0.12396451186352778,0.030180600228792653,0.005339646236705444,0.8199161111492994
27352253,0.005977214295769493,0.0026504145778951005,0.003957657866545163,0.0013969678208877964,0.002142890973606502,0.11447442574611474,0.6800090397705647,0.005106508351537664,0.18428488059707876
27352389,0.0018777468239246549,0.007572797504593139,0.0065901362348510985,0.007412610380376681,0.0035075524463518237,0.8432117319726553,0.015019146889580419,0.014673207240858485,0.10013507050680845
27352590,0.0009983140612924639,0.009671417046159196,0.0031899512735694717,0.002076684479050933,0.002217217762104059,0.8940116001637763,0.03705253700397512,0.004554584903956022,0.046227693306116334
27352645,0.000934229021507299,0.0050496827919762925,0.0019191948540853772,0.0016210980348780554,0.001969093877440867,0.847317123216855,0.12174024188024724,0.004077988895420163,0.015371347427589721
27352657,0.004034178626353056,0.00815659409357616,0.0033690588772198396,0.006388129519843153,0.01301136751209949,0.8942615836138212,0.010585077982167169,0.027289998016029056,0.03290401175889078
27352709,0.01273051901271026,0.021911753386368377,0.00876601906865065,0.0074775066244013345,0.016006974400863405,0.7177571516865058,0.03727877172983061,0.012603029981399779,0.16546827410926968
27352883,0.0013213500485076066,0.003523358828875093,0.002316003757264172,0.0011664301636447147,0.0016785978449760412,0.3018933118512105,0.6715251306612644,0.005011745096485076,0.011564071747772516
27352929,0.000933810697202389,0.006408462631509948,0.006867856270563679,0.0017383552181997625,0.001636346299372381,0.6287327106392231,0.16457578112904114,0.004187194963897699,0.18491948215098986
27353024,0.0008823463216628198,0.006249966474809956,0.004399546509841679,0.0012827507140384723,0.0018126219331312712,0.715545803310276,0.21895278490890827,0.003804325113447014,0.047069854713884515
27353174,0.001050278796247939,0.005475518979497852,0.0020484269575975636,0.0018008143352117472,0.0019458774890218718,0.9046332567871226,0.0574238421253196,0.007689890844794366,0.017932093685186508
27353325,0.000981336424853764,0.004255272013585257,0.001639689884319157,0.00113946995474076,0.0017037755618746488,0.727845958806881,0.24371390293236875,0.006817214234839674,0.011903380186536956
27353511,0.002419352321764187,0.006022061767044706,0.004311095509748071,0.0028302753910930912,0.0030546610858871674,0.7436453052279408,0.10832272813727364,0.011501573809013144,0.11789294675023505
27353521,0.0006703493146672405,0.0037830026912166054,0.001744410249789994,0.0008679222562971451,0.0011608990275269232,0.9279102387195431,0.049870584453255686,0.0035658879142955627,0.01042670537340774
27353696,0.0008972098977561338,0.005167280891665346,0.0015780977615987696,0.0015929306099439486,0.002440778617649821,0.9326851044004119,0.03810934665908299,0.006084222179849716,0.011445028982041392
27353737,0.0014514303544622977,0.0036022224442784755,0.002101459915985039,0.0013586217561483006,0.0015819023320318183,0.8553784004268966,0.0896633427148501,0.006499439874997088,0.03836318018035028
27354125,0.0010386464655962762,0.0046277274087781275,0.0016302473359899696,0.0015516416207353445,0.002343961324480588,0.8623687776391359,0.1096193003460988,0.006157857723402727,0.01066184013578227
27354711,0.0009536845264071703,0.003621321673078658,0.0014742113938007789,0.000981274064481398,0.0014973031834741794,0.9217581471359144,0.05374252857789673,0.0044392445888465784,0.011532284856100031
27355082,0.028156052828096793,0.03067224733308014,0.016381584327369105,0.023152163669492146,0.6178611758642873,0.0373717350995776,0.005474092305670553,0.07877502806638911,0.1621559205060372
27355166,0.14845708922610298,0.004343130944150304,0.008075531685905185,0.011299422159442416,0.018018354776321313,0.09403795164036462,0.004991673000466676,0.09801841053165283,0.6127584360355938
27355185,0.0012261868523159387,0.02215026789003635,0.0039014150667257435,0.002991936748964967,0.009650713489777245,0.9221959872380918,0.013992796494342104,0.014873657506179711,0.00901703871356608
27355495,0.0014008293568052957,0.03217719018205562,0.010118258432723194,0.003246948593399955,0.0071118692651673185,0.7981643688602343,0.08337824520718716,0.027366775932366867,0.037035514170060235
27355503,0.0011597427775387474,0.015311799159134819,0.003901932224609342,0.002480769282502399,0.006143740376389474,0.9386589888669474,0.012198163451584948,0.011909129081889193,0.008235734779403753
27355642,0.003950156526887738,0.06117094626238983,0.024334423994774527,0.04598443798404338,0.15138242868530055,0.4212114625733613,0.020873338116054466,0.24572400660799282,0.02536879924919535
27355644,0.0007916035856693342,0.009605320982393842,0.004079572201518802,0.0024792710654438946,0.002801084833027529,0.911023351280971,0.04205533678300302,0.007770677895758085,0.019393781372214505
27355774,0.007565970852557179,0.016660946262255324,0.010910246425470737,0.19837245926328997,0.024061238410584704,0.020999938044625605,0.003977623237241459,0.016487135589291844,0.7009644419146832
27355776,0.019732482077547468,0.008385678173750648,0.011092850089375043,0.06499958516500605,0.015086159997833548,0.016534983727594585,0.0033879354694102337,0.016122950473914297,0.8446573748255681
27355820,0.008880617294715086,0.061902575210930594,0.0138010728140536,0.1049304929494603,0.054154455390424225,0.03370844681096395,0.006926466099895935,0.040942461013370984,0.6747534124161854
27355950,0.0026283025372745737,0.012737662463728181,0.02212669657376855,0.022939926460066568,0.005373441027047778,0.022180297002345,0.0058870126790073005,0.01958226818406663,0.8865443930726954
27356033,0.0015128113915135483,0.006393639438560477,0.002058300317281547,0.003578019957554125,0.0035878587713182777,0.9162839703680841,0.03341946071434023,0.007103430868883827,0.026062508172463895
27357496,0.0014324355760323242,0.015356390261988056,0.016466272434889802,0.008155545352654607,0.0045550624401097415,0.8781253272933702,0.026656312396576738,0.010112157847303772,0.03914049639707473
27357719,0.0015142264747973284,0.0035307438579318287,0.004775926061642138,0.0015295705316590612,0.001446961028945662,0.0951323811538891,0.7934920868845482,0.0034371056075963415,0.09514099839899018
27358020,0.0020386392747017345,0.05035159721222482,0.014667045983853237,0.0035726346596421108,0.010972876295196403,0.634580060301043,0.028573112867812063,0.018108788933752878,0.23713524447177378
27358802,0.004310045530839999,0.008853851559234554,0.012709697798357593,0.013205450779678891,0.020250573044345622,0.016567905664582477,0.0031643703839529234,0.027686904426530923,0.893251200812477
27359760,0.002230459145912451,0.009413234207695714,0.0045475736197305335,0.002148769313038272,0.003959317534479117,0.6186171983527539,0.32609096547953614,0.017274245778810482,0.015718236568043432
27360515,0.000746199276777474,0.005373579038090067,0.001483261944795797,0.001288600689386253,0.0017682310170661689,0.9220619028023247,0.05199779872554648,0.005103000488754895,0.01017742601725819
27360764,0.0007279228344512939,0.008574866918658414,0.0023607054015566606,0.0018975809036884635,0.0038714987965142423,0.95667153397332,0.009785229547872518,0.008404651993104336,0.007706009630833995
27361157,0.025187505506504282,0.014687636808179015,0.015031923515144083,0.045133019595731745,0.016394229087280603,0.052995044159121506,0.00419766424289701,0.030557739164177852,0.795815237920964
27361357,0.0039547059935632215,0.05397579236166228,0.004186670519183852,0.006915326174396873,0.043287926480498735,0.8401653286496155,0.00993309588214891,0.023085307037851416,0.014495846901079216
27361482,0.002482846056485624,0.008760575634469506,0.008541651702911003,0.004697514469947461,0.007982478818800988,0.9058448021186996,0.03178972403191107,0.014656661744515697,0.015243745422259047
27361590,0.0011580301560491035,0.0038632421743437263,0.005999265941260617,0.002082358168013928,0.0013565299641381614,0.09351596248797785,0.02686246268767174,0.0047604069112580725,0.8604017415092868
27361810,0.0008288836842250621,0.00813598807718561,0.003256293148532459,0.001313094301935295,0.001570388880311964,0.7809263118115529,0.15316561438139661,0.0028678394055179864,0.04793558630934207
27361941,0.0008555194685758356,0.008704186078556893,0.0035461659215853384,0.001620241021110446,0.0016562638097388062,0.6860525747861278,0.2144945919933179,0.0033850204224406483,0.07968543649854629
27362201,0.0008044518136168159,0.00929409625781079,0.0022828753737372314,0.0012518382255855005,0.001716548362194409,0.87518362963335,0.08402256528412766,0.003682315979535404,0.02176167907004217
27362875,0.000990961376382078,0.009132613583083074,0.0022382958829692003,0.0013837240627598561,0.002732273752782818,0.7764885479393699,0.18910074479123815,0.008708874315624171,0.009223964295790702
27362965,0.0054798074071865915,0.020371223467114417,0.01685751197697995,0.007598748261832421,0.011424202845720717,0.27494652232475714,0.02204565136965358,0.013062632282156018,0.6282137000645992
27363017,0.002880619570123451,0.008522650588694346,0.0029763644993946567,0.0039976896090022675,0.013466369175686294,0.9167611841461594,0.01869056091677146,0.014955031248226135,0.017749530245942124
27363023,0.0036119591185550734,0.007484131464276583,0.00322755145345912,0.004264049036747971,0.014739540511831302,0.9098039019048082,0.0125511062590524,0.021012492929286343,0.0233052673219829
27363377,0.0012934978191440133,0.006385458176143783,0.0034815709790304485,0.0013322354157355694,0.002372894375839979,0.6586204768115387,0.3048205167471055,0.007019211295058128,0.01467413838040391
27363492,0.002486200243840312,0.03769677019819301,0.003961199937148561,0.003724771525421016,0.01809970546166143,0.9000601136731297,0.012075399261383674,0.011174109357769597,0.010721730341452745
27363680,0.0010050630199788554,0.0056191972867885055,0.0030610293187042998,0.001158402055631048,0.0018863228532023533,0.7115820454125458,0.24756948312826005,0.005874103864576227,0.0222443530603128
27363791,0.0016542112878306814,0.0044800091670777935,0.0022025919510269727,0.0011646876556375275,0.002168387883884172,0.43112528899217645,0.5400278296802388,0.007828718120491412,0.009348275261636205
27363835,0.0032455864261160695,0.06426125959685348,0.005965769681638118,0.005719789064254692,0.025859764883189727,0.8638069942531699,0.007568295967661948,0.014836550043629677,0.008735990083486396
27363903,0.0011998906425288876,0.003653843569779921,0.0020045758202549024,0.0009682032121319969,0.001423872750617697,0.6251416213069283,0.35242430864635527,0.00427995771296267,0.00890372633844044
27363991,0.001806754606163271,0.005602821142828832,0.005028131924112043,0.001837561034149318,0.0024252145414405324,0.6717742218866327,0.272943807099339,0.009919521091647357,0.02866196667368702
27364347,0.0006299754952592322,0.006481241758344612,0.0019260969527956976,0.001497784368638069,0.0024828207300433922,0.95856334833476,0.013796176160017607,0.006496730966069875,0.008125825234071652
27364537,0.0008586449962798893,0.0066921413848304995,0.0017136071721917672,0.0017309115547756123,0.0030196898890445787,0.9480453248214167,0.018805752897860347,0.008211123378352699,0.010922803905247941
27364819,0.0018873378727426832,0.004669098718730468,0.0018766509269467475,0.0023382796289284583,0.003486129243200383,0.9314329009608424,0.029835929601636127,0.00897541723999101,0.015498255806981717
27365033,0.006712498533014567,0.0782784339411968,0.010411226637392185,0.02401008112675816,0.8088564239036563,0.019087342601641046,0.003881891420447305,0.033320629149245405,0.015441472686648194
27365250,0.005195308780121312,0.006990544827385149,0.003643805605795385,0.00423229379338182,0.013953755119520617,0.8939367303182458,0.022158612147721593,0.021694012740555383,0.028194936667272893
27365552,0.007264554400458573,0.008393556907771573,0.004878446149437876,0.005602532715737828,0.029767123011778418,0.8415252609060828,0.005634672163812758,0.06234781726880612,0.03458603647611406
27366111,0.0016118373519514676,0.0024857998396256254,0.0017869047172434887,0.0008604856208726335,0.0014409825938070996,0.21743687229798644,0.7637530075080448,0.003827581237801625,0.006796528832666919
27366386,0.0016988363047577705,0.005026578260151184,0.006290044326664615,0.002143802906340146,0.0018304640895154525,0.07458046650636237,0.3751433045499278,0.004359901210600727,0.52892660184568
27366507,0.0024370817914315442,0.0059026871521553,0.004735641185785518,0.0019630220302816566,0.003226674234099422,0.8765569929975126,0.054180320083073656,0.012822305779799285,0.0381752747458611
27366966,0.3558017746968339,0.007603171847580263,0.014785608824501069,0.010535189521432719,0.04209278400679939,0.2811395185076613,0.006456013920225885,0.10544370809386094,0.17614223058110454
27367127,0.0017381794432750881,0.021862932152207425,0.016222043583999937,0.005671359897185695,0.012329273761037792,0.8589411058752265,0.03216562926142309,0.025585463484934946,0.025484012540709537
27367178,0.021417516441199276,0.005029390179862074,0.006225044349278432,0.005279713055775502,0.026019390297022663,0.8134484159405686,0.006787315813924255,0.05702643820394469,0.058766775718424494
27367188,0.006431271413554108,0.03993012808931149,0.01979157121098006,0.010103651537333683,0.021994046977500542,0.7984947583843991,0.009364945848878946,0.03005912511452145,0.06383050142352065
27367228,0.0021226327611361634,0.0072709329948873035,0.00268445358916946,0.003088642189784307,0.009349155403663661,0.9261111463751867,0.013989428458284835,0.012647682493016035,0.022735925734871498
27367284,0.05009939225135873,0.00720185223424607,0.008988706710536797,0.0095407461876972,0.0347288745559335,0.3496212909054818,0.005857804157560674,0.1615088639275138,0.37245246906967144
27367352,0.005988381385760591,0.009744394692745855,0.009013943253945951,0.007335829949021137,0.0422037594653417,0.7977490245898986,0.005130905709506143,0.0501893690717533,0.0726443918820269
27367406,0.009594268989454775,0.008250518907810412,0.0045688065129912995,0.005664803116126447,0.027444739749570603,0.8464397888271629,0.010695844572917324,0.04780585729889996,0.039535372025066344
27367412,0.001433232213064784,0.002605483410382965,0.00508749918412245,0.0013549946881825413,0.0010363243494622685,0.04024088312698443,0.21638254791668507,0.002803929364592474,0.7290551057465231
27367429,0.005734339314420325,0.012646742849872116,0.00483561161835444,0.013045484140907587,0.034437590250605776,0.7057449400208635,0.008079691890732115,0.05187647753523419,0.16359912237901003
27367566,0.004727986967358447,0.10662624737550089,0.026109860527805756,0.018780429725596116,0.06407795200188904,0.26925880537010755,0.02679290058494837,0.022430835524312544,0.4611949819224813
27367614,0.013653626878210529,0.010640462145589738,0.007164307826547777,0.010159284092802416,0.33810911016594775,0.36940021849936006,0.007716605905245897,0.10560082178516023,0.13755556270113553
27367674,0.0024303772119044624,0.008384031348073192,0.0026871700403037634,0.002926262453520272,0.011788954029286218,0.9190753051762481,0.01638945047368614,0.014394153900208971,0.021924295366768785
27367750,0.0019688411121749827,0.01099455278404224,0.0030094243216641295,0.002998195814417088,0.015797559369173427,0.9151172116179899,0.012332878329038658,0.015631256161395986,0.022150080490103634
27368203,0.00295961399975259,0.02319368108754248,0.0038719727571273816,0.004087593947103525,0.01453869568343213,0.9172043549281192,0.014855743687116396,0.010322275160272247,0.00896606874953403
27368824,0.003034672184777946,0.006948542359171165,0.0034609605089388706,0.005345746654580128,0.01401664347485341,0.9057704827515777,0.013707040097686201,0.013794638880355896,0.03392127308805871
27368825,0.002888500427787642,0.0063093470756600874,0.003103176791013854,0.0032972138649980626,0.010216677526924244,0.9198228871610645,0.013249469582609027,0.014736502255638521,0.02637622531430406
27368872,0.0017124635139818716,0.00903269634983898,0.007847676084877589,0.002058771094165034,0.003255893361594839,0.8911208605259496,0.05188668817812407,0.0070452474446860746,0.02603970344678187
27368884,0.002450262189877969,0.00784580554545642,0.0034134019067590315,0.0048122521048538725,0.01156578210836268,0.9023710178923177,0.02726175112211274,0.010553424157282092,0.029726302972977476
27369018,0.004075105779845949,0.009552146619359223,0.006696521658242323,0.010093892708751714,0.020605805833581108,0.849072498697011,0.007952746128299663,0.01917249329595938,0.07277878927894973
27369072,0.004942664897919902,0.004853059326760794,0.005549004506741009,0.007002479407377432,0.01903991586674345,0.8328609755143512,0.007044592988556644,0.01752734243941579,0.10117996505213385
27369084,0.002812553168674067,0.0028742725957739135,0.004098019455527358,0.003154767264385623,0.007453556682548546,0.19045166682028747,0.007165775646908982,0.008039389131325302,0.7739499992345689
27369294,0.032657960696038366,0.006284871102860507,0.009248406594430552,0.022827646814060975,0.03343220526911682,0.4433427434039585,0.004512856139535071,0.04014805852241778,0.40754525145758147
27369367,0.00213935259233904,0.00553226319454486,0.007417730541879142,0.003162887721206278,0.0027956895729570846,0.1647123395387565,0.024733416178764695,0.00816115074227995,0.7813451699172724
27369384,0.004563485348843443,0.004491880925917897,0.004623972840636571,0.005763628894479516,0.013824181110346527,0.8333006512574144,0.007201775913996622,0.01979000957843371,0.10644041412993122
27369473,0.004178738905305308,0.005257936828180237,0.004061095858852796,0.0059759443951725,0.013278766419512608,0.8561993831327381,0.009441232538567886,0.015147197946369264,0.08645970397530123
27369484,0.001984392124709806,0.010918633928781873,0.0026782107528793443,0.004389136770446307,0.013012807238351715,0.9117812639352372,0.017354634340578493,0.009358720037580325,0.028522200871434946
27369510,0.011607471373038108,0.017789634298078904,0.007862762898457942,0.010499634769607514,0.011334603281981872,0.8500628122473435,0.010209213675199556,0.018946166382450745,0.06168770107384199
27369542,0.002558596456891343,0.007124812932766586,0.003840561933409389,0.008960772381580592,0.004687501445955621,0.8871965566622925,0.01848624076762443,0.012417162812800454,0.054727794606679085
27369740,0.0030962052155953748,0.006875963685330367,0.003847889473249398,0.007816761277595946,0.005581493419870913,0.8767310545194937,0.023030743442733762,0.011867946797738713,0.06115194216839177
27369907,0.004599581997784396,0.0050559175577487335,0.004365999193184593,0.007496449902912423,0.014514266375054716,0.8523153804521727,0.006701239563548499,0.0153623507292896,0.08958881422830432
27369950,0.001485525127737781,0.004907807644824769,0.0026078186215903,0.002236492651840951,0.0022853840174127476,0.9038625213450142,0.03622207931694805,0.008452375639306136,0.03793999563532503
27370005,0.0177671507282817,0.014327923323186057,0.006443302589580565,0.004795424686824933,0.010050536400760531,0.8606862199221849,0.02062414230327123,0.015126166519955976,0.05017913352595415
27370052,0.0012728445013159393,0.0041107788217200885,0.0033462562328005754,0.0016280538892806476,0.0018569587685048964,0.8899116527839761,0.05629497662793117,0.006515388079220267,0.03506309029525032
27370070,0.001554207240551379,0.005427947033878469,0.005521602399323337,0.002690181389197053,0.0025236574854661667,0.8448019794509563,0.040414992305595976,0.00852546339910537,0.08853996929592609
27370308,0.0010084596196850409,0.006900070840838361,0.0023963762546101663,0.0032887087462051237,0.003050796248810162,0.9216297677104546,0.02655046246693836,0.0059689972955265895,0.029206360816931645
27370697,0.0013011112528414294,0.0056173039584163096,0.003795563564031248,0.0013440630629262627,0.0016250078880600909,0.504175749246143,0.40353097059970866,0.005134064816900768,0.0734761656109723
27370787,0.002172783679543514,0.0029760254264853854,0.002420421185167685,0.0011812485558931316,0.0018233104288671769,0.18353607667483837,0.7789851232437821,0.005328763575810274,0.02157624722961239
27370965,0.0030440457906345986,0.003358775940739699,0.0043987706254453715,0.0012519146936634902,0.0019092705231733378,0.29450720357237525,0.6571704428428758,0.006126915852284663,0.02823266015880776
27371182,0.0008642895493202008,0.003850940900733739,0.0035036369268372797,0.001259991621396956,0.0012171075784834194,0.8624753568366228,0.0569301258956739,0.0034892456188032267,0.06640930507212846
27371273,0.001119114212931724,0.005663390144511933,0.002665476390394612,0.001304377145181097,0.0016140629873687498,0.8762567314079837,0.07954129654736278,0.005578103512363524,0.026257447651902025
27371457,0.0008193114489745871,0.005754024775703456,0.0045816092180519285,0.0015031005020616638,0.0014676722852185466,0.817151547923602,0.0932048525752612,0.003428986900253661,0.07208889437087282
27371771,0.0025742541778274036,0.006110260598087768,0.006534200622988565,0.0044527589098743835,0.008706450279765564,0.8019131215865737,0.010681434651249554,0.011879600495035943,0.14714791867859708
27371882,0.0015840897195218463,0.00963144506034243,0.004552056338601475,0.001814079957553569,0.002373244141825647,0.183657219743408,0.6043674150961382,0.006925427583720665,0.1850950223588881
27372009,0.002786203361197356,0.014215361894324794,0.012918985325918998,0.006987628543056971,0.0030819219614476243,0.05759523941500135,0.008956705251470274,0.01388524253747982,0.8795727117101029
27372036,0.0027683326878755357,0.008299800011760594,0.003157937039750651,0.006154076964145926,0.011568350454687416,0.8961398691806283,0.01095956710826627,0.013643510171913733,0.047308556380971686
27372357,0.005113384204999025,0.0203465961166528,0.006608058345270597,0.006075523704939085,0.013145101098285063,0.866826271909491,0.03674093348879504,0.012650653248730439,0.03249347788283684
27372387,0.003639124495254003,0.008173218902255521,0.0034069747238580058,0.004028468499769669,0.010580227042235806,0.9104446308890695,0.02097685370034944,0.017335036588060355,0.021415465159147794
27372467,0.027717142158078762,0.015096510617063047,0.012247215142186954,0.010260780565087387,0.007708806197558242,0.08434673337243306,0.01362462850322056,0.01985117318139521,0.8091470102629768
27372709,0.01976146717737724,0.012521740506921144,0.01243632419003578,0.009309947750708075,0.008724489050771521,0.40474145187780985,0.018860510756315178,0.022168560858566715,0.4914755078314945
27372849,0.0010874318872914816,0.005951718814033202,0.002408120235447913,0.0011988666782004307,0.0019281270628396657,0.9367190775886467,0.028242164606906848,0.006158788933126311,0.016305704193507534
27372878,0.0020041970892219494,0.005610378636359336,0.00782396500455758,0.0018666546552685193,0.0026109284951451425,0.8579955739395577,0.07227374094565227,0.00654207819349043,0.04327248304074708
27372953,0.0032933137056504595,0.004353957453733446,0.00398355707942313,0.004700919711522757,0.008650574170687556,0.7859942503064057,0.0069910867232441795,0.017835357297338962,0.1641969835519938
27372963,0.0008916442197965969,0.004366835193128863,0.0019062503281951047,0.0011506005620541917,0.00149463439167405,0.7371748986008037,0.23085031077995588,0.0047016601992389195,0.017463165725152795
27373251,0.0008151889398861743,0.004622049002602726,0.0017155639212606164,0.0009626878925887746,0.001420116901751756,0.9301203229826615,0.04675968343796439,0.003986959667837243,0.009597427253447033
27373586,0.0025796370162947673,0.006886451449113659,0.002624845311416786,0.004010462831568591,0.00868051588520662,0.9157427783586536,0.016786084152653088,0.012617188209478018,0.030072036785614945
27374362,0.0007904602228902911,0.006621094751853397,0.0024002784757402446,0.0015494845969451284,0.0016991565452546956,0.9267853121987808,0.030116529528285797,0.004551543302469713,0.025486140377780006
27374805,0.0016076401460486437,0.0035459879285096862,0.0058129473444135825,0.0019714052063853106,0.001588143566188819,0.053614663214341024,0.0322635304759941,0.00509089003052976,0.8945047920875892
27375784,0.0017432785990252361,0.006402018816203988,0.007118642619966131,0.002205792743408366,0.0028083783020589996,0.27200087624749836,0.6145526502428631,0.009675568953269676,0.08349279347570616
27376400,0.0009659384265778916,0.015496565182393117,0.006892310077706862,0.0030724908080400543,0.0035775914223897614,0.7783257379843415,0.027039082937235885,0.006550408039577681,0.15807987512173732
27376981,0.007191954119698757,0.0035635309753924535,0.006446459788185971,0.003512301204645773,0.0030789540774167627,0.7144637375072764,0.022505808035168887,0.016013675603234814,0.22322357868898018
27377219,0.0095763824436464,0.01738967285061516,0.006324251046167441,0.012115158520367259,0.01787301229691866,0.8682606927477856,0.010324643623636947,0.024004810691197125,0.03413137577966529
27377360,0.0013423414666177051,0.005063028901268135,0.0018168359873195065,0.0027408231050841014,0.0037601314876770514,0.9302842007003229,0.028499605010565324,0.008165680493776752,0.018327352847368483
27377477,0.007715405472362735,0.01461811696728092,0.00597851365377257,0.007165103320713169,0.011950873132986409,0.8658079596118078,0.015163320421748672,0.01740403897459226,0.05419666844473555
27377812,0.0017212667994325455,0.0053161277965743225,0.006371346572410811,0.0020954061204470353,0.002555912491074433,0.8242505019129882,0.05426465852299701,0.006009268023097523,0.09741551176097811
27377895,0.004161049350817673,0.004888472327791735,0.0033635739140563787,0.00235224932308025,0.004079509828428455,0.1504627349947551,0.7971374638414538,0.012588025866848191,0.020966920552768394
27377938,0.001089670289172542,0.004952106995856123,0.0018732010362754964,0.0018586960580947696,0.0021838440347844283,0.7535742135506001,0.20896946330410193,0.0063291560130794,0.01916964871803527
27377964,0.0043277900803668674,0.05330336837617022,0.008226789593871252,0.01036921752516436,0.03257564910771378,0.7864495567230672,0.01488523715972915,0.01306512301469811,0.07679726841921916
27378135,0.0015722707987010135,0.005264161086086274,0.002449291545353505,0.003346993031510267,0.0033314852550172655,0.8885596490322141,0.038122122557354775,0.00822449802497166,0.04912952866879111
27378200,0.0038599408089483246,0.039734557319799524,0.00631076822372279,0.010017948269975308,0.5269380371847866,0.3374301175189969,0.00909424363826356,0.05389463265587025,0.012719754379636733
27378316,0.0008229239276054219,0.007193807147992324,0.0016740867383860626,0.0015809200902309197,0.0029320132595236233,0.9549050056648358,0.01256191300326067,0.0077635828479882315,0.010565747320177114
27378420,0.0013160954118747856,0.009138721561274713,0.00580482831658031,0.00463866915328665,0.003037231907431509,0.8559177222099758,0.028970058032400516,0.00835069285733993,0.0828259805498358
27378502,0.0035172792696920945,0.048998422569211546,0.008715014939578552,0.021935653013692498,0.8029312616561373,0.018657666407036134,0.005015108684610904,0.0810790391538625,0.009150554306178506
27378503,0.0009289285997080938,0.0046619947235398956,0.0018536123081452892,0.0016191907783786456,0.001922879317925645,0.9184499890858024,0.04934813087053019,0.004045488265958465,0.017169786050011335
27378642,0.0027962651085860304,0.013354398497774438,0.03560800598038179,0.015397100370272232,0.006497377892156872,0.8369676012855896,0.022680724397942296,0.014906573296606737,0.051791953170690026
27378789,0.005350785723853419,0.022735234968885683,0.007276920423907189,0.011466174541842076,0.01980845314714014,0.8754121160955419,0.010445693327331165,0.01803666263334437,0.02946795913815396
27378854,0.009814820490159599,0.01608728621194082,0.02749709876802165,0.022692969192209953,0.012394580656873135,0.8282887054580265,0.008960546849032936,0.027973242171568605,0.046290750202166796
27378974,0.0013804801443973707,0.005433746901435056,0.0042674723849395095,0.002956206975689476,0.0031015282977825075,0.9125339612651003,0.03043667143805314,0.007784299287095548,0.03210563330550705
27379077,0.006093162063048576,0.02299018652431193,0.00679239019968198,0.007378335840905557,0.016043518284446074,0.8856861518973668,0.011994779652313412,0.017916355871950812,0.025105119665974934
27379228,0.004749140984341389,0.032599829254479296,0.013174118913167769,0.013880938667960217,0.027778084620868646,0.8521761885708423,0.009806607863203736,0.01955595846136488,0.026279132663771666
27379256,0.004692997210837177,0.07101159357686877,0.015142624947529486,0.022999321528954373,0.7802073020227587,0.02466279902241788,0.005153298654005059,0.05223202967219614,0.023898033364432532
27379305,0.0009528903127818559,0.009067095886182756,0.0025923164922366485,0.003009967418938679,0.003092513086786231,0.9048146670950208,0.0480801152069317,0.004633359609270476,0.023757074891850898
27379676,0.0013762562772714857,0.012129110699550144,0.009104192167511904,0.006783948043727787,0.0036201236102268086,0.7490945225393173,0.01763824421044651,0.010972155563827659,0.1892814468881204
27380172,0.0036252040093100028,0.23713059969685554,0.008452558336989205,0.023251782094462305,0.6367864513670657,0.05369303808925541,0.006473340152961634,0.019513314493312874,0.011073711759787344
27380754,0.0018779498943657226,0.006736689267587305,0.003716872592635935,0.001929657434591895,0.004130047415530594,0.7628349297975283,0.18746373015598575,0.013691643583317968,0.017618479858456604
27381012,0.00356985441419644,0.20138316993811733,0.030314100835565103,0.1017190319925773,0.06105752677810155,0.0922038790197647,0.01615455759960223,0.249897931200237,0.24369994822183827
27381985,0.0017717478167554226,0.006071141031097754,0.0029500565941972335,0.001503446056059822,0.0024611393271719243,0.7288433261614689,0.23996218823766738,0.0072266412086039854,0.009210313566977558
27382085,0.001113484082287086,0.008888616212714357,0.002614907234358554,0.001749796101501924,0.0040768109598465834,0.9320269613858729,0.027358282899273927,0.011493829933192388,0.010677311190952214
27382536,0.0006153233710238481,0.006277316724602774,0.002117374893105001,0.001636557802117898,0.002325133684590781,0.9592566648626942,0.012920342707242793,0.005494739401753119,0.00935654655286946
27382956,0.0007619757706261804,0.006891359392110577,0.0014041449999642906,0.0011453008346102576,0.002303262397576276,0.9578341859048904,0.016459750972068997,0.005041581448189951,0.008158438279963012
27382957,0.0020335009444769473,0.0024606384652991475,0.0026146019358331105,0.0009112951091701316,0.001289596836912944,0.13796721424489872,0.8326844442730572,0.0037057739966063407,0.016332934193745374
27383026,0.001158052201138995,0.01759877707322927,0.004590266410066418,0.002164273090301172,0.0049601287825722104,0.9308276616928642,0.01405580195839572,0.012528283492285524,0.01211675529914645
27383801,0.002774478350914047,0.039495413071615124,0.00584074899680836,0.006356490323944958,0.03355867526983356,0.8787355768850911,0.009412533650163805,0.014695077312801305,0.009131006138827785
27383815,0.001064834672190226,0.004316083597544214,0.006878972355946893,0.0016347221972553283,0.0013045182758577416,0.03576831243212559,0.059026068610273916,0.003829001754423771,0.8861774861043823
27383952,0.0006783538238116601,0.007328597594340739,0.002367348750070791,0.0015068162846282704,0.002916843436882052,0.9578420569210333,0.012998124207631568,0.0066711818884106315,0.007690677093190939
27384062,0.0009977651533555345,0.010784790012502961,0.002551568907943279,0.0020140160598894463,0.004588784882995632,0.925479514162014,0.030175354666028505,0.011499681482764913,0.011908524672505695
27384064,0.0018576434889713658,0.008483900544858354,0.011188178328563303,0.008438214420381387,0.0027173101104690203,0.01926202064361521,0.005614509879013874,0.01263047096337999,0.9298077516207475
27384208,0.0006849771015168425,0.006058016203579298,0.001864656643753813,0.0012318521778620294,0.0022573872007662795,0.9577393910076881,0.01428177931764826,0.007225663286674056,0.008656277060511385
27385310,0.0028356214957112862,0.07078287199901996,0.0062992335522168205,0.02506267697260101,0.8439017783723581,0.017634245369407178,0.003315112969882302,0.022747786447528576,0.007420672821274774
27385431,0.0037118725007259288,0.005443394681790826,0.005420119866420665,0.0019088074988942868,0.004030547975298776,0.3027296133992729,0.6382690664943502,0.010815669145290184,0.027670908437956155
27386834,0.000866619051584595,0.005672911835886775,0.0025206157452483473,0.0021500007486067725,0.0022380439670849996,0.9137051634241589,0.03995896282737635,0.0038018154375052747,0.02908586696254801
27386871,0.0011966333366515622,0.005644756372448868,0.0067614170216261605,0.001988471612461857,0.0021163258892936136,0.8206767368986594,0.07730945463401429,0.004029110397362236,0.08027709383748206
27386953,0.032333412513088765,0.00969952597081993,0.010062394199617393,0.011559179218627277,0.010484859470390323,0.5563807353577881,0.026337936201261906,0.015130531753485062,0.32801142531492133
27387156,0.0015763246975127835,0.006656780986721737,0.006861294888627814,0.003211658061274455,0.0025638238160622154,0.84629043467494,0.020729888872203645,0.00784120454612724,0.10426858945653017
27387223,0.000958440475275644,0.007448471684146736,0.002790500258176012,0.0023575213221467524,0.002412392690291347,0.891330308613068,0.05072681419369628,0.004217537124425661,0.037758013638773597
27387235,0.0009145222006145586,0.0053794286195832305,0.0021122241645109333,0.0024259186581394917,0.0025091756241701676,0.9401267834873409,0.017883311424759744,0.006879004465354601,0.02176963135552641
27387356,0.0010307352470449714,0.006173009907999987,0.002168313398228934,0.0030973018385962643,0.0028583385726118657,0.9244483340345176,0.02801769158874059,0.005590303126254977,0.026615972286004846
27387432,0.0010804301700244388,0.005749203899546155,0.0021319061890452103,0.00275202587055,0.003000987441502758,0.9347726450638341,0.020367896641188755,0.0075502894339950855,0.02259461529031347
27387490,0.0011922928131637286,0.0058084133725710505,0.002586293994958846,0.003814234688488155,0.003262309132859636,0.9326988478648114,0.013514886842485929,0.009979405828253747,0.027143315462407606
27387609,0.003313366307432939,0.020526494737468443,0.005255227645240208,0.006913584758483956,0.01636738666087744,0.8962139192258309,0.017134082329152867,0.011023118791067056,0.023252819544446104
27387894,0.0036139153162307314,0.0030389592601652326,0.004953537115157903,0.002120014170501668,0.0018144861988073039,0.023733037161169833,0.07969025592901455,0.005284551172279699,0.875751243676673
27388061,0.0034549359416548887,0.03351715448283909,0.0041640780397341716,0.011319979433258227,0.02948527559073985,0.8740285849935793,0.009965223625156373,0.017286382895195275,0.016778384997842927
27388363,0.0017509187051651372,0.00850351265221313,0.01268708006118116,0.0030531398838331944,0.004282932974893133,0.8789907194455706,0.029105867716775334,0.012094192034245766,0.04953163652612254
27388419,0.0008409148872797376,0.004289227022614602,0.0018908249172566501,0.0014439824393072303,0.002101225482938287,0.9590060463952028,0.016048893769378483,0.005665014365959144,0.00871387072006297
27388672,0.0023612457925036023,0.00609463068805904,0.0033772703539661285,0.0017766882764340723,0.002846541295760565,0.8194168592969742,0.11882550073873283,0.010649973909752903,0.034651289647816545
27388700,0.001441893876703279,0.007873981005627584,0.004994874935629363,0.0020703322286613904,0.00232593097007628,0.9004811330910304,0.03789486971717819,0.011188856357106121,0.03172812781798746
27388816,0.001260573441890845,0.010822764380068255,0.004393309095166745,0.002059858598771166,0.0036978752128959042,0.9151875856646078,0.018550836300061928,0.012586649245567013,0.031440548060970415
27388912,0.001180454113871277,0.005014544124970574,0.004768036690452791,0.0012520419105921466,0.0020083961774725527,0.901152892861723,0.051660779920460774,0.005072305987399618,0.02789054821305731
27388975,0.001336476639183041,0.004196258492818499,0.0028613978786730726,0.0012978385160298974,0.0018189490354724757,0.8376182570491306,0.12019947508202221,0.007240001160367136,0.023431346146303076
27389262,0.0023241264448593773,0.06596288473565548,0.00426948308568988,0.008177955698223594,0.03875847002131086,0.8438495189888346,0.006470407536619479,0.017163327338063743,0.013023826150742775
27389386,0.009792996429415076,0.01379989724989849,0.014643814752953956,0.006779822699678791,0.007729140218513112,0.3130866968363387,0.02806155906084615,0.013147647238927402,0.5929584255134284
27389936,0.0011951268010925995,0.006098840220382227,0.005303030134441339,0.0016159771957528892,0.0021600417978564265,0.8814932702832539,0.06506012944443533,0.0044505292873808465,0.0326230548354045
27390071,0.0008199673518353274,0.006411443261073747,0.003669232930033891,0.002292009330030475,0.0019566536128151,0.8724754476494334,0.02873371739352059,0.005650162929541996,0.07799136554171543
27390223,0.000721625488812004,0.005709383654112904,0.0025267824829126114,0.0013492242464928782,0.0018235666327267876,0.9311569739880496,0.030308117211929286,0.0043746706199337074,0.02202965567503005
27390271,0.0006190042256891759,0.005430646437720081,0.001703244411968132,0.0012330085667072287,0.0017288940711917557,0.9333264249010944,0.034281218197075865,0.004084827924693023,0.017592731263860364
27390291,0.0009959675340895859,0.005459081118016746,0.0018616681484896465,0.0018834114040050978,0.002647663477398614,0.9474990043299731,0.022366110527676297,0.0072809302519636345,0.010006163208387216
27390319,0.000846342613548895,0.003890725259974033,0.002141520212357118,0.0009962073390300456,0.0013874632572471069,0.9086618576047956,0.06281630062891232,0.0050475861852302675,0.014211996898904716
27390709,0.0007129618944957205,0.00423091341677811,0.0017658094871984885,0.0011086557845575355,0.001304316990645779,0.9321577794772242,0.04007873658595623,0.0034690263381515966,0.015171800024992362
27390827,0.0027160327855520723,0.03046362602797255,0.004073777510570099,0.0064377909417123865,0.020677187346166262,0.9032942963138204,0.009133176545556232,0.012988468811240191,0.010215643717409925
27390828,0.0013912351127776592,0.0036149071147715153,0.005269597102373835,0.0018841420643834076,0.0013367851526530862,0.04612639984664536,0.08104649019075352,0.004882548753904387,0.8544478946617371
27390876,0.0033669069722835243,0.03459027488165415,0.0071476606907790235,0.01246909678101496,0.028013053090527536,0.8442856077456025,0.009084711563092037,0.02363228959802888,0.03741039867701751
27390943,0.0010974733854094629,0.0056894674992810194,0.0016702969024090454,0.0019233413811893653,0.003092189028141916,0.9385443557677249,0.029936268081033262,0.008429708560572903,0.009616899394238147
27391118,0.0014769418590656852,0.009960698484059833,0.009067319836492461,0.004367480160504885,0.002460936327055233,0.746898569304652,0.03839301019430619,0.007170942123674073,0.18020410171018963
27392023,0.0011793887501542202,0.0062371640296361615,0.0024401930596948253,0.002407920842659482,0.003989100928269715,0.940843229286983,0.023646826821845365,0.008768475259781581,0.010487701020975604
27392399,0.006320978862693684,0.010963592176101055,0.01256804343819061,0.008806110316603505,0.7932265088469258,0.03338079583057894,0.005005312300247773,0.06049295291523195,0.06923570531342667
27392410,0.00404744645710159,0.014077455084201235,0.008794082203083912,0.008255996210954571,0.7438800908077361,0.02902531484741273,0.004514328772048192,0.15550848683530832,0.03189679878215333
27392878,0.003989816581483374,0.014095678273723253,0.00794534619478849,0.007621553892294516,0.7684876577544145,0.029188836363457326,0.004627765557651087,0.13511032261125233,0.02893302277093515
27790720,0.0020067112127338804,0.08747365487090511,0.1620705527080189,0.06493426191759823,0.011491555242713477,0.04494314093486104,0.014583933609209102,0.012299049952985652,0.6001971395509746
27790957,0.0042310311501772046,0.06700872496678642,0.009859858681665435,0.006766923881656212,0.07866726467283099,0.6747635974691689,0.018939746240754025,0.012009772014371669,0.12775308092258916
27791208,0.0015222685264364689,0.0088201383102199,0.0036682318102427545,0.0038133680090980137,0.004466353309169296,0.9136621380799133,0.028533107390312326,0.00749197737765661,0.028022417186951264
27791358,0.002091360394308012,0.28725548754441244,0.06311227678451768,0.056346610944150034,0.01295344183794875,0.054754960911747606,0.008801600561619397,0.10212720851230002,0.41255705250899605
27792402,0.0011413098516903164,0.014803984190926461,0.006439875326507873,0.0036935837222207514,0.00401109292730066,0.7446137462924808,0.026918701378157432,0.013444999569993071,0.18493270674072265
27793377,0.001238558484041632,0.0050134380687515455,0.00385387411205734,0.0016143999273798113,0.002610082528941326,0.9268753583864333,0.025155055612166494,0.007841589003054455,0.025797643877173985
27793451,0.007812866654346133,0.0344092990857492,0.019376253825054708,0.005705011822896603,0.027559022581907008,0.842982596368123,0.011030062089256894,0.014791371534349841,0.036333516038316714
27793481,0.006208265273384487,0.006886270493485795,0.028437040600142904,0.005404883157278769,0.008781491945912986,0.8108691277497337,0.0107179280263661,0.022097526136968852,0.10059746661672629
27793513,0.0026357905928131287,0.006842577595358404,0.009208009624338584,0.004396728356292191,0.007976261654737077,0.8966265819575818,0.01663852126668073,0.01694436504605404,0.03873116390614404
27794044,0.0023727630093719736,0.08084898470037921,0.3429368736171417,0.08977757957437096,0.16167817364369316,0.061694350155220054,0.010040001096518338,0.09162660135479268,0.15902467284851185
27794964,0.006458527724582271,0.007881097435712744,0.07622050442788075,0.012625895486040862,0.012266505272300502,0.117666360907715,0.038291542747963744,0.39685526845613844,0.3317342975416657
27795733,0.0018378721730483278,0.010291817082328104,0.006523545238136652,0.003952718012435241,0.005724356193081267,0.8466570416617462,0.0799086298569277,0.013254932510375975,0.0318490872719205
27795764,0.001486008251603821,0.010086965361580685,0.0069157384316461635,0.002881212341656227,0.005523868871832122,0.8957392431932962,0.025977406764452905,0.01302640130258229,0.038363155481349456
27795783,0.0016637815826974509,0.010238282086569041,0.006439808090077409,0.0035742095230215315,0.005375088219437719,0.8982687211652621,0.029582193905134557,0.012168742280563104,0.032689173147236975
27796951,0.0019233613590292405,0.030286701096123123,0.29542072777674144,0.018487718210922693,0.016389936515365106,0.11684098390200233,0.014428719052132818,0.08005228891456408,0.42616956317311916
27798374,0.0011262895584826075,0.007113860790477618,0.004096208002652008,0.002156207163030769,0.0034503925761530992,0.9375465250390463,0.016790066239151444,0.0068025671497050815,0.020917883481301133
27799672,0.0025601694571917217,0.01249622743463964,0.08571374046196824,0.009472356649870225,0.6099526916190036,0.020131281409023778,0.0029114224110437428,0.13794425617875908,0.11881785437850004
27801031,0.0028008723115223104,0.012734608145842525,0.02395544139570563,0.005625231001607119,0.008934468783759019,0.8598235445016926,0.017713152712807496,0.019810437535730547,0.04860224361133271
27801204,0.0029477137843939172,0.010851499369530978,0.015040212922280647,0.005991798400111515,0.014422549454028393,0.8375067767690301,0.009602985112579015,0.04050683157395086,0.06312963261409475
27801229,0.002025351922888522,0.010013062941284265,0.01467606481654693,0.004094001495231136,0.008836513042836973,0.8909213334198463,0.014671728186322114,0.018905758687241186,0.035856185487802755
27801344,0.0017420695051061225,0.009260571929005644,0.01798187096746368,0.005817786002552667,0.011877209085709647,0.8814071225822937,0.008905607569633444,0.029999272011237737,0.033008490346997224
27801359,0.0026100079957094785,0.010167021294298402,0.014236451935187931,0.007183210338462517,0.011131933679381409,0.8253484185964004,0.012126813383082597,0.08409025262070123,0.03310589015677595
27801598,0.002208016783707392,0.010798254674619659,0.013457727191739497,0.004185116956166486,0.009096062668477579,0.9040754178323296,0.016269675349400468,0.013794165973695113,0.02611556256986414
27801619,0.004860397617325562,0.0238815208294611,0.0061977081701407866,0.007724570502809108,0.05723830905576573,0.8568783042990732,0.007712045445493342,0.017616089958605523,0.017891054121325634
27801782,0.003718835138296278,0.01488535373916274,0.010010776206477837,0.0075578907070868,0.4664427788715452,0.0200650056486633,0.003208595091398747,0.4634600256354926,0.010650738961876434
27801901,0.0012627750512672672,0.010794230786864902,0.0038857382325985994,0.00288097162502084,0.004119097362296248,0.9201875904413999,0.021605128356976474,0.007191876719578868,0.028072591423996884
27802189,0.001591190315275721,0.08961577871251734,0.011559262009217157,0.006651034945718314,0.004430317443830122,0.16600280161505,0.04433782992182703,0.021394567373854256,0.6544172176627101
27802195,0.0031776732927657368,0.05231789932672774,0.00998653892511625,0.009067893560593612,0.8450170133377546,0.029993143218263282,0.004112359767210383,0.03598765230257544,0.010339826268992968
27802286,0.0013775996865591838,0.006601177180551964,0.003968267137727114,0.0019064806004469464,0.002979028460419347,0.9250907528404784,0.0294398012349983,0.008241567398956158,0.020395325459862456
27802800,0.003914360118652878,0.03043540947543745,0.007429540967546062,0.005393086088928914,0.060273852172213226,0.8526331966915657,0.00898405350489998,0.01778456600022336,0.013151934980532435
27803111,0.004735080843623026,0.02902343238728174,0.00905321361909703,0.006356648509323174,0.05314189004423812,0.8578412888106952,0.009247372943141525,0.016920232158542676,0.013680840684057446
27803670,0.001089150285199896,0.01430592675315532,0.0033632398219254644,0.00253844313779272,0.0036339197965606744,0.8991496966156471,0.028641011399226746,0.007132858119374037,0.040145754071117985
27803730,0.0037172382604143193,0.011687612439036288,0.03511627131888193,0.015293371346107865,0.009269551911931974,0.056614550192148665,0.006435425223585172,0.07760036605588991,0.784265613252004
27803742,0.0021937643775390703,0.027423304560168893,0.05280075824372571,0.01743890161790915,0.013458201295012209,0.26592067187031715,0.010888427010956098,0.17065014503331466,0.43922582599105703
27803824,0.002893971381244663,0.023625636160920786,0.28505209755772776,0.08931620743009054,0.017495653092667884,0.01188755628208132,0.003888918456620675,0.3265455698805064,0.23929438975814
27804016,0.00203099182530418,0.06087396673329755,0.11072120208482408,0.013572813196798636,0.006061931671774363,0.032166452614460925,0.013749967890268265,0.02364966580725144,0.7371730081760206
27804050,0.0048865206654812145,0.0053499213141515465,0.008849593416618591,0.002556374269105196,0.004899690155042767,0.6144528997441938,0.27819556191494677,0.029580944222981527,0.05122849429747863
27804383,0.002307931102353996,0.07806128687986984,0.17996412653134286,0.019399860564868747,0.006894998172985433,0.07375075920178216,0.015319370838996517,0.062116880176555096,0.5621847865312453
27804571,0.00448143806272349,0.01333045092031329,0.01722641734778976,0.009084210232981667,0.4669965533205638,0.011677547256475896,0.0025961170598828845,0.4639381806520602,0.010669085147208946
27804578,0.004699753418566506,0.014499638758497099,0.020214045155637957,0.009546875357856897,0.6772368031857354,0.011564883543696235,0.00244842710699303,0.24667680175440085,0.013112771718616112
27804632,0.0043388512134061264,0.01835066124781363,0.024180190918536692,0.008209372000197803,0.6084296675817153,0.08333843438397935,0.003423882586747191,0.23651216431453903,0.01321677575306477
27805015,0.002785329564565189,0.12259425791218831,0.09670946542804496,0.011505504396741244,0.5399914779941949,0.01712368102780368,0.0038364928354824826,0.033778674443891175,0.17167511639708805
27805077,0.0025134356410890357,0.0161571631569481,0.009686704792318807,0.008373622726456354,0.8437356363932302,0.00991984631726217,0.0020026770395943317,0.10031770136140392,0.007293212571696933
27805095,0.002398103589657351,0.017101258589205623,0.09331664302418022,0.0217396637431427,0.7237166925672023,0.012795481903057486,0.0033280535851024228,0.025481888607229775,0.1001222143912221
27805289,0.002581675723540786,0.09933093024663268,0.08430219501510412,0.042335201294199,0.2447902756176228,0.02137477187120613,0.0038250750190007214,0.2709404633973379,0.23051941181535587
27805344,0.002536518870616485,0.024050086434287615,0.07470537003557666,0.030892053732091806,0.1945462278627464,0.01513150162395681,0.0028892438507810746,0.036632347590499416,0.6186166499994437
27805716,0.0018254236991538024,0.023390513945454165,0.008400392115516474,0.008489876919805867,0.8374280598668191,0.010078974634536804,0.0020906102789389563,0.10416391684475036,0.004132231695024309
27805813,0.001384753105448782,0.006497492525190495,0.007254349948853464,0.00345350546024423,0.007185344093071957,0.9266516206381025,0.01357690884203317,0.014628967339088653,0.01936705804796666
27805896,0.0016630530587513318,0.008439635965391157,0.009645501012388867,0.0025267589870870562,0.0024409654090435206,0.2669013820808955,0.21751546693400925,0.0068189686592994405,0.48404826789313393
27806005,0.0027857736270282033,0.00887918808722626,0.020409472045583153,0.0031376715909815123,0.0027101685533409774,0.16257480151163847,0.33722707033222193,0.024555122403352156,0.4377207318486273
27806354,0.005135880129777475,0.06852143908554352,0.14845799092351078,0.04940587570852057,0.3104859619464847,0.044787538759723536,0.007316596785290538,0.017491472074763717,0.3483972445863852
27806823,0.002272261108776413,0.07594750754033039,0.3266790815301944,0.03989224309965578,0.013856838846926785,0.015956364310572613,0.004496183338176882,0.06853734467910176,0.45236217554626496
27806957,0.003097744329271794,0.015619077950838828,0.10566670458891846,0.008898979685489947,0.026141037187996825,0.5554012546708663,0.008300547169732166,0.05935454181898621,0.21752011259789947
27807052,0.005021273786439589,0.012140493965308283,0.1129027023940518,0.010393185501268587,0.008492113731666334,0.1857308336741155,0.00980053647308971,0.14107501528667024,0.5144438451873901
27807477,0.009524094932405965,0.12061637609800736,0.021117374761155886,0.007504783268559587,0.051740951683461975,0.05030570834100462,0.014117573681624227,0.0474821583942723,0.677590978839508
27807746,0.0023841621415456975,0.32075492122808313,0.39571171299819274,0.03977131702033484,0.03840172059721767,0.032004891822388276,0.0054624771369952505,0.13603202999236097,0.029476767062881378
27808162,0.0015588220301482375,0.008679920389141766,0.004878182350962918,0.0035940372350366646,0.005552068802079878,0.9318455794589606,0.01764782123166089,0.012024199360675733,0.014219369141333186
27808218,0.08321246721526665,0.00562726245091105,0.01543964756331133,0.005052441503217507,0.008105280327692244,0.4075279979765998,0.023025358357120638,0.025137209752164127,0.4268723348537167
27808482,0.004587734475389564,0.07500842980571125,0.02421305416088942,0.02094760285652166,0.11137198158612806,0.6256561478296958,0.0064864204030542555,0.09089591217755326,0.040832716705056796
27808995,0.0035754159350691677,0.14493675406687687,0.08773050020937707,0.04975018405830042,0.013622755188570094,0.10231803676094658,0.008918677924002747,0.1766278141491972,0.41251986170765986
27809307,0.002072787146100208,0.014414262674052068,0.012677976244854642,0.007786015426747068,0.006529626950359304,0.8779478680188655,0.01733282165930317,0.013104176645530083,0.04813446523418798
27809673,0.0026950066951027074,0.012858640803879546,0.035757653502699875,0.009431811007075422,0.00795359432851062,0.7623588895170971,0.01442817223626407,0.02542508886560912,0.12909114304376149
27809679,0.0036445260104937204,0.027307400878826667,0.1970024543323416,0.026378752209465207,0.5699704500786138,0.02231774180015323,0.0029628489391411933,0.0263210314709414,0.1240947942800232
27809686,0.003082470992750937,0.04651725799771146,0.3085119060118833,0.0350076207556667,0.4179310561398869,0.017511352336333674,0.0032148390164105463,0.03271711392544011,0.13550638282391636
27809745,0.002854428055243449,0.05199982069647121,0.005374069903804381,0.005871722358563498,0.05039316124615337,0.8448415979658179,0.006433209696141154,0.014893860691742365,0.017338129386062526
27809793,0.009095489222853857,0.035975361158854066,0.011274182650132844,0.007289536051850048,0.03980175774983183,0.8479925743161572,0.010437057970569092,0.014636833657910051,0.0234972072218411
27809825,0.0014043146620615597,0.014116553484714661,0.004457349720720726,0.004360677801907225,0.005166895338489869,0.8940545087567118,0.03629271620115707,0.013563754260810829,0.02658322977342628
27809826,0.0015207648350213988,0.01839992764646303,0.008721908473976484,0.006683486261386549,0.008690966172938446,0.8883222102473399,0.010910308173753495,0.015068052193824594,0.04168237599529607
27809828,0.0031490240013233757,0.012575404058781065,0.016518508883222524,0.00921802067728381,0.0056141965803793705,0.8339368462545029,0.01410627757265929,0.01926096032136521,0.08562076165048248
27809852,0.002738704233092548,0.013390706542614577,0.011302309964793195,0.005012934047205911,0.03662856067817378,0.874318870651638,0.009331439528655013,0.019004272713126505,0.02827220164070035
27809863,0.002698061874059422,0.018639357430251108,0.022567757915377972,0.012373712265288389,0.7461569073350144,0.029576707619439445,0.0028992076761186437,0.11565045892672438,0.04943782895772618
27809882,0.0015672777876445108,0.009639647803943394,0.005351079854643543,0.003568825351637485,0.004164678034278489,0.9177661016912433,0.023383165023147093,0.007887042790563004,0.026672181662899197
27809928,0.0019366896232497336,0.012727447851366683,0.020492941333801182,0.004383350167525167,0.012955330041401751,0.8746059944546571,0.013200844171671458,0.031134102222854676,0.02856330013347224
27810395,0.009946818161190793,0.011946325696738983,0.05570054376341417,0.02954798364182222,0.009096784891028635,0.05714144028977188,0.008965265020117661,0.11761238749929052,0.7000424510366252
27810399,0.0037632952375731385,0.03485487473380585,0.004641903721777783,0.004726230265822143,0.059153733247316376,0.8592473444495958,0.005897743603070832,0.015067617345699967,0.01264725739533804
27810450,0.014437365632770198,0.007257944084409645,0.013937895828729268,0.006096923580952212,0.02261945304221307,0.09186075991186383,0.03093335705961787,0.013143468148393565,0.7997128327110504
27810666,0.001439082526101842,0.1616711348492651,0.025831768102358675,0.022083726238709092,0.020200111160147034,0.6477175176352024,0.00671303363150776,0.08048545129989398,0.03385817455681424
27812409,0.003842140317942308,0.07358065996079795,0.09639494400857983,0.04034841741789421,0.20014797811682733,0.023271845018481934,0.004284692687514313,0.3169452069933316,0.2411841154786306
27813952,0.0019973656112432787,0.5209214238655882,0.07964727675337147,0.14233973777838196,0.08061868008137159,0.04957103224686411,0.005823031116465819,0.09707689938626707,0.022004553160446604
27814181,0.004602656501207971,0.04871162245749934,0.009807778808374011,0.013853970071667216,0.6536592285921627,0.21699355018327546,0.00598588683229277,0.03515196549765562,0.01123334105586492
27814312,0.024378789804122405,0.0316809557417473,0.03992270397525448,0.04190393769531195,0.011076644041054386,0.014861993561848856,0.0044809460097487794,0.020540713852640176,0.8111533153182716
27815210,0.002693786108036945,0.01952109169475542,0.025811414435789635,0.014702996160886155,0.12921919808588983,0.5124700156630937,0.014162439204140358,0.2599601743146597,0.02145888433274829
27815778,0.001356035287244127,0.013506378733840632,0.006998766398923161,0.0043344953356793,0.009684470774742196,0.9210350962286812,0.009571663245785329,0.013676324204367983,0.019836769790736033
27816871,0.005687497865904754,0.04786029137694704,0.009603823348328383,0.007411943410302597,0.0420477165934021,0.8458071933393894,0.009444451977067437,0.014366701805702242,0.017770380282956032
27817050,0.0034904907367154805,0.016569885049348847,0.009100400570935804,0.012988568724373059,0.04815245560781092,0.8378980009795653,0.006785340585114344,0.01980612076724472,0.045208736978891634
27817111,0.006259791647646545,0.15801408379505347,0.019878828809443517,0.01642137589755589,0.05819613220719997,0.1127020639097626,0.01476911941137125,0.032535302165651016,0.5812233021563158
27817127,0.002014348080082552,0.014597936156388472,0.009457705297492059,0.006778387353138482,0.010124307105797647,0.8974120938284196,0.008926947710355517,0.01676154991204286,0.03392672455628271
27817260,0.005770639289964951,0.1060543616355542,0.01291822194392158,0.007914361860511043,0.18990993027205896,0.6307164956176262,0.004928079230850759,0.014928684911147325,0.02685922523836494
27817270,0.0021617662401181344,0.013493620540902057,0.007515317752253037,0.006046064054485447,0.010891647608936418,0.9037829421461152,0.015856315549316217,0.017595734707763936,0.022656591400109595
27817284,0.0025253217050238315,0.03648696267234487,0.2975515981410613,0.016411454564991487,0.006621800902307911,0.013283365500015867,0.00647483040432526,0.09153883646158223,0.5291058296483473
27817320,0.003977997333230227,0.044840133714080126,0.006794633880695435,0.006357714707192326,0.041836977663643735,0.8581661352343263,0.008160448932960387,0.015167880396264849,0.014698078137606645
27818613,0.0015440786798464879,0.021331178432117456,0.010506573257831426,0.006371321941476305,0.007921281545818807,0.8943761075245047,0.014395775855235927,0.012035300958162668,0.03151838180500618
27819839,0.0030337972875296867,0.09152886154923111,0.009082493259836748,0.007947324448862621,0.33583791341762426,0.03425358950122233,0.0029031862506205346,0.5069755723422249,0.008437261942847834
27819914,0.007857989930979647,0.05231290964964278,0.08983473536976219,0.0153385358120565,0.3452855135721632,0.0690955814725001,0.004017140952335359,0.3932566158174827,0.0230009774230775
27820106,0.0025241877207093093,0.009092310912275779,0.009843595085012237,0.0034646904260963803,0.003953515574971723,0.859646676477386,0.0594880356258169,0.009356434270650662,0.042630553907080926
27820127,0.0034093377292667066,0.016452265429000325,0.06383089135755682,0.0066300473473614955,0.008070469746719797,0.5174298171429619,0.013350289419968324,0.06813289919047029,0.30269398263669445
27820590,0.0022092694057554087,0.014922687531545497,0.011771646943146764,0.006295414036401285,0.006869063582843718,0.8994762351403682,0.020443867074282685,0.011441060089844524,0.02657075619581188
27820593,0.0020243590377795593,0.10809507991227252,0.5656487072718867,0.08795043016209081,0.11957107418730717,0.02038966282625579,0.008759376814939912,0.020765107229879454,0.06679620255758811
27820643,0.0023082657108130554,0.0143115718650286,0.011406436300825789,0.005574342344838134,0.010075797338430286,0.900618685195953,0.021530631896963547,0.01578269686969482,0.018391572477452694
27820696,0.0017389820064307674,0.00990822420766897,0.0075030932041308535,0.005101800177204272,0.006913465659550523,0.9214627011238792,0.017494077081469498,0.014103168313677692,0.015774488225988193
27820697,0.002425962904931684,0.011516904649104395,0.018141330432014723,0.004615232936693487,0.005520618856024,0.8854119692345672,0.030935478381046662,0.012644172125255477,0.028788330480362136
27820711,0.0020525468226114045,0.015823611681923158,0.38232398728387296,0.018477129035955185,0.005001918799415703,0.02107975841999355,0.007501223233455215,0.017522994704630913,0.530216830018142
27820719,0.0020214819843213175,0.008300156520531178,0.01104728339180958,0.003584869407990792,0.005268990337300116,0.9183474415008255,0.020999026860406993,0.010208004313924782,0.020222745682889738
27820782,0.002032833428772571,0.008350077816427427,0.01289230535109173,0.004051037755884804,0.00546196386728606,0.9173127499074512,0.019479792302442157,0.010423111446432,0.019996128124212063
27821053,0.002523723573506086,0.013949878214939395,0.009242552732560555,0.006175653750727931,0.011658393014312629,0.8924536316444629,0.02715591187318136,0.02039727729470865,0.01644297790160043
27821289,0.0034195187082969344,0.020781034147472788,0.09047556783383953,0.023878599773121123,0.006086373940691473,0.08922269003026241,0.017517998559931844,0.03302043282308883,0.715597784183295
27821297,0.003036684153474828,0.07172252270211925,0.06884182707369234,0.04525485648894777,0.007631509088862433,0.21998996122760514,0.01885029092367801,0.01983923591404907,0.5448331124275712
27821964,0.003603812563074961,0.014678150436796746,0.014757028245459063,0.007587572233317973,0.013198087947410127,0.8534721325856457,0.04302024811502095,0.028025589010578604,0.02165737886269589
27821981,0.0033170183571782003,0.010755679808951547,0.018499302521204953,0.005464758368553408,0.007831873600900208,0.8489021411661386,0.0632403190445006,0.01848826953566343,0.023500637596909017
27822072,0.0028705248408559965,0.010081747059432761,0.01456372728842544,0.004543263209687221,0.007775997107464635,0.9028840678803841,0.01969711945383717,0.015578640367390402,0.022004912792522313
27822175,0.0013586297401000508,0.008013437576454537,0.005230635650815888,0.0023309234758656238,0.0046236003366591,0.9351726561431153,0.021107101936262484,0.009199377757303765,0.012963637383423347
27822258,0.003610791770749616,0.06539310225016717,0.00795691279045044,0.005793829993955372,0.04525157093891916,0.838339297311302,0.008133750989409192,0.01522006766619759,0.01030067628884946
27822577,0.0023689337619375583,0.009936165922572208,0.009995617572193981,0.004072097521236639,0.006570610012421587,0.9158848496725182,0.02194837003876269,0.013809594764385497,0.015413760733971724
27822666,0.002789861453641983,0.03275314829942675,0.017604621125176925,0.012803234652000915,0.007451913135277296,0.7857049202160595,0.03720277640588249,0.021555617628634952,0.08213390708389899
27822761,0.002748990735183105,0.019942394891857576,0.3436332222940975,0.029959361684755745,0.006714902057369325,0.3147666044426234,0.006566919470037865,0.0287243202689761,0.24694328415509936
27823521,0.0030161865130386694,0.02590280194573784,0.49793163143779884,0.020134421454980327,0.05978239306660551,0.03134628982028194,0.0054195906400978915,0.32553230543251943,0.030934379688939567
27823796,0.0063221783323156155,0.011328507439364316,0.1300723028175096,0.012821858391792852,0.02124421269257338,0.1619274302834057,0.014567091952929597,0.2096408654928087,0.4320755525973003
27823891,0.041144334040737474,0.018901998956387323,0.035135075167479476,0.012715602774955906,0.32617331083768686,0.02179292019430501,0.004437563665534431,0.5131569817781577,0.026542212584755753
27823940,0.015880551837938805,0.02494877005632003,0.025428399187081716,0.011962472545266018,0.2607280672450245,0.020407933318329026,0.0039710690557337594,0.6160876155170483,0.02058512123725787
27824296,0.0021346051280580545,0.07552455436820665,0.5765400491438599,0.14577485910473836,0.01429174526854171,0.011733759534720094,0.0041851100238580645,0.12998431929731585,0.03983099813070121
27824965,0.011775617541767423,0.06367106198865786,0.01735681185233505,0.006767730272715227,0.039857108750411215,0.811384358250489,0.009167402162396763,0.016789324688415933,0.023230584492811495
27824973,0.012644222830823466,0.034173832410829795,0.02018951715242546,0.006583370176254029,0.04065066385851869,0.826253633503798,0.0121902996048189,0.019138752039331602,0.0281757084232
27825620,0.001296428588278046,0.007012699154473277,0.004873386677951664,0.001987487992753437,0.0038374389760009405,0.9383586220297497,0.02132150367834538,0.008619033341394388,0.012693399561053255
27826018,0.0017653509626509801,0.01457736138147128,0.016546513773486336,0.004988318964641483,0.006262101116443393,0.9049285855216505,0.015711683764083828,0.012721162072314713,0.02249892244325757
27826098,0.002742718439941002,0.015110462338978545,0.008141733603816701,0.0044530632740067645,0.015876066685059996,0.8936145255610978,0.016246075411863473,0.012069398854684919,0.031745955830550746
27826235,0.015263804442972621,0.009432788987672757,0.10409231967400903,0.022287082842856472,0.2912023071135934,0.07122416229902764,0.0036555216350308284,0.4456867812831877,0.03715523172164954
27826276,0.009684326910820606,0.00921483744129102,0.050584961651999355,0.01897622314869481,0.4380973639653413,0.09505452789742734,0.0033663398241217182,0.33969380053834,0.03532761862196395
27826338,0.0012546313538515511,0.008433905927007473,0.005325871010931275,0.002519298882891513,0.004725809635993145,0.9347567631497413,0.01729223322899893,0.012078727565102991,0.013612759245481887
27826531,0.008878027761094014,0.06777158869012616,0.10282537144733492,0.028575655080954464,0.08302916324077561,0.085246951693257,0.008400809467940314,0.03563147083588606,0.5796409617826315
27826578,0.0016524990331032883,0.008329496215838913,0.008621917631777613,0.002840193244111716,0.004521271385937958,0.9262600342886971,0.021334267559673596,0.01023467791008478,0.016205642730775013
27826709,0.006897483693638814,0.04667181433061498,0.01143684881272861,0.007311225215866923,0.032998018956173596,0.8526000272328187,0.012298556535056383,0.016432496924308048,0.013353528298793993
27827567,0.0016129708637933724,0.006393544060317382,0.005974706541912117,0.002395479737758961,0.004933267105950276,0.9307584139507264,0.023135265045206795,0.012272094065279621,0.012524258629054966
27827960,0.0029240845446859044,0.023910355184934316,0.3232227897302774,0.01322404465238605,0.00543333851652782,0.044231048029764075,0.013880842927343501,0.045705022241429805,0.5274684741726512
27827965,0.008448362307058747,0.09215831004567283,0.05498561355291419,0.010762784259812265,0.03295612862388568,0.042659753245303675,0.007461429211600159,0.06500985705465924,0.6855577616990933
27828047,0.003313287060764126,0.012246511086624626,0.18159798126371474,0.008713500544428134,0.00642114908423281,0.03446165355797552,0.011348517854157088,0.07609808955683695,0.665799309991266
27828372,0.002300614491425342,0.015407030503676665,0.007049852078973208,0.005788983381382143,0.005457322263547159,0.8484806979749532,0.05361700592992868,0.012391473737727178,0.04950701963838652
27828436,0.002431135155123192,0.015465912024986492,0.010207538462224225,0.005137445024150601,0.012090005810680308,0.8962721851845152,0.013752021953199908,0.023217540341128898,0.021426216043991208
27828585,0.0025736219564924685,0.019755196987094572,0.007596144383116119,0.005020819744038463,0.005450235715201894,0.8280356748952533,0.06687848015103748,0.011857232091881876,0.05283259407588388
27828863,0.0020546027468193967,0.009017590843626362,0.005872407681412076,0.004829780046940766,0.007110379969838617,0.8428178544452285,0.06372223817303768,0.049956009174108175,0.014619136918988333
27828994,0.001872540981657676,0.009974130786679162,0.006875116906553037,0.004036835949782848,0.00786289877115585,0.9171351284207158,0.020582130379135494,0.0186767270647643,0.012984490739555932
27829036,0.012631659225860207,0.06933732575311638,0.03870215110207008,0.007073797879087183,0.3071562610933759,0.4724385307791431,0.03428947311316673,0.03452844036736551,0.023842360686814938
27829544,0.008416577740507324,0.006841354100203055,0.03266965332908399,0.005634121093845325,0.007740250949548697,0.8063496031989513,0.016409238381574293,0.04297254459346789,0.0729666566128181
27829566,0.003612521457007385,0.019728087898158796,0.12111610408289006,0.010433662227220294,0.004982812121325487,0.01911828678478134,0.0112265919462034,0.07771665690883653,0.7320652765735768
27829568,0.012719823564621917,0.008791828777274219,0.0630683130352314,0.010875349820683413,0.014232084621675833,0.2264478924195067,0.007576436800218732,0.3095370317996302,0.34675123916115763
27829613,0.003203664655833607,0.008924887470687107,0.028097266163244802,0.005941636105281483,0.007041147591942298,0.635409460584279,0.0162879647231999,0.16781991002450153,0.12727406268103034
27829640,0.006745466886220546,0.008763314919161961,0.02644277659838227,0.0048790785027874725,0.010732934449199896,0.7605225490292102,0.022339671765071456,0.060982278121538266,0.09859192972842792
27829781,0.00416867402939839,0.01260263331586597,0.2874436556196436,0.019144666850285517,0.02253958728669598,0.019171564907211884,0.0035626587000836657,0.5922527993667644,0.039113759924050605
27831184,0.006485176936080222,0.004097232694858875,0.013672399158381332,0.004266533846669547,0.0038591788804937205,0.18831028783806647,0.3852530912655328,0.012978319307622645,0.3810777800722944
27832153,0.009206045767332556,0.05089616196882518,0.07915220590082145,0.014572947010880428,0.63139640381104,0.01449108373766197,0.0034310795945347336,0.17958082015592391,0.017273252052979592
27832334,0.004352835845211127,0.013922194321417657,0.08313504877029496,0.006833901708512762,0.009248825684855841,0.6211502958205384,0.05649594507023379,0.044317412953728076,0.1605435398252074
27832702,0.009121697616186036,0.038074084591112896,0.014145095455622777,0.00592074591259857,0.029165922468183617,0.857825540989678,0.013797089941303376,0.015655464422822802,0.016294358602491905
27832750,0.002689202160151847,0.00973727609547591,0.014607997938333693,0.004493861976968619,0.008547057188279729,0.8731050924292106,0.04781474739940581,0.023521751866227077,0.015483012945946647
27832752,0.003313285143023416,0.012195922818023895,0.032689482666710734,0.006274954393622062,0.006301644644619061,0.849154318840299,0.028656813149680178,0.01580531651517813,0.045608261828843595
27832846,0.0026349596111785983,0.010171209186541966,0.012152471777249162,0.005624078382393779,0.009736812169957202,0.8618324703873634,0.023148511284664112,0.05323521248821589,0.021464274712435893
27833884,0.003750602307438766,0.009079838850026799,0.013880705714533374,0.004295976589548215,0.006364109740217269,0.7000725638836325,0.22221037749806377,0.017050174045278612,0.023295651371260797
27836060,0.0034027918071579165,0.010870076368398873,0.03159557162456734,0.005035697371678854,0.004596005091608726,0.7046363713829705,0.08999477669409583,0.05031079822371055,0.09955791143581144
27837142,0.015505820366043078,0.009637985773987402,0.027099870315500738,0.00924250606465646,0.26163133421263757,0.2512768128669088,0.004477666560939789,0.2228300033431489,0.1982980004961773
27837413,0.007948906240681989,0.010074365113762581,0.01889965602285974,0.0104063847916007,0.07250809798264402,0.653408561267711,0.014987971865016256,0.03142383987087882,0.18034221684484492
27837630,0.006570098305105142,0.008940874062783728,0.03400665874375126,0.006607619917901457,0.02807059782793948,0.7650923907298284,0.008976010057726,0.014601611136450733,0.12713413921851383
27837708,0.011436800347557147,0.007984704594337817,0.02649391268307205,0.009287601393728273,0.026321983141712944,0.7907083637886746,0.008056059784626509,0.013715725949829814,0.10599484831646087
27837830,0.0067934814176930786,0.01024825215872362,0.019661812078726502,0.008355323905272943,0.050648801568484315,0.6890731645733099,0.004271205854159728,0.06603093090538265,0.1449170275382474
27837913,0.007735553251775083,0.14724921212733463,0.021230229975281473,0.01057177498195452,0.09636431127366281,0.5113542942651056,0.007427674829108202,0.18027076464648387,0.017796184649293834
27838486,0.007986850872206396,0.006764934179071541,0.030714078057396076,0.007341956021969671,0.041234289681772805,0.8026756496562575,0.004418007556762874,0.021637451416794688,0.07722678255776844
27838542,0.004125436240836059,0.012240313261610649,0.0804442811943006,0.00935582152892802,0.014803291813127863,0.6282787702364858,0.011523930597537198,0.12716118802436696,0.11206696710280684
27838565,0.0045458506881219125,0.010587746494528379,0.3547995822662634,0.015849421191475695,0.013732036789820459,0.47570845867061073,0.00673188524423355,0.0624981074115634,0.055546911243382416
27839108,0.009098355821261544,0.03867654170667607,0.011272490107743529,0.007239058614913279,0.03399053690370009,0.8530465055374976,0.014534371116875944,0.01712850779154134,0.01501363239979065
27839246,0.0060798314524194265,0.057157087613769,0.01426060970613284,0.007901983609771927,0.02498711252884624,0.8342203798455379,0.012509227865438819,0.025206648056277696,0.017677119321806174
27839328,0.0026619165331718715,0.014691973356566058,0.06152428768508071,0.009659978539829365,0.011000046504634936,0.6092193851015595,0.015998242225017677,0.1150529828924233,0.16019118716171654
27839364,0.006383382514171365,0.014369537064699697,0.20032588182042665,0.017915200200492077,0.34530534692607723,0.021953454691907553,0.003317765988667735,0.32316988636922434,0.06725954442433318
27839649,0.005019305771849571,0.051910708786827006,0.014859368712107687,0.007971681643558215,0.06122756265615725,0.8038634971964886,0.00878193747243779,0.028464455609860426,0.017901482150713376
27841731,0.0038374463355829915,0.017546236097229835,0.07005433634335434,0.006813214919016162,0.005351642495036403,0.055178798610598025,0.07767437445160746,0.17995422565852226,0.5835897250890525
27842419,0.0015423278137945524,0.013181637086960385,0.009938732493467196,0.0049983141369145,0.005955179750872335,0.9146615434880541,0.016438399500034135,0.014743080412561373,0.01854078531734144
27842521,0.005951795467896778,0.06350057025106431,0.009772669357224768,0.00665085395760741,0.05065372007294341,0.8096078049636601,0.018115600423484986,0.0183831192093401,0.017363866296778035
27843188,0.0057881601661116345,0.0034142411130029513,0.0056631656773118875,0.0018354303171799434,0.002303747390315388,0.040372535572983634,0.9003972223204887,0.005336037703523102,0.034889459739082744
27843587,0.009278343693221454,0.046547966643553075,0.01695299283575113,0.0074009871704018675,0.02354522374305338,0.8149568389348458,0.017328180971070258,0.03727216417736967,0.026717301830733276
27843967,0.0029641210567918157,0.026102630412498128,0.11011100053954942,0.011209510061791206,0.006567386898746821,0.37619983318491,0.01578945462734366,0.05154280366070213,0.3995132595576668
27844389,0.003395573993183495,0.017376109966451427,0.015191690855341795,0.009112602958677869,0.008643235930407929,0.7883880665057408,0.017976401924791593,0.025515055115736547,0.11440126274966864
27844658,0.005427707770980975,0.046291596895243876,0.006898853338414292,0.00623552208493161,0.038026238297595674,0.8513748401992034,0.0156909855970582,0.017048475744833456,0.013005780071738741
27844773,0.006998301969713815,0.04553350900126344,0.011158690555550492,0.006770893511532938,0.05188343123005032,0.8280290268572483,0.014209401893634444,0.023052772809732745,0.012363972171273486
27844928,0.07698228821873201,0.010504196867815284,0.13560148846096023,0.013320617677481078,0.1450553063538914,0.17407142953930826,0.005308174620000032,0.3276959882192256,0.11146051004258617
27844971,0.023508289444561858,0.009225538247239155,0.027048337027778636,0.011653961044530974,0.11695727757481637,0.3773136344053409,0.004541494123672901,0.23881280246246878,0.19093866566959045
27845007,0.005763449790757312,0.008931112472438748,0.17476298248477742,0.01764771994964588,0.5304476731141972,0.030308352210833393,0.0033391568394288257,0.16961978211369372,0.05917977102422757
27846556,0.0031265370257616766,0.011541614419117665,0.015970549169513466,0.005710791881656571,0.009385530101971242,0.8920140041621736,0.026010867371668224,0.01794185087962276,0.01829825498851468
27846603,0.0022177080315076442,0.008501334875719939,0.009326441470779453,0.005339004506296911,0.008178599404744726,0.9136176172802155,0.020398313417220246,0.016333170681117084,0.016087810332398485
27846986,0.046799565482333175,0.009765251018934967,0.035847123096522354,0.01246407774031049,0.04540875958158093,0.13152183749888613,0.006217214858539218,0.4062584917146371,0.3057176790082556
27846987,0.0744975086233332,0.006495016257272835,0.026514108945951877,0.007730524979114538,0.009960161372628125,0.4124011514282156,0.00984840396221403,0.0695148817048456,0.3830382427264243
27847155,0.05561200535092699,0.01695134464072448,0.022403115988170994,0.006900003616431985,0.03195070577484556,0.34943798774709883,0.017186314570160347,0.03754226321717316,0.46201625909446775
27847200,0.0717884190692008,0.005952182814932923,0.025711160811977222,0.008701985387601169,0.020367357488730628,0.2653343075627701,0.006013710820931104,0.06720298486657661,0.5289278911772795
27847244,0.004324572113929189,0.2252303737867792,0.007885410203629964,0.010749591615374293,0.5346314589753128,0.017706642836102935,0.0031661199983439273,0.1892337817159546,0.007072048754573105
27847265,0.009741974709157157,0.012112427451924363,0.01744568404843179,0.011462643433480859,0.08842110783336987,0.20559489151245047,0.0054339386485881104,0.47170328179493903,0.1780840505676584
27847278,0.010231430838986715,0.0057682837095128225,0.018452752268852016,0.006038594443878348,0.016876030435453066,0.2453416624842779,0.005703983755392178,0.012046232746747376,0.6795410293168996
27848545,0.006481339001582974,0.06398319422738927,0.013717939674958907,0.008905099101916069,0.04181967527347964,0.8109939080430316,0.009021025563271955,0.0171612645984458,0.02791655451592378
27848657,0.007077157572155006,0.0745010324094021,0.13505192016399653,0.01638049765143172,0.17810087930695884,0.47990691875772507,0.004807637968815463,0.09272787550906236,0.0114460806604529
27848835,0.006191809863112245,0.07282696112824838,0.010568961494533156,0.007634741864540688,0.04698364227706986,0.7759920533745995,0.01769426660829381,0.047546318701510035,0.014561244688092308
27849022,0.17658300431285073,0.02115433873615286,0.03825010667485939,0.010933537760908846,0.018397244460609495,0.654050165620211,0.013177829542291979,0.017462479613422295,0.04999129327869334
27849428,0.01011290442001543,0.06419996368383105,0.011580011146393688,0.01706009323873173,0.12583056289734157,0.5978960887416787,0.007574817171431191,0.12489680097042537,0.04084875773015137
27850759,0.0035967262277005903,0.020486924885748204,0.40318727447271085,0.017191958892846363,0.007952045118654067,0.06833870037506556,0.01433835953350002,0.19936911511027267,0.2655388953835017
27850966,0.0068541036138572466,0.05720455204442412,0.012960465742079633,0.007549084913926671,0.027013567203456053,0.8309430514489056,0.01400068096042127,0.022134751413826734,0.021339742659102694
27851107,0.00480028291443485,0.0106781282142949,0.0996458184942903,0.013481513464261108,0.008905883982346626,0.5545219694968726,0.007481769655256354,0.06052658184130644,0.23995805193693676
27852983,0.009048767802632115,0.049192675026431265,0.02310532074166547,0.008288265369568837,0.022115495909900054,0.8046689702904067,0.022014395475965103,0.018105641786095437,0.043460467597334886
27853420,0.006959860570054171,0.0567636471595519,0.29150364246736704,0.055815320121949924,0.21504514010650805,0.02068035619691447,0.004036655183954871,0.27585066711552514,0.07334471107817447
27853492,0.011221609383624449,0.00914139159944646,0.1628702564952636,0.01582850724853424,0.050720899319426256,0.3417059317592989,0.005718829714962662,0.05026102441461455,0.35253155006482884
27853502,0.005314688759118387,0.016471840567412892,0.1886786472329845,0.02905751331384964,0.25419792046866263,0.025113093530926982,0.002966750923243811,0.41385084479288137,0.06434870041091971
27853513,0.0060825521629708145,0.011900330915204817,0.15444841984595742,0.021097102757051962,0.3383723854311777,0.02368844850654413,0.002924231342347279,0.38148278355623194,0.060003745482513825
27853610,0.0033209902919169284,0.060493257127760165,0.43744360816440364,0.04246709545594336,0.007236685976672399,0.01577485696316327,0.011290892986533756,0.05813881310089333,0.36383379993271314
27853619,0.0012613003233476522,0.006696221177329814,0.004938939967809481,0.0026871489399506883,0.0038331278179916215,0.9281735247952381,0.023830357436524785,0.010909119404538689,0.01767026013726918
27853692,0.01230172700379817,0.011044810925295552,0.07425064640754273,0.012841949494746478,0.24101205149868168,0.04671861174464082,0.0035336707074701797,0.4126725856892919,0.18562394652853254
27853755,0.010684425318496601,0.011659675084098237,0.11938618319301639,0.011676671215159574,0.1362977954667108,0.03349258424598099,0.004257635517012043,0.5125009974459988,0.16004403251352656
27853819,0.005722133955638655,0.0847983511717213,0.030254296527765272,0.012858754830617198,0.008677118244597399,0.15003446126246867,0.018862186166197514,0.046753861331455995,0.642038836509538
27853891,0.005526328817256161,0.0211171383287658,0.16243133975631704,0.014206790258767246,0.1064461806542323,0.02954569798344812,0.0045552391539216055,0.4009226983527384,0.2552485866945533
27854684,0.00439196385618355,0.11406866522782626,0.02976028784036446,0.021411914088890982,0.12387489838435567,0.048281193171749184,0.004820640023919358,0.4237733377836108,0.22961709962309973
27854761,0.004981142571077747,0.013360683029416202,0.15000222678496275,0.011324739864336582,0.014013466522949504,0.6226304969548881,0.01162296155809078,0.1432696980886778,0.028794584625600347
27856185,0.0017543402163909844,0.011683838117052227,0.010065908841435227,0.0058201245095480135,0.00846292514432445,0.9013341442663971,0.00922483966351652,0.030103745649029272,0.02155013359230605
27856524,0.002218010579448861,0.009406371880372934,0.010121793417174771,0.0033118098477143442,0.00276024222877034,0.38623856078474655,0.45670229499276516,0.00854246548227057,0.12069845078673641
27858079,0.0019735878734581363,0.014203573910738794,0.011688996845387382,0.003752413929674874,0.003409615371528088,0.6488187242170728,0.12373334920587309,0.01287982569127737,0.1795399129549895
27859622,0.012600043943324129,0.005765558976166851,0.021014022299081243,0.012758004705384747,0.004754611462382904,0.019435010588973404,0.010914395322228113,0.016774500988241674,0.8959838517142169
27859654,0.002417635277213477,0.011570806910948304,0.08412288561009647,0.005522004635184083,0.004271410051514897,0.11578591684914978,0.026838549709057184,0.018389333859804794,0.7310814570970311
27860519,0.0030093591112804025,0.007256408535765647,0.010272601377593546,0.004887632270904156,0.004624513672711784,0.8798308239193038,0.04630234996340041,0.01706649822064104,0.02674981292839924
27860948,0.010064377626557215,0.03168597720898365,0.008024845123908475,0.00784208039636468,0.10316606980943072,0.7874372001656287,0.015371226052442913,0.021361927655527472,0.015046295961156078
27861529,0.011303717684549894,0.03705089465492636,0.016805436966376756,0.006482990170580575,0.019407536719967568,0.8532738673990699,0.013611566675610602,0.017468161316025244,0.024595828412893084
27861854,0.006598097159129863,0.03595526447752258,0.005086607595176331,0.007794633022729626,0.04772129551527441,0.8519249842900439,0.010494878306764505,0.018096490699940765,0.016327748933418054
27862367,0.00298200083965332,0.38439607395621783,0.00797197744327678,0.009576431908667745,0.06517781576859309,0.4646247474732257,0.007067694428309473,0.044421918296935474,0.013781339885120484
27863325,0.002927531773535022,0.011412373469194714,0.0075851333368672745,0.004783193536549992,0.009438930256910012,0.8981821237324319,0.019670099689962972,0.01689660992318506,0.029104004281363158
27863342,0.0057649158126749055,0.011615518676492912,0.01911485414865104,0.006113825284340948,0.010396717352170775,0.8233364500227552,0.02923655223610369,0.027613886574473563,0.06680727989233687
27863364,0.005502850996524992,0.0711986810247652,0.005566886772139667,0.0072343438076276365,0.05448244573377001,0.8063673889624455,0.012214576099989684,0.026112603849885677,0.011320222752851505
27863492,0.004274393062175947,0.009924858284949602,0.020381889783644004,0.005566815809003491,0.008875751089239523,0.7785521829138176,0.031186380098680324,0.054632986479462964,0.08660474247902664
27863524,0.003184978598181777,0.006918651645175902,0.005279989511707026,0.004281467458844767,0.007156657760669822,0.9093312493694836,0.022661000824702366,0.015245463906933881,0.025940540924300776
27864385,0.005453790586382777,0.008739431661322593,0.018154432017999437,0.0055738275443688225,0.007651563270898166,0.8309339465635541,0.06746816531054092,0.02228398952856777,0.03374085351636549
27866858,0.008979180723245262,0.012873932244552171,0.14839971051242723,0.01370335532870314,0.021117908078854525,0.044120744837846344,0.011912614954865782,0.6731686270678715,0.06572392625163398
27867009,0.0012964409793364867,0.00851837275955762,0.006981025604439431,0.0025659756673666943,0.006229474471973191,0.918819500844525,0.021491819276255354,0.01702368943798012,0.01707370095856613
27867295,0.02029414939690378,0.06757545195067681,0.030811203001488957,0.018043634726774057,0.17473146081803015,0.020968636774424444,0.0042484421222400235,0.6344386130269419,0.02888840818251992
27867320,0.024897811132376303,0.05557142567885059,0.02032425302934869,0.013281700009064354,0.11535987078321953,0.031796587292636826,0.004937101312681811,0.7104231067223433,0.02340814403947857
27868671,0.002222858583871415,0.007726995650853281,0.013957714303254204,0.002628987777376484,0.0029570089724231157,0.4808531953587023,0.35041208883072694,0.023942919954026108,0.11529823056876617
27869124,0.002578011890922833,0.016676742567451282,0.009082059153426398,0.004437270044228519,0.011105175940374043,0.2862033071819255,0.016699756460316788,0.6276207459270386,0.025596930834315947
27871353,0.002181760933228491,0.01659077968682262,0.01591710224095631,0.004478731274382641,0.013472108104459802,0.8655878960631626,0.016856953416126173,0.04609598645071093,0.018818681830150442
27872065,0.003586808589914535,0.016219951272615746,0.05266379709291063,0.006835489359309683,0.014417735954012639,0.7713331079082115,0.06045141635191509,0.04057684572066475,0.033914847750445426
27872090,0.002859773073214473,0.009727719973349645,0.017102251218766778,0.005448201489144785,0.007652964144031239,0.8694974973838049,0.037216646833063194,0.018788415424163492,0.0317065304604615
27872346,0.012594607481742633,0.026164198980723495,0.020846476307569254,0.01639838692884343,0.17327168770794804,0.014429075969237834,0.00391387645449563,0.7185854586056223,0.013796231563817407
27872375,0.013785023763465925,0.10330356981122245,0.027424417855200788,0.011607760018756998,0.2676251465348407,0.06209638165249954,0.005568342178106954,0.27366885577360184,0.2349205024123048
27873105,0.0024613471456888035,0.0058767065828455554,0.0034002148190489952,0.0030864865435655223,0.005484073930793366,0.6053187650335061,0.345392198065436,0.014341991665167664,0.014638216213947976
27873254,0.006621967462985028,0.03136850129629876,0.006875601483514348,0.0050269667818596,0.04347868657466226,0.8619889546170314,0.01472520547107053,0.017032957070539277,0.012881159242038785
27875292,0.004427419300078338,0.005501456767750891,0.02229633944531465,0.006381188144838734,0.02164530031150369,0.03186314545343181,0.0038632681261956438,0.013148226777749789,0.8908736556731365
27875536,0.0036027922687229285,0.045766097652362066,0.004509372305799633,0.005520528170612677,0.18974762499388104,0.7095071877922342,0.008922145068043204,0.021249860859356526,0.01117439088898785
27875573,0.0036272221326478747,0.012579391408567708,0.030979347233733467,0.011061058848871165,0.026146294098515866,0.021723680462126367,0.004644377690073077,0.017976025083696237,0.8712626030417683
27875678,0.004983438351434124,0.04292553885864397,0.005915556792055814,0.004738072405051243,0.1480718371115601,0.7165544836706882,0.01422110518154661,0.03523748904912334,0.02735247857989654
27876547,0.0036081183777479813,0.0063723220654141955,0.0064834042288253405,0.004041683968957669,0.00532319897828308,0.7883379901925265,0.11895824345739939,0.02044619185735398,0.04642884687349188
27876652,0.004739518780475241,0.01139610464089762,0.005094181882446232,0.0061379869268476045,0.06487048438850734,0.8341208210767216,0.026073952126373496,0.019085746136101363,0.0284812040416296
27877075,0.0024738303966120555,0.0064497705717981085,0.004573995043199397,0.0023656326638245187,0.004282316840981837,0.24712879953915948,0.7000163807415785,0.017252876303586896,0.015456397899259339
27877878,0.0015103235961437204,0.006437601203559795,0.008232854866580853,0.0019041307137946779,0.0024537860586843073,0.8915911325426812,0.03472844049440849,0.008584524190022648,0.04455720633412424
27878191,0.011257608145973725,0.031758305992677434,0.039462196713060185,0.01832756507351051,0.34713747363000547,0.01621340204350395,0.004405427621390458,0.5181958534833406,0.013242167296537632
27878419,0.0034899782962229293,0.017446160925403423,0.3574530925064807,0.020343949670610185,0.016667529860497035,0.1445517685136296,0.009070102811877792,0.2981033261248857,0.13287409129039263
27879446,0.0023680916717550115,0.009491730310910109,0.0035703592769490205,0.005026070490745891,0.008073453073316748,0.8563709462504481,0.03542409914060152,0.0373096386435056,0.04236561114176797
27880308,0.012469027856995551,0.004541741295064427,0.01278206032635471,0.0027198322427317277,0.002797239724107607,0.04393967625887185,0.61921192309277,0.009968117210784675,0.2915703819923195
27880313,0.04882999267795678,0.005224253398547455,0.027584588881853205,0.006253808669739547,0.004337049660571876,0.06445237823622676,0.16505997926355084,0.010226398833589615,0.6680315503779639
27880477,0.004404737799123643,0.008127394160042028,0.015497076302003733,0.004038100249851679,0.0028426919383552347,0.0947134778677349,0.6713994671697328,0.008829975523538612,0.1901470789896173
27882180,0.0031130189405647758,0.010683167213347316,0.006594340642175638,0.003330626779973774,0.0043152641412115555,0.6526872539508217,0.2717409521449922,0.013487847785557205,0.03404752840135576
27882747,0.005409765591802427,0.07354118041192301,0.22733514441609823,0.019001704147177084,0.36459725434655005,0.024788819219332042,0.004772463105920129,0.13764776360682476,0.1429059051543722
27887188,0.03558828046270237,0.09681787181872505,0.03143035720592443,0.008801692959422805,0.053631912489241276,0.3370069864739065,0.009035453328823016,0.05062332555632047,0.37706411970493414
27890575,0.0036800267318772796,0.6764502814962964,0.005825278677607916,0.007481301069259511,0.19602221825706118,0.03707789972349172,0.006555106084312161,0.0575094599791715,0.009398427980922384
504327934,0.010132715169275126,0.025075238860340424,0.03167573392881223,0.017055278418776545,0.028716141202071076,0.07408678267159982,0.006620626919057094,0.028031412030096087,0.7786060707999716
504328716,0.006286924097970889,0.02054086161853298,0.04390570183472223,0.008434487327290387,0.012955350080560186,0.03059525032950851,0.008853049329794345,0.015502870364497032,0.8529255050171234
504329271,0.0015863022535248944,0.06199436143906539,0.16900220607720107,0.009705426565438801,0.006321936324682984,0.12054488777632832,0.014228282706211308,0.011312637913849358,0.6053039589436979
504329427,0.016060403516493404,0.02594560146958636,0.2720384028189206,0.03236286406665372,0.15811009857458586,0.20333952022367222,0.007732297140968947,0.0337443516890576,0.2506664605000613
504329461,0.004862902306213185,0.006329554896366827,0.05072310047781549,0.007891372246845677,0.00802289736387196,0.8206416615636686,0.008080055861817984,0.012693087387423084,0.08075536789597718
504329836,0.0023078993396442346,0.05243723918696376,0.18731251550627565,0.015208418035666062,0.009372371074635783,0.40047607350876135,0.016142724452682236,0.012452837922258394,0.30428992097311247
504330927,0.0038786736247706528,0.7052873524256311,0.049335246387110954,0.02570707722259316,0.07749266236760508,0.010854758065668308,0.003690298708587966,0.015023841345301655,0.10873008985273108
504333251,0.0044051513447994186,0.0405428927910763,0.034058751179269764,0.010682391922617213,0.015002339820259237,0.3168425474279651,0.38709147019857365,0.012872463087170315,0.1785019922282691
504333643,0.001554905872164779,0.0646840567290489,0.01040503472971904,0.004724331356188133,0.008312403544906718,0.7180795690129439,0.016247500772802105,0.009947599131528663,0.1660445988506978
504334005,0.003685271401312705,0.09893860140134111,0.023954035206414478,0.007584543027357513,0.03620976705761208,0.6542610232033196,0.009129890695981498,0.01625565923658692,0.1499812087700742
504334043,0.001604941625832747,0.017217529499730436,0.007123708566123945,0.0029504552713799765,0.003106476647562952,0.8286645805726292,0.04481332050628295,0.005260939880872011,0.08925804742958593
504336051,0.003231694760208088,0.009402254842193156,0.010594362069923246,0.009187319922882634,0.007144966204493586,0.40200251204902093,0.015077134099920878,0.010813885098409763,0.5325458709529478
504336563,0.004630288930201426,0.004311523717138806,0.03450361642958725,0.010486479823782818,0.012866159472981841,0.010125300331261357,0.0019455315071864653,0.006724090483065366,0.9144070093047946
504336564,0.004104971217056846,0.003728232088179821,0.02301694947531299,0.006445428894655162,0.010035710746388813,0.011332968111071854,0.0021365439074485944,0.00567891581931451,0.9335202797405713
504336738,0.002656411671595835,0.007357575685008907,0.036439065066050484,0.008003871339858729,0.01929534242656999,0.013114999533295589,0.0025467389785616837,0.006987103807217727,0.903598891491841
504336762,0.00795426449730421,0.005899995150534776,0.09242821596738052,0.013738274333462265,0.04005538553826953,0.020373998116161546,0.0033399985856789514,0.009476398083940081,0.8067334697272681
504336812,0.00326878798937716,0.013156420367265465,0.05243402454853216,0.017566410436581442,0.12060466962022606,0.014435290064420332,0.002954121562424614,0.00914862918120058,0.7664316462299722
504336868,0.002705716455960459,0.010610406484058062,0.07298368453178727,0.013274573696961518,0.038480666623859724,0.019269551964291524,0.0030104518215859914,0.010810441646905488,0.8288545067745899
504336915,0.00604065288706038,0.006745941006173655,0.6200488799916642,0.014834881839732807,0.09531157316179958,0.05659659873126634,0.0031678706911492894,0.015723793809221728,0.18152980788193196
504336920,0.0059169021615316396,0.01315628498734793,0.12659377317654524,0.03409451653440722,0.10061085326099259,0.02033943380140376,0.003430231601881685,0.013197979132083107,0.6826600253438068
504337993,0.0018490512374684568,0.007143025593941994,0.01136974792938068,0.0027549460294384273,0.0028336046162979666,0.14713281247142918,0.028777107495950877,0.006291906026336027,0.7918477985997564
504338000,0.0020642084761756255,0.007403901606254669,0.012074265621344778,0.004826297781280652,0.0041242373270891424,0.43865128486229854,0.020089097085659077,0.007587945700843146,0.5031787615390543
504338862,0.0016724546531903402,0.007443769814850718,0.007840773756204142,0.003006062974733259,0.0029768264421996637,0.8665629844581566,0.04607694632966032,0.005588018768051315,0.0588321628029535
504339844,0.004023699143859051,0.008143006661929299,0.007274667358848417,0.004415444196096297,0.00719905946299237,0.7966163319335411,0.0710426397147102,0.00938565412248586,0.09189949740553739
504340924,0.013242451796450012,0.04744439020018982,0.18065831569152985,0.034559233432884556,0.17693927866108783,0.08692351162722849,0.006050507716636284,0.026409344722294507,0.4277729661516986
504341625,0.005593210284717015,0.19495615349831352,0.03621671291062073,0.011100216112141587,0.24770214432171922,0.26521109880308086,0.005968658592846216,0.018074780141427438,0.2151770253351334
504342171,0.005753484670468157,0.23724751291711577,0.03517446535508758,0.05430199571065143,0.053462853449074824,0.09846738029356546,0.005542021691835673,0.02649916326643391,0.48355112264576716
504343999,0.0023714866835881196,0.018590891129641046,0.009645955875864294,0.007085202799522107,0.007942318216568397,0.7936221687767195,0.03968212583292523,0.012364815649436787,0.10869503503573456
504345544,0.010239261105311847,0.014470199793155659,0.04854498725300631,0.010094417814736228,0.016995361254279116,0.2984259506089414,0.007133047914334121,0.01789476243505703,0.5762020118211784
504345636,0.011619238720444748,0.012497999433574122,0.09855818393187209,0.009390059439690556,0.03226603796655951,0.2585034736950252,0.004795006696524143,0.01304053570177405,0.5593294644145356
504345932,0.002263329536531264,0.007930881866189645,0.01060626760803459,0.003366715884027671,0.015161624023702504,0.8992161799145396,0.007182272766389444,0.009803200137257669,0.044469528263327576
504346223,0.02537766307172384,0.012088981296718244,0.03431987745287602,0.017540685299383695,0.07257591057258224,0.02724844235031035,0.007607082315729653,0.01598206266363451,0.7872592949770413
504346364,0.018829324763603338,0.014445263418301544,0.02073502544936825,0.006451432003763705,0.012995111988670498,0.037063898523162046,0.03206167572679374,0.012954491696898142,0.8444637764294387
504346647,0.009741218999757927,0.015386370919865439,0.01920788622005711,0.00650817760629929,0.014496393021176205,0.4389496255952805,0.017865761382323302,0.01207279397483491,0.4657717722804052
504347099,0.008528215014204006,0.018687813632104647,0.14070836973110196,0.007462282111726808,0.0839472944358218,0.022734143388992024,0.006240820154361728,0.01000454680887138,0.7016865147228157
504347180,0.008364722343904766,0.004440111400169019,0.18413405663630267,0.012510559452307958,0.024207044759437486,0.024215016307734857,0.0033103875844437535,0.015387194499006378,0.7234309070166931
504347225,0.005076429822851267,0.01681161086049196,0.10018131734172973,0.02807764821150571,0.15823814577700357,0.043077240675032026,0.005674510494471105,0.01495792303290801,0.6279051737840066
504347329,0.0037457307191433656,0.009766269299034255,0.34596540765381123,0.005107191862191418,0.22536674683562077,0.06855089032394744,0.00501292034271792,0.009079723276160441,0.3274051196873731
504347783,0.006973164952209183,0.014966174432116727,0.02587201308788118,0.011525427576309737,0.5693087188540777,0.20817447639537254,0.008433226552477706,0.031347068938976715,0.12339972921057843
504349952,0.0015735958763435736,0.024746623032642908,0.37059124095230694,0.01978481155207027,0.007629426559990882,0.02101982195421287,0.004955208676830182,0.010608718367678717,0.5390905530279236
504350366,0.0015409971673138408,0.014989107441297639,0.034511425526622314,0.005606002799549706,0.0031434264731987917,0.020024567586422824,0.013602036429937172,0.004720652673368378,0.9018617839022894
504351424,0.05105821073875931,0.00855835582448204,0.049916482741775646,0.010552183402979583,0.01836055819126855,0.12890319398011815,0.010688305202877453,0.016263915345580714,0.7056987945721584
504351466,0.028682439442876424,0.008636871837724313,0.026087167207529724,0.009841686434546805,0.01254838935048156,0.06606415512169656,0.011258053816019645,0.016129266504765136,0.8207519702843598
504351469,0.011219936772367566,0.34947639873500047,0.06507047483190605,0.19269158047251161,0.07953720671059825,0.04462633606964777,0.009955407733562485,0.03900639535917733,0.2084162633152285
504351474,0.007756967938317485,0.004372471067222338,0.042888034295889464,0.009145771676919287,0.005428681288524252,0.036795297420518715,0.00717337837099326,0.010850046223775717,0.8755893517178395
504351507,0.004028299180266888,0.0044514278602332605,0.018346337817381316,0.0035270750583953035,0.002825848898811147,0.5597126913457953,0.03946744699721503,0.005900728388630399,0.36174014445327135
504351699,0.006203089992088766,0.04702632035027161,0.012137709822574219,0.00835578931295381,0.02766644551721618,0.6049098483046393,0.015294236887970184,0.014596332429628883,0.26381022738265697
504351768,0.007826062636398469,0.029737212011706714,0.02865360492130901,0.013611305629670428,0.03406087524527411,0.12959683492533217,0.00699950237438943,0.02033114194644079,0.7291834603094788
504352727,0.010550113135530066,0.013568587554237245,0.06292217000867958,0.016521395690874262,0.0157170853288463,0.019876118714207518,0.004788199698429764,0.019742988096578987,0.8363133417726163
504353018,0.001498755506088557,0.02685827979888789,0.8450138454947891,0.023375381471760062,0.010157638095711286,0.013879284188531753,0.0061016790739663795,0.0072833628903383775,0.06583177347992664
504353426,0.001881713730926734,0.14217768553301025,0.6719278383980263,0.059867026315215954,0.02506914097588849,0.025105878862696298,0.007309045679000951,0.015832933384769102,0.05082873712046586
504354365,0.0029998847171607682,0.0643619084458243,0.009758534012338416,0.008711317182159718,0.05269149451229245,0.8188737406039146,0.00679691303496919,0.016634474027089882,0.01917173346425047
504355126,0.0018892405616721907,0.22382789703844105,0.582601780633494,0.036158154301925524,0.04869962736846136,0.03429062343423759,0.02806649355812943,0.013359562982948355,0.03110662012069048
504357330,0.0018061178055659413,0.010613738620912309,0.003617973344928823,0.003664013189374564,0.00461586490479942,0.8889512074344859,0.059171083558432994,0.007213386456905387,0.02034661468459476
504357667,0.005235801420640196,0.05141027782056971,0.009445920224975464,0.007384921867975792,0.02676504758038507,0.7779660012280621,0.02190367287224274,0.015953406964168356,0.08393495002098052
504357830,0.012827793288337438,0.017491735955638774,0.020127857906757113,0.010151126713691448,0.0258537524081264,0.6196822701102533,0.016083658701547356,0.013650718157200696,0.26413108675844743
504360233,0.004149442818137337,0.5539003076316573,0.04295551506639887,0.04865799556113033,0.07786625195118417,0.05085842848807497,0.004628715813890121,0.020858331704346617,0.19612501096518034
504362035,0.00218250255545917,0.11542084289575112,0.04714712285320794,0.0321678918184201,0.010911753197670683,0.01663162370495293,0.004870393490448327,0.011931806733677082,0.7587360627504126
504365115,0.0026505101067162296,0.09662627519864034,0.16297283650906924,0.023725154430630457,0.6743942083434893,0.012435580772584118,0.0027004267956638292,0.016150262935126877,0.008344744908079602
504366525,0.007263199477976311,0.0422856131953172,0.01387294670288605,0.009626447310523761,0.021182499329566142,0.06958693408041257,0.013079662287296142,0.015289259862875904,0.807813437753146
504368253,0.005137890772562805,0.056930944757160304,0.010364572485980914,0.004591153440856048,0.012283723527588095,0.06044972319126281,0.021313455376971584,0.009579552783697003,0.8193489836639205
504368381,0.006122530989370947,0.03453917055771413,0.009360721356373624,0.009357472455756726,0.03393713229912268,0.5249005608453436,0.010353345800183558,0.013305167072690399,0.3581238986234443
504371163,0.0010418946316081677,0.011876673931370391,0.003605577040566198,0.00292758425742155,0.003910339752729495,0.9027410638281701,0.03564118918629837,0.006752820121199568,0.03150285725063611
504376962,0.0012890667218981363,0.005230072249554927,0.01114870918424379,0.001922316673505384,0.0015712932382390523,0.031164736635428722,0.04166609401502786,0.0032026180903741907,0.902805093191728
504380857,0.005058310147793364,0.023079822515300562,0.013995932690072061,0.004245220063929021,0.012620108982114254,0.042522231931345494,0.016459276629205117,0.009666012938276274,0.8723530841019639
504381584,0.001148890169274966,0.00791597520752671,0.012373497719575716,0.002482870801975392,0.001526059569078763,0.031355860357118244,0.021095552054180677,0.003376891950198377,0.9187244021710712
504381589,0.0010186092563893385,0.008201571133591549,0.006031101643055997,0.001851646753714725,0.0025336095317710586,0.8916804194384056,0.03610084309072028,0.005218987659885395,0.04736321149246591
504381831,0.0047801770541992345,0.034572661829990456,0.02086205520766288,0.007339718683876364,0.023257793645202005,0.0311081324855546,0.007168022443251185,0.010495991616043046,0.8604154470342202
504382069,0.003363643185229643,0.059648691650341576,0.03430001271117648,0.015016144184712251,0.01928567365436007,0.023614521970567688,0.0052524284089281075,0.011635654288351251,0.8278832299463328
504384590,0.0036703990347012852,0.027817633646681605,0.01813428511433124,0.014894028834908736,0.016372588331413,0.5458926084647069,0.02239441065817304,0.020078529008686525,0.3307455169063977
504385383,0.0006498508668880121,0.009529657416902731,0.0026234278020336502,0.002155753874024973,0.0037068644758207754,0.9497232588534148,0.011423380685895579,0.006172922129621778,0.014014883895397722
504387218,0.0008561170152448294,0.008511153549245535,0.004484750282949172,0.002445310998632839,0.0040230791375822665,0.9217742655256429,0.014831132087061508,0.008178374983987147,0.03489581641965384
504387287,0.001137949232908623,0.008400326382029116,0.00391535257116233,0.002874775142360172,0.005600066461183079,0.9192587384686464,0.015439263077638352,0.010938539788827214,0.03243498887524469
504388681,0.000757025541320411,0.016900083688015724,0.010682214766839473,0.003991290695089007,0.0033489567325221234,0.7396667055069426,0.018876715194919798,0.0046556853415227984,0.20112132253282805
504388798,0.0010989596087698822,0.020643093416865776,0.04039386568552005,0.010729870637787737,0.005204911532499627,0.11554318252408396,0.016498544396509995,0.007283356590877888,0.782604215607085
504389816,0.0034635108821155836,0.5526696337901303,0.021347165344189525,0.029312158859499386,0.03531033733070938,0.09832000947100875,0.011142117012919854,0.01733055043161075,0.23110451687781636
504390492,0.0008563475125260579,0.00898644866898884,0.005904424007552202,0.0018986054194725136,0.003690131471574104,0.9128706881511727,0.02140575256948724,0.006015518029964229,0.03837208416926216
504390493,0.0011650444810628019,0.009333485615212854,0.014354223708468821,0.0029753413949636636,0.00290810539847314,0.6184081061708808,0.02873658681150434,0.005131098629116277,0.3169880077903173
504390545,0.0009364691683202088,0.027806700552813715,0.024652343495378332,0.007062641938878846,0.003881639607127526,0.029497285704681495,0.010001441259188575,0.00470426540314173,0.8914572128704695
504391576,0.005261481091344868,0.04086868902050715,0.006719204800563674,0.00623794245968079,0.04218390762271946,0.8339770867418297,0.020396457992487245,0.016560436771499643,0.027794793499367507
504392332,0.005771482027232035,0.0357502516222083,0.006572644389023329,0.006940919552463165,0.03963799355255404,0.8371540163199508,0.019951487658261526,0.013955673667495743,0.034265531210811
504395066,0.006511453853966004,0.017124760342790906,0.025229686654942976,0.007551880230823379,0.08404737404254306,0.8110367455590518,0.005257649577023393,0.019288496725681826,0.02395195301317672
504395322,0.0034163193582488396,0.11061869002099849,0.19402317398915886,0.022783776617308175,0.14663749592515413,0.10370933763828422,0.003291503019880593,0.01665109272236141,0.39886861070860524
504395895,0.0012601934620176997,0.005700414739020102,0.004657758896923202,0.002625640844600214,0.002907598594290001,0.9161076848236225,0.02353985224152208,0.00572209010805047,0.03747876628995378
504397336,0.005583389138317871,0.32458957189829807,0.039024682407725414,0.1370394237087329,0.08953043782036817,0.2958631034052049,0.01857095113355719,0.0282620642044161,0.06153637628337945
504397863,0.0008569264358656289,0.006205709407600346,0.003481733635217514,0.0033062011931906136,0.004382468983422421,0.9440508314768231,0.01065865848152903,0.006276811920416095,0.020780658465935256
504400079,0.0015745982923026497,0.08936384391512835,0.009010502709418625,0.0079470003182181,0.13749718919284667,0.7320155905070451,0.002928402356218878,0.01039145963255419,0.00927141307626736
504401003,0.003516441294493195,0.04359645224123419,0.007714113018948507,0.006096721573679104,0.04131602273840534,0.850125757007553,0.00825286227183713,0.01034095272753885,0.029040677126310657
504401036,0.001262070473090049,0.016160745455013368,0.0043837369644512975,0.003566053290708252,0.006338396437938636,0.8868899106589622,0.01919904224980337,0.006531307329563286,0.055668737140469576
504401676,0.0037281481425294463,0.03534730723131461,0.007192281427093927,0.005505815398232479,0.038502719086059546,0.8644146710423721,0.011245398997652869,0.01284519844079917,0.021218460233945854
504402555,0.0043493862280981,0.03714740592458418,0.006479456659624713,0.005239206669726095,0.03961897534367701,0.8512199131028668,0.019942511647595973,0.01426449854771415,0.021738645876112878
504408291,0.008443637534230206,0.021397537926089494,0.014756223286919988,0.005839165382513843,0.08059742166207623,0.7782722226117982,0.014114792646936146,0.012325445479131489,0.0642535534703044
504408409,0.010644133780048613,0.018147513853205014,0.013770397914409933,0.008875434383618727,0.0617774708393671,0.8370915146788757,0.009697004639780547,0.018752165811338126,0.0212443640993563
504408471,0.007557497480551344,0.01537620223294664,0.009674484756752498,0.005023780017910868,0.036094602863001396,0.8829121887912303,0.008256869755829257,0.013336829088438154,0.02176754501333953
504408632,0.0019192434933020571,0.007378191987857006,0.011199873096184506,0.002217840628191652,0.003599660712151979,0.7346249944750866,0.05922946939676362,0.0047507155972880515,0.17508001061317452
504408669,0.0013450733712491367,0.007356183455564961,0.0063593103618288125,0.0014879507043949259,0.0029966950683261704,0.9049336195184481,0.03956094851896743,0.005509432595764254,0.030450786405456214
504408824,0.0009866957659850877,0.006826288169081018,0.003201183027610709,0.001887155876192508,0.0025846789463466967,0.9381617228329209,0.02202058119665221,0.0032628446531085273,0.021068849532102453
504408952,0.005342549239267366,0.03571346575253664,0.011013062665805968,0.011920414678340308,0.1471767033187942,0.713891597332147,0.007578836021342949,0.0195164995663077,0.04784687142545781
504409199,0.002340538603838162,0.019188055212015238,0.023744580257155423,0.012884126183280352,0.0065608713186977195,0.7097698852798084,0.03732881683783501,0.006716666775808661,0.1814664595315609
504412460,0.002063358218496967,0.009611640424594387,0.03769419121534736,0.00755406198527548,0.004779860668362683,0.7108893060206345,0.0240880964035913,0.005720076012062882,0.19759940905163437
504413297,0.008792377931664066,0.024795785510600986,0.021187086339369936,0.015785864411833384,0.05313308053797446,0.7819617489933104,0.03001660021831458,0.01695575370217251,0.04737170235475965
504413469,0.001755206281195371,0.011215021114245709,0.05656504370421817,0.00636519071042059,0.00479002614721257,0.12094543307777099,0.013675149051067464,0.007819113365408087,0.7768698165484611
504413580,0.010603601490342495,0.01359808373724283,0.026608448761043183,0.0046487560503932724,0.01757990929549843,0.7764712437765067,0.013171555822086662,0.013745399894657446,0.12357300117222902
504414977,0.0017595344165930668,0.012965346381724618,0.36245831265735845,0.01194782582284048,0.008247393668616251,0.1933496926048557,0.006646965159711481,0.007491816334431337,0.39513311295386866
504416303,0.0015350443355137736,0.007307570961010173,0.020647232630736343,0.0027174491548631013,0.003463778448350066,0.2630032328837745,0.019722241880848177,0.004482979922989245,0.6771204697819146
504416469,0.0029597591135269784,0.3353313518172117,0.20188613768044295,0.05943182170241215,0.06557280716219611,0.13910574113208074,0.01622306199026548,0.020871201522874604,0.15861811787898922
504420292,0.0029915938335742364,0.0036705591352818507,0.008108418473489577,0.001971785521016009,0.004055347568688896,0.9079232720549795,0.01541257899813553,0.008787793948510161,0.047078650466324326
504421020,0.001453233487848717,0.010872839709301519,0.03619138440080759,0.004660829714083231,0.013939126997255762,0.871796562473264,0.009777920199943814,0.011525162067620264,0.03978294094987517
504423211,0.002002589490585077,0.05294274029682313,0.03555883001834478,0.015179905211094956,0.007421858947438938,0.017793134075287414,0.004599991121739536,0.006283131310275568,0.8582178195284106
504423619,0.0015468918759925844,0.04168734376854244,0.023917000335850834,0.006323716582225048,0.007045269840776803,0.5968030027079391,0.017478870583552113,0.007545461486080499,0.29765244281904063
504423775,0.0017966718940633617,0.04896077157263701,0.024514322575786947,0.012576361898095412,0.008208610401521023,0.6000347604101341,0.039538375130860746,0.011519587136276311,0.25285053898062493
504424204,0.0035972538217628088,0.014881498558863022,0.3533773577765721,0.008586451657575525,0.012769942473054774,0.30951802659775757,0.025032199745351078,0.020758080177258345,0.2514791891918049
504424299,0.002287159604651105,0.007881965727181991,0.05763441390453573,0.004018471197694825,0.007821590568595252,0.8074808013950403,0.011240113636327325,0.008337933954888141,0.09329755001108547
504426029,0.0010650114666126548,0.010164795580194093,0.005825571879402472,0.0035098089258887746,0.004034657147668112,0.9270594820901623,0.013738269939950452,0.0038649515378994205,0.030737451432221667
504426195,0.0072386948155821005,0.02317050972141576,0.19259988659857183,0.3338261832115437,0.22963908841298647,0.16302628967924004,0.003850752586921995,0.01219182820162879,0.034456766772109244
504426301,0.005083141591471402,0.04340710207065192,0.10680603510275616,0.5467005935927752,0.14425582316909247,0.08825122992203424,0.004009784124014865,0.01908862660717832,0.042397663820025355
504427057,0.062165627079939334,0.025019410473476895,0.09625861712777553,0.06473243537427523,0.47722528302589867,0.1836329851172759,0.006120525034096285,0.04297237707345404,0.041872739693808114
504427389,0.0027797481787098935,0.060421866146736114,0.06927886156824978,0.03595227771197702,0.7844642705897725,0.012344025486805126,0.0024344525694214637,0.010011447224225435,0.02231305052410273
504427939,0.0069330655703582515,0.020696487530123882,0.2553782197409513,0.08455917173898206,0.5326921607428728,0.05513436099664473,0.0027023197149947313,0.013168421546715905,0.028735792418356228
504428006,0.006377529346612542,0.013193963467231706,0.19129318162831332,0.020557671596114525,0.3068684142363698,0.08041975394072702,0.0033971589153445935,0.014938363361116164,0.36295396350817033
504428022,0.0031490228437298018,0.03618230952553938,0.0655095232060384,0.07354412982642893,0.6576740873324958,0.06517950331268417,0.00266010815098915,0.014178398780603414,0.08192291702149097
504428239,0.0032953684985620774,0.025506754365144924,0.0230846805333379,0.04360668849238131,0.3076073010186675,0.4792461108459456,0.0032857143406541693,0.04367508444517413,0.07069229746013239
504428249,0.02041608956778207,0.025168998885425415,0.03858166782613393,0.04662927561945354,0.17497944382679476,0.15187370130415495,0.006151480060432197,0.14893784563553641,0.3872614972742867
504428395,0.002732600689915535,0.03611386561954621,0.04316478247729301,0.17814774323732097,0.5582071424514604,0.1430334253446231,0.0035862447680468142,0.016461070115090067,0.018553125296703936
504428424,0.010971326610719005,0.05584049379818529,0.030494387778579234,0.0923911420752623,0.3472214254879068,0.11614018641678964,0.0057002231164102,0.09497923218211671,0.2462615825340308
504428819,0.0029737748176704945,0.0538395354558801,0.0057973754869501725,0.007298557264220614,0.06094925968041307,0.8274165226411465,0.008816807633212279,0.012415405607819053,0.0204927614126876
504429299,0.0033793264870463566,0.011432469768632176,0.05324337685807422,0.020115461711265537,0.09286154564814943,0.6794269116985598,0.004563674964520353,0.02230615571035872,0.11267107715339347
504429339,0.003242068671550692,0.006827470223433775,0.17607799023740023,0.012528002968699492,0.056507519249474836,0.5099349102006758,0.005620964780946312,0.01476844897558476,0.21449262469223396
504429343,0.004198561773869501,0.014755819514960272,0.030013555293789077,0.016992419322243553,0.316260221773351,0.5730849990918567,0.0027508224958149767,0.0230519239494057,0.01889167678470907
504430437,0.0010604186290462318,0.009365529856603392,0.005407196451778394,0.001938152400563053,0.0030989348431790685,0.6991998816910473,0.021250235089574666,0.004026956595701384,0.2546526944425066
504431398,0.0067438574205813066,0.02500770832767132,0.030885625283370594,0.010735381466596475,0.06475187383150108,0.41507059096347815,0.009396158405328679,0.014649729058693673,0.42275907524277867
504431611,0.005384130250333878,0.04118078507941319,0.02818555957327538,0.0066754915101078765,0.06899578538057256,0.40004758769419996,0.03057270221766857,0.014874377972133975,0.40408358032229463
504433659,0.002430909701026262,0.2738966130415145,0.009387254278048571,0.0160384243989203,0.4343167655837179,0.22766282822398326,0.005069618541942893,0.0113227854546519,0.01987480077619444
533174543,0.03262137406809741,0.006554373557428979,0.013188401637530751,0.042869839236429425,0.2448103078495485,0.24741338092605605,0.012877060063780612,0.1997458136995976,0.1999194489615307
533174547,0.24073181712503258,0.013282925749186549,0.03759766489084695,0.05318669923025746,0.04131595521939477,0.21248177078444286,0.010849586206693051,0.07826902856269466,0.31228455223145113
533175655,0.004872559196313569,0.015411511930476749,0.03240858410544374,0.01182542544563212,0.006663918979794422,0.6286285756614778,0.024907331625563467,0.0315247423629553,0.24375735069234283
533175850,0.013306833399883018,0.02404743881513413,0.00854764699760504,0.015900372230980696,0.15222914089675804,0.6315823207115712,0.028322986815447156,0.06930069713152398,0.056762563001096764
533177196,0.009578743462810515,0.03366135509126771,0.04326342011195501,0.01863130829220257,0.07201211022813721,0.12519771178458125,0.012915533287078418,0.08392183268264376,0.6008179850593235
533177275,0.01248724828960234,0.026606785826201896,0.016345343749866702,0.011625925130607818,0.03286363278382309,0.0790061986165686,0.01738674387327411,0.03558896181253446,0.768089159917521
533177327,0.020612104767239167,0.027222058241828877,0.020767052255579798,0.016935314528766933,0.02145832121673602,0.11578437603635486,0.022710662533991965,0.11412749822586364,0.6403826121936387
533178326,0.03493187466609695,0.01928781025603685,0.008931623329390773,0.009854107180517038,0.6301615744926474,0.11579329492592774,0.014971296665232043,0.14215340032936613,0.02391501815478507
533178451,0.11807679155885115,0.014329653357720488,0.00905574574574139,0.005687937322730176,0.03973643488919007,0.7440356328119968,0.010704726600624218,0.03837192344999325,0.020001154263152555
533178511,0.18081690204750872,0.00705759169553608,0.019101625632557642,0.010925039720743827,0.16147015514311824,0.07086838011306004,0.006946192216457441,0.37483284855444654,0.16798126487657147
533178855,0.009348375592880657,0.008365319568297312,0.007749344387788176,0.012200919995719312,0.5598077500373033,0.16957382583995106,0.010274462364754024,0.19246919409412036,0.03021080811918575
533179869,0.008596545901506037,0.029926251673623804,0.007958111834527147,0.00682063464353582,0.03722498489482154,0.8246993997318937,0.031900816086501485,0.029567101754062904,0.023306153479527577
533180924,0.36008365562690264,0.00797169543125246,0.007591447744072345,0.004409947254475832,0.010481852523020403,0.1016409086535667,0.4641386511608745,0.025715441653768663,0.01796639995206634
533180990,0.005316080004801928,0.036021658258221935,0.017203570959779223,0.009865980006718005,0.8471891751736296,0.02438080804004468,0.005455521698663918,0.0455977272055458,0.008969478652594877
533182136,0.0026543464705398867,0.004163461806677108,0.004863834463669218,0.0017739431678930472,0.002545625602244211,0.8852613938404457,0.06791249295978893,0.008680760283109433,0.022144141405632436
533182633,0.008326802295659018,0.03069658312349229,0.009555527539104405,0.03940477909986636,0.3236795068259998,0.021651600487880535,0.004629118606114295,0.5506904387511105,0.011365643270772852
533184860,0.004070098571834144,0.008177352248399477,0.0044704562985917315,0.008027898023755281,0.012934906904654505,0.8592262024521571,0.060253292023585106,0.026512367373197374,0.016327426103825357
533184862,0.0016062763405889505,0.005424764974763444,0.0039028530982397253,0.002363041730703124,0.0025169617672201536,0.685453887041888,0.2554905655322663,0.008119162826311793,0.03512248668801854
533185108,0.002907659409184559,0.005413000177988771,0.003039808646091549,0.004935340472103383,0.00680229824149237,0.8389142723394148,0.09369341711036666,0.02228413251673217,0.022010071086625678
533185721,0.0013826402391026989,0.0047771951661709664,0.0026905977750279458,0.0030999120128092665,0.003525640628019542,0.9009007934966099,0.06278728446909793,0.010010074033868763,0.010825862179292933
533185873,0.007156871455253696,0.015189829747389309,0.030916245925104786,0.005574730848115228,0.011032346080434427,0.48300047775671107,0.043902186861687245,0.2318437284375418,0.17138358288776245
533186174,0.013384380876157715,0.009507463763118968,0.019815554923761233,0.009999779034634863,0.012650664343812757,0.6651805824916409,0.016316024136773636,0.1541529906688899,0.09899255976121013
533189525,0.01336744059900526,0.028618835032883462,0.42930182877732226,0.3609976337484278,0.0494149286071634,0.012956086130519491,0.004957158757546712,0.06417452317457416,0.03621156517255747
533189863,0.002976416023314581,0.024941940462192048,0.048922951841253254,0.7638309408107814,0.014151704175151629,0.015762326691696263,0.005623862606019355,0.08440795643557711,0.03938190095401445
533191217,0.006849836253365817,0.0564289295229792,0.0216899286178346,0.010947487306705236,0.008854992231027018,0.3217948377794975,0.0477500251579963,0.3013175908282723,0.22436637230232212
533191451,0.010733330814317243,0.005109091618357608,0.007306008005280481,0.003668715920306066,0.002725223546375276,0.02721851585744499,0.3351102809608422,0.03450596769887315,0.573622865578203
533193707,0.014051213649045314,0.02480336487223874,0.007126087581274049,0.011669493935558311,0.025308906203277894,0.8356930340766624,0.03314168877553864,0.027710559994704606,0.02049565091169997
533194041,0.012738150353508086,0.014313766732982496,0.013254830406569986,0.008029961226247547,0.004053382530133243,0.19578299448391945,0.22992270583831304,0.08025118803865931,0.4416530203896669
533194885,0.008893296487819767,0.027587661304294388,0.00620649972881525,0.007000468601799451,0.021780755419040246,0.822337117285558,0.06127200327810464,0.0245947765431534,0.02032742135141475
533195438,0.5285037299469555,0.006591128464974536,0.013941086756537047,0.051488860496587026,0.03266903571912994,0.06612378496976315,0.007883969072429699,0.04267706949924748,0.2501213350743756
533195444,0.24594896538597516,0.006166808691307399,0.01291480232231275,0.023085514191032327,0.04693551366832531,0.4466687067014049,0.011339154096488942,0.02661449623365686,0.1803260387094963
533195449,0.3566772533572866,0.011925354810596287,0.016861569119888637,0.030740259950742324,0.007954448114355793,0.04738591146677022,0.03432279948683158,0.1571067704174129,0.3370256332761156
533195473,0.011121649527695662,0.02042515139331744,0.016927798546219213,0.004174006457347077,0.0033761476079946988,0.4688553607106296,0.09731909609799956,0.025880117210342165,0.3519206724484546
533195485,0.2963195662948698,0.006009047778247949,0.009890898865643746,0.022896252031218305,0.025105287773313334,0.19542176997202573,0.01362092571838355,0.01857470246671831,0.41216154909957936
533198040,0.006552334789759712,0.012046139104926017,0.01755953623039924,0.0063704305408060855,0.008379123849453123,0.7751339956437204,0.02906784086547457,0.038947960548712815,0.10594263842674792
533200264,0.004881736464359921,0.028038390602719336,0.16055384996939842,0.057188778312705274,0.04012737589517922,0.016840931940436402,0.011812451535711487,0.5536222563936496,0.12693422888584044
533201480,0.01754567162772558,0.03498383343890698,0.019954575814413972,0.02637766049454785,0.02255203290819466,0.22490406001055818,0.014855884089442368,0.4823154243857969,0.15651085723041352
533201498,0.027059870341327973,0.021957546519978895,0.027856547811382235,0.024866098849184566,0.042075949275648825,0.2738067609593909,0.008511666566623886,0.5235558850382365,0.05030967463822622
533201854,0.008984087210513289,0.2566795047243714,0.05056396750741209,0.025421590195582173,0.057012663427031804,0.07438988564231162,0.011613170259889975,0.3492804619194514,0.1660546691134363
533201920,0.0041299112932059925,0.18558004292615798,0.09616551298849962,0.0908988233212392,0.008145589983445497,0.05477779113870643,0.021713134057393096,0.28649792218445663,0.25209127210689564
533202120,0.0031225064370579113,0.013857737273873526,0.02049344363043282,0.010706844697425992,0.008168521306381574,0.46770678560558093,0.04707253032427686,0.37283983978602014,0.05603179093895029
533202555,0.0022719627279582,0.006270919246824455,0.00523345271977592,0.004771143756511035,0.0038659811347887107,0.7889403241594035,0.15203103758148978,0.013977901010051062,0.02263727766319729
533203002,0.01924241932549522,0.015909703560746766,0.01412946961190922,0.257172765508894,0.009893431108756614,0.09434316432249423,0.01344639382844059,0.34295426928912875,0.23290838344413456
533203019,0.016340117838123103,0.01266054903396988,0.02019089265076204,0.4533638336141711,0.013182211962859583,0.02034084148942553,0.008317451137286234,0.268372254548081,0.18723184772532145
533203438,0.010860378635520595,0.02810631785030757,0.013213870034933543,0.5465425796802454,0.04146966022792934,0.010796883095168477,0.004144942602174058,0.3307217692820008,0.014143598591720258
533205437,0.0031896026491606594,0.01084404774511891,0.01224744018263179,0.005512039324971207,0.003860321765255679,0.8122298010654124,0.061773531355543164,0.01720404537049752,0.07313917054140869
533205770,0.006574945064659517,0.014529182301344595,0.03299010725232965,0.03955696201595454,0.009143066026722702,0.10594998120131678,0.008101828803987465,0.6815023373447292,0.10165158998895549
533207497,0.015214305366531752,0.010219982073505888,0.030189429969716075,0.015346315672310517,0.01020736991394344,0.8262351129341626,0.02449214555273751,0.034514110446264366,0.033581228070827834
533209071,0.0182719882859059,0.009994941388236598,0.014663176278643152,0.00839129048151763,0.004240152790094781,0.5165337475236997,0.25933366902321164,0.05618565339889345,0.1123853808297971
533213890,0.010883364994969254,0.03168795766316054,0.019947088981149007,0.01468341556188529,0.12882789260023986,0.7203458320787843,0.0164811833508885,0.038984821923052485,0.01815844284587078
533216743,0.004880799842289552,0.010383978436157123,0.013110243580959694,0.010322141919118672,0.004910122666619072,0.7916740149175516,0.043786909969082556,0.056797244618948625,0.06413454404927316
533216785,0.0029488579458011293,0.006381083884277545,0.005240569429477044,0.002930893890692021,0.0025288526736094207,0.5869729737305476,0.24741669102296743,0.017007628690269696,0.12857244873235807
533218853,0.02129475415414339,0.01196562704032056,0.014283229264574834,0.016370757269011656,0.09681121218896477,0.03540845564517692,0.008703960276742447,0.7689705234888304,0.026191480672234948
533219145,0.007717631592405545,0.04088399337581432,0.011080376876063959,0.12192757894824664,0.1473450660663683,0.052883751885778575,0.005679961189850495,0.6056228873838159,0.006858752681656381
533219629,0.06818135245490997,0.007131209212938561,0.013248285730216306,0.007087857515811071,0.006701357267325028,0.6718566574120464,0.05444337759560446,0.12267371891174816,0.04867618389939998
533221725,0.05303523084610101,0.12344943032439465,0.3218377259927825,0.031054895283548337,0.00865893217929193,0.039813014277506324,0.03774642728564361,0.08972932993908636,0.29467501387164535
533222260,0.002959196159616428,0.0031422582660920674,0.0032328056842296153,0.0017422392129009035,0.002258673872666603,0.5574209183613621,0.41287033959641106,0.00837643065064039,0.007997138196080961
533222765,0.005018763579462237,0.029386466338300284,0.005424332083814879,0.016777416031181915,0.3603434036091714,0.24571467196446034,0.005914516723633624,0.3246211424024529,0.006799287267522402
533223218,0.008878993186057888,0.02731485101502021,0.008130318862450725,0.02711060460818374,0.13534561009359392,0.4129555459429093,0.004015758949797213,0.36740000358555347,0.008848313756433605
533223882,0.016483979385085026,0.025931552076387664,0.004780545134042872,0.024641137321151522,0.08155077246844894,0.5064029442588482,0.12810585021395982,0.18658026399563063,0.025522955146445512
533226274,0.009184402395849403,0.028547637438401347,0.02065289263297042,0.19114956263537813,0.026505677553499855,0.016058632672641824,0.005419034580773073,0.6861215241355096,0.01636063595497636
533228737,0.007754146739330402,0.003592159217563825,0.003277811131753683,0.0029942297489903877,0.002355252698123562,0.017925462027396328,0.9320350359318013,0.005906852890595639,0.02415904961444492
533229360,0.022806635739184743,0.010636453267867732,0.028163419734646967,0.02598705956980609,0.052896230703625556,0.05097727830671879,0.008824625520675042,0.7605304401546109,0.03917785700286415
533229362,0.04329592904301685,0.0070601465548715625,0.04138581458739685,0.016431801777331726,0.02327199657422846,0.03460060073817427,0.012440960623816364,0.7397679447039787,0.0817448053971852
533229379,0.14214153602265028,0.006851786354066173,0.012313844299446881,0.011721871051269924,0.06634276782144201,0.2168182908134052,0.008503001551602746,0.45185579343402843,0.08345110865208835
533229787,0.02235911743780851,0.011360671473959832,0.010573489137185983,0.012916183950928174,0.09096418376082283,0.05611021443093044,0.012226861854777478,0.6957814109588156,0.08770786699477114
533230002,0.009561185865057022,0.013599714395071233,0.10035237626141605,0.015122176519942705,0.008400354234981991,0.6667474314151657,0.04391429547270315,0.0961292104628908,0.04617325537277136
533231729,0.00509866289053693,0.0050978617961407536,0.0051756489917062325,0.003855429764703178,0.0022338978735782535,0.07178246722034268,0.7398505657525984,0.0100288213833548,0.15687664432703863
533237211,0.003916855478731711,0.004821601061835884,0.005279805614043339,0.0035202907850188227,0.0026936055213133527,0.20459403961499936,0.7432706340044479,0.00867322657701882,0.023229941342590783
533237330,0.007347873079927469,0.011502478890039679,0.03861819805262032,0.017869255720191435,0.006908357605708537,0.7023740329663364,0.06418983828214915,0.037660495873781216,0.11352946952924586
533237348,0.0102436101235883,0.045296481988748416,0.029094472276197204,0.024104848932598115,0.008733211469258931,0.1709880298107988,0.0652412430002038,0.10666495563612899,0.5396331467624774
533237744,0.006712437811899008,0.007984907587928637,0.010430678320705933,0.008136595483220333,0.004564481548072252,0.5947807965277447,0.22321754360134627,0.01926690882400604,0.12490565029507672
533238082,0.0029075024465067927,0.009756341630886366,0.007444876620547311,0.01629106861932569,0.006895595561695874,0.8606849616458967,0.03044444094907814,0.040314137588722765,0.025261074937340335
533239437,0.007031644802892487,0.07262960884155444,0.06688398099651006,0.13445462035746683,0.0380811609802053,0.02777949510887169,0.004816601291882888,0.6130375978316054,0.035285289789011
533240180,0.003517310365587291,0.007621110862539216,0.004651960324320329,0.006977324505047634,0.004926151192357253,0.3069701633414451,0.561620272406992,0.03757981740265063,0.06613588959906055
533241288,0.0024332488798494015,0.00468514854924097,0.002965632477529258,0.002342479432096088,0.0030664067137278913,0.8288671391204949,0.12045070718735827,0.013455173522372525,0.021734064117330643
533244189,0.002381416346157769,0.016767943915852908,0.009103927320567447,0.0055533961816880825,0.002769746196442166,0.14562713345869396,0.11643914758016649,0.009815713175180558,0.6915415758252506
533250633,0.031109764275683037,0.0018034161513317002,0.0037747579563757374,0.0015016572893179461,0.0018317706845860054,0.22488416522465193,0.716699773295229,0.005506743590227546,0.012887951532597116
533253042,0.0023721085603088947,0.006523570078349941,0.004026879144115723,0.0038581399105163407,0.003430993327227736,0.8366514310330447,0.08744972967471053,0.008980477627327245,0.0467066706443989
533253303,0.0046492335398337446,0.10895421091513323,0.007068697073433752,0.017266085587641665,0.06140396930140364,0.7386903513061958,0.013902950981812595,0.02866416549030683,0.01940033580423882
533253452,0.009069380307680106,0.06454057559817232,0.013699002435796397,0.25728849639228435,0.012726232259024691,0.16657667047443248,0.020561410011612664,0.3784736098618764,0.07706462265912066
533253763,0.0015726235536022229,0.004238206237648424,0.0029390836186337682,0.0022883848278951397,0.0021101792394447034,0.7442190449733077,0.21205819799648118,0.007061414950603169,0.023512864602383603
533254077,0.026938084073350157,0.0023290222289810993,0.004356893965122897,0.002068713127466107,0.0016893429244415367,0.0523543192575425,0.8755694004711991,0.004507224744692365,0.030186999207204177
533254248,0.002658357436501867,0.0088187400382257,0.004751852353507287,0.006581676926468916,0.0048634329995918095,0.8390256942634142,0.08076818350222384,0.014714425096575426,0.037817637383491
533254312,0.0025248616826970736,0.02398760898186037,0.025758940598009608,0.01122811072124489,0.006798898213696513,0.6498755315805282,0.03532611383380894,0.027044206013244303,0.21745572837491012
533255422,0.02572861222192139,0.01799682402722239,0.01534999371675079,0.018340091181441278,0.45306672937925363,0.01885064975793153,0.0037379826294067636,0.43147502845126107,0.015454088634811127
533255667,0.001688562346941169,0.009810850700741875,0.007694334434565436,0.003774218130563482,0.004505094528446869,0.7982507092239637,0.08283633450401623,0.02187760592094748,0.06956229020981389
533256459,0.002557910229771198,0.00804026189117476,0.006564493075059037,0.004344498650239409,0.008765367501575439,0.8918610197504453,0.025436566176278937,0.0332468966396789,0.019182986085776937
533256851,0.3135578296429662,0.03083654000207216,0.00915666304351602,0.0556473807550956,0.01926875685305688,0.20827718754509428,0.0072274383102828256,0.05876888410348473,0.29725931974443137
533256903,0.007355537424766432,0.02036216999356727,0.005477051087948201,0.03205092588001147,0.41225789071133345,0.024640417914242898,0.002922516430401483,0.4865551312504815,0.008378359307247328
533257018,0.0035268495456771617,0.0022349463034141517,0.0028019887831836655,0.0022162116856368186,0.0015085255305580603,0.10279145136539802,0.8558406553773759,0.004551107466220598,0.024528263942535634
533258669,0.008694089444875874,0.07290960730234794,0.009308485967692712,0.010558822678908855,0.14815348943326795,0.6974233529584937,0.01195984113303132,0.02927392403221741,0.01171838704916437
533259172,0.004116073080801409,0.0037171248409286605,0.006142835636591814,0.003007497732628617,0.0017446162212463418,0.165966475645906,0.5985479103043393,0.005881154420409692,0.21087631211714816
533259912,0.0016694545666559142,0.01219137022075964,0.0053415990529706485,0.006357455984434301,0.010000228197028551,0.8967337751063404,0.02233994486817701,0.020386718453305537,0.02497945355032803
533260880,0.005347358263704286,0.010443611663477896,0.008774029338583407,0.010756893669057566,0.0022760195245980913,0.060614652997113924,0.2583662710318195,0.012402351118576767,0.6310188123930686
533261570,0.0342748262400056,0.01100923079531321,0.014987899848041943,0.01850597803068824,0.6039903508321176,0.08234296561168339,0.007362188967843961,0.19106231481606423,0.03646424485824191
533261614,0.03742787932047034,0.009957151612454272,0.010799883429120787,0.013208990273558251,0.20136924576287477,0.11486067540629274,0.0076904585694972105,0.4730105272386223,0.13167518838710926
533261629,0.04899457157646378,0.0120438847973501,0.08285218363330102,0.024077457099028834,0.10694703325820387,0.23928674161191402,0.01316336270633547,0.43240408233097183,0.040230682986431114
533261746,0.014648974992868722,0.010424123801126985,0.013187870404364567,0.015112864945282122,0.2624738413963891,0.05716070584185696,0.006308739224007393,0.5732383632336331,0.047444516160471094
533261929,0.003043824718605869,0.001596499592636321,0.0013871098640713768,0.0013315012089772185,0.0013331623957933245,0.04979640646694201,0.9318114043760586,0.003546859837241957,0.00615323153967352
533263406,0.48500541100151595,0.007477021740307984,0.012875311939562656,0.011984079895206766,0.26361684967498666,0.133462041049005,0.010248843083884044,0.043193091249835766,0.03213735036569516
533263420,0.013339930011153767,0.012847440085259516,0.013808273050172059,0.009945692075738746,0.3166167035779561,0.26211087365445085,0.01369274954858846,0.2742161131808855,0.083422224815795
533263423,0.15096701976634927,0.008425741171445091,0.015145473122504988,0.010046242500814647,0.0125932401972833,0.3822656448424882,0.035686975158140656,0.2940091614994576,0.09086050174151632
533263480,0.032538151267814994,0.0555620829294454,0.013153994379112239,0.005830534702455505,0.1702187080170697,0.5543033731693293,0.04060566690584821,0.03779291829939584,0.08999457032952882
533263558,0.022348261499366424,0.0314790869330501,0.01606286922209673,0.008538605016021354,0.6693594745284019,0.08780224218689733,0.021810088253430324,0.09415813858043515,0.04844123378030047
533264115,0.003334366137502373,0.02589424869364131,0.019598528045838018,0.05598658305641655,0.0218022965919006,0.7525612915617865,0.012482290751680164,0.041847312819338386,0.06649308234189615
533264152,0.004715580589591811,0.05318691359669181,0.01570893294011458,0.07671196965168854,0.07345457102402558,0.28801330517519896,0.011260038349048547,0.09421000516519627,0.38273868350844387
533264250,0.007959385881719037,0.05101127322459702,0.032825592203855045,0.4193898748206172,0.03694264262239482,0.06217734012342683,0.04604258259208644,0.14972256943340906,0.19392873909789465
533265339,0.011863317807357698,0.0735314002067063,0.011652169782242445,0.016724494152260388,0.06926553574192268,0.6347065093175382,0.01221130879239503,0.13913453302002354,0.03091073117955361
533266269,0.005431475868540539,0.005900027897779501,0.003550948847049777,0.004642047434447357,0.00912927830039788,0.8090322464304182,0.11155619892354791,0.02931610133308333,0.021441674964735608
533267244,0.0027275883085939733,0.0035035203475525674,0.002776753472102064,0.002928591394993395,0.0022268826075482135,0.5343959363061143,0.4195807124405301,0.006416923843575551,0.02544309127898981
533268969,0.0021438272792131917,0.013111166716853124,0.011989022649457346,0.007903107199976285,0.008199543850127833,0.8481258564276006,0.03103836904563148,0.027596969884925975,0.04989213694621415
533270675,0.062430947804292716,0.013217655764298128,0.009246863853879593,0.5487334644825819,0.22868206353732456,0.019999555671670628,0.004452643448583669,0.08522493694203576,0.02801186849533302
533270790,0.008535051814012248,0.03096810231271368,0.009265842919296611,0.6974762065297977,0.07509392253439631,0.010179045060058262,0.0027299108250267734,0.14651628849237625,0.019235629512322255
533272000,0.03770575667444621,0.007936791272750031,0.014071869791388091,0.016797170695343155,0.5300707360214716,0.06383096868907445,0.006065440609031975,0.24681272669567156,0.07670853955082295
533272060,0.15449687021357258,0.008985962288535803,0.01354896365187228,0.018280764398797923,0.629890216009684,0.0481958611374454,0.00651211701176687,0.058177984133338634,0.06191126115498655
533272113,0.05895041785947936,0.011383270040300776,0.00978630420069053,0.015730980482502238,0.34919395092038696,0.061884548080901915,0.009511602713407627,0.4456146601806221,0.037944265521708466
533272261,0.42368062453876054,0.006331140062375298,0.01215051676960824,0.010805845354028301,0.011732195668714503,0.29246596616795295,0.02887520869450821,0.18258422630432447,0.03137427643972742
533272274,0.023765491437563686,0.021833887385190716,0.0057806580291352985,0.0028201848864711867,0.003030696383715077,0.6047599138322001,0.17546904086757312,0.008213607203003402,0.1543265199751475
533272328,0.15546599705485384,0.00450975006143891,0.00931288495854562,0.00790590984651665,0.007460989883881981,0.7224241394898789,0.03884602994393395,0.019250371834641167,0.03482392692630893
533272940,0.03593350253657014,0.02057646587882396,0.011870523432750071,0.014215905286355048,0.4541794578697364,0.16348431533790875,0.012732937879931325,0.270440340553472,0.016566551224452313
533273103,0.011587083310527335,0.020336336710077722,0.007342378278722208,0.014976668284568331,0.6970453611071146,0.06649103614206758,0.007803267473807545,0.16087571161318237,0.0135421570799323
533274934,0.003917075708395413,0.005078286942016836,0.005530026675815007,0.0032417685278847653,0.0019638478222385753,0.3846261394312714,0.3761186385811795,0.0064814604287984036,0.21304275588240007
533275430,0.0034015341226188555,0.008266564994317811,0.004995770599187623,0.0061592863596848174,0.016339149817135176,0.9026617219897703,0.012670327450276707,0.029244929401448728,0.016260715265559986
533275817,0.004954970735852748,0.011332946273834766,0.048630973307099555,0.012180355679720051,0.12300717132982325,0.22207316829760065,0.019277493766534048,0.4638627183634394,0.0946802022460955
533276098,0.0014623299643483016,0.005408745007583459,0.003023371096850199,0.0034891396066861918,0.010560510710452152,0.9380507791707458,0.012282880009866354,0.01605537911805244,0.009666865315415054
533277381,0.04024827643781469,0.008094943706677207,0.00953127968900896,0.006335707914195851,0.010344380091878626,0.7870318403536114,0.078642514888141,0.030649021529308297,0.02912203538936392
533277492,0.004268716029658813,0.01149042623819966,0.004067786184249752,0.0033906576334643106,0.006913143768871033,0.7341317578253552,0.14394969416939396,0.04507524182121968,0.0467125763295875
533277542,0.010666283098973533,0.008143073886376282,0.0058098170132933535,0.0053233454938492455,0.011362864479562534,0.675507218518073,0.23141118507906083,0.02607289487613727,0.025703317554673838
533277609,0.012601072561901325,0.010145960061032747,0.006698338735898949,0.0071984571085436065,0.01521123691946292,0.39895193480201985,0.05486064738760067,0.4669887086798898,0.02734364374365005
533277621,0.010955371112456251,0.011097515541505811,0.005771280703585305,0.008454053435236322,0.3201352968313038,0.5186043236041362,0.020842254051134802,0.07571653672806088,0.02842336799258069
533278764,0.00808012686223596,0.01998382299942015,0.041766211911037424,0.027673773320984238,0.006582356784817441,0.09098933156492997,0.021099378148663205,0.3127775049350548,0.4710474934728568
533278814,0.012815302761264948,0.006226477522595179,0.005635230367648089,0.028463831392627634,0.004625281743611729,0.5040065881859044,0.07699702978428004,0.013092347323569842,0.3481379109184982
533280122,0.017358293668428712,0.026713787693207883,0.014832284773240476,0.012699069805328977,0.09239393737034071,0.7774077200241312,0.01466068240814724,0.02899717090347584,0.014937053353698963
533280233,0.005262381723368925,0.008152928564359235,0.015910263674727063,0.005879171811089546,0.007994975393339444,0.8925047118534503,0.023022785875875626,0.01794495590088082,0.02332782520290918
533280441,0.002463820845300275,0.013460272266813254,0.012195993821660511,0.00694070441876161,0.01520641841957136,0.8943833156624973,0.015589746714235363,0.024453651242147427,0.01530607660901297
533280749,0.00948964854322533,0.02907722110289922,0.010073431962970949,0.010027138189742898,0.07674542736705703,0.8064862032197767,0.013950204430957461,0.028239119784963625,0.015911605398406796
533280981,0.01869489587957643,0.008102602549464379,0.008590108111400624,0.007374468619912884,0.0028962566688724685,0.3830768351022338,0.1977519105942258,0.009174270062630382,0.3643386524116832
533281468,0.09172123568623643,0.005825612405760295,0.006836913878661842,0.03591989451738961,0.004914406285568298,0.6602987965269344,0.06405287945149205,0.014731344955719735,0.11569891629223732
533281489,0.009853881047351009,0.013483548287518708,0.04028239398497217,0.008310357377191237,0.00503922747436678,0.6348549177059093,0.04700522414400616,0.0205191825370816,0.22065126744160302
533281642,0.05948877454076618,0.003240375618476677,0.004594681549891443,0.002618509907353784,0.003431172722615198,0.6943085536478595,0.19942253772491703,0.00700839558083518,0.025886998707285013
533281773,0.009444483266632072,0.008247487365120001,0.0071182400610845555,0.0063716953201147335,0.006872377186869158,0.5593758915109306,0.0724362092163369,0.054580254600201696,0.2755533614727103
533281941,0.004305577348267723,0.023911390502631018,0.007121195621706938,0.004614336400199903,0.007201853168883195,0.77019799152239,0.07899038352199353,0.06321113846922632,0.04044613344470135
533282091,0.0016642166106013976,0.00608653605848638,0.0030483131521663325,0.0021726463146823755,0.0051193200105968464,0.8651036848542036,0.08278602190010363,0.022621593297382385,0.011397667801777095
533282290,0.01741653721992907,0.018882577772703912,0.010990463897012753,0.0030944756024797325,0.0035455987151241626,0.6735833765475923,0.21846130306337125,0.009809021728724084,0.044216645453062836
533282297,0.03408742533163523,0.004938891366967438,0.006052071193664572,0.00324611775495332,0.00477131503535398,0.5832275404433577,0.3263586770099676,0.010171582432622894,0.02714637943147715
533282531,0.023254224674151284,0.007764433304780552,0.01001732463353368,0.0046256077857783125,0.00844218803779897,0.568338807901132,0.118018095651643,0.06141344365965623,0.19812587435152595
533284501,0.0011373626374993732,0.005972797829843588,0.00291412136701942,0.00345232472051135,0.005424270518254278,0.9364283168602836,0.02068410455738674,0.010014284993739683,0.013972416515461931
533284750,0.0014074865450332786,0.007704137003457806,0.003265643990232823,0.0040426412463692345,0.003407178224658814,0.87023888036653,0.053053316168788424,0.0071407802872804176,0.04973993616764927
533284961,0.004045583156881656,0.0038082998283682184,0.0025382076759343664,0.0030158222877492073,0.0028441271162076872,0.6572873638325092,0.3023552301204845,0.00802995455963067,0.016075411422234506
533285180,0.004054298668182868,0.007312981512831539,0.012441593229064213,0.00678717852146632,0.004499109057984988,0.8628396841159134,0.04346829617226129,0.012302232300575422,0.04629462642171994
533286573,0.002902306288535086,0.027766390666771106,0.016760192567743384,0.01620656448183258,0.4472861019732618,0.3826837739914344,0.009116229790149595,0.06302890724834298,0.03424953299192901
533287602,0.01952139422920744,0.03959327798204374,0.008820572459559564,0.015597020424140453,0.02404953601574058,0.7935816531435125,0.02101341111740095,0.023045673111915826,0.054777461516478956
533288236,0.005766248276157754,0.003454197841958981,0.002877195413465773,0.0023118444577885223,0.0015058465233829354,0.17907127003034948,0.7734225834466391,0.003596130332995752,0.027994683677261777
533288718,0.007812056856563864,0.010337841181672575,0.00801887640944293,0.01606979143576619,0.0037581280624508907,0.5078926712131024,0.051856407981189574,0.014827981144609901,0.3794262457152016
533288743,0.003544624687124518,0.010026740178558669,0.008990490045289668,0.0060353220098777974,0.0024433675330671144,0.21727486732418436,0.050335091306561726,0.009231916187236624,0.6921175807280995
533289020,0.030917839840802826,0.015562762904363946,0.006514714220259316,0.006314948642005397,0.010866290061586854,0.5749466793172184,0.26442584195842445,0.012312804030802468,0.07813811902453628
533290582,0.014852561884700088,0.014791338128213965,0.03689310802271404,0.006172392048320244,0.00880757437561415,0.648082959018565,0.0445704080686127,0.10998076975632351,0.11584888869693621
533290584,0.005279471213852427,0.010901438649675355,0.017824729313830615,0.007672603430397764,0.009359444518293661,0.8605743267208485,0.029477172262312314,0.023288477039610206,0.035622336851179076
533290817,0.003063212046731267,0.021471408938008904,0.006737558379959439,0.007322820318354094,0.021286953308006874,0.855087365652167,0.01765144556218716,0.05074850873216292,0.01663072706242223
533291917,0.005335905460121678,0.05762241140191502,0.0060017840667004425,0.0076942253044341114,0.03029636655214333,0.8123472523084523,0.02859883404339493,0.01641722577101037,0.03568599509182781
533292328,0.006358918782030317,0.01577176380041115,0.014366554476250319,0.010526863792036647,0.015001017168034049,0.8357597813062958,0.02071984936715459,0.0414669088659464,0.04002834244184067
533293510,0.006104000310297541,0.015224955067725145,0.005472911336922511,0.007561183261486176,0.002437605406553879,0.18180384844741515,0.35163420592193306,0.008018777806412017,0.4217425124412545
533293853,0.012055609800596638,0.018658689896097414,0.022439112363909035,0.01147129607889305,0.5352617005417273,0.23181710088391053,0.02072745820963147,0.11350540234985695,0.03406362987537757
533293874,0.0402358515071396,0.015823534660561234,0.008567246185870722,0.017185578064697254,0.49506214433134754,0.02878162521564291,0.010870348471765209,0.36985444890225244,0.013619222660723185
533293970,0.008063755698432352,0.011764577681155169,0.006908902357574821,0.0077516703116802714,0.2672317652483329,0.04756322499025548,0.013885059568667188,0.613426690262263,0.023404353881638817
533294166,0.0177910568301717,0.03884147024192803,0.004925354551876947,0.02880269680028518,0.23291105395248385,0.41906347747427203,0.011371310459320487,0.019145393652517318,0.22714818603714446
533294201,0.0019063151724639617,0.006647411082623746,0.004059728420185124,0.0035351945256991892,0.01055875112689936,0.9139556454877849,0.025726025129496517,0.022209420370622287,0.011401508684225044
533294214,0.017227343705055024,0.02929906618152793,0.004538726431374551,0.033713185573935364,0.051672560094079695,0.8018386158322945,0.013239377918514296,0.019829004851807566,0.028642119411411114
533294269,0.0011355541133408263,0.00999967887371177,0.002815988564528335,0.0032836839162780442,0.005524137370826978,0.918219110664755,0.030260001987091358,0.011585654823810543,0.01717618968565726
533294280,0.10085137753382613,0.017855596292786678,0.007161160536684447,0.013432889947694435,0.0278857967938346,0.7572475368057494,0.016868837403699096,0.018056840554586333,0.04063996413113891
533295339,0.002240504207093552,0.022316377145665995,0.006390945660012618,0.0061436243212672405,0.004464786969508116,0.8454267189875835,0.030844660728712153,0.009607483867000326,0.07256489811315642
533295429,0.003853759531345984,0.019557831064431135,0.007131287068898915,0.011719779809847638,0.006916305252906382,0.8085614195186451,0.02576565920297862,0.019634020192009334,0.09685993835893683
533296483,0.0053306708596411005,0.005999480878558562,0.0045466717889617245,0.0026970135351377933,0.004699018902985797,0.8803750019282904,0.05765298997292342,0.014836778990546995,0.023862373142954214
533297801,0.007469676151728847,0.007252740696367278,0.004912724823668087,0.00566721505909404,0.018395435205595754,0.6011324014078129,0.025962884705514847,0.3126824460320082,0.016524475918210074
533297907,0.002013174026834986,0.013606201537648029,0.0025315835243210866,0.00670454107628379,0.9457433768680787,0.010837362870567595,0.00157218282844048,0.014176293634497836,0.0028152836333275996
589557727,0.002773526634419365,0.011312891470220679,0.01075251108055837,0.005667753979911653,0.006646581682122077,0.894442417165056,0.023914822727392475,0.02044293732153457,0.02404655793878477
589561745,0.00390418474064764,0.029865760444702676,0.04663996283464463,0.025230107882611697,0.015113902596633685,0.04117518929232553,0.013247755745828052,0.02695372831423088,0.7978694081483751
589566223,0.004860208314175862,0.004396177710244134,0.0046416178113471715,0.0025508218254042606,0.0032684499670309125,0.2662674341776553,0.6904392565818711,0.010236836216459187,0.01333919739581198
589569117,0.0379677758264038,0.014004050373478157,0.014414697371736031,0.008193402107997284,0.016041575410683344,0.7874452516649324,0.06661946937795866,0.022909163810255342,0.03240461405655489
589569950,0.0026231992998977122,0.010118572962718377,0.007349458807132112,0.0038490041805356303,0.006105898569663835,0.8959329387877847,0.0397565253843254,0.01758537678184438,0.01667902522609781
589570061,0.027802550282825692,0.01765492239715224,0.015020123067998548,0.008851870073215423,0.017130201557982262,0.823818637444597,0.04158464849741865,0.022940898972676135,0.025196147706134077
589570487,0.00223733387257713,0.012657219084056282,0.00591319704250721,0.004589184100223008,0.00949275469546292,0.9100242654547002,0.015476342019899928,0.02575262672153006,0.013857077009043196
589570489,0.002840762157474444,0.009420231099211352,0.008421373956513302,0.0039514713824526995,0.006525662939918649,0.8866046386347363,0.041786028765997525,0.02308318914392936,0.017366641919766473
589571551,0.0021557747037428,0.011611315923452901,0.0054881446548090285,0.00549342471634478,0.005021915598056343,0.9051908807072588,0.031120092432712926,0.01245984293131736,0.02145860833230492
589572579,0.01278833282025305,0.021955936069624628,0.018736328794476127,0.6567775803188225,0.04980411947820824,0.065180552594927,0.006601271478575132,0.08462216116509637,0.08353371728001702
589572580,0.002447495476374331,0.009849607167741362,0.0051910806126887355,0.004621927185531153,0.007715871745020674,0.8918069447339905,0.04850036320512362,0.02009667966724982,0.009770030206280006
589573474,0.002110895458650481,0.011127806911570974,0.006993220847950126,0.00451320062412123,0.008124909655911887,0.9109077905811949,0.018361147240050692,0.022419863677837742,0.015441165002712007
589573874,0.004655715849915405,0.008330681030322359,0.011238875729324338,0.008008894237739823,0.008500558283455537,0.8456646671420792,0.016016929614207275,0.035846136265074796,0.06173754184788129
589574988,0.013820794309717346,0.008753930413220472,0.05027594383569055,0.18745957496381632,0.3666975275767168,0.09629030635257503,0.006316872666254721,0.19815810778650095,0.07222694209550778
589575044,0.016718105877134428,0.007442186410300355,0.04230329314113152,0.04242035146212395,0.14558190767236867,0.20813998529152464,0.006650869291826958,0.3834545379139904,0.14728876293959908
589575060,0.0112876283542479,0.18394261773246123,0.04711698766387702,0.013218328159919218,0.31118273694484344,0.19786047343741153,0.006915831613755853,0.12853951095467758,0.09993588513880622
589575078,0.007704579136226297,0.0651112577118599,0.11695630431887902,0.028767928350319723,0.5122040086024878,0.1115517989920857,0.006269865313273387,0.0731545568047043,0.07827970077016383
589575286,0.0036471577636197215,0.012507402348317972,0.006743721705233624,0.0072426178147103025,0.022948079397988458,0.8939002324036835,0.017469733169656613,0.01958881601361235,0.015952239383177462
589577054,0.0063001682038005,0.028026496211100344,0.009504926090985672,0.01034990789224678,0.03121418515697218,0.8615601251859832,0.013556068227048176,0.024887069864026733,0.014601053167836506
589578162,0.0033157792995889943,0.010751440149897871,0.014766637151533184,0.006267591975547692,0.008186213340326194,0.8697498280817179,0.02908890672334806,0.022383498710136594,0.0354901045679036
589578861,0.0015363647873760668,0.006962969840021726,0.00384315952259152,0.0036072396861003574,0.004895691511145309,0.9338378633722166,0.022555832612623634,0.011687403962849913,0.011073474705074858
589579781,0.003376483250475903,0.02152573587686576,0.02968657061480376,0.008260705804161711,0.010396441799242213,0.8248673758738706,0.036264982303998744,0.03036574552341339,0.03525595895316786
589580528,0.0046755575767275966,0.012654508187053647,0.024027367728110805,0.0071205267251651305,0.008370307829143104,0.8253642553132265,0.031318661712331684,0.023365242722885024,0.06310357220535655
589580564,0.001753918215053481,0.007760197422810573,0.003529183719826745,0.003384963610274937,0.006725259547539787,0.9311286823063306,0.02215075785736538,0.016047671694983077,0.007519365625815474
589582540,0.003132846852353864,0.008591553811654312,0.005494309469798787,0.003944445041346244,0.005788371042043124,0.8931762421171701,0.05085994568732898,0.0178957344484272,0.011116551529877583
589583482,0.0016691973833330054,0.012124684898045964,0.005518334931975915,0.005139095641868294,0.006162011716078185,0.9198484782808934,0.019698836300760292,0.016571411051528782,0.013267949795516175
589584716,0.003050422112624099,0.010245402677576763,0.0105472153554952,0.004500824525764457,0.006391630553634968,0.8926869930812625,0.030920221005861597,0.01938402519458167,0.022273265493198687
589585690,0.00164609686849753,0.007791335118951648,0.004330892366959132,0.003848610990707105,0.006018134507702523,0.9321313808294271,0.018266350567348117,0.016896484246312567,0.009070714504094204
589586337,0.004580805617979422,0.02595362598152391,0.0067792629404096255,0.011676431334197481,0.051405478249258015,0.8497339674879162,0.010106990434839926,0.029181546578588347,0.010581891375287181
589587263,0.0017788218404020117,0.010292950392905394,0.006331206690862584,0.0035494949500969623,0.004451186564373391,0.917705210965039,0.025678686207049307,0.016654160442090296,0.013558281947180992
589588472,0.004610858660690264,0.03562299240382308,0.007592029924029319,0.01589900857157742,0.04961275453029116,0.8292231249924291,0.012811485474910447,0.029012128563390114,0.01561561687885906
589589960,0.0022720379173825655,0.013982613578311561,0.0057428951200584185,0.005343270887436062,0.012962924189261007,0.9045546408277176,0.016816267832292668,0.02848546545730985,0.00983988419023024
589590560,0.006296693970483814,0.0283661801156083,0.011189508064003,0.01320603163494854,0.025651850676202067,0.8107784924049841,0.02368974116775152,0.029245439952581564,0.05157606201343712
589592645,0.0046563926892099735,0.00838409815285651,0.010246466714012798,0.017133490966357273,0.008154261911469896,0.03166829025644235,0.010182741484227122,0.027715124631349997,0.8818591331940742
589595488,0.017619619707117364,0.027311133779426757,0.020390484366959394,0.018994745571063797,0.04778387332840867,0.8013138290711606,0.011401542225530891,0.032750042380139954,0.02243472957019266
589595509,0.013747326877866565,0.008724138469522287,0.02067130424060541,0.015575899779376113,0.015357406017102929,0.7987930098651768,0.011573317188673176,0.05686150447412401,0.05869609308755279
589602405,0.0015854927626351345,0.010490162167271005,0.005364329696077922,0.003232762625051454,0.003631753082749636,0.9249298893384545,0.02295707371944565,0.018709836354444724,0.009098700253869937
589602766,0.006228055985992309,0.00419551558215293,0.0043489181708454595,0.002603806410731038,0.0022831720988561247,0.021463432325168896,0.9167284050330322,0.008296061372841305,0.03385263302037979
589603220,0.006088053169561274,0.034131460366832754,0.0054939645285126066,0.01014665208001887,0.03397604734455893,0.8541574889847936,0.010769242231665052,0.034730701488787076,0.010506389805269802
589603540,0.006843729124559641,0.00863042863702836,0.014720530404692856,0.005885354730829035,0.0048462278482853055,0.8462357125982011,0.039824479786423776,0.02094511382487233,0.05206842304510766
589604163,0.00385464265735675,0.008606530150799284,0.009838262517693862,0.003532457028815066,0.003282910072773632,0.8598417818359487,0.0629373535865723,0.015943988572995695,0.03216207357704469
589605780,0.0023091214174721037,0.014614805312001307,0.008027171547125922,0.004988403460760127,0.003344659162378925,0.7685483277486298,0.11334979780401047,0.015429763715444023,0.06938794983217726
589605823,0.0056642730628226525,0.018849882483968322,0.09163789315815823,0.15597162337257692,0.014607096405565253,0.13970663462153965,0.010581242615737117,0.4535610167756883,0.10942033750394356
589606661,0.001467039901365465,0.012806782720523394,0.003972356970895463,0.003151143272822705,0.004342467627635587,0.9283251265436383,0.02450630347312092,0.013575066775470745,0.007853712714527538
589608416,0.0041370702801163785,0.030851844061672427,0.6190934864378355,0.10281102867028423,0.008052320929509025,0.05432599739130027,0.022578458523830884,0.055874496330974084,0.10227529737447713
589611604,0.0034306164234103416,0.015364946744191508,0.021946759268833067,0.007367732893993468,0.003536856735837546,0.0394325470575506,0.04174044735244356,0.01954037583922782,0.8476397176845122
589613063,0.0016437394097820709,0.015209910569369491,0.006438477646864259,0.004965037129917445,0.005050675735197843,0.9094790331842355,0.021536391304354422,0.025167386324345377,0.01050934869593361
589613683,0.0029126453825120985,0.010989706743327506,0.009672292684484123,0.003885772319745584,0.0028430623216319432,0.8459376790573041,0.06774234462732327,0.015397810494182321,0.040618686369489045
589617107,0.003415364478424066,0.030122214074705136,0.050106925725231594,0.014005344866146574,0.005414416938297461,0.2629063487154486,0.031077197923666283,0.04116134814632337,0.561790839131757
589618208,0.0025931189526660525,0.009820294000923144,0.012432032886947261,0.00431677897870947,0.0031940589583431445,0.8608059772430687,0.060980783454759574,0.020478524647672657,0.025378430876909913
589620671,0.007386240252283541,0.012818642610728435,0.057192966302898475,0.013363207645932709,0.007655687084009182,0.6110542291147202,0.012550656416157283,0.06213240691784039,0.2158459636554299
589620870,0.004491260557566102,0.010475425928788529,0.01856418912464492,0.0051576253945466435,0.0038274801539062717,0.8491385442936739,0.04452641207118071,0.024558207994545278,0.03926085448114761
589620994,0.0022706144166382337,0.013866784073848481,0.004909845851963439,0.004029170567011874,0.00695810377513849,0.9166789766215866,0.01971744774442184,0.02235173951810581,0.009217317431285213
589621600,0.0032396385247923337,0.016543198043170143,0.009639102593449245,0.0055864037580985225,0.006073706267456345,0.8729760624476797,0.03199634943139271,0.027948935688536503,0.02599660324542447
589621801,0.007800374124837508,0.03211096648421914,0.013611539289302659,0.011886760736443592,0.01305071369418343,0.8323075466595822,0.01909881547000492,0.047000458383661764,0.023132825157764835
589621949,0.0018844598965457621,0.012295408714553202,0.005643613643614519,0.0034452509353940903,0.0044007987805831225,0.9110893561946565,0.032122780485181565,0.02122481328289023,0.007893518066581002
589622522,0.0030313469894549896,0.01568669876308719,0.018955369741299077,0.008327836466157885,0.004202497937747711,0.8496860766623822,0.03350104252337881,0.034724854158325366,0.03188427675816683
589626768,0.0023463214671951725,0.012032852701679276,0.007360262029462935,0.0033062044569349717,0.004073523197213357,0.8783565398865993,0.0606853226914619,0.020216348668471797,0.011622624900981279
589626847,0.0024371435742099948,0.010369006766378065,0.0059778787698681,0.0028444043253252533,0.0038482103448040663,0.8755585767311762,0.07077507112708839,0.014902986524575907,0.013286721836574181
589628335,0.004305194729805922,0.012652300736112516,0.02467753409780993,0.0061749979302582305,0.004288104935888521,0.8351209725430185,0.043843287262391624,0.020695768497128956,0.048241839267585795
589628489,0.0028791395553697456,0.004618030210750144,0.004449061813900956,0.002598493638681634,0.0023342915014303036,0.594805698628856,0.36680859321862885,0.010884004399242137,0.010622687033140286
589628550,0.0033112363248126667,0.08288904780878162,0.014373916827081808,0.02083459425929917,0.009047527694032834,0.7253945180709265,0.014912070547306991,0.09614241680385315,0.0330946716639052
589628608,0.0021529459642206754,0.013435235224448519,0.012188956339838655,0.004126635149259984,0.0036096277894370754,0.8605593626381778,0.056344248592023964,0.021892164239716922,0.025690824062876472
589628986,0.004157159832937188,0.005946654030380491,0.009189642472111879,0.002635182729635393,0.0029255443240677145,0.7050417141501553,0.24409286650547318,0.011059793951944797,0.014951442003293982
589630160,0.0023742628116612615,0.024708833891726643,0.00782805382362502,0.0054705325942943275,0.011069259970404307,0.8900894803462436,0.016578478956809084,0.033560020487621293,0.008321077117614485
589633556,0.004572748939404285,0.01037595313422651,0.005221919203607033,0.0076056338687570686,0.006327038519782002,0.9028126844389844,0.02675172455986891,0.01974993871911867,0.01658235861625115
589634160,0.0024161334594638944,0.01073501259408818,0.007807508853516204,0.004700762578800849,0.004897642842826745,0.9241283943445313,0.016969637019749326,0.017209281901010044,0.011135626406013377
589635357,0.002001035096853216,0.013461164142117952,0.007238794128436978,0.004296318905160372,0.004730802564122279,0.8985566504057554,0.03815409229197647,0.019491370749007135,0.012069771716570383
589637307,0.0035499785776031967,0.006614495287141894,0.003970194576085071,0.006045074525815142,0.004696643438877453,0.7601338502333278,0.18960699022287453,0.013205924711080638,0.01217684842719424
589638826,0.002214371766382495,0.01941914449062513,0.01249145083229688,0.008594766290335901,0.011619232960827092,0.8180765509071595,0.017878147883298546,0.10113260691249357,0.008573727956580967
589639462,0.0013925677938035105,0.009935491916400651,0.0055107205671247545,0.0023288332521080187,0.0032290939390279636,0.937228028400499,0.019804496806831873,0.014404649210527917,0.006166118113676374
589639744,0.003972292068374673,0.00749184063116936,0.014732058256456267,0.0035420646038141095,0.0027388101204247122,0.8497096003311773,0.05710297415480648,0.030703685685189046,0.03000667414858814
589641076,0.0015031984029874542,0.0038447705867348456,0.003915155632424089,0.003331478428654732,0.002569721441499346,0.9320495372502681,0.023164369701905323,0.01713007466396443,0.012491693891561548
589642050,0.001795385104841169,0.006145235936245334,0.005400558528046017,0.002746431739612343,0.0027496402491082213,0.9292554554695932,0.023996461037339885,0.017307465863299815,0.010603366071914004
589642482,0.00756712737922139,0.02128910151701026,0.008672848146104984,0.010250298378669165,0.013097363742665718,0.8246465732921844,0.0411386929529705,0.047670414604671495,0.025667579986502084
589643196,0.0025552347394954796,0.003322269399191159,0.0036568396317141626,0.0019652488165916317,0.0020729620350913424,0.8099054692506759,0.1508288055406508,0.012563196853509618,0.013129973733079886
589644881,0.003156542703002538,0.011068686237169424,0.023102645750568893,0.004417100137533688,0.005077852817549372,0.8689978608049067,0.026028058875246295,0.03718043374768771,0.020970818926335337
589645040,0.00253161514477428,0.011870245990438753,0.009862571003320877,0.004173486766105432,0.005513986980595526,0.9133549546467796,0.01605419543041779,0.02269230337106254,0.013946640666505281
589645063,0.7282751955516087,0.008283646787517161,0.009181262776708743,0.011634358874840251,0.008533360410636308,0.17291074059948924,0.024158140365684033,0.016372817955861443,0.020650476677654215
589645210,0.07618256161480562,0.0037485840904805776,0.006217313870450196,0.002934998020153579,0.002827667980546412,0.7156240814723831,0.09046288800451799,0.015033182350939263,0.08696872259572327
589645235,0.0016336760104948991,0.005078038325433408,0.005183802478953867,0.001907291536752401,0.0019979186530899506,0.9224815290366482,0.04073232464600652,0.0111406745573609,0.009844744755260008
589645264,0.0013143574838822393,0.005720713321424688,0.005199863964352878,0.001867259638606487,0.0025310727364765973,0.9443298013726145,0.02121927580668081,0.010569807321818189,0.00724784835414362
589645363,0.0016493559384656712,0.01599553467452896,0.006284338895702609,0.0050656032839764,0.007837230928555436,0.9053584829052119,0.010438889131254436,0.0392917474298632,0.008078816812441289
589645466,0.24691468811178496,0.00644583930267229,0.006966372717201947,0.005785144347763822,0.0068668277303709805,0.6864021197560097,0.012258122656585678,0.013880390082606678,0.014480495295003804
589646466,0.8526832575531317,0.004815529382734898,0.009960363068872834,0.007325251596563881,0.0040855219272570775,0.020241194336131675,0.03295230050848734,0.011944397512078818,0.055992184114741696
589646632,0.8822582690312167,0.004310346794494869,0.007249435354631034,0.013457589799705605,0.003727560106270999,0.028887474544282997,0.016641245976474126,0.010389594064976854,0.03307848432794678
589646688,0.8636719845049712,0.004255769091122641,0.009442719688477623,0.012462921783979418,0.003755701967054126,0.022504427080767993,0.009200231095906154,0.011775302297242857,0.06293094249047806
589646797,0.867779003003513,0.004198592210623846,0.006369145731389026,0.02041314090456979,0.004414075015604602,0.05550480982754394,0.008859990227555558,0.010587730793941543,0.021873512285258724
589646862,0.842274142760249,0.00626841229511501,0.009323452874966578,0.04178957641366581,0.006021422387160253,0.03575601068230505,0.015250504197986493,0.0158815606207793,0.027434917767772453
589648314,0.011570550716741524,0.028011269354408872,0.014089275512386522,0.010832185562654294,0.013427686497300494,0.8476529181300677,0.012280474633323908,0.047642290854595364,0.014493348738521247
589649551,0.87493842254685,0.005255333574888493,0.00992928331174306,0.006135980735103695,0.0041578054452509495,0.02466316133048762,0.01490620783665778,0.012786715700953364,0.04722708951806498
589649953,0.0010720088883958512,0.008347366887340222,0.004794299878569744,0.0022537993920329854,0.002630357241243671,0.943137294541166,0.01869303305005317,0.012274469014465661,0.006797371106732646
589650138,0.003506708483675591,0.048906432645746636,0.3478176656362166,0.040383031996648416,0.0081065066864328,0.262542907778477,0.10678786251077382,0.13606536363285537,0.04588352062917373
589650780,0.009785993300719721,0.0021413301383594327,0.00370773437868964,0.0021129395970082713,0.0014004625785402998,0.01999694466084875,0.9378078303338397,0.006861809784475528,0.01618495522751866
589652247,0.0035704413146699513,0.012015460249211008,0.11621455705025205,0.012704351868717408,0.00415688809788399,0.04851221893205116,0.017757745839614203,0.044819117974834274,0.7402492186727658
589654014,0.0034926161531298756,0.024338877178686765,0.3239036488506202,0.02283181822178838,0.012007129414089473,0.3966985465910785,0.012770741479024765,0.18599515890649196,0.01796146320509007
589654034,0.0028574883164274446,0.08541158935705687,0.03127850130556853,0.08413482151376367,0.020308091911887333,0.3220879703018645,0.008826707203543904,0.43438574131075225,0.010709088779135525
589654154,0.38897264403497933,0.007702566587986131,0.008790498567734705,0.008530427567605272,0.006789313424883413,0.3811844896231702,0.0663182571516245,0.02499426870435934,0.10671753433765714
589654176,0.4611169616316054,0.005259006483283952,0.010336092258350593,0.3595192044119453,0.007545037229262587,0.029351310085632666,0.003986485816594449,0.039490601252883804,0.08339530083044128
589654183,0.5907643407622327,0.006798635610558452,0.011362213138937982,0.13066338494650684,0.008839404918260683,0.03444970554213796,0.00421388813763812,0.049028441283892076,0.1638799856598352
589654280,0.0020162578056288566,0.01931260958749725,0.00702237098042921,0.007126396177165825,0.011438699409088088,0.8905949771126183,0.010710800229866155,0.041818928785934704,0.009958959911771688
589654379,0.0021648983861975485,0.008810453254672881,0.008220844325219235,0.003736237012375657,0.004327318299233446,0.9119078385322161,0.024053456440626345,0.024259689212338807,0.012519264537119983
589654778,0.01433913720393742,0.029892115618088345,0.006267776390076258,0.018361070278741492,0.04071955968129986,0.8131951674503771,0.008244391894716194,0.05784066826571826,0.011140113217045014
589654997,0.003115503658721178,0.34543938010905206,0.01940670200577296,0.3088657319000484,0.010964796964851873,0.16066057846220883,0.04209819454082211,0.09299823958465102,0.0164508727738716
589655191,0.0025168245908336723,0.011239801027721952,0.016097705582584724,0.005740752286344458,0.004081635686916489,0.8970145951462625,0.02016826937774649,0.02904569217587592,0.01409472412571386
589655314,0.0013107217101419977,0.007163461157144668,0.00725144807567465,0.002905880024309839,0.0028555622517314194,0.9354271154791489,0.017012362361564577,0.017446544988576018,0.008626903951708002
589655401,0.0013842908951173754,0.013745172703402506,0.004912966420900023,0.0036161045618699067,0.005694992587494963,0.9290567780879209,0.012081951802933723,0.022763628343154672,0.006744114597206051
589655420,0.004367362262007092,0.07242072122049073,0.00750996330555536,0.012008669750938446,0.023538962486701585,0.8018427989125956,0.013976043996720979,0.05277130247091724,0.011564175594072898
589655704,0.0017399996505616934,0.011411393650942101,0.009370524142357345,0.004111008593256183,0.0035876407257061055,0.9198160762477363,0.01458145118009368,0.027013034410401957,0.008368871398944643
589655845,0.34810419277901095,0.00979224645635477,0.010936384702188807,0.021562249912196404,0.01336704598709423,0.47048170565491987,0.004735147964765711,0.09700518439638267,0.024015842147086606
589655876,0.0024297618198695827,0.006971688094321733,0.0035816378504813936,0.003997732869126848,0.004894334223921156,0.9264962978906573,0.02599523679852976,0.01680180452041802,0.008831505932674085
589655913,0.1449242497594284,0.007936859638978487,0.00891139366414641,0.0091949266182007,0.011439162945430835,0.7661427126710121,0.005131198608867974,0.031934963142140324,0.01438453295179486
589656289,0.7718709732918675,0.030160953406763696,0.009089771537195859,0.007804964842900904,0.00474149485904672,0.03527167911937711,0.08165478889083941,0.015550721897495774,0.043854652154513035
589656347,0.8035577378322951,0.024632462776269407,0.00979766563724471,0.006810292741055962,0.004993166879006098,0.042267152623504264,0.05005636262394318,0.01676438922095988,0.04112076966572128
589656594,0.7877153653200625,0.014157869280136664,0.01024441247105659,0.03643378319159595,0.009649557640147913,0.05473989782241697,0.04827167718746504,0.018035484831132594,0.02075195225598584
589656969,0.0060815603767600404,0.027115475488037336,0.26402150144711584,0.020879006658742483,0.003865084825268185,0.08053574422213727,0.0163016660207035,0.0420980265756858,0.5391019343855494
589656997,0.0015295141854668767,0.016164665913014943,0.005717668124411571,0.0032738348041639826,0.006764206691897736,0.9212124125194854,0.01469240007351468,0.024565545162504837,0.00607975252553989
589657024,0.0011932512882670944,0.010538992759865487,0.0038682569479520025,0.0026936680170640036,0.004461523603005654,0.9401138654762673,0.014946887041976217,0.01587705429291228,0.006306500572689904
589657428,0.0022923600669806313,0.007135975921571833,0.014979462263154752,0.004153205991788108,0.002733225632479057,0.8952237622713083,0.026125587352704698,0.024735241347475703,0.02262117915253705
589658507,0.008746362638163625,0.005883469263191813,0.010966144928403256,0.008610760187235264,0.0028407133091499707,0.42721876549887333,0.021610630734804646,0.025694540897084055,0.48842861254309405
589658589,0.0015650863631914988,0.008616893296986446,0.007306829086595641,0.0030563301130300583,0.003089078761302524,0.936727860727832,0.01701929116881376,0.01496721541218121,0.007651415070066834
589658819,0.015483536201341878,0.01507250732936923,0.01098153982822371,0.015280809951252148,0.012668442954820284,0.648079863473807,0.010941688715363853,0.07105590772277312,0.20043570382304882
589659155,0.00098407302943547,0.004336531832312963,0.002680488599656712,0.0013521398245454213,0.0017492799008969994,0.9500518428593225,0.02672843444971011,0.007497656545922099,0.004619552958197594
589659326,0.4572375135891362,0.0066728651151386304,0.010110414483950256,0.15552853784280024,0.006383511438517435,0.015247359858462909,0.0034407228161830246,0.07305570918682204,0.27232336566898935
589659508,0.7049206146437608,0.005202884616097148,0.011787899488476857,0.05393123203049387,0.005709968099140748,0.05498409163452129,0.006464178591776802,0.02467040041171444,0.13232873048401805
589660168,0.06956980732725916,0.011895529667668858,0.009011531385458335,0.01836256063983549,0.016700587804339105,0.27299737943445584,0.5228899697280773,0.02463742942182932,0.05393520459107659
589660415,0.24924720235475664,0.00541594052785674,0.00610962039778657,0.005802633653278017,0.007134459459746828,0.6917235897288962,0.005071162246719988,0.017344469586902847,0.012150922044056166
589660452,0.004287550966461272,0.009860831710739367,0.01956574502675759,0.05315629967006917,0.005352637411186187,0.06074427136856637,0.008924275182188433,0.09434025013656214,0.7437681385274695
589660696,0.15876410752366257,0.007626228843238505,0.010352745056296478,0.053084071842747126,0.00951927343266713,0.36214677623796676,0.004480558900689614,0.1881017322992003,0.2059245058635315
589660762,0.003673472715054395,0.01079910823249291,0.029274382067145534,0.008908111331714645,0.0041410101265893385,0.8419906996294408,0.022956966813172882,0.044872398891850754,0.033383850192538735
589661376,0.01998509762986667,0.06615590418296281,0.007846779734651053,0.14014307687169808,0.07974328391747854,0.5649071276839143,0.04805622376974081,0.05403061531071779,0.01913189089897
589662414,0.009039215617980262,0.02021836052891521,0.011111405256923395,0.08474972180090234,0.020512594535767408,0.30542100342977874,0.006405712116835688,0.06058568505367571,0.4819563016592213
589662481,0.007637454746804819,0.00564439414823943,0.009303083618145164,0.018441957687907,0.01277371917044135,0.11630883425441244,0.004332502416361529,0.03202384261794929,0.7935342113397388
589662575,0.008476218738736184,0.007115224027946858,0.014236000566128395,0.10133043009352644,0.01435823115693975,0.2126541881730691,0.006084985381146361,0.06396150795572486,0.571783213906782
589662718,0.001771806477199899,0.005450343492572881,0.00297178461501985,0.003662319214377983,0.002813961626834515,0.9288559587456822,0.032539587707534234,0.010774591378382914,0.011159646742395616
589662935,0.19696485233373315,0.006723017061528114,0.007895408377710115,0.00739530251754955,0.0064144036753408205,0.7264449446828493,0.009107063756737335,0.01628026415680525,0.02277474343774638
589664264,0.0015901696368939514,0.0056273757415903555,0.005645175914639852,0.003059298395617171,0.0024683197333113163,0.9171460746441034,0.03409260084510464,0.012336818697607124,0.01803416639113227
589664422,0.0012428807040866198,0.012452769516358746,0.006012682316585422,0.004996435913773028,0.003665539126344696,0.9198131034609109,0.020020076517312597,0.01944171457518742,0.012354797869440414
589664612,0.5436541236814487,0.008977482528636458,0.007831702311714872,0.005158991095671462,0.007747497668504803,0.3524645574005115,0.041185835669643005,0.012924204783836954,0.02005560486003217
589664785,0.810522209855811,0.005157990029961054,0.0063677095377920245,0.04155369905568918,0.006239629081085864,0.013319749593048616,0.0031023928599059917,0.025432149386404753,0.08830447060030155
589665151,0.002020636677843764,0.02538949193230335,0.011750811192905249,0.005094120909838825,0.009284575550021842,0.8959123699805973,0.01541026980313161,0.02682823863627477,0.008309485317083292
589665712,0.0016958321812358698,0.010577338787016026,0.005244893240406951,0.0033545212611085745,0.005682769016820701,0.916830331015748,0.02830157089446048,0.02182269161051312,0.006490051992690271
589665871,0.001104703305677426,0.01106055295415043,0.004579550878501815,0.00200702805546062,0.003489884241198288,0.9416247800811509,0.017332101032801646,0.013244446979462492,0.005556952471596381
589665881,0.0026968575533247423,0.011105745322744777,0.009045310027965643,0.006964887298396358,0.0031191548758667245,0.8530009700053223,0.04249109250194931,0.026416359964736007,0.04515962244969411
589665931,0.004397986606913659,0.017885792069762804,0.0059800823384938495,0.009853904897300318,0.02546737663374202,0.8758064194551425,0.008638698634172513,0.03682032314600714,0.015149416218465153
589666035,0.001338141036404631,0.01539486514924867,0.006845820107430757,0.0029441992571932318,0.004715166075720782,0.9289803729896408,0.014657703506067614,0.01789711932660205,0.007226612551691516
589666037,0.0016850349822248793,0.020341504580776475,0.010292148772658778,0.00405360415932783,0.0064116774036684174,0.9093930244787071,0.014579162354384162,0.02518044317411727,0.008063400094135151
589666050,0.0025414963014056048,0.008487159834098,0.007991057226919937,0.003851720179112659,0.004647256374228648,0.9147961463426822,0.018834896831926143,0.03079195023029202,0.0080583166793348
589667016,0.007179608156223465,0.015471512010474876,0.023049381462846904,0.00787355202373309,0.006107006934325099,0.844924074717349,0.019893302690214155,0.04860166418716328,0.026899897817670056
589667061,0.0019298821999305029,0.006096104524759254,0.005773091840921336,0.0025621687335051616,0.00245550063830288,0.8378361960060307,0.10727999960974252,0.01334847669721912,0.022718579749588595
589667121,0.0019608448225608807,0.013938425114296963,0.010082146493437699,0.004525218380214161,0.0054948238232147345,0.9025865558596322,0.014454491485380703,0.03570976187209671,0.011247732149165923
589667280,0.002271228250326036,0.011489724880873922,0.006099319316602513,0.006268912682920678,0.006192295354503353,0.9059151902601906,0.01672186448956559,0.0350718753763525,0.009969589388664797
589668178,0.0016062795712460751,0.01359373029316352,0.007740972671595068,0.0031633288689393883,0.006020466789604171,0.9202228299281356,0.01672481306809829,0.023928554209388535,0.006999024599829262
589669967,0.0011534922701405298,0.004409589479474928,0.0031513343694718203,0.001602095920201958,0.002377413723670593,0.9224418014878697,0.04966639277811742,0.009703633272613678,0.005494246698439378
589670413,0.0024941956799115522,0.015786774239436998,0.009183694034724015,0.00685503134824499,0.009495702014937806,0.894956653465635,0.009638077070944837,0.040272247529812254,0.011317624616352504
589670559,0.0037977363840678044,0.011986313816812871,0.021464727459378642,0.006546958137408187,0.006583229503825285,0.8728446460270392,0.0233497769479346,0.035706258968374184,0.017720352755159242
589671370,0.002119598882954047,0.004900344539177636,0.002944316828076905,0.002383101829301208,0.0031601343655837176,0.9086098674409313,0.05889780076918812,0.010188429769980054,0.006796405574807117
589672410,0.004766385695783647,0.012245502812776187,0.08382106485116277,0.010036426334268362,0.003088937589377091,0.3023751181038481,0.030212395307558274,0.04922325718221797,0.5042309121230075
589672725,0.0013064793414080777,0.006989743964666495,0.004502282408101388,0.0022263500061205834,0.0034327988722733403,0.9442559929537944,0.015501039184936569,0.014185042545158582,0.007600270723540658
589673081,0.2180597672006251,0.005621399186271938,0.007527452314937131,0.008088685192116992,0.008424514951075686,0.6728291284392923,0.004454097376406228,0.061261403517871155,0.01373355182140344
589673223,0.555119918734174,0.00606185904223365,0.005735796847020959,0.005782489604382263,0.005597835365216561,0.3337490913602083,0.013521166394194829,0.015500317987378814,0.05893152466519053
589673447,0.2655648283439969,0.0089662047637795,0.00740423405113613,0.011547350115710939,0.01272989954970502,0.5718613066354763,0.007798995253307839,0.07424845214764586,0.03987872913924145
589673567,0.7670638791260767,0.008267145428814284,0.010911402543421631,0.01903428764798917,0.007083610878502613,0.03267245222317812,0.0055135424184628795,0.026396941646201596,0.12305673808735304
589673733,0.7230126692958335,0.00484222521754822,0.007870998171161622,0.11569800633397001,0.00669060316361736,0.009880086526103546,0.0028752064500837103,0.022391082389197667,0.10673912245248439
589674007,0.27006456114676514,0.008025756036335882,0.00988921159729066,0.007335086772445337,0.006061489435062149,0.0661647584276134,0.5517314466806903,0.02158632130509975,0.0591413685986972
589675810,0.001415960833995825,0.006597858796144979,0.0037230235641334732,0.0019347246176626108,0.0028129715241890564,0.9394541650516959,0.02927438352389954,0.00899355444270793,0.005793357645570773
589676011,0.005169153510673293,0.08589217625155462,0.018560309276886545,0.03608401961498768,0.08744721319762531,0.16270660945473575,0.006002365083471953,0.5879826940700978,0.01015545953996705
589676630,0.01133393113376819,0.0036409730721255634,0.008324521388802492,0.01792009208448543,0.002544175505015631,0.017820489350287915,0.008059238795112654,0.02897044852717775,0.9013861301432244
589676857,0.011351941449940478,0.0072119822049230165,0.012592383387701642,0.09709359976582746,0.005732820418150941,0.03390621218812527,0.0088477955380374,0.07554166886328872,0.747721596184005
589676979,0.00867878690159432,0.008632612209202972,0.01065497292386266,0.09676039108058014,0.003952202000027751,0.10412222246991529,0.010605203627443284,0.05751404450839753,0.6990795642789761
589679195,0.6751166150424813,0.005758765439764978,0.0060049975623642105,0.004964819702740314,0.005205073117517897,0.22301996676960834,0.05851727448884397,0.008843954944042099,0.012568532932636817
589679886,0.010456021899467236,0.011998368999939557,0.012352436448031686,0.09399855473809447,0.006225939360871075,0.17422331020027831,0.013475944603288133,0.06935361737332155,0.607915806376708
589679904,0.0038383633581540438,0.0040537740259881105,0.01424299413048443,0.0029050946195165713,0.002161461289708961,0.5494692049951682,0.2693683167373509,0.011791936154301345,0.14216885468932738
589680591,0.0035022069961649673,0.00834699600237548,0.021352038151588953,0.010301002081480843,0.0027813255316906727,0.02262272442809777,0.014207138079068796,0.027547830882458595,0.8893387378470737
589681462,0.003938649192846376,0.006196634027286552,0.009635325630439248,0.005919035178462174,0.002539893619436635,0.2761718758109265,0.14846361508052158,0.016917582599978442,0.5302173888601024
589682555,0.013085425422240417,0.011665710576605218,0.023540037608706085,0.03599092105086332,0.01419361501123857,0.6809007118617743,0.007642925722708843,0.17143861118957388,0.041542041556289426
589682867,0.001505824320205263,0.006726654369174423,0.003919227949649734,0.002238152222494529,0.0032232431051928126,0.9243495227661418,0.03980606117492699,0.011272508582122793,0.006958805510091688
589684413,0.0009950105832021727,0.008548454266682765,0.0035372493113135397,0.0020710703945824595,0.0026983193969424293,0.9476520830870971,0.018093658646909528,0.009995784140890316,0.006408370172379563
589684827,0.000755523567272981,0.0033692085630727393,0.0015518890762684023,0.0008400657805482083,0.0011121847446532826,0.7729666797606802,0.20839619496456507,0.004814202773367433,0.006194050769571619
589684864,0.001200838344783939,0.006644951918187417,0.008400649222619372,0.0020333635123639467,0.0018934255584624516,0.9199026495684406,0.027813889252611055,0.018991221939768467,0.01311901068276273
589685081,0.7116554472985529,0.007203416958487435,0.005403390895752231,0.003420273225448711,0.004265490812919392,0.17866262309770864,0.06818944960949985,0.008808297713579867,0.012391610388050858
589685100,0.8260430792233819,0.003970319829907471,0.0054933714127314735,0.04101047575058536,0.0049887567171736725,0.009320697531326052,0.0034309645031433585,0.036103740953474794,0.06963859407827583
589685160,0.7613920923267798,0.003854593070589366,0.006261270549510449,0.01073263041044133,0.0039431365845816945,0.016940430817089035,0.011850745884567212,0.0185255457170224,0.16649955463941862
589688360,0.007950915614246771,0.05631952532569878,0.011976046390429566,0.4821636075691923,0.011450022973921578,0.14317739463386092,0.015451622412336882,0.2205092420903898,0.05100162298992336
589688604,0.008270970895771283,0.002795421792766026,0.00799504973520238,0.0033146157370259046,0.001448677923303781,0.018771371979330702,0.05161155342572358,0.012567296759872709,0.8932250417510036
589688616,0.006676551316031458,0.0026982147666934127,0.0070942368333903535,0.005625991113037471,0.001616027538281075,0.021335192276475946,0.017266395812037528,0.01695171049308806,0.9207356798509647
589688722,0.00310457323582607,0.0018720931955903662,0.0038861702533954184,0.0015113145924875607,0.0007687923082594307,0.012717648925161626,0.8458134748072046,0.004991401461402219,0.1253345312206726
589688801,0.004105863322977084,0.006816270754419467,0.01965887275790497,0.009817474748122142,0.001869714136105754,0.026175661158512407,0.02475996006159661,0.02178956570859435,0.8850066173517672
589689732,0.0013546711847611153,0.017860084079403617,0.0049417237148607065,0.003674280562174279,0.007045533822551202,0.914084898393629,0.017117288191285097,0.025934063094802565,0.007987456956532408
589689931,0.0011831246386763536,0.004316205236701719,0.001841390438393113,0.0017031298885611908,0.0022390846967701925,0.8931828038210853,0.08400773324794052,0.0067550257082859355,0.004771502323585773
589690006,0.0008751387554163546,0.007137042498256992,0.004161699447729928,0.0016512715059713514,0.0020414610973158507,0.9521658661649596,0.01668550366473258,0.009959383677586463,0.005322633188030852
589690188,0.0011849118432907496,0.018932753228133013,0.00515657059077125,0.0070093408304531465,0.0064333903189014285,0.9048291356225857,0.014343334232326132,0.03043921754792853,0.011671345785610035
589690306,0.002508219102835457,0.01080468179169886,0.01806480901583802,0.0038913104632455524,0.0039503333463954335,0.8747638987879095,0.04031331277505617,0.019558222452980296,0.026145212264040707
589690787,0.001186462416297523,0.009886415762872308,0.003497357418938842,0.0029376800594005012,0.004143017324045828,0.9279875686377445,0.02898397800734383,0.01518933539135718,0.0061881849819995435
589693943,0.0012967789909238178,0.008050235413295415,0.003262964599290827,0.004467767089821912,0.0024913605810932375,0.9202468287039838,0.027505801985715915,0.017689903932631066,0.014988358703243925
589694191,0.0035375774257969212,0.012810538870420043,0.1553633894701298,0.016118464378400435,0.0030609376223867954,0.4828342499569267,0.011547091912213842,0.05975613155906751,0.25497161880465796
589694200,0.003143264675106683,0.01174184357613742,0.02398745653449719,0.08388233183595221,0.004638329867355853,0.06737489100196038,0.008425153856329373,0.10884518751426284,0.687961541138398
589694392,0.7630044363097618,0.009070502806278816,0.008657957828596895,0.007001095279058697,0.008292736378787397,0.051699521169427554,0.08139188108484116,0.019224294246544316,0.051657574896703404
589696112,0.005030643691276298,0.015019062453224446,0.010099293463123441,0.009904390054092922,0.010715014480443704,0.4963292174017598,0.034345412879193064,0.19906106497335613,0.21949590060353025
589696361,0.0015020966028512852,0.005950585908819932,0.002346137671432203,0.0021826755148053535,0.0028088026071916125,0.908216129295073,0.06042834227628068,0.009703011940034983,0.006862218183511019
589696723,0.07636506135132436,0.08391424323705031,0.03020415702417057,0.5092885228585106,0.016389422134093914,0.012834018029305063,0.004983186007746551,0.05968399420246327,0.20633739515533536
589697175,0.004190600156822523,0.06374465614215934,0.013038108044524037,0.7135696812995291,0.008615875439738713,0.043926938155951695,0.009840499218930269,0.06825821112637313,0.07481543041597119
589697302,0.0034182416971096936,0.023018407778976235,0.03598268784904502,0.23930133679474952,0.006342497126743891,0.30344149253526437,0.05345963023713807,0.12562401267810577,0.2094116933028674
589697529,0.0026984095953974684,0.13282556107553256,0.025593485853516902,0.4906067075550019,0.00808948107520999,0.10084025381874076,0.1276485249202052,0.08515250744723701,0.026545068659158143
589697812,0.009352933503504617,0.20716984322571275,0.2528784824820711,0.11600804211135955,0.006201162144855906,0.045791091337679744,0.021633510520245616,0.18106716623912594,0.15989776843544481
589697922,0.004929500887360475,0.010002169282876608,0.004153954791544694,0.004493109364588384,0.006412038043430798,0.8730602621926348,0.0619407261906608,0.021825215507337677,0.013183023739565711
589700941,0.0011189011674804514,0.01875029953104432,0.007771318232011288,0.003737921424764399,0.003463032196887807,0.891319900602195,0.036363092129922024,0.023480870321828436,0.013994664393866095
589701301,0.0012043432703842708,0.007482159002277123,0.004736671431375743,0.0030321242736514355,0.002664744552113301,0.9291824235089877,0.021085989032141105,0.022033071032533148,0.008578473896536107
589701406,0.00722541339658736,0.006621039763942054,0.01870756799908584,0.030582356388179372,0.005699070555355438,0.11920651902073687,0.007997061033326943,0.06242702827985242,0.7415339435629338
589701442,0.0018887516581662424,0.014236793891397065,0.026609910132282682,0.004952774026270809,0.004169873972242619,0.861350820461559,0.031397288778734586,0.028905900034607343,0.026487887044739672
589704957,0.005699967306841569,0.008895314956638336,0.127245428216045,0.0980795843602625,0.003390139914253767,0.013336356462505122,0.010548457206306027,0.056422642278416785,0.6763821092987309
589705018,0.004190478767228406,0.013760321973466707,0.276722249808391,0.0426680595063329,0.003954984605379938,0.02259415692146232,0.017874818782086663,0.1077334773086903,0.5105014523269618
589705042,0.0020870474913762638,0.002975343188317549,0.004168297680233072,0.0017020256630998433,0.0008778247921795578,0.02337661733888581,0.6697687319795713,0.005239673010726938,0.2898044388556097
589705510,0.001614056255053349,0.01500226878845764,0.016224132467725673,0.0062312058209671485,0.004039221548748625,0.8364973102987487,0.03836508377449951,0.03509298714241222,0.04693373390338712
589705898,0.0024652304794237,0.013390707961980998,0.07185878768305905,0.00828013647798702,0.0026651404179262725,0.7047328371256701,0.03398629784112119,0.03263378611271721,0.12998707590011438
589706024,0.001465347847068572,0.006348958800334987,0.010599686783000795,0.0026941991012560925,0.0016021978706308136,0.869937533767694,0.04730290762094142,0.010703367083646931,0.049345801125426365
589706264,0.0014827220082594746,0.004613208237499151,0.003122324412437358,0.0016920960809436978,0.0017584546052974662,0.8877032906102055,0.07999346339276096,0.01111243153867339,0.00852200911392306
589706502,0.0010481237616113577,0.00762898559067431,0.005500523596188515,0.002185595782782763,0.002144489966489369,0.9432097548835946,0.01764549882128525,0.01184161758560351,0.008795410011770245
589706644,0.0008989749649437518,0.008586239725269765,0.002767867788801856,0.002171621845745379,0.002978504634778951,0.9390411212506701,0.025582264320854198,0.01140167340650895,0.006571732062427136
589706707,0.0025772792330115107,0.006605999837945746,0.009326654335563582,0.0026153052256551903,0.002333914589576039,0.9005681737414635,0.0426043918966553,0.00946832123812692,0.023899959902002162
589707916,0.4081163997289332,0.0037074127660507317,0.007102814232291577,0.01822851122222122,0.0037416576283203417,0.02185586829888995,0.012514355339258544,0.018064151111858537,0.5066688296721759
589708408,0.0027627022834035143,0.0054510671178392405,0.0030772751580414614,0.0023849706872583675,0.002567055783863671,0.9264530316037806,0.03357260303475045,0.012079235991150225,0.011652058339912428
589708651,0.0019453841469968048,0.003870602415278855,0.0042005810328907935,0.0014920607665465503,0.00198752244094875,0.7880956326051445,0.1843533588533339,0.005336583644589956,0.00871827409426998
589708749,0.0027472276497482666,0.015630266660657498,0.0179057661443308,0.005961097665035319,0.004255864512103929,0.8778981075465566,0.022022502176862947,0.03178061609217689,0.02179855155252772
589709256,0.003474261870620605,0.03542855961189516,0.024771892696240454,0.8355515441186088,0.007083846179191681,0.021184742599137347,0.009150315337779519,0.03672462890482763,0.026630208681698728
589709407,0.005178909121464853,0.015959027630523197,0.5291192574224256,0.18888009411476342,0.005335423924358224,0.02468535721531666,0.02483577512245643,0.0654406686689699,0.14056548677972164
589709560,0.01280948892893857,0.0029126106468637864,0.007131063942133504,0.0038421300001166493,0.0017977128299559487,0.03812209605235283,0.06890357264236008,0.010598331642259502,0.8538829933150192
589709628,0.013459829800656237,0.002261749479695505,0.004664074902447127,0.006877424009891841,0.0017527256435437835,0.02108215132557883,0.025722607495365257,0.014105892735201284,0.91007354460762
589711120,0.047610121515715545,0.002403540153622439,0.006094761592932186,0.005303333960250235,0.0018216485607632628,0.019688086440099867,0.051176952587230415,0.009745537174401788,0.8561560180149843
589711142,0.010410362876207701,0.0020834770320689185,0.004866579441532305,0.0035253312110492493,0.001332444223670351,0.01776337213188453,0.053307238182008845,0.008541464687490216,0.8981697302140879
589711313,0.003396673676925314,0.0016922960058336502,0.002640776853280852,0.0012570124912862867,0.0008091610136795353,0.0182069915808228,0.939699364560753,0.004103605212729556,0.0281941186046891
589711439,0.04122557510847541,0.0037497883315720792,0.00811711617643142,0.006579005073624898,0.0027414444503293394,0.024877624557689684,0.7301398619627923,0.015381503418290508,0.16718808092079418
589711493,0.004681427205278825,0.003156071790788153,0.006922745859599056,0.006566264859336036,0.0014106143808357795,0.03187062940408791,0.026666330558329704,0.015019637392871495,0.903706278548873
589711515,0.006574056333344796,0.004756677484092704,0.005497629836806956,0.009327004517610843,0.002917994088901231,0.7396159500525197,0.022667987272397657,0.02104298292044371,0.18759971749388235
589711963,0.0028513609414090916,0.013241564880505242,0.014365270789398255,0.006434488345589401,0.00455815787050456,0.8968428484818587,0.018452162754564842,0.023143068078807467,0.020111077857362457
589712145,0.0020721246584001875,0.010211126163515456,0.015495656377977441,0.009363490222892248,0.002452450309686152,0.37644870648192236,0.04935109511913672,0.025396190840743845,0.5092091598257256
589712387,0.002340505013139552,0.0034185109074988964,0.009407820357919193,0.0028628950174305295,0.0012713204505939025,0.029740212916229945,0.2284301498414377,0.007399154511386193,0.7151294309843641
589712456,0.0015745319812073488,0.009334423921133785,0.008478879825140817,0.004989374095107839,0.0018944428259415685,0.47288894139017085,0.0654876057802839,0.013041796641501617,0.42231000353951226
589712514,0.002682594263298713,0.0050248223074588405,0.016556499124234087,0.003586448123162278,0.0015507743392040021,0.042950923844715425,0.09542837112604399,0.009155929678220714,0.8230636371936619
589714985,0.0012051939338783622,0.012269213099274997,0.004781931443115318,0.004455027319621015,0.002867690425874415,0.8712086227736118,0.06644589130216473,0.015851980832725675,0.020914448869733725
589715234,0.009434538841973315,0.009178544833202913,0.00765966136058051,0.005531018104247794,0.004792023886081214,0.8836077010936974,0.01949553217748454,0.019035878717632352,0.04126510098510007
589715303,0.0029681966571968267,0.046082136439725016,0.007801733862476084,0.007942915244809072,0.030241809720829783,0.849232699648703,0.011365734370369461,0.029049460443946764,0.01531531361194399
589715632,0.001488799970105638,0.008851080687417264,0.0043917987670870524,0.004092457166508673,0.004299400508757004,0.9370182290268132,0.01223922663360524,0.01461707981902386,0.01300192742068222
589717387,0.007458633540594438,0.0027603663122547735,0.0065134688114246485,0.006498512083340077,0.0015683081679887896,0.015982309635197027,0.01714846051889513,0.0149755487631896,0.9270943921671155
589717441,0.004262479846358329,0.006460481231660775,0.012943195780083391,0.03950326387015383,0.0027838320643152658,0.0166008397990106,0.007760446498034936,0.03228923836096748,0.8773962225494154
589717612,0.04477894562238322,0.008200054305905214,0.008074891237380913,0.03591522772933456,0.010288255339560352,0.020296352425122347,0.004805745209877276,0.04378927529715669,0.8238512528332794
589717921,0.0031134212533949226,0.293391397110562,0.45245711592478366,0.09363628374381702,0.011948882039552194,0.0582565620468567,0.01755030759567104,0.045494885486688466,0.02415114479867398
589719256,0.001823837777154795,0.0045182921011462564,0.004687297145300294,0.0016907170689821952,0.0020775430881872646,0.9172416676721789,0.046169999477034034,0.0075111225555397005,0.014279523114476543
589719299,0.0032820311208853277,0.01004488115524026,0.011053243104843067,0.004141626238591502,0.004243304528836872,0.9074056941182203,0.01845201625022047,0.01993208634506673,0.02144511713809548
589719695,0.29193346282888955,0.011295685028530112,0.007397857588408769,0.004184467070273292,0.01331553975671806,0.28527696652729084,0.350449387102862,0.01113625838774533,0.025010375709282114
589719855,0.46233132293001467,0.007919940696735345,0.005823597883907268,0.31407602279881885,0.014786520050555127,0.034712913408101835,0.005657712824062939,0.1265504914482969,0.028141477959507024
589719875,0.6506704891783782,0.0062440004367064796,0.00600114643809587,0.17961121805876473,0.010236150681593493,0.08382687432744862,0.0046840993223005965,0.038350614890871534,0.02037540666584042
589720121,0.008968170984997161,0.008496442404797676,0.011919811428572014,0.005289672758621583,0.005317410148371763,0.8268791247443247,0.023460619458822475,0.025421318112846827,0.08424742995864584
589720220,0.0022618396339310278,0.006843383976799081,0.005223770966423132,0.0035111911144980524,0.0029907839198616225,0.9249716651422508,0.01773643257690288,0.015598608952605833,0.0208623237167275
589720232,0.2182894876452363,0.010672241909651516,0.005201936651380052,0.013984125132810804,0.015504644662832358,0.6819294306211072,0.010907918566857206,0.030711073667600043,0.012799141142524516
589720263,0.001017546768290592,0.00823514437502384,0.005492337744215241,0.0023755284045856562,0.0027337766465134966,0.9450806701682064,0.018180277332024958,0.009636745050957391,0.0072479735101824245
589720415,0.5157714077862452,0.006400642464254445,0.00922212995148108,0.09414128977201447,0.010360271545293504,0.24480827989267678,0.005173680205482847,0.07698398060322661,0.03713831777932507
589720507,0.537818502156724,0.005529278500621034,0.006503789820882304,0.015725515187933994,0.007855701643807467,0.36660727716971897,0.005731501201526374,0.026518283300465375,0.027710151018320382
589720532,0.7490333484000731,0.006096107231240341,0.004930723875733797,0.00321847738349393,0.004704440899130056,0.18410760260308962,0.015292224402002154,0.009824237464501919,0.022792837740735143
589720592,0.033087591454267665,0.004478126986324012,0.009187144913690957,0.022035545125924382,0.0040478143188885695,0.7409451978391417,0.012257545199329783,0.07023129227232779,0.10372974189010531
589720619,0.6859283239328471,0.006121952781820579,0.005335359341668518,0.013378085820746033,0.00933661468922569,0.21662731223342033,0.006636987553131531,0.03472426024604272,0.021911103401097455
589721255,0.00062394259673963,0.005010200724400305,0.00225563114209252,0.0011038399550151493,0.0016511790218306727,0.95073907263832,0.02562243587758631,0.006010076504192616,0.006983621539822863
589722187,0.0008286873257078795,0.00612404509553097,0.0018829125573923927,0.001519091581396167,0.0025326082756493965,0.9482027342105608,0.025117403445882557,0.008471921625284679,0.005320595882595232
589722624,0.0029555299706524227,0.018419077848856418,0.03665329421851699,0.7781320166108233,0.007369333465911427,0.01993270055923583,0.007388082895322501,0.04909504988462156,0.0800549145460595
589722707,0.004100259963555609,0.03280562434780729,0.3948626674641036,0.43040682212801096,0.008874712789332077,0.04235833169326115,0.01102529712707389,0.03967394199888104,0.035892342487974474
589724520,0.0006369134930272667,0.005528798586807795,0.0018906892840168225,0.001395823095873289,0.0015953640857255774,0.9489576288500496,0.026551227306580983,0.006743646153912745,0.006699909144005817
589725904,0.00172874089470591,0.009545769935367444,0.006923884998162911,0.0037748166072085476,0.0040685443334410555,0.9232108148013213,0.019528982855357733,0.01768418993862812,0.013534255635807074
589726148,0.0010919145312053224,0.014633826319453204,0.00337209832517878,0.0032278961715770677,0.0049143755030992735,0.9313679837547382,0.020221052194126315,0.013700443553855836,0.007470409646766016
589726215,0.0035027466982266386,0.007121387603198162,0.011971170592950914,0.0038415409679679953,0.003420811090872386,0.8845174008295631,0.04603773818257123,0.011169679871497617,0.02841752416315202
589726486,0.4518838841329621,0.007862456626510108,0.005130126908402267,0.004300341297935429,0.008904122030686452,0.26800924969174017,0.2370710455551615,0.007572383031476682,0.009266390725125292
589726620,0.7183038156044403,0.00679997735091138,0.008135841446509052,0.003745605825096896,0.005356712156220603,0.18998748226832618,0.021835496812993082,0.010661628645850985,0.035173439889651575
589726946,0.002101206954215197,0.011747687293867392,0.009188348230607591,0.004980146337682301,0.00510814814051421,0.9070892457837774,0.020538938366286973,0.017923141281821403,0.02132313761122753
589728262,0.0025916858532486708,0.009778239971665631,0.003057636406982285,0.00447870258101567,0.006282900775148951,0.9222361171230016,0.025866671797363086,0.01767737805196045,0.008030667439613576
589728314,0.0011094416427420563,0.03812083265605529,0.0064743054856988445,0.0054752012621663865,0.0037683887028241722,0.7717427689643628,0.12343405353304135,0.014897387360301188,0.03497762039280797
589728978,0.0025200918051219885,0.01097620839336366,0.00401212843136482,0.008975990941189877,0.005280588812062653,0.902947161141334,0.029916009633358154,0.015573871224144513,0.01979794961806033
589729079,0.0014301716198650673,0.0035981343722520697,0.003319619463569288,0.0013116173084088863,0.0013017953199965671,0.7056833592077668,0.26457234509794797,0.007968949956872801,0.010814007653320471
589729207,0.001729956924513079,0.011066338931513568,0.015867788399221473,0.006041761022807508,0.004361238443994702,0.8698664882223086,0.04817313017528105,0.022555656891582905,0.020337640988777158
589729216,0.0006970541559488259,0.007103466125271403,0.002121903764880921,0.0012926082797028865,0.0021621342509710786,0.9514205552762662,0.022640647331040816,0.00744370409284694,0.005117926723070844
589729255,0.0044137178934855,0.027102235729815388,0.2894424744986188,0.49460885327946874,0.013243344919616063,0.06410933974489122,0.013583580554442967,0.07310800644245247,0.020388446937208874
589729267,0.0007026679896011752,0.007516120624151713,0.0023962096063126297,0.0017490972306258518,0.0020572134650820623,0.9420745641045052,0.03010373976633548,0.007259302884089835,0.006141084329296011
589729478,0.015754455764640633,0.015861232005492325,0.010336112585115152,0.006973103532668121,0.007776122773173211,0.6495156052860613,0.2145934213597958,0.01961008309973878,0.05957986359331469
589729588,0.0040314469825346875,0.046035121070655785,0.005838155740571989,0.012436912467800407,0.04993062647305781,0.8242723645816954,0.007423895512691632,0.04049057184062448,0.009540905330367904
589729893,0.0012235475380368162,0.0025522989905105297,0.002128613021734027,0.0012584445638898348,0.0007802061591323548,0.4062248344937951,0.5620851233065822,0.00309266873654907,0.020654263189770254
589730251,0.018629446342200862,0.0017721749539824077,0.0034813579173769227,0.002266630502709965,0.0012066556463074406,0.009540409405870661,0.40526721167331997,0.007517154664019909,0.5503189588942118
589730431,0.0023452862933956127,0.001392889579744153,0.0025564099258506717,0.0013695760136151727,0.0006999775660427214,0.01526395315057504,0.6097398728138882,0.004229062639041831,0.3624029720178466
589730593,0.0015353381868930677,0.002840011158962279,0.0028498604963972407,0.001165900796022699,0.001044765925172019,0.6666931805215661,0.31066641088710156,0.004230451028030746,0.008974080999854347
589731302,0.002424560252441872,0.029235039071056155,0.01483397586411794,0.1060196539355755,0.0048029204132437435,0.2742822584488699,0.024270725955095215,0.046219314611386036,0.49791155144821375
589732668,0.004750818737790274,0.001195036883745783,0.0017410289500068147,0.0009294317310972314,0.000699111101368075,0.03526006084650505,0.9389801066837087,0.0029508162483886467,0.013493588817389433
589733071,0.0014102759106374991,0.004439239826728295,0.00777821116789706,0.0022521595161249593,0.0014076205253087553,0.8209898575649495,0.08072292403511679,0.008355085427360324,0.07264462602587693
589733106,0.0010276549486081905,0.005463600133991586,0.0030187810912067916,0.001561175610810606,0.0017341347808873904,0.9516105765480383,0.01820426971630207,0.009577538469770927,0.007802268700384066
589733262,0.003049716597578719,0.007395306244279233,0.004504431420129211,0.010295042600599125,0.004289708029208136,0.7216930190552737,0.03367166103980543,0.017372118148061177,0.19772899686506526
589733357,0.0041246721738761325,0.009436975741334435,0.009215620348164888,0.004813051185388448,0.0042055783199927916,0.8949625216209225,0.016951496464906842,0.02598955481403249,0.030300529331381363
589733365,0.0018957998773035797,0.006101287794240182,0.006970186688599494,0.001962604635090004,0.002352593663256897,0.915732504525601,0.035523084596834224,0.011554268705229218,0.017907669513845575
589733384,0.009395599906283279,0.00837900150595652,0.006261351681174357,0.008116001675058278,0.006463134148374757,0.8781513296668086,0.019853653226998627,0.03936201899606549,0.024017909193279903
589733455,0.002875675083213682,0.017823495636291993,0.16591853951894692,0.6184239039866906,0.011427326566584512,0.047017637116098736,0.017538845395013644,0.1016288037449174,0.017345772952242548
589733506,0.003950648977728872,0.021888279382782903,0.2384404082514489,0.3970613717994901,0.01020342683223267,0.1307221321406966,0.10117047475893864,0.07269522475717663,0.023868033099504686
589733753,0.001850973867177516,0.008388533840367482,0.011350948162897872,0.004254959074385158,0.003063041639646076,0.91754113466141,0.01885325542656819,0.016028777740955444,0.018668375586592206
589733914,0.0008628913469413356,0.012010280576079495,0.003908225649685627,0.0021751644622676194,0.0040221676254358855,0.9442085879567488,0.014058213702580615,0.012735448082983145,0.006019020597277539
589734589,0.0026585340622016303,0.008811717652084569,0.011588698731251094,0.003888180132416011,0.00408478203864336,0.910936773703839,0.023851088142555557,0.014048877754331843,0.020131347782677052
589734601,0.008366718407396199,0.030451699024209803,0.007999055341445389,0.009591484551963486,0.029530553893714773,0.8587736473212548,0.009244803830345935,0.03517834196912353,0.01086369566054597
589735157,0.0016169093502609057,0.01743878063296558,0.008012540091597263,0.005761109500491703,0.005122847613904021,0.8569952602742432,0.028464833132260763,0.02492904096553337,0.051658678438743263
589735318,0.0016470557161205703,0.008807786444510376,0.003490620572324488,0.0032406737940346188,0.0030179171795910744,0.8927105217713879,0.037952992683763564,0.015783864621983362,0.033348567216284125
589735967,0.008319310235747107,0.03667557259101719,0.0046467022066629,0.005120116480477561,0.03845249907611065,0.8416681205365741,0.02196708884236842,0.025656508663409,0.01749408136763294
